Epoch, Train Loss, Valid Loss, Test Loss
1, 0.425762, 0.542070, 0.543719
2, 0.368009, 0.475942, 0.478251
3, 0.323503, 0.418161, 0.421257
4, 0.289865, 0.369915, 0.373533
5, 0.264240, 0.331387, 0.335567
6, 0.243971, 0.306577, 0.310846
7, 0.229898, 0.286114, 0.290387
8, 0.217075, 0.268279, 0.272461
9, 0.204625, 0.250721, 0.254536
10, 0.191543, 0.233612, 0.237073
11, 0.178353, 0.217130, 0.220247
12, 0.165218, 0.201282, 0.204016
13, 0.152301, 0.186676, 0.189058
14, 0.140241, 0.172878, 0.174978
15, 0.129028, 0.159477, 0.161346
16, 0.118417, 0.146616, 0.148293
17, 0.108431, 0.134173, 0.135686
18, 0.098940, 0.121951, 0.123323
19, 0.089785, 0.109963, 0.111223
20, 0.080947, 0.098378, 0.099552
21, 0.072514, 0.087415, 0.088518
22, 0.064588, 0.077280, 0.078316
23, 0.057249, 0.068132, 0.069099
24, 0.050584, 0.060010, 0.060902
25, 0.044638, 0.052841, 0.053657
26, 0.039381, 0.046548, 0.047296
27, 0.034746, 0.041056, 0.041746
28, 0.030679, 0.036302, 0.036939
29, 0.027130, 0.032166, 0.032756
30, 0.024030, 0.028495, 0.029042
31, 0.021323, 0.025219, 0.025728
32, 0.018900, 0.022334, 0.022808
33, 0.016810, 0.019851, 0.020292
34, 0.014986, 0.017728, 0.018139
35, 0.013425, 0.015921, 0.016306
36, 0.012099, 0.014379, 0.014742
37, 0.010967, 0.013072, 0.013419
38, 0.010015, 0.011959, 0.012292
39, 0.009201, 0.011001, 0.011321
40, 0.008491, 0.010160, 0.010469
41, 0.007861, 0.009398, 0.009697
42, 0.007312, 0.008682, 0.008972
43, 0.006797, 0.008039, 0.008317
44, 0.006341, 0.007465, 0.007732
45, 0.005930, 0.006953, 0.007210
46, 0.005558, 0.006494, 0.006741
47, 0.005236, 0.006076, 0.006316
48, 0.004945, 0.005704, 0.005938
49, 0.004693, 0.005381, 0.005609
50, 0.004471, 0.005107, 0.005329
51, 0.004278, 0.004876, 0.005090
52, 0.004102, 0.004670, 0.004876
53, 0.003940, 0.004482, 0.004679
54, 0.003802, 0.004305, 0.004496
55, 0.003676, 0.004150, 0.004334
56, 0.003559, 0.004014, 0.004192
57, 0.003457, 0.003891, 0.004065
58, 0.003367, 0.003786, 0.003954
59, 0.003292, 0.003697, 0.003860
60, 0.003231, 0.003623, 0.003782
61, 0.003171, 0.003554, 0.003708
62, 0.003117, 0.003486, 0.003636
63, 0.003075, 0.003422, 0.003568
64, 0.003035, 0.003360, 0.003501
65, 0.002994, 0.003310, 0.003447
66, 0.002953, 0.003265, 0.003397
67, 0.002911, 0.003227, 0.003356
68, 0.002893, 0.003183, 0.003308
69, 0.002859, 0.003142, 0.003263
70, 0.002841, 0.003109, 0.003227
71, 0.002810, 0.003088, 0.003202
72, 0.002788, 0.003064, 0.003175
73, 0.002773, 0.003038, 0.003147
74, 0.002754, 0.003013, 0.003119
75, 0.002740, 0.002990, 0.003093
76, 0.002719, 0.002971, 0.003072
77, 0.002711, 0.002957, 0.003054
78, 0.002697, 0.002947, 0.003042
79, 0.002685, 0.002933, 0.003025
80, 0.002670, 0.002916, 0.003006
81, 0.002662, 0.002899, 0.002987
82, 0.002653, 0.002884, 0.002970
83, 0.002646, 0.002878, 0.002961
84, 0.002633, 0.002879, 0.002959
85, 0.002632, 0.002869, 0.002945
86, 0.002619, 0.002858, 0.002932
87, 0.002612, 0.002845, 0.002918
88, 0.002606, 0.002835, 0.002906
89, 0.002600, 0.002829, 0.002898
90, 0.002598, 0.002821, 0.002888
91, 0.002585, 0.002813, 0.002878
92, 0.002584, 0.002810, 0.002873
93, 0.002585, 0.002810, 0.002869
94, 0.002574, 0.002805, 0.002862
95, 0.002568, 0.002797, 0.002852
96, 0.002558, 0.002790, 0.002844
97, 0.002559, 0.002782, 0.002835
98, 0.002554, 0.002777, 0.002828
99, 0.002545, 0.002779, 0.002827
100, 0.002546, 0.002781, 0.002828
101, 0.002542, 0.002777, 0.002823
102, 0.002532, 0.002769, 0.002813
103, 0.002532, 0.002759, 0.002803
104, 0.002531, 0.002756, 0.002798
105, 0.002524, 0.002760, 0.002799
106, 0.002520, 0.002762, 0.002800
107, 0.002521, 0.002757, 0.002794
108, 0.002512, 0.002750, 0.002785
109, 0.002507, 0.002742, 0.002776
110, 0.002508, 0.002742, 0.002775
111, 0.002505, 0.002746, 0.002777
112, 0.002507, 0.002741, 0.002771
113, 0.002499, 0.002735, 0.002765
114, 0.002496, 0.002731, 0.002760
115, 0.002499, 0.002731, 0.002758
116, 0.002483, 0.002730, 0.002757
117, 0.002483, 0.002726, 0.002752
118, 0.002480, 0.002722, 0.002747
119, 0.002480, 0.002722, 0.002746
120, 0.002479, 0.002722, 0.002746
121, 0.002473, 0.002720, 0.002743
122, 0.002474, 0.002717, 0.002738
123, 0.002473, 0.002715, 0.002735
124, 0.002469, 0.002713, 0.002731
125, 0.002467, 0.002714, 0.002732
126, 0.002463, 0.002712, 0.002729
127, 0.002461, 0.002702, 0.002719
128, 0.002461, 0.002699, 0.002716
129, 0.002459, 0.002701, 0.002716
130, 0.002454, 0.002708, 0.002721
131, 0.002453, 0.002705, 0.002717
132, 0.002446, 0.002700, 0.002711
133, 0.002443, 0.002694, 0.002706
134, 0.002440, 0.002694, 0.002705
135, 0.002435, 0.002694, 0.002703
136, 0.002438, 0.002693, 0.002701
137, 0.002438, 0.002694, 0.002702
138, 0.002431, 0.002692, 0.002699
139, 0.002429, 0.002691, 0.002697
140, 0.002424, 0.002684, 0.002691
141, 0.002421, 0.002683, 0.002688
142, 0.002417, 0.002682, 0.002687
143, 0.002415, 0.002683, 0.002688
144, 0.002416, 0.002683, 0.002688
145, 0.002412, 0.002685, 0.002688
146, 0.002407, 0.002681, 0.002684
147, 0.002409, 0.002677, 0.002679
148, 0.002401, 0.002673, 0.002675
149, 0.002410, 0.002670, 0.002673
150, 0.002401, 0.002669, 0.002671
151, 0.002396, 0.002672, 0.002672
152, 0.002398, 0.002670, 0.002670
153, 0.002389, 0.002670, 0.002669
154, 0.002396, 0.002668, 0.002666
155, 0.002390, 0.002666, 0.002665
156, 0.002387, 0.002665, 0.002664
157, 0.002385, 0.002666, 0.002664
158, 0.002382, 0.002664, 0.002661
159, 0.002381, 0.002666, 0.002662
160, 0.002379, 0.002660, 0.002656
161, 0.002377, 0.002661, 0.002657
162, 0.002369, 0.002658, 0.002653
163, 0.002374, 0.002656, 0.002651
164, 0.002369, 0.002654, 0.002648
165, 0.002365, 0.002655, 0.002648
166, 0.002367, 0.002655, 0.002648
167, 0.002360, 0.002657, 0.002650
168, 0.002362, 0.002654, 0.002647
169, 0.002356, 0.002652, 0.002644
170, 0.002362, 0.002650, 0.002641
171, 0.002357, 0.002649, 0.002640
172, 0.002353, 0.002646, 0.002636
173, 0.002348, 0.002645, 0.002636
174, 0.002350, 0.002645, 0.002636
175, 0.002347, 0.002644, 0.002634
176, 0.002346, 0.002644, 0.002633
177, 0.002339, 0.002643, 0.002632
178, 0.002342, 0.002642, 0.002631
179, 0.002337, 0.002642, 0.002631
180, 0.002334, 0.002640, 0.002629
181, 0.002336, 0.002639, 0.002628
182, 0.002329, 0.002637, 0.002626
183, 0.002329, 0.002634, 0.002622
184, 0.002327, 0.002633, 0.002620
185, 0.002324, 0.002633, 0.002619
186, 0.002323, 0.002636, 0.002622
187, 0.002324, 0.002633, 0.002620
188, 0.002318, 0.002632, 0.002619
189, 0.002320, 0.002628, 0.002614
190, 0.002317, 0.002630, 0.002615
191, 0.002314, 0.002630, 0.002615
192, 0.002315, 0.002629, 0.002614
193, 0.002314, 0.002626, 0.002612
194, 0.002310, 0.002623, 0.002609
195, 0.002309, 0.002622, 0.002607
196, 0.002304, 0.002621, 0.002606
197, 0.002303, 0.002619, 0.002603
198, 0.002303, 0.002620, 0.002605
199, 0.002297, 0.002619, 0.002602
200, 0.002295, 0.002618, 0.002601
201, 0.002293, 0.002615, 0.002598
202, 0.002296, 0.002612, 0.002595
203, 0.002289, 0.002614, 0.002597
204, 0.002289, 0.002614, 0.002596
205, 0.002286, 0.002613, 0.002595
206, 0.002285, 0.002610, 0.002592
207, 0.002281, 0.002607, 0.002589
208, 0.002280, 0.002606, 0.002587
209, 0.002279, 0.002605, 0.002586
210, 0.002275, 0.002605, 0.002586
211, 0.002278, 0.002605, 0.002586
212, 0.002273, 0.002603, 0.002585
213, 0.002274, 0.002600, 0.002582
214, 0.002269, 0.002599, 0.002579
215, 0.002265, 0.002598, 0.002578
216, 0.002267, 0.002597, 0.002577
217, 0.002265, 0.002596, 0.002577
218, 0.002264, 0.002595, 0.002576
219, 0.002263, 0.002595, 0.002575
220, 0.002257, 0.002593, 0.002572
221, 0.002255, 0.002591, 0.002571
222, 0.002257, 0.002589, 0.002569
223, 0.002256, 0.002587, 0.002567
224, 0.002251, 0.002587, 0.002566
225, 0.002251, 0.002586, 0.002565
226, 0.002250, 0.002584, 0.002563
227, 0.002245, 0.002582, 0.002561
228, 0.002246, 0.002580, 0.002559
229, 0.002242, 0.002579, 0.002557
230, 0.002242, 0.002579, 0.002557
231, 0.002239, 0.002578, 0.002557
232, 0.002238, 0.002577, 0.002556
233, 0.002233, 0.002575, 0.002553
234, 0.002235, 0.002571, 0.002549
235, 0.002231, 0.002568, 0.002546
236, 0.002228, 0.002567, 0.002544
237, 0.002228, 0.002567, 0.002546
238, 0.002225, 0.002568, 0.002546
239, 0.002224, 0.002568, 0.002545
240, 0.002223, 0.002565, 0.002542
241, 0.002224, 0.002561, 0.002538
242, 0.002222, 0.002559, 0.002535
243, 0.002219, 0.002557, 0.002534
244, 0.002217, 0.002557, 0.002534
245, 0.002219, 0.002555, 0.002532
246, 0.002212, 0.002553, 0.002529
247, 0.002209, 0.002552, 0.002528
248, 0.002209, 0.002551, 0.002527
249, 0.002208, 0.002550, 0.002526
250, 0.002204, 0.002549, 0.002525
251, 0.002206, 0.002546, 0.002521
252, 0.002202, 0.002542, 0.002517
253, 0.002204, 0.002540, 0.002515
254, 0.002196, 0.002539, 0.002514
255, 0.002198, 0.002538, 0.002513
256, 0.002193, 0.002538, 0.002512
257, 0.002193, 0.002536, 0.002510
258, 0.002194, 0.002534, 0.002508
259, 0.002191, 0.002533, 0.002508
260, 0.002187, 0.002530, 0.002505
261, 0.002183, 0.002528, 0.002502
262, 0.002182, 0.002527, 0.002501
263, 0.002184, 0.002527, 0.002501
264, 0.002176, 0.002523, 0.002497
265, 0.002179, 0.002521, 0.002494
266, 0.002178, 0.002521, 0.002495
267, 0.002173, 0.002519, 0.002494
268, 0.002174, 0.002516, 0.002491
269, 0.002171, 0.002512, 0.002487
270, 0.002170, 0.002510, 0.002484
271, 0.002168, 0.002508, 0.002483
272, 0.002165, 0.002510, 0.002485
273, 0.002163, 0.002510, 0.002484
274, 0.002163, 0.002505, 0.002478
275, 0.002162, 0.002502, 0.002476
276, 0.002160, 0.002502, 0.002476
277, 0.002154, 0.002498, 0.002471
278, 0.002157, 0.002497, 0.002469
279, 0.002155, 0.002499, 0.002472
280, 0.002152, 0.002499, 0.002472
281, 0.002152, 0.002492, 0.002464
282, 0.002147, 0.002490, 0.002462
283, 0.002148, 0.002493, 0.002466
284, 0.002148, 0.002490, 0.002462
285, 0.002142, 0.002485, 0.002457
286, 0.002146, 0.002485, 0.002458
287, 0.002140, 0.002486, 0.002458
288, 0.002143, 0.002481, 0.002453
289, 0.002139, 0.002481, 0.002453
290, 0.002136, 0.002485, 0.002457
291, 0.002134, 0.002481, 0.002453
292, 0.002135, 0.002474, 0.002445
293, 0.002132, 0.002474, 0.002445
294, 0.002131, 0.002479, 0.002451
295, 0.002130, 0.002473, 0.002444
296, 0.002130, 0.002471, 0.002442
297, 0.002129, 0.002480, 0.002451
298, 0.002127, 0.002472, 0.002444
299, 0.002124, 0.002465, 0.002436
300, 0.002127, 0.002466, 0.002437
301, 0.002123, 0.002474, 0.002445
302, 0.002121, 0.002462, 0.002434
303, 0.002123, 0.002462, 0.002433
304, 0.002121, 0.002471, 0.002443
305, 0.002117, 0.002469, 0.002441
306, 0.002120, 0.002458, 0.002429
307, 0.002122, 0.002458, 0.002430
308, 0.002117, 0.002466, 0.002438
309, 0.002117, 0.002458, 0.002430
310, 0.002114, 0.002457, 0.002428
311, 0.002112, 0.002464, 0.002436
312, 0.002114, 0.002458, 0.002429
313, 0.002112, 0.002451, 0.002422
314, 0.002114, 0.002456, 0.002427
315, 0.002108, 0.002463, 0.002434
316, 0.002110, 0.002448, 0.002420
317, 0.002110, 0.002449, 0.002421
318, 0.002105, 0.002458, 0.002429
319, 0.002105, 0.002453, 0.002425
320, 0.002106, 0.002448, 0.002419
321, 0.002107, 0.002452, 0.002423
322, 0.002105, 0.002450, 0.002421
323, 0.002105, 0.002445, 0.002417
324, 0.002102, 0.002448, 0.002419
325, 0.002100, 0.002450, 0.002421
326, 0.002103, 0.002443, 0.002414
327, 0.002101, 0.002444, 0.002415
328, 0.002095, 0.002449, 0.002420
329, 0.002099, 0.002442, 0.002413
330, 0.002097, 0.002439, 0.002411
331, 0.002097, 0.002444, 0.002415
332, 0.002094, 0.002442, 0.002413
333, 0.002098, 0.002437, 0.002409
334, 0.002095, 0.002440, 0.002411
335, 0.002092, 0.002441, 0.002413
336, 0.002093, 0.002437, 0.002408
337, 0.002096, 0.002434, 0.002406
338, 0.002093, 0.002437, 0.002408
339, 0.002090, 0.002440, 0.002411
340, 0.002089, 0.002434, 0.002406
341, 0.002093, 0.002436, 0.002408
342, 0.002089, 0.002436, 0.002408
343, 0.002089, 0.002431, 0.002403
344, 0.002088, 0.002433, 0.002404
345, 0.002087, 0.002436, 0.002407
346, 0.002086, 0.002431, 0.002402
347, 0.002082, 0.002432, 0.002403
348, 0.002086, 0.002434, 0.002404
349, 0.002085, 0.002429, 0.002399
350, 0.002081, 0.002426, 0.002397
351, 0.002085, 0.002433, 0.002404
352, 0.002083, 0.002430, 0.002401
353, 0.002082, 0.002426, 0.002397
354, 0.002082, 0.002428, 0.002399
355, 0.002082, 0.002430, 0.002400
356, 0.002082, 0.002423, 0.002394
357, 0.002081, 0.002426, 0.002397
358, 0.002080, 0.002428, 0.002399
359, 0.002080, 0.002425, 0.002396
360, 0.002080, 0.002424, 0.002395
361, 0.002080, 0.002423, 0.002394
362, 0.002078, 0.002423, 0.002394
363, 0.002073, 0.002426, 0.002397
364, 0.002076, 0.002423, 0.002394
365, 0.002075, 0.002422, 0.002393
366, 0.002073, 0.002422, 0.002392
367, 0.002073, 0.002422, 0.002393
368, 0.002074, 0.002420, 0.002390
369, 0.002074, 0.002420, 0.002391
370, 0.002071, 0.002424, 0.002394
371, 0.002073, 0.002418, 0.002389
372, 0.002074, 0.002415, 0.002385
373, 0.002073, 0.002418, 0.002387
374, 0.002070, 0.002417, 0.002387
375, 0.002074, 0.002417, 0.002388
376, 0.002070, 0.002420, 0.002390
377, 0.002073, 0.002420, 0.002389
378, 0.002067, 0.002414, 0.002385
379, 0.002068, 0.002416, 0.002387
380, 0.002072, 0.002419, 0.002388
381, 0.002066, 0.002413, 0.002384
382, 0.002066, 0.002412, 0.002383
383, 0.002066, 0.002417, 0.002387
384, 0.002066, 0.002415, 0.002385
385, 0.002064, 0.002411, 0.002382
386, 0.002062, 0.002414, 0.002384
387, 0.002062, 0.002415, 0.002384
388, 0.002066, 0.002409, 0.002379
389, 0.002064, 0.002410, 0.002380
390, 0.002061, 0.002413, 0.002383
391, 0.002066, 0.002410, 0.002381
392, 0.002063, 0.002412, 0.002382
393, 0.002066, 0.002409, 0.002379
394, 0.002063, 0.002408, 0.002378
395, 0.002063, 0.002408, 0.002378
396, 0.002062, 0.002409, 0.002379
397, 0.002060, 0.002406, 0.002377
398, 0.002061, 0.002409, 0.002380
399, 0.002060, 0.002412, 0.002382
400, 0.002061, 0.002406, 0.002376
401, 0.002060, 0.002409, 0.002378
402, 0.002059, 0.002411, 0.002381
403, 0.002056, 0.002407, 0.002377
404, 0.002062, 0.002405, 0.002375
405, 0.002056, 0.002406, 0.002375
406, 0.002058, 0.002408, 0.002378
407, 0.002058, 0.002402, 0.002373
408, 0.002057, 0.002403, 0.002372
409, 0.002057, 0.002408, 0.002377
410, 0.002057, 0.002406, 0.002376
411, 0.002056, 0.002403, 0.002373
412, 0.002056, 0.002405, 0.002374
413, 0.002053, 0.002405, 0.002374
414, 0.002052, 0.002404, 0.002374
415, 0.002055, 0.002405, 0.002374
416, 0.002053, 0.002403, 0.002373
417, 0.002054, 0.002399, 0.002370
418, 0.002053, 0.002404, 0.002374
419, 0.002053, 0.002406, 0.002374
420, 0.002055, 0.002399, 0.002369
421, 0.002053, 0.002403, 0.002372
422, 0.002055, 0.002410, 0.002379
423, 0.002054, 0.002399, 0.002369
424, 0.002051, 0.002400, 0.002369
425, 0.002050, 0.002406, 0.002375
426, 0.002053, 0.002401, 0.002372
427, 0.002050, 0.002397, 0.002367
428, 0.002054, 0.002410, 0.002378
429, 0.002051, 0.002399, 0.002369
430, 0.002050, 0.002398, 0.002368
431, 0.002050, 0.002404, 0.002372
432, 0.002049, 0.002397, 0.002366
433, 0.002048, 0.002396, 0.002366
434, 0.002050, 0.002406, 0.002375
435, 0.002048, 0.002398, 0.002368
436, 0.002046, 0.002396, 0.002366
437, 0.002049, 0.002403, 0.002371
438, 0.002050, 0.002395, 0.002365
439, 0.002046, 0.002395, 0.002365
440, 0.002047, 0.002399, 0.002367
441, 0.002048, 0.002398, 0.002366
442, 0.002051, 0.002398, 0.002368
443, 0.002048, 0.002399, 0.002369
444, 0.002048, 0.002397, 0.002366
445, 0.002048, 0.002396, 0.002365
446, 0.002045, 0.002399, 0.002369
447, 0.002046, 0.002401, 0.002370
448, 0.002045, 0.002396, 0.002365
449, 0.002044, 0.002395, 0.002364
450, 0.002049, 0.002394, 0.002364
451, 0.002043, 0.002399, 0.002369
452, 0.002048, 0.002395, 0.002364
453, 0.002042, 0.002395, 0.002364
454, 0.002045, 0.002396, 0.002365
455, 0.002043, 0.002399, 0.002369
456, 0.002045, 0.002393, 0.002363
457, 0.002043, 0.002397, 0.002365
458, 0.002046, 0.002391, 0.002361
459, 0.002043, 0.002394, 0.002364
460, 0.002042, 0.002403, 0.002371
461, 0.002043, 0.002391, 0.002363
462, 0.002047, 0.002395, 0.002363
463, 0.002042, 0.002399, 0.002367
464, 0.002042, 0.002390, 0.002360
465, 0.002044, 0.002395, 0.002364
466, 0.002040, 0.002400, 0.002367
467, 0.002044, 0.002390, 0.002361
468, 0.002041, 0.002392, 0.002361
469, 0.002040, 0.002403, 0.002369
470, 0.002043, 0.002388, 0.002358
471, 0.002042, 0.002392, 0.002361
472, 0.002039, 0.002406, 0.002373
473, 0.002044, 0.002389, 0.002359
474, 0.002042, 0.002391, 0.002360
475, 0.002036, 0.002393, 0.002362
476, 0.002037, 0.002390, 0.002361
477, 0.002037, 0.002388, 0.002359
478, 0.002036, 0.002396, 0.002364
479, 0.002039, 0.002389, 0.002359
480, 0.002037, 0.002390, 0.002361
481, 0.002039, 0.002396, 0.002365
482, 0.002039, 0.002387, 0.002358
483, 0.002039, 0.002391, 0.002360
484, 0.002036, 0.002392, 0.002361
485, 0.002037, 0.002388, 0.002358
486, 0.002036, 0.002389, 0.002358
487, 0.002036, 0.002392, 0.002360
488, 0.002035, 0.002387, 0.002357
489, 0.002037, 0.002388, 0.002358
490, 0.002034, 0.002393, 0.002361
491, 0.002033, 0.002387, 0.002357
492, 0.002036, 0.002389, 0.002358
493, 0.002037, 0.002392, 0.002360
494, 0.002034, 0.002385, 0.002355
495, 0.002034, 0.002390, 0.002359
496, 0.002035, 0.002385, 0.002356
497, 0.002033, 0.002388, 0.002357
498, 0.002030, 0.002389, 0.002358
499, 0.002031, 0.002385, 0.002355
500, 0.002034, 0.002386, 0.002356
501, 0.002032, 0.002391, 0.002360
502, 0.002030, 0.002383, 0.002353
503, 0.002033, 0.002386, 0.002355
504, 0.002031, 0.002389, 0.002357
505, 0.002033, 0.002382, 0.002353
506, 0.002034, 0.002389, 0.002357
507, 0.002033, 0.002385, 0.002354
508, 0.002033, 0.002385, 0.002355
509, 0.002033, 0.002386, 0.002355
510, 0.002030, 0.002389, 0.002357
511, 0.002031, 0.002383, 0.002353
512, 0.002029, 0.002383, 0.002353
513, 0.002029, 0.002389, 0.002358
514, 0.002032, 0.002383, 0.002353
515, 0.002027, 0.002381, 0.002351
516, 0.002029, 0.002389, 0.002357
517, 0.002030, 0.002381, 0.002352
518, 0.002032, 0.002383, 0.002353
519, 0.002027, 0.002390, 0.002358
520, 0.002028, 0.002380, 0.002350
521, 0.002030, 0.002389, 0.002357
522, 0.002030, 0.002383, 0.002352
523, 0.002029, 0.002381, 0.002351
524, 0.002029, 0.002388, 0.002357
525, 0.002030, 0.002380, 0.002351
526, 0.002028, 0.002382, 0.002352
527, 0.002028, 0.002382, 0.002352
528, 0.002030, 0.002381, 0.002351
529, 0.002027, 0.002383, 0.002353
530, 0.002025, 0.002381, 0.002351
531, 0.002030, 0.002382, 0.002352
532, 0.002024, 0.002384, 0.002353
533, 0.002027, 0.002375, 0.002347
534, 0.002028, 0.002388, 0.002356
535, 0.002025, 0.002381, 0.002350
536, 0.002027, 0.002377, 0.002349
537, 0.002028, 0.002401, 0.002368
538, 0.002032, 0.002377, 0.002348
539, 0.002023, 0.002376, 0.002347
540, 0.002025, 0.002397, 0.002365
541, 0.002028, 0.002375, 0.002347
542, 0.002027, 0.002379, 0.002349
543, 0.002023, 0.002395, 0.002362
544, 0.002026, 0.002375, 0.002346
545, 0.002028, 0.002379, 0.002348
546, 0.002024, 0.002385, 0.002353
547, 0.002023, 0.002374, 0.002346
548, 0.002027, 0.002386, 0.002355
549, 0.002024, 0.002380, 0.002350
550, 0.002022, 0.002375, 0.002346
551, 0.002025, 0.002380, 0.002349
552, 0.002021, 0.002377, 0.002347
553, 0.002024, 0.002375, 0.002345
554, 0.002023, 0.002379, 0.002348
555, 0.002022, 0.002379, 0.002348
556, 0.002020, 0.002374, 0.002345
557, 0.002023, 0.002385, 0.002353
558, 0.002024, 0.002374, 0.002343
559, 0.002023, 0.002377, 0.002346
560, 0.002022, 0.002378, 0.002347
561, 0.002018, 0.002374, 0.002345
562, 0.002021, 0.002376, 0.002346
563, 0.002020, 0.002380, 0.002349
564, 0.002019, 0.002373, 0.002344
565, 0.002021, 0.002378, 0.002348
566, 0.002021, 0.002378, 0.002347
567, 0.002022, 0.002374, 0.002344
568, 0.002020, 0.002373, 0.002343
569, 0.002019, 0.002378, 0.002347
570, 0.002020, 0.002372, 0.002343
571, 0.002016, 0.002381, 0.002349
572, 0.002020, 0.002373, 0.002342
573, 0.002019, 0.002372, 0.002342
574, 0.002016, 0.002380, 0.002349
575, 0.002021, 0.002368, 0.002340
576, 0.002019, 0.002373, 0.002343
577, 0.002014, 0.002383, 0.002351
578, 0.002020, 0.002369, 0.002340
579, 0.002019, 0.002374, 0.002344
580, 0.002018, 0.002379, 0.002348
581, 0.002021, 0.002367, 0.002339
582, 0.002020, 0.002386, 0.002354
583, 0.002019, 0.002370, 0.002341
584, 0.002016, 0.002369, 0.002340
585, 0.002013, 0.002387, 0.002355
586, 0.002020, 0.002365, 0.002338
587, 0.002020, 0.002377, 0.002346
588, 0.002015, 0.002370, 0.002340
589, 0.002013, 0.002365, 0.002336
590, 0.002013, 0.002379, 0.002347
591, 0.002015, 0.002371, 0.002341
592, 0.002014, 0.002365, 0.002337
593, 0.002015, 0.002379, 0.002347
594, 0.002015, 0.002366, 0.002336
595, 0.002014, 0.002363, 0.002334
596, 0.002013, 0.002379, 0.002348
597, 0.002016, 0.002364, 0.002336
598, 0.002013, 0.002370, 0.002340
599, 0.002011, 0.002373, 0.002343
600, 0.002012, 0.002363, 0.002334
601, 0.002011, 0.002367, 0.002337
602, 0.002009, 0.002372, 0.002341
603, 0.002009, 0.002362, 0.002333
604, 0.002013, 0.002368, 0.002337
605, 0.002009, 0.002371, 0.002340
606, 0.002009, 0.002360, 0.002332
607, 0.002015, 0.002379, 0.002347
608, 0.002010, 0.002363, 0.002334
609, 0.002009, 0.002360, 0.002332
610, 0.002012, 0.002379, 0.002348
611, 0.002009, 0.002362, 0.002333
612, 0.002008, 0.002359, 0.002331
613, 0.002012, 0.002383, 0.002351
614, 0.002014, 0.002361, 0.002332
615, 0.002009, 0.002358, 0.002330
616, 0.002011, 0.002385, 0.002352
617, 0.002012, 0.002357, 0.002329
618, 0.002012, 0.002362, 0.002332
619, 0.002006, 0.002375, 0.002342
620, 0.002006, 0.002354, 0.002327
621, 0.002012, 0.002377, 0.002344
622, 0.002010, 0.002360, 0.002330
623, 0.002005, 0.002358, 0.002329
624, 0.002008, 0.002379, 0.002348
625, 0.002009, 0.002356, 0.002327
626, 0.002005, 0.002356, 0.002326
627, 0.002002, 0.002374, 0.002342
628, 0.002008, 0.002352, 0.002325
629, 0.002009, 0.002371, 0.002339
630, 0.002008, 0.002361, 0.002330
631, 0.002002, 0.002355, 0.002326
632, 0.002003, 0.002366, 0.002335
633, 0.002001, 0.002355, 0.002325
634, 0.002003, 0.002353, 0.002324
635, 0.002003, 0.002367, 0.002336
636, 0.002005, 0.002352, 0.002323
637, 0.002004, 0.002357, 0.002327
638, 0.002000, 0.002358, 0.002328
639, 0.002002, 0.002351, 0.002323
640, 0.002001, 0.002358, 0.002327
641, 0.002000, 0.002354, 0.002324
642, 0.002004, 0.002354, 0.002325
643, 0.002000, 0.002358, 0.002328
644, 0.002000, 0.002351, 0.002322
645, 0.001999, 0.002356, 0.002327
646, 0.001997, 0.002350, 0.002322
647, 0.001999, 0.002354, 0.002325
648, 0.001998, 0.002353, 0.002324
649, 0.001999, 0.002350, 0.002321
650, 0.001998, 0.002351, 0.002322
651, 0.001997, 0.002347, 0.002318
652, 0.001997, 0.002354, 0.002323
653, 0.001998, 0.002349, 0.002319
654, 0.001994, 0.002348, 0.002318
655, 0.001998, 0.002354, 0.002323
656, 0.001999, 0.002346, 0.002317
657, 0.001995, 0.002350, 0.002320
658, 0.001996, 0.002350, 0.002320
659, 0.001994, 0.002346, 0.002317
660, 0.001995, 0.002348, 0.002318
661, 0.001993, 0.002344, 0.002315
662, 0.001993, 0.002343, 0.002314
663, 0.001993, 0.002349, 0.002319
664, 0.001992, 0.002344, 0.002315
665, 0.001989, 0.002346, 0.002317
666, 0.001991, 0.002345, 0.002315
667, 0.001992, 0.002339, 0.002311
668, 0.001992, 0.002346, 0.002317
669, 0.001991, 0.002340, 0.002311
670, 0.001990, 0.002343, 0.002314
671, 0.001990, 0.002341, 0.002312
672, 0.001988, 0.002343, 0.002313
673, 0.001987, 0.002337, 0.002309
674, 0.001988, 0.002343, 0.002314
675, 0.001989, 0.002336, 0.002307
676, 0.001990, 0.002342, 0.002312
677, 0.001987, 0.002337, 0.002308
678, 0.001987, 0.002336, 0.002307
679, 0.001986, 0.002339, 0.002309
680, 0.001985, 0.002332, 0.002303
681, 0.001984, 0.002337, 0.002308
682, 0.001984, 0.002333, 0.002304
683, 0.001984, 0.002339, 0.002309
684, 0.001983, 0.002331, 0.002303
685, 0.001984, 0.002328, 0.002300
686, 0.001985, 0.002348, 0.002318
687, 0.001987, 0.002323, 0.002296
688, 0.001986, 0.002339, 0.002309
689, 0.001980, 0.002333, 0.002304
690, 0.001980, 0.002323, 0.002295
691, 0.001984, 0.002348, 0.002316
692, 0.001984, 0.002320, 0.002293
693, 0.001981, 0.002335, 0.002305
694, 0.001981, 0.002325, 0.002296
695, 0.001979, 0.002324, 0.002295
696, 0.001977, 0.002336, 0.002306
697, 0.001980, 0.002318, 0.002291
698, 0.001978, 0.002333, 0.002303
699, 0.001977, 0.002321, 0.002293
700, 0.001977, 0.002317, 0.002289
701, 0.001977, 0.002338, 0.002308
702, 0.001975, 0.002314, 0.002288
703, 0.001980, 0.002329, 0.002300
704, 0.001974, 0.002322, 0.002292
705, 0.001973, 0.002311, 0.002283
706, 0.001975, 0.002343, 0.002312
707, 0.001977, 0.002311, 0.002284
708, 0.001971, 0.002313, 0.002285
709, 0.001971, 0.002331, 0.002299
710, 0.001973, 0.002304, 0.002278
711, 0.001973, 0.002324, 0.002294
712, 0.001972, 0.002306, 0.002279
713, 0.001969, 0.002313, 0.002284
714, 0.001968, 0.002315, 0.002286
715, 0.001966, 0.002306, 0.002279
716, 0.001966, 0.002315, 0.002286
717, 0.001965, 0.002301, 0.002273
718, 0.001964, 0.002307, 0.002278
719, 0.001963, 0.002312, 0.002283
720, 0.001964, 0.002297, 0.002270
721, 0.001965, 0.002322, 0.002292
722, 0.001967, 0.002293, 0.002268
723, 0.001968, 0.002322, 0.002291
724, 0.001963, 0.002294, 0.002267
725, 0.001960, 0.002296, 0.002268
726, 0.001958, 0.002313, 0.002283
727, 0.001961, 0.002290, 0.002264
728, 0.001962, 0.002318, 0.002288
729, 0.001961, 0.002288, 0.002261
730, 0.001955, 0.002289, 0.002261
731, 0.001956, 0.002303, 0.002274
732, 0.001957, 0.002283, 0.002257
733, 0.001953, 0.002299, 0.002269
734, 0.001951, 0.002284, 0.002256
735, 0.001949, 0.002283, 0.002255
736, 0.001947, 0.002304, 0.002274
737, 0.001953, 0.002276, 0.002250
738, 0.001950, 0.002302, 0.002271
739, 0.001948, 0.002275, 0.002248
740, 0.001944, 0.002274, 0.002247
741, 0.001945, 0.002298, 0.002269
742, 0.001951, 0.002270, 0.002245
743, 0.001952, 0.002301, 0.002271
744, 0.001947, 0.002268, 0.002242
745, 0.001939, 0.002269, 0.002242
746, 0.001937, 0.002284, 0.002255
747, 0.001938, 0.002263, 0.002237
748, 0.001940, 0.002276, 0.002247
749, 0.001939, 0.002269, 0.002241
750, 0.001931, 0.002257, 0.002231
751, 0.001936, 0.002288, 0.002258
752, 0.001943, 0.002256, 0.002233
753, 0.001944, 0.002283, 0.002253
754, 0.001935, 0.002258, 0.002230
755, 0.001926, 0.002250, 0.002224
756, 0.001933, 0.002286, 0.002256
757, 0.001939, 0.002245, 0.002221
758, 0.001928, 0.002255, 0.002226
759, 0.001923, 0.002252, 0.002224
760, 0.001924, 0.002241, 0.002215
761, 0.001924, 0.002273, 0.002243
762, 0.001927, 0.002237, 0.002211
763, 0.001921, 0.002243, 0.002215
764, 0.001917, 0.002245, 0.002216
765, 0.001916, 0.002232, 0.002206
766, 0.001914, 0.002245, 0.002216
767, 0.001913, 0.002231, 0.002204
768, 0.001909, 0.002226, 0.002200
769, 0.001911, 0.002247, 0.002218
770, 0.001913, 0.002222, 0.002197
771, 0.001913, 0.002241, 0.002212
772, 0.001908, 0.002219, 0.002192
773, 0.001904, 0.002218, 0.002192
774, 0.001902, 0.002231, 0.002203
775, 0.001905, 0.002211, 0.002185
776, 0.001905, 0.002235, 0.002205
777, 0.001904, 0.002205, 0.002179
778, 0.001898, 0.002207, 0.002180
779, 0.001895, 0.002224, 0.002195
780, 0.001895, 0.002200, 0.002175
781, 0.001895, 0.002210, 0.002183
782, 0.001890, 0.002197, 0.002171
783, 0.001886, 0.002196, 0.002169
784, 0.001886, 0.002201, 0.002174
785, 0.001886, 0.002189, 0.002162
786, 0.001883, 0.002198, 0.002169
787, 0.001881, 0.002185, 0.002158
788, 0.001876, 0.002181, 0.002155
789, 0.001878, 0.002181, 0.002154
790, 0.001873, 0.002177, 0.002150
791, 0.001874, 0.002179, 0.002151
792, 0.001870, 0.002173, 0.002147
793, 0.001865, 0.002177, 0.002149
794, 0.001866, 0.002165, 0.002138
795, 0.001863, 0.002164, 0.002137
796, 0.001860, 0.002164, 0.002136
797, 0.001859, 0.002155, 0.002128
798, 0.001859, 0.002164, 0.002136
799, 0.001855, 0.002152, 0.002124
800, 0.001851, 0.002148, 0.002120
801, 0.001851, 0.002158, 0.002128
802, 0.001849, 0.002138, 0.002112
803, 0.001849, 0.002151, 0.002122
804, 0.001842, 0.002135, 0.002108
805, 0.001845, 0.002134, 0.002106
806, 0.001838, 0.002133, 0.002105
807, 0.001837, 0.002123, 0.002096
808, 0.001834, 0.002130, 0.002101
809, 0.001833, 0.002115, 0.002089
810, 0.001830, 0.002117, 0.002089
811, 0.001826, 0.002112, 0.002085
812, 0.001824, 0.002107, 0.002080
813, 0.001821, 0.002109, 0.002081
814, 0.001817, 0.002102, 0.002074
815, 0.001814, 0.002094, 0.002067
816, 0.001815, 0.002101, 0.002072
817, 0.001810, 0.002084, 0.002058
818, 0.001806, 0.002102, 0.002072
819, 0.001806, 0.002076, 0.002051
820, 0.001807, 0.002093, 0.002063
821, 0.001801, 0.002069, 0.002043
822, 0.001793, 0.002069, 0.002042
823, 0.001792, 0.002069, 0.002040
824, 0.001789, 0.002054, 0.002028
825, 0.001788, 0.002065, 0.002036
826, 0.001781, 0.002051, 0.002024
827, 0.001779, 0.002048, 0.002021
828, 0.001775, 0.002052, 0.002024
829, 0.001774, 0.002032, 0.002006
830, 0.001772, 0.002045, 0.002016
831, 0.001767, 0.002024, 0.001997
832, 0.001763, 0.002024, 0.001997
833, 0.001760, 0.002032, 0.002003
834, 0.001755, 0.002011, 0.001986
835, 0.001753, 0.002023, 0.001994
836, 0.001752, 0.002000, 0.001974
837, 0.001746, 0.002006, 0.001978
838, 0.001744, 0.001993, 0.001966
839, 0.001737, 0.001987, 0.001960
840, 0.001733, 0.001999, 0.001971
841, 0.001730, 0.001975, 0.001950
842, 0.001728, 0.001991, 0.001963
843, 0.001731, 0.001963, 0.001938
844, 0.001723, 0.001982, 0.001954
845, 0.001722, 0.001954, 0.001930
846, 0.001716, 0.001965, 0.001938
847, 0.001709, 0.001943, 0.001918
848, 0.001704, 0.001947, 0.001919
849, 0.001699, 0.001936, 0.001908
850, 0.001695, 0.001929, 0.001903
851, 0.001691, 0.001929, 0.001901
852, 0.001688, 0.001918, 0.001891
853, 0.001684, 0.001925, 0.001897
854, 0.001681, 0.001902, 0.001877
855, 0.001677, 0.001917, 0.001888
856, 0.001671, 0.001891, 0.001866
857, 0.001664, 0.001893, 0.001867
858, 0.001659, 0.001886, 0.001860
859, 0.001658, 0.001876, 0.001850
860, 0.001651, 0.001876, 0.001849
861, 0.001646, 0.001862, 0.001836
862, 0.001642, 0.001858, 0.001831
863, 0.001638, 0.001850, 0.001824
864, 0.001630, 0.001849, 0.001821
865, 0.001630, 0.001839, 0.001812
866, 0.001621, 0.001836, 0.001810
867, 0.001619, 0.001824, 0.001798
868, 0.001613, 0.001827, 0.001799
869, 0.001605, 0.001808, 0.001783
870, 0.001606, 0.001809, 0.001783
871, 0.001597, 0.001796, 0.001770
872, 0.001593, 0.001791, 0.001765
873, 0.001586, 0.001792, 0.001765
874, 0.001584, 0.001775, 0.001750
875, 0.001575, 0.001777, 0.001750
876, 0.001572, 0.001762, 0.001737
877, 0.001564, 0.001755, 0.001729
878, 0.001558, 0.001754, 0.001726
879, 0.001555, 0.001738, 0.001712
880, 0.001547, 0.001736, 0.001709
881, 0.001543, 0.001729, 0.001702
882, 0.001537, 0.001714, 0.001690
883, 0.001535, 0.001742, 0.001713
884, 0.001534, 0.001707, 0.001685
885, 0.001538, 0.001748, 0.001720
886, 0.001534, 0.001692, 0.001671
887, 0.001532, 0.001746, 0.001716
888, 0.001530, 0.001688, 0.001668
889, 0.001528, 0.001740, 0.001711
890, 0.001526, 0.001674, 0.001654
891, 0.001517, 0.001715, 0.001685
892, 0.001508, 0.001644, 0.001623
893, 0.001490, 0.001648, 0.001622
894, 0.001473, 0.001632, 0.001605
895, 0.001463, 0.001618, 0.001595
896, 0.001465, 0.001665, 0.001637
897, 0.001473, 0.001610, 0.001588
898, 0.001464, 0.001618, 0.001589
899, 0.001444, 0.001586, 0.001561
900, 0.001431, 0.001575, 0.001551
901, 0.001428, 0.001607, 0.001577
902, 0.001434, 0.001567, 0.001545
903, 0.001428, 0.001593, 0.001563
904, 0.001420, 0.001543, 0.001518
905, 0.001401, 0.001536, 0.001510
906, 0.001390, 0.001545, 0.001518
907, 0.001392, 0.001528, 0.001506
908, 0.001400, 0.001565, 0.001537
909, 0.001399, 0.001508, 0.001485
910, 0.001379, 0.001504, 0.001477
911, 0.001361, 0.001488, 0.001462
912, 0.001350, 0.001474, 0.001451
913, 0.001349, 0.001487, 0.001459
914, 0.001346, 0.001456, 0.001432
915, 0.001332, 0.001448, 0.001422
916, 0.001325, 0.001454, 0.001427
917, 0.001323, 0.001429, 0.001407
918, 0.001316, 0.001435, 0.001408
919, 0.001306, 0.001412, 0.001390
920, 0.001298, 0.001408, 0.001384
921, 0.001289, 0.001398, 0.001373
922, 0.001284, 0.001390, 0.001366
923, 0.001277, 0.001374, 0.001351
924, 0.001271, 0.001374, 0.001348
925, 0.001263, 0.001356, 0.001333
926, 0.001255, 0.001350, 0.001328
927, 0.001248, 0.001343, 0.001320
928, 0.001247, 0.001331, 0.001310
929, 0.001236, 0.001326, 0.001305
930, 0.001229, 0.001309, 0.001287
931, 0.001222, 0.001310, 0.001287
932, 0.001215, 0.001293, 0.001273
933, 0.001209, 0.001286, 0.001263
934, 0.001202, 0.001281, 0.001259
935, 0.001196, 0.001266, 0.001247
936, 0.001189, 0.001278, 0.001253
937, 0.001185, 0.001251, 0.001233
938, 0.001182, 0.001271, 0.001247
939, 0.001182, 0.001236, 0.001216
940, 0.001169, 0.001242, 0.001220
941, 0.001157, 0.001211, 0.001193
942, 0.001152, 0.001228, 0.001205
943, 0.001146, 0.001200, 0.001180
944, 0.001138, 0.001197, 0.001179
945, 0.001133, 0.001194, 0.001171
946, 0.001126, 0.001171, 0.001153
947, 0.001131, 0.001224, 0.001200
948, 0.001132, 0.001160, 0.001144
949, 0.001121, 0.001175, 0.001150
950, 0.001104, 0.001137, 0.001119
951, 0.001089, 0.001128, 0.001110
952, 0.001090, 0.001180, 0.001154
953, 0.001100, 0.001123, 0.001109
954, 0.001091, 0.001140, 0.001117
955, 0.001077, 0.001116, 0.001097
956, 0.001071, 0.001093, 0.001077
957, 0.001063, 0.001107, 0.001086
958, 0.001054, 0.001072, 0.001056
959, 0.001047, 0.001105, 0.001084
960, 0.001051, 0.001076, 0.001059
961, 0.001042, 0.001049, 0.001031
962, 0.001023, 0.001045, 0.001027
963, 0.001015, 0.001042, 0.001027
964, 0.001020, 0.001073, 0.001053
965, 0.001026, 0.001032, 0.001018
966, 0.001014, 0.001031, 0.001010
967, 0.000993, 0.001000, 0.000982
968, 0.000986, 0.001001, 0.000983
969, 0.000986, 0.001008, 0.000990
970, 0.000979, 0.000972, 0.000956
971, 0.000968, 0.000983, 0.000963
972, 0.000965, 0.000964, 0.000951
973, 0.000958, 0.000957, 0.000939
974, 0.000947, 0.000949, 0.000932
975, 0.000938, 0.000936, 0.000922
976, 0.000938, 0.000962, 0.000941
977, 0.000943, 0.000923, 0.000910
978, 0.000934, 0.000927, 0.000909
979, 0.000920, 0.000910, 0.000893
980, 0.000913, 0.000896, 0.000882
981, 0.000909, 0.000923, 0.000903
982, 0.000910, 0.000884, 0.000871
983, 0.000903, 0.000890, 0.000872
984, 0.000892, 0.000876, 0.000860
985, 0.000884, 0.000861, 0.000846
986, 0.000882, 0.000866, 0.000848
987, 0.000876, 0.000854, 0.000841
988, 0.000870, 0.000846, 0.000830
989, 0.000867, 0.000841, 0.000824
990, 0.000859, 0.000830, 0.000817
991, 0.000852, 0.000830, 0.000812
992, 0.000850, 0.000817, 0.000803
993, 0.000844, 0.000820, 0.000804
994, 0.000836, 0.000806, 0.000788
995, 0.000830, 0.000798, 0.000783
996, 0.000826, 0.000807, 0.000793
997, 0.000824, 0.000788, 0.000770
998, 0.000820, 0.000782, 0.000769
999, 0.000813, 0.000789, 0.000771
1000, 0.000810, 0.000765, 0.000751
1001, 0.000804, 0.000769, 0.000754
1002, 0.000798, 0.000760, 0.000742
1003, 0.000795, 0.000752, 0.000741
1004, 0.000792, 0.000763, 0.000746
1005, 0.000790, 0.000737, 0.000725
1006, 0.000788, 0.000770, 0.000754
1007, 0.000791, 0.000730, 0.000719
1008, 0.000788, 0.000756, 0.000740
1009, 0.000776, 0.000713, 0.000700
1010, 0.000767, 0.000715, 0.000700
1011, 0.000758, 0.000712, 0.000697
1012, 0.000755, 0.000693, 0.000681
1013, 0.000753, 0.000721, 0.000705
1014, 0.000751, 0.000683, 0.000670
1015, 0.000747, 0.000695, 0.000680
1016, 0.000741, 0.000694, 0.000680
1017, 0.000737, 0.000672, 0.000661
1018, 0.000738, 0.000696, 0.000679
1019, 0.000737, 0.000669, 0.000663
1020, 0.000733, 0.000681, 0.000665
1021, 0.000724, 0.000647, 0.000638
1022, 0.000713, 0.000638, 0.000627
1023, 0.000708, 0.000659, 0.000645
1024, 0.000711, 0.000643, 0.000637
1025, 0.000722, 0.000696, 0.000679
1026, 0.000726, 0.000638, 0.000632
1027, 0.000716, 0.000656, 0.000643
1028, 0.000705, 0.000630, 0.000617
1029, 0.000697, 0.000619, 0.000610
1030, 0.000699, 0.000663, 0.000645
1031, 0.000701, 0.000605, 0.000595
1032, 0.000700, 0.000653, 0.000639
1033, 0.000694, 0.000602, 0.000591
1034, 0.000683, 0.000600, 0.000589
1035, 0.000679, 0.000614, 0.000605
1036, 0.000677, 0.000586, 0.000572
1037, 0.000676, 0.000609, 0.000600
1038, 0.000671, 0.000565, 0.000553
1039, 0.000657, 0.000564, 0.000554
1040, 0.000647, 0.000584, 0.000574
1041, 0.000654, 0.000556, 0.000544
1042, 0.000653, 0.000576, 0.000564
1043, 0.000648, 0.000549, 0.000539
1044, 0.000641, 0.000548, 0.000536
1045, 0.000636, 0.000560, 0.000552
1046, 0.000639, 0.000540, 0.000529
1047, 0.000639, 0.000557, 0.000549
1048, 0.000635, 0.000547, 0.000538
1049, 0.000632, 0.000531, 0.000521
1050, 0.000631, 0.000551, 0.000540
1051, 0.000630, 0.000517, 0.000511
1052, 0.000620, 0.000534, 0.000522
1053, 0.000619, 0.000520, 0.000513
1054, 0.000613, 0.000506, 0.000497
1055, 0.000606, 0.000513, 0.000502
1056, 0.000609, 0.000510, 0.000503
1057, 0.000606, 0.000503, 0.000493
1058, 0.000604, 0.000499, 0.000490
1059, 0.000599, 0.000495, 0.000489
1060, 0.000602, 0.000507, 0.000497
1061, 0.000603, 0.000497, 0.000492
1062, 0.000601, 0.000500, 0.000489
1063, 0.000596, 0.000485, 0.000478
1064, 0.000592, 0.000489, 0.000481
1065, 0.000589, 0.000485, 0.000474
1066, 0.000584, 0.000474, 0.000468
1067, 0.000587, 0.000497, 0.000487
1068, 0.000590, 0.000476, 0.000470
1069, 0.000589, 0.000480, 0.000470
1070, 0.000581, 0.000470, 0.000463
1071, 0.000575, 0.000457, 0.000449
1072, 0.000570, 0.000476, 0.000468
1073, 0.000576, 0.000461, 0.000456
1074, 0.000576, 0.000467, 0.000458
1075, 0.000577, 0.000463, 0.000458
1076, 0.000571, 0.000447, 0.000439
1077, 0.000564, 0.000452, 0.000444
1078, 0.000560, 0.000445, 0.000440
1079, 0.000562, 0.000453, 0.000444
1080, 0.000566, 0.000461, 0.000457
1081, 0.000567, 0.000449, 0.000442
1082, 0.000563, 0.000444, 0.000437
1083, 0.000559, 0.000439, 0.000432
1084, 0.000550, 0.000431, 0.000423
1085, 0.000550, 0.000441, 0.000434
1086, 0.000552, 0.000441, 0.000433
1087, 0.000553, 0.000426, 0.000421
1088, 0.000548, 0.000440, 0.000431
1089, 0.000547, 0.000420, 0.000416
1090, 0.000545, 0.000431, 0.000423
1091, 0.000543, 0.000422, 0.000414
1092, 0.000542, 0.000425, 0.000421
1093, 0.000542, 0.000424, 0.000416
1094, 0.000539, 0.000407, 0.000402
1095, 0.000533, 0.000419, 0.000413
1096, 0.000535, 0.000407, 0.000400
1097, 0.000532, 0.000408, 0.000403
1098, 0.000530, 0.000407, 0.000400
1099, 0.000526, 0.000410, 0.000402
1100, 0.000528, 0.000407, 0.000404
1101, 0.000534, 0.000415, 0.000406
1102, 0.000533, 0.000405, 0.000401
1103, 0.000526, 0.000396, 0.000389
1104, 0.000522, 0.000395, 0.000387
1105, 0.000521, 0.000408, 0.000404
1106, 0.000526, 0.000396, 0.000388
1107, 0.000517, 0.000390, 0.000384
1108, 0.000516, 0.000392, 0.000387
1109, 0.000519, 0.000394, 0.000388
1110, 0.000519, 0.000388, 0.000384
1111, 0.000518, 0.000393, 0.000386
1112, 0.000514, 0.000378, 0.000372
1113, 0.000514, 0.000403, 0.000398
1114, 0.000517, 0.000385, 0.000378
1115, 0.000512, 0.000378, 0.000374
1116, 0.000506, 0.000391, 0.000384
1117, 0.000510, 0.000371, 0.000366
1118, 0.000511, 0.000388, 0.000384
1119, 0.000508, 0.000374, 0.000368
1120, 0.000502, 0.000368, 0.000364
1121, 0.000502, 0.000380, 0.000376
1122, 0.000501, 0.000367, 0.000362
1123, 0.000501, 0.000373, 0.000368
1124, 0.000499, 0.000367, 0.000363
1125, 0.000500, 0.000375, 0.000369
1126, 0.000501, 0.000363, 0.000359
1127, 0.000496, 0.000372, 0.000367
1128, 0.000495, 0.000356, 0.000352
1129, 0.000495, 0.000363, 0.000358
1130, 0.000494, 0.000363, 0.000359
1131, 0.000494, 0.000355, 0.000350
1132, 0.000492, 0.000367, 0.000361
1133, 0.000493, 0.000356, 0.000351
1134, 0.000490, 0.000359, 0.000353
1135, 0.000492, 0.000360, 0.000355
1136, 0.000490, 0.000351, 0.000345
1137, 0.000488, 0.000358, 0.000353
1138, 0.000488, 0.000353, 0.000349
1139, 0.000486, 0.000353, 0.000348
1140, 0.000484, 0.000348, 0.000343
1141, 0.000486, 0.000350, 0.000347
1142, 0.000485, 0.000357, 0.000353
1143, 0.000485, 0.000344, 0.000339
1144, 0.000487, 0.000362, 0.000358
1145, 0.000486, 0.000346, 0.000340
1146, 0.000483, 0.000343, 0.000338
1147, 0.000483, 0.000373, 0.000368
1148, 0.000488, 0.000336, 0.000330
1149, 0.000488, 0.000364, 0.000358
1150, 0.000482, 0.000347, 0.000345
1151, 0.000484, 0.000350, 0.000344
1152, 0.000481, 0.000344, 0.000341
1153, 0.000478, 0.000336, 0.000333
1154, 0.000478, 0.000352, 0.000345
1155, 0.000481, 0.000334, 0.000333
1156, 0.000481, 0.000366, 0.000360
1157, 0.000482, 0.000329, 0.000326
1158, 0.000483, 0.000362, 0.000357
1159, 0.000480, 0.000330, 0.000326
1160, 0.000473, 0.000336, 0.000331
1161, 0.000471, 0.000347, 0.000343
1162, 0.000473, 0.000325, 0.000321
1163, 0.000475, 0.000352, 0.000346
1164, 0.000473, 0.000328, 0.000326
1165, 0.000474, 0.000344, 0.000338
1166, 0.000471, 0.000328, 0.000325
1167, 0.000472, 0.000338, 0.000333
1168, 0.000468, 0.000325, 0.000322
1169, 0.000467, 0.000337, 0.000334
1170, 0.000467, 0.000322, 0.000318
1171, 0.000466, 0.000329, 0.000325
1172, 0.000467, 0.000326, 0.000323
1173, 0.000467, 0.000328, 0.000324
1174, 0.000461, 0.000322, 0.000317
1175, 0.000466, 0.000332, 0.000328
1176, 0.000466, 0.000325, 0.000321
1177, 0.000465, 0.000324, 0.000320
1178, 0.000461, 0.000325, 0.000322
1179, 0.000463, 0.000316, 0.000313
1180, 0.000461, 0.000336, 0.000330
1181, 0.000464, 0.000318, 0.000316
1182, 0.000463, 0.000336, 0.000329
1183, 0.000464, 0.000317, 0.000314
1184, 0.000462, 0.000331, 0.000328
1185, 0.000463, 0.000315, 0.000312
1186, 0.000461, 0.000330, 0.000327
1187, 0.000461, 0.000316, 0.000312
1188, 0.000460, 0.000326, 0.000322
1189, 0.000457, 0.000315, 0.000312
1190, 0.000456, 0.000319, 0.000315
1191, 0.000458, 0.000322, 0.000318
1192, 0.000460, 0.000311, 0.000308
1193, 0.000459, 0.000333, 0.000329
1194, 0.000460, 0.000311, 0.000309
1195, 0.000459, 0.000320, 0.000315
1196, 0.000455, 0.000317, 0.000312
1197, 0.000454, 0.000314, 0.000313
1198, 0.000457, 0.000339, 0.000333
1199, 0.000461, 0.000308, 0.000307
1200, 0.000460, 0.000338, 0.000334
1201, 0.000458, 0.000306, 0.000301
1202, 0.000459, 0.000327, 0.000324
1203, 0.000454, 0.000313, 0.000310
1204, 0.000450, 0.000309, 0.000304
1205, 0.000453, 0.000325, 0.000323
1206, 0.000456, 0.000306, 0.000302
1207, 0.000453, 0.000311, 0.000308
1208, 0.000450, 0.000319, 0.000316
1209, 0.000454, 0.000303, 0.000299
1210, 0.000452, 0.000315, 0.000311
1211, 0.000450, 0.000315, 0.000312
1212, 0.000451, 0.000301, 0.000297
1213, 0.000453, 0.000341, 0.000336
1214, 0.000456, 0.000301, 0.000299
1215, 0.000460, 0.000348, 0.000342
1216, 0.000462, 0.000304, 0.000304
1217, 0.000463, 0.000340, 0.000334
1218, 0.000458, 0.000304, 0.000303
1219, 0.000455, 0.000327, 0.000323
1220, 0.000449, 0.000302, 0.000298
1221, 0.000449, 0.000306, 0.000304
1222, 0.000450, 0.000327, 0.000322
1223, 0.000451, 0.000297, 0.000295
1224, 0.000455, 0.000341, 0.000337
1225, 0.000455, 0.000295, 0.000292
1226, 0.000448, 0.000305, 0.000302
1227, 0.000445, 0.000322, 0.000318
1228, 0.000447, 0.000296, 0.000294
1229, 0.000451, 0.000341, 0.000336
1230, 0.000456, 0.000293, 0.000291
1231, 0.000452, 0.000314, 0.000309
1232, 0.000446, 0.000305, 0.000303
1233, 0.000445, 0.000295, 0.000290
1234, 0.000448, 0.000328, 0.000324
1235, 0.000452, 0.000298, 0.000297
1236, 0.000455, 0.000340, 0.000334
1237, 0.000455, 0.000296, 0.000295
1238, 0.000449, 0.000300, 0.000297
1239, 0.000442, 0.000316, 0.000311
1240, 0.000446, 0.000298, 0.000299
1241, 0.000455, 0.000339, 0.000333
1242, 0.000454, 0.000292, 0.000290
1243, 0.000452, 0.000313, 0.000309
1244, 0.000445, 0.000295, 0.000292
1245, 0.000440, 0.000295, 0.000292
1246, 0.000439, 0.000302, 0.000299
1247, 0.000441, 0.000296, 0.000294
1248, 0.000441, 0.000300, 0.000297
1249, 0.000440, 0.000297, 0.000295
1250, 0.000443, 0.000306, 0.000303
1251, 0.000441, 0.000290, 0.000287
1252, 0.000439, 0.000301, 0.000298
1253, 0.000440, 0.000305, 0.000302
1254, 0.000441, 0.000289, 0.000287
1255, 0.000443, 0.000326, 0.000321
1256, 0.000447, 0.000291, 0.000290
1257, 0.000441, 0.000300, 0.000297
1258, 0.000437, 0.000302, 0.000298
1259, 0.000438, 0.000292, 0.000290
1260, 0.000443, 0.000313, 0.000309
1261, 0.000440, 0.000294, 0.000292
1262, 0.000444, 0.000315, 0.000311
1263, 0.000446, 0.000288, 0.000285
1264, 0.000437, 0.000296, 0.000293
1265, 0.000436, 0.000314, 0.000310
1266, 0.000443, 0.000286, 0.000284
1267, 0.000446, 0.000330, 0.000326
1268, 0.000449, 0.000289, 0.000289
1269, 0.000451, 0.000320, 0.000318
1270, 0.000444, 0.000286, 0.000285
1271, 0.000439, 0.000292, 0.000289
1272, 0.000437, 0.000301, 0.000297
1273, 0.000438, 0.000286, 0.000284
1274, 0.000439, 0.000332, 0.000325
1275, 0.000447, 0.000290, 0.000289
1276, 0.000448, 0.000311, 0.000307
1277, 0.000440, 0.000294, 0.000292
1278, 0.000434, 0.000288, 0.000287
1279, 0.000439, 0.000322, 0.000316
1280, 0.000445, 0.000288, 0.000288
1281, 0.000442, 0.000310, 0.000304
1282, 0.000436, 0.000296, 0.000291
1283, 0.000436, 0.000287, 0.000286
1284, 0.000440, 0.000316, 0.000312
1285, 0.000439, 0.000284, 0.000283
1286, 0.000438, 0.000293, 0.000291
1287, 0.000434, 0.000304, 0.000300
1288, 0.000436, 0.000285, 0.000284
1289, 0.000442, 0.000317, 0.000312
1290, 0.000439, 0.000284, 0.000280
1291, 0.000436, 0.000292, 0.000289
1292, 0.000434, 0.000310, 0.000306
1293, 0.000439, 0.000285, 0.000284
1294, 0.000445, 0.000340, 0.000335
1295, 0.000448, 0.000283, 0.000281
1296, 0.000440, 0.000292, 0.000288
1297, 0.000431, 0.000302, 0.000298
1298, 0.000432, 0.000284, 0.000283
1299, 0.000435, 0.000311, 0.000308
1300, 0.000435, 0.000282, 0.000280
1301, 0.000433, 0.000287, 0.000285
1302, 0.000430, 0.000298, 0.000295
1303, 0.000431, 0.000282, 0.000279
1304, 0.000435, 0.000309, 0.000304
1305, 0.000433, 0.000281, 0.000278
1306, 0.000432, 0.000291, 0.000288
1307, 0.000430, 0.000291, 0.000288
1308, 0.000430, 0.000280, 0.000278
1309, 0.000432, 0.000294, 0.000292
1310, 0.000430, 0.000286, 0.000283
1311, 0.000429, 0.000286, 0.000282
1312, 0.000428, 0.000292, 0.000289
1313, 0.000430, 0.000286, 0.000283
1314, 0.000427, 0.000289, 0.000287
1315, 0.000430, 0.000294, 0.000292
1316, 0.000430, 0.000282, 0.000279
1317, 0.000428, 0.000293, 0.000290
1318, 0.000428, 0.000289, 0.000286
1319, 0.000425, 0.000284, 0.000281
1320, 0.000428, 0.000298, 0.000296
1321, 0.000432, 0.000282, 0.000280
1322, 0.000428, 0.000291, 0.000288
1323, 0.000427, 0.000290, 0.000288
1324, 0.000427, 0.000281, 0.000279
1325, 0.000427, 0.000291, 0.000288
1326, 0.000426, 0.000288, 0.000286
1327, 0.000426, 0.000283, 0.000279
1328, 0.000425, 0.000288, 0.000285
1329, 0.000427, 0.000282, 0.000279
1330, 0.000427, 0.000281, 0.000277
1331, 0.000424, 0.000294, 0.000291
1332, 0.000426, 0.000279, 0.000277
1333, 0.000427, 0.000297, 0.000292
1334, 0.000426, 0.000282, 0.000280
1335, 0.000426, 0.000286, 0.000284
1336, 0.000423, 0.000294, 0.000290
1337, 0.000426, 0.000279, 0.000277
1338, 0.000427, 0.000304, 0.000301
1339, 0.000427, 0.000281, 0.000278
1340, 0.000425, 0.000286, 0.000284
1341, 0.000424, 0.000295, 0.000291
1342, 0.000426, 0.000278, 0.000276
1343, 0.000425, 0.000290, 0.000287
1344, 0.000423, 0.000284, 0.000281
1345, 0.000422, 0.000279, 0.000276
1346, 0.000426, 0.000295, 0.000292
1347, 0.000423, 0.000275, 0.000273
1348, 0.000424, 0.000292, 0.000289
1349, 0.000422, 0.000286, 0.000284
1350, 0.000423, 0.000277, 0.000274
1351, 0.000426, 0.000303, 0.000298
1352, 0.000427, 0.000276, 0.000275
1353, 0.000427, 0.000291, 0.000286
1354, 0.000425, 0.000295, 0.000293
1355, 0.000424, 0.000275, 0.000273
1356, 0.000428, 0.000310, 0.000306
1357, 0.000429, 0.000280, 0.000279
1358, 0.000428, 0.000293, 0.000289
1359, 0.000422, 0.000289, 0.000285
1360, 0.000423, 0.000276, 0.000275
1361, 0.000427, 0.000318, 0.000312
1362, 0.000432, 0.000278, 0.000277
1363, 0.000429, 0.000298, 0.000295
1364, 0.000423, 0.000281, 0.000278
1365, 0.000421, 0.000280, 0.000279
1366, 0.000422, 0.000298, 0.000295
1367, 0.000422, 0.000278, 0.000275
1368, 0.000420, 0.000288, 0.000285
1369, 0.000421, 0.000281, 0.000277
1370, 0.000419, 0.000280, 0.000277
1371, 0.000419, 0.000287, 0.000284
1372, 0.000419, 0.000276, 0.000272
1373, 0.000422, 0.000284, 0.000281
1374, 0.000420, 0.000281, 0.000278
1375, 0.000419, 0.000277, 0.000274
1376, 0.000419, 0.000291, 0.000288
1377, 0.000419, 0.000278, 0.000275
1378, 0.000416, 0.000282, 0.000279
1379, 0.000419, 0.000287, 0.000283
1380, 0.000419, 0.000279, 0.000276
1381, 0.000420, 0.000286, 0.000282
1382, 0.000420, 0.000282, 0.000278
1383, 0.000418, 0.000274, 0.000272
1384, 0.000418, 0.000298, 0.000294
1385, 0.000421, 0.000271, 0.000269
1386, 0.000420, 0.000289, 0.000287
1387, 0.000419, 0.000283, 0.000280
1388, 0.000417, 0.000275, 0.000273
1389, 0.000420, 0.000304, 0.000299
1390, 0.000422, 0.000271, 0.000269
1391, 0.000422, 0.000306, 0.000302
1392, 0.000423, 0.000272, 0.000269
1393, 0.000421, 0.000285, 0.000282
1394, 0.000416, 0.000288, 0.000285
1395, 0.000416, 0.000273, 0.000270
1396, 0.000418, 0.000300, 0.000296
1397, 0.000420, 0.000272, 0.000270
1398, 0.000419, 0.000284, 0.000280
1399, 0.000415, 0.000281, 0.000279
1400, 0.000415, 0.000271, 0.000269
1401, 0.000418, 0.000304, 0.000301
1402, 0.000421, 0.000270, 0.000268
1403, 0.000425, 0.000306, 0.000302
1404, 0.000421, 0.000275, 0.000271
1405, 0.000417, 0.000276, 0.000273
1406, 0.000415, 0.000296, 0.000293
1407, 0.000418, 0.000271, 0.000268
1408, 0.000423, 0.000304, 0.000300
1409, 0.000417, 0.000275, 0.000273
1410, 0.000415, 0.000278, 0.000274
1411, 0.000414, 0.000294, 0.000290
1412, 0.000418, 0.000267, 0.000264
1413, 0.000417, 0.000296, 0.000292
1414, 0.000419, 0.000270, 0.000268
1415, 0.000416, 0.000281, 0.000277
1416, 0.000416, 0.000286, 0.000284
1417, 0.000416, 0.000274, 0.000271
1418, 0.000413, 0.000280, 0.000276
1419, 0.000416, 0.000282, 0.000279
1420, 0.000415, 0.000275, 0.000271
1421, 0.000412, 0.000281, 0.000277
1422, 0.000414, 0.000285, 0.000283
1423, 0.000415, 0.000276, 0.000272
1424, 0.000412, 0.000282, 0.000278
1425, 0.000413, 0.000279, 0.000277
1426, 0.000414, 0.000286, 0.000281
1427, 0.000412, 0.000271, 0.000268
1428, 0.000414, 0.000287, 0.000283
1429, 0.000413, 0.000274, 0.000270
1430, 0.000413, 0.000279, 0.000275
1431, 0.000414, 0.000285, 0.000282
1432, 0.000413, 0.000271, 0.000268
1433, 0.000412, 0.000285, 0.000282
1434, 0.000410, 0.000275, 0.000273
1435, 0.000412, 0.000275, 0.000272
1436, 0.000410, 0.000281, 0.000278
1437, 0.000410, 0.000275, 0.000272
1438, 0.000410, 0.000272, 0.000268
1439, 0.000410, 0.000290, 0.000286
1440, 0.000413, 0.000267, 0.000264
1441, 0.000412, 0.000286, 0.000282
1442, 0.000410, 0.000274, 0.000270
1443, 0.000410, 0.000274, 0.000271
1444, 0.000410, 0.000283, 0.000279
1445, 0.000409, 0.000273, 0.000270
1446, 0.000410, 0.000280, 0.000276
1447, 0.000410, 0.000277, 0.000274
1448, 0.000411, 0.000275, 0.000272
1449, 0.000410, 0.000276, 0.000273
1450, 0.000409, 0.000274, 0.000270
1451, 0.000409, 0.000275, 0.000272
1452, 0.000409, 0.000275, 0.000272
1453, 0.000410, 0.000279, 0.000276
1454, 0.000409, 0.000274, 0.000271
1455, 0.000410, 0.000286, 0.000281
1456, 0.000408, 0.000271, 0.000267
1457, 0.000413, 0.000286, 0.000282
1458, 0.000411, 0.000275, 0.000270
1459, 0.000408, 0.000274, 0.000271
1460, 0.000408, 0.000282, 0.000279
1461, 0.000408, 0.000278, 0.000274
1462, 0.000408, 0.000273, 0.000270
1463, 0.000409, 0.000281, 0.000278
1464, 0.000408, 0.000272, 0.000269
1465, 0.000408, 0.000278, 0.000273
1466, 0.000408, 0.000276, 0.000272
1467, 0.000407, 0.000277, 0.000273
1468, 0.000406, 0.000278, 0.000273
1469, 0.000409, 0.000272, 0.000268
1470, 0.000406, 0.000281, 0.000277
1471, 0.000408, 0.000273, 0.000268
1472, 0.000408, 0.000280, 0.000278
1473, 0.000408, 0.000272, 0.000268
1474, 0.000407, 0.000281, 0.000276
1475, 0.000407, 0.000266, 0.000264
1476, 0.000410, 0.000302, 0.000296
1477, 0.000412, 0.000263, 0.000259
1478, 0.000413, 0.000298, 0.000293
1479, 0.000409, 0.000269, 0.000265
1480, 0.000406, 0.000279, 0.000274
1481, 0.000409, 0.000285, 0.000282
1482, 0.000409, 0.000264, 0.000261
1483, 0.000406, 0.000285, 0.000280
1484, 0.000407, 0.000279, 0.000277
1485, 0.000409, 0.000278, 0.000273
1486, 0.000404, 0.000275, 0.000271
1487, 0.000405, 0.000274, 0.000272
1488, 0.000409, 0.000291, 0.000285
1489, 0.000407, 0.000264, 0.000261
1490, 0.000409, 0.000302, 0.000297
1491, 0.000409, 0.000261, 0.000258
1492, 0.000411, 0.000288, 0.000284
1493, 0.000406, 0.000274, 0.000270
1494, 0.000405, 0.000268, 0.000264
1495, 0.000405, 0.000291, 0.000286
1496, 0.000408, 0.000262, 0.000259
1497, 0.000408, 0.000293, 0.000288
1498, 0.000408, 0.000271, 0.000267
1499, 0.000407, 0.000268, 0.000264
1500, 0.000401, 0.000283, 0.000279
1501, 0.000406, 0.000269, 0.000266
1502, 0.000404, 0.000282, 0.000276
1503, 0.000405, 0.000271, 0.000267
1504, 0.000402, 0.000276, 0.000273
1505, 0.000405, 0.000274, 0.000269
1506, 0.000405, 0.000276, 0.000273
1507, 0.000402, 0.000268, 0.000266
1508, 0.000404, 0.000287, 0.000281
1509, 0.000406, 0.000266, 0.000264
1510, 0.000404, 0.000287, 0.000282
1511, 0.000404, 0.000267, 0.000262
1512, 0.000402, 0.000273, 0.000269
1513, 0.000399, 0.000278, 0.000273
1514, 0.000403, 0.000269, 0.000264
1515, 0.000402, 0.000272, 0.000268
1516, 0.000402, 0.000277, 0.000273
1517, 0.000399, 0.000271, 0.000267
1518, 0.000400, 0.000267, 0.000263
1519, 0.000400, 0.000285, 0.000281
1520, 0.000404, 0.000259, 0.000256
1521, 0.000403, 0.000300, 0.000294
1522, 0.000408, 0.000261, 0.000259
1523, 0.000406, 0.000282, 0.000276
1524, 0.000399, 0.000274, 0.000269
1525, 0.000399, 0.000264, 0.000260
1526, 0.000401, 0.000299, 0.000293
1527, 0.000405, 0.000259, 0.000256
1528, 0.000406, 0.000294, 0.000288
1529, 0.000403, 0.000264, 0.000260
1530, 0.000402, 0.000278, 0.000273
1531, 0.000400, 0.000269, 0.000264
1532, 0.000399, 0.000266, 0.000262
1533, 0.000399, 0.000282, 0.000277
1534, 0.000400, 0.000258, 0.000254
1535, 0.000402, 0.000285, 0.000279
1536, 0.000401, 0.000268, 0.000263
1537, 0.000397, 0.000269, 0.000263
1538, 0.000399, 0.000279, 0.000275
1539, 0.000399, 0.000268, 0.000264
1540, 0.000397, 0.000266, 0.000261
1541, 0.000397, 0.000285, 0.000280
1542, 0.000400, 0.000257, 0.000254
1543, 0.000400, 0.000292, 0.000286
1544, 0.000403, 0.000260, 0.000256
1545, 0.000400, 0.000279, 0.000274
1546, 0.000397, 0.000261, 0.000255
1547, 0.000397, 0.000274, 0.000268
1548, 0.000395, 0.000270, 0.000265
1549, 0.000399, 0.000262, 0.000257
1550, 0.000397, 0.000291, 0.000284
1551, 0.000402, 0.000257, 0.000254
1552, 0.000403, 0.000307, 0.000299
1553, 0.000404, 0.000259, 0.000256
1554, 0.000403, 0.000288, 0.000282
1555, 0.000399, 0.000261, 0.000258
1556, 0.000399, 0.000276, 0.000272
1557, 0.000398, 0.000264, 0.000259
1558, 0.000396, 0.000267, 0.000263
1559, 0.000392, 0.000272, 0.000267
1560, 0.000395, 0.000259, 0.000254
1561, 0.000397, 0.000279, 0.000274
1562, 0.000395, 0.000263, 0.000259
1563, 0.000395, 0.000267, 0.000262
1564, 0.000395, 0.000273, 0.000268
1565, 0.000393, 0.000262, 0.000258
1566, 0.000394, 0.000273, 0.000267
1567, 0.000395, 0.000268, 0.000264
1568, 0.000393, 0.000263, 0.000258
1569, 0.000393, 0.000278, 0.000272
1570, 0.000394, 0.000256, 0.000252
1571, 0.000396, 0.000282, 0.000276
1572, 0.000395, 0.000257, 0.000252
1573, 0.000395, 0.000267, 0.000261
1574, 0.000393, 0.000268, 0.000263
1575, 0.000394, 0.000260, 0.000255
1576, 0.000394, 0.000279, 0.000272
1577, 0.000394, 0.000260, 0.000256
1578, 0.000394, 0.000281, 0.000274
1579, 0.000393, 0.000262, 0.000257
1580, 0.000392, 0.000267, 0.000263
1581, 0.000392, 0.000273, 0.000267
1582, 0.000394, 0.000258, 0.000254
1583, 0.000393, 0.000283, 0.000277
1584, 0.000395, 0.000256, 0.000250
1585, 0.000395, 0.000276, 0.000271
1586, 0.000392, 0.000260, 0.000255
1587, 0.000392, 0.000263, 0.000257
1588, 0.000390, 0.000279, 0.000275
1589, 0.000393, 0.000251, 0.000246
1590, 0.000396, 0.000299, 0.000291
1591, 0.000400, 0.000254, 0.000251
1592, 0.000399, 0.000297, 0.000288
1593, 0.000398, 0.000253, 0.000249
1594, 0.000394, 0.000273, 0.000267
1595, 0.000391, 0.000270, 0.000263
1596, 0.000389, 0.000257, 0.000253
1597, 0.000394, 0.000299, 0.000292
1598, 0.000399, 0.000249, 0.000245
1599, 0.000399, 0.000298, 0.000292
1600, 0.000397, 0.000252, 0.000247
1601, 0.000390, 0.000254, 0.000249
1602, 0.000390, 0.000295, 0.000290
1603, 0.000399, 0.000249, 0.000244
1604, 0.000401, 0.000305, 0.000298
1605, 0.000400, 0.000250, 0.000246
1606, 0.000395, 0.000270, 0.000263
1607, 0.000390, 0.000273, 0.000266
1608, 0.000389, 0.000250, 0.000245
1609, 0.000392, 0.000301, 0.000292
1610, 0.000398, 0.000251, 0.000247
1611, 0.000398, 0.000283, 0.000275
1612, 0.000391, 0.000258, 0.000252
1613, 0.000387, 0.000251, 0.000247
1614, 0.000390, 0.000297, 0.000289
1615, 0.000395, 0.000247, 0.000242
1616, 0.000396, 0.000284, 0.000278
1617, 0.000392, 0.000254, 0.000248
1618, 0.000389, 0.000252, 0.000246
1619, 0.000386, 0.000280, 0.000274
1620, 0.000389, 0.000248, 0.000243
1621, 0.000391, 0.000268, 0.000261
1622, 0.000386, 0.000261, 0.000256
1623, 0.000387, 0.000254, 0.000248
1624, 0.000385, 0.000268, 0.000262
1625, 0.000387, 0.000252, 0.000247
1626, 0.000386, 0.000267, 0.000260
1627, 0.000387, 0.000253, 0.000247
1628, 0.000387, 0.000269, 0.000262
1629, 0.000386, 0.000253, 0.000247
1630, 0.000386, 0.000257, 0.000250
1631, 0.000383, 0.000260, 0.000253
1632, 0.000384, 0.000253, 0.000247
1633, 0.000382, 0.000261, 0.000254
1634, 0.000383, 0.000252, 0.000247
1635, 0.000386, 0.000264, 0.000257
1636, 0.000382, 0.000255, 0.000249
1637, 0.000386, 0.000263, 0.000257
1638, 0.000384, 0.000255, 0.000248
1639, 0.000385, 0.000260, 0.000253
1640, 0.000385, 0.000262, 0.000256
1641, 0.000385, 0.000254, 0.000247
1642, 0.000386, 0.000262, 0.000255
1643, 0.000382, 0.000253, 0.000247
1644, 0.000384, 0.000259, 0.000251
1645, 0.000383, 0.000254, 0.000248
1646, 0.000383, 0.000257, 0.000251
1647, 0.000380, 0.000255, 0.000249
1648, 0.000383, 0.000267, 0.000261
1649, 0.000383, 0.000251, 0.000244
1650, 0.000381, 0.000263, 0.000255
1651, 0.000381, 0.000255, 0.000249
1652, 0.000384, 0.000256, 0.000249
1653, 0.000381, 0.000261, 0.000254
1654, 0.000383, 0.000248, 0.000243
1655, 0.000386, 0.000276, 0.000268
1656, 0.000386, 0.000244, 0.000239
1657, 0.000387, 0.000277, 0.000271
1658, 0.000387, 0.000246, 0.000239
1659, 0.000384, 0.000271, 0.000264
1660, 0.000382, 0.000253, 0.000247
1661, 0.000381, 0.000257, 0.000249
1662, 0.000381, 0.000271, 0.000264
1663, 0.000382, 0.000246, 0.000241
1664, 0.000382, 0.000278, 0.000269
1665, 0.000383, 0.000248, 0.000243
1666, 0.000382, 0.000264, 0.000257
1667, 0.000381, 0.000257, 0.000249
1668, 0.000379, 0.000244, 0.000238
1669, 0.000382, 0.000284, 0.000276
1670, 0.000384, 0.000244, 0.000238
1671, 0.000380, 0.000251, 0.000244
1672, 0.000377, 0.000269, 0.000262
1673, 0.000383, 0.000241, 0.000236
1674, 0.000382, 0.000276, 0.000268
1675, 0.000381, 0.000251, 0.000245
1676, 0.000378, 0.000250, 0.000244
1677, 0.000377, 0.000274, 0.000266
1678, 0.000381, 0.000241, 0.000237
1679, 0.000383, 0.000279, 0.000271
1680, 0.000381, 0.000243, 0.000237
1681, 0.000378, 0.000257, 0.000251
1682, 0.000377, 0.000255, 0.000248
1683, 0.000376, 0.000249, 0.000242
1684, 0.000375, 0.000261, 0.000253
1685, 0.000377, 0.000251, 0.000244
1686, 0.000377, 0.000256, 0.000249
1687, 0.000375, 0.000257, 0.000250
1688, 0.000375, 0.000246, 0.000240
1689, 0.000377, 0.000271, 0.000263
1690, 0.000379, 0.000242, 0.000236
1691, 0.000377, 0.000266, 0.000257
1692, 0.000377, 0.000247, 0.000240
1693, 0.000375, 0.000254, 0.000247
1694, 0.000376, 0.000254, 0.000247
1695, 0.000374, 0.000245, 0.000239
1696, 0.000372, 0.000266, 0.000257
1697, 0.000376, 0.000243, 0.000236
1698, 0.000375, 0.000263, 0.000255
1699, 0.000374, 0.000253, 0.000245
1700, 0.000374, 0.000246, 0.000239
1701, 0.000373, 0.000266, 0.000257
1702, 0.000376, 0.000244, 0.000237
1703, 0.000375, 0.000260, 0.000252
1704, 0.000375, 0.000252, 0.000244
1705, 0.000372, 0.000242, 0.000235
1706, 0.000373, 0.000266, 0.000257
1707, 0.000374, 0.000244, 0.000237
1708, 0.000375, 0.000255, 0.000247
1709, 0.000372, 0.000253, 0.000246
1710, 0.000372, 0.000246, 0.000240
1711, 0.000372, 0.000268, 0.000259
1712, 0.000376, 0.000245, 0.000237
1713, 0.000374, 0.000260, 0.000252
1714, 0.000373, 0.000254, 0.000246
1715, 0.000372, 0.000248, 0.000239
1716, 0.000373, 0.000254, 0.000246
1717, 0.000373, 0.000248, 0.000241
1718, 0.000370, 0.000247, 0.000239
1719, 0.000372, 0.000252, 0.000245
1720, 0.000372, 0.000250, 0.000242
1721, 0.000369, 0.000248, 0.000240
1722, 0.000370, 0.000255, 0.000248
1723, 0.000372, 0.000249, 0.000241
1724, 0.000369, 0.000251, 0.000243
1725, 0.000370, 0.000252, 0.000244
1726, 0.000370, 0.000246, 0.000238
1727, 0.000368, 0.000253, 0.000244
1728, 0.000369, 0.000250, 0.000242
1729, 0.000370, 0.000251, 0.000243
1730, 0.000369, 0.000252, 0.000244
1731, 0.000368, 0.000252, 0.000244
1732, 0.000367, 0.000240, 0.000232
1733, 0.000371, 0.000269, 0.000260
1734, 0.000373, 0.000235, 0.000227
1735, 0.000371, 0.000268, 0.000259
1736, 0.000372, 0.000240, 0.000232
1737, 0.000369, 0.000259, 0.000250
1738, 0.000370, 0.000242, 0.000235
1739, 0.000369, 0.000255, 0.000247
1740, 0.000366, 0.000252, 0.000244
1741, 0.000367, 0.000236, 0.000230
1742, 0.000371, 0.000275, 0.000266
1743, 0.000373, 0.000231, 0.000224
1744, 0.000374, 0.000283, 0.000273
1745, 0.000372, 0.000237, 0.000229
1746, 0.000368, 0.000239, 0.000231
1747, 0.000367, 0.000273, 0.000264
1748, 0.000370, 0.000233, 0.000226
1749, 0.000374, 0.000277, 0.000267
1750, 0.000372, 0.000237, 0.000230
1751, 0.000369, 0.000249, 0.000241
1752, 0.000367, 0.000262, 0.000253
1753, 0.000367, 0.000232, 0.000224
1754, 0.000373, 0.000288, 0.000277
1755, 0.000377, 0.000234, 0.000228
1756, 0.000375, 0.000276, 0.000265
1757, 0.000371, 0.000235, 0.000227
1758, 0.000368, 0.000255, 0.000246
1759, 0.000366, 0.000247, 0.000238
1760, 0.000366, 0.000236, 0.000228
1761, 0.000364, 0.000260, 0.000252
1762, 0.000367, 0.000236, 0.000227
1763, 0.000366, 0.000249, 0.000241
1764, 0.000365, 0.000244, 0.000236
1765, 0.000365, 0.000243, 0.000235
1766, 0.000362, 0.000245, 0.000236
1767, 0.000364, 0.000238, 0.000231
1768, 0.000365, 0.000250, 0.000241
1769, 0.000363, 0.000238, 0.000230
1770, 0.000364, 0.000246, 0.000237
1771, 0.000362, 0.000239, 0.000230
1772, 0.000364, 0.000249, 0.000241
1773, 0.000362, 0.000242, 0.000233
1774, 0.000361, 0.000243, 0.000234
1775, 0.000364, 0.000256, 0.000247
1776, 0.000364, 0.000230, 0.000222
1777, 0.000366, 0.000276, 0.000265
1778, 0.000369, 0.000230, 0.000223
1779, 0.000371, 0.000284, 0.000271
1780, 0.000372, 0.000225, 0.000217
1781, 0.000367, 0.000254, 0.000244
1782, 0.000362, 0.000252, 0.000241
1783, 0.000363, 0.000228, 0.000220
1784, 0.000366, 0.000275, 0.000263
1785, 0.000368, 0.000228, 0.000220
1786, 0.000365, 0.000260, 0.000249
1787, 0.000363, 0.000235, 0.000227
1788, 0.000359, 0.000236, 0.000228
1789, 0.000361, 0.000261, 0.000250
1790, 0.000361, 0.000227, 0.000219
1791, 0.000363, 0.000265, 0.000255
1792, 0.000363, 0.000231, 0.000222
1793, 0.000360, 0.000238, 0.000229
1794, 0.000359, 0.000251, 0.000242
1795, 0.000360, 0.000225, 0.000216
1796, 0.000361, 0.000266, 0.000255
1797, 0.000364, 0.000232, 0.000224
1798, 0.000363, 0.000242, 0.000232
1799, 0.000359, 0.000244, 0.000233
1800, 0.000359, 0.000236, 0.000227
1801, 0.000358, 0.000245, 0.000234
1802, 0.000362, 0.000241, 0.000232
1803, 0.000359, 0.000240, 0.000231
1804, 0.000357, 0.000239, 0.000229
1805, 0.000361, 0.000244, 0.000235
1806, 0.000361, 0.000240, 0.000230
1807, 0.000357, 0.000239, 0.000228
1808, 0.000359, 0.000244, 0.000234
1809, 0.000361, 0.000252, 0.000240
1810, 0.000356, 0.000226, 0.000216
1811, 0.000359, 0.000261, 0.000249
1812, 0.000358, 0.000228, 0.000219
1813, 0.000359, 0.000237, 0.000226
1814, 0.000356, 0.000261, 0.000248
1815, 0.000360, 0.000222, 0.000213
1816, 0.000362, 0.000279, 0.000266
1817, 0.000363, 0.000221, 0.000213
1818, 0.000360, 0.000245, 0.000235
1819, 0.000358, 0.000245, 0.000235
1820, 0.000358, 0.000222, 0.000214
1821, 0.000360, 0.000274, 0.000262
1822, 0.000363, 0.000221, 0.000213
1823, 0.000360, 0.000252, 0.000241
1824, 0.000358, 0.000235, 0.000225
1825, 0.000354, 0.000227, 0.000219
1826, 0.000356, 0.000261, 0.000250
1827, 0.000358, 0.000222, 0.000213
1828, 0.000357, 0.000246, 0.000235
1829, 0.000354, 0.000232, 0.000222
1830, 0.000353, 0.000228, 0.000218
1831, 0.000353, 0.000243, 0.000232
1832, 0.000353, 0.000228, 0.000218
1833, 0.000353, 0.000239, 0.000228
1834, 0.000352, 0.000241, 0.000231
1835, 0.000352, 0.000223, 0.000214
1836, 0.000354, 0.000255, 0.000243
1837, 0.000354, 0.000222, 0.000212
1838, 0.000356, 0.000248, 0.000236
1839, 0.000356, 0.000231, 0.000221
1840, 0.000350, 0.000232, 0.000221
1841, 0.000352, 0.000245, 0.000234
1842, 0.000352, 0.000225, 0.000217
1843, 0.000352, 0.000250, 0.000239
1844, 0.000352, 0.000220, 0.000211
1845, 0.000355, 0.000259, 0.000249
1846, 0.000356, 0.000223, 0.000212
1847, 0.000353, 0.000236, 0.000225
1848, 0.000349, 0.000247, 0.000236
1849, 0.000354, 0.000218, 0.000207
1850, 0.000355, 0.000261, 0.000248
1851, 0.000354, 0.000227, 0.000218
1852, 0.000354, 0.000234, 0.000223
1853, 0.000349, 0.000240, 0.000230
1854, 0.000350, 0.000224, 0.000214
1855, 0.000351, 0.000242, 0.000231
1856, 0.000349, 0.000230, 0.000220
1857, 0.000349, 0.000228, 0.000218
1858, 0.000350, 0.000233, 0.000222
1859, 0.000350, 0.000233, 0.000223
1860, 0.000349, 0.000227, 0.000217
1861, 0.000347, 0.000239, 0.000229
1862, 0.000350, 0.000224, 0.000215
1863, 0.000349, 0.000241, 0.000230
1864, 0.000348, 0.000229, 0.000218
1865, 0.000345, 0.000224, 0.000214
1866, 0.000349, 0.000245, 0.000232
1867, 0.000348, 0.000224, 0.000213
1868, 0.000349, 0.000238, 0.000226
1869, 0.000347, 0.000232, 0.000220
1870, 0.000348, 0.000223, 0.000213
1871, 0.000346, 0.000247, 0.000235
1872, 0.000350, 0.000220, 0.000209
1873, 0.000349, 0.000240, 0.000228
1874, 0.000347, 0.000232, 0.000221
1875, 0.000346, 0.000224, 0.000214
1876, 0.000346, 0.000250, 0.000237
1877, 0.000348, 0.000220, 0.000210
1878, 0.000348, 0.000243, 0.000232
1879, 0.000347, 0.000224, 0.000213
1880, 0.000346, 0.000227, 0.000217
1881, 0.000344, 0.000244, 0.000233
1882, 0.000345, 0.000225, 0.000214
1883, 0.000346, 0.000230, 0.000219
1884, 0.000344, 0.000234, 0.000223
1885, 0.000345, 0.000225, 0.000214
1886, 0.000344, 0.000232, 0.000221
1887, 0.000346, 0.000228, 0.000217
1888, 0.000343, 0.000231, 0.000220
1889, 0.000343, 0.000229, 0.000218
1890, 0.000342, 0.000229, 0.000217
1891, 0.000345, 0.000232, 0.000221
1892, 0.000344, 0.000224, 0.000213
1893, 0.000342, 0.000233, 0.000221
1894, 0.000341, 0.000226, 0.000214
1895, 0.000342, 0.000229, 0.000217
1896, 0.000342, 0.000227, 0.000215
1897, 0.000342, 0.000229, 0.000217
1898, 0.000341, 0.000231, 0.000218
1899, 0.000341, 0.000230, 0.000218
1900, 0.000341, 0.000225, 0.000214
1901, 0.000342, 0.000239, 0.000226
1902, 0.000343, 0.000224, 0.000213
1903, 0.000340, 0.000230, 0.000220
1904, 0.000341, 0.000232, 0.000222
1905, 0.000340, 0.000218, 0.000208
1906, 0.000342, 0.000243, 0.000231
1907, 0.000342, 0.000215, 0.000205
1908, 0.000343, 0.000249, 0.000236
1909, 0.000344, 0.000215, 0.000203
1910, 0.000343, 0.000242, 0.000229
1911, 0.000342, 0.000227, 0.000215
1912, 0.000341, 0.000219, 0.000207
1913, 0.000343, 0.000255, 0.000242
1914, 0.000344, 0.000212, 0.000201
1915, 0.000342, 0.000244, 0.000232
1916, 0.000343, 0.000220, 0.000209
1917, 0.000340, 0.000229, 0.000216
1918, 0.000338, 0.000233, 0.000220
1919, 0.000339, 0.000221, 0.000209
1920, 0.000340, 0.000245, 0.000231
1921, 0.000342, 0.000211, 0.000200
1922, 0.000343, 0.000263, 0.000249
1923, 0.000344, 0.000209, 0.000198
1924, 0.000343, 0.000243, 0.000230
1925, 0.000341, 0.000227, 0.000214
1926, 0.000337, 0.000214, 0.000201
1927, 0.000340, 0.000256, 0.000241
1928, 0.000342, 0.000208, 0.000197
1929, 0.000344, 0.000262, 0.000247
1930, 0.000346, 0.000208, 0.000197
1931, 0.000346, 0.000266, 0.000251
1932, 0.000345, 0.000209, 0.000198
1933, 0.000343, 0.000239, 0.000225
1934, 0.000338, 0.000226, 0.000213
1935, 0.000334, 0.000213, 0.000200
1936, 0.000340, 0.000253, 0.000239
1937, 0.000344, 0.000209, 0.000197
1938, 0.000344, 0.000255, 0.000240
1939, 0.000340, 0.000219, 0.000208
1940, 0.000339, 0.000217, 0.000204
1941, 0.000339, 0.000246, 0.000232
1942, 0.000339, 0.000208, 0.000198
1943, 0.000342, 0.000254, 0.000238
1944, 0.000342, 0.000210, 0.000199
1945, 0.000340, 0.000237, 0.000223
1946, 0.000338, 0.000218, 0.000204
1947, 0.000337, 0.000217, 0.000206
1948, 0.000336, 0.000244, 0.000231
1949, 0.000338, 0.000204, 0.000193
1950, 0.000342, 0.000258, 0.000246
1951, 0.000342, 0.000207, 0.000197
1952, 0.000340, 0.000228, 0.000215
1953, 0.000334, 0.000223, 0.000211
1954, 0.000334, 0.000216, 0.000203
1955, 0.000334, 0.000233, 0.000218
1956, 0.000336, 0.000207, 0.000196
1957, 0.000336, 0.000238, 0.000223
1958, 0.000335, 0.000211, 0.000199
1959, 0.000332, 0.000217, 0.000205
1960, 0.000332, 0.000237, 0.000224
1961, 0.000335, 0.000207, 0.000195
1962, 0.000337, 0.000243, 0.000229
1963, 0.000335, 0.000210, 0.000199
1964, 0.000332, 0.000224, 0.000211
1965, 0.000333, 0.000219, 0.000206
1966, 0.000332, 0.000213, 0.000202
1967, 0.000332, 0.000231, 0.000218
1968, 0.000334, 0.000209, 0.000197
1969, 0.000331, 0.000235, 0.000222
1970, 0.000332, 0.000212, 0.000200
1971, 0.000333, 0.000221, 0.000208
1972, 0.000332, 0.000233, 0.000220
1973, 0.000332, 0.000205, 0.000193
1974, 0.000338, 0.000253, 0.000238
1975, 0.000337, 0.000202, 0.000191
1976, 0.000336, 0.000235, 0.000221
1977, 0.000331, 0.000214, 0.000201
1978, 0.000330, 0.000209, 0.000196
1979, 0.000329, 0.000242, 0.000228
1980, 0.000332, 0.000202, 0.000191
1981, 0.000333, 0.000241, 0.000227
1982, 0.000332, 0.000209, 0.000197
1983, 0.000330, 0.000216, 0.000204
1984, 0.000329, 0.000225, 0.000212
1985, 0.000328, 0.000204, 0.000192
1986, 0.000329, 0.000241, 0.000227
1987, 0.000332, 0.000201, 0.000189
1988, 0.000332, 0.000244, 0.000228
1989, 0.000334, 0.000206, 0.000194
1990, 0.000329, 0.000214, 0.000200
1991, 0.000328, 0.000239, 0.000223
1992, 0.000332, 0.000203, 0.000192
1993, 0.000333, 0.000236, 0.000220
1994, 0.000330, 0.000211, 0.000198
1995, 0.000328, 0.000215, 0.000203
1996, 0.000328, 0.000235, 0.000220
1997, 0.000329, 0.000201, 0.000189
1998, 0.000332, 0.000238, 0.000223
1999, 0.000329, 0.000210, 0.000196
2000, 0.000327, 0.000211, 0.000197
2001, 0.000328, 0.000225, 0.000211
2002, 0.000327, 0.000210, 0.000197
2003, 0.000327, 0.000214, 0.000200
2004, 0.000328, 0.000235, 0.000220
2005, 0.000328, 0.000199, 0.000187
2006, 0.000333, 0.000258, 0.000242
2007, 0.000334, 0.000196, 0.000185
2008, 0.000333, 0.000229, 0.000214
2009, 0.000327, 0.000216, 0.000202
2010, 0.000326, 0.000201, 0.000189
2011, 0.000328, 0.000250, 0.000234
2012, 0.000331, 0.000198, 0.000185
2013, 0.000327, 0.000229, 0.000213
2014, 0.000326, 0.000213, 0.000200
2015, 0.000323, 0.000201, 0.000189
2016, 0.000326, 0.000245, 0.000230
2017, 0.000329, 0.000197, 0.000185
2018, 0.000328, 0.000230, 0.000215
2019, 0.000325, 0.000217, 0.000203
2020, 0.000324, 0.000200, 0.000187
2021, 0.000325, 0.000248, 0.000232
2022, 0.000331, 0.000195, 0.000183
2023, 0.000328, 0.000227, 0.000211
2024, 0.000323, 0.000220, 0.000206
2025, 0.000323, 0.000197, 0.000184
2026, 0.000327, 0.000238, 0.000222
2027, 0.000326, 0.000203, 0.000189
2028, 0.000323, 0.000213, 0.000199
2029, 0.000323, 0.000218, 0.000203
2030, 0.000324, 0.000203, 0.000189
2031, 0.000324, 0.000232, 0.000217
2032, 0.000325, 0.000198, 0.000186
2033, 0.000326, 0.000226, 0.000211
2034, 0.000324, 0.000202, 0.000188
2035, 0.000323, 0.000212, 0.000198
2036, 0.000321, 0.000219, 0.000205
2037, 0.000321, 0.000204, 0.000190
2038, 0.000323, 0.000224, 0.000209
2039, 0.000323, 0.000205, 0.000192
2040, 0.000320, 0.000213, 0.000199
2041, 0.000322, 0.000216, 0.000203
2042, 0.000321, 0.000200, 0.000187
2043, 0.000322, 0.000227, 0.000211
2044, 0.000323, 0.000203, 0.000191
2045, 0.000323, 0.000213, 0.000199
2046, 0.000320, 0.000217, 0.000202
2047, 0.000321, 0.000201, 0.000188
2048, 0.000322, 0.000228, 0.000213
2049, 0.000321, 0.000201, 0.000187
2050, 0.000321, 0.000220, 0.000205
2051, 0.000320, 0.000209, 0.000195
2052, 0.000316, 0.000205, 0.000190
2053, 0.000319, 0.000221, 0.000206
2054, 0.000319, 0.000198, 0.000184
2055, 0.000321, 0.000227, 0.000211
2056, 0.000321, 0.000201, 0.000187
2057, 0.000319, 0.000221, 0.000205
2058, 0.000318, 0.000210, 0.000195
2059, 0.000319, 0.000210, 0.000196
2060, 0.000321, 0.000218, 0.000202
2061, 0.000319, 0.000205, 0.000190
2062, 0.000319, 0.000222, 0.000206
2063, 0.000319, 0.000202, 0.000188
2064, 0.000320, 0.000212, 0.000197
2065, 0.000317, 0.000215, 0.000201
2066, 0.000318, 0.000198, 0.000184
2067, 0.000320, 0.000234, 0.000219
2068, 0.000320, 0.000193, 0.000180
2069, 0.000319, 0.000229, 0.000212
2070, 0.000318, 0.000208, 0.000194
2071, 0.000315, 0.000205, 0.000190
2072, 0.000316, 0.000226, 0.000209
2073, 0.000319, 0.000194, 0.000180
2074, 0.000321, 0.000236, 0.000220
2075, 0.000319, 0.000196, 0.000183
2076, 0.000317, 0.000206, 0.000192
2077, 0.000314, 0.000231, 0.000216
2078, 0.000318, 0.000191, 0.000178
2079, 0.000319, 0.000233, 0.000217
2080, 0.000319, 0.000197, 0.000184
2081, 0.000317, 0.000215, 0.000200
2082, 0.000317, 0.000211, 0.000196
2083, 0.000315, 0.000201, 0.000188
2084, 0.000317, 0.000230, 0.000215
2085, 0.000317, 0.000194, 0.000181
2086, 0.000316, 0.000227, 0.000212
2087, 0.000314, 0.000210, 0.000195
2088, 0.000314, 0.000196, 0.000182
2089, 0.000315, 0.000239, 0.000223
2090, 0.000318, 0.000195, 0.000180
2091, 0.000317, 0.000221, 0.000205
2092, 0.000314, 0.000209, 0.000194
2093, 0.000314, 0.000193, 0.000178
2094, 0.000314, 0.000242, 0.000225
2095, 0.000318, 0.000189, 0.000175
2096, 0.000316, 0.000223, 0.000207
2097, 0.000314, 0.000211, 0.000195
2098, 0.000313, 0.000193, 0.000179
2099, 0.000317, 0.000252, 0.000235
2100, 0.000321, 0.000189, 0.000175
2101, 0.000322, 0.000238, 0.000222
2102, 0.000316, 0.000203, 0.000189
2103, 0.000311, 0.000196, 0.000181
2104, 0.000313, 0.000237, 0.000220
2105, 0.000316, 0.000183, 0.000169
2106, 0.000319, 0.000229, 0.000213
2107, 0.000315, 0.000208, 0.000192
2108, 0.000312, 0.000186, 0.000173
2109, 0.000317, 0.000266, 0.000248
2110, 0.000326, 0.000182, 0.000169
2111, 0.000326, 0.000252, 0.000235
2112, 0.000322, 0.000189, 0.000174
2113, 0.000316, 0.000212, 0.000197
2114, 0.000309, 0.000219, 0.000202
2115, 0.000311, 0.000192, 0.000177
2116, 0.000311, 0.000225, 0.000208
2117, 0.000312, 0.000198, 0.000183
2118, 0.000310, 0.000202, 0.000186
2119, 0.000311, 0.000209, 0.000194
2120, 0.000312, 0.000204, 0.000188
2121, 0.000310, 0.000202, 0.000187
2122, 0.000312, 0.000213, 0.000197
2123, 0.000309, 0.000194, 0.000179
2124, 0.000309, 0.000213, 0.000197
2125, 0.000309, 0.000199, 0.000184
2126, 0.000308, 0.000201, 0.000186
2127, 0.000309, 0.000214, 0.000198
2128, 0.000310, 0.000193, 0.000178
2129, 0.000309, 0.000222, 0.000205
2130, 0.000309, 0.000198, 0.000183
2131, 0.000309, 0.000203, 0.000187
2132, 0.000307, 0.000208, 0.000192
2133, 0.000307, 0.000199, 0.000183
2134, 0.000309, 0.000207, 0.000191
2135, 0.000307, 0.000203, 0.000187
2136, 0.000306, 0.000209, 0.000193
2137, 0.000309, 0.000203, 0.000188
2138, 0.000306, 0.000206, 0.000191
2139, 0.000308, 0.000200, 0.000185
2140, 0.000310, 0.000207, 0.000191
2141, 0.000307, 0.000202, 0.000187
2142, 0.000308, 0.000201, 0.000185
2143, 0.000307, 0.000216, 0.000199
2144, 0.000306, 0.000193, 0.000178
2145, 0.000308, 0.000220, 0.000203
2146, 0.000308, 0.000198, 0.000183
2147, 0.000307, 0.000202, 0.000187
2148, 0.000305, 0.000204, 0.000188
2149, 0.000306, 0.000204, 0.000189
2150, 0.000304, 0.000203, 0.000187
2151, 0.000304, 0.000195, 0.000179
2152, 0.000307, 0.000221, 0.000204
2153, 0.000306, 0.000191, 0.000176
2154, 0.000307, 0.000216, 0.000198
2155, 0.000305, 0.000208, 0.000191
2156, 0.000304, 0.000194, 0.000178
2157, 0.000306, 0.000224, 0.000206
2158, 0.000308, 0.000193, 0.000178
2159, 0.000307, 0.000215, 0.000198
2160, 0.000303, 0.000207, 0.000191
2161, 0.000302, 0.000194, 0.000180
2162, 0.000306, 0.000220, 0.000203
2163, 0.000306, 0.000192, 0.000176
2164, 0.000307, 0.000209, 0.000194
2165, 0.000303, 0.000211, 0.000194
2166, 0.000304, 0.000196, 0.000180
2167, 0.000306, 0.000213, 0.000196
2168, 0.000304, 0.000204, 0.000187
2169, 0.000303, 0.000200, 0.000182
2170, 0.000305, 0.000236, 0.000217
2171, 0.000307, 0.000185, 0.000170
2172, 0.000308, 0.000224, 0.000205
2173, 0.000306, 0.000202, 0.000186
2174, 0.000305, 0.000194, 0.000178
2175, 0.000305, 0.000231, 0.000213
2176, 0.000306, 0.000184, 0.000170
2177, 0.000310, 0.000241, 0.000224
2178, 0.000312, 0.000183, 0.000169
2179, 0.000306, 0.000219, 0.000203
2180, 0.000303, 0.000206, 0.000190
2181, 0.000304, 0.000192, 0.000178
2182, 0.000304, 0.000244, 0.000227
2183, 0.000310, 0.000184, 0.000169
2184, 0.000315, 0.000239, 0.000222
2185, 0.000309, 0.000189, 0.000174
2186, 0.000302, 0.000207, 0.000190
2187, 0.000306, 0.000217, 0.000202
2188, 0.000304, 0.000183, 0.000168
2189, 0.000303, 0.000240, 0.000220
2190, 0.000308, 0.000185, 0.000171
2191, 0.000308, 0.000215, 0.000197
2192, 0.000301, 0.000205, 0.000188
2193, 0.000301, 0.000186, 0.000171
2194, 0.000303, 0.000235, 0.000217
2195, 0.000306, 0.000182, 0.000167
2196, 0.000304, 0.000216, 0.000200
2197, 0.000301, 0.000201, 0.000185
2198, 0.000302, 0.000189, 0.000174
2199, 0.000301, 0.000230, 0.000212
2200, 0.000304, 0.000180, 0.000165
2201, 0.000305, 0.000226, 0.000208
2202, 0.000302, 0.000189, 0.000172
2203, 0.000299, 0.000199, 0.000182
2204, 0.000297, 0.000221, 0.000204
2205, 0.000302, 0.000180, 0.000165
2206, 0.000306, 0.000248, 0.000229
2207, 0.000309, 0.000178, 0.000163
2208, 0.000306, 0.000218, 0.000202
2209, 0.000302, 0.000193, 0.000177
2210, 0.000298, 0.000192, 0.000176
2211, 0.000301, 0.000220, 0.000203
2212, 0.000301, 0.000180, 0.000165
2213, 0.000302, 0.000220, 0.000204
2214, 0.000301, 0.000193, 0.000177
2215, 0.000298, 0.000187, 0.000172
2216, 0.000296, 0.000211, 0.000195
2217, 0.000300, 0.000188, 0.000173
2218, 0.000297, 0.000209, 0.000192
2219, 0.000296, 0.000203, 0.000186
2220, 0.000295, 0.000189, 0.000173
2221, 0.000298, 0.000217, 0.000199
2222, 0.000298, 0.000185, 0.000169
2223, 0.000298, 0.000206, 0.000190
2224, 0.000296, 0.000198, 0.000182
2225, 0.000296, 0.000187, 0.000172
2226, 0.000297, 0.000216, 0.000199
2227, 0.000298, 0.000179, 0.000164
2228, 0.000300, 0.000221, 0.000204
2229, 0.000300, 0.000182, 0.000167
2230, 0.000300, 0.000218, 0.000200
2231, 0.000297, 0.000187, 0.000170
2232, 0.000297, 0.000200, 0.000182
2233, 0.000296, 0.000207, 0.000188
2234, 0.000295, 0.000188, 0.000171
2235, 0.000296, 0.000219, 0.000200
2236, 0.000296, 0.000192, 0.000175
2237, 0.000295, 0.000199, 0.000182
2238, 0.000293, 0.000205, 0.000187
2239, 0.000293, 0.000183, 0.000167
2240, 0.000295, 0.000222, 0.000204
2241, 0.000297, 0.000180, 0.000164
2242, 0.000298, 0.000216, 0.000198
2243, 0.000295, 0.000186, 0.000170
2244, 0.000294, 0.000198, 0.000181
2245, 0.000294, 0.000212, 0.000194
2246, 0.000295, 0.000185, 0.000169
2247, 0.000296, 0.000211, 0.000194
2248, 0.000294, 0.000193, 0.000177
2249, 0.000293, 0.000196, 0.000179
2250, 0.000293, 0.000200, 0.000183
2251, 0.000291, 0.000191, 0.000174
2252, 0.000292, 0.000205, 0.000187
2253, 0.000292, 0.000196, 0.000179
2254, 0.000292, 0.000192, 0.000175
2255, 0.000294, 0.000210, 0.000192
2256, 0.000294, 0.000184, 0.000169
2257, 0.000294, 0.000219, 0.000202
2258, 0.000294, 0.000181, 0.000166
2259, 0.000295, 0.000212, 0.000195
2260, 0.000294, 0.000194, 0.000178
2261, 0.000291, 0.000191, 0.000175
2262, 0.000292, 0.000216, 0.000199
2263, 0.000292, 0.000179, 0.000163
2264, 0.000297, 0.000229, 0.000211
2265, 0.000297, 0.000184, 0.000169
2266, 0.000294, 0.000204, 0.000187
2267, 0.000291, 0.000205, 0.000188
2268, 0.000289, 0.000185, 0.000169
2269, 0.000291, 0.000220, 0.000202
2270, 0.000292, 0.000185, 0.000168
2271, 0.000293, 0.000210, 0.000192
2272, 0.000293, 0.000191, 0.000175
2273, 0.000290, 0.000202, 0.000185
2274, 0.000290, 0.000195, 0.000178
2275, 0.000291, 0.000198, 0.000181
2276, 0.000290, 0.000192, 0.000176
2277, 0.000291, 0.000215, 0.000197
2278, 0.000292, 0.000183, 0.000167
2279, 0.000292, 0.000214, 0.000197
2280, 0.000292, 0.000188, 0.000171
2281, 0.000290, 0.000201, 0.000185
2282, 0.000288, 0.000202, 0.000186
2283, 0.000288, 0.000183, 0.000166
2284, 0.000291, 0.000226, 0.000208
2285, 0.000291, 0.000181, 0.000165
2286, 0.000291, 0.000208, 0.000190
2287, 0.000290, 0.000191, 0.000174
2288, 0.000289, 0.000198, 0.000181
2289, 0.000287, 0.000200, 0.000182
2290, 0.000288, 0.000198, 0.000181
2291, 0.000287, 0.000187, 0.000170
2292, 0.000288, 0.000217, 0.000198
2293, 0.000290, 0.000183, 0.000167
2294, 0.000290, 0.000217, 0.000200
2295, 0.000289, 0.000184, 0.000168
2296, 0.000287, 0.000200, 0.000183
2297, 0.000286, 0.000200, 0.000182
2298, 0.000288, 0.000193, 0.000177
2299, 0.000286, 0.000199, 0.000181
2300, 0.000287, 0.000196, 0.000178
2301, 0.000287, 0.000210, 0.000191
2302, 0.000288, 0.000178, 0.000161
2303, 0.000291, 0.000244, 0.000224
2304, 0.000293, 0.000176, 0.000161
2305, 0.000289, 0.000211, 0.000194
2306, 0.000288, 0.000196, 0.000180
2307, 0.000287, 0.000187, 0.000171
2308, 0.000287, 0.000213, 0.000195
2309, 0.000287, 0.000179, 0.000163
2310, 0.000285, 0.000222, 0.000205
2311, 0.000291, 0.000175, 0.000159
2312, 0.000289, 0.000221, 0.000203
2313, 0.000288, 0.000183, 0.000167
2314, 0.000286, 0.000210, 0.000193
2315, 0.000286, 0.000191, 0.000174
2316, 0.000285, 0.000199, 0.000181
2317, 0.000285, 0.000201, 0.000183
2318, 0.000284, 0.000193, 0.000175
2319, 0.000285, 0.000208, 0.000189
2320, 0.000286, 0.000183, 0.000165
2321, 0.000285, 0.000208, 0.000189
2322, 0.000284, 0.000187, 0.000170
2323, 0.000283, 0.000203, 0.000186
2324, 0.000284, 0.000192, 0.000176
2325, 0.000283, 0.000190, 0.000174
2326, 0.000282, 0.000213, 0.000195
2327, 0.000283, 0.000177, 0.000161
2328, 0.000287, 0.000236, 0.000216
2329, 0.000289, 0.000173, 0.000157
2330, 0.000289, 0.000225, 0.000205
2331, 0.000285, 0.000183, 0.000165
2332, 0.000284, 0.000194, 0.000176
2333, 0.000282, 0.000210, 0.000191
2334, 0.000282, 0.000185, 0.000168
2335, 0.000281, 0.000211, 0.000192
2336, 0.000283, 0.000192, 0.000175
2337, 0.000282, 0.000190, 0.000173
2338, 0.000281, 0.000223, 0.000204
2339, 0.000286, 0.000173, 0.000158
2340, 0.000286, 0.000238, 0.000219
2341, 0.000288, 0.000173, 0.000157
2342, 0.000286, 0.000214, 0.000196
2343, 0.000282, 0.000189, 0.000172
2344, 0.000280, 0.000182, 0.000165
2345, 0.000282, 0.000231, 0.000212
2346, 0.000286, 0.000168, 0.000152
2347, 0.000289, 0.000242, 0.000223
2348, 0.000289, 0.000173, 0.000156
2349, 0.000285, 0.000207, 0.000189
2350, 0.000283, 0.000196, 0.000179
2351, 0.000281, 0.000176, 0.000160
2352, 0.000283, 0.000234, 0.000215
2353, 0.000286, 0.000169, 0.000154
2354, 0.000287, 0.000219, 0.000201
2355, 0.000284, 0.000191, 0.000174
2356, 0.000281, 0.000175, 0.000159
2357, 0.000283, 0.000242, 0.000222
2358, 0.000288, 0.000165, 0.000149
2359, 0.000291, 0.000241, 0.000220
2360, 0.000287, 0.000173, 0.000157
2361, 0.000282, 0.000199, 0.000181
2362, 0.000279, 0.000209, 0.000189
2363, 0.000281, 0.000170, 0.000153
2364, 0.000284, 0.000239, 0.000219
2365, 0.000288, 0.000170, 0.000154
2366, 0.000283, 0.000213, 0.000193
2367, 0.000281, 0.000191, 0.000174
2368, 0.000279, 0.000180, 0.000163
2369, 0.000280, 0.000223, 0.000203
2370, 0.000281, 0.000167, 0.000152
2371, 0.000285, 0.000227, 0.000207
2372, 0.000283, 0.000170, 0.000153
2373, 0.000280, 0.000201, 0.000183
2374, 0.000277, 0.000197, 0.000179
2375, 0.000276, 0.000173, 0.000155
2376, 0.000279, 0.000228, 0.000208
2377, 0.000283, 0.000168, 0.000151
2378, 0.000283, 0.000208, 0.000188
2379, 0.000278, 0.000200, 0.000181
2380, 0.000277, 0.000177, 0.000160
2381, 0.000279, 0.000216, 0.000196
2382, 0.000281, 0.000176, 0.000159
2383, 0.000277, 0.000191, 0.000174
2384, 0.000276, 0.000194, 0.000176
2385, 0.000275, 0.000182, 0.000164
2386, 0.000277, 0.000193, 0.000175
2387, 0.000278, 0.000191, 0.000173
2388, 0.000277, 0.000182, 0.000164
2389, 0.000278, 0.000207, 0.000189
2390, 0.000280, 0.000174, 0.000158
2391, 0.000276, 0.000206, 0.000186
2392, 0.000277, 0.000186, 0.000168
2393, 0.000276, 0.000186, 0.000169
2394, 0.000275, 0.000211, 0.000191
2395, 0.000277, 0.000171, 0.000153
2396, 0.000278, 0.000229, 0.000209
2397, 0.000280, 0.000176, 0.000158
2398, 0.000276, 0.000197, 0.000177
2399, 0.000275, 0.000204, 0.000186
2400, 0.000278, 0.000169, 0.000153
2401, 0.000280, 0.000227, 0.000208
2402, 0.000280, 0.000167, 0.000151
2403, 0.000279, 0.000207, 0.000189
2404, 0.000274, 0.000184, 0.000166
2405, 0.000274, 0.000181, 0.000163
2406, 0.000275, 0.000219, 0.000200
2407, 0.000276, 0.000169, 0.000152
2408, 0.000278, 0.000215, 0.000195
2409, 0.000276, 0.000181, 0.000163
2410, 0.000273, 0.000179, 0.000161
2411, 0.000272, 0.000218, 0.000199
2412, 0.000277, 0.000168, 0.000152
2413, 0.000277, 0.000217, 0.000198
2414, 0.000275, 0.000178, 0.000161
2415, 0.000274, 0.000178, 0.000161
2416, 0.000272, 0.000218, 0.000199
2417, 0.000277, 0.000170, 0.000153
2418, 0.000276, 0.000206, 0.000188
2419, 0.000274, 0.000187, 0.000169
2420, 0.000271, 0.000177, 0.000160
2421, 0.000272, 0.000222, 0.000202
2422, 0.000277, 0.000166, 0.000150
2423, 0.000276, 0.000216, 0.000196
2424, 0.000274, 0.000184, 0.000167
2425, 0.000271, 0.000176, 0.000159
2426, 0.000272, 0.000222, 0.000202
2427, 0.000275, 0.000167, 0.000151
2428, 0.000276, 0.000205, 0.000186
2429, 0.000272, 0.000189, 0.000172
2430, 0.000270, 0.000178, 0.000161
2431, 0.000271, 0.000207, 0.000189
2432, 0.000272, 0.000179, 0.000162
2433, 0.000269, 0.000193, 0.000175
2434, 0.000271, 0.000192, 0.000174
2435, 0.000271, 0.000181, 0.000164
2436, 0.000269, 0.000195, 0.000177
2437, 0.000271, 0.000178, 0.000160
2438, 0.000270, 0.000201, 0.000182
2439, 0.000269, 0.000176, 0.000157
2440, 0.000270, 0.000200, 0.000181
2441, 0.000268, 0.000182, 0.000164
2442, 0.000268, 0.000196, 0.000178
2443, 0.000267, 0.000185, 0.000167
2444, 0.000268, 0.000192, 0.000175
2445, 0.000268, 0.000189, 0.000172
2446, 0.000266, 0.000185, 0.000169
2447, 0.000268, 0.000194, 0.000177
2448, 0.000268, 0.000176, 0.000160
2449, 0.000269, 0.000200, 0.000181
2450, 0.000268, 0.000179, 0.000161
2451, 0.000269, 0.000193, 0.000174
2452, 0.000266, 0.000178, 0.000159
2453, 0.000268, 0.000200, 0.000181
2454, 0.000267, 0.000185, 0.000167
2455, 0.000265, 0.000183, 0.000165
2456, 0.000267, 0.000205, 0.000187
2457, 0.000268, 0.000169, 0.000152
2458, 0.000270, 0.000217, 0.000198
2459, 0.000270, 0.000170, 0.000153
2460, 0.000269, 0.000212, 0.000192
2461, 0.000268, 0.000179, 0.000161
2462, 0.000265, 0.000183, 0.000164
2463, 0.000263, 0.000200, 0.000181
2464, 0.000265, 0.000180, 0.000162
2465, 0.000264, 0.000194, 0.000175
2466, 0.000266, 0.000198, 0.000179
2467, 0.000268, 0.000171, 0.000154
2468, 0.000266, 0.000211, 0.000192
2469, 0.000266, 0.000175, 0.000157
2470, 0.000265, 0.000200, 0.000181
2471, 0.000264, 0.000194, 0.000175
2472, 0.000263, 0.000176, 0.000159
2473, 0.000265, 0.000211, 0.000192
2474, 0.000266, 0.000170, 0.000154
2475, 0.000266, 0.000197, 0.000179
2476, 0.000265, 0.000193, 0.000176
2477, 0.000264, 0.000181, 0.000165
2478, 0.000264, 0.000195, 0.000178
2479, 0.000264, 0.000186, 0.000168
2480, 0.000262, 0.000187, 0.000169
2481, 0.000265, 0.000180, 0.000163
2482, 0.000263, 0.000199, 0.000181
2483, 0.000263, 0.000181, 0.000163
2484, 0.000265, 0.000195, 0.000176
2485, 0.000261, 0.000187, 0.000169
2486, 0.000263, 0.000191, 0.000173
2487, 0.000262, 0.000196, 0.000178
2488, 0.000262, 0.000182, 0.000165
2489, 0.000262, 0.000195, 0.000178
2490, 0.000262, 0.000189, 0.000171
2491, 0.000261, 0.000195, 0.000177
2492, 0.000261, 0.000178, 0.000161
2493, 0.000261, 0.000198, 0.000179
2494, 0.000262, 0.000196, 0.000178
2495, 0.000263, 0.000170, 0.000153
2496, 0.000263, 0.000241, 0.000221
2497, 0.000269, 0.000156, 0.000140
2498, 0.000271, 0.000257, 0.000236
2499, 0.000274, 0.000154, 0.000139
2500, 0.000273, 0.000242, 0.000221
2501, 0.000269, 0.000167, 0.000150
2502, 0.000263, 0.000200, 0.000181
2503, 0.000260, 0.000198, 0.000180
2504, 0.000261, 0.000160, 0.000144
2505, 0.000267, 0.000256, 0.000236
2506, 0.000274, 0.000152, 0.000136
2507, 0.000280, 0.000269, 0.000248
2508, 0.000278, 0.000155, 0.000139
2509, 0.000270, 0.000206, 0.000187
2510, 0.000259, 0.000196, 0.000178
2511, 0.000259, 0.000163, 0.000147
2512, 0.000263, 0.000233, 0.000213
2513, 0.000265, 0.000160, 0.000144
2514, 0.000263, 0.000214, 0.000194
2515, 0.000262, 0.000171, 0.000154
2516, 0.000260, 0.000187, 0.000169
2517, 0.000257, 0.000200, 0.000182
2518, 0.000260, 0.000160, 0.000144
2519, 0.000263, 0.000228, 0.000208
2520, 0.000264, 0.000163, 0.000146
2521, 0.000260, 0.000194, 0.000176
2522, 0.000258, 0.000193, 0.000174
2523, 0.000255, 0.000164, 0.000147
2524, 0.000261, 0.000225, 0.000205
2525, 0.000264, 0.000158, 0.000141
2526, 0.000262, 0.000195, 0.000176
2527, 0.000257, 0.000187, 0.000169
2528, 0.000256, 0.000160, 0.000143
2529, 0.000257, 0.000229, 0.000208
2530, 0.000263, 0.000164, 0.000147
2531, 0.000261, 0.000186, 0.000168
2532, 0.000255, 0.000208, 0.000188
2533, 0.000259, 0.000156, 0.000139
2534, 0.000262, 0.000229, 0.000208
2535, 0.000262, 0.000163, 0.000146
2536, 0.000256, 0.000182, 0.000164
2537, 0.000253, 0.000200, 0.000181
2538, 0.000256, 0.000156, 0.000141
2539, 0.000262, 0.000238, 0.000219
2540, 0.000266, 0.000152, 0.000137
2541, 0.000267, 0.000219, 0.000201
2542, 0.000260, 0.000166, 0.000149
2543, 0.000255, 0.000179, 0.000161
2544, 0.000254, 0.000196, 0.000177
2545, 0.000255, 0.000159, 0.000142
2546, 0.000256, 0.000201, 0.000181
2547, 0.000254, 0.000177, 0.000159
2548, 0.000254, 0.000167, 0.000150
2549, 0.000254, 0.000210, 0.000192
2550, 0.000257, 0.000153, 0.000138
2551, 0.000260, 0.000213, 0.000195
2552, 0.000256, 0.000168, 0.000152
2553, 0.000252, 0.000177, 0.000159
2554, 0.000253, 0.000195, 0.000176
2555, 0.000253, 0.000167, 0.000150
2556, 0.000253, 0.000185, 0.000167
2557, 0.000251, 0.000189, 0.000170
2558, 0.000252, 0.000168, 0.000151
2559, 0.000252, 0.000201, 0.000182
2560, 0.000251, 0.000170, 0.000153
2561, 0.000250, 0.000174, 0.000156
2562, 0.000251, 0.000211, 0.000191
2563, 0.000255, 0.000156, 0.000140
2564, 0.000256, 0.000204, 0.000185
2565, 0.000252, 0.000175, 0.000157
2566, 0.000249, 0.000162, 0.000146
2567, 0.000252, 0.000208, 0.000190
2568, 0.000255, 0.000159, 0.000143
2569, 0.000254, 0.000193, 0.000176
2570, 0.000248, 0.000179, 0.000163
2571, 0.000250, 0.000170, 0.000153
2572, 0.000251, 0.000197, 0.000179
2573, 0.000252, 0.000166, 0.000149
2574, 0.000250, 0.000192, 0.000174
2575, 0.000250, 0.000170, 0.000153
2576, 0.000249, 0.000177, 0.000160
2577, 0.000248, 0.000198, 0.000180
2578, 0.000251, 0.000162, 0.000145
2579, 0.000251, 0.000207, 0.000188
2580, 0.000252, 0.000162, 0.000145
2581, 0.000252, 0.000195, 0.000176
2582, 0.000250, 0.000180, 0.000162
2583, 0.000248, 0.000163, 0.000147
2584, 0.000248, 0.000205, 0.000187
2585, 0.000249, 0.000159, 0.000142
2586, 0.000249, 0.000182, 0.000165
2587, 0.000248, 0.000191, 0.000173
2588, 0.000248, 0.000160, 0.000143
2589, 0.000248, 0.000213, 0.000194
2590, 0.000251, 0.000155, 0.000139
2591, 0.000251, 0.000215, 0.000195
2592, 0.000252, 0.000164, 0.000147
2593, 0.000247, 0.000175, 0.000157
2594, 0.000244, 0.000206, 0.000187
2595, 0.000248, 0.000151, 0.000135
2596, 0.000250, 0.000222, 0.000203
2597, 0.000251, 0.000155, 0.000139
2598, 0.000247, 0.000188, 0.000170
2599, 0.000245, 0.000186, 0.000169
2600, 0.000244, 0.000157, 0.000142
2601, 0.000246, 0.000212, 0.000193
2602, 0.000250, 0.000159, 0.000143
2603, 0.000247, 0.000184, 0.000166
2604, 0.000245, 0.000189, 0.000171
2605, 0.000244, 0.000154, 0.000138
2606, 0.000248, 0.000233, 0.000214
2607, 0.000252, 0.000147, 0.000132
2608, 0.000250, 0.000203, 0.000185
2609, 0.000244, 0.000183, 0.000166
2610, 0.000243, 0.000154, 0.000138
2611, 0.000249, 0.000235, 0.000216
2612, 0.000253, 0.000149, 0.000135
2613, 0.000250, 0.000206, 0.000188
2614, 0.000246, 0.000164, 0.000147
2615, 0.000245, 0.000176, 0.000160
2616, 0.000242, 0.000196, 0.000179
2617, 0.000244, 0.000151, 0.000136
2618, 0.000249, 0.000223, 0.000207
2619, 0.000249, 0.000151, 0.000137
2620, 0.000246, 0.000189, 0.000173
2621, 0.000241, 0.000188, 0.000171
2622, 0.000243, 0.000150, 0.000134
2623, 0.000249, 0.000247, 0.000225
2624, 0.000254, 0.000145, 0.000130
2625, 0.000250, 0.000198, 0.000179
2626, 0.000244, 0.000180, 0.000162
2627, 0.000241, 0.000156, 0.000140
2628, 0.000243, 0.000210, 0.000192
2629, 0.000246, 0.000156, 0.000140
2630, 0.000241, 0.000189, 0.000171
2631, 0.000240, 0.000181, 0.000164
2632, 0.000241, 0.000154, 0.000138
2633, 0.000243, 0.000222, 0.000203
2634, 0.000244, 0.000148, 0.000133
2635, 0.000244, 0.000192, 0.000175
2636, 0.000240, 0.000170, 0.000154
2637, 0.000239, 0.000159, 0.000143
2638, 0.000240, 0.000204, 0.000186
2639, 0.000241, 0.000154, 0.000138
2640, 0.000243, 0.000196, 0.000177
2641, 0.000240, 0.000163, 0.000145
2642, 0.000237, 0.000171, 0.000153
2643, 0.000237, 0.000194, 0.000175
2644, 0.000238, 0.000153, 0.000137
2645, 0.000239, 0.000207, 0.000189
2646, 0.000239, 0.000154, 0.000138
2647, 0.000239, 0.000188, 0.000172
2648, 0.000237, 0.000160, 0.000146
2649, 0.000237, 0.000179, 0.000164
2650, 0.000236, 0.000166, 0.000150
2651, 0.000236, 0.000165, 0.000150
2652, 0.000236, 0.000185, 0.000168
2653, 0.000237, 0.000163, 0.000147
2654, 0.000236, 0.000182, 0.000164
2655, 0.000234, 0.000175, 0.000157
2656, 0.000235, 0.000174, 0.000156
2657, 0.000235, 0.000170, 0.000154
2658, 0.000235, 0.000182, 0.000165
2659, 0.000235, 0.000168, 0.000152
2660, 0.000234, 0.000172, 0.000156
2661, 0.000233, 0.000176, 0.000159
2662, 0.000234, 0.000166, 0.000150
2663, 0.000234, 0.000186, 0.000168
2664, 0.000234, 0.000161, 0.000145
2665, 0.000233, 0.000183, 0.000166
2666, 0.000233, 0.000162, 0.000146
2667, 0.000233, 0.000184, 0.000167
2668, 0.000234, 0.000165, 0.000150
2669, 0.000233, 0.000179, 0.000163
2670, 0.000232, 0.000169, 0.000153
2671, 0.000232, 0.000172, 0.000155
2672, 0.000231, 0.000182, 0.000166
2673, 0.000232, 0.000161, 0.000145
2674, 0.000231, 0.000186, 0.000170
2675, 0.000231, 0.000173, 0.000157
2676, 0.000232, 0.000170, 0.000154
2677, 0.000232, 0.000191, 0.000174
2678, 0.000233, 0.000157, 0.000142
2679, 0.000233, 0.000210, 0.000192
2680, 0.000235, 0.000151, 0.000136
2681, 0.000235, 0.000213, 0.000194
2682, 0.000235, 0.000150, 0.000135
2683, 0.000234, 0.000201, 0.000183
2684, 0.000233, 0.000167, 0.000151
2685, 0.000230, 0.000158, 0.000143
2686, 0.000231, 0.000207, 0.000190
2687, 0.000233, 0.000144, 0.000130
2688, 0.000236, 0.000224, 0.000207
2689, 0.000239, 0.000145, 0.000131
2690, 0.000233, 0.000189, 0.000173
2691, 0.000230, 0.000180, 0.000164
2692, 0.000230, 0.000151, 0.000137
2693, 0.000232, 0.000222, 0.000204
2694, 0.000236, 0.000137, 0.000123
2695, 0.000240, 0.000231, 0.000212
2696, 0.000239, 0.000142, 0.000127
2697, 0.000236, 0.000189, 0.000173
2698, 0.000229, 0.000168, 0.000152
2699, 0.000227, 0.000165, 0.000149
2700, 0.000225, 0.000177, 0.000161
2701, 0.000227, 0.000161, 0.000146
2702, 0.000229, 0.000177, 0.000160
2703, 0.000226, 0.000174, 0.000158
2704, 0.000226, 0.000158, 0.000143
2705, 0.000227, 0.000189, 0.000173
2706, 0.000227, 0.000153, 0.000139
2707, 0.000226, 0.000186, 0.000171
2708, 0.000226, 0.000161, 0.000147
2709, 0.000224, 0.000174, 0.000159
2710, 0.000224, 0.000169, 0.000154
2711, 0.000223, 0.000165, 0.000150
2712, 0.000227, 0.000187, 0.000170
2713, 0.000225, 0.000147, 0.000133
2714, 0.000224, 0.000193, 0.000176
2715, 0.000226, 0.000153, 0.000138
2716, 0.000225, 0.000178, 0.000162
2717, 0.000223, 0.000165, 0.000151
2718, 0.000224, 0.000164, 0.000149
2719, 0.000225, 0.000184, 0.000167
2720, 0.000224, 0.000149, 0.000135
2721, 0.000225, 0.000198, 0.000181
2722, 0.000225, 0.000148, 0.000134
2723, 0.000226, 0.000183, 0.000168
2724, 0.000225, 0.000158, 0.000144
2725, 0.000222, 0.000170, 0.000154
2726, 0.000222, 0.000175, 0.000160
2727, 0.000222, 0.000161, 0.000146
2728, 0.000223, 0.000182, 0.000166
2729, 0.000224, 0.000166, 0.000151
2730, 0.000220, 0.000171, 0.000156
2731, 0.000220, 0.000174, 0.000158
2732, 0.000223, 0.000159, 0.000145
2733, 0.000221, 0.000177, 0.000161
2734, 0.000219, 0.000159, 0.000144
2735, 0.000223, 0.000175, 0.000159
2736, 0.000218, 0.000167, 0.000152
2737, 0.000219, 0.000155, 0.000140
2738, 0.000221, 0.000187, 0.000171
2739, 0.000220, 0.000149, 0.000134
2740, 0.000222, 0.000196, 0.000179
2741, 0.000222, 0.000140, 0.000126
2742, 0.000225, 0.000217, 0.000201
2743, 0.000225, 0.000138, 0.000124
2744, 0.000225, 0.000206, 0.000189
2745, 0.000223, 0.000146, 0.000133
2746, 0.000221, 0.000187, 0.000172
2747, 0.000220, 0.000158, 0.000143
2748, 0.000218, 0.000161, 0.000147
2749, 0.000214, 0.000184, 0.000168
2750, 0.000218, 0.000146, 0.000132
2751, 0.000217, 0.000188, 0.000172
2752, 0.000220, 0.000154, 0.000138
2753, 0.000216, 0.000173, 0.000156
2754, 0.000216, 0.000166, 0.000150
2755, 0.000216, 0.000162, 0.000146
2756, 0.000216, 0.000171, 0.000155
2757, 0.000215, 0.000161, 0.000146
2758, 0.000214, 0.000161, 0.000146
2759, 0.000216, 0.000172, 0.000157
2760, 0.000214, 0.000158, 0.000143
2761, 0.000214, 0.000173, 0.000158
2762, 0.000215, 0.000161, 0.000146
2763, 0.000214, 0.000160, 0.000146
2764, 0.000214, 0.000175, 0.000159
2765, 0.000214, 0.000150, 0.000136
2766, 0.000213, 0.000185, 0.000169
2767, 0.000214, 0.000148, 0.000133
2768, 0.000214, 0.000191, 0.000175
2769, 0.000214, 0.000140, 0.000126
2770, 0.000215, 0.000197, 0.000181
2771, 0.000215, 0.000143, 0.000130
2772, 0.000215, 0.000181, 0.000166
2773, 0.000212, 0.000157, 0.000143
2774, 0.000210, 0.000156, 0.000142
2775, 0.000212, 0.000187, 0.000172
2776, 0.000213, 0.000133, 0.000120
2777, 0.000217, 0.000240, 0.000223
2778, 0.000225, 0.000119, 0.000107
2779, 0.000232, 0.000264, 0.000247
2780, 0.000235, 0.000119, 0.000107
2781, 0.000230, 0.000225, 0.000210
2782, 0.000220, 0.000139, 0.000127
2783, 0.000212, 0.000159, 0.000146
2784, 0.000209, 0.000187, 0.000172
2785, 0.000212, 0.000132, 0.000119
2786, 0.000213, 0.000209, 0.000192
2787, 0.000216, 0.000135, 0.000121
2788, 0.000212, 0.000189, 0.000173
2789, 0.000212, 0.000148, 0.000134
2790, 0.000208, 0.000157, 0.000143
2791, 0.000207, 0.000164, 0.000151
2792, 0.000208, 0.000147, 0.000135
2793, 0.000211, 0.000183, 0.000169
2794, 0.000208, 0.000141, 0.000128
2795, 0.000209, 0.000167, 0.000154
2796, 0.000207, 0.000153, 0.000140
2797, 0.000205, 0.000148, 0.000135
2798, 0.000208, 0.000172, 0.000158
2799, 0.000208, 0.000142, 0.000129
2800, 0.000207, 0.000167, 0.000153
2801, 0.000206, 0.000155, 0.000142
2802, 0.000206, 0.000157, 0.000143
2803, 0.000206, 0.000158, 0.000144
2804, 0.000206, 0.000165, 0.000150
2805, 0.000205, 0.000143, 0.000128
2806, 0.000204, 0.000168, 0.000152
2807, 0.000205, 0.000144, 0.000129
2808, 0.000205, 0.000164, 0.000149
2809, 0.000204, 0.000146, 0.000133
2810, 0.000203, 0.000166, 0.000152
2811, 0.000205, 0.000149, 0.000137
2812, 0.000205, 0.000161, 0.000148
2813, 0.000204, 0.000151, 0.000139
2814, 0.000203, 0.000161, 0.000148
2815, 0.000204, 0.000151, 0.000138
2816, 0.000205, 0.000176, 0.000162
2817, 0.000204, 0.000132, 0.000120
2818, 0.000205, 0.000193, 0.000178
2819, 0.000207, 0.000125, 0.000113
2820, 0.000209, 0.000206, 0.000191
2821, 0.000209, 0.000124, 0.000112
2822, 0.000210, 0.000200, 0.000187
2823, 0.000209, 0.000127, 0.000116
2824, 0.000206, 0.000177, 0.000164
2825, 0.000203, 0.000148, 0.000135
2826, 0.000201, 0.000137, 0.000125
2827, 0.000201, 0.000201, 0.000187
2828, 0.000206, 0.000118, 0.000106
2829, 0.000214, 0.000234, 0.000218
2830, 0.000216, 0.000114, 0.000102
2831, 0.000216, 0.000216, 0.000202
2832, 0.000209, 0.000126, 0.000114
2833, 0.000204, 0.000167, 0.000153
2834, 0.000201, 0.000150, 0.000137
2835, 0.000198, 0.000142, 0.000129
2836, 0.000199, 0.000184, 0.000169
2837, 0.000201, 0.000120, 0.000108
2838, 0.000210, 0.000237, 0.000218
2839, 0.000217, 0.000109, 0.000098
2840, 0.000223, 0.000256, 0.000238
2841, 0.000222, 0.000110, 0.000099
2842, 0.000214, 0.000180, 0.000166
2843, 0.000202, 0.000161, 0.000149
2844, 0.000198, 0.000119, 0.000108
2845, 0.000203, 0.000205, 0.000190
2846, 0.000204, 0.000123, 0.000112
2847, 0.000202, 0.000176, 0.000162
2848, 0.000198, 0.000144, 0.000131
2849, 0.000195, 0.000131, 0.000119
2850, 0.000197, 0.000178, 0.000164
2851, 0.000199, 0.000120, 0.000109
2852, 0.000200, 0.000171, 0.000157
2853, 0.000197, 0.000133, 0.000121
2854, 0.000194, 0.000142, 0.000129
2855, 0.000194, 0.000164, 0.000150
2856, 0.000194, 0.000134, 0.000121
2857, 0.000194, 0.000150, 0.000137
2858, 0.000195, 0.000147, 0.000135
2859, 0.000193, 0.000129, 0.000117
2860, 0.000195, 0.000172, 0.000160
2861, 0.000197, 0.000121, 0.000110
2862, 0.000197, 0.000169, 0.000156
2863, 0.000196, 0.000131, 0.000119
2864, 0.000194, 0.000153, 0.000140
2865, 0.000192, 0.000146, 0.000132
2866, 0.000192, 0.000136, 0.000123
2867, 0.000193, 0.000162, 0.000149
2868, 0.000193, 0.000129, 0.000117
2869, 0.000194, 0.000146, 0.000134
2870, 0.000192, 0.000146, 0.000134
2871, 0.000192, 0.000126, 0.000115
2872, 0.000192, 0.000168, 0.000155
2873, 0.000192, 0.000125, 0.000115
2874, 0.000192, 0.000148, 0.000137
2875, 0.000189, 0.000140, 0.000129
2876, 0.000190, 0.000136, 0.000125
2877, 0.000188, 0.000154, 0.000142
2878, 0.000191, 0.000125, 0.000114
2879, 0.000191, 0.000171, 0.000157
2880, 0.000191, 0.000121, 0.000109
2881, 0.000193, 0.000154, 0.000140
2882, 0.000190, 0.000134, 0.000122
2883, 0.000189, 0.000138, 0.000126
2884, 0.000189, 0.000152, 0.000140
2885, 0.000188, 0.000124, 0.000114
2886, 0.000190, 0.000174, 0.000163
2887, 0.000189, 0.000117, 0.000107
2888, 0.000191, 0.000166, 0.000154
2889, 0.000189, 0.000127, 0.000115
2890, 0.000187, 0.000150, 0.000137
2891, 0.000187, 0.000141, 0.000129
2892, 0.000186, 0.000136, 0.000124
2893, 0.000185, 0.000142, 0.000130
2894, 0.000186, 0.000140, 0.000128
2895, 0.000186, 0.000143, 0.000131
2896, 0.000186, 0.000132, 0.000120
2897, 0.000186, 0.000155, 0.000142
2898, 0.000188, 0.000127, 0.000115
2899, 0.000187, 0.000164, 0.000149
2900, 0.000187, 0.000123, 0.000113
2901, 0.000189, 0.000184, 0.000171
2902, 0.000190, 0.000111, 0.000102
2903, 0.000190, 0.000173, 0.000162
2904, 0.000186, 0.000133, 0.000122
2905, 0.000183, 0.000123, 0.000112
2906, 0.000186, 0.000191, 0.000177
2907, 0.000192, 0.000102, 0.000092
2908, 0.000201, 0.000231, 0.000215
2909, 0.000204, 0.000098, 0.000089
2910, 0.000200, 0.000205, 0.000190
2911, 0.000193, 0.000116, 0.000106
2912, 0.000185, 0.000138, 0.000127
2913, 0.000181, 0.000170, 0.000158
2914, 0.000187, 0.000101, 0.000093
2915, 0.000195, 0.000227, 0.000214
2916, 0.000202, 0.000098, 0.000090
2917, 0.000200, 0.000189, 0.000178
2918, 0.000190, 0.000126, 0.000116
2919, 0.000181, 0.000109, 0.000099
2920, 0.000184, 0.000217, 0.000204
2921, 0.000199, 0.000098, 0.000089
2922, 0.000200, 0.000205, 0.000191
2923, 0.000192, 0.000119, 0.000109
2924, 0.000182, 0.000118, 0.000108
2925, 0.000182, 0.000190, 0.000178
2926, 0.000187, 0.000097, 0.000089
2927, 0.000195, 0.000198, 0.000186
2928, 0.000192, 0.000112, 0.000103
2929, 0.000182, 0.000122, 0.000112
2930, 0.000179, 0.000172, 0.000159
2931, 0.000183, 0.000101, 0.000092
2932, 0.000189, 0.000166, 0.000153
2933, 0.000182, 0.000132, 0.000121
2934, 0.000176, 0.000107, 0.000097
2935, 0.000183, 0.000193, 0.000179
2936, 0.000189, 0.000099, 0.000090
2937, 0.000189, 0.000167, 0.000156
2938, 0.000182, 0.000123, 0.000113
2939, 0.000176, 0.000108, 0.000099
2940, 0.000180, 0.000182, 0.000171
2941, 0.000186, 0.000097, 0.000089
2942, 0.000188, 0.000164, 0.000153
2943, 0.000178, 0.000131, 0.000121
2944, 0.000174, 0.000100, 0.000092
2945, 0.000182, 0.000189, 0.000175
2946, 0.000187, 0.000098, 0.000089
2947, 0.000183, 0.000149, 0.000137
2948, 0.000177, 0.000144, 0.000132
2949, 0.000177, 0.000102, 0.000092
2950, 0.000178, 0.000162, 0.000150
2951, 0.000178, 0.000113, 0.000103
2952, 0.000176, 0.000118, 0.000107
2953, 0.000175, 0.000163, 0.000150
2954, 0.000179, 0.000101, 0.000091
2955, 0.000180, 0.000151, 0.000139
2956, 0.000175, 0.000133, 0.000123
2957, 0.000174, 0.000104, 0.000095
2958, 0.000177, 0.000181, 0.000170
2959, 0.000182, 0.000099, 0.000092
2960, 0.000181, 0.000144, 0.000134
2961, 0.000173, 0.000132, 0.000122
2962, 0.000172, 0.000106, 0.000097
2963, 0.000176, 0.000164, 0.000152
2964, 0.000176, 0.000106, 0.000096
2965, 0.000174, 0.000134, 0.000124
2966, 0.000172, 0.000139, 0.000129
2967, 0.000172, 0.000107, 0.000098
2968, 0.000173, 0.000157, 0.000146
2969, 0.000174, 0.000112, 0.000103
2970, 0.000172, 0.000133, 0.000124
2971, 0.000172, 0.000117, 0.000109
2972, 0.000172, 0.000130, 0.000121
2973, 0.000171, 0.000122, 0.000112
2974, 0.000168, 0.000123, 0.000114
2975, 0.000170, 0.000139, 0.000129
2976, 0.000170, 0.000110, 0.000101
2977, 0.000172, 0.000146, 0.000136
2978, 0.000172, 0.000104, 0.000095
2979, 0.000172, 0.000145, 0.000134
2980, 0.000170, 0.000116, 0.000107
2981, 0.000168, 0.000131, 0.000121
2982, 0.000168, 0.000119, 0.000110
2983, 0.000168, 0.000119, 0.000109
2984, 0.000167, 0.000146, 0.000136
2985, 0.000171, 0.000102, 0.000094
2986, 0.000173, 0.000166, 0.000156
2987, 0.000172, 0.000101, 0.000094
2988, 0.000173, 0.000141, 0.000133
2989, 0.000167, 0.000132, 0.000123
2990, 0.000166, 0.000099, 0.000091
2991, 0.000170, 0.000172, 0.000162
2992, 0.000174, 0.000091, 0.000083
2993, 0.000175, 0.000159, 0.000148
2994, 0.000171, 0.000116, 0.000108
2995, 0.000166, 0.000106, 0.000099
2996, 0.000168, 0.000190, 0.000179
2997, 0.000176, 0.000092, 0.000085
2998, 0.000175, 0.000158, 0.000148
2999, 0.000170, 0.000127, 0.000118
3000, 0.000164, 0.000092, 0.000084
3001, 0.000173, 0.000201, 0.000190
3002, 0.000181, 0.000086, 0.000079
3003, 0.000180, 0.000155, 0.000145
3004, 0.000170, 0.000127, 0.000118
3005, 0.000166, 0.000094, 0.000086
3006, 0.000172, 0.000196, 0.000184
3007, 0.000179, 0.000090, 0.000083
3008, 0.000176, 0.000146, 0.000136
3009, 0.000165, 0.000133, 0.000124
3010, 0.000164, 0.000102, 0.000094
3011, 0.000167, 0.000154, 0.000144
3012, 0.000168, 0.000103, 0.000096
3013, 0.000164, 0.000122, 0.000113
3014, 0.000163, 0.000146, 0.000136
3015, 0.000165, 0.000094, 0.000087
3016, 0.000168, 0.000158, 0.000148
3017, 0.000167, 0.000106, 0.000098
3018, 0.000164, 0.000115, 0.000107
3019, 0.000161, 0.000138, 0.000129
3020, 0.000163, 0.000103, 0.000096
3021, 0.000163, 0.000141, 0.000132
3022, 0.000163, 0.000109, 0.000101
3023, 0.000162, 0.000121, 0.000112
3024, 0.000160, 0.000133, 0.000124
3025, 0.000161, 0.000102, 0.000094
3026, 0.000164, 0.000144, 0.000135
3027, 0.000162, 0.000113, 0.000105
3028, 0.000160, 0.000112, 0.000104
3029, 0.000160, 0.000134, 0.000125
3030, 0.000162, 0.000104, 0.000096
3031, 0.000159, 0.000123, 0.000114
3032, 0.000160, 0.000137, 0.000128
3033, 0.000160, 0.000100, 0.000092
3034, 0.000160, 0.000147, 0.000138
3035, 0.000163, 0.000105, 0.000098
3036, 0.000160, 0.000136, 0.000127
3037, 0.000159, 0.000116, 0.000108
3038, 0.000161, 0.000112, 0.000105
3039, 0.000160, 0.000130, 0.000121
3040, 0.000157, 0.000106, 0.000098
3041, 0.000158, 0.000135, 0.000126
3042, 0.000159, 0.000104, 0.000096
3043, 0.000158, 0.000130, 0.000121
3044, 0.000158, 0.000115, 0.000107
3045, 0.000159, 0.000112, 0.000104
3046, 0.000159, 0.000134, 0.000125
3047, 0.000156, 0.000107, 0.000099
3048, 0.000158, 0.000143, 0.000133
3049, 0.000158, 0.000112, 0.000104
3050, 0.000157, 0.000119, 0.000111
3051, 0.000156, 0.000134, 0.000126
3052, 0.000158, 0.000093, 0.000086
3053, 0.000161, 0.000154, 0.000145
3054, 0.000160, 0.000096, 0.000089
3055, 0.000158, 0.000134, 0.000125
3056, 0.000156, 0.000111, 0.000102
3057, 0.000155, 0.000114, 0.000105
3058, 0.000155, 0.000122, 0.000114
3059, 0.000154, 0.000124, 0.000116
3060, 0.000154, 0.000106, 0.000099
3061, 0.000155, 0.000146, 0.000138
3062, 0.000158, 0.000096, 0.000090
3063, 0.000159, 0.000174, 0.000164
3064, 0.000162, 0.000083, 0.000078
3065, 0.000165, 0.000172, 0.000162
3066, 0.000160, 0.000104, 0.000096
3067, 0.000154, 0.000107, 0.000099
3068, 0.000153, 0.000146, 0.000136
3069, 0.000156, 0.000091, 0.000084
3070, 0.000157, 0.000149, 0.000140
3071, 0.000156, 0.000094, 0.000088
3072, 0.000157, 0.000144, 0.000136
3073, 0.000156, 0.000103, 0.000097
3074, 0.000152, 0.000116, 0.000110
3075, 0.000151, 0.000146, 0.000138
3076, 0.000154, 0.000084, 0.000078
3077, 0.000157, 0.000163, 0.000154
3078, 0.000157, 0.000096, 0.000090
3079, 0.000153, 0.000113, 0.000106
3080, 0.000152, 0.000142, 0.000133
3081, 0.000153, 0.000088, 0.000082
3082, 0.000155, 0.000157, 0.000148
3083, 0.000156, 0.000092, 0.000085
3084, 0.000157, 0.000151, 0.000141
3085, 0.000155, 0.000092, 0.000085
3086, 0.000154, 0.000140, 0.000131
3087, 0.000152, 0.000105, 0.000098
3088, 0.000150, 0.000117, 0.000110
3089, 0.000152, 0.000125, 0.000119
3090, 0.000152, 0.000097, 0.000092
3091, 0.000154, 0.000140, 0.000133
3092, 0.000153, 0.000099, 0.000093
3093, 0.000151, 0.000119, 0.000112
3094, 0.000150, 0.000118, 0.000110
3095, 0.000149, 0.000101, 0.000093
3096, 0.000149, 0.000140, 0.000131
3097, 0.000149, 0.000108, 0.000101
3098, 0.000150, 0.000116, 0.000109
3099, 0.000147, 0.000111, 0.000104
3100, 0.000147, 0.000114, 0.000106
3101, 0.000148, 0.000105, 0.000098
3102, 0.000148, 0.000127, 0.000119
3103, 0.000148, 0.000094, 0.000088
3104, 0.000149, 0.000128, 0.000121
3105, 0.000148, 0.000100, 0.000095
3106, 0.000149, 0.000125, 0.000119
3107, 0.000147, 0.000107, 0.000102
3108, 0.000146, 0.000104, 0.000098
3109, 0.000147, 0.000142, 0.000134
3110, 0.000149, 0.000087, 0.000081
3111, 0.000151, 0.000148, 0.000139
3112, 0.000150, 0.000095, 0.000089
3113, 0.000148, 0.000112, 0.000106
3114, 0.000145, 0.000137, 0.000129
3115, 0.000148, 0.000087, 0.000081
3116, 0.000152, 0.000165, 0.000156
3117, 0.000153, 0.000082, 0.000077
3118, 0.000155, 0.000177, 0.000169
3119, 0.000157, 0.000078, 0.000073
3120, 0.000158, 0.000173, 0.000166
3121, 0.000156, 0.000082, 0.000078
3122, 0.000153, 0.000143, 0.000136
3123, 0.000148, 0.000099, 0.000093
3124, 0.000146, 0.000102, 0.000096
3125, 0.000145, 0.000135, 0.000127
3126, 0.000147, 0.000092, 0.000086
3127, 0.000146, 0.000127, 0.000120
3128, 0.000145, 0.000118, 0.000111
3129, 0.000143, 0.000096, 0.000090
3130, 0.000145, 0.000143, 0.000135
3131, 0.000147, 0.000086, 0.000080
3132, 0.000146, 0.000135, 0.000126
3133, 0.000145, 0.000099, 0.000092
3134, 0.000145, 0.000107, 0.000100
3135, 0.000144, 0.000130, 0.000121
3136, 0.000145, 0.000084, 0.000078
3137, 0.000147, 0.000164, 0.000155
3138, 0.000152, 0.000076, 0.000071
3139, 0.000153, 0.000174, 0.000165
3140, 0.000153, 0.000078, 0.000073
3141, 0.000150, 0.000146, 0.000137
3142, 0.000145, 0.000096, 0.000089
3143, 0.000142, 0.000112, 0.000104
3144, 0.000143, 0.000112, 0.000104
3145, 0.000141, 0.000096, 0.000089
3146, 0.000141, 0.000134, 0.000126
3147, 0.000145, 0.000089, 0.000082
3148, 0.000146, 0.000152, 0.000143
3149, 0.000148, 0.000078, 0.000073
3150, 0.000147, 0.000153, 0.000144
3151, 0.000146, 0.000085, 0.000079
3152, 0.000142, 0.000114, 0.000107
3153, 0.000141, 0.000121, 0.000114
3154, 0.000141, 0.000079, 0.000074
3155, 0.000146, 0.000172, 0.000163
3156, 0.000152, 0.000071, 0.000067
3157, 0.000156, 0.000188, 0.000178
3158, 0.000157, 0.000076, 0.000071
3159, 0.000147, 0.000128, 0.000120
3160, 0.000141, 0.000113, 0.000106
3161, 0.000139, 0.000081, 0.000075
3162, 0.000143, 0.000166, 0.000157
3163, 0.000151, 0.000071, 0.000067
3164, 0.000153, 0.000162, 0.000153
3165, 0.000147, 0.000091, 0.000086
3166, 0.000139, 0.000089, 0.000084
3167, 0.000140, 0.000162, 0.000154
3168, 0.000148, 0.000068, 0.000064
3169, 0.000154, 0.000168, 0.000160
3170, 0.000151, 0.000084, 0.000078
3171, 0.000143, 0.000110, 0.000103
3172, 0.000137, 0.000124, 0.000116
3173, 0.000138, 0.000077, 0.000072
3174, 0.000147, 0.000164, 0.000155
3175, 0.000148, 0.000077, 0.000072
3176, 0.000146, 0.000128, 0.000121
3177, 0.000139, 0.000102, 0.000097
3178, 0.000138, 0.000084, 0.000079
3179, 0.000141, 0.000144, 0.000137
3180, 0.000143, 0.000075, 0.000070
3181, 0.000144, 0.000141, 0.000134
3182, 0.000144, 0.000089, 0.000084
3183, 0.000140, 0.000099, 0.000093
3184, 0.000136, 0.000117, 0.000110
3185, 0.000138, 0.000090, 0.000084
3186, 0.000138, 0.000118, 0.000110
3187, 0.000137, 0.000089, 0.000084
3188, 0.000138, 0.000106, 0.000100
3189, 0.000137, 0.000106, 0.000100
3190, 0.000137, 0.000088, 0.000084
3191, 0.000136, 0.000136, 0.000131
3192, 0.000139, 0.000077, 0.000074
3193, 0.000140, 0.000141, 0.000136
3194, 0.000141, 0.000084, 0.000080
3195, 0.000140, 0.000106, 0.000099
3196, 0.000137, 0.000108, 0.000100
3197, 0.000136, 0.000094, 0.000087
3198, 0.000136, 0.000111, 0.000104
3199, 0.000136, 0.000099, 0.000093
3200, 0.000134, 0.000090, 0.000085
3201, 0.000136, 0.000125, 0.000119
3202, 0.000137, 0.000084, 0.000080
3203, 0.000136, 0.000119, 0.000113
3204, 0.000137, 0.000100, 0.000095
3205, 0.000135, 0.000100, 0.000095
3206, 0.000134, 0.000103, 0.000097
3207, 0.000134, 0.000099, 0.000092
3208, 0.000134, 0.000113, 0.000106
3209, 0.000133, 0.000087, 0.000081
3210, 0.000134, 0.000126, 0.000118
3211, 0.000135, 0.000082, 0.000077
3212, 0.000135, 0.000118, 0.000111
3213, 0.000135, 0.000089, 0.000082
3214, 0.000134, 0.000120, 0.000112
3215, 0.000134, 0.000086, 0.000080
3216, 0.000133, 0.000116, 0.000109
3217, 0.000134, 0.000095, 0.000089
3218, 0.000132, 0.000102, 0.000097
3219, 0.000132, 0.000097, 0.000093
3220, 0.000133, 0.000106, 0.000101
3221, 0.000134, 0.000099, 0.000094
3222, 0.000132, 0.000093, 0.000088
3223, 0.000130, 0.000114, 0.000109
3224, 0.000133, 0.000090, 0.000085
3225, 0.000133, 0.000113, 0.000105
3226, 0.000134, 0.000097, 0.000090
3227, 0.000133, 0.000094, 0.000087
3228, 0.000131, 0.000124, 0.000115
3229, 0.000134, 0.000075, 0.000070
3230, 0.000138, 0.000151, 0.000143
3231, 0.000139, 0.000069, 0.000065
3232, 0.000139, 0.000135, 0.000129
3233, 0.000135, 0.000090, 0.000086
3234, 0.000130, 0.000083, 0.000079
3235, 0.000132, 0.000161, 0.000155
3236, 0.000141, 0.000065, 0.000062
3237, 0.000147, 0.000173, 0.000165
3238, 0.000145, 0.000068, 0.000064
3239, 0.000141, 0.000138, 0.000130
3240, 0.000134, 0.000089, 0.000084
3241, 0.000131, 0.000089, 0.000083
3242, 0.000129, 0.000135, 0.000127
3243, 0.000132, 0.000068, 0.000065
3244, 0.000137, 0.000146, 0.000139
3245, 0.000135, 0.000080, 0.000076
3246, 0.000131, 0.000096, 0.000092
3247, 0.000129, 0.000118, 0.000112
3248, 0.000131, 0.000071, 0.000067
3249, 0.000135, 0.000160, 0.000153
3250, 0.000142, 0.000067, 0.000062
3251, 0.000142, 0.000145, 0.000136
3252, 0.000137, 0.000078, 0.000072
3253, 0.000134, 0.000102, 0.000095
3254, 0.000130, 0.000110, 0.000103
3255, 0.000130, 0.000082, 0.000078
3256, 0.000129, 0.000106, 0.000100
3257, 0.000128, 0.000096, 0.000091
3258, 0.000130, 0.000100, 0.000095
3259, 0.000126, 0.000090, 0.000086
3260, 0.000128, 0.000101, 0.000096
3261, 0.000130, 0.000102, 0.000096
3262, 0.000128, 0.000085, 0.000080
3263, 0.000129, 0.000118, 0.000111
3264, 0.000128, 0.000090, 0.000084
3265, 0.000127, 0.000091, 0.000085
3266, 0.000128, 0.000118, 0.000111
3267, 0.000129, 0.000069, 0.000065
3268, 0.000133, 0.000141, 0.000134
3269, 0.000135, 0.000069, 0.000067
3270, 0.000137, 0.000128, 0.000123
3271, 0.000130, 0.000083, 0.000080
3272, 0.000128, 0.000097, 0.000093
3273, 0.000126, 0.000110, 0.000104
3274, 0.000127, 0.000079, 0.000075
3275, 0.000128, 0.000118, 0.000112
3276, 0.000127, 0.000084, 0.000079
3277, 0.000129, 0.000114, 0.000109
3278, 0.000127, 0.000090, 0.000085
3279, 0.000127, 0.000080, 0.000076
3280, 0.000127, 0.000133, 0.000125
3281, 0.000132, 0.000063, 0.000058
3282, 0.000137, 0.000171, 0.000161
3283, 0.000143, 0.000062, 0.000059
3284, 0.000139, 0.000144, 0.000137
3285, 0.000133, 0.000081, 0.000078
3286, 0.000127, 0.000085, 0.000081
3287, 0.000125, 0.000122, 0.000118
3288, 0.000128, 0.000068, 0.000065
3289, 0.000131, 0.000136, 0.000131
3290, 0.000131, 0.000069, 0.000066
3291, 0.000129, 0.000115, 0.000110
3292, 0.000126, 0.000094, 0.000089
3293, 0.000124, 0.000078, 0.000074
3294, 0.000128, 0.000143, 0.000136
3295, 0.000131, 0.000064, 0.000060
3296, 0.000136, 0.000147, 0.000138
3297, 0.000132, 0.000072, 0.000067
3298, 0.000127, 0.000099, 0.000092
3299, 0.000123, 0.000105, 0.000098
3300, 0.000127, 0.000068, 0.000064
3301, 0.000129, 0.000141, 0.000134
3302, 0.000131, 0.000073, 0.000070
3303, 0.000127, 0.000103, 0.000098
3304, 0.000124, 0.000092, 0.000088
3305, 0.000123, 0.000087, 0.000083
3306, 0.000123, 0.000101, 0.000096
3307, 0.000123, 0.000080, 0.000077
3308, 0.000126, 0.000099, 0.000094
3309, 0.000123, 0.000090, 0.000085
3310, 0.000122, 0.000093, 0.000089
3311, 0.000123, 0.000092, 0.000087
3312, 0.000123, 0.000091, 0.000086
3313, 0.000122, 0.000090, 0.000085
3314, 0.000123, 0.000091, 0.000086
3315, 0.000124, 0.000096, 0.000090
3316, 0.000122, 0.000083, 0.000078
3317, 0.000123, 0.000113, 0.000106
3318, 0.000124, 0.000071, 0.000066
3319, 0.000125, 0.000121, 0.000113
3320, 0.000124, 0.000076, 0.000072
3321, 0.000123, 0.000095, 0.000089
3322, 0.000121, 0.000104, 0.000098
3323, 0.000122, 0.000069, 0.000066
3324, 0.000126, 0.000122, 0.000117
3325, 0.000126, 0.000068, 0.000065
3326, 0.000127, 0.000126, 0.000120
3327, 0.000125, 0.000079, 0.000075
3328, 0.000121, 0.000095, 0.000090
3329, 0.000121, 0.000090, 0.000085
3330, 0.000121, 0.000087, 0.000082
3331, 0.000122, 0.000099, 0.000092
3332, 0.000120, 0.000080, 0.000075
3333, 0.000123, 0.000112, 0.000105
3334, 0.000122, 0.000072, 0.000068
3335, 0.000124, 0.000122, 0.000115
3336, 0.000123, 0.000075, 0.000072
3337, 0.000124, 0.000102, 0.000097
3338, 0.000121, 0.000093, 0.000088
3339, 0.000121, 0.000079, 0.000075
3340, 0.000120, 0.000120, 0.000113
3341, 0.000124, 0.000065, 0.000062
3342, 0.000126, 0.000138, 0.000131
3343, 0.000128, 0.000061, 0.000058
3344, 0.000126, 0.000118, 0.000112
3345, 0.000122, 0.000083, 0.000078
3346, 0.000120, 0.000086, 0.000081
3347, 0.000119, 0.000106, 0.000100
3348, 0.000121, 0.000070, 0.000066
3349, 0.000123, 0.000124, 0.000117
3350, 0.000124, 0.000065, 0.000061
3351, 0.000128, 0.000155, 0.000146
3352, 0.000132, 0.000056, 0.000053
3353, 0.000136, 0.000164, 0.000156
3354, 0.000137, 0.000059, 0.000057
3355, 0.000131, 0.000124, 0.000118
3356, 0.000124, 0.000074, 0.000070
3357, 0.000120, 0.000082, 0.000077
3358, 0.000119, 0.000110, 0.000103
3359, 0.000120, 0.000067, 0.000063
3360, 0.000121, 0.000110, 0.000103
3361, 0.000121, 0.000084, 0.000078
3362, 0.000118, 0.000080, 0.000075
3363, 0.000118, 0.000113, 0.000105
3364, 0.000121, 0.000064, 0.000059
3365, 0.000123, 0.000124, 0.000116
3366, 0.000125, 0.000069, 0.000064
3367, 0.000122, 0.000113, 0.000106
3368, 0.000121, 0.000068, 0.000064
3369, 0.000120, 0.000114, 0.000110
3370, 0.000120, 0.000071, 0.000069
3371, 0.000117, 0.000088, 0.000085
3372, 0.000118, 0.000101, 0.000096
3373, 0.000117, 0.000064, 0.000059
3374, 0.000122, 0.000140, 0.000132
3375, 0.000126, 0.000064, 0.000060
3376, 0.000123, 0.000110, 0.000103
3377, 0.000119, 0.000090, 0.000084
3378, 0.000117, 0.000066, 0.000063
3379, 0.000120, 0.000139, 0.000131
3380, 0.000127, 0.000056, 0.000054
3381, 0.000129, 0.000146, 0.000139
3382, 0.000129, 0.000059, 0.000055
3383, 0.000128, 0.000127, 0.000120
3384, 0.000124, 0.000070, 0.000065
3385, 0.000117, 0.000082, 0.000077
3386, 0.000117, 0.000103, 0.000098
3387, 0.000118, 0.000063, 0.000060
3388, 0.000122, 0.000132, 0.000126
3389, 0.000123, 0.000064, 0.000061
3390, 0.000120, 0.000099, 0.000093
3391, 0.000116, 0.000092, 0.000086
3392, 0.000116, 0.000068, 0.000064
3393, 0.000119, 0.000128, 0.000119
3394, 0.000123, 0.000060, 0.000056
3395, 0.000123, 0.000113, 0.000106
3396, 0.000120, 0.000077, 0.000073
3397, 0.000115, 0.000072, 0.000068
3398, 0.000115, 0.000117, 0.000111
3399, 0.000121, 0.000061, 0.000058
3400, 0.000122, 0.000121, 0.000113
3401, 0.000119, 0.000070, 0.000065
3402, 0.000119, 0.000089, 0.000084
3403, 0.000116, 0.000091, 0.000086
3404, 0.000115, 0.000071, 0.000068
3405, 0.000116, 0.000100, 0.000096
3406, 0.000116, 0.000075, 0.000072
3407, 0.000114, 0.000081, 0.000077
3408, 0.000114, 0.000094, 0.000089
3409, 0.000116, 0.000072, 0.000068
3410, 0.000115, 0.000096, 0.000089
3411, 0.000115, 0.000085, 0.000079
3412, 0.000114, 0.000078, 0.000074
3413, 0.000115, 0.000103, 0.000098
3414, 0.000115, 0.000068, 0.000064
3415, 0.000117, 0.000100, 0.000094
3416, 0.000116, 0.000081, 0.000075
3417, 0.000114, 0.000076, 0.000071
3418, 0.000113, 0.000108, 0.000102
3419, 0.000117, 0.000064, 0.000061
3420, 0.000118, 0.000110, 0.000105
3421, 0.000117, 0.000070, 0.000067
3422, 0.000116, 0.000095, 0.000091
3423, 0.000114, 0.000076, 0.000072
3424, 0.000113, 0.000090, 0.000085
3425, 0.000114, 0.000082, 0.000077
3426, 0.000114, 0.000080, 0.000075
3427, 0.000113, 0.000100, 0.000093
3428, 0.000115, 0.000067, 0.000063
3429, 0.000116, 0.000114, 0.000106
3430, 0.000117, 0.000069, 0.000065
3431, 0.000114, 0.000098, 0.000093
3432, 0.000115, 0.000084, 0.000080
3433, 0.000114, 0.000076, 0.000073
3434, 0.000113, 0.000096, 0.000092
3435, 0.000114, 0.000068, 0.000065
3436, 0.000116, 0.000096, 0.000092
3437, 0.000114, 0.000069, 0.000066
3438, 0.000113, 0.000097, 0.000092
3439, 0.000113, 0.000078, 0.000073
3440, 0.000112, 0.000079, 0.000073
3441, 0.000113, 0.000105, 0.000097
3442, 0.000114, 0.000060, 0.000056
3443, 0.000118, 0.000145, 0.000136
3444, 0.000124, 0.000055, 0.000054
3445, 0.000126, 0.000143, 0.000136
3446, 0.000125, 0.000057, 0.000055
3447, 0.000117, 0.000099, 0.000095
3448, 0.000114, 0.000078, 0.000074
3449, 0.000111, 0.000074, 0.000071
3450, 0.000111, 0.000105, 0.000100
3451, 0.000113, 0.000063, 0.000060
3452, 0.000116, 0.000120, 0.000114
3453, 0.000116, 0.000061, 0.000059
3454, 0.000117, 0.000110, 0.000104
3455, 0.000115, 0.000065, 0.000062
3456, 0.000111, 0.000086, 0.000082
3457, 0.000111, 0.000080, 0.000075
3458, 0.000110, 0.000071, 0.000067
3459, 0.000111, 0.000102, 0.000097
3460, 0.000112, 0.000065, 0.000062
3461, 0.000115, 0.000124, 0.000118
3462, 0.000117, 0.000057, 0.000056
3463, 0.000120, 0.000142, 0.000136
3464, 0.000126, 0.000051, 0.000050
3465, 0.000125, 0.000130, 0.000123
3466, 0.000121, 0.000064, 0.000060
3467, 0.000115, 0.000090, 0.000084
3468, 0.000112, 0.000081, 0.000076
3469, 0.000111, 0.000077, 0.000071
3470, 0.000111, 0.000097, 0.000090
3471, 0.000110, 0.000063, 0.000059
3472, 0.000115, 0.000118, 0.000110
3473, 0.000116, 0.000058, 0.000055
3474, 0.000116, 0.000113, 0.000107
3475, 0.000115, 0.000070, 0.000066
3476, 0.000113, 0.000083, 0.000079
3477, 0.000112, 0.000077, 0.000072
3478, 0.000110, 0.000079, 0.000073
3479, 0.000110, 0.000081, 0.000078
3480, 0.000116, 0.000090, 0.000084
3481, 0.000114, 0.000077, 0.000073
3482, 0.000113, 0.000088, 0.000082
3483, 0.000109, 0.000077, 0.000073
3484, 0.000113, 0.000110, 0.000104
3485, 0.000118, 0.000056, 0.000054
3486, 0.000119, 0.000155, 0.000146
3487, 0.000128, 0.000056, 0.000056
3488, 0.000132, 0.000137, 0.000129
3489, 0.000122, 0.000067, 0.000064
3490, 0.000109, 0.000063, 0.000061
3491, 0.000113, 0.000142, 0.000136
3492, 0.000126, 0.000054, 0.000053
3493, 0.000127, 0.000135, 0.000128
3494, 0.000120, 0.000064, 0.000061
3495, 0.000116, 0.000093, 0.000089
3496, 0.000114, 0.000095, 0.000089
3497, 0.000111, 0.000057, 0.000053
3498, 0.000117, 0.000151, 0.000143
3499, 0.000131, 0.000059, 0.000056
3500, 0.000136, 0.000151, 0.000142
3501, 0.000126, 0.000056, 0.000053
3502, 0.000115, 0.000091, 0.000086
3503, 0.000111, 0.000108, 0.000102
3504, 0.000113, 0.000055, 0.000053
3505, 0.000120, 0.000150, 0.000142
3506, 0.000124, 0.000054, 0.000052
3507, 0.000119, 0.000096, 0.000091
3508, 0.000109, 0.000092, 0.000087
3509, 0.000110, 0.000052, 0.000050
3510, 0.000116, 0.000117, 0.000111
3511, 0.000116, 0.000059, 0.000055
3512, 0.000111, 0.000074, 0.000070
3513, 0.000108, 0.000096, 0.000090
3514, 0.000109, 0.000059, 0.000055
3515, 0.000112, 0.000110, 0.000103
3516, 0.000113, 0.000064, 0.000060
3517, 0.000110, 0.000081, 0.000076
3518, 0.000107, 0.000080, 0.000075
3519, 0.000107, 0.000067, 0.000062
3520, 0.000108, 0.000093, 0.000087
3521, 0.000108, 0.000063, 0.000059
3522, 0.000108, 0.000088, 0.000083
3523, 0.000108, 0.000072, 0.000068
3524, 0.000108, 0.000069, 0.000066
3525, 0.000108, 0.000093, 0.000088
3526, 0.000108, 0.000064, 0.000061
3527, 0.000108, 0.000086, 0.000080
3528, 0.000107, 0.000083, 0.000077
3529, 0.000106, 0.000065, 0.000061
3530, 0.000107, 0.000084, 0.000078
3531, 0.000106, 0.000067, 0.000062
3532, 0.000107, 0.000076, 0.000071
3533, 0.000105, 0.000074, 0.000070
3534, 0.000106, 0.000074, 0.000070
3535, 0.000106, 0.000086, 0.000081
3536, 0.000107, 0.000067, 0.000063
3537, 0.000106, 0.000080, 0.000075
3538, 0.000106, 0.000085, 0.000079
3539, 0.000106, 0.000063, 0.000059
3540, 0.000106, 0.000093, 0.000087
3541, 0.000107, 0.000067, 0.000063
3542, 0.000104, 0.000069, 0.000065
3543, 0.000105, 0.000082, 0.000078
3544, 0.000106, 0.000066, 0.000062
3545, 0.000106, 0.000080, 0.000077
3546, 0.000105, 0.000072, 0.000068
3547, 0.000105, 0.000083, 0.000078
3548, 0.000105, 0.000066, 0.000063
3549, 0.000104, 0.000085, 0.000081
3550, 0.000105, 0.000065, 0.000062
3551, 0.000106, 0.000082, 0.000077
3552, 0.000105, 0.000069, 0.000065
3553, 0.000105, 0.000073, 0.000069
3554, 0.000105, 0.000076, 0.000072
3555, 0.000104, 0.000080, 0.000075
3556, 0.000104, 0.000073, 0.000069
3557, 0.000105, 0.000085, 0.000079
3558, 0.000104, 0.000067, 0.000062
3559, 0.000104, 0.000088, 0.000083
3560, 0.000105, 0.000065, 0.000061
3561, 0.000104, 0.000071, 0.000067
3562, 0.000104, 0.000081, 0.000076
3563, 0.000104, 0.000063, 0.000060
3564, 0.000105, 0.000087, 0.000082
3565, 0.000105, 0.000061, 0.000058
3566, 0.000104, 0.000080, 0.000076
3567, 0.000104, 0.000089, 0.000083
3568, 0.000104, 0.000057, 0.000054
3569, 0.000110, 0.000134, 0.000125
3570, 0.000117, 0.000051, 0.000049
3571, 0.000116, 0.000110, 0.000102
3572, 0.000109, 0.000063, 0.000058
3573, 0.000103, 0.000068, 0.000063
3574, 0.000103, 0.000096, 0.000089
3575, 0.000105, 0.000054, 0.000051
3576, 0.000112, 0.000132, 0.000124
3577, 0.000115, 0.000052, 0.000050
3578, 0.000114, 0.000109, 0.000102
3579, 0.000108, 0.000060, 0.000057
3580, 0.000106, 0.000081, 0.000076
3581, 0.000103, 0.000081, 0.000076
3582, 0.000103, 0.000059, 0.000055
3583, 0.000104, 0.000102, 0.000096
3584, 0.000106, 0.000053, 0.000050
3585, 0.000106, 0.000087, 0.000081
3586, 0.000105, 0.000071, 0.000066
3587, 0.000103, 0.000069, 0.000064
3588, 0.000103, 0.000096, 0.000090
3589, 0.000104, 0.000059, 0.000057
3590, 0.000105, 0.000096, 0.000091
3591, 0.000103, 0.000067, 0.000064
3592, 0.000101, 0.000058, 0.000055
3593, 0.000105, 0.000111, 0.000105
3594, 0.000110, 0.000050, 0.000049
3595, 0.000117, 0.000146, 0.000139
3596, 0.000122, 0.000051, 0.000049
3597, 0.000122, 0.000125, 0.000119
3598, 0.000115, 0.000055, 0.000052
3599, 0.000105, 0.000074, 0.000070
3600, 0.000101, 0.000080, 0.000075
3601, 0.000102, 0.000060, 0.000056
3602, 0.000102, 0.000096, 0.000089
3603, 0.000105, 0.000059, 0.000055
3604, 0.000102, 0.000079, 0.000074
3605, 0.000101, 0.000078, 0.000072
3606, 0.000101, 0.000059, 0.000055
3607, 0.000104, 0.000094, 0.000087
3608, 0.000105, 0.000058, 0.000054
3609, 0.000103, 0.000091, 0.000085
3610, 0.000103, 0.000061, 0.000058
3611, 0.000103, 0.000078, 0.000074
3612, 0.000101, 0.000074, 0.000069
3613, 0.000101, 0.000062, 0.000057
3614, 0.000102, 0.000095, 0.000087
3615, 0.000105, 0.000053, 0.000049
3616, 0.000108, 0.000115, 0.000108
3617, 0.000110, 0.000052, 0.000051
3618, 0.000112, 0.000110, 0.000103
3619, 0.000108, 0.000059, 0.000056
3620, 0.000103, 0.000072, 0.000067
3621, 0.000101, 0.000100, 0.000093
3622, 0.000105, 0.000051, 0.000049
3623, 0.000113, 0.000129, 0.000120
3624, 0.000115, 0.000049, 0.000046
3625, 0.000111, 0.000096, 0.000090
3626, 0.000103, 0.000063, 0.000059
3627, 0.000101, 0.000059, 0.000056
3628, 0.000102, 0.000105, 0.000100
3629, 0.000107, 0.000051, 0.000050
3630, 0.000110, 0.000113, 0.000107
3631, 0.000108, 0.000057, 0.000054
3632, 0.000103, 0.000072, 0.000068
3633, 0.000100, 0.000084, 0.000078
3634, 0.000102, 0.000054, 0.000051
3635, 0.000104, 0.000086, 0.000080
3636, 0.000103, 0.000059, 0.000056
3637, 0.000100, 0.000074, 0.000069
3638, 0.000099, 0.000066, 0.000062
3639, 0.000099, 0.000073, 0.000068
3640, 0.000099, 0.000070, 0.000066
3641, 0.000101, 0.000069, 0.000065
3642, 0.000099, 0.000068, 0.000064
3643, 0.000101, 0.000081, 0.000076
3644, 0.000101, 0.000057, 0.000054
3645, 0.000101, 0.000091, 0.000086
3646, 0.000103, 0.000058, 0.000055
3647, 0.000103, 0.000079, 0.000075
3648, 0.000101, 0.000068, 0.000064
3649, 0.000098, 0.000059, 0.000056
3650, 0.000101, 0.000101, 0.000096
3651, 0.000106, 0.000055, 0.000052
3652, 0.000107, 0.000107, 0.000102
3653, 0.000105, 0.000057, 0.000054
3654, 0.000101, 0.000070, 0.000066
3655, 0.000099, 0.000093, 0.000088
3656, 0.000103, 0.000050, 0.000048
3657, 0.000117, 0.000156, 0.000146
3658, 0.000125, 0.000051, 0.000050
3659, 0.000118, 0.000099, 0.000092
3660, 0.000104, 0.000074, 0.000069
3661, 0.000100, 0.000052, 0.000050
3662, 0.000106, 0.000134, 0.000126
3663, 0.000117, 0.000052, 0.000051
3664, 0.000118, 0.000112, 0.000105
3665, 0.000108, 0.000061, 0.000057
3666, 0.000099, 0.000054, 0.000051
3667, 0.000103, 0.000130, 0.000123
3668, 0.000115, 0.000051, 0.000050
3669, 0.000120, 0.000115, 0.000109
3670, 0.000110, 0.000060, 0.000056
3671, 0.000098, 0.000052, 0.000049
3672, 0.000104, 0.000150, 0.000141
3673, 0.000124, 0.000056, 0.000054
3674, 0.000124, 0.000103, 0.000097
3675, 0.000106, 0.000079, 0.000074
3676, 0.000099, 0.000049, 0.000046
3677, 0.000111, 0.000131, 0.000124
3678, 0.000117, 0.000051, 0.000048
3679, 0.000106, 0.000069, 0.000064
3680, 0.000097, 0.000084, 0.000079
3681, 0.000102, 0.000049, 0.000047
3682, 0.000110, 0.000119, 0.000112
3683, 0.000111, 0.000052, 0.000050
3684, 0.000104, 0.000067, 0.000062
3685, 0.000097, 0.000084, 0.000077
3686, 0.000100, 0.000051, 0.000048
3687, 0.000102, 0.000084, 0.000077
3688, 0.000102, 0.000064, 0.000059
3689, 0.000096, 0.000053, 0.000050
3690, 0.000101, 0.000093, 0.000087
3691, 0.000104, 0.000051, 0.000048
3692, 0.000101, 0.000078, 0.000073
3693, 0.000097, 0.000071, 0.000066
3694, 0.000096, 0.000052, 0.000049
3695, 0.000100, 0.000095, 0.000089
3696, 0.000105, 0.000056, 0.000052
3697, 0.000098, 0.000055, 0.000052
3698, 0.000098, 0.000088, 0.000082
3699, 0.000102, 0.000050, 0.000047
3700, 0.000101, 0.000079, 0.000073
3701, 0.000099, 0.000062, 0.000058
3702, 0.000097, 0.000055, 0.000052
3703, 0.000097, 0.000081, 0.000075
3704, 0.000099, 0.000055, 0.000052
3705, 0.000098, 0.000077, 0.000072
3706, 0.000098, 0.000064, 0.000059
3707, 0.000094, 0.000057, 0.000053
3708, 0.000097, 0.000085, 0.000079
3709, 0.000099, 0.000051, 0.000048
3710, 0.000100, 0.000072, 0.000067
3711, 0.000097, 0.000071, 0.000065
3712, 0.000096, 0.000053, 0.000049
3713, 0.000099, 0.000089, 0.000082
3714, 0.000100, 0.000058, 0.000053
3715, 0.000096, 0.000062, 0.000058
3716, 0.000096, 0.000077, 0.000071
3717, 0.000098, 0.000055, 0.000051
3718, 0.000096, 0.000067, 0.000063
3719, 0.000095, 0.000067, 0.000062
3720, 0.000095, 0.000057, 0.000053
3721, 0.000097, 0.000070, 0.000066
3722, 0.000097, 0.000060, 0.000056
3723, 0.000095, 0.000068, 0.000063
3724, 0.000096, 0.000064, 0.000059
3725, 0.000094, 0.000068, 0.000063
3726, 0.000096, 0.000064, 0.000060
3727, 0.000094, 0.000061, 0.000057
3728, 0.000095, 0.000065, 0.000061
3729, 0.000095, 0.000059, 0.000055
3730, 0.000094, 0.000063, 0.000060
3731, 0.000096, 0.000067, 0.000062
3732, 0.000095, 0.000060, 0.000056
3733, 0.000093, 0.000067, 0.000063
3734, 0.000095, 0.000069, 0.000065
3735, 0.000095, 0.000059, 0.000056
3736, 0.000094, 0.000068, 0.000064
3737, 0.000094, 0.000065, 0.000061
3738, 0.000095, 0.000056, 0.000052
3739, 0.000095, 0.000084, 0.000078
3740, 0.000096, 0.000052, 0.000049
3741, 0.000096, 0.000074, 0.000070
3742, 0.000096, 0.000066, 0.000062
3743, 0.000093, 0.000055, 0.000052
3744, 0.000096, 0.000105, 0.000099
3745, 0.000104, 0.000050, 0.000049
3746, 0.000105, 0.000084, 0.000079
3747, 0.000097, 0.000064, 0.000061
3748, 0.000093, 0.000050, 0.000048
3749, 0.000100, 0.000118, 0.000113
3750, 0.000108, 0.000048, 0.000047
3751, 0.000102, 0.000070, 0.000066
3752, 0.000095, 0.000081, 0.000077
3753, 0.000096, 0.000051, 0.000049
3754, 0.000104, 0.000119, 0.000112
3755, 0.000108, 0.000049, 0.000048
3756, 0.000104, 0.000081, 0.000075
3757, 0.000096, 0.000064, 0.000060
3758, 0.000094, 0.000051, 0.000048
3759, 0.000097, 0.000092, 0.000085
3760, 0.000100, 0.000051, 0.000049
3761, 0.000096, 0.000071, 0.000066
3762, 0.000094, 0.000066, 0.000062
3763, 0.000093, 0.000053, 0.000050
3764, 0.000094, 0.000078, 0.000074
3765, 0.000096, 0.000051, 0.000049
3766, 0.000096, 0.000070, 0.000066
3767, 0.000093, 0.000064, 0.000060
3768, 0.000092, 0.000054, 0.000050
3769, 0.000094, 0.000079, 0.000072
3770, 0.000094, 0.000051, 0.000047
3771, 0.000096, 0.000078, 0.000072
3772, 0.000095, 0.000059, 0.000054
3773, 0.000093, 0.000061, 0.000057
3774, 0.000092, 0.000070, 0.000066
3775, 0.000094, 0.000059, 0.000056
3776, 0.000092, 0.000059, 0.000056
3777, 0.000093, 0.000066, 0.000062
3778, 0.000094, 0.000062, 0.000059
3779, 0.000092, 0.000060, 0.000057
3780, 0.000092, 0.000069, 0.000066
3781, 0.000093, 0.000054, 0.000052
3782, 0.000094, 0.000076, 0.000072
3783, 0.000094, 0.000053, 0.000050
3784, 0.000094, 0.000072, 0.000067
3785, 0.000093, 0.000060, 0.000056
3786, 0.000093, 0.000064, 0.000059
3787, 0.000093, 0.000063, 0.000060
3788, 0.000092, 0.000063, 0.000060
3789, 0.000091, 0.000061, 0.000058
3790, 0.000093, 0.000066, 0.000063
3791, 0.000092, 0.000057, 0.000054
3792, 0.000092, 0.000067, 0.000062
3793, 0.000092, 0.000063, 0.000059
3794, 0.000093, 0.000060, 0.000055
3795, 0.000091, 0.000075, 0.000071
3796, 0.000094, 0.000052, 0.000049
3797, 0.000097, 0.000091, 0.000085
3798, 0.000097, 0.000052, 0.000049
3799, 0.000095, 0.000077, 0.000071
3800, 0.000093, 0.000057, 0.000053
3801, 0.000091, 0.000057, 0.000053
3802, 0.000091, 0.000075, 0.000070
3803, 0.000093, 0.000050, 0.000048
3804, 0.000095, 0.000084, 0.000079
3805, 0.000096, 0.000052, 0.000050
3806, 0.000094, 0.000074, 0.000068
3807, 0.000092, 0.000064, 0.000060
3808, 0.000090, 0.000054, 0.000051
3809, 0.000093, 0.000087, 0.000082
3810, 0.000096, 0.000048, 0.000047
3811, 0.000095, 0.000078, 0.000074
3812, 0.000094, 0.000051, 0.000049
3813, 0.000093, 0.000071, 0.000067
3814, 0.000091, 0.000057, 0.000054
3815, 0.000091, 0.000066, 0.000062
3816, 0.000092, 0.000060, 0.000056
3817, 0.000092, 0.000065, 0.000062
3818, 0.000092, 0.000059, 0.000056
3819, 0.000090, 0.000070, 0.000066
3820, 0.000090, 0.000060, 0.000058
3821, 0.000090, 0.000062, 0.000059
3822, 0.000091, 0.000058, 0.000056
3823, 0.000091, 0.000059, 0.000057
3824, 0.000090, 0.000064, 0.000061
3825, 0.000090, 0.000060, 0.000057
3826, 0.000092, 0.000069, 0.000065
3827, 0.000091, 0.000056, 0.000052
3828, 0.000092, 0.000075, 0.000071
3829, 0.000094, 0.000054, 0.000051
3830, 0.000092, 0.000070, 0.000066
3831, 0.000090, 0.000059, 0.000056
3832, 0.000091, 0.000061, 0.000057
3833, 0.000090, 0.000059, 0.000055
3834, 0.000090, 0.000059, 0.000055
3835, 0.000090, 0.000067, 0.000063
3836, 0.000090, 0.000057, 0.000054
3837, 0.000090, 0.000065, 0.000062
3838, 0.000091, 0.000056, 0.000054
3839, 0.000090, 0.000064, 0.000060
3840, 0.000089, 0.000059, 0.000055
3841, 0.000090, 0.000059, 0.000056
3842, 0.000089, 0.000066, 0.000062
3843, 0.000089, 0.000055, 0.000051
3844, 0.000091, 0.000072, 0.000068
3845, 0.000091, 0.000056, 0.000053
3846, 0.000089, 0.000066, 0.000062
3847, 0.000089, 0.000059, 0.000057
3848, 0.000091, 0.000068, 0.000064
3849, 0.000089, 0.000052, 0.000049
3850, 0.000090, 0.000067, 0.000065
3851, 0.000090, 0.000059, 0.000056
3852, 0.000090, 0.000066, 0.000063
3853, 0.000090, 0.000059, 0.000056
3854, 0.000088, 0.000068, 0.000064
3855, 0.000089, 0.000058, 0.000055
3856, 0.000090, 0.000075, 0.000071
3857, 0.000090, 0.000052, 0.000051
3858, 0.000092, 0.000077, 0.000074
3859, 0.000091, 0.000051, 0.000049
3860, 0.000090, 0.000065, 0.000062
3861, 0.000090, 0.000056, 0.000053
3862, 0.000090, 0.000061, 0.000057
3863, 0.000090, 0.000059, 0.000055
3864, 0.000087, 0.000061, 0.000058
3865, 0.000088, 0.000063, 0.000059
3866, 0.000090, 0.000070, 0.000066
3867, 0.000090, 0.000052, 0.000050
3868, 0.000090, 0.000092, 0.000087
3869, 0.000096, 0.000047, 0.000046
3870, 0.000099, 0.000109, 0.000104
3871, 0.000104, 0.000050, 0.000049
3872, 0.000103, 0.000097, 0.000093
3873, 0.000098, 0.000050, 0.000047
3874, 0.000094, 0.000073, 0.000068
3875, 0.000090, 0.000055, 0.000052
3876, 0.000088, 0.000055, 0.000051
3877, 0.000089, 0.000083, 0.000079
3878, 0.000092, 0.000049, 0.000047
3879, 0.000097, 0.000097, 0.000092
3880, 0.000097, 0.000049, 0.000047
3881, 0.000094, 0.000078, 0.000073
3882, 0.000090, 0.000051, 0.000048
3883, 0.000090, 0.000064, 0.000060
3884, 0.000089, 0.000062, 0.000058
3885, 0.000088, 0.000051, 0.000048
3886, 0.000090, 0.000082, 0.000077
3887, 0.000092, 0.000051, 0.000048
3888, 0.000092, 0.000070, 0.000067
3889, 0.000090, 0.000054, 0.000051
3890, 0.000087, 0.000059, 0.000056
3891, 0.000088, 0.000057, 0.000055
3892, 0.000088, 0.000055, 0.000052
3893, 0.000088, 0.000064, 0.000061
3894, 0.000087, 0.000050, 0.000047
3895, 0.000089, 0.000069, 0.000064
3896, 0.000088, 0.000055, 0.000051
3897, 0.000088, 0.000062, 0.000058
3898, 0.000087, 0.000065, 0.000061
3899, 0.000087, 0.000049, 0.000048
3900, 0.000091, 0.000093, 0.000088
3901, 0.000097, 0.000049, 0.000047
3902, 0.000105, 0.000122, 0.000117
3903, 0.000109, 0.000050, 0.000049
3904, 0.000104, 0.000088, 0.000084
3905, 0.000094, 0.000051, 0.000049
3906, 0.000088, 0.000053, 0.000050
3907, 0.000087, 0.000079, 0.000075
3908, 0.000089, 0.000049, 0.000048
3909, 0.000089, 0.000069, 0.000065
3910, 0.000088, 0.000055, 0.000053
3911, 0.000088, 0.000053, 0.000050
3912, 0.000088, 0.000075, 0.000071
3913, 0.000091, 0.000046, 0.000044
3914, 0.000097, 0.000095, 0.000091
3915, 0.000099, 0.000047, 0.000046
3916, 0.000098, 0.000082, 0.000078
3917, 0.000092, 0.000054, 0.000051
3918, 0.000087, 0.000051, 0.000048
3919, 0.000088, 0.000092, 0.000087
3920, 0.000096, 0.000053, 0.000051
3921, 0.000104, 0.000105, 0.000099
3922, 0.000103, 0.000046, 0.000045
3923, 0.000094, 0.000062, 0.000059
3924, 0.000086, 0.000068, 0.000065
3925, 0.000089, 0.000050, 0.000048
3926, 0.000095, 0.000089, 0.000085
3927, 0.000094, 0.000048, 0.000046
3928, 0.000092, 0.000071, 0.000066
3929, 0.000089, 0.000052, 0.000050
3930, 0.000086, 0.000054, 0.000051
3931, 0.000085, 0.000065, 0.000060
3932, 0.000088, 0.000051, 0.000049
3933, 0.000088, 0.000063, 0.000060
3934, 0.000086, 0.000054, 0.000052
3935, 0.000085, 0.000054, 0.000052
3936, 0.000087, 0.000064, 0.000061
3937, 0.000087, 0.000050, 0.000049
3938, 0.000085, 0.000060, 0.000058
3939, 0.000086, 0.000057, 0.000055
3940, 0.000087, 0.000054, 0.000053
3941, 0.000085, 0.000061, 0.000058
3942, 0.000086, 0.000054, 0.000051
3943, 0.000085, 0.000056, 0.000053
3944, 0.000085, 0.000059, 0.000055
3945, 0.000086, 0.000054, 0.000050
3946, 0.000085, 0.000057, 0.000053
3947, 0.000086, 0.000061, 0.000057
3948, 0.000086, 0.000050, 0.000048
3949, 0.000085, 0.000064, 0.000061
3950, 0.000085, 0.000049, 0.000047
3951, 0.000086, 0.000065, 0.000062
3952, 0.000087, 0.000052, 0.000049
3953, 0.000085, 0.000055, 0.000052
3954, 0.000084, 0.000055, 0.000053
3955, 0.000085, 0.000056, 0.000054
3956, 0.000084, 0.000056, 0.000053
3957, 0.000084, 0.000054, 0.000051
3958, 0.000085, 0.000063, 0.000059
3959, 0.000084, 0.000053, 0.000049
3960, 0.000085, 0.000060, 0.000056
3961, 0.000085, 0.000055, 0.000052
3962, 0.000085, 0.000055, 0.000052
3963, 0.000085, 0.000059, 0.000056
3964, 0.000084, 0.000054, 0.000052
3965, 0.000083, 0.000054, 0.000051
3966, 0.000085, 0.000064, 0.000061
3967, 0.000085, 0.000050, 0.000049
3968, 0.000086, 0.000067, 0.000064
3969, 0.000087, 0.000050, 0.000048
3970, 0.000087, 0.000069, 0.000067
3971, 0.000089, 0.000056, 0.000053
3972, 0.000090, 0.000073, 0.000069
3973, 0.000089, 0.000049, 0.000047
3974, 0.000087, 0.000078, 0.000072
3975, 0.000088, 0.000052, 0.000050
3976, 0.000088, 0.000060, 0.000057
3977, 0.000086, 0.000059, 0.000056
3978, 0.000084, 0.000050, 0.000049
3979, 0.000086, 0.000068, 0.000063
3980, 0.000087, 0.000048, 0.000046
3981, 0.000085, 0.000070, 0.000066
3982, 0.000088, 0.000055, 0.000052
3983, 0.000085, 0.000057, 0.000054
3984, 0.000084, 0.000057, 0.000054
3985, 0.000084, 0.000052, 0.000049
3986, 0.000085, 0.000061, 0.000059
3987, 0.000086, 0.000052, 0.000049
3988, 0.000085, 0.000059, 0.000055
3989, 0.000084, 0.000058, 0.000055
3990, 0.000083, 0.000052, 0.000048
3991, 0.000085, 0.000061, 0.000058
3992, 0.000084, 0.000051, 0.000049
3993, 0.000084, 0.000059, 0.000056
3994, 0.000084, 0.000054, 0.000052
3995, 0.000084, 0.000054, 0.000051
3996, 0.000084, 0.000058, 0.000055
3997, 0.000084, 0.000050, 0.000047
3998, 0.000084, 0.000069, 0.000065
3999, 0.000085, 0.000048, 0.000047
4000, 0.000089, 0.000086, 0.000082
4001, 0.000091, 0.000049, 0.000048
4002, 0.000097, 0.000101, 0.000096
4003, 0.000098, 0.000051, 0.000050
4004, 0.000094, 0.000080, 0.000075
4005, 0.000088, 0.000048, 0.000047
4006, 0.000086, 0.000063, 0.000059
4007, 0.000085, 0.000054, 0.000052
4008, 0.000084, 0.000051, 0.000048
4009, 0.000082, 0.000058, 0.000055
4010, 0.000083, 0.000054, 0.000052
4011, 0.000084, 0.000057, 0.000054
4012, 0.000083, 0.000055, 0.000052
4013, 0.000083, 0.000052, 0.000050
4014, 0.000084, 0.000069, 0.000065
4015, 0.000085, 0.000048, 0.000046
4016, 0.000087, 0.000081, 0.000076
4017, 0.000089, 0.000049, 0.000046
4018, 0.000089, 0.000066, 0.000063
4019, 0.000085, 0.000050, 0.000048
4020, 0.000083, 0.000055, 0.000051
4021, 0.000083, 0.000058, 0.000055
4022, 0.000084, 0.000053, 0.000049
4023, 0.000086, 0.000072, 0.000067
4024, 0.000087, 0.000047, 0.000045
4025, 0.000089, 0.000084, 0.000080
4026, 0.000092, 0.000047, 0.000046
4027, 0.000093, 0.000079, 0.000076
4028, 0.000089, 0.000047, 0.000045
4029, 0.000085, 0.000058, 0.000056
4030, 0.000083, 0.000053, 0.000050
4031, 0.000082, 0.000051, 0.000049
4032, 0.000082, 0.000061, 0.000058
4033, 0.000083, 0.000050, 0.000047
4034, 0.000086, 0.000073, 0.000069
4035, 0.000088, 0.000050, 0.000047
4036, 0.000088, 0.000069, 0.000065
4037, 0.000084, 0.000050, 0.000049
4038, 0.000083, 0.000054, 0.000052
4039, 0.000084, 0.000060, 0.000057
4040, 0.000083, 0.000046, 0.000045
4041, 0.000088, 0.000091, 0.000086
4042, 0.000096, 0.000054, 0.000053
4043, 0.000096, 0.000082, 0.000076
4044, 0.000090, 0.000048, 0.000045
4045, 0.000085, 0.000059, 0.000057
4046, 0.000084, 0.000057, 0.000054
4047, 0.000083, 0.000049, 0.000047
4048, 0.000083, 0.000069, 0.000065
4049, 0.000086, 0.000048, 0.000046
4050, 0.000088, 0.000073, 0.000067
4051, 0.000090, 0.000046, 0.000044
4052, 0.000086, 0.000061, 0.000057
4053, 0.000082, 0.000052, 0.000049
4054, 0.000081, 0.000048, 0.000046
4055, 0.000083, 0.000066, 0.000062
4056, 0.000085, 0.000047, 0.000045
4057, 0.000087, 0.000069, 0.000065
4058, 0.000086, 0.000047, 0.000045
4059, 0.000086, 0.000064, 0.000060
4060, 0.000084, 0.000049, 0.000046
4061, 0.000081, 0.000050, 0.000048
4062, 0.000081, 0.000055, 0.000053
4063, 0.000082, 0.000049, 0.000047
4064, 0.000082, 0.000062, 0.000059
4065, 0.000083, 0.000047, 0.000046
4066, 0.000084, 0.000066, 0.000062
4067, 0.000083, 0.000049, 0.000046
4068, 0.000082, 0.000052, 0.000049
4069, 0.000081, 0.000060, 0.000056
4070, 0.000081, 0.000047, 0.000046
4071, 0.000082, 0.000064, 0.000061
4072, 0.000084, 0.000048, 0.000046
4073, 0.000084, 0.000063, 0.000059
4074, 0.000082, 0.000053, 0.000049
4075, 0.000080, 0.000047, 0.000045
4076, 0.000082, 0.000068, 0.000064
4077, 0.000083, 0.000048, 0.000046
4078, 0.000084, 0.000063, 0.000060
4079, 0.000083, 0.000049, 0.000047
4080, 0.000080, 0.000053, 0.000050
4081, 0.000081, 0.000052, 0.000049
4082, 0.000080, 0.000050, 0.000048
4083, 0.000080, 0.000060, 0.000058
4084, 0.000082, 0.000048, 0.000047
4085, 0.000083, 0.000069, 0.000066
4086, 0.000085, 0.000046, 0.000044
4087, 0.000084, 0.000064, 0.000060
4088, 0.000082, 0.000048, 0.000046
4089, 0.000080, 0.000054, 0.000051
4090, 0.000079, 0.000052, 0.000049
4091, 0.000080, 0.000051, 0.000049
4092, 0.000080, 0.000050, 0.000048
4093, 0.000079, 0.000056, 0.000053
4094, 0.000079, 0.000049, 0.000047
4095, 0.000081, 0.000054, 0.000051
4096, 0.000079, 0.000054, 0.000050
4097, 0.000079, 0.000049, 0.000046
4098, 0.000081, 0.000056, 0.000052
4099, 0.000081, 0.000050, 0.000048
4100, 0.000080, 0.000051, 0.000048
4101, 0.000078, 0.000055, 0.000051
4102, 0.000080, 0.000049, 0.000047
4103, 0.000081, 0.000057, 0.000053
4104, 0.000080, 0.000047, 0.000045
4105, 0.000079, 0.000059, 0.000056
4106, 0.000081, 0.000051, 0.000049
4107, 0.000082, 0.000062, 0.000060
4108, 0.000082, 0.000049, 0.000048
4109, 0.000080, 0.000056, 0.000053
4110, 0.000080, 0.000049, 0.000047
4111, 0.000081, 0.000051, 0.000049
4112, 0.000079, 0.000052, 0.000049
4113, 0.000079, 0.000049, 0.000047
4114, 0.000081, 0.000064, 0.000060
4115, 0.000082, 0.000048, 0.000047
4116, 0.000083, 0.000065, 0.000061
4117, 0.000082, 0.000048, 0.000046
4118, 0.000082, 0.000060, 0.000057
4119, 0.000081, 0.000047, 0.000045
4120, 0.000080, 0.000051, 0.000049
4121, 0.000078, 0.000051, 0.000049
4122, 0.000079, 0.000048, 0.000046
4123, 0.000081, 0.000069, 0.000065
4124, 0.000084, 0.000054, 0.000052
4125, 0.000090, 0.000100, 0.000092
4126, 0.000097, 0.000056, 0.000055
4127, 0.000097, 0.000088, 0.000083
4128, 0.000092, 0.000047, 0.000045
4129, 0.000085, 0.000058, 0.000056
4130, 0.000080, 0.000053, 0.000051
4131, 0.000078, 0.000047, 0.000046
4132, 0.000082, 0.000082, 0.000076
4133, 0.000090, 0.000055, 0.000055
4134, 0.000097, 0.000112, 0.000104
4135, 0.000104, 0.000061, 0.000060
4136, 0.000103, 0.000084, 0.000080
4137, 0.000091, 0.000049, 0.000048
4138, 0.000080, 0.000046, 0.000046
4139, 0.000084, 0.000095, 0.000089
4140, 0.000097, 0.000063, 0.000062
4141, 0.000104, 0.000093, 0.000086
4142, 0.000097, 0.000048, 0.000046
4143, 0.000083, 0.000051, 0.000047
4144, 0.000079, 0.000072, 0.000067
4145, 0.000086, 0.000056, 0.000056
4146, 0.000095, 0.000092, 0.000086
4147, 0.000096, 0.000050, 0.000050
4148, 0.000086, 0.000053, 0.000051
4149, 0.000078, 0.000062, 0.000058
4150, 0.000081, 0.000049, 0.000048
4151, 0.000086, 0.000071, 0.000067
4152, 0.000086, 0.000047, 0.000045
4153, 0.000081, 0.000050, 0.000048
4154, 0.000078, 0.000061, 0.000057
4155, 0.000081, 0.000051, 0.000049
4156, 0.000087, 0.000073, 0.000070
4157, 0.000088, 0.000048, 0.000046
4158, 0.000083, 0.000050, 0.000047
4159, 0.000078, 0.000058, 0.000054
4160, 0.000081, 0.000051, 0.000049
4161, 0.000085, 0.000068, 0.000063
4162, 0.000083, 0.000048, 0.000046
4163, 0.000080, 0.000054, 0.000050
4164, 0.000079, 0.000051, 0.000049
4165, 0.000080, 0.000049, 0.000047
4166, 0.000079, 0.000061, 0.000058
4167, 0.000082, 0.000049, 0.000049
4168, 0.000085, 0.000066, 0.000063
4169, 0.000083, 0.000047, 0.000045
4170, 0.000077, 0.000047, 0.000045
4171, 0.000078, 0.000071, 0.000067
4172, 0.000087, 0.000053, 0.000052
4173, 0.000091, 0.000074, 0.000070
4174, 0.000087, 0.000046, 0.000044
4175, 0.000077, 0.000045, 0.000044
4176, 0.000081, 0.000076, 0.000071
4177, 0.000090, 0.000054, 0.000054
4178, 0.000092, 0.000072, 0.000066
4179, 0.000084, 0.000050, 0.000047
4180, 0.000078, 0.000047, 0.000045
4181, 0.000080, 0.000071, 0.000066
4182, 0.000086, 0.000051, 0.000050
4183, 0.000086, 0.000060, 0.000057
4184, 0.000081, 0.000049, 0.000047
4185, 0.000078, 0.000045, 0.000044
4186, 0.000080, 0.000063, 0.000060
4187, 0.000082, 0.000047, 0.000045
4188, 0.000079, 0.000048, 0.000046
4189, 0.000077, 0.000061, 0.000059
4190, 0.000080, 0.000049, 0.000048
4191, 0.000084, 0.000059, 0.000057
4192, 0.000081, 0.000046, 0.000045
4193, 0.000077, 0.000045, 0.000044
4194, 0.000077, 0.000064, 0.000061
4195, 0.000082, 0.000048, 0.000047
4196, 0.000082, 0.000056, 0.000054
4197, 0.000078, 0.000049, 0.000047
4198, 0.000077, 0.000047, 0.000045
4199, 0.000077, 0.000057, 0.000054
4200, 0.000079, 0.000048, 0.000046
4201, 0.000079, 0.000054, 0.000050
4202, 0.000078, 0.000049, 0.000047
4203, 0.000076, 0.000047, 0.000045
4204, 0.000076, 0.000051, 0.000049
4205, 0.000077, 0.000046, 0.000045
4206, 0.000076, 0.000053, 0.000051
4207, 0.000076, 0.000046, 0.000045
4208, 0.000076, 0.000051, 0.000049
4209, 0.000077, 0.000047, 0.000046
4210, 0.000076, 0.000049, 0.000048
4211, 0.000076, 0.000048, 0.000046
4212, 0.000076, 0.000051, 0.000049
4213, 0.000076, 0.000047, 0.000046
4214, 0.000076, 0.000054, 0.000051
4215, 0.000076, 0.000047, 0.000045
4216, 0.000076, 0.000050, 0.000048
4217, 0.000076, 0.000048, 0.000046
4218, 0.000075, 0.000047, 0.000046
4219, 0.000075, 0.000052, 0.000050
4220, 0.000077, 0.000047, 0.000046
4221, 0.000079, 0.000058, 0.000055
4222, 0.000078, 0.000047, 0.000046
4223, 0.000076, 0.000050, 0.000048
4224, 0.000077, 0.000053, 0.000051
4225, 0.000077, 0.000047, 0.000046
4226, 0.000078, 0.000058, 0.000055
4227, 0.000079, 0.000045, 0.000043
4228, 0.000079, 0.000048, 0.000046
4229, 0.000076, 0.000053, 0.000049
4230, 0.000076, 0.000047, 0.000045
4231, 0.000081, 0.000077, 0.000073
4232, 0.000087, 0.000055, 0.000053
4233, 0.000087, 0.000062, 0.000059
4234, 0.000080, 0.000047, 0.000046
4235, 0.000076, 0.000048, 0.000046
4236, 0.000075, 0.000056, 0.000055
4237, 0.000078, 0.000046, 0.000045
4238, 0.000080, 0.000062, 0.000059
4239, 0.000080, 0.000046, 0.000044
4240, 0.000077, 0.000049, 0.000047
4241, 0.000076, 0.000053, 0.000050
4242, 0.000076, 0.000049, 0.000047
4243, 0.000076, 0.000050, 0.000047
4244, 0.000075, 0.000052, 0.000049
4245, 0.000075, 0.000047, 0.000045
4246, 0.000076, 0.000050, 0.000048
4247, 0.000075, 0.000045, 0.000044
4248, 0.000074, 0.000048, 0.000047
4249, 0.000075, 0.000052, 0.000049
4250, 0.000075, 0.000049, 0.000048
4251, 0.000076, 0.000053, 0.000051
4252, 0.000077, 0.000052, 0.000049
4253, 0.000076, 0.000048, 0.000047
4254, 0.000076, 0.000051, 0.000049
4255, 0.000075, 0.000048, 0.000046
4256, 0.000076, 0.000048, 0.000047
4257, 0.000076, 0.000047, 0.000045
4258, 0.000074, 0.000048, 0.000046
4259, 0.000074, 0.000048, 0.000046
4260, 0.000074, 0.000048, 0.000046
4261, 0.000074, 0.000052, 0.000049
4262, 0.000075, 0.000048, 0.000046
4263, 0.000075, 0.000053, 0.000050
4264, 0.000075, 0.000047, 0.000046
4265, 0.000074, 0.000052, 0.000050
4266, 0.000074, 0.000049, 0.000048
4267, 0.000074, 0.000050, 0.000049
4268, 0.000075, 0.000049, 0.000047
4269, 0.000074, 0.000049, 0.000047
4270, 0.000076, 0.000048, 0.000046
4271, 0.000075, 0.000049, 0.000046
4272, 0.000074, 0.000055, 0.000052
4273, 0.000076, 0.000050, 0.000048
4274, 0.000078, 0.000061, 0.000057
4275, 0.000078, 0.000048, 0.000047
4276, 0.000076, 0.000053, 0.000051
4277, 0.000076, 0.000052, 0.000050
4278, 0.000075, 0.000045, 0.000044
4279, 0.000076, 0.000062, 0.000059
4280, 0.000081, 0.000048, 0.000047
4281, 0.000080, 0.000057, 0.000054
4282, 0.000076, 0.000048, 0.000046
4283, 0.000074, 0.000051, 0.000049
4284, 0.000075, 0.000055, 0.000052
4285, 0.000076, 0.000047, 0.000046
4286, 0.000074, 0.000048, 0.000047
4287, 0.000073, 0.000056, 0.000053
4288, 0.000076, 0.000047, 0.000045
4289, 0.000077, 0.000058, 0.000056
4290, 0.000077, 0.000048, 0.000046
4291, 0.000077, 0.000054, 0.000052
4292, 0.000076, 0.000049, 0.000047
4293, 0.000074, 0.000050, 0.000048
4294, 0.000074, 0.000047, 0.000046
4295, 0.000074, 0.000049, 0.000047
4296, 0.000074, 0.000048, 0.000046
4297, 0.000074, 0.000049, 0.000046
4298, 0.000073, 0.000048, 0.000045
4299, 0.000075, 0.000053, 0.000050
4300, 0.000076, 0.000048, 0.000047
4301, 0.000075, 0.000056, 0.000053
4302, 0.000076, 0.000046, 0.000046
4303, 0.000075, 0.000052, 0.000051
4304, 0.000075, 0.000046, 0.000043
4305, 0.000073, 0.000046, 0.000044
4306, 0.000074, 0.000051, 0.000047
4307, 0.000073, 0.000047, 0.000044
4308, 0.000073, 0.000051, 0.000048
4309, 0.000073, 0.000048, 0.000046
4310, 0.000073, 0.000047, 0.000046
4311, 0.000073, 0.000049, 0.000048
4312, 0.000073, 0.000048, 0.000046
4313, 0.000073, 0.000049, 0.000046
4314, 0.000074, 0.000049, 0.000046
4315, 0.000072, 0.000047, 0.000045
4316, 0.000074, 0.000055, 0.000053
4317, 0.000077, 0.000049, 0.000048
4318, 0.000079, 0.000066, 0.000064
4319, 0.000080, 0.000050, 0.000050
4320, 0.000079, 0.000058, 0.000056
4321, 0.000078, 0.000046, 0.000044
4322, 0.000073, 0.000048, 0.000045
4323, 0.000072, 0.000055, 0.000051
4324, 0.000075, 0.000047, 0.000046
4325, 0.000076, 0.000064, 0.000060
4326, 0.000078, 0.000048, 0.000048
4327, 0.000078, 0.000055, 0.000052
4328, 0.000075, 0.000049, 0.000046
4329, 0.000073, 0.000047, 0.000045
4330, 0.000073, 0.000053, 0.000050
4331, 0.000074, 0.000047, 0.000046
4332, 0.000076, 0.000056, 0.000054
4333, 0.000077, 0.000046, 0.000045
4334, 0.000076, 0.000053, 0.000051
4335, 0.000076, 0.000046, 0.000045
4336, 0.000073, 0.000049, 0.000046
4337, 0.000072, 0.000056, 0.000053
4338, 0.000074, 0.000050, 0.000049
4339, 0.000077, 0.000066, 0.000062
4340, 0.000079, 0.000050, 0.000049
4341, 0.000080, 0.000060, 0.000057
4342, 0.000078, 0.000046, 0.000045
4343, 0.000076, 0.000050, 0.000048
4344, 0.000073, 0.000048, 0.000046
4345, 0.000072, 0.000046, 0.000045
4346, 0.000072, 0.000050, 0.000049
4347, 0.000073, 0.000045, 0.000044
4348, 0.000073, 0.000050, 0.000048
4349, 0.000072, 0.000046, 0.000044
4350, 0.000073, 0.000048, 0.000045
4351, 0.000071, 0.000052, 0.000049
4352, 0.000072, 0.000046, 0.000046
4353, 0.000074, 0.000056, 0.000053
4354, 0.000075, 0.000048, 0.000047
4355, 0.000075, 0.000058, 0.000054
4356, 0.000075, 0.000047, 0.000046
4357, 0.000073, 0.000049, 0.000048
4358, 0.000072, 0.000046, 0.000044
4359, 0.000071, 0.000045, 0.000044
4360, 0.000072, 0.000051, 0.000050
4361, 0.000073, 0.000046, 0.000045
4362, 0.000073, 0.000050, 0.000047
4363, 0.000072, 0.000048, 0.000046
4364, 0.000073, 0.000049, 0.000046
4365, 0.000071, 0.000050, 0.000046
4366, 0.000071, 0.000046, 0.000045
4367, 0.000072, 0.000052, 0.000050
4368, 0.000071, 0.000049, 0.000049
4369, 0.000074, 0.000061, 0.000060
4370, 0.000077, 0.000051, 0.000051
4371, 0.000080, 0.000067, 0.000062
4372, 0.000080, 0.000051, 0.000049
4373, 0.000081, 0.000063, 0.000057
4374, 0.000078, 0.000046, 0.000045
4375, 0.000074, 0.000050, 0.000048
4376, 0.000072, 0.000048, 0.000046
4377, 0.000071, 0.000047, 0.000046
4378, 0.000070, 0.000050, 0.000048
4379, 0.000070, 0.000047, 0.000045
4380, 0.000072, 0.000052, 0.000048
4381, 0.000073, 0.000046, 0.000044
4382, 0.000071, 0.000052, 0.000048
4383, 0.000071, 0.000048, 0.000047
4384, 0.000072, 0.000052, 0.000049
4385, 0.000071, 0.000049, 0.000047
4386, 0.000070, 0.000047, 0.000046
4387, 0.000074, 0.000064, 0.000060
4388, 0.000079, 0.000050, 0.000049
4389, 0.000079, 0.000064, 0.000061
4390, 0.000078, 0.000050, 0.000049
4391, 0.000078, 0.000056, 0.000054
4392, 0.000077, 0.000048, 0.000048
4393, 0.000074, 0.000046, 0.000046
4394, 0.000071, 0.000055, 0.000052
4395, 0.000074, 0.000050, 0.000049
4396, 0.000075, 0.000054, 0.000051
4397, 0.000073, 0.000047, 0.000045
4398, 0.000072, 0.000049, 0.000047
4399, 0.000071, 0.000046, 0.000044
4400, 0.000070, 0.000046, 0.000045
4401, 0.000072, 0.000057, 0.000055
4402, 0.000076, 0.000051, 0.000050
4403, 0.000078, 0.000065, 0.000061
4404, 0.000078, 0.000051, 0.000050
4405, 0.000076, 0.000057, 0.000053
4406, 0.000074, 0.000049, 0.000046
4407, 0.000071, 0.000047, 0.000046
4408, 0.000071, 0.000055, 0.000052
4409, 0.000073, 0.000049, 0.000049
4410, 0.000075, 0.000055, 0.000052
4411, 0.000074, 0.000048, 0.000047
4412, 0.000072, 0.000047, 0.000045
4413, 0.000070, 0.000049, 0.000047
4414, 0.000072, 0.000049, 0.000047
4415, 0.000073, 0.000052, 0.000050
4416, 0.000072, 0.000047, 0.000046
4417, 0.000073, 0.000054, 0.000051
4418, 0.000073, 0.000046, 0.000046
4419, 0.000072, 0.000052, 0.000050
4420, 0.000072, 0.000046, 0.000044
4421, 0.000071, 0.000045, 0.000044
4422, 0.000070, 0.000048, 0.000046
4423, 0.000070, 0.000045, 0.000044
4424, 0.000070, 0.000047, 0.000045
4425, 0.000070, 0.000049, 0.000046
4426, 0.000070, 0.000048, 0.000046
4427, 0.000071, 0.000052, 0.000049
4428, 0.000070, 0.000047, 0.000045
4429, 0.000070, 0.000048, 0.000046
4430, 0.000071, 0.000046, 0.000044
4431, 0.000070, 0.000046, 0.000045
4432, 0.000070, 0.000046, 0.000044
4433, 0.000069, 0.000046, 0.000044
4434, 0.000069, 0.000046, 0.000044
4435, 0.000070, 0.000048, 0.000045
4436, 0.000070, 0.000046, 0.000044
4437, 0.000069, 0.000047, 0.000046
4438, 0.000071, 0.000051, 0.000049
4439, 0.000071, 0.000050, 0.000050
4440, 0.000075, 0.000065, 0.000062
4441, 0.000080, 0.000056, 0.000054
4442, 0.000081, 0.000069, 0.000064
4443, 0.000081, 0.000053, 0.000053
4444, 0.000079, 0.000057, 0.000053
4445, 0.000073, 0.000046, 0.000045
4446, 0.000069, 0.000046, 0.000046
4447, 0.000071, 0.000058, 0.000055
4448, 0.000073, 0.000050, 0.000049
4449, 0.000075, 0.000059, 0.000057
4450, 0.000075, 0.000048, 0.000046
4451, 0.000071, 0.000048, 0.000045
4452, 0.000069, 0.000049, 0.000046
4453, 0.000070, 0.000047, 0.000045
4454, 0.000070, 0.000051, 0.000048
4455, 0.000071, 0.000046, 0.000044
4456, 0.000071, 0.000048, 0.000046
4457, 0.000070, 0.000045, 0.000044
4458, 0.000068, 0.000046, 0.000045
4459, 0.000069, 0.000052, 0.000049
4460, 0.000070, 0.000047, 0.000046
4461, 0.000070, 0.000052, 0.000050
4462, 0.000070, 0.000048, 0.000047
4463, 0.000070, 0.000048, 0.000046
4464, 0.000069, 0.000048, 0.000045
4465, 0.000068, 0.000047, 0.000044
4466, 0.000069, 0.000046, 0.000043
4467, 0.000068, 0.000049, 0.000046
4468, 0.000068, 0.000047, 0.000046
4469, 0.000071, 0.000057, 0.000054
4470, 0.000074, 0.000050, 0.000051
4471, 0.000074, 0.000057, 0.000055
4472, 0.000074, 0.000048, 0.000048
4473, 0.000072, 0.000051, 0.000049
4474, 0.000069, 0.000045, 0.000045
4475, 0.000068, 0.000048, 0.000046
4476, 0.000069, 0.000047, 0.000045
4477, 0.000069, 0.000046, 0.000045
4478, 0.000068, 0.000046, 0.000044
4479, 0.000068, 0.000045, 0.000043
4480, 0.000067, 0.000046, 0.000044
4481, 0.000068, 0.000050, 0.000047
4482, 0.000069, 0.000047, 0.000046
4483, 0.000070, 0.000054, 0.000052
4484, 0.000071, 0.000049, 0.000048
4485, 0.000070, 0.000053, 0.000050
4486, 0.000069, 0.000047, 0.000045
4487, 0.000070, 0.000049, 0.000046
4488, 0.000069, 0.000049, 0.000047
4489, 0.000070, 0.000050, 0.000049
4490, 0.000075, 0.000071, 0.000067
4491, 0.000082, 0.000064, 0.000064
4492, 0.000088, 0.000082, 0.000078
4493, 0.000088, 0.000057, 0.000057
4494, 0.000079, 0.000055, 0.000052
4495, 0.000072, 0.000048, 0.000045
4496, 0.000068, 0.000048, 0.000046
4497, 0.000071, 0.000061, 0.000059
4498, 0.000075, 0.000055, 0.000055
4499, 0.000079, 0.000068, 0.000065
4500, 0.000081, 0.000055, 0.000056
4501, 0.000078, 0.000055, 0.000052
4502, 0.000073, 0.000047, 0.000045
4503, 0.000068, 0.000048, 0.000046
4504, 0.000069, 0.000051, 0.000047
4505, 0.000069, 0.000047, 0.000045
4506, 0.000067, 0.000048, 0.000046
4507, 0.000068, 0.000050, 0.000048
4508, 0.000068, 0.000045, 0.000045
4509, 0.000068, 0.000048, 0.000045
4510, 0.000067, 0.000046, 0.000043
4511, 0.000068, 0.000046, 0.000043
4512, 0.000068, 0.000046, 0.000044
4513, 0.000067, 0.000047, 0.000046
4514, 0.000068, 0.000052, 0.000050
4515, 0.000071, 0.000048, 0.000048
4516, 0.000069, 0.000051, 0.000049
4517, 0.000069, 0.000048, 0.000047
4518, 0.000070, 0.000052, 0.000049
4519, 0.000069, 0.000046, 0.000044
4520, 0.000068, 0.000047, 0.000045
4521, 0.000067, 0.000050, 0.000047
4522, 0.000067, 0.000047, 0.000046
4523, 0.000069, 0.000052, 0.000050
4524, 0.000070, 0.000047, 0.000046
4525, 0.000068, 0.000050, 0.000048
4526, 0.000069, 0.000046, 0.000044
4527, 0.000067, 0.000045, 0.000043
4528, 0.000067, 0.000045, 0.000043
4529, 0.000067, 0.000045, 0.000044
4530, 0.000067, 0.000050, 0.000047
4531, 0.000068, 0.000048, 0.000047
4532, 0.000068, 0.000050, 0.000047
4533, 0.000067, 0.000048, 0.000046
4534, 0.000067, 0.000046, 0.000045
4535, 0.000067, 0.000046, 0.000045
4536, 0.000067, 0.000045, 0.000044
4537, 0.000066, 0.000045, 0.000044
4538, 0.000067, 0.000048, 0.000046
4539, 0.000067, 0.000048, 0.000046
4540, 0.000067, 0.000048, 0.000046
4541, 0.000066, 0.000047, 0.000046
4542, 0.000068, 0.000050, 0.000049
4543, 0.000070, 0.000059, 0.000057
4544, 0.000074, 0.000053, 0.000053
4545, 0.000075, 0.000060, 0.000056
4546, 0.000074, 0.000047, 0.000046
4547, 0.000071, 0.000050, 0.000047
4548, 0.000068, 0.000047, 0.000045
4549, 0.000067, 0.000048, 0.000048
4550, 0.000069, 0.000059, 0.000056
4551, 0.000071, 0.000050, 0.000049
4552, 0.000071, 0.000055, 0.000051
4553, 0.000071, 0.000049, 0.000047
4554, 0.000070, 0.000050, 0.000047
4555, 0.000069, 0.000045, 0.000043
4556, 0.000068, 0.000045, 0.000043
4557, 0.000065, 0.000048, 0.000046
4558, 0.000067, 0.000051, 0.000051
4559, 0.000071, 0.000060, 0.000057
4560, 0.000071, 0.000051, 0.000050
4561, 0.000071, 0.000054, 0.000051
4562, 0.000069, 0.000046, 0.000044
4563, 0.000066, 0.000045, 0.000044
4564, 0.000067, 0.000052, 0.000049
4565, 0.000070, 0.000048, 0.000048
4566, 0.000072, 0.000057, 0.000053
4567, 0.000071, 0.000051, 0.000049
4568, 0.000069, 0.000049, 0.000047
4569, 0.000067, 0.000050, 0.000048
4570, 0.000067, 0.000051, 0.000050
4571, 0.000071, 0.000056, 0.000054
4572, 0.000074, 0.000050, 0.000050
4573, 0.000073, 0.000053, 0.000051
4574, 0.000071, 0.000047, 0.000045
4575, 0.000067, 0.000048, 0.000046
4576, 0.000066, 0.000048, 0.000046
4577, 0.000067, 0.000049, 0.000049
4578, 0.000070, 0.000061, 0.000059
4579, 0.000073, 0.000051, 0.000051
4580, 0.000073, 0.000055, 0.000052
4581, 0.000068, 0.000048, 0.000046
4582, 0.000067, 0.000047, 0.000045
4583, 0.000068, 0.000054, 0.000051
4584, 0.000069, 0.000050, 0.000050
4585, 0.000072, 0.000054, 0.000051
4586, 0.000070, 0.000048, 0.000046
4587, 0.000067, 0.000048, 0.000046
4588, 0.000066, 0.000049, 0.000047
4589, 0.000067, 0.000050, 0.000049
4590, 0.000068, 0.000051, 0.000050
4591, 0.000069, 0.000047, 0.000047
4592, 0.000068, 0.000051, 0.000049
4593, 0.000067, 0.000046, 0.000045
4594, 0.000066, 0.000047, 0.000044
4595, 0.000066, 0.000048, 0.000045
4596, 0.000065, 0.000047, 0.000046
4597, 0.000066, 0.000050, 0.000047
4598, 0.000066, 0.000047, 0.000046
4599, 0.000066, 0.000047, 0.000046
4600, 0.000066, 0.000050, 0.000048
4601, 0.000067, 0.000046, 0.000045
4602, 0.000066, 0.000047, 0.000045
4603, 0.000067, 0.000048, 0.000046
4604, 0.000066, 0.000047, 0.000045
4605, 0.000066, 0.000046, 0.000045
4606, 0.000064, 0.000048, 0.000047
4607, 0.000066, 0.000047, 0.000047
4608, 0.000066, 0.000049, 0.000048
4609, 0.000065, 0.000047, 0.000046
4610, 0.000065, 0.000045, 0.000044
4611, 0.000065, 0.000049, 0.000046
4612, 0.000065, 0.000047, 0.000046
4613, 0.000066, 0.000050, 0.000048
4614, 0.000068, 0.000049, 0.000048
4615, 0.000068, 0.000051, 0.000049
4616, 0.000068, 0.000046, 0.000046
4617, 0.000068, 0.000047, 0.000045
4618, 0.000066, 0.000046, 0.000044
4619, 0.000064, 0.000047, 0.000045
4620, 0.000064, 0.000051, 0.000048
4621, 0.000066, 0.000048, 0.000046
4622, 0.000065, 0.000047, 0.000045
4623, 0.000065, 0.000047, 0.000045
4624, 0.000065, 0.000045, 0.000045
4625, 0.000066, 0.000046, 0.000045
4626, 0.000065, 0.000045, 0.000044
4627, 0.000064, 0.000047, 0.000046
4628, 0.000065, 0.000049, 0.000048
4629, 0.000066, 0.000051, 0.000049
4630, 0.000066, 0.000049, 0.000048
4631, 0.000067, 0.000056, 0.000051
4632, 0.000067, 0.000047, 0.000046
4633, 0.000065, 0.000049, 0.000046
4634, 0.000065, 0.000048, 0.000048
4635, 0.000066, 0.000050, 0.000049
4636, 0.000066, 0.000047, 0.000047
4637, 0.000066, 0.000048, 0.000046
4638, 0.000065, 0.000045, 0.000044
4639, 0.000064, 0.000048, 0.000046
4640, 0.000065, 0.000050, 0.000047
4641, 0.000066, 0.000049, 0.000048
4642, 0.000065, 0.000047, 0.000046
4643, 0.000064, 0.000047, 0.000046
4644, 0.000064, 0.000046, 0.000046
4645, 0.000064, 0.000047, 0.000046
4646, 0.000064, 0.000046, 0.000046
4647, 0.000065, 0.000050, 0.000048
4648, 0.000066, 0.000050, 0.000048
4649, 0.000069, 0.000055, 0.000051
4650, 0.000068, 0.000051, 0.000051
4651, 0.000071, 0.000060, 0.000056
4652, 0.000072, 0.000053, 0.000053
4653, 0.000072, 0.000054, 0.000051
4654, 0.000068, 0.000046, 0.000044
4655, 0.000064, 0.000045, 0.000044
4656, 0.000064, 0.000050, 0.000048
4657, 0.000065, 0.000046, 0.000045
4658, 0.000066, 0.000048, 0.000046
4659, 0.000065, 0.000047, 0.000045
4660, 0.000064, 0.000047, 0.000044
4661, 0.000064, 0.000047, 0.000045
4662, 0.000064, 0.000047, 0.000045
4663, 0.000064, 0.000046, 0.000045
4664, 0.000064, 0.000046, 0.000046
4665, 0.000063, 0.000045, 0.000045
4666, 0.000064, 0.000048, 0.000047
4667, 0.000065, 0.000048, 0.000048
4668, 0.000068, 0.000056, 0.000053
4669, 0.000070, 0.000054, 0.000054
4670, 0.000072, 0.000063, 0.000059
4671, 0.000074, 0.000056, 0.000056
4672, 0.000074, 0.000059, 0.000056
4673, 0.000072, 0.000052, 0.000053
4674, 0.000070, 0.000053, 0.000051
4675, 0.000067, 0.000048, 0.000047
4676, 0.000065, 0.000049, 0.000047
4677, 0.000064, 0.000048, 0.000046
4678, 0.000065, 0.000050, 0.000049
4679, 0.000067, 0.000059, 0.000055
4680, 0.000070, 0.000055, 0.000054
4681, 0.000073, 0.000055, 0.000052
4682, 0.000069, 0.000046, 0.000044
4683, 0.000064, 0.000045, 0.000044
4684, 0.000063, 0.000053, 0.000050
4685, 0.000067, 0.000057, 0.000058
4686, 0.000074, 0.000070, 0.000067
4687, 0.000082, 0.000070, 0.000071
4688, 0.000084, 0.000071, 0.000067
4689, 0.000081, 0.000052, 0.000052
4690, 0.000071, 0.000050, 0.000047
4691, 0.000064, 0.000051, 0.000047
4692, 0.000066, 0.000057, 0.000056
4693, 0.000072, 0.000064, 0.000059
4694, 0.000076, 0.000058, 0.000058
4695, 0.000074, 0.000051, 0.000049
4696, 0.000067, 0.000046, 0.000045
4697, 0.000062, 0.000054, 0.000053
4698, 0.000070, 0.000070, 0.000066
4699, 0.000079, 0.000064, 0.000064
4700, 0.000077, 0.000055, 0.000051
4701, 0.000070, 0.000049, 0.000048
4702, 0.000065, 0.000048, 0.000047
4703, 0.000066, 0.000060, 0.000057
4704, 0.000072, 0.000060, 0.000060
4705, 0.000075, 0.000052, 0.000050
4706, 0.000069, 0.000046, 0.000045
4707, 0.000064, 0.000047, 0.000046
4708, 0.000064, 0.000050, 0.000047
4709, 0.000067, 0.000052, 0.000052
4710, 0.000069, 0.000060, 0.000058
4711, 0.000072, 0.000053, 0.000053
4712, 0.000070, 0.000052, 0.000049
4713, 0.000064, 0.000048, 0.000047
4714, 0.000064, 0.000049, 0.000048
4715, 0.000065, 0.000053, 0.000050
4716, 0.000067, 0.000046, 0.000047
4717, 0.000065, 0.000045, 0.000044
4718, 0.000063, 0.000050, 0.000047
4719, 0.000065, 0.000051, 0.000051
4720, 0.000067, 0.000052, 0.000049
4721, 0.000065, 0.000048, 0.000047
4722, 0.000062, 0.000046, 0.000045
4723, 0.000062, 0.000047, 0.000045
4724, 0.000063, 0.000047, 0.000046
4725, 0.000064, 0.000046, 0.000045
4726, 0.000064, 0.000045, 0.000043
4727, 0.000062, 0.000046, 0.000044
4728, 0.000062, 0.000049, 0.000047
4729, 0.000064, 0.000048, 0.000047
4730, 0.000064, 0.000047, 0.000046
4731, 0.000063, 0.000046, 0.000046
4732, 0.000062, 0.000047, 0.000047
4733, 0.000064, 0.000047, 0.000045
4734, 0.000063, 0.000047, 0.000046
4735, 0.000063, 0.000045, 0.000043
4736, 0.000063, 0.000045, 0.000043
4737, 0.000062, 0.000047, 0.000045
4738, 0.000063, 0.000046, 0.000044
4739, 0.000063, 0.000047, 0.000047
4740, 0.000064, 0.000049, 0.000047
4741, 0.000064, 0.000047, 0.000047
4742, 0.000064, 0.000049, 0.000048
4743, 0.000063, 0.000045, 0.000044
4744, 0.000062, 0.000045, 0.000044
4745, 0.000063, 0.000048, 0.000047
4746, 0.000063, 0.000046, 0.000046
4747, 0.000063, 0.000049, 0.000047
4748, 0.000064, 0.000050, 0.000049
4749, 0.000065, 0.000047, 0.000045
4750, 0.000063, 0.000046, 0.000045
4751, 0.000062, 0.000047, 0.000046
4752, 0.000063, 0.000046, 0.000045
4753, 0.000063, 0.000045, 0.000044
4754, 0.000063, 0.000045, 0.000044
4755, 0.000063, 0.000045, 0.000044
4756, 0.000062, 0.000046, 0.000044
4757, 0.000061, 0.000047, 0.000046
4758, 0.000063, 0.000050, 0.000048
4759, 0.000065, 0.000053, 0.000052
4760, 0.000067, 0.000050, 0.000047
4761, 0.000065, 0.000046, 0.000044
4762, 0.000061, 0.000048, 0.000046
4763, 0.000062, 0.000048, 0.000046
4764, 0.000063, 0.000047, 0.000047
4765, 0.000062, 0.000046, 0.000044
4766, 0.000063, 0.000045, 0.000045
4767, 0.000061, 0.000047, 0.000046
4768, 0.000062, 0.000049, 0.000047
4769, 0.000064, 0.000049, 0.000048
4770, 0.000064, 0.000050, 0.000047
4771, 0.000063, 0.000046, 0.000045
4772, 0.000062, 0.000046, 0.000045
4773, 0.000061, 0.000046, 0.000045
4774, 0.000061, 0.000045, 0.000045
4775, 0.000061, 0.000046, 0.000045
4776, 0.000061, 0.000047, 0.000045
4777, 0.000061, 0.000045, 0.000043
4778, 0.000061, 0.000045, 0.000043
4779, 0.000062, 0.000045, 0.000044
4780, 0.000062, 0.000046, 0.000045
4781, 0.000063, 0.000045, 0.000045
4782, 0.000062, 0.000046, 0.000044
4783, 0.000060, 0.000047, 0.000045
4784, 0.000061, 0.000048, 0.000046
4785, 0.000061, 0.000048, 0.000045
4786, 0.000060, 0.000047, 0.000044
4787, 0.000061, 0.000044, 0.000042
4788, 0.000060, 0.000044, 0.000043
4789, 0.000061, 0.000045, 0.000045
4790, 0.000062, 0.000048, 0.000047
4791, 0.000064, 0.000051, 0.000050
4792, 0.000065, 0.000053, 0.000051
4793, 0.000066, 0.000053, 0.000053
4794, 0.000066, 0.000054, 0.000050
4795, 0.000065, 0.000046, 0.000044
4796, 0.000061, 0.000046, 0.000045
4797, 0.000061, 0.000052, 0.000049
4798, 0.000065, 0.000052, 0.000052
4799, 0.000068, 0.000054, 0.000052
4800, 0.000068, 0.000052, 0.000052
4801, 0.000066, 0.000047, 0.000045
4802, 0.000061, 0.000046, 0.000044
4803, 0.000061, 0.000050, 0.000049
4804, 0.000063, 0.000052, 0.000049
4805, 0.000066, 0.000049, 0.000048
4806, 0.000063, 0.000048, 0.000045
4807, 0.000061, 0.000046, 0.000045
4808, 0.000060, 0.000048, 0.000047
4809, 0.000062, 0.000050, 0.000047
4810, 0.000064, 0.000048, 0.000048
4811, 0.000063, 0.000049, 0.000046
4812, 0.000063, 0.000048, 0.000046
4813, 0.000063, 0.000047, 0.000045
4814, 0.000062, 0.000046, 0.000045
4815, 0.000061, 0.000047, 0.000045
4816, 0.000061, 0.000046, 0.000046
4817, 0.000061, 0.000045, 0.000045
4818, 0.000061, 0.000045, 0.000045
4819, 0.000060, 0.000046, 0.000045
4820, 0.000061, 0.000047, 0.000047
4821, 0.000061, 0.000051, 0.000049
4822, 0.000064, 0.000049, 0.000049
4823, 0.000064, 0.000049, 0.000047
4824, 0.000061, 0.000046, 0.000045
4825, 0.000061, 0.000047, 0.000046
4826, 0.000060, 0.000047, 0.000045
4827, 0.000060, 0.000047, 0.000046
4828, 0.000062, 0.000048, 0.000046
4829, 0.000061, 0.000047, 0.000046
4830, 0.000061, 0.000048, 0.000047
4831, 0.000060, 0.000047, 0.000047
4832, 0.000060, 0.000045, 0.000045
4833, 0.000060, 0.000046, 0.000044
4834, 0.000060, 0.000045, 0.000044
4835, 0.000060, 0.000045, 0.000044
4836, 0.000060, 0.000048, 0.000046
4837, 0.000061, 0.000047, 0.000046
4838, 0.000060, 0.000048, 0.000046
4839, 0.000061, 0.000046, 0.000045
4840, 0.000060, 0.000045, 0.000044
4841, 0.000061, 0.000045, 0.000044
4842, 0.000061, 0.000045, 0.000044
4843, 0.000060, 0.000047, 0.000047
4844, 0.000061, 0.000050, 0.000049
4845, 0.000062, 0.000053, 0.000050
4846, 0.000063, 0.000051, 0.000052
4847, 0.000065, 0.000052, 0.000050
4848, 0.000064, 0.000047, 0.000046
4849, 0.000061, 0.000045, 0.000043
4850, 0.000060, 0.000044, 0.000042
4851, 0.000059, 0.000046, 0.000046
4852, 0.000061, 0.000051, 0.000049
4853, 0.000062, 0.000048, 0.000048
4854, 0.000061, 0.000047, 0.000047
4855, 0.000060, 0.000047, 0.000047
4856, 0.000059, 0.000045, 0.000045
4857, 0.000059, 0.000045, 0.000044
4858, 0.000058, 0.000044, 0.000045
4859, 0.000060, 0.000045, 0.000045
4860, 0.000059, 0.000046, 0.000046
4861, 0.000059, 0.000046, 0.000046
4862, 0.000060, 0.000046, 0.000045
4863, 0.000059, 0.000046, 0.000044
4864, 0.000059, 0.000045, 0.000043
4865, 0.000060, 0.000045, 0.000044
4866, 0.000059, 0.000045, 0.000044
4867, 0.000060, 0.000046, 0.000046
4868, 0.000061, 0.000048, 0.000047
4869, 0.000061, 0.000047, 0.000048
4870, 0.000062, 0.000048, 0.000047
4871, 0.000062, 0.000050, 0.000050
4872, 0.000061, 0.000046, 0.000045
4873, 0.000061, 0.000047, 0.000046
4874, 0.000059, 0.000045, 0.000044
4875, 0.000059, 0.000045, 0.000044
4876, 0.000059, 0.000046, 0.000045
4877, 0.000059, 0.000048, 0.000047
4878, 0.000060, 0.000049, 0.000049
4879, 0.000061, 0.000051, 0.000050
4880, 0.000062, 0.000048, 0.000048
4881, 0.000062, 0.000046, 0.000045
4882, 0.000061, 0.000046, 0.000045
4883, 0.000059, 0.000048, 0.000047
4884, 0.000060, 0.000056, 0.000052
4885, 0.000065, 0.000058, 0.000058
4886, 0.000070, 0.000068, 0.000063
4887, 0.000075, 0.000070, 0.000071
4888, 0.000077, 0.000062, 0.000060
4889, 0.000072, 0.000051, 0.000051
4890, 0.000064, 0.000046, 0.000045
4891, 0.000061, 0.000045, 0.000044
4892, 0.000058, 0.000046, 0.000045
4893, 0.000060, 0.000050, 0.000047
4894, 0.000061, 0.000049, 0.000050
4895, 0.000062, 0.000050, 0.000048
4896, 0.000062, 0.000051, 0.000051
4897, 0.000063, 0.000048, 0.000046
4898, 0.000062, 0.000046, 0.000045
4899, 0.000060, 0.000046, 0.000044
4900, 0.000060, 0.000048, 0.000046
4901, 0.000061, 0.000055, 0.000054
4902, 0.000064, 0.000056, 0.000053
4903, 0.000067, 0.000054, 0.000055
4904, 0.000066, 0.000053, 0.000050
4905, 0.000063, 0.000049, 0.000049
4906, 0.000063, 0.000049, 0.000048
4907, 0.000060, 0.000045, 0.000044
4908, 0.000059, 0.000048, 0.000047
4909, 0.000060, 0.000054, 0.000051
4910, 0.000063, 0.000054, 0.000054
4911, 0.000064, 0.000052, 0.000049
4912, 0.000064, 0.000050, 0.000049
4913, 0.000062, 0.000046, 0.000044
4914, 0.000059, 0.000046, 0.000044
4915, 0.000058, 0.000048, 0.000046
4916, 0.000060, 0.000050, 0.000047
4917, 0.000062, 0.000052, 0.000053
4918, 0.000063, 0.000050, 0.000048
4919, 0.000062, 0.000047, 0.000047
4920, 0.000060, 0.000047, 0.000046
4921, 0.000061, 0.000046, 0.000044
4922, 0.000060, 0.000050, 0.000048
4923, 0.000062, 0.000053, 0.000050
4924, 0.000064, 0.000050, 0.000049
4925, 0.000062, 0.000049, 0.000046
4926, 0.000059, 0.000048, 0.000047
4927, 0.000058, 0.000047, 0.000047
4928, 0.000059, 0.000048, 0.000046
4929, 0.000060, 0.000046, 0.000046
4930, 0.000060, 0.000045, 0.000043
4931, 0.000060, 0.000047, 0.000045
4932, 0.000058, 0.000047, 0.000045
4933, 0.000059, 0.000053, 0.000049
4934, 0.000063, 0.000056, 0.000056
4935, 0.000066, 0.000058, 0.000055
4936, 0.000067, 0.000053, 0.000053
4937, 0.000064, 0.000050, 0.000048
4938, 0.000061, 0.000046, 0.000046
4939, 0.000059, 0.000045, 0.000044
4940, 0.000057, 0.000048, 0.000046
4941, 0.000059, 0.000048, 0.000048
4942, 0.000060, 0.000047, 0.000046
4943, 0.000059, 0.000047, 0.000047
4944, 0.000060, 0.000048, 0.000046
4945, 0.000058, 0.000047, 0.000046
4946, 0.000059, 0.000049, 0.000045
4947, 0.000058, 0.000048, 0.000046
4948, 0.000058, 0.000046, 0.000043
4949, 0.000057, 0.000045, 0.000043
4950, 0.000057, 0.000045, 0.000044
4951, 0.000058, 0.000046, 0.000044
4952, 0.000057, 0.000046, 0.000046
4953, 0.000057, 0.000047, 0.000046
4954, 0.000058, 0.000047, 0.000047
4955, 0.000059, 0.000048, 0.000047
4956, 0.000058, 0.000047, 0.000047
4957, 0.000059, 0.000046, 0.000045
4958, 0.000058, 0.000046, 0.000045
4959, 0.000058, 0.000045, 0.000044
4960, 0.000058, 0.000045, 0.000044
4961, 0.000058, 0.000045, 0.000043
4962, 0.000057, 0.000045, 0.000045
4963, 0.000058, 0.000048, 0.000046
4964, 0.000057, 0.000045, 0.000045
4965, 0.000057, 0.000045, 0.000044
4966, 0.000057, 0.000046, 0.000045
4967, 0.000058, 0.000045, 0.000043
4968, 0.000058, 0.000047, 0.000046
4969, 0.000057, 0.000046, 0.000046
4970, 0.000058, 0.000048, 0.000046
4971, 0.000058, 0.000050, 0.000049
4972, 0.000059, 0.000046, 0.000045
4973, 0.000058, 0.000046, 0.000044
4974, 0.000057, 0.000045, 0.000045
4975, 0.000057, 0.000047, 0.000045
4976, 0.000059, 0.000050, 0.000049
4977, 0.000060, 0.000048, 0.000046
4978, 0.000059, 0.000047, 0.000046
4979, 0.000058, 0.000048, 0.000046
4980, 0.000058, 0.000048, 0.000046
4981, 0.000058, 0.000048, 0.000046
4982, 0.000059, 0.000047, 0.000046
4983, 0.000058, 0.000047, 0.000046
4984, 0.000058, 0.000046, 0.000047
4985, 0.000058, 0.000045, 0.000045
4986, 0.000058, 0.000046, 0.000045
4987, 0.000057, 0.000045, 0.000045
4988, 0.000058, 0.000048, 0.000047
4989, 0.000058, 0.000050, 0.000050
4990, 0.000061, 0.000053, 0.000050
4991, 0.000062, 0.000052, 0.000052
4992, 0.000061, 0.000050, 0.000047
4993, 0.000061, 0.000047, 0.000047
4994, 0.000058, 0.000045, 0.000043
4995, 0.000057, 0.000045, 0.000043
4996, 0.000056, 0.000049, 0.000048
4997, 0.000058, 0.000051, 0.000048
4998, 0.000059, 0.000053, 0.000054
4999, 0.000062, 0.000052, 0.000049
5000, 0.000062, 0.000048, 0.000047
