Epoch, Train Loss, Valid Loss, Test Loss
1, 0.478324, 0.542091, 0.543738
2, 0.411483, 0.475906, 0.478215
3, 0.360462, 0.417434, 0.420623
4, 0.322444, 0.369331, 0.373102
5, 0.293539, 0.331234, 0.335530
6, 0.270993, 0.306948, 0.311313
7, 0.255704, 0.287135, 0.291500
8, 0.242045, 0.269816, 0.274070
9, 0.228910, 0.252589, 0.256486
10, 0.215116, 0.235630, 0.239202
11, 0.201124, 0.219102, 0.222334
12, 0.187026, 0.203064, 0.205908
13, 0.173031, 0.188239, 0.190730
14, 0.159936, 0.174177, 0.176388
15, 0.147656, 0.160606, 0.162584
16, 0.135962, 0.147684, 0.149461
17, 0.124895, 0.135291, 0.136887
18, 0.114343, 0.123211, 0.124653
19, 0.104143, 0.111383, 0.112704
20, 0.094241, 0.099918, 0.101144
21, 0.084713, 0.088995, 0.090140
22, 0.075668, 0.078826, 0.079894
23, 0.067229, 0.069588, 0.070578
24, 0.059510, 0.061322, 0.062228
25, 0.052569, 0.053984, 0.054810
26, 0.046391, 0.047517, 0.048273
27, 0.040917, 0.041861, 0.042557
28, 0.036105, 0.036957, 0.037599
29, 0.031906, 0.032672, 0.033264
30, 0.028229, 0.028863, 0.029412
31, 0.025008, 0.025486, 0.025996
32, 0.022128, 0.022532, 0.023006
33, 0.019648, 0.019989, 0.020428
34, 0.017479, 0.017807, 0.018217
35, 0.015622, 0.015949, 0.016332
36, 0.014045, 0.014371, 0.014732
37, 0.012704, 0.013040, 0.013383
38, 0.011576, 0.011912, 0.012240
39, 0.010613, 0.010944, 0.011260
40, 0.009781, 0.010093, 0.010396
41, 0.009043, 0.009319, 0.009612
42, 0.008398, 0.008601, 0.008884
43, 0.007798, 0.007962, 0.008235
44, 0.007269, 0.007389, 0.007650
45, 0.006791, 0.006874, 0.007124
46, 0.006361, 0.006409, 0.006651
47, 0.005989, 0.005992, 0.006226
48, 0.005654, 0.005625, 0.005853
49, 0.005365, 0.005312, 0.005534
50, 0.005112, 0.005049, 0.005265
51, 0.004894, 0.004823, 0.005032
52, 0.004695, 0.004619, 0.004819
53, 0.004513, 0.004434, 0.004627
54, 0.004357, 0.004266, 0.004452
55, 0.004215, 0.004117, 0.004297
56, 0.004084, 0.003987, 0.004161
57, 0.003970, 0.003866, 0.004036
58, 0.003870, 0.003761, 0.003926
59, 0.003786, 0.003677, 0.003837
60, 0.003717, 0.003609, 0.003764
61, 0.003651, 0.003544, 0.003694
62, 0.003589, 0.003477, 0.003623
63, 0.003543, 0.003413, 0.003555
64, 0.003497, 0.003351, 0.003489
65, 0.003450, 0.003302, 0.003436
66, 0.003403, 0.003257, 0.003387
67, 0.003356, 0.003219, 0.003346
68, 0.003334, 0.003174, 0.003297
69, 0.003296, 0.003133, 0.003254
70, 0.003276, 0.003102, 0.003219
71, 0.003241, 0.003081, 0.003195
72, 0.003214, 0.003058, 0.003169
73, 0.003198, 0.003033, 0.003141
74, 0.003176, 0.003008, 0.003113
75, 0.003160, 0.002985, 0.003087
76, 0.003136, 0.002967, 0.003067
77, 0.003127, 0.002954, 0.003050
78, 0.003112, 0.002945, 0.003038
79, 0.003098, 0.002932, 0.003022
80, 0.003081, 0.002914, 0.003003
81, 0.003072, 0.002897, 0.002983
82, 0.003062, 0.002882, 0.002967
83, 0.003053, 0.002877, 0.002959
84, 0.003039, 0.002878, 0.002957
85, 0.003037, 0.002868, 0.002944
86, 0.003023, 0.002857, 0.002930
87, 0.003014, 0.002844, 0.002916
88, 0.003008, 0.002833, 0.002904
89, 0.003001, 0.002828, 0.002896
90, 0.002998, 0.002820, 0.002887
91, 0.002984, 0.002812, 0.002876
92, 0.002983, 0.002809, 0.002871
93, 0.002983, 0.002809, 0.002867
94, 0.002971, 0.002805, 0.002861
95, 0.002964, 0.002798, 0.002852
96, 0.002953, 0.002790, 0.002843
97, 0.002954, 0.002781, 0.002833
98, 0.002949, 0.002776, 0.002826
99, 0.002939, 0.002779, 0.002827
100, 0.002940, 0.002781, 0.002827
101, 0.002935, 0.002777, 0.002823
102, 0.002923, 0.002768, 0.002813
103, 0.002924, 0.002758, 0.002802
104, 0.002922, 0.002756, 0.002797
105, 0.002914, 0.002759, 0.002798
106, 0.002909, 0.002762, 0.002800
107, 0.002910, 0.002757, 0.002794
108, 0.002900, 0.002750, 0.002785
109, 0.002895, 0.002742, 0.002776
110, 0.002896, 0.002742, 0.002774
111, 0.002893, 0.002745, 0.002776
112, 0.002894, 0.002740, 0.002770
113, 0.002885, 0.002735, 0.002765
114, 0.002882, 0.002731, 0.002760
115, 0.002886, 0.002731, 0.002758
116, 0.002868, 0.002730, 0.002757
117, 0.002867, 0.002726, 0.002752
118, 0.002864, 0.002723, 0.002747
119, 0.002864, 0.002723, 0.002747
120, 0.002863, 0.002723, 0.002746
121, 0.002856, 0.002720, 0.002743
122, 0.002857, 0.002718, 0.002739
123, 0.002855, 0.002716, 0.002736
124, 0.002851, 0.002713, 0.002731
125, 0.002849, 0.002714, 0.002732
126, 0.002844, 0.002713, 0.002730
127, 0.002842, 0.002703, 0.002720
128, 0.002842, 0.002700, 0.002717
129, 0.002840, 0.002701, 0.002717
130, 0.002834, 0.002707, 0.002721
131, 0.002833, 0.002706, 0.002718
132, 0.002825, 0.002701, 0.002713
133, 0.002821, 0.002696, 0.002708
134, 0.002819, 0.002695, 0.002705
135, 0.002813, 0.002694, 0.002704
136, 0.002816, 0.002693, 0.002702
137, 0.002816, 0.002695, 0.002703
138, 0.002808, 0.002692, 0.002700
139, 0.002806, 0.002691, 0.002698
140, 0.002800, 0.002685, 0.002692
141, 0.002796, 0.002684, 0.002690
142, 0.002793, 0.002683, 0.002688
143, 0.002789, 0.002684, 0.002689
144, 0.002791, 0.002685, 0.002689
145, 0.002786, 0.002686, 0.002690
146, 0.002781, 0.002683, 0.002685
147, 0.002783, 0.002678, 0.002681
148, 0.002774, 0.002674, 0.002676
149, 0.002784, 0.002672, 0.002674
150, 0.002774, 0.002671, 0.002673
151, 0.002768, 0.002673, 0.002674
152, 0.002770, 0.002672, 0.002672
153, 0.002761, 0.002672, 0.002671
154, 0.002768, 0.002669, 0.002668
155, 0.002762, 0.002667, 0.002667
156, 0.002758, 0.002667, 0.002666
157, 0.002756, 0.002669, 0.002666
158, 0.002752, 0.002667, 0.002663
159, 0.002751, 0.002668, 0.002664
160, 0.002749, 0.002663, 0.002659
161, 0.002747, 0.002663, 0.002660
162, 0.002738, 0.002660, 0.002655
163, 0.002744, 0.002658, 0.002653
164, 0.002738, 0.002657, 0.002651
165, 0.002734, 0.002658, 0.002651
166, 0.002735, 0.002658, 0.002651
167, 0.002727, 0.002660, 0.002652
168, 0.002729, 0.002657, 0.002650
169, 0.002723, 0.002654, 0.002647
170, 0.002730, 0.002652, 0.002643
171, 0.002724, 0.002652, 0.002643
172, 0.002720, 0.002649, 0.002640
173, 0.002714, 0.002648, 0.002639
174, 0.002716, 0.002648, 0.002639
175, 0.002712, 0.002647, 0.002637
176, 0.002711, 0.002647, 0.002637
177, 0.002703, 0.002646, 0.002636
178, 0.002706, 0.002645, 0.002634
179, 0.002701, 0.002645, 0.002634
180, 0.002697, 0.002643, 0.002632
181, 0.002699, 0.002642, 0.002631
182, 0.002692, 0.002640, 0.002629
183, 0.002692, 0.002637, 0.002625
184, 0.002690, 0.002636, 0.002623
185, 0.002687, 0.002637, 0.002623
186, 0.002686, 0.002639, 0.002626
187, 0.002686, 0.002637, 0.002623
188, 0.002679, 0.002636, 0.002623
189, 0.002680, 0.002633, 0.002619
190, 0.002680, 0.002635, 0.002620
191, 0.002674, 0.002633, 0.002618
192, 0.002672, 0.002630, 0.002616
193, 0.002668, 0.002627, 0.002613
194, 0.002665, 0.002625, 0.002610
195, 0.002664, 0.002625, 0.002609
196, 0.002665, 0.002625, 0.002610
197, 0.002665, 0.002626, 0.002610
198, 0.002661, 0.002623, 0.002607
199, 0.002653, 0.002620, 0.002604
200, 0.002654, 0.002619, 0.002602
201, 0.002648, 0.002619, 0.002603
202, 0.002648, 0.002622, 0.002605
203, 0.002649, 0.002622, 0.002605
204, 0.002642, 0.002618, 0.002600
205, 0.002649, 0.002614, 0.002596
206, 0.002644, 0.002613, 0.002594
207, 0.002640, 0.002611, 0.002593
208, 0.002638, 0.002612, 0.002594
209, 0.002637, 0.002611, 0.002593
210, 0.002629, 0.002610, 0.002591
211, 0.002633, 0.002608, 0.002589
212, 0.002631, 0.002609, 0.002590
213, 0.002629, 0.002608, 0.002589
214, 0.002621, 0.002605, 0.002587
215, 0.002626, 0.002603, 0.002585
216, 0.002622, 0.002602, 0.002583
217, 0.002620, 0.002601, 0.002582
218, 0.002621, 0.002602, 0.002582
219, 0.002614, 0.002599, 0.002579
220, 0.002613, 0.002597, 0.002578
221, 0.002613, 0.002595, 0.002576
222, 0.002612, 0.002594, 0.002575
223, 0.002608, 0.002594, 0.002573
224, 0.002607, 0.002594, 0.002572
225, 0.002602, 0.002592, 0.002571
226, 0.002599, 0.002590, 0.002570
227, 0.002599, 0.002588, 0.002568
228, 0.002601, 0.002587, 0.002566
229, 0.002594, 0.002587, 0.002565
230, 0.002592, 0.002586, 0.002564
231, 0.002592, 0.002584, 0.002562
232, 0.002588, 0.002582, 0.002562
233, 0.002587, 0.002581, 0.002560
234, 0.002585, 0.002582, 0.002559
235, 0.002586, 0.002579, 0.002556
236, 0.002583, 0.002576, 0.002555
237, 0.002584, 0.002574, 0.002553
238, 0.002580, 0.002574, 0.002552
239, 0.002575, 0.002574, 0.002552
240, 0.002578, 0.002572, 0.002549
241, 0.002571, 0.002569, 0.002547
242, 0.002571, 0.002566, 0.002544
243, 0.002571, 0.002565, 0.002541
244, 0.002565, 0.002564, 0.002541
245, 0.002564, 0.002564, 0.002540
246, 0.002563, 0.002563, 0.002540
247, 0.002558, 0.002560, 0.002537
248, 0.002556, 0.002557, 0.002533
249, 0.002559, 0.002555, 0.002532
250, 0.002553, 0.002554, 0.002530
251, 0.002552, 0.002554, 0.002530
252, 0.002550, 0.002553, 0.002529
253, 0.002549, 0.002550, 0.002526
254, 0.002553, 0.002548, 0.002524
255, 0.002543, 0.002546, 0.002522
256, 0.002544, 0.002545, 0.002521
257, 0.002543, 0.002545, 0.002520
258, 0.002536, 0.002544, 0.002519
259, 0.002540, 0.002542, 0.002517
260, 0.002535, 0.002538, 0.002513
261, 0.002532, 0.002535, 0.002510
262, 0.002529, 0.002534, 0.002510
263, 0.002528, 0.002534, 0.002508
264, 0.002528, 0.002533, 0.002507
265, 0.002523, 0.002530, 0.002505
266, 0.002523, 0.002526, 0.002501
267, 0.002521, 0.002524, 0.002498
268, 0.002521, 0.002524, 0.002497
269, 0.002515, 0.002524, 0.002498
270, 0.002515, 0.002522, 0.002496
271, 0.002515, 0.002520, 0.002493
272, 0.002513, 0.002517, 0.002491
273, 0.002509, 0.002515, 0.002488
274, 0.002509, 0.002512, 0.002485
275, 0.002502, 0.002512, 0.002485
276, 0.002499, 0.002512, 0.002486
277, 0.002501, 0.002509, 0.002482
278, 0.002499, 0.002508, 0.002480
279, 0.002498, 0.002505, 0.002478
280, 0.002494, 0.002503, 0.002476
281, 0.002495, 0.002500, 0.002473
282, 0.002495, 0.002499, 0.002472
283, 0.002493, 0.002499, 0.002472
284, 0.002492, 0.002500, 0.002472
285, 0.002487, 0.002496, 0.002469
286, 0.002486, 0.002493, 0.002466
287, 0.002485, 0.002489, 0.002461
288, 0.002478, 0.002489, 0.002461
289, 0.002481, 0.002489, 0.002461
290, 0.002480, 0.002486, 0.002458
291, 0.002478, 0.002486, 0.002458
292, 0.002472, 0.002488, 0.002461
293, 0.002474, 0.002484, 0.002456
294, 0.002475, 0.002479, 0.002451
295, 0.002471, 0.002479, 0.002451
296, 0.002466, 0.002481, 0.002453
297, 0.002469, 0.002479, 0.002451
298, 0.002467, 0.002475, 0.002446
299, 0.002461, 0.002473, 0.002444
300, 0.002463, 0.002474, 0.002445
301, 0.002464, 0.002472, 0.002443
302, 0.002460, 0.002470, 0.002441
303, 0.002458, 0.002472, 0.002443
304, 0.002462, 0.002471, 0.002442
305, 0.002459, 0.002467, 0.002438
306, 0.002455, 0.002464, 0.002434
307, 0.002453, 0.002467, 0.002438
308, 0.002454, 0.002464, 0.002435
309, 0.002451, 0.002461, 0.002432
310, 0.002448, 0.002462, 0.002433
311, 0.002449, 0.002463, 0.002435
312, 0.002448, 0.002461, 0.002432
313, 0.002446, 0.002460, 0.002431
314, 0.002446, 0.002459, 0.002430
315, 0.002444, 0.002458, 0.002429
316, 0.002444, 0.002457, 0.002428
317, 0.002440, 0.002454, 0.002425
318, 0.002443, 0.002454, 0.002425
319, 0.002441, 0.002454, 0.002425
320, 0.002441, 0.002454, 0.002424
321, 0.002441, 0.002451, 0.002422
322, 0.002437, 0.002453, 0.002424
323, 0.002440, 0.002455, 0.002426
324, 0.002439, 0.002451, 0.002421
325, 0.002436, 0.002449, 0.002419
326, 0.002434, 0.002447, 0.002417
327, 0.002433, 0.002447, 0.002417
328, 0.002430, 0.002447, 0.002417
329, 0.002433, 0.002447, 0.002418
330, 0.002433, 0.002446, 0.002416
331, 0.002429, 0.002448, 0.002418
332, 0.002431, 0.002446, 0.002416
333, 0.002428, 0.002446, 0.002416
334, 0.002427, 0.002443, 0.002414
335, 0.002424, 0.002442, 0.002413
336, 0.002425, 0.002446, 0.002417
337, 0.002426, 0.002443, 0.002414
338, 0.002427, 0.002437, 0.002408
339, 0.002425, 0.002439, 0.002410
340, 0.002424, 0.002443, 0.002414
341, 0.002422, 0.002438, 0.002409
342, 0.002419, 0.002439, 0.002410
343, 0.002422, 0.002444, 0.002414
344, 0.002418, 0.002436, 0.002406
345, 0.002417, 0.002432, 0.002403
346, 0.002418, 0.002438, 0.002408
347, 0.002417, 0.002439, 0.002408
348, 0.002416, 0.002434, 0.002404
349, 0.002420, 0.002435, 0.002405
350, 0.002416, 0.002437, 0.002407
351, 0.002414, 0.002431, 0.002402
352, 0.002416, 0.002431, 0.002402
353, 0.002414, 0.002433, 0.002403
354, 0.002413, 0.002431, 0.002402
355, 0.002414, 0.002429, 0.002400
356, 0.002412, 0.002432, 0.002402
357, 0.002412, 0.002429, 0.002399
358, 0.002409, 0.002427, 0.002398
359, 0.002408, 0.002429, 0.002399
360, 0.002410, 0.002433, 0.002403
361, 0.002410, 0.002426, 0.002396
362, 0.002410, 0.002424, 0.002395
363, 0.002409, 0.002427, 0.002397
364, 0.002404, 0.002426, 0.002396
365, 0.002407, 0.002422, 0.002392
366, 0.002408, 0.002424, 0.002394
367, 0.002404, 0.002426, 0.002395
368, 0.002403, 0.002421, 0.002392
369, 0.002404, 0.002422, 0.002392
370, 0.002403, 0.002424, 0.002394
371, 0.002405, 0.002422, 0.002392
372, 0.002406, 0.002420, 0.002390
373, 0.002403, 0.002422, 0.002392
374, 0.002401, 0.002419, 0.002390
375, 0.002400, 0.002419, 0.002390
376, 0.002399, 0.002422, 0.002392
377, 0.002400, 0.002419, 0.002389
378, 0.002401, 0.002418, 0.002388
379, 0.002402, 0.002420, 0.002389
380, 0.002398, 0.002416, 0.002386
381, 0.002395, 0.002418, 0.002388
382, 0.002397, 0.002418, 0.002388
383, 0.002396, 0.002415, 0.002385
384, 0.002401, 0.002416, 0.002385
385, 0.002397, 0.002418, 0.002388
386, 0.002394, 0.002415, 0.002384
387, 0.002395, 0.002413, 0.002383
388, 0.002394, 0.002412, 0.002382
389, 0.002393, 0.002417, 0.002386
390, 0.002394, 0.002414, 0.002383
391, 0.002394, 0.002412, 0.002382
392, 0.002393, 0.002417, 0.002386
393, 0.002394, 0.002411, 0.002381
394, 0.002391, 0.002411, 0.002380
395, 0.002387, 0.002413, 0.002382
396, 0.002390, 0.002415, 0.002385
397, 0.002388, 0.002410, 0.002380
398, 0.002389, 0.002412, 0.002382
399, 0.002390, 0.002412, 0.002381
400, 0.002391, 0.002406, 0.002376
401, 0.002388, 0.002409, 0.002378
402, 0.002384, 0.002415, 0.002384
403, 0.002388, 0.002408, 0.002379
404, 0.002388, 0.002407, 0.002378
405, 0.002386, 0.002410, 0.002379
406, 0.002385, 0.002408, 0.002377
407, 0.002386, 0.002404, 0.002374
408, 0.002384, 0.002408, 0.002377
409, 0.002386, 0.002407, 0.002376
410, 0.002382, 0.002407, 0.002376
411, 0.002382, 0.002405, 0.002375
412, 0.002382, 0.002407, 0.002376
413, 0.002384, 0.002404, 0.002373
414, 0.002381, 0.002404, 0.002374
415, 0.002380, 0.002405, 0.002375
416, 0.002385, 0.002404, 0.002373
417, 0.002379, 0.002405, 0.002374
418, 0.002378, 0.002400, 0.002371
419, 0.002382, 0.002404, 0.002374
420, 0.002376, 0.002407, 0.002376
421, 0.002377, 0.002401, 0.002371
422, 0.002381, 0.002401, 0.002371
423, 0.002378, 0.002411, 0.002379
424, 0.002381, 0.002400, 0.002370
425, 0.002380, 0.002399, 0.002369
426, 0.002381, 0.002418, 0.002384
427, 0.002378, 0.002400, 0.002370
428, 0.002380, 0.002398, 0.002369
429, 0.002381, 0.002410, 0.002377
430, 0.002382, 0.002400, 0.002369
431, 0.002374, 0.002397, 0.002368
432, 0.002378, 0.002403, 0.002371
433, 0.002376, 0.002408, 0.002375
434, 0.002378, 0.002398, 0.002368
435, 0.002377, 0.002405, 0.002373
436, 0.002372, 0.002411, 0.002379
437, 0.002375, 0.002397, 0.002368
438, 0.002377, 0.002397, 0.002367
439, 0.002371, 0.002404, 0.002372
440, 0.002374, 0.002394, 0.002365
441, 0.002373, 0.002395, 0.002365
442, 0.002375, 0.002404, 0.002372
443, 0.002375, 0.002397, 0.002366
444, 0.002372, 0.002397, 0.002368
445, 0.002368, 0.002401, 0.002369
446, 0.002371, 0.002396, 0.002365
447, 0.002372, 0.002393, 0.002364
448, 0.002371, 0.002402, 0.002370
449, 0.002371, 0.002398, 0.002366
450, 0.002368, 0.002393, 0.002364
451, 0.002369, 0.002397, 0.002366
452, 0.002370, 0.002397, 0.002365
453, 0.002366, 0.002392, 0.002362
454, 0.002372, 0.002395, 0.002364
455, 0.002368, 0.002400, 0.002368
456, 0.002368, 0.002394, 0.002363
457, 0.002365, 0.002394, 0.002363
458, 0.002367, 0.002396, 0.002364
459, 0.002370, 0.002398, 0.002366
460, 0.002367, 0.002392, 0.002362
461, 0.002368, 0.002392, 0.002362
462, 0.002365, 0.002394, 0.002363
463, 0.002367, 0.002391, 0.002361
464, 0.002364, 0.002394, 0.002363
465, 0.002365, 0.002396, 0.002365
466, 0.002365, 0.002389, 0.002359
467, 0.002367, 0.002394, 0.002363
468, 0.002363, 0.002401, 0.002369
469, 0.002367, 0.002389, 0.002359
470, 0.002368, 0.002392, 0.002361
471, 0.002361, 0.002399, 0.002366
472, 0.002368, 0.002389, 0.002359
473, 0.002363, 0.002390, 0.002359
474, 0.002362, 0.002395, 0.002363
475, 0.002366, 0.002389, 0.002359
476, 0.002366, 0.002390, 0.002359
477, 0.002359, 0.002397, 0.002365
478, 0.002362, 0.002388, 0.002358
479, 0.002365, 0.002388, 0.002358
480, 0.002361, 0.002393, 0.002361
481, 0.002361, 0.002387, 0.002357
482, 0.002360, 0.002389, 0.002359
483, 0.002359, 0.002391, 0.002360
484, 0.002359, 0.002391, 0.002359
485, 0.002358, 0.002387, 0.002356
486, 0.002364, 0.002393, 0.002361
487, 0.002361, 0.002388, 0.002357
488, 0.002359, 0.002387, 0.002356
489, 0.002359, 0.002393, 0.002361
490, 0.002360, 0.002389, 0.002357
491, 0.002357, 0.002385, 0.002354
492, 0.002359, 0.002389, 0.002357
493, 0.002356, 0.002389, 0.002357
494, 0.002359, 0.002385, 0.002355
495, 0.002357, 0.002392, 0.002360
496, 0.002358, 0.002391, 0.002360
497, 0.002360, 0.002384, 0.002354
498, 0.002358, 0.002389, 0.002357
499, 0.002357, 0.002390, 0.002358
500, 0.002357, 0.002382, 0.002353
501, 0.002355, 0.002390, 0.002359
502, 0.002355, 0.002387, 0.002357
503, 0.002356, 0.002382, 0.002353
504, 0.002355, 0.002385, 0.002354
505, 0.002354, 0.002391, 0.002359
506, 0.002357, 0.002380, 0.002351
507, 0.002359, 0.002388, 0.002357
508, 0.002354, 0.002392, 0.002360
509, 0.002356, 0.002382, 0.002354
510, 0.002355, 0.002387, 0.002356
511, 0.002354, 0.002396, 0.002363
512, 0.002358, 0.002380, 0.002350
513, 0.002358, 0.002389, 0.002357
514, 0.002355, 0.002387, 0.002356
515, 0.002354, 0.002380, 0.002351
516, 0.002354, 0.002387, 0.002355
517, 0.002348, 0.002391, 0.002359
518, 0.002355, 0.002380, 0.002350
519, 0.002354, 0.002390, 0.002357
520, 0.002353, 0.002386, 0.002354
521, 0.002351, 0.002379, 0.002349
522, 0.002352, 0.002389, 0.002356
523, 0.002352, 0.002385, 0.002353
524, 0.002352, 0.002378, 0.002348
525, 0.002350, 0.002387, 0.002354
526, 0.002351, 0.002385, 0.002353
527, 0.002349, 0.002379, 0.002349
528, 0.002351, 0.002388, 0.002356
529, 0.002348, 0.002378, 0.002348
530, 0.002347, 0.002378, 0.002348
531, 0.002347, 0.002394, 0.002361
532, 0.002351, 0.002378, 0.002348
533, 0.002350, 0.002380, 0.002349
534, 0.002347, 0.002385, 0.002354
535, 0.002347, 0.002381, 0.002351
536, 0.002348, 0.002378, 0.002348
537, 0.002348, 0.002383, 0.002351
538, 0.002352, 0.002381, 0.002350
539, 0.002348, 0.002377, 0.002346
540, 0.002346, 0.002384, 0.002352
541, 0.002346, 0.002380, 0.002349
542, 0.002345, 0.002375, 0.002344
543, 0.002349, 0.002381, 0.002350
544, 0.002348, 0.002380, 0.002349
545, 0.002343, 0.002375, 0.002345
546, 0.002343, 0.002379, 0.002348
547, 0.002346, 0.002376, 0.002346
548, 0.002341, 0.002378, 0.002347
549, 0.002344, 0.002381, 0.002349
550, 0.002342, 0.002378, 0.002347
551, 0.002344, 0.002377, 0.002347
552, 0.002340, 0.002373, 0.002343
553, 0.002344, 0.002382, 0.002350
554, 0.002342, 0.002373, 0.002343
555, 0.002346, 0.002379, 0.002347
556, 0.002340, 0.002375, 0.002344
557, 0.002341, 0.002374, 0.002343
558, 0.002342, 0.002377, 0.002346
559, 0.002338, 0.002375, 0.002344
560, 0.002341, 0.002375, 0.002344
561, 0.002342, 0.002377, 0.002347
562, 0.002338, 0.002374, 0.002344
563, 0.002341, 0.002376, 0.002345
564, 0.002342, 0.002370, 0.002340
565, 0.002342, 0.002375, 0.002344
566, 0.002339, 0.002377, 0.002345
567, 0.002338, 0.002371, 0.002341
568, 0.002339, 0.002376, 0.002345
569, 0.002341, 0.002374, 0.002343
570, 0.002336, 0.002368, 0.002338
571, 0.002337, 0.002373, 0.002342
572, 0.002336, 0.002372, 0.002341
573, 0.002334, 0.002372, 0.002341
574, 0.002335, 0.002375, 0.002343
575, 0.002337, 0.002368, 0.002338
576, 0.002338, 0.002375, 0.002343
577, 0.002339, 0.002375, 0.002344
578, 0.002335, 0.002366, 0.002337
579, 0.002340, 0.002375, 0.002344
580, 0.002336, 0.002370, 0.002340
581, 0.002336, 0.002366, 0.002336
582, 0.002334, 0.002372, 0.002341
583, 0.002335, 0.002373, 0.002342
584, 0.002335, 0.002368, 0.002337
585, 0.002334, 0.002369, 0.002338
586, 0.002333, 0.002374, 0.002342
587, 0.002335, 0.002363, 0.002334
588, 0.002336, 0.002374, 0.002342
589, 0.002334, 0.002366, 0.002335
590, 0.002333, 0.002365, 0.002335
591, 0.002332, 0.002374, 0.002343
592, 0.002332, 0.002368, 0.002337
593, 0.002329, 0.002364, 0.002334
594, 0.002330, 0.002373, 0.002342
595, 0.002330, 0.002362, 0.002332
596, 0.002334, 0.002368, 0.002338
597, 0.002329, 0.002370, 0.002339
598, 0.002331, 0.002361, 0.002332
599, 0.002329, 0.002365, 0.002335
600, 0.002328, 0.002373, 0.002341
601, 0.002333, 0.002357, 0.002329
602, 0.002333, 0.002370, 0.002339
603, 0.002332, 0.002367, 0.002336
604, 0.002329, 0.002359, 0.002330
605, 0.002328, 0.002384, 0.002350
606, 0.002332, 0.002360, 0.002330
607, 0.002326, 0.002357, 0.002328
608, 0.002326, 0.002380, 0.002347
609, 0.002330, 0.002357, 0.002328
610, 0.002331, 0.002361, 0.002330
611, 0.002325, 0.002377, 0.002344
612, 0.002329, 0.002354, 0.002325
613, 0.002331, 0.002372, 0.002339
614, 0.002325, 0.002361, 0.002330
615, 0.002323, 0.002355, 0.002326
616, 0.002324, 0.002369, 0.002337
617, 0.002330, 0.002358, 0.002327
618, 0.002321, 0.002354, 0.002324
619, 0.002323, 0.002367, 0.002335
620, 0.002323, 0.002353, 0.002323
621, 0.002322, 0.002355, 0.002325
622, 0.002320, 0.002360, 0.002330
623, 0.002323, 0.002355, 0.002326
624, 0.002324, 0.002357, 0.002328
625, 0.002321, 0.002358, 0.002327
626, 0.002320, 0.002357, 0.002326
627, 0.002316, 0.002352, 0.002322
628, 0.002318, 0.002353, 0.002323
629, 0.002320, 0.002361, 0.002328
630, 0.002317, 0.002355, 0.002324
631, 0.002318, 0.002349, 0.002319
632, 0.002317, 0.002362, 0.002331
633, 0.002322, 0.002347, 0.002318
634, 0.002317, 0.002352, 0.002322
635, 0.002315, 0.002354, 0.002323
636, 0.002316, 0.002343, 0.002314
637, 0.002318, 0.002354, 0.002323
638, 0.002315, 0.002356, 0.002325
639, 0.002316, 0.002344, 0.002316
640, 0.002314, 0.002360, 0.002329
641, 0.002313, 0.002346, 0.002317
642, 0.002312, 0.002341, 0.002313
643, 0.002316, 0.002361, 0.002330
644, 0.002314, 0.002338, 0.002311
645, 0.002317, 0.002350, 0.002320
646, 0.002311, 0.002352, 0.002321
647, 0.002310, 0.002340, 0.002311
648, 0.002313, 0.002350, 0.002319
649, 0.002308, 0.002345, 0.002314
650, 0.002311, 0.002339, 0.002309
651, 0.002309, 0.002343, 0.002312
652, 0.002309, 0.002345, 0.002314
653, 0.002304, 0.002339, 0.002309
654, 0.002304, 0.002344, 0.002313
655, 0.002307, 0.002337, 0.002307
656, 0.002306, 0.002342, 0.002312
657, 0.002303, 0.002337, 0.002307
658, 0.002305, 0.002338, 0.002308
659, 0.002304, 0.002346, 0.002315
660, 0.002304, 0.002331, 0.002302
661, 0.002304, 0.002338, 0.002308
662, 0.002302, 0.002334, 0.002304
663, 0.002301, 0.002335, 0.002305
664, 0.002303, 0.002335, 0.002305
665, 0.002303, 0.002335, 0.002305
666, 0.002300, 0.002334, 0.002304
667, 0.002302, 0.002334, 0.002304
668, 0.002296, 0.002330, 0.002300
669, 0.002295, 0.002333, 0.002302
670, 0.002297, 0.002329, 0.002299
671, 0.002297, 0.002334, 0.002303
672, 0.002295, 0.002325, 0.002296
673, 0.002294, 0.002336, 0.002304
674, 0.002299, 0.002322, 0.002293
675, 0.002294, 0.002325, 0.002296
676, 0.002294, 0.002330, 0.002300
677, 0.002293, 0.002321, 0.002293
678, 0.002294, 0.002336, 0.002306
679, 0.002294, 0.002320, 0.002292
680, 0.002292, 0.002326, 0.002297
681, 0.002291, 0.002325, 0.002294
682, 0.002293, 0.002315, 0.002286
683, 0.002290, 0.002322, 0.002293
684, 0.002289, 0.002314, 0.002285
685, 0.002286, 0.002323, 0.002292
686, 0.002289, 0.002325, 0.002294
687, 0.002284, 0.002309, 0.002282
688, 0.002287, 0.002329, 0.002298
689, 0.002288, 0.002315, 0.002285
690, 0.002283, 0.002306, 0.002278
691, 0.002284, 0.002331, 0.002300
692, 0.002289, 0.002304, 0.002276
693, 0.002285, 0.002321, 0.002290
694, 0.002280, 0.002309, 0.002280
695, 0.002281, 0.002303, 0.002274
696, 0.002276, 0.002319, 0.002288
697, 0.002283, 0.002298, 0.002271
698, 0.002277, 0.002320, 0.002288
699, 0.002278, 0.002304, 0.002274
700, 0.002275, 0.002301, 0.002272
701, 0.002276, 0.002311, 0.002280
702, 0.002273, 0.002294, 0.002266
703, 0.002272, 0.002312, 0.002282
704, 0.002273, 0.002296, 0.002267
705, 0.002269, 0.002294, 0.002265
706, 0.002272, 0.002308, 0.002277
707, 0.002271, 0.002287, 0.002260
708, 0.002267, 0.002300, 0.002270
709, 0.002265, 0.002294, 0.002264
710, 0.002263, 0.002283, 0.002256
711, 0.002267, 0.002314, 0.002283
712, 0.002270, 0.002281, 0.002254
713, 0.002262, 0.002289, 0.002260
714, 0.002261, 0.002290, 0.002260
715, 0.002256, 0.002279, 0.002251
716, 0.002256, 0.002284, 0.002255
717, 0.002254, 0.002285, 0.002255
718, 0.002256, 0.002275, 0.002247
719, 0.002256, 0.002283, 0.002254
720, 0.002252, 0.002280, 0.002251
721, 0.002253, 0.002272, 0.002244
722, 0.002248, 0.002276, 0.002247
723, 0.002246, 0.002272, 0.002243
724, 0.002250, 0.002267, 0.002238
725, 0.002245, 0.002266, 0.002237
726, 0.002245, 0.002277, 0.002247
727, 0.002243, 0.002259, 0.002233
728, 0.002244, 0.002272, 0.002242
729, 0.002241, 0.002261, 0.002232
730, 0.002242, 0.002256, 0.002228
731, 0.002236, 0.002268, 0.002238
732, 0.002241, 0.002252, 0.002224
733, 0.002237, 0.002260, 0.002230
734, 0.002232, 0.002260, 0.002229
735, 0.002231, 0.002245, 0.002217
736, 0.002234, 0.002262, 0.002232
737, 0.002233, 0.002241, 0.002214
738, 0.002227, 0.002244, 0.002216
739, 0.002222, 0.002252, 0.002223
740, 0.002225, 0.002236, 0.002209
741, 0.002224, 0.002249, 0.002220
742, 0.002223, 0.002234, 0.002206
743, 0.002220, 0.002233, 0.002205
744, 0.002219, 0.002243, 0.002213
745, 0.002219, 0.002224, 0.002197
746, 0.002218, 0.002245, 0.002215
747, 0.002216, 0.002223, 0.002195
748, 0.002209, 0.002222, 0.002194
749, 0.002208, 0.002228, 0.002198
750, 0.002205, 0.002215, 0.002187
751, 0.002203, 0.002220, 0.002191
752, 0.002201, 0.002220, 0.002190
753, 0.002200, 0.002208, 0.002180
754, 0.002199, 0.002217, 0.002188
755, 0.002195, 0.002208, 0.002180
756, 0.002194, 0.002202, 0.002175
757, 0.002192, 0.002212, 0.002183
758, 0.002197, 0.002194, 0.002168
759, 0.002191, 0.002211, 0.002182
760, 0.002190, 0.002190, 0.002162
761, 0.002184, 0.002199, 0.002169
762, 0.002182, 0.002195, 0.002165
763, 0.002180, 0.002179, 0.002153
764, 0.002184, 0.002219, 0.002186
765, 0.002188, 0.002173, 0.002147
766, 0.002178, 0.002177, 0.002149
767, 0.002172, 0.002196, 0.002166
768, 0.002172, 0.002165, 0.002139
769, 0.002173, 0.002192, 0.002162
770, 0.002169, 0.002160, 0.002134
771, 0.002161, 0.002170, 0.002142
772, 0.002157, 0.002164, 0.002135
773, 0.002154, 0.002153, 0.002125
774, 0.002155, 0.002162, 0.002132
775, 0.002151, 0.002147, 0.002118
776, 0.002149, 0.002151, 0.002121
777, 0.002146, 0.002141, 0.002112
778, 0.002139, 0.002148, 0.002118
779, 0.002141, 0.002136, 0.002107
780, 0.002135, 0.002136, 0.002107
781, 0.002135, 0.002132, 0.002103
782, 0.002132, 0.002127, 0.002098
783, 0.002128, 0.002126, 0.002097
784, 0.002122, 0.002120, 0.002091
785, 0.002121, 0.002118, 0.002089
786, 0.002116, 0.002108, 0.002081
787, 0.002111, 0.002108, 0.002080
788, 0.002107, 0.002113, 0.002083
789, 0.002109, 0.002095, 0.002068
790, 0.002107, 0.002098, 0.002069
791, 0.002103, 0.002103, 0.002073
792, 0.002100, 0.002084, 0.002058
793, 0.002105, 0.002130, 0.002099
794, 0.002109, 0.002075, 0.002050
795, 0.002098, 0.002088, 0.002059
796, 0.002089, 0.002075, 0.002046
797, 0.002078, 0.002064, 0.002036
798, 0.002076, 0.002071, 0.002041
799, 0.002073, 0.002056, 0.002028
800, 0.002070, 0.002058, 0.002029
801, 0.002068, 0.002046, 0.002019
802, 0.002064, 0.002050, 0.002021
803, 0.002056, 0.002038, 0.002010
804, 0.002053, 0.002033, 0.002005
805, 0.002051, 0.002040, 0.002011
806, 0.002045, 0.002026, 0.001998
807, 0.002043, 0.002031, 0.002001
808, 0.002040, 0.002012, 0.001985
809, 0.002033, 0.002017, 0.001989
810, 0.002030, 0.002004, 0.001976
811, 0.002024, 0.002005, 0.001977
812, 0.002024, 0.002001, 0.001973
813, 0.002015, 0.001988, 0.001961
814, 0.002017, 0.002006, 0.001976
815, 0.002014, 0.001975, 0.001950
816, 0.002014, 0.001998, 0.001968
817, 0.002007, 0.001964, 0.001938
818, 0.001997, 0.001968, 0.001940
819, 0.001988, 0.001962, 0.001934
820, 0.001986, 0.001948, 0.001922
821, 0.001978, 0.001966, 0.001937
822, 0.001979, 0.001938, 0.001913
823, 0.001979, 0.001961, 0.001930
824, 0.001971, 0.001926, 0.001900
825, 0.001961, 0.001924, 0.001896
826, 0.001953, 0.001934, 0.001904
827, 0.001953, 0.001909, 0.001883
828, 0.001955, 0.001948, 0.001917
829, 0.001956, 0.001905, 0.001882
830, 0.001952, 0.001920, 0.001889
831, 0.001937, 0.001888, 0.001860
832, 0.001927, 0.001881, 0.001856
833, 0.001927, 0.001918, 0.001888
834, 0.001935, 0.001872, 0.001849
835, 0.001932, 0.001904, 0.001873
836, 0.001920, 0.001854, 0.001829
837, 0.001908, 0.001860, 0.001832
838, 0.001892, 0.001849, 0.001821
839, 0.001885, 0.001833, 0.001808
840, 0.001884, 0.001856, 0.001827
841, 0.001884, 0.001818, 0.001793
842, 0.001879, 0.001836, 0.001807
843, 0.001871, 0.001806, 0.001780
844, 0.001860, 0.001806, 0.001779
845, 0.001851, 0.001801, 0.001774
846, 0.001846, 0.001786, 0.001760
847, 0.001842, 0.001779, 0.001753
848, 0.001834, 0.001777, 0.001751
849, 0.001826, 0.001771, 0.001743
850, 0.001820, 0.001758, 0.001732
851, 0.001812, 0.001754, 0.001728
852, 0.001809, 0.001747, 0.001721
853, 0.001802, 0.001737, 0.001710
854, 0.001796, 0.001736, 0.001709
855, 0.001789, 0.001721, 0.001695
856, 0.001785, 0.001716, 0.001689
857, 0.001775, 0.001711, 0.001684
858, 0.001768, 0.001699, 0.001673
859, 0.001768, 0.001698, 0.001671
860, 0.001761, 0.001683, 0.001658
861, 0.001750, 0.001683, 0.001657
862, 0.001745, 0.001667, 0.001642
863, 0.001738, 0.001661, 0.001635
864, 0.001732, 0.001655, 0.001629
865, 0.001725, 0.001645, 0.001619
866, 0.001717, 0.001641, 0.001614
867, 0.001708, 0.001633, 0.001607
868, 0.001705, 0.001621, 0.001597
869, 0.001697, 0.001614, 0.001589
870, 0.001693, 0.001608, 0.001582
871, 0.001683, 0.001599, 0.001574
872, 0.001676, 0.001592, 0.001565
873, 0.001670, 0.001577, 0.001552
874, 0.001665, 0.001589, 0.001563
875, 0.001658, 0.001563, 0.001539
876, 0.001656, 0.001586, 0.001558
877, 0.001648, 0.001546, 0.001525
878, 0.001640, 0.001549, 0.001522
879, 0.001628, 0.001534, 0.001507
880, 0.001620, 0.001521, 0.001499
881, 0.001614, 0.001535, 0.001509
882, 0.001609, 0.001503, 0.001480
883, 0.001608, 0.001518, 0.001491
884, 0.001593, 0.001488, 0.001466
885, 0.001585, 0.001480, 0.001455
886, 0.001578, 0.001484, 0.001458
887, 0.001570, 0.001460, 0.001438
888, 0.001566, 0.001482, 0.001454
889, 0.001560, 0.001448, 0.001428
890, 0.001556, 0.001465, 0.001440
891, 0.001546, 0.001425, 0.001403
892, 0.001534, 0.001432, 0.001406
893, 0.001525, 0.001412, 0.001389
894, 0.001519, 0.001403, 0.001381
895, 0.001509, 0.001412, 0.001385
896, 0.001509, 0.001384, 0.001365
897, 0.001504, 0.001415, 0.001388
898, 0.001496, 0.001370, 0.001351
899, 0.001492, 0.001394, 0.001369
900, 0.001484, 0.001353, 0.001333
901, 0.001468, 0.001353, 0.001327
902, 0.001457, 0.001333, 0.001312
903, 0.001445, 0.001325, 0.001304
904, 0.001438, 0.001325, 0.001300
905, 0.001435, 0.001308, 0.001288
906, 0.001431, 0.001318, 0.001294
907, 0.001420, 0.001285, 0.001265
908, 0.001416, 0.001303, 0.001279
909, 0.001406, 0.001270, 0.001250
910, 0.001399, 0.001273, 0.001250
911, 0.001384, 0.001267, 0.001245
912, 0.001378, 0.001243, 0.001226
913, 0.001378, 0.001280, 0.001255
914, 0.001381, 0.001240, 0.001225
915, 0.001383, 0.001302, 0.001276
916, 0.001389, 0.001228, 0.001214
917, 0.001375, 0.001261, 0.001236
918, 0.001360, 0.001195, 0.001177
919, 0.001338, 0.001208, 0.001187
920, 0.001319, 0.001178, 0.001157
921, 0.001312, 0.001168, 0.001149
922, 0.001304, 0.001202, 0.001181
923, 0.001311, 0.001160, 0.001143
924, 0.001313, 0.001199, 0.001176
925, 0.001301, 0.001136, 0.001118
926, 0.001277, 0.001131, 0.001111
927, 0.001262, 0.001142, 0.001120
928, 0.001259, 0.001110, 0.001093
929, 0.001259, 0.001128, 0.001105
930, 0.001245, 0.001094, 0.001077
931, 0.001233, 0.001092, 0.001073
932, 0.001226, 0.001090, 0.001070
933, 0.001215, 0.001069, 0.001051
934, 0.001210, 0.001074, 0.001055
935, 0.001202, 0.001059, 0.001041
936, 0.001195, 0.001049, 0.001030
937, 0.001188, 0.001067, 0.001047
938, 0.001185, 0.001028, 0.001012
939, 0.001182, 0.001058, 0.001038
940, 0.001172, 0.001016, 0.001001
941, 0.001164, 0.001011, 0.000992
942, 0.001149, 0.001021, 0.001004
943, 0.001150, 0.000991, 0.000975
944, 0.001147, 0.001022, 0.000999
945, 0.001137, 0.000978, 0.000965
946, 0.001126, 0.000975, 0.000954
947, 0.001118, 0.000980, 0.000963
948, 0.001111, 0.000949, 0.000934
949, 0.001107, 0.000988, 0.000965
950, 0.001113, 0.000953, 0.000944
951, 0.001110, 0.000969, 0.000944
952, 0.001098, 0.000928, 0.000914
953, 0.001080, 0.000913, 0.000895
954, 0.001063, 0.000919, 0.000900
955, 0.001058, 0.000903, 0.000890
956, 0.001061, 0.000923, 0.000901
957, 0.001053, 0.000887, 0.000872
958, 0.001038, 0.000877, 0.000859
959, 0.001029, 0.000896, 0.000876
960, 0.001028, 0.000870, 0.000855
961, 0.001029, 0.000888, 0.000867
962, 0.001018, 0.000862, 0.000848
963, 0.001004, 0.000847, 0.000824
964, 0.001001, 0.000867, 0.000850
965, 0.001000, 0.000830, 0.000811
966, 0.000993, 0.000855, 0.000836
967, 0.000985, 0.000811, 0.000793
968, 0.000971, 0.000832, 0.000815
969, 0.000966, 0.000809, 0.000788
970, 0.000963, 0.000818, 0.000803
971, 0.000961, 0.000808, 0.000788
972, 0.000953, 0.000797, 0.000783
973, 0.000944, 0.000778, 0.000757
974, 0.000938, 0.000799, 0.000787
975, 0.000939, 0.000777, 0.000754
976, 0.000944, 0.000809, 0.000800
977, 0.000943, 0.000776, 0.000752
978, 0.000944, 0.000800, 0.000790
979, 0.000938, 0.000774, 0.000754
980, 0.000934, 0.000784, 0.000768
981, 0.000926, 0.000750, 0.000737
982, 0.000920, 0.000743, 0.000726
983, 0.000888, 0.000703, 0.000690
984, 0.000873, 0.000713, 0.000699
985, 0.000877, 0.000728, 0.000712
986, 0.000881, 0.000706, 0.000692
987, 0.000885, 0.000735, 0.000723
988, 0.000875, 0.000686, 0.000668
989, 0.000871, 0.000716, 0.000707
990, 0.000863, 0.000675, 0.000658
991, 0.000849, 0.000669, 0.000659
992, 0.000834, 0.000687, 0.000671
993, 0.000835, 0.000651, 0.000636
994, 0.000835, 0.000692, 0.000681
995, 0.000831, 0.000650, 0.000633
996, 0.000829, 0.000653, 0.000646
997, 0.000821, 0.000669, 0.000651
998, 0.000824, 0.000658, 0.000650
999, 0.000837, 0.000689, 0.000670
1000, 0.000848, 0.000674, 0.000667
1001, 0.000834, 0.000635, 0.000618
1002, 0.000822, 0.000649, 0.000639
1003, 0.000807, 0.000600, 0.000586
1004, 0.000785, 0.000593, 0.000581
1005, 0.000775, 0.000610, 0.000600
1006, 0.000775, 0.000590, 0.000574
1007, 0.000776, 0.000600, 0.000592
1008, 0.000775, 0.000607, 0.000593
1009, 0.000778, 0.000599, 0.000591
1010, 0.000778, 0.000603, 0.000587
1011, 0.000770, 0.000585, 0.000578
1012, 0.000757, 0.000564, 0.000551
1013, 0.000744, 0.000571, 0.000558
1014, 0.000744, 0.000558, 0.000549
1015, 0.000738, 0.000559, 0.000547
1016, 0.000736, 0.000565, 0.000557
1017, 0.000736, 0.000548, 0.000534
1018, 0.000734, 0.000554, 0.000547
1019, 0.000731, 0.000543, 0.000531
1020, 0.000724, 0.000536, 0.000525
1021, 0.000722, 0.000534, 0.000524
1022, 0.000714, 0.000522, 0.000511
1023, 0.000707, 0.000533, 0.000522
1024, 0.000710, 0.000524, 0.000513
1025, 0.000715, 0.000535, 0.000524
1026, 0.000711, 0.000516, 0.000504
1027, 0.000703, 0.000517, 0.000509
1028, 0.000697, 0.000505, 0.000494
1029, 0.000691, 0.000502, 0.000493
1030, 0.000693, 0.000533, 0.000526
1031, 0.000706, 0.000512, 0.000499
1032, 0.000703, 0.000514, 0.000508
1033, 0.000696, 0.000497, 0.000486
1034, 0.000684, 0.000487, 0.000477
1035, 0.000677, 0.000486, 0.000478
1036, 0.000673, 0.000485, 0.000474
1037, 0.000671, 0.000474, 0.000466
1038, 0.000669, 0.000479, 0.000470
1039, 0.000668, 0.000471, 0.000463
1040, 0.000664, 0.000468, 0.000460
1041, 0.000656, 0.000467, 0.000461
1042, 0.000658, 0.000467, 0.000458
1043, 0.000658, 0.000456, 0.000449
1044, 0.000654, 0.000470, 0.000463
1045, 0.000652, 0.000456, 0.000446
1046, 0.000652, 0.000459, 0.000453
1047, 0.000650, 0.000453, 0.000444
1048, 0.000645, 0.000451, 0.000442
1049, 0.000640, 0.000450, 0.000443
1050, 0.000645, 0.000452, 0.000441
1051, 0.000648, 0.000453, 0.000447
1052, 0.000641, 0.000435, 0.000427
1053, 0.000634, 0.000443, 0.000433
1054, 0.000632, 0.000442, 0.000438
1055, 0.000639, 0.000450, 0.000440
1056, 0.000639, 0.000437, 0.000433
1057, 0.000638, 0.000438, 0.000427
1058, 0.000629, 0.000420, 0.000413
1059, 0.000621, 0.000440, 0.000433
1060, 0.000623, 0.000428, 0.000420
1061, 0.000627, 0.000421, 0.000417
1062, 0.000627, 0.000446, 0.000435
1063, 0.000623, 0.000408, 0.000403
1064, 0.000622, 0.000434, 0.000426
1065, 0.000615, 0.000410, 0.000401
1066, 0.000612, 0.000405, 0.000399
1067, 0.000614, 0.000444, 0.000434
1068, 0.000616, 0.000399, 0.000394
1069, 0.000615, 0.000429, 0.000421
1070, 0.000609, 0.000400, 0.000392
1071, 0.000603, 0.000398, 0.000392
1072, 0.000603, 0.000416, 0.000409
1073, 0.000601, 0.000392, 0.000387
1074, 0.000603, 0.000421, 0.000412
1075, 0.000608, 0.000388, 0.000383
1076, 0.000600, 0.000406, 0.000397
1077, 0.000595, 0.000401, 0.000394
1078, 0.000599, 0.000393, 0.000385
1079, 0.000601, 0.000416, 0.000409
1080, 0.000597, 0.000378, 0.000373
1081, 0.000595, 0.000405, 0.000399
1082, 0.000592, 0.000386, 0.000382
1083, 0.000591, 0.000387, 0.000378
1084, 0.000590, 0.000388, 0.000383
1085, 0.000586, 0.000375, 0.000368
1086, 0.000581, 0.000383, 0.000375
1087, 0.000584, 0.000384, 0.000380
1088, 0.000588, 0.000377, 0.000369
1089, 0.000583, 0.000382, 0.000376
1090, 0.000576, 0.000378, 0.000374
1091, 0.000577, 0.000375, 0.000367
1092, 0.000579, 0.000373, 0.000368
1093, 0.000577, 0.000376, 0.000371
1094, 0.000571, 0.000371, 0.000363
1095, 0.000573, 0.000368, 0.000364
1096, 0.000575, 0.000372, 0.000364
1097, 0.000568, 0.000362, 0.000355
1098, 0.000568, 0.000373, 0.000368
1099, 0.000572, 0.000363, 0.000358
1100, 0.000568, 0.000366, 0.000361
1101, 0.000567, 0.000359, 0.000356
1102, 0.000566, 0.000370, 0.000364
1103, 0.000566, 0.000350, 0.000346
1104, 0.000568, 0.000385, 0.000378
1105, 0.000573, 0.000351, 0.000347
1106, 0.000569, 0.000385, 0.000376
1107, 0.000568, 0.000352, 0.000349
1108, 0.000570, 0.000372, 0.000365
1109, 0.000564, 0.000344, 0.000340
1110, 0.000558, 0.000366, 0.000362
1111, 0.000558, 0.000353, 0.000349
1112, 0.000558, 0.000344, 0.000339
1113, 0.000554, 0.000365, 0.000360
1114, 0.000555, 0.000342, 0.000337
1115, 0.000555, 0.000356, 0.000350
1116, 0.000552, 0.000349, 0.000344
1117, 0.000550, 0.000338, 0.000332
1118, 0.000553, 0.000365, 0.000358
1119, 0.000555, 0.000338, 0.000336
1120, 0.000557, 0.000377, 0.000368
1121, 0.000563, 0.000339, 0.000337
1122, 0.000564, 0.000368, 0.000361
1123, 0.000556, 0.000334, 0.000330
1124, 0.000545, 0.000341, 0.000339
1125, 0.000549, 0.000364, 0.000356
1126, 0.000554, 0.000332, 0.000330
1127, 0.000556, 0.000384, 0.000378
1128, 0.000554, 0.000328, 0.000322
1129, 0.000559, 0.000360, 0.000355
1130, 0.000548, 0.000336, 0.000331
1131, 0.000538, 0.000325, 0.000320
1132, 0.000546, 0.000385, 0.000379
1133, 0.000555, 0.000323, 0.000319
1134, 0.000554, 0.000363, 0.000355
1135, 0.000549, 0.000335, 0.000334
1136, 0.000543, 0.000331, 0.000324
1137, 0.000540, 0.000337, 0.000331
1138, 0.000536, 0.000336, 0.000334
1139, 0.000542, 0.000338, 0.000330
1140, 0.000543, 0.000333, 0.000330
1141, 0.000538, 0.000325, 0.000320
1142, 0.000535, 0.000324, 0.000318
1143, 0.000536, 0.000344, 0.000341
1144, 0.000538, 0.000318, 0.000315
1145, 0.000534, 0.000332, 0.000326
1146, 0.000535, 0.000338, 0.000336
1147, 0.000541, 0.000327, 0.000321
1148, 0.000534, 0.000321, 0.000317
1149, 0.000531, 0.000334, 0.000330
1150, 0.000531, 0.000319, 0.000313
1151, 0.000530, 0.000333, 0.000326
1152, 0.000530, 0.000325, 0.000323
1153, 0.000535, 0.000340, 0.000331
1154, 0.000534, 0.000315, 0.000311
1155, 0.000529, 0.000326, 0.000322
1156, 0.000527, 0.000324, 0.000317
1157, 0.000528, 0.000312, 0.000309
1158, 0.000529, 0.000341, 0.000335
1159, 0.000529, 0.000309, 0.000304
1160, 0.000528, 0.000331, 0.000327
1161, 0.000527, 0.000318, 0.000314
1162, 0.000524, 0.000309, 0.000304
1163, 0.000526, 0.000343, 0.000338
1164, 0.000529, 0.000307, 0.000305
1165, 0.000528, 0.000326, 0.000320
1166, 0.000527, 0.000323, 0.000320
1167, 0.000519, 0.000310, 0.000306
1168, 0.000528, 0.000342, 0.000335
1169, 0.000529, 0.000307, 0.000305
1170, 0.000528, 0.000339, 0.000334
1171, 0.000525, 0.000309, 0.000305
1172, 0.000521, 0.000309, 0.000305
1173, 0.000518, 0.000341, 0.000335
1174, 0.000525, 0.000305, 0.000302
1175, 0.000535, 0.000362, 0.000356
1176, 0.000532, 0.000302, 0.000299
1177, 0.000524, 0.000321, 0.000316
1178, 0.000518, 0.000323, 0.000319
1179, 0.000518, 0.000303, 0.000299
1180, 0.000520, 0.000337, 0.000331
1181, 0.000525, 0.000302, 0.000300
1182, 0.000523, 0.000327, 0.000321
1183, 0.000522, 0.000310, 0.000307
1184, 0.000519, 0.000303, 0.000300
1185, 0.000519, 0.000325, 0.000321
1186, 0.000519, 0.000303, 0.000301
1187, 0.000517, 0.000318, 0.000314
1188, 0.000515, 0.000310, 0.000306
1189, 0.000515, 0.000311, 0.000308
1190, 0.000513, 0.000309, 0.000304
1191, 0.000514, 0.000304, 0.000300
1192, 0.000512, 0.000322, 0.000319
1193, 0.000514, 0.000303, 0.000298
1194, 0.000517, 0.000312, 0.000308
1195, 0.000512, 0.000309, 0.000306
1196, 0.000510, 0.000309, 0.000304
1197, 0.000514, 0.000313, 0.000310
1198, 0.000514, 0.000304, 0.000300
1199, 0.000510, 0.000312, 0.000308
1200, 0.000509, 0.000308, 0.000307
1201, 0.000516, 0.000313, 0.000309
1202, 0.000511, 0.000298, 0.000295
1203, 0.000508, 0.000323, 0.000320
1204, 0.000516, 0.000297, 0.000293
1205, 0.000515, 0.000316, 0.000312
1206, 0.000509, 0.000300, 0.000297
1207, 0.000507, 0.000303, 0.000299
1208, 0.000507, 0.000308, 0.000304
1209, 0.000506, 0.000300, 0.000297
1210, 0.000508, 0.000303, 0.000299
1211, 0.000507, 0.000303, 0.000301
1212, 0.000505, 0.000298, 0.000295
1213, 0.000507, 0.000310, 0.000307
1214, 0.000508, 0.000298, 0.000297
1215, 0.000508, 0.000320, 0.000315
1216, 0.000510, 0.000301, 0.000297
1217, 0.000508, 0.000316, 0.000312
1218, 0.000508, 0.000297, 0.000292
1219, 0.000507, 0.000310, 0.000306
1220, 0.000509, 0.000315, 0.000313
1221, 0.000507, 0.000299, 0.000293
1222, 0.000508, 0.000311, 0.000307
1223, 0.000508, 0.000303, 0.000300
1224, 0.000508, 0.000304, 0.000298
1225, 0.000505, 0.000301, 0.000298
1226, 0.000504, 0.000304, 0.000301
1227, 0.000503, 0.000295, 0.000291
1228, 0.000505, 0.000316, 0.000313
1229, 0.000507, 0.000297, 0.000294
1230, 0.000505, 0.000295, 0.000290
1231, 0.000503, 0.000318, 0.000316
1232, 0.000504, 0.000289, 0.000286
1233, 0.000504, 0.000314, 0.000309
1234, 0.000504, 0.000300, 0.000298
1235, 0.000506, 0.000304, 0.000298
1236, 0.000503, 0.000299, 0.000296
1237, 0.000501, 0.000304, 0.000302
1238, 0.000503, 0.000310, 0.000302
1239, 0.000507, 0.000295, 0.000294
1240, 0.000506, 0.000330, 0.000326
1241, 0.000509, 0.000284, 0.000281
1242, 0.000514, 0.000350, 0.000347
1243, 0.000520, 0.000286, 0.000284
1244, 0.000510, 0.000310, 0.000305
1245, 0.000502, 0.000302, 0.000300
1246, 0.000502, 0.000300, 0.000294
1247, 0.000503, 0.000303, 0.000298
1248, 0.000498, 0.000294, 0.000291
1249, 0.000502, 0.000317, 0.000310
1250, 0.000506, 0.000289, 0.000288
1251, 0.000505, 0.000317, 0.000312
1252, 0.000502, 0.000287, 0.000284
1253, 0.000501, 0.000310, 0.000307
1254, 0.000502, 0.000294, 0.000290
1255, 0.000497, 0.000290, 0.000287
1256, 0.000499, 0.000310, 0.000307
1257, 0.000498, 0.000286, 0.000282
1258, 0.000498, 0.000303, 0.000299
1259, 0.000495, 0.000302, 0.000298
1260, 0.000496, 0.000285, 0.000282
1261, 0.000497, 0.000312, 0.000307
1262, 0.000498, 0.000291, 0.000289
1263, 0.000499, 0.000299, 0.000295
1264, 0.000496, 0.000301, 0.000297
1265, 0.000497, 0.000292, 0.000290
1266, 0.000497, 0.000306, 0.000301
1267, 0.000497, 0.000291, 0.000287
1268, 0.000497, 0.000306, 0.000303
1269, 0.000500, 0.000290, 0.000286
1270, 0.000494, 0.000296, 0.000292
1271, 0.000494, 0.000302, 0.000299
1272, 0.000496, 0.000286, 0.000281
1273, 0.000494, 0.000311, 0.000306
1274, 0.000495, 0.000288, 0.000287
1275, 0.000496, 0.000309, 0.000305
1276, 0.000497, 0.000291, 0.000289
1277, 0.000499, 0.000304, 0.000301
1278, 0.000497, 0.000290, 0.000286
1279, 0.000495, 0.000295, 0.000293
1280, 0.000493, 0.000304, 0.000299
1281, 0.000493, 0.000283, 0.000280
1282, 0.000495, 0.000309, 0.000305
1283, 0.000495, 0.000285, 0.000281
1284, 0.000491, 0.000290, 0.000286
1285, 0.000492, 0.000300, 0.000297
1286, 0.000492, 0.000281, 0.000278
1287, 0.000491, 0.000309, 0.000304
1288, 0.000495, 0.000288, 0.000286
1289, 0.000497, 0.000302, 0.000297
1290, 0.000493, 0.000287, 0.000284
1291, 0.000492, 0.000299, 0.000296
1292, 0.000490, 0.000295, 0.000290
1293, 0.000493, 0.000281, 0.000279
1294, 0.000494, 0.000313, 0.000309
1295, 0.000494, 0.000278, 0.000275
1296, 0.000494, 0.000319, 0.000315
1297, 0.000495, 0.000287, 0.000284
1298, 0.000492, 0.000296, 0.000291
1299, 0.000490, 0.000297, 0.000293
1300, 0.000490, 0.000290, 0.000285
1301, 0.000486, 0.000293, 0.000289
1302, 0.000489, 0.000295, 0.000292
1303, 0.000488, 0.000283, 0.000280
1304, 0.000491, 0.000296, 0.000292
1305, 0.000488, 0.000288, 0.000285
1306, 0.000490, 0.000294, 0.000290
1307, 0.000487, 0.000289, 0.000285
1308, 0.000488, 0.000289, 0.000286
1309, 0.000488, 0.000298, 0.000294
1310, 0.000488, 0.000288, 0.000284
1311, 0.000490, 0.000292, 0.000289
1312, 0.000486, 0.000288, 0.000284
1313, 0.000486, 0.000292, 0.000288
1314, 0.000488, 0.000297, 0.000293
1315, 0.000488, 0.000285, 0.000281
1316, 0.000484, 0.000300, 0.000296
1317, 0.000489, 0.000283, 0.000279
1318, 0.000489, 0.000308, 0.000303
1319, 0.000491, 0.000281, 0.000280
1320, 0.000495, 0.000328, 0.000323
1321, 0.000495, 0.000279, 0.000278
1322, 0.000498, 0.000328, 0.000324
1323, 0.000495, 0.000275, 0.000273
1324, 0.000489, 0.000301, 0.000298
1325, 0.000486, 0.000286, 0.000283
1326, 0.000486, 0.000291, 0.000286
1327, 0.000483, 0.000287, 0.000284
1328, 0.000487, 0.000290, 0.000287
1329, 0.000484, 0.000295, 0.000291
1330, 0.000484, 0.000284, 0.000281
1331, 0.000484, 0.000303, 0.000299
1332, 0.000488, 0.000280, 0.000277
1333, 0.000484, 0.000305, 0.000300
1334, 0.000486, 0.000280, 0.000278
1335, 0.000485, 0.000298, 0.000293
1336, 0.000484, 0.000284, 0.000281
1337, 0.000484, 0.000291, 0.000288
1338, 0.000486, 0.000288, 0.000284
1339, 0.000483, 0.000288, 0.000284
1340, 0.000484, 0.000293, 0.000289
1341, 0.000483, 0.000280, 0.000275
1342, 0.000487, 0.000303, 0.000298
1343, 0.000484, 0.000282, 0.000280
1344, 0.000485, 0.000292, 0.000287
1345, 0.000483, 0.000284, 0.000281
1346, 0.000483, 0.000291, 0.000288
1347, 0.000483, 0.000284, 0.000280
1348, 0.000482, 0.000292, 0.000289
1349, 0.000483, 0.000284, 0.000280
1350, 0.000482, 0.000293, 0.000288
1351, 0.000482, 0.000287, 0.000283
1352, 0.000482, 0.000287, 0.000284
1353, 0.000482, 0.000299, 0.000293
1354, 0.000485, 0.000277, 0.000275
1355, 0.000485, 0.000323, 0.000319
1356, 0.000491, 0.000273, 0.000271
1357, 0.000491, 0.000325, 0.000322
1358, 0.000491, 0.000271, 0.000269
1359, 0.000487, 0.000310, 0.000306
1360, 0.000484, 0.000280, 0.000278
1361, 0.000482, 0.000279, 0.000275
1362, 0.000481, 0.000310, 0.000305
1363, 0.000484, 0.000270, 0.000268
1364, 0.000489, 0.000331, 0.000325
1365, 0.000495, 0.000273, 0.000272
1366, 0.000493, 0.000327, 0.000321
1367, 0.000492, 0.000271, 0.000269
1368, 0.000488, 0.000303, 0.000300
1369, 0.000485, 0.000283, 0.000279
1370, 0.000481, 0.000277, 0.000274
1371, 0.000478, 0.000304, 0.000300
1372, 0.000482, 0.000275, 0.000271
1373, 0.000481, 0.000298, 0.000293
1374, 0.000481, 0.000281, 0.000277
1375, 0.000480, 0.000286, 0.000281
1376, 0.000478, 0.000287, 0.000283
1377, 0.000478, 0.000276, 0.000273
1378, 0.000480, 0.000297, 0.000293
1379, 0.000481, 0.000276, 0.000273
1380, 0.000479, 0.000283, 0.000279
1381, 0.000476, 0.000288, 0.000283
1382, 0.000477, 0.000279, 0.000276
1383, 0.000477, 0.000293, 0.000289
1384, 0.000479, 0.000275, 0.000272
1385, 0.000479, 0.000287, 0.000283
1386, 0.000477, 0.000282, 0.000279
1387, 0.000479, 0.000281, 0.000276
1388, 0.000477, 0.000297, 0.000292
1389, 0.000478, 0.000274, 0.000272
1390, 0.000478, 0.000304, 0.000299
1391, 0.000479, 0.000273, 0.000270
1392, 0.000479, 0.000297, 0.000293
1393, 0.000477, 0.000273, 0.000269
1394, 0.000475, 0.000291, 0.000287
1395, 0.000476, 0.000284, 0.000280
1396, 0.000474, 0.000279, 0.000276
1397, 0.000477, 0.000291, 0.000287
1398, 0.000475, 0.000277, 0.000273
1399, 0.000477, 0.000294, 0.000290
1400, 0.000476, 0.000277, 0.000273
1401, 0.000474, 0.000283, 0.000278
1402, 0.000475, 0.000290, 0.000286
1403, 0.000476, 0.000275, 0.000272
1404, 0.000474, 0.000298, 0.000293
1405, 0.000477, 0.000273, 0.000271
1406, 0.000476, 0.000293, 0.000288
1407, 0.000474, 0.000280, 0.000276
1408, 0.000472, 0.000282, 0.000280
1409, 0.000475, 0.000300, 0.000295
1410, 0.000478, 0.000268, 0.000266
1411, 0.000478, 0.000323, 0.000318
1412, 0.000482, 0.000266, 0.000263
1413, 0.000483, 0.000302, 0.000297
1414, 0.000474, 0.000279, 0.000276
1415, 0.000476, 0.000275, 0.000270
1416, 0.000474, 0.000301, 0.000296
1417, 0.000476, 0.000269, 0.000266
1418, 0.000478, 0.000315, 0.000308
1419, 0.000483, 0.000272, 0.000270
1420, 0.000481, 0.000303, 0.000298
1421, 0.000473, 0.000277, 0.000272
1422, 0.000474, 0.000278, 0.000275
1423, 0.000473, 0.000299, 0.000293
1424, 0.000474, 0.000267, 0.000262
1425, 0.000477, 0.000304, 0.000300
1426, 0.000476, 0.000272, 0.000268
1427, 0.000470, 0.000281, 0.000276
1428, 0.000471, 0.000293, 0.000289
1429, 0.000472, 0.000267, 0.000263
1430, 0.000475, 0.000314, 0.000307
1431, 0.000479, 0.000268, 0.000267
1432, 0.000479, 0.000304, 0.000298
1433, 0.000476, 0.000275, 0.000270
1434, 0.000471, 0.000277, 0.000274
1435, 0.000472, 0.000302, 0.000297
1436, 0.000473, 0.000264, 0.000261
1437, 0.000481, 0.000333, 0.000327
1438, 0.000485, 0.000263, 0.000260
1439, 0.000482, 0.000301, 0.000295
1440, 0.000475, 0.000282, 0.000278
1441, 0.000469, 0.000267, 0.000263
1442, 0.000473, 0.000312, 0.000306
1443, 0.000477, 0.000264, 0.000262
1444, 0.000482, 0.000308, 0.000303
1445, 0.000475, 0.000268, 0.000264
1446, 0.000468, 0.000273, 0.000270
1447, 0.000470, 0.000303, 0.000297
1448, 0.000472, 0.000263, 0.000260
1449, 0.000478, 0.000311, 0.000305
1450, 0.000473, 0.000270, 0.000266
1451, 0.000471, 0.000273, 0.000269
1452, 0.000468, 0.000306, 0.000302
1453, 0.000474, 0.000264, 0.000261
1454, 0.000476, 0.000309, 0.000302
1455, 0.000475, 0.000270, 0.000268
1456, 0.000472, 0.000277, 0.000272
1457, 0.000467, 0.000282, 0.000277
1458, 0.000467, 0.000269, 0.000267
1459, 0.000471, 0.000304, 0.000298
1460, 0.000474, 0.000264, 0.000261
1461, 0.000469, 0.000287, 0.000284
1462, 0.000467, 0.000277, 0.000272
1463, 0.000465, 0.000264, 0.000260
1464, 0.000470, 0.000302, 0.000297
1465, 0.000472, 0.000264, 0.000260
1466, 0.000471, 0.000285, 0.000281
1467, 0.000467, 0.000280, 0.000275
1468, 0.000468, 0.000265, 0.000261
1469, 0.000468, 0.000306, 0.000301
1470, 0.000476, 0.000264, 0.000260
1471, 0.000474, 0.000296, 0.000291
1472, 0.000469, 0.000272, 0.000268
1473, 0.000467, 0.000276, 0.000271
1474, 0.000465, 0.000296, 0.000290
1475, 0.000470, 0.000262, 0.000259
1476, 0.000477, 0.000329, 0.000321
1477, 0.000483, 0.000262, 0.000258
1478, 0.000475, 0.000295, 0.000290
1479, 0.000469, 0.000280, 0.000274
1480, 0.000466, 0.000262, 0.000259
1481, 0.000469, 0.000321, 0.000315
1482, 0.000476, 0.000261, 0.000258
1483, 0.000471, 0.000281, 0.000276
1484, 0.000463, 0.000288, 0.000284
1485, 0.000467, 0.000262, 0.000258
1486, 0.000468, 0.000299, 0.000293
1487, 0.000467, 0.000269, 0.000265
1488, 0.000466, 0.000273, 0.000268
1489, 0.000463, 0.000278, 0.000272
1490, 0.000466, 0.000272, 0.000269
1491, 0.000463, 0.000276, 0.000271
1492, 0.000461, 0.000272, 0.000267
1493, 0.000462, 0.000278, 0.000275
1494, 0.000461, 0.000270, 0.000266
1495, 0.000461, 0.000279, 0.000274
1496, 0.000461, 0.000269, 0.000266
1497, 0.000465, 0.000283, 0.000278
1498, 0.000462, 0.000264, 0.000260
1499, 0.000461, 0.000284, 0.000280
1500, 0.000462, 0.000272, 0.000266
1501, 0.000460, 0.000271, 0.000266
1502, 0.000461, 0.000281, 0.000276
1503, 0.000460, 0.000271, 0.000265
1504, 0.000461, 0.000269, 0.000264
1505, 0.000459, 0.000283, 0.000279
1506, 0.000463, 0.000269, 0.000264
1507, 0.000460, 0.000273, 0.000267
1508, 0.000458, 0.000282, 0.000278
1509, 0.000460, 0.000266, 0.000260
1510, 0.000460, 0.000282, 0.000275
1511, 0.000459, 0.000273, 0.000269
1512, 0.000460, 0.000268, 0.000263
1513, 0.000459, 0.000282, 0.000275
1514, 0.000460, 0.000268, 0.000264
1515, 0.000461, 0.000279, 0.000274
1516, 0.000457, 0.000273, 0.000267
1517, 0.000458, 0.000270, 0.000266
1518, 0.000459, 0.000283, 0.000279
1519, 0.000457, 0.000266, 0.000262
1520, 0.000460, 0.000284, 0.000279
1521, 0.000458, 0.000268, 0.000264
1522, 0.000457, 0.000273, 0.000267
1523, 0.000457, 0.000278, 0.000273
1524, 0.000462, 0.000268, 0.000263
1525, 0.000458, 0.000279, 0.000273
1526, 0.000458, 0.000267, 0.000263
1527, 0.000461, 0.000289, 0.000283
1528, 0.000461, 0.000260, 0.000255
1529, 0.000459, 0.000283, 0.000278
1530, 0.000459, 0.000269, 0.000264
1531, 0.000458, 0.000266, 0.000262
1532, 0.000457, 0.000287, 0.000283
1533, 0.000457, 0.000265, 0.000259
1534, 0.000459, 0.000287, 0.000283
1535, 0.000457, 0.000266, 0.000262
1536, 0.000454, 0.000274, 0.000267
1537, 0.000456, 0.000283, 0.000277
1538, 0.000456, 0.000260, 0.000256
1539, 0.000455, 0.000290, 0.000282
1540, 0.000459, 0.000263, 0.000259
1541, 0.000458, 0.000285, 0.000279
1542, 0.000457, 0.000265, 0.000259
1543, 0.000454, 0.000275, 0.000271
1544, 0.000452, 0.000271, 0.000266
1545, 0.000455, 0.000268, 0.000263
1546, 0.000456, 0.000274, 0.000271
1547, 0.000455, 0.000273, 0.000269
1548, 0.000455, 0.000266, 0.000261
1549, 0.000452, 0.000291, 0.000286
1550, 0.000457, 0.000258, 0.000254
1551, 0.000458, 0.000294, 0.000288
1552, 0.000458, 0.000265, 0.000261
1553, 0.000454, 0.000268, 0.000263
1554, 0.000453, 0.000290, 0.000283
1555, 0.000457, 0.000258, 0.000254
1556, 0.000458, 0.000308, 0.000301
1557, 0.000463, 0.000256, 0.000252
1558, 0.000457, 0.000281, 0.000275
1559, 0.000453, 0.000268, 0.000264
1560, 0.000453, 0.000268, 0.000263
1561, 0.000452, 0.000272, 0.000267
1562, 0.000453, 0.000269, 0.000264
1563, 0.000450, 0.000267, 0.000262
1564, 0.000449, 0.000274, 0.000268
1565, 0.000448, 0.000262, 0.000256
1566, 0.000451, 0.000281, 0.000275
1567, 0.000456, 0.000263, 0.000259
1568, 0.000452, 0.000280, 0.000274
1569, 0.000452, 0.000263, 0.000258
1570, 0.000453, 0.000289, 0.000283
1571, 0.000454, 0.000258, 0.000253
1572, 0.000454, 0.000290, 0.000284
1573, 0.000454, 0.000258, 0.000255
1574, 0.000454, 0.000282, 0.000277
1575, 0.000450, 0.000262, 0.000256
1576, 0.000450, 0.000271, 0.000266
1577, 0.000450, 0.000271, 0.000265
1578, 0.000447, 0.000258, 0.000253
1579, 0.000454, 0.000292, 0.000287
1580, 0.000456, 0.000254, 0.000249
1581, 0.000454, 0.000289, 0.000282
1582, 0.000452, 0.000260, 0.000256
1583, 0.000453, 0.000284, 0.000278
1584, 0.000451, 0.000264, 0.000259
1585, 0.000449, 0.000264, 0.000259
1586, 0.000448, 0.000282, 0.000275
1587, 0.000450, 0.000260, 0.000254
1588, 0.000448, 0.000266, 0.000261
1589, 0.000448, 0.000292, 0.000285
1590, 0.000452, 0.000251, 0.000247
1591, 0.000457, 0.000325, 0.000318
1592, 0.000465, 0.000248, 0.000245
1593, 0.000464, 0.000302, 0.000295
1594, 0.000454, 0.000261, 0.000256
1595, 0.000447, 0.000254, 0.000249
1596, 0.000447, 0.000302, 0.000295
1597, 0.000454, 0.000250, 0.000246
1598, 0.000459, 0.000306, 0.000298
1599, 0.000457, 0.000250, 0.000245
1600, 0.000449, 0.000270, 0.000264
1601, 0.000447, 0.000275, 0.000269
1602, 0.000445, 0.000251, 0.000247
1603, 0.000450, 0.000299, 0.000293
1604, 0.000452, 0.000250, 0.000245
1605, 0.000449, 0.000271, 0.000266
1606, 0.000446, 0.000271, 0.000265
1607, 0.000444, 0.000248, 0.000243
1608, 0.000446, 0.000293, 0.000286
1609, 0.000451, 0.000255, 0.000251
1610, 0.000449, 0.000267, 0.000260
1611, 0.000444, 0.000269, 0.000263
1612, 0.000445, 0.000261, 0.000256
1613, 0.000444, 0.000265, 0.000258
1614, 0.000446, 0.000270, 0.000264
1615, 0.000442, 0.000259, 0.000254
1616, 0.000447, 0.000277, 0.000269
1617, 0.000444, 0.000254, 0.000248
1618, 0.000446, 0.000275, 0.000269
1619, 0.000445, 0.000261, 0.000254
1620, 0.000444, 0.000254, 0.000249
1621, 0.000444, 0.000298, 0.000291
1622, 0.000449, 0.000246, 0.000241
1623, 0.000452, 0.000292, 0.000284
1624, 0.000448, 0.000255, 0.000251
1625, 0.000446, 0.000259, 0.000253
1626, 0.000441, 0.000289, 0.000281
1627, 0.000445, 0.000249, 0.000245
1628, 0.000452, 0.000300, 0.000292
1629, 0.000451, 0.000246, 0.000241
1630, 0.000445, 0.000269, 0.000263
1631, 0.000444, 0.000270, 0.000263
1632, 0.000443, 0.000247, 0.000242
1633, 0.000445, 0.000294, 0.000287
1634, 0.000448, 0.000247, 0.000241
1635, 0.000444, 0.000273, 0.000266
1636, 0.000444, 0.000257, 0.000251
1637, 0.000441, 0.000259, 0.000253
1638, 0.000439, 0.000274, 0.000267
1639, 0.000441, 0.000253, 0.000247
1640, 0.000439, 0.000270, 0.000264
1641, 0.000442, 0.000256, 0.000249
1642, 0.000440, 0.000260, 0.000254
1643, 0.000438, 0.000259, 0.000253
1644, 0.000438, 0.000260, 0.000254
1645, 0.000439, 0.000264, 0.000258
1646, 0.000439, 0.000259, 0.000253
1647, 0.000437, 0.000256, 0.000250
1648, 0.000440, 0.000268, 0.000262
1649, 0.000438, 0.000256, 0.000250
1650, 0.000440, 0.000266, 0.000258
1651, 0.000444, 0.000260, 0.000254
1652, 0.000437, 0.000266, 0.000259
1653, 0.000438, 0.000256, 0.000249
1654, 0.000439, 0.000267, 0.000261
1655, 0.000437, 0.000261, 0.000254
1656, 0.000433, 0.000252, 0.000245
1657, 0.000441, 0.000278, 0.000272
1658, 0.000441, 0.000249, 0.000243
1659, 0.000438, 0.000269, 0.000261
1660, 0.000438, 0.000263, 0.000257
1661, 0.000439, 0.000256, 0.000250
1662, 0.000437, 0.000274, 0.000267
1663, 0.000438, 0.000255, 0.000250
1664, 0.000440, 0.000270, 0.000263
1665, 0.000434, 0.000252, 0.000245
1666, 0.000437, 0.000270, 0.000264
1667, 0.000438, 0.000255, 0.000248
1668, 0.000434, 0.000255, 0.000248
1669, 0.000435, 0.000265, 0.000258
1670, 0.000435, 0.000248, 0.000242
1671, 0.000439, 0.000280, 0.000271
1672, 0.000440, 0.000244, 0.000238
1673, 0.000439, 0.000295, 0.000287
1674, 0.000443, 0.000242, 0.000237
1675, 0.000442, 0.000286, 0.000279
1676, 0.000437, 0.000256, 0.000250
1677, 0.000431, 0.000248, 0.000241
1678, 0.000435, 0.000285, 0.000277
1679, 0.000437, 0.000241, 0.000236
1680, 0.000440, 0.000291, 0.000282
1681, 0.000439, 0.000247, 0.000240
1682, 0.000435, 0.000258, 0.000251
1683, 0.000430, 0.000275, 0.000267
1684, 0.000435, 0.000239, 0.000233
1685, 0.000440, 0.000298, 0.000289
1686, 0.000440, 0.000242, 0.000236
1687, 0.000436, 0.000262, 0.000255
1688, 0.000431, 0.000267, 0.000260
1689, 0.000431, 0.000245, 0.000239
1690, 0.000432, 0.000284, 0.000276
1691, 0.000436, 0.000245, 0.000239
1692, 0.000432, 0.000260, 0.000252
1693, 0.000430, 0.000272, 0.000264
1694, 0.000431, 0.000244, 0.000237
1695, 0.000433, 0.000280, 0.000270
1696, 0.000432, 0.000242, 0.000236
1697, 0.000434, 0.000269, 0.000260
1698, 0.000430, 0.000251, 0.000243
1699, 0.000430, 0.000249, 0.000242
1700, 0.000430, 0.000273, 0.000265
1701, 0.000430, 0.000243, 0.000236
1702, 0.000431, 0.000273, 0.000264
1703, 0.000432, 0.000251, 0.000243
1704, 0.000430, 0.000252, 0.000244
1705, 0.000427, 0.000265, 0.000257
1706, 0.000428, 0.000246, 0.000239
1707, 0.000429, 0.000271, 0.000262
1708, 0.000429, 0.000247, 0.000240
1709, 0.000428, 0.000259, 0.000251
1710, 0.000427, 0.000256, 0.000248
1711, 0.000426, 0.000250, 0.000242
1712, 0.000426, 0.000259, 0.000252
1713, 0.000429, 0.000254, 0.000247
1714, 0.000427, 0.000256, 0.000249
1715, 0.000426, 0.000257, 0.000251
1716, 0.000427, 0.000257, 0.000250
1717, 0.000426, 0.000242, 0.000236
1718, 0.000429, 0.000281, 0.000273
1719, 0.000431, 0.000236, 0.000229
1720, 0.000434, 0.000288, 0.000279
1721, 0.000433, 0.000238, 0.000232
1722, 0.000428, 0.000258, 0.000250
1723, 0.000426, 0.000263, 0.000254
1724, 0.000425, 0.000241, 0.000235
1725, 0.000430, 0.000280, 0.000272
1726, 0.000429, 0.000239, 0.000232
1727, 0.000427, 0.000267, 0.000261
1728, 0.000427, 0.000247, 0.000239
1729, 0.000424, 0.000256, 0.000249
1730, 0.000421, 0.000262, 0.000255
1731, 0.000425, 0.000244, 0.000237
1732, 0.000427, 0.000278, 0.000269
1733, 0.000430, 0.000238, 0.000232
1734, 0.000429, 0.000279, 0.000269
1735, 0.000425, 0.000240, 0.000232
1736, 0.000424, 0.000255, 0.000249
1737, 0.000424, 0.000264, 0.000255
1738, 0.000423, 0.000237, 0.000229
1739, 0.000427, 0.000280, 0.000272
1740, 0.000426, 0.000238, 0.000231
1741, 0.000426, 0.000265, 0.000256
1742, 0.000424, 0.000245, 0.000238
1743, 0.000424, 0.000261, 0.000252
1744, 0.000421, 0.000254, 0.000245
1745, 0.000424, 0.000253, 0.000246
1746, 0.000423, 0.000262, 0.000253
1747, 0.000420, 0.000241, 0.000232
1748, 0.000426, 0.000276, 0.000268
1749, 0.000426, 0.000240, 0.000232
1750, 0.000422, 0.000267, 0.000257
1751, 0.000423, 0.000248, 0.000240
1752, 0.000421, 0.000255, 0.000246
1753, 0.000420, 0.000251, 0.000242
1754, 0.000419, 0.000244, 0.000236
1755, 0.000421, 0.000262, 0.000254
1756, 0.000419, 0.000240, 0.000233
1757, 0.000421, 0.000263, 0.000254
1758, 0.000421, 0.000244, 0.000236
1759, 0.000419, 0.000250, 0.000243
1760, 0.000419, 0.000257, 0.000249
1761, 0.000420, 0.000239, 0.000231
1762, 0.000419, 0.000265, 0.000257
1763, 0.000420, 0.000242, 0.000234
1764, 0.000420, 0.000260, 0.000250
1765, 0.000417, 0.000246, 0.000238
1766, 0.000419, 0.000253, 0.000243
1767, 0.000417, 0.000261, 0.000251
1768, 0.000420, 0.000234, 0.000227
1769, 0.000422, 0.000278, 0.000268
1770, 0.000422, 0.000232, 0.000224
1771, 0.000419, 0.000259, 0.000251
1772, 0.000417, 0.000251, 0.000243
1773, 0.000416, 0.000238, 0.000229
1774, 0.000418, 0.000270, 0.000260
1775, 0.000419, 0.000232, 0.000225
1776, 0.000420, 0.000280, 0.000269
1777, 0.000421, 0.000232, 0.000224
1778, 0.000419, 0.000263, 0.000254
1779, 0.000417, 0.000248, 0.000239
1780, 0.000415, 0.000245, 0.000238
1781, 0.000414, 0.000258, 0.000250
1782, 0.000417, 0.000235, 0.000227
1783, 0.000418, 0.000269, 0.000260
1784, 0.000417, 0.000233, 0.000226
1785, 0.000418, 0.000261, 0.000250
1786, 0.000419, 0.000242, 0.000233
1787, 0.000415, 0.000244, 0.000236
1788, 0.000415, 0.000259, 0.000248
1789, 0.000415, 0.000228, 0.000220
1790, 0.000416, 0.000274, 0.000265
1791, 0.000416, 0.000234, 0.000226
1792, 0.000414, 0.000245, 0.000236
1793, 0.000412, 0.000266, 0.000257
1794, 0.000413, 0.000228, 0.000220
1795, 0.000418, 0.000279, 0.000267
1796, 0.000419, 0.000228, 0.000220
1797, 0.000416, 0.000262, 0.000251
1798, 0.000412, 0.000246, 0.000236
1799, 0.000411, 0.000239, 0.000230
1800, 0.000413, 0.000273, 0.000262
1801, 0.000415, 0.000228, 0.000220
1802, 0.000414, 0.000265, 0.000254
1803, 0.000413, 0.000240, 0.000230
1804, 0.000413, 0.000244, 0.000235
1805, 0.000411, 0.000251, 0.000240
1806, 0.000411, 0.000240, 0.000230
1807, 0.000410, 0.000247, 0.000238
1808, 0.000411, 0.000246, 0.000236
1809, 0.000409, 0.000235, 0.000227
1810, 0.000410, 0.000254, 0.000244
1811, 0.000409, 0.000243, 0.000234
1812, 0.000408, 0.000238, 0.000228
1813, 0.000410, 0.000248, 0.000239
1814, 0.000409, 0.000245, 0.000236
1815, 0.000409, 0.000239, 0.000230
1816, 0.000410, 0.000259, 0.000250
1817, 0.000411, 0.000234, 0.000225
1818, 0.000410, 0.000256, 0.000245
1819, 0.000410, 0.000240, 0.000231
1820, 0.000406, 0.000241, 0.000231
1821, 0.000407, 0.000245, 0.000235
1822, 0.000407, 0.000238, 0.000229
1823, 0.000407, 0.000255, 0.000245
1824, 0.000407, 0.000236, 0.000226
1825, 0.000406, 0.000252, 0.000242
1826, 0.000405, 0.000243, 0.000233
1827, 0.000404, 0.000244, 0.000233
1828, 0.000404, 0.000251, 0.000241
1829, 0.000405, 0.000242, 0.000232
1830, 0.000409, 0.000244, 0.000233
1831, 0.000406, 0.000255, 0.000244
1832, 0.000408, 0.000228, 0.000219
1833, 0.000407, 0.000267, 0.000257
1834, 0.000409, 0.000228, 0.000219
1835, 0.000406, 0.000247, 0.000238
1836, 0.000404, 0.000253, 0.000244
1837, 0.000405, 0.000220, 0.000211
1838, 0.000414, 0.000299, 0.000286
1839, 0.000417, 0.000219, 0.000211
1840, 0.000415, 0.000282, 0.000269
1841, 0.000410, 0.000229, 0.000219
1842, 0.000406, 0.000240, 0.000230
1843, 0.000404, 0.000273, 0.000261
1844, 0.000407, 0.000221, 0.000213
1845, 0.000415, 0.000296, 0.000284
1846, 0.000419, 0.000215, 0.000207
1847, 0.000419, 0.000290, 0.000279
1848, 0.000415, 0.000223, 0.000214
1849, 0.000405, 0.000244, 0.000234
1850, 0.000405, 0.000259, 0.000249
1851, 0.000405, 0.000219, 0.000210
1852, 0.000411, 0.000297, 0.000285
1853, 0.000421, 0.000218, 0.000210
1854, 0.000416, 0.000271, 0.000260
1855, 0.000410, 0.000231, 0.000221
1856, 0.000404, 0.000231, 0.000223
1857, 0.000404, 0.000263, 0.000251
1858, 0.000405, 0.000223, 0.000212
1859, 0.000404, 0.000254, 0.000243
1860, 0.000404, 0.000236, 0.000225
1861, 0.000402, 0.000229, 0.000218
1862, 0.000402, 0.000261, 0.000251
1863, 0.000404, 0.000219, 0.000209
1864, 0.000404, 0.000256, 0.000245
1865, 0.000403, 0.000231, 0.000222
1866, 0.000402, 0.000232, 0.000222
1867, 0.000401, 0.000246, 0.000235
1868, 0.000400, 0.000227, 0.000218
1869, 0.000399, 0.000241, 0.000229
1870, 0.000400, 0.000233, 0.000222
1871, 0.000400, 0.000239, 0.000229
1872, 0.000401, 0.000234, 0.000223
1873, 0.000397, 0.000235, 0.000225
1874, 0.000397, 0.000241, 0.000231
1875, 0.000399, 0.000233, 0.000222
1876, 0.000398, 0.000235, 0.000224
1877, 0.000396, 0.000239, 0.000228
1878, 0.000398, 0.000223, 0.000213
1879, 0.000399, 0.000263, 0.000250
1880, 0.000402, 0.000217, 0.000207
1881, 0.000402, 0.000269, 0.000256
1882, 0.000400, 0.000219, 0.000209
1883, 0.000397, 0.000241, 0.000231
1884, 0.000396, 0.000235, 0.000223
1885, 0.000395, 0.000222, 0.000212
1886, 0.000397, 0.000253, 0.000243
1887, 0.000399, 0.000224, 0.000214
1888, 0.000395, 0.000232, 0.000221
1889, 0.000396, 0.000253, 0.000242
1890, 0.000396, 0.000219, 0.000209
1891, 0.000398, 0.000251, 0.000238
1892, 0.000395, 0.000226, 0.000215
1893, 0.000397, 0.000246, 0.000234
1894, 0.000397, 0.000224, 0.000213
1895, 0.000394, 0.000247, 0.000236
1896, 0.000397, 0.000223, 0.000212
1897, 0.000393, 0.000239, 0.000228
1898, 0.000395, 0.000233, 0.000222
1899, 0.000392, 0.000228, 0.000217
1900, 0.000392, 0.000243, 0.000231
1901, 0.000391, 0.000219, 0.000209
1902, 0.000394, 0.000256, 0.000244
1903, 0.000396, 0.000221, 0.000211
1904, 0.000394, 0.000241, 0.000229
1905, 0.000393, 0.000227, 0.000216
1906, 0.000390, 0.000235, 0.000224
1907, 0.000392, 0.000234, 0.000223
1908, 0.000389, 0.000224, 0.000213
1909, 0.000392, 0.000251, 0.000239
1910, 0.000393, 0.000218, 0.000207
1911, 0.000394, 0.000253, 0.000240
1912, 0.000393, 0.000223, 0.000212
1913, 0.000392, 0.000236, 0.000224
1914, 0.000390, 0.000241, 0.000228
1915, 0.000390, 0.000218, 0.000207
1916, 0.000391, 0.000252, 0.000239
1917, 0.000393, 0.000214, 0.000203
1918, 0.000392, 0.000248, 0.000235
1919, 0.000390, 0.000234, 0.000221
1920, 0.000390, 0.000218, 0.000206
1921, 0.000390, 0.000259, 0.000246
1922, 0.000393, 0.000212, 0.000201
1923, 0.000395, 0.000268, 0.000254
1924, 0.000395, 0.000212, 0.000202
1925, 0.000396, 0.000261, 0.000248
1926, 0.000394, 0.000219, 0.000208
1927, 0.000392, 0.000245, 0.000233
1928, 0.000387, 0.000220, 0.000209
1929, 0.000387, 0.000239, 0.000226
1930, 0.000387, 0.000226, 0.000214
1931, 0.000389, 0.000225, 0.000213
1932, 0.000388, 0.000249, 0.000236
1933, 0.000390, 0.000217, 0.000206
1934, 0.000390, 0.000243, 0.000230
1935, 0.000389, 0.000226, 0.000215
1936, 0.000386, 0.000224, 0.000213
1937, 0.000385, 0.000236, 0.000224
1938, 0.000386, 0.000221, 0.000210
1939, 0.000386, 0.000232, 0.000220
1940, 0.000386, 0.000228, 0.000216
1941, 0.000385, 0.000228, 0.000216
1942, 0.000384, 0.000236, 0.000223
1943, 0.000386, 0.000229, 0.000217
1944, 0.000383, 0.000222, 0.000210
1945, 0.000384, 0.000243, 0.000231
1946, 0.000388, 0.000215, 0.000205
1947, 0.000384, 0.000246, 0.000234
1948, 0.000384, 0.000221, 0.000210
1949, 0.000386, 0.000225, 0.000214
1950, 0.000384, 0.000247, 0.000235
1951, 0.000385, 0.000209, 0.000199
1952, 0.000390, 0.000272, 0.000258
1953, 0.000393, 0.000204, 0.000194
1954, 0.000396, 0.000274, 0.000261
1955, 0.000392, 0.000213, 0.000202
1956, 0.000384, 0.000228, 0.000215
1957, 0.000383, 0.000250, 0.000237
1958, 0.000385, 0.000206, 0.000195
1959, 0.000387, 0.000268, 0.000254
1960, 0.000390, 0.000207, 0.000196
1961, 0.000388, 0.000253, 0.000240
1962, 0.000383, 0.000217, 0.000204
1963, 0.000381, 0.000221, 0.000208
1964, 0.000382, 0.000252, 0.000237
1965, 0.000385, 0.000206, 0.000195
1966, 0.000387, 0.000254, 0.000240
1967, 0.000384, 0.000215, 0.000204
1968, 0.000381, 0.000220, 0.000208
1969, 0.000383, 0.000252, 0.000239
1970, 0.000385, 0.000205, 0.000194
1971, 0.000386, 0.000257, 0.000243
1972, 0.000384, 0.000219, 0.000206
1973, 0.000379, 0.000216, 0.000204
1974, 0.000380, 0.000251, 0.000237
1975, 0.000384, 0.000204, 0.000192
1976, 0.000386, 0.000265, 0.000251
1977, 0.000387, 0.000203, 0.000191
1978, 0.000384, 0.000248, 0.000235
1979, 0.000382, 0.000219, 0.000207
1980, 0.000378, 0.000215, 0.000203
1981, 0.000379, 0.000244, 0.000232
1982, 0.000382, 0.000208, 0.000197
1983, 0.000379, 0.000235, 0.000222
1984, 0.000379, 0.000219, 0.000207
1985, 0.000378, 0.000218, 0.000207
1986, 0.000378, 0.000231, 0.000219
1987, 0.000376, 0.000216, 0.000205
1988, 0.000378, 0.000232, 0.000221
1989, 0.000377, 0.000216, 0.000204
1990, 0.000379, 0.000229, 0.000217
1991, 0.000378, 0.000222, 0.000209
1992, 0.000375, 0.000225, 0.000211
1993, 0.000377, 0.000224, 0.000210
1994, 0.000377, 0.000229, 0.000216
1995, 0.000378, 0.000219, 0.000206
1996, 0.000378, 0.000227, 0.000214
1997, 0.000376, 0.000219, 0.000206
1998, 0.000375, 0.000230, 0.000217
1999, 0.000378, 0.000216, 0.000203
2000, 0.000374, 0.000224, 0.000211
2001, 0.000373, 0.000230, 0.000216
2002, 0.000374, 0.000212, 0.000200
2003, 0.000377, 0.000238, 0.000223
2004, 0.000375, 0.000214, 0.000201
2005, 0.000374, 0.000222, 0.000209
2006, 0.000373, 0.000226, 0.000213
2007, 0.000373, 0.000215, 0.000203
2008, 0.000373, 0.000233, 0.000220
2009, 0.000373, 0.000214, 0.000201
2010, 0.000376, 0.000231, 0.000218
2011, 0.000375, 0.000221, 0.000208
2012, 0.000374, 0.000219, 0.000206
2013, 0.000375, 0.000237, 0.000223
2014, 0.000374, 0.000209, 0.000196
2015, 0.000375, 0.000250, 0.000236
2016, 0.000375, 0.000208, 0.000196
2017, 0.000376, 0.000239, 0.000225
2018, 0.000374, 0.000220, 0.000207
2019, 0.000372, 0.000215, 0.000202
2020, 0.000371, 0.000241, 0.000227
2021, 0.000375, 0.000198, 0.000185
2022, 0.000379, 0.000274, 0.000258
2023, 0.000382, 0.000197, 0.000185
2024, 0.000382, 0.000252, 0.000238
2025, 0.000374, 0.000214, 0.000202
2026, 0.000372, 0.000221, 0.000208
2027, 0.000372, 0.000234, 0.000221
2028, 0.000372, 0.000197, 0.000186
2029, 0.000383, 0.000286, 0.000270
2030, 0.000387, 0.000194, 0.000183
2031, 0.000390, 0.000290, 0.000275
2032, 0.000387, 0.000195, 0.000183
2033, 0.000378, 0.000241, 0.000227
2034, 0.000370, 0.000217, 0.000204
2035, 0.000370, 0.000205, 0.000192
2036, 0.000370, 0.000252, 0.000238
2037, 0.000374, 0.000196, 0.000184
2038, 0.000379, 0.000269, 0.000253
2039, 0.000381, 0.000195, 0.000183
2040, 0.000379, 0.000243, 0.000227
2041, 0.000373, 0.000208, 0.000194
2042, 0.000369, 0.000210, 0.000197
2043, 0.000367, 0.000237, 0.000222
2044, 0.000371, 0.000198, 0.000186
2045, 0.000371, 0.000236, 0.000222
2046, 0.000369, 0.000209, 0.000196
2047, 0.000368, 0.000210, 0.000197
2048, 0.000368, 0.000241, 0.000227
2049, 0.000372, 0.000193, 0.000181
2050, 0.000372, 0.000255, 0.000239
2051, 0.000373, 0.000198, 0.000185
2052, 0.000369, 0.000222, 0.000207
2053, 0.000365, 0.000223, 0.000208
2054, 0.000367, 0.000206, 0.000192
2055, 0.000366, 0.000221, 0.000207
2056, 0.000365, 0.000214, 0.000200
2057, 0.000367, 0.000206, 0.000193
2058, 0.000366, 0.000237, 0.000222
2059, 0.000370, 0.000199, 0.000185
2060, 0.000369, 0.000237, 0.000222
2061, 0.000367, 0.000206, 0.000192
2062, 0.000365, 0.000213, 0.000199
2063, 0.000364, 0.000221, 0.000207
2064, 0.000363, 0.000203, 0.000189
2065, 0.000362, 0.000226, 0.000212
2066, 0.000363, 0.000208, 0.000194
2067, 0.000368, 0.000218, 0.000204
2068, 0.000366, 0.000219, 0.000204
2069, 0.000365, 0.000210, 0.000195
2070, 0.000362, 0.000214, 0.000200
2071, 0.000363, 0.000221, 0.000207
2072, 0.000366, 0.000208, 0.000193
2073, 0.000364, 0.000225, 0.000210
2074, 0.000363, 0.000212, 0.000200
2075, 0.000364, 0.000215, 0.000201
2076, 0.000363, 0.000224, 0.000209
2077, 0.000364, 0.000207, 0.000194
2078, 0.000366, 0.000220, 0.000205
2079, 0.000362, 0.000213, 0.000198
2080, 0.000361, 0.000211, 0.000197
2081, 0.000361, 0.000231, 0.000215
2082, 0.000361, 0.000199, 0.000185
2083, 0.000365, 0.000242, 0.000226
2084, 0.000366, 0.000201, 0.000188
2085, 0.000362, 0.000220, 0.000206
2086, 0.000361, 0.000223, 0.000209
2087, 0.000364, 0.000203, 0.000190
2088, 0.000360, 0.000224, 0.000210
2089, 0.000361, 0.000213, 0.000199
2090, 0.000359, 0.000215, 0.000201
2091, 0.000360, 0.000209, 0.000195
2092, 0.000359, 0.000216, 0.000202
2093, 0.000358, 0.000208, 0.000193
2094, 0.000358, 0.000214, 0.000200
2095, 0.000358, 0.000214, 0.000199
2096, 0.000357, 0.000211, 0.000197
2097, 0.000359, 0.000216, 0.000202
2098, 0.000358, 0.000211, 0.000196
2099, 0.000360, 0.000212, 0.000198
2100, 0.000360, 0.000219, 0.000205
2101, 0.000358, 0.000207, 0.000192
2102, 0.000358, 0.000236, 0.000221
2103, 0.000359, 0.000192, 0.000179
2104, 0.000363, 0.000254, 0.000237
2105, 0.000366, 0.000193, 0.000180
2106, 0.000363, 0.000240, 0.000225
2107, 0.000360, 0.000203, 0.000189
2108, 0.000357, 0.000210, 0.000195
2109, 0.000356, 0.000229, 0.000214
2110, 0.000360, 0.000200, 0.000185
2111, 0.000358, 0.000224, 0.000209
2112, 0.000357, 0.000207, 0.000192
2113, 0.000357, 0.000218, 0.000202
2114, 0.000357, 0.000213, 0.000198
2115, 0.000357, 0.000216, 0.000200
2116, 0.000356, 0.000217, 0.000202
2117, 0.000354, 0.000211, 0.000196
2118, 0.000357, 0.000218, 0.000203
2119, 0.000355, 0.000216, 0.000201
2120, 0.000355, 0.000207, 0.000192
2121, 0.000355, 0.000226, 0.000211
2122, 0.000352, 0.000203, 0.000189
2123, 0.000357, 0.000213, 0.000198
2124, 0.000355, 0.000211, 0.000197
2125, 0.000354, 0.000202, 0.000187
2126, 0.000355, 0.000228, 0.000212
2127, 0.000356, 0.000199, 0.000185
2128, 0.000355, 0.000234, 0.000219
2129, 0.000358, 0.000204, 0.000189
2130, 0.000355, 0.000228, 0.000211
2131, 0.000355, 0.000209, 0.000195
2132, 0.000356, 0.000215, 0.000200
2133, 0.000355, 0.000217, 0.000202
2134, 0.000353, 0.000207, 0.000193
2135, 0.000353, 0.000222, 0.000206
2136, 0.000352, 0.000202, 0.000187
2137, 0.000356, 0.000225, 0.000210
2138, 0.000353, 0.000201, 0.000185
2139, 0.000352, 0.000217, 0.000200
2140, 0.000352, 0.000231, 0.000216
2141, 0.000357, 0.000189, 0.000175
2142, 0.000359, 0.000274, 0.000255
2143, 0.000364, 0.000184, 0.000171
2144, 0.000365, 0.000272, 0.000256
2145, 0.000365, 0.000191, 0.000178
2146, 0.000361, 0.000236, 0.000221
2147, 0.000351, 0.000210, 0.000196
2148, 0.000352, 0.000200, 0.000185
2149, 0.000351, 0.000229, 0.000213
2150, 0.000352, 0.000196, 0.000181
2151, 0.000356, 0.000224, 0.000207
2152, 0.000350, 0.000206, 0.000191
2153, 0.000351, 0.000209, 0.000193
2154, 0.000350, 0.000216, 0.000200
2155, 0.000349, 0.000207, 0.000192
2156, 0.000348, 0.000210, 0.000195
2157, 0.000350, 0.000212, 0.000197
2158, 0.000350, 0.000201, 0.000187
2159, 0.000349, 0.000222, 0.000207
2160, 0.000349, 0.000197, 0.000183
2161, 0.000350, 0.000227, 0.000211
2162, 0.000353, 0.000194, 0.000180
2163, 0.000349, 0.000229, 0.000213
2164, 0.000351, 0.000204, 0.000188
2165, 0.000351, 0.000216, 0.000200
2166, 0.000347, 0.000205, 0.000190
2167, 0.000348, 0.000227, 0.000210
2168, 0.000352, 0.000195, 0.000180
2169, 0.000349, 0.000236, 0.000219
2170, 0.000351, 0.000194, 0.000179
2171, 0.000352, 0.000232, 0.000216
2172, 0.000349, 0.000195, 0.000181
2173, 0.000349, 0.000232, 0.000216
2174, 0.000349, 0.000194, 0.000179
2175, 0.000350, 0.000228, 0.000213
2176, 0.000349, 0.000197, 0.000182
2177, 0.000349, 0.000222, 0.000206
2178, 0.000344, 0.000201, 0.000187
2179, 0.000344, 0.000213, 0.000198
2180, 0.000347, 0.000208, 0.000192
2181, 0.000346, 0.000213, 0.000197
2182, 0.000346, 0.000206, 0.000190
2183, 0.000345, 0.000214, 0.000196
2184, 0.000346, 0.000198, 0.000182
2185, 0.000346, 0.000227, 0.000210
2186, 0.000345, 0.000196, 0.000181
2187, 0.000345, 0.000227, 0.000211
2188, 0.000344, 0.000201, 0.000187
2189, 0.000344, 0.000204, 0.000189
2190, 0.000344, 0.000222, 0.000206
2191, 0.000345, 0.000195, 0.000181
2192, 0.000346, 0.000232, 0.000215
2193, 0.000347, 0.000193, 0.000177
2194, 0.000349, 0.000225, 0.000209
2195, 0.000346, 0.000198, 0.000183
2196, 0.000344, 0.000219, 0.000203
2197, 0.000342, 0.000217, 0.000201
2198, 0.000344, 0.000190, 0.000176
2199, 0.000347, 0.000244, 0.000227
2200, 0.000349, 0.000183, 0.000169
2201, 0.000349, 0.000251, 0.000234
2202, 0.000353, 0.000185, 0.000170
2203, 0.000348, 0.000243, 0.000226
2204, 0.000346, 0.000192, 0.000178
2205, 0.000346, 0.000216, 0.000200
2206, 0.000342, 0.000221, 0.000205
2207, 0.000341, 0.000185, 0.000171
2208, 0.000347, 0.000271, 0.000252
2209, 0.000353, 0.000177, 0.000161
2210, 0.000355, 0.000266, 0.000248
2211, 0.000352, 0.000184, 0.000169
2212, 0.000348, 0.000215, 0.000198
2213, 0.000345, 0.000220, 0.000204
2214, 0.000341, 0.000184, 0.000169
2215, 0.000345, 0.000254, 0.000237
2216, 0.000351, 0.000175, 0.000161
2217, 0.000350, 0.000245, 0.000228
2218, 0.000347, 0.000196, 0.000180
2219, 0.000341, 0.000199, 0.000183
2220, 0.000341, 0.000237, 0.000219
2221, 0.000344, 0.000182, 0.000166
2222, 0.000346, 0.000244, 0.000225
2223, 0.000347, 0.000187, 0.000172
2224, 0.000346, 0.000225, 0.000208
2225, 0.000341, 0.000205, 0.000189
2226, 0.000339, 0.000194, 0.000179
2227, 0.000339, 0.000224, 0.000207
2228, 0.000340, 0.000185, 0.000170
2229, 0.000344, 0.000230, 0.000211
2230, 0.000341, 0.000187, 0.000172
2231, 0.000343, 0.000223, 0.000204
2232, 0.000340, 0.000195, 0.000179
2233, 0.000339, 0.000207, 0.000191
2234, 0.000339, 0.000209, 0.000192
2235, 0.000339, 0.000193, 0.000177
2236, 0.000340, 0.000229, 0.000213
2237, 0.000341, 0.000186, 0.000171
2238, 0.000340, 0.000230, 0.000213
2239, 0.000341, 0.000190, 0.000176
2240, 0.000342, 0.000210, 0.000193
2241, 0.000337, 0.000211, 0.000194
2242, 0.000336, 0.000189, 0.000174
2243, 0.000339, 0.000226, 0.000209
2244, 0.000338, 0.000193, 0.000177
2245, 0.000337, 0.000204, 0.000188
2246, 0.000336, 0.000222, 0.000205
2247, 0.000338, 0.000179, 0.000163
2248, 0.000342, 0.000260, 0.000241
2249, 0.000347, 0.000175, 0.000161
2250, 0.000346, 0.000237, 0.000220
2251, 0.000339, 0.000188, 0.000173
2252, 0.000339, 0.000216, 0.000200
2253, 0.000334, 0.000200, 0.000184
2254, 0.000334, 0.000198, 0.000183
2255, 0.000334, 0.000216, 0.000201
2256, 0.000334, 0.000189, 0.000174
2257, 0.000335, 0.000216, 0.000199
2258, 0.000333, 0.000200, 0.000184
2259, 0.000334, 0.000205, 0.000189
2260, 0.000334, 0.000202, 0.000186
2261, 0.000334, 0.000210, 0.000193
2262, 0.000332, 0.000198, 0.000182
2263, 0.000336, 0.000206, 0.000189
2264, 0.000332, 0.000190, 0.000175
2265, 0.000336, 0.000228, 0.000210
2266, 0.000335, 0.000191, 0.000175
2267, 0.000332, 0.000203, 0.000186
2268, 0.000332, 0.000210, 0.000193
2269, 0.000331, 0.000187, 0.000172
2270, 0.000334, 0.000226, 0.000209
2271, 0.000334, 0.000194, 0.000177
2272, 0.000331, 0.000213, 0.000196
2273, 0.000331, 0.000200, 0.000183
2274, 0.000332, 0.000200, 0.000183
2275, 0.000330, 0.000203, 0.000186
2276, 0.000332, 0.000205, 0.000188
2277, 0.000331, 0.000207, 0.000190
2278, 0.000331, 0.000205, 0.000189
2279, 0.000332, 0.000199, 0.000183
2280, 0.000330, 0.000206, 0.000189
2281, 0.000331, 0.000208, 0.000191
2282, 0.000329, 0.000191, 0.000175
2283, 0.000330, 0.000232, 0.000216
2284, 0.000333, 0.000185, 0.000170
2285, 0.000334, 0.000234, 0.000217
2286, 0.000334, 0.000185, 0.000169
2287, 0.000334, 0.000221, 0.000203
2288, 0.000330, 0.000200, 0.000183
2289, 0.000332, 0.000208, 0.000191
2290, 0.000330, 0.000209, 0.000192
2291, 0.000329, 0.000198, 0.000181
2292, 0.000330, 0.000209, 0.000192
2293, 0.000329, 0.000193, 0.000176
2294, 0.000329, 0.000218, 0.000201
2295, 0.000329, 0.000200, 0.000184
2296, 0.000331, 0.000206, 0.000189
2297, 0.000327, 0.000210, 0.000194
2298, 0.000331, 0.000196, 0.000181
2299, 0.000331, 0.000217, 0.000200
2300, 0.000328, 0.000192, 0.000176
2301, 0.000328, 0.000211, 0.000194
2302, 0.000329, 0.000206, 0.000188
2303, 0.000328, 0.000207, 0.000189
2304, 0.000328, 0.000198, 0.000181
2305, 0.000328, 0.000216, 0.000197
2306, 0.000328, 0.000212, 0.000195
2307, 0.000329, 0.000186, 0.000170
2308, 0.000330, 0.000264, 0.000245
2309, 0.000337, 0.000169, 0.000154
2310, 0.000341, 0.000285, 0.000266
2311, 0.000346, 0.000165, 0.000150
2312, 0.000345, 0.000277, 0.000258
2313, 0.000345, 0.000172, 0.000157
2314, 0.000336, 0.000234, 0.000215
2315, 0.000330, 0.000201, 0.000184
2316, 0.000327, 0.000185, 0.000169
2317, 0.000328, 0.000247, 0.000229
2318, 0.000334, 0.000168, 0.000153
2319, 0.000341, 0.000285, 0.000267
2320, 0.000346, 0.000168, 0.000153
2321, 0.000342, 0.000242, 0.000224
2322, 0.000331, 0.000190, 0.000174
2323, 0.000325, 0.000189, 0.000172
2324, 0.000328, 0.000230, 0.000211
2325, 0.000327, 0.000179, 0.000163
2326, 0.000328, 0.000225, 0.000205
2327, 0.000326, 0.000183, 0.000166
2328, 0.000326, 0.000213, 0.000196
2329, 0.000324, 0.000190, 0.000174
2330, 0.000324, 0.000197, 0.000181
2331, 0.000323, 0.000204, 0.000188
2332, 0.000325, 0.000182, 0.000166
2333, 0.000324, 0.000223, 0.000205
2334, 0.000327, 0.000183, 0.000167
2335, 0.000323, 0.000218, 0.000199
2336, 0.000325, 0.000186, 0.000169
2337, 0.000327, 0.000214, 0.000195
2338, 0.000326, 0.000191, 0.000174
2339, 0.000321, 0.000202, 0.000185
2340, 0.000322, 0.000203, 0.000186
2341, 0.000318, 0.000188, 0.000171
2342, 0.000323, 0.000225, 0.000208
2343, 0.000325, 0.000174, 0.000158
2344, 0.000326, 0.000241, 0.000221
2345, 0.000329, 0.000176, 0.000160
2346, 0.000325, 0.000212, 0.000194
2347, 0.000321, 0.000205, 0.000187
2348, 0.000321, 0.000181, 0.000164
2349, 0.000322, 0.000229, 0.000210
2350, 0.000324, 0.000176, 0.000159
2351, 0.000325, 0.000231, 0.000212
2352, 0.000326, 0.000174, 0.000159
2353, 0.000327, 0.000229, 0.000211
2354, 0.000324, 0.000178, 0.000162
2355, 0.000322, 0.000228, 0.000210
2356, 0.000325, 0.000181, 0.000164
2357, 0.000321, 0.000204, 0.000186
2358, 0.000318, 0.000200, 0.000183
2359, 0.000318, 0.000197, 0.000179
2360, 0.000320, 0.000197, 0.000179
2361, 0.000318, 0.000216, 0.000198
2362, 0.000320, 0.000177, 0.000160
2363, 0.000322, 0.000235, 0.000216
2364, 0.000323, 0.000176, 0.000159
2365, 0.000320, 0.000215, 0.000196
2366, 0.000320, 0.000189, 0.000172
2367, 0.000318, 0.000197, 0.000179
2368, 0.000317, 0.000203, 0.000185
2369, 0.000316, 0.000193, 0.000175
2370, 0.000319, 0.000203, 0.000185
2371, 0.000317, 0.000190, 0.000173
2372, 0.000317, 0.000204, 0.000186
2373, 0.000317, 0.000189, 0.000171
2374, 0.000317, 0.000212, 0.000194
2375, 0.000317, 0.000196, 0.000178
2376, 0.000317, 0.000195, 0.000177
2377, 0.000315, 0.000218, 0.000199
2378, 0.000317, 0.000181, 0.000165
2379, 0.000318, 0.000217, 0.000199
2380, 0.000317, 0.000184, 0.000167
2381, 0.000318, 0.000220, 0.000202
2382, 0.000314, 0.000192, 0.000175
2383, 0.000315, 0.000195, 0.000177
2384, 0.000316, 0.000216, 0.000197
2385, 0.000317, 0.000186, 0.000168
2386, 0.000315, 0.000223, 0.000204
2387, 0.000317, 0.000175, 0.000159
2388, 0.000321, 0.000227, 0.000207
2389, 0.000316, 0.000188, 0.000171
2390, 0.000317, 0.000202, 0.000185
2391, 0.000315, 0.000214, 0.000196
2392, 0.000315, 0.000182, 0.000165
2393, 0.000316, 0.000238, 0.000219
2394, 0.000321, 0.000178, 0.000162
2395, 0.000318, 0.000236, 0.000217
2396, 0.000318, 0.000176, 0.000160
2397, 0.000318, 0.000235, 0.000216
2398, 0.000319, 0.000175, 0.000159
2399, 0.000319, 0.000215, 0.000198
2400, 0.000313, 0.000207, 0.000189
2401, 0.000311, 0.000179, 0.000163
2402, 0.000314, 0.000226, 0.000208
2403, 0.000314, 0.000184, 0.000167
2404, 0.000317, 0.000215, 0.000198
2405, 0.000314, 0.000188, 0.000171
2406, 0.000311, 0.000218, 0.000200
2407, 0.000313, 0.000185, 0.000168
2408, 0.000312, 0.000216, 0.000199
2409, 0.000313, 0.000185, 0.000168
2410, 0.000310, 0.000204, 0.000187
2411, 0.000312, 0.000207, 0.000190
2412, 0.000311, 0.000181, 0.000165
2413, 0.000312, 0.000224, 0.000206
2414, 0.000315, 0.000185, 0.000169
2415, 0.000312, 0.000202, 0.000185
2416, 0.000311, 0.000209, 0.000193
2417, 0.000310, 0.000183, 0.000167
2418, 0.000312, 0.000230, 0.000212
2419, 0.000311, 0.000175, 0.000159
2420, 0.000310, 0.000219, 0.000201
2421, 0.000310, 0.000196, 0.000178
2422, 0.000309, 0.000184, 0.000167
2423, 0.000312, 0.000235, 0.000215
2424, 0.000314, 0.000175, 0.000158
2425, 0.000312, 0.000234, 0.000215
2426, 0.000313, 0.000173, 0.000157
2427, 0.000314, 0.000238, 0.000220
2428, 0.000315, 0.000176, 0.000160
2429, 0.000311, 0.000216, 0.000198
2430, 0.000306, 0.000199, 0.000182
2431, 0.000307, 0.000189, 0.000172
2432, 0.000308, 0.000225, 0.000207
2433, 0.000308, 0.000177, 0.000162
2434, 0.000311, 0.000223, 0.000205
2435, 0.000309, 0.000199, 0.000181
2436, 0.000307, 0.000189, 0.000172
2437, 0.000306, 0.000217, 0.000199
2438, 0.000308, 0.000183, 0.000166
2439, 0.000308, 0.000220, 0.000203
2440, 0.000309, 0.000174, 0.000158
2441, 0.000310, 0.000232, 0.000214
2442, 0.000310, 0.000181, 0.000164
2443, 0.000308, 0.000208, 0.000190
2444, 0.000307, 0.000199, 0.000180
2445, 0.000307, 0.000195, 0.000176
2446, 0.000305, 0.000211, 0.000192
2447, 0.000307, 0.000183, 0.000166
2448, 0.000305, 0.000221, 0.000201
2449, 0.000309, 0.000179, 0.000163
2450, 0.000307, 0.000225, 0.000207
2451, 0.000306, 0.000186, 0.000168
2452, 0.000308, 0.000209, 0.000192
2453, 0.000306, 0.000196, 0.000180
2454, 0.000303, 0.000191, 0.000174
2455, 0.000305, 0.000223, 0.000205
2456, 0.000306, 0.000171, 0.000155
2457, 0.000308, 0.000264, 0.000244
2458, 0.000315, 0.000160, 0.000145
2459, 0.000330, 0.000302, 0.000281
2460, 0.000330, 0.000157, 0.000141
2461, 0.000329, 0.000283, 0.000263
2462, 0.000323, 0.000170, 0.000153
2463, 0.000307, 0.000193, 0.000174
2464, 0.000303, 0.000246, 0.000225
2465, 0.000312, 0.000157, 0.000140
2466, 0.000322, 0.000313, 0.000289
2467, 0.000333, 0.000157, 0.000142
2468, 0.000335, 0.000276, 0.000256
2469, 0.000322, 0.000169, 0.000153
2470, 0.000308, 0.000194, 0.000177
2471, 0.000305, 0.000238, 0.000220
2472, 0.000310, 0.000156, 0.000140
2473, 0.000319, 0.000271, 0.000252
2474, 0.000321, 0.000166, 0.000150
2475, 0.000307, 0.000199, 0.000181
2476, 0.000302, 0.000222, 0.000203
2477, 0.000308, 0.000159, 0.000143
2478, 0.000310, 0.000239, 0.000219
2479, 0.000308, 0.000174, 0.000157
2480, 0.000304, 0.000189, 0.000171
2481, 0.000301, 0.000213, 0.000194
2482, 0.000304, 0.000166, 0.000150
2483, 0.000307, 0.000227, 0.000207
2484, 0.000303, 0.000177, 0.000160
2485, 0.000304, 0.000183, 0.000166
2486, 0.000301, 0.000223, 0.000204
2487, 0.000302, 0.000166, 0.000150
2488, 0.000303, 0.000208, 0.000191
2489, 0.000301, 0.000192, 0.000175
2490, 0.000298, 0.000167, 0.000151
2491, 0.000303, 0.000239, 0.000221
2492, 0.000306, 0.000167, 0.000151
2493, 0.000305, 0.000207, 0.000189
2494, 0.000298, 0.000196, 0.000178
2495, 0.000296, 0.000172, 0.000155
2496, 0.000302, 0.000208, 0.000189
2497, 0.000299, 0.000183, 0.000166
2498, 0.000296, 0.000179, 0.000162
2499, 0.000299, 0.000212, 0.000193
2500, 0.000298, 0.000170, 0.000154
2501, 0.000301, 0.000203, 0.000186
2502, 0.000298, 0.000185, 0.000168
2503, 0.000297, 0.000191, 0.000174
2504, 0.000297, 0.000194, 0.000178
2505, 0.000298, 0.000191, 0.000173
2506, 0.000297, 0.000183, 0.000167
2507, 0.000297, 0.000200, 0.000182
2508, 0.000296, 0.000176, 0.000159
2509, 0.000299, 0.000206, 0.000188
2510, 0.000296, 0.000181, 0.000165
2511, 0.000296, 0.000198, 0.000180
2512, 0.000294, 0.000186, 0.000169
2513, 0.000296, 0.000189, 0.000172
2514, 0.000297, 0.000199, 0.000181
2515, 0.000296, 0.000191, 0.000174
2516, 0.000294, 0.000187, 0.000171
2517, 0.000294, 0.000198, 0.000180
2518, 0.000293, 0.000180, 0.000164
2519, 0.000294, 0.000199, 0.000182
2520, 0.000293, 0.000180, 0.000164
2521, 0.000294, 0.000211, 0.000193
2522, 0.000295, 0.000181, 0.000165
2523, 0.000294, 0.000192, 0.000175
2524, 0.000294, 0.000218, 0.000199
2525, 0.000295, 0.000161, 0.000145
2526, 0.000298, 0.000235, 0.000215
2527, 0.000299, 0.000173, 0.000156
2528, 0.000294, 0.000190, 0.000173
2529, 0.000292, 0.000208, 0.000190
2530, 0.000293, 0.000172, 0.000156
2531, 0.000295, 0.000215, 0.000196
2532, 0.000292, 0.000180, 0.000163
2533, 0.000292, 0.000199, 0.000181
2534, 0.000291, 0.000186, 0.000168
2535, 0.000292, 0.000202, 0.000184
2536, 0.000293, 0.000177, 0.000160
2537, 0.000293, 0.000220, 0.000201
2538, 0.000291, 0.000174, 0.000158
2539, 0.000291, 0.000204, 0.000186
2540, 0.000292, 0.000194, 0.000176
2541, 0.000291, 0.000182, 0.000166
2542, 0.000290, 0.000225, 0.000207
2543, 0.000292, 0.000166, 0.000150
2544, 0.000294, 0.000223, 0.000204
2545, 0.000292, 0.000177, 0.000160
2546, 0.000288, 0.000186, 0.000168
2547, 0.000289, 0.000207, 0.000189
2548, 0.000288, 0.000178, 0.000161
2549, 0.000288, 0.000192, 0.000174
2550, 0.000289, 0.000213, 0.000195
2551, 0.000289, 0.000165, 0.000149
2552, 0.000294, 0.000254, 0.000234
2553, 0.000299, 0.000154, 0.000138
2554, 0.000302, 0.000255, 0.000236
2555, 0.000298, 0.000164, 0.000148
2556, 0.000293, 0.000202, 0.000185
2557, 0.000288, 0.000205, 0.000187
2558, 0.000287, 0.000165, 0.000148
2559, 0.000292, 0.000238, 0.000218
2560, 0.000293, 0.000164, 0.000148
2561, 0.000288, 0.000204, 0.000185
2562, 0.000286, 0.000200, 0.000182
2563, 0.000285, 0.000166, 0.000151
2564, 0.000290, 0.000242, 0.000223
2565, 0.000291, 0.000162, 0.000146
2566, 0.000291, 0.000222, 0.000204
2567, 0.000290, 0.000182, 0.000166
2568, 0.000285, 0.000178, 0.000161
2569, 0.000286, 0.000222, 0.000204
2570, 0.000290, 0.000162, 0.000145
2571, 0.000293, 0.000232, 0.000212
2572, 0.000289, 0.000177, 0.000160
2573, 0.000285, 0.000186, 0.000168
2574, 0.000284, 0.000225, 0.000205
2575, 0.000287, 0.000156, 0.000141
2576, 0.000292, 0.000245, 0.000226
2577, 0.000293, 0.000160, 0.000145
2578, 0.000289, 0.000211, 0.000194
2579, 0.000286, 0.000193, 0.000176
2580, 0.000282, 0.000175, 0.000158
2581, 0.000283, 0.000209, 0.000191
2582, 0.000284, 0.000174, 0.000156
2583, 0.000282, 0.000197, 0.000179
2584, 0.000281, 0.000190, 0.000173
2585, 0.000281, 0.000180, 0.000163
2586, 0.000279, 0.000192, 0.000176
2587, 0.000282, 0.000194, 0.000178
2588, 0.000283, 0.000177, 0.000161
2589, 0.000282, 0.000219, 0.000201
2590, 0.000286, 0.000160, 0.000145
2591, 0.000285, 0.000235, 0.000214
2592, 0.000287, 0.000167, 0.000150
2593, 0.000284, 0.000204, 0.000186
2594, 0.000282, 0.000196, 0.000177
2595, 0.000282, 0.000172, 0.000155
2596, 0.000283, 0.000223, 0.000205
2597, 0.000284, 0.000165, 0.000150
2598, 0.000282, 0.000202, 0.000185
2599, 0.000282, 0.000191, 0.000174
2600, 0.000278, 0.000179, 0.000162
2601, 0.000281, 0.000209, 0.000190
2602, 0.000279, 0.000173, 0.000156
2603, 0.000278, 0.000197, 0.000178
2604, 0.000278, 0.000189, 0.000171
2605, 0.000281, 0.000191, 0.000174
2606, 0.000276, 0.000194, 0.000177
2607, 0.000277, 0.000171, 0.000155
2608, 0.000278, 0.000211, 0.000194
2609, 0.000277, 0.000166, 0.000150
2610, 0.000280, 0.000207, 0.000189
2611, 0.000278, 0.000183, 0.000167
2612, 0.000277, 0.000175, 0.000159
2613, 0.000278, 0.000215, 0.000197
2614, 0.000278, 0.000169, 0.000153
2615, 0.000278, 0.000206, 0.000188
2616, 0.000277, 0.000188, 0.000170
2617, 0.000276, 0.000183, 0.000166
2618, 0.000276, 0.000197, 0.000179
2619, 0.000276, 0.000176, 0.000158
2620, 0.000276, 0.000201, 0.000182
2621, 0.000275, 0.000175, 0.000157
2622, 0.000274, 0.000206, 0.000187
2623, 0.000276, 0.000172, 0.000156
2624, 0.000275, 0.000207, 0.000190
2625, 0.000277, 0.000174, 0.000158
2626, 0.000276, 0.000202, 0.000186
2627, 0.000275, 0.000178, 0.000162
2628, 0.000275, 0.000206, 0.000189
2629, 0.000276, 0.000179, 0.000163
2630, 0.000273, 0.000183, 0.000167
2631, 0.000273, 0.000191, 0.000175
2632, 0.000274, 0.000178, 0.000162
2633, 0.000272, 0.000194, 0.000177
2634, 0.000274, 0.000187, 0.000170
2635, 0.000272, 0.000182, 0.000166
2636, 0.000272, 0.000202, 0.000185
2637, 0.000272, 0.000179, 0.000162
2638, 0.000273, 0.000197, 0.000180
2639, 0.000272, 0.000185, 0.000168
2640, 0.000271, 0.000196, 0.000179
2641, 0.000270, 0.000182, 0.000166
2642, 0.000269, 0.000185, 0.000169
2643, 0.000271, 0.000200, 0.000183
2644, 0.000270, 0.000170, 0.000156
2645, 0.000273, 0.000215, 0.000198
2646, 0.000273, 0.000163, 0.000148
2647, 0.000274, 0.000229, 0.000211
2648, 0.000273, 0.000166, 0.000151
2649, 0.000272, 0.000201, 0.000183
2650, 0.000270, 0.000206, 0.000188
2651, 0.000271, 0.000151, 0.000135
2652, 0.000279, 0.000299, 0.000278
2653, 0.000293, 0.000136, 0.000121
2654, 0.000307, 0.000345, 0.000322
2655, 0.000312, 0.000137, 0.000122
2656, 0.000305, 0.000272, 0.000251
2657, 0.000288, 0.000155, 0.000140
2658, 0.000272, 0.000182, 0.000165
2659, 0.000267, 0.000235, 0.000216
2660, 0.000274, 0.000140, 0.000126
2661, 0.000285, 0.000275, 0.000255
2662, 0.000287, 0.000147, 0.000133
2663, 0.000276, 0.000193, 0.000177
2664, 0.000268, 0.000212, 0.000195
2665, 0.000270, 0.000142, 0.000128
2666, 0.000279, 0.000252, 0.000234
2667, 0.000277, 0.000152, 0.000137
2668, 0.000272, 0.000195, 0.000178
2669, 0.000267, 0.000186, 0.000169
2670, 0.000264, 0.000156, 0.000141
2671, 0.000267, 0.000215, 0.000197
2672, 0.000268, 0.000155, 0.000140
2673, 0.000267, 0.000193, 0.000177
2674, 0.000267, 0.000184, 0.000167
2675, 0.000265, 0.000166, 0.000151
2676, 0.000266, 0.000209, 0.000192
2677, 0.000266, 0.000152, 0.000137
2678, 0.000270, 0.000204, 0.000187
2679, 0.000265, 0.000176, 0.000160
2680, 0.000262, 0.000157, 0.000141
2681, 0.000264, 0.000214, 0.000196
2682, 0.000269, 0.000154, 0.000138
2683, 0.000268, 0.000192, 0.000175
2684, 0.000263, 0.000186, 0.000170
2685, 0.000261, 0.000161, 0.000146
2686, 0.000263, 0.000204, 0.000188
2687, 0.000266, 0.000156, 0.000141
2688, 0.000265, 0.000192, 0.000177
2689, 0.000260, 0.000181, 0.000166
2690, 0.000261, 0.000157, 0.000142
2691, 0.000263, 0.000223, 0.000205
2692, 0.000266, 0.000150, 0.000135
2693, 0.000267, 0.000191, 0.000173
2694, 0.000262, 0.000185, 0.000168
2695, 0.000259, 0.000157, 0.000142
2696, 0.000261, 0.000221, 0.000203
2697, 0.000264, 0.000149, 0.000135
2698, 0.000266, 0.000222, 0.000204
2699, 0.000263, 0.000159, 0.000144
2700, 0.000261, 0.000176, 0.000160
2701, 0.000258, 0.000194, 0.000177
2702, 0.000258, 0.000159, 0.000144
2703, 0.000259, 0.000197, 0.000181
2704, 0.000259, 0.000172, 0.000156
2705, 0.000257, 0.000167, 0.000152
2706, 0.000258, 0.000199, 0.000183
2707, 0.000259, 0.000159, 0.000144
2708, 0.000259, 0.000188, 0.000171
2709, 0.000258, 0.000181, 0.000165
2710, 0.000259, 0.000159, 0.000144
2711, 0.000260, 0.000213, 0.000194
2712, 0.000261, 0.000149, 0.000135
2713, 0.000264, 0.000218, 0.000201
2714, 0.000262, 0.000154, 0.000141
2715, 0.000258, 0.000188, 0.000173
2716, 0.000254, 0.000192, 0.000177
2717, 0.000254, 0.000152, 0.000138
2718, 0.000259, 0.000217, 0.000201
2719, 0.000262, 0.000141, 0.000128
2720, 0.000264, 0.000233, 0.000215
2721, 0.000264, 0.000151, 0.000136
2722, 0.000257, 0.000194, 0.000176
2723, 0.000255, 0.000192, 0.000175
2724, 0.000255, 0.000150, 0.000135
2725, 0.000259, 0.000239, 0.000220
2726, 0.000264, 0.000142, 0.000128
2727, 0.000266, 0.000225, 0.000208
2728, 0.000262, 0.000155, 0.000140
2729, 0.000257, 0.000180, 0.000165
2730, 0.000254, 0.000200, 0.000183
2731, 0.000253, 0.000142, 0.000128
2732, 0.000260, 0.000242, 0.000225
2733, 0.000266, 0.000145, 0.000132
2734, 0.000257, 0.000190, 0.000175
2735, 0.000252, 0.000198, 0.000183
2736, 0.000254, 0.000141, 0.000128
2737, 0.000258, 0.000222, 0.000205
2738, 0.000257, 0.000149, 0.000135
2739, 0.000253, 0.000179, 0.000163
2740, 0.000251, 0.000193, 0.000175
2741, 0.000253, 0.000146, 0.000131
2742, 0.000255, 0.000220, 0.000202
2743, 0.000254, 0.000156, 0.000140
2744, 0.000252, 0.000178, 0.000162
2745, 0.000251, 0.000192, 0.000176
2746, 0.000249, 0.000146, 0.000132
2747, 0.000254, 0.000229, 0.000212
2748, 0.000258, 0.000139, 0.000125
2749, 0.000257, 0.000210, 0.000194
2750, 0.000253, 0.000161, 0.000147
2751, 0.000248, 0.000155, 0.000140
2752, 0.000250, 0.000231, 0.000213
2753, 0.000258, 0.000129, 0.000116
2754, 0.000261, 0.000236, 0.000218
2755, 0.000257, 0.000148, 0.000133
2756, 0.000247, 0.000167, 0.000151
2757, 0.000247, 0.000211, 0.000193
2758, 0.000251, 0.000132, 0.000118
2759, 0.000259, 0.000248, 0.000229
2760, 0.000259, 0.000142, 0.000128
2761, 0.000253, 0.000187, 0.000171
2762, 0.000246, 0.000180, 0.000164
2763, 0.000243, 0.000147, 0.000133
2764, 0.000247, 0.000199, 0.000183
2765, 0.000248, 0.000159, 0.000145
2766, 0.000247, 0.000160, 0.000146
2767, 0.000246, 0.000203, 0.000187
2768, 0.000248, 0.000137, 0.000124
2769, 0.000250, 0.000202, 0.000187
2770, 0.000247, 0.000157, 0.000143
2771, 0.000243, 0.000156, 0.000142
2772, 0.000244, 0.000200, 0.000184
2773, 0.000246, 0.000136, 0.000122
2774, 0.000248, 0.000217, 0.000199
2775, 0.000248, 0.000154, 0.000139
2776, 0.000241, 0.000149, 0.000135
2777, 0.000242, 0.000218, 0.000202
2778, 0.000248, 0.000134, 0.000122
2779, 0.000250, 0.000200, 0.000185
2780, 0.000244, 0.000167, 0.000153
2781, 0.000242, 0.000143, 0.000130
2782, 0.000243, 0.000231, 0.000214
2783, 0.000254, 0.000124, 0.000112
2784, 0.000258, 0.000231, 0.000214
2785, 0.000253, 0.000154, 0.000140
2786, 0.000240, 0.000146, 0.000132
2787, 0.000243, 0.000228, 0.000211
2788, 0.000250, 0.000127, 0.000114
2789, 0.000254, 0.000223, 0.000205
2790, 0.000248, 0.000144, 0.000130
2791, 0.000242, 0.000168, 0.000153
2792, 0.000239, 0.000193, 0.000178
2793, 0.000242, 0.000138, 0.000125
2794, 0.000243, 0.000201, 0.000187
2795, 0.000243, 0.000136, 0.000124
2796, 0.000242, 0.000188, 0.000174
2797, 0.000240, 0.000154, 0.000141
2798, 0.000238, 0.000159, 0.000146
2799, 0.000236, 0.000180, 0.000165
2800, 0.000237, 0.000143, 0.000130
2801, 0.000238, 0.000191, 0.000176
2802, 0.000238, 0.000149, 0.000136
2803, 0.000236, 0.000168, 0.000154
2804, 0.000235, 0.000165, 0.000151
2805, 0.000236, 0.000161, 0.000148
2806, 0.000236, 0.000169, 0.000156
2807, 0.000235, 0.000153, 0.000140
2808, 0.000234, 0.000188, 0.000174
2809, 0.000236, 0.000149, 0.000136
2810, 0.000233, 0.000164, 0.000150
2811, 0.000235, 0.000183, 0.000168
2812, 0.000234, 0.000132, 0.000119
2813, 0.000241, 0.000217, 0.000201
2814, 0.000241, 0.000138, 0.000125
2815, 0.000237, 0.000166, 0.000152
2816, 0.000234, 0.000188, 0.000173
2817, 0.000237, 0.000130, 0.000118
2818, 0.000240, 0.000218, 0.000203
2819, 0.000242, 0.000137, 0.000125
2820, 0.000236, 0.000165, 0.000152
2821, 0.000231, 0.000195, 0.000180
2822, 0.000234, 0.000131, 0.000119
2823, 0.000238, 0.000218, 0.000204
2824, 0.000239, 0.000138, 0.000126
2825, 0.000234, 0.000171, 0.000158
2826, 0.000229, 0.000193, 0.000179
2827, 0.000234, 0.000125, 0.000113
2828, 0.000238, 0.000222, 0.000207
2829, 0.000239, 0.000135, 0.000123
2830, 0.000236, 0.000172, 0.000157
2831, 0.000229, 0.000174, 0.000158
2832, 0.000231, 0.000138, 0.000125
2833, 0.000235, 0.000220, 0.000203
2834, 0.000239, 0.000130, 0.000117
2835, 0.000236, 0.000191, 0.000177
2836, 0.000232, 0.000161, 0.000148
2837, 0.000228, 0.000136, 0.000124
2838, 0.000230, 0.000208, 0.000195
2839, 0.000236, 0.000133, 0.000121
2840, 0.000231, 0.000166, 0.000153
2841, 0.000227, 0.000170, 0.000157
2842, 0.000229, 0.000139, 0.000126
2843, 0.000228, 0.000191, 0.000177
2844, 0.000231, 0.000147, 0.000134
2845, 0.000230, 0.000167, 0.000154
2846, 0.000225, 0.000161, 0.000147
2847, 0.000227, 0.000152, 0.000139
2848, 0.000226, 0.000181, 0.000166
2849, 0.000227, 0.000142, 0.000129
2850, 0.000228, 0.000174, 0.000160
2851, 0.000227, 0.000150, 0.000137
2852, 0.000223, 0.000160, 0.000146
2853, 0.000225, 0.000179, 0.000165
2854, 0.000228, 0.000131, 0.000119
2855, 0.000228, 0.000208, 0.000193
2856, 0.000232, 0.000133, 0.000123
2857, 0.000231, 0.000175, 0.000162
2858, 0.000225, 0.000170, 0.000156
2859, 0.000221, 0.000128, 0.000117
2860, 0.000230, 0.000216, 0.000201
2861, 0.000230, 0.000131, 0.000119
2862, 0.000227, 0.000168, 0.000155
2863, 0.000223, 0.000179, 0.000165
2864, 0.000222, 0.000128, 0.000117
2865, 0.000227, 0.000199, 0.000186
2866, 0.000228, 0.000131, 0.000120
2867, 0.000224, 0.000173, 0.000160
2868, 0.000222, 0.000153, 0.000140
2869, 0.000222, 0.000146, 0.000133
2870, 0.000220, 0.000174, 0.000159
2871, 0.000218, 0.000149, 0.000136
2872, 0.000220, 0.000151, 0.000138
2873, 0.000218, 0.000185, 0.000171
2874, 0.000221, 0.000127, 0.000116
2875, 0.000226, 0.000213, 0.000199
2876, 0.000227, 0.000124, 0.000113
2877, 0.000226, 0.000193, 0.000179
2878, 0.000222, 0.000149, 0.000137
2879, 0.000218, 0.000141, 0.000129
2880, 0.000219, 0.000177, 0.000165
2881, 0.000220, 0.000143, 0.000131
2882, 0.000218, 0.000158, 0.000145
2883, 0.000217, 0.000161, 0.000149
2884, 0.000217, 0.000153, 0.000140
2885, 0.000217, 0.000153, 0.000140
2886, 0.000215, 0.000169, 0.000156
2887, 0.000218, 0.000149, 0.000136
2888, 0.000216, 0.000163, 0.000150
2889, 0.000215, 0.000145, 0.000134
2890, 0.000216, 0.000168, 0.000156
2891, 0.000217, 0.000135, 0.000124
2892, 0.000216, 0.000176, 0.000162
2893, 0.000215, 0.000143, 0.000130
2894, 0.000215, 0.000156, 0.000143
2895, 0.000213, 0.000152, 0.000140
2896, 0.000211, 0.000158, 0.000146
2897, 0.000214, 0.000138, 0.000127
2898, 0.000215, 0.000179, 0.000167
2899, 0.000213, 0.000135, 0.000124
2900, 0.000214, 0.000173, 0.000160
2901, 0.000214, 0.000152, 0.000140
2902, 0.000213, 0.000148, 0.000137
2903, 0.000215, 0.000171, 0.000158
2904, 0.000214, 0.000140, 0.000128
2905, 0.000212, 0.000163, 0.000151
2906, 0.000213, 0.000146, 0.000134
2907, 0.000210, 0.000148, 0.000137
2908, 0.000210, 0.000162, 0.000150
2909, 0.000209, 0.000155, 0.000144
2910, 0.000210, 0.000150, 0.000140
2911, 0.000208, 0.000156, 0.000146
2912, 0.000207, 0.000152, 0.000141
2913, 0.000209, 0.000147, 0.000136
2914, 0.000211, 0.000170, 0.000158
2915, 0.000210, 0.000131, 0.000120
2916, 0.000210, 0.000178, 0.000166
2917, 0.000210, 0.000130, 0.000120
2918, 0.000211, 0.000178, 0.000165
2919, 0.000209, 0.000132, 0.000122
2920, 0.000211, 0.000167, 0.000154
2921, 0.000209, 0.000157, 0.000144
2922, 0.000205, 0.000138, 0.000126
2923, 0.000210, 0.000184, 0.000170
2924, 0.000210, 0.000131, 0.000120
2925, 0.000210, 0.000177, 0.000165
2926, 0.000207, 0.000144, 0.000133
2927, 0.000206, 0.000146, 0.000136
2928, 0.000206, 0.000185, 0.000173
2929, 0.000210, 0.000112, 0.000103
2930, 0.000218, 0.000257, 0.000242
2931, 0.000230, 0.000099, 0.000090
2932, 0.000243, 0.000307, 0.000290
2933, 0.000251, 0.000098, 0.000089
2934, 0.000248, 0.000274, 0.000258
2935, 0.000235, 0.000109, 0.000100
2936, 0.000220, 0.000163, 0.000152
2937, 0.000206, 0.000177, 0.000165
2938, 0.000207, 0.000108, 0.000098
2939, 0.000217, 0.000224, 0.000210
2940, 0.000220, 0.000113, 0.000104
2941, 0.000210, 0.000158, 0.000146
2942, 0.000204, 0.000172, 0.000160
2943, 0.000206, 0.000114, 0.000105
2944, 0.000209, 0.000185, 0.000173
2945, 0.000207, 0.000130, 0.000120
2946, 0.000205, 0.000135, 0.000125
2947, 0.000204, 0.000182, 0.000169
2948, 0.000209, 0.000105, 0.000095
2949, 0.000217, 0.000230, 0.000215
2950, 0.000224, 0.000103, 0.000094
2951, 0.000215, 0.000184, 0.000170
2952, 0.000207, 0.000137, 0.000127
2953, 0.000200, 0.000128, 0.000118
2954, 0.000202, 0.000185, 0.000172
2955, 0.000205, 0.000115, 0.000106
2956, 0.000206, 0.000153, 0.000142
2957, 0.000200, 0.000151, 0.000140
2958, 0.000199, 0.000119, 0.000109
2959, 0.000203, 0.000173, 0.000161
2960, 0.000202, 0.000129, 0.000118
2961, 0.000200, 0.000128, 0.000119
2962, 0.000200, 0.000187, 0.000176
2963, 0.000205, 0.000105, 0.000096
2964, 0.000210, 0.000193, 0.000181
2965, 0.000206, 0.000131, 0.000121
2966, 0.000197, 0.000115, 0.000105
2967, 0.000204, 0.000223, 0.000210
2968, 0.000217, 0.000096, 0.000087
2969, 0.000220, 0.000209, 0.000194
2970, 0.000211, 0.000128, 0.000117
2971, 0.000201, 0.000126, 0.000115
2972, 0.000198, 0.000186, 0.000174
2973, 0.000204, 0.000108, 0.000100
2974, 0.000209, 0.000178, 0.000166
2975, 0.000203, 0.000122, 0.000113
2976, 0.000196, 0.000132, 0.000123
2977, 0.000196, 0.000177, 0.000166
2978, 0.000200, 0.000102, 0.000094
2979, 0.000206, 0.000200, 0.000188
2980, 0.000205, 0.000116, 0.000106
2981, 0.000199, 0.000126, 0.000117
2982, 0.000195, 0.000201, 0.000188
2983, 0.000205, 0.000097, 0.000088
2984, 0.000212, 0.000193, 0.000181
2985, 0.000203, 0.000127, 0.000117
2986, 0.000194, 0.000111, 0.000101
2987, 0.000197, 0.000200, 0.000187
2988, 0.000204, 0.000106, 0.000096
2989, 0.000197, 0.000151, 0.000139
2990, 0.000194, 0.000145, 0.000134
2991, 0.000193, 0.000120, 0.000110
2992, 0.000193, 0.000151, 0.000140
2993, 0.000193, 0.000132, 0.000122
2994, 0.000192, 0.000132, 0.000121
2995, 0.000193, 0.000149, 0.000138
2996, 0.000192, 0.000121, 0.000112
2997, 0.000193, 0.000146, 0.000136
2998, 0.000192, 0.000138, 0.000128
2999, 0.000189, 0.000120, 0.000111
3000, 0.000191, 0.000161, 0.000150
3001, 0.000193, 0.000114, 0.000104
3002, 0.000194, 0.000146, 0.000135
3003, 0.000189, 0.000151, 0.000140
3004, 0.000189, 0.000107, 0.000098
3005, 0.000194, 0.000191, 0.000179
3006, 0.000199, 0.000105, 0.000096
3007, 0.000197, 0.000150, 0.000139
3008, 0.000191, 0.000144, 0.000134
3009, 0.000190, 0.000115, 0.000105
3010, 0.000191, 0.000158, 0.000147
3011, 0.000190, 0.000124, 0.000114
3012, 0.000187, 0.000124, 0.000114
3013, 0.000189, 0.000159, 0.000148
3014, 0.000190, 0.000115, 0.000105
3015, 0.000189, 0.000144, 0.000133
3016, 0.000187, 0.000147, 0.000136
3017, 0.000187, 0.000120, 0.000110
3018, 0.000187, 0.000144, 0.000132
3019, 0.000186, 0.000128, 0.000118
3020, 0.000186, 0.000137, 0.000127
3021, 0.000186, 0.000129, 0.000120
3022, 0.000185, 0.000140, 0.000131
3023, 0.000185, 0.000123, 0.000114
3024, 0.000187, 0.000135, 0.000126
3025, 0.000185, 0.000126, 0.000117
3026, 0.000185, 0.000149, 0.000140
3027, 0.000186, 0.000111, 0.000103
3028, 0.000187, 0.000159, 0.000149
3029, 0.000186, 0.000125, 0.000115
3030, 0.000185, 0.000134, 0.000125
3031, 0.000185, 0.000143, 0.000132
3032, 0.000182, 0.000120, 0.000110
3033, 0.000184, 0.000151, 0.000141
3034, 0.000187, 0.000122, 0.000112
3035, 0.000185, 0.000149, 0.000139
3036, 0.000184, 0.000117, 0.000108
3037, 0.000186, 0.000140, 0.000130
3038, 0.000185, 0.000134, 0.000124
3039, 0.000181, 0.000119, 0.000111
3040, 0.000184, 0.000160, 0.000150
3041, 0.000185, 0.000103, 0.000096
3042, 0.000187, 0.000175, 0.000166
3043, 0.000187, 0.000109, 0.000101
3044, 0.000184, 0.000135, 0.000127
3045, 0.000181, 0.000152, 0.000143
3046, 0.000181, 0.000098, 0.000090
3047, 0.000189, 0.000196, 0.000183
3048, 0.000191, 0.000099, 0.000091
3049, 0.000187, 0.000163, 0.000152
3050, 0.000182, 0.000127, 0.000118
3051, 0.000181, 0.000120, 0.000112
3052, 0.000181, 0.000163, 0.000153
3053, 0.000185, 0.000094, 0.000087
3054, 0.000188, 0.000203, 0.000191
3055, 0.000192, 0.000093, 0.000086
3056, 0.000188, 0.000161, 0.000152
3057, 0.000182, 0.000136, 0.000127
3058, 0.000176, 0.000098, 0.000091
3059, 0.000186, 0.000208, 0.000197
3060, 0.000194, 0.000086, 0.000079
3061, 0.000194, 0.000188, 0.000178
3062, 0.000188, 0.000112, 0.000103
3063, 0.000179, 0.000121, 0.000112
3064, 0.000177, 0.000165, 0.000155
3065, 0.000184, 0.000090, 0.000082
3066, 0.000191, 0.000196, 0.000186
3067, 0.000189, 0.000099, 0.000092
3068, 0.000182, 0.000124, 0.000115
3069, 0.000176, 0.000175, 0.000164
3070, 0.000183, 0.000092, 0.000084
3071, 0.000185, 0.000184, 0.000173
3072, 0.000186, 0.000095, 0.000087
3073, 0.000185, 0.000154, 0.000144
3074, 0.000177, 0.000120, 0.000111
3075, 0.000176, 0.000121, 0.000112
3076, 0.000176, 0.000146, 0.000136
3077, 0.000176, 0.000102, 0.000094
3078, 0.000179, 0.000152, 0.000142
3079, 0.000179, 0.000106, 0.000098
3080, 0.000177, 0.000138, 0.000128
3081, 0.000175, 0.000125, 0.000117
3082, 0.000174, 0.000110, 0.000102
3083, 0.000173, 0.000154, 0.000144
3084, 0.000176, 0.000104, 0.000096
3085, 0.000176, 0.000145, 0.000135
3086, 0.000175, 0.000116, 0.000107
3087, 0.000172, 0.000115, 0.000107
3088, 0.000172, 0.000152, 0.000142
3089, 0.000176, 0.000103, 0.000096
3090, 0.000175, 0.000156, 0.000147
3091, 0.000178, 0.000096, 0.000089
3092, 0.000178, 0.000165, 0.000156
3093, 0.000177, 0.000103, 0.000096
3094, 0.000174, 0.000135, 0.000127
3095, 0.000173, 0.000135, 0.000126
3096, 0.000173, 0.000100, 0.000092
3097, 0.000173, 0.000166, 0.000156
3098, 0.000177, 0.000094, 0.000087
3099, 0.000176, 0.000147, 0.000137
3100, 0.000173, 0.000117, 0.000109
3101, 0.000170, 0.000118, 0.000110
3102, 0.000170, 0.000139, 0.000130
3103, 0.000169, 0.000110, 0.000103
3104, 0.000170, 0.000140, 0.000132
3105, 0.000171, 0.000112, 0.000104
3106, 0.000171, 0.000144, 0.000134
3107, 0.000169, 0.000107, 0.000099
3108, 0.000171, 0.000139, 0.000130
3109, 0.000169, 0.000118, 0.000110
3110, 0.000168, 0.000118, 0.000109
3111, 0.000167, 0.000129, 0.000120
3112, 0.000171, 0.000106, 0.000098
3113, 0.000170, 0.000148, 0.000138
3114, 0.000170, 0.000108, 0.000100
3115, 0.000171, 0.000141, 0.000131
3116, 0.000169, 0.000107, 0.000099
3117, 0.000168, 0.000147, 0.000138
3118, 0.000170, 0.000100, 0.000093
3119, 0.000170, 0.000142, 0.000133
3120, 0.000169, 0.000112, 0.000104
3121, 0.000168, 0.000117, 0.000109
3122, 0.000168, 0.000137, 0.000128
3123, 0.000169, 0.000101, 0.000093
3124, 0.000169, 0.000153, 0.000143
3125, 0.000170, 0.000097, 0.000089
3126, 0.000169, 0.000143, 0.000134
3127, 0.000167, 0.000127, 0.000118
3128, 0.000165, 0.000109, 0.000101
3129, 0.000168, 0.000168, 0.000158
3130, 0.000174, 0.000084, 0.000077
3131, 0.000176, 0.000190, 0.000179
3132, 0.000177, 0.000088, 0.000081
3133, 0.000172, 0.000150, 0.000141
3134, 0.000169, 0.000116, 0.000108
3135, 0.000164, 0.000097, 0.000090
3136, 0.000164, 0.000161, 0.000152
3137, 0.000171, 0.000085, 0.000079
3138, 0.000172, 0.000173, 0.000164
3139, 0.000172, 0.000093, 0.000086
3140, 0.000169, 0.000142, 0.000134
3141, 0.000164, 0.000111, 0.000103
3142, 0.000163, 0.000116, 0.000108
3143, 0.000164, 0.000141, 0.000132
3144, 0.000164, 0.000093, 0.000086
3145, 0.000168, 0.000166, 0.000157
3146, 0.000169, 0.000084, 0.000079
3147, 0.000170, 0.000160, 0.000152
3148, 0.000166, 0.000099, 0.000093
3149, 0.000165, 0.000115, 0.000107
3150, 0.000162, 0.000143, 0.000134
3151, 0.000164, 0.000096, 0.000088
3152, 0.000165, 0.000144, 0.000134
3153, 0.000163, 0.000109, 0.000101
3154, 0.000161, 0.000128, 0.000120
3155, 0.000160, 0.000111, 0.000103
3156, 0.000161, 0.000118, 0.000110
3157, 0.000160, 0.000129, 0.000121
3158, 0.000163, 0.000107, 0.000100
3159, 0.000161, 0.000121, 0.000113
3160, 0.000162, 0.000117, 0.000110
3161, 0.000160, 0.000110, 0.000103
3162, 0.000161, 0.000112, 0.000105
3163, 0.000161, 0.000150, 0.000142
3164, 0.000163, 0.000082, 0.000076
3165, 0.000172, 0.000214, 0.000204
3166, 0.000183, 0.000069, 0.000064
3167, 0.000192, 0.000241, 0.000229
3168, 0.000193, 0.000070, 0.000065
3169, 0.000183, 0.000174, 0.000162
3170, 0.000171, 0.000100, 0.000092
3171, 0.000162, 0.000098, 0.000090
3172, 0.000159, 0.000156, 0.000147
3173, 0.000165, 0.000087, 0.000082
3174, 0.000170, 0.000152, 0.000144
3175, 0.000164, 0.000111, 0.000105
3176, 0.000157, 0.000091, 0.000086
3177, 0.000163, 0.000162, 0.000153
3178, 0.000167, 0.000085, 0.000080
3179, 0.000167, 0.000141, 0.000133
3180, 0.000161, 0.000102, 0.000094
3181, 0.000162, 0.000115, 0.000108
3182, 0.000161, 0.000121, 0.000113
3183, 0.000156, 0.000099, 0.000092
3184, 0.000159, 0.000138, 0.000130
3185, 0.000162, 0.000099, 0.000092
3186, 0.000160, 0.000129, 0.000120
3187, 0.000157, 0.000123, 0.000114
3188, 0.000158, 0.000088, 0.000081
3189, 0.000163, 0.000177, 0.000167
3190, 0.000168, 0.000077, 0.000072
3191, 0.000165, 0.000138, 0.000129
3192, 0.000158, 0.000115, 0.000108
3193, 0.000156, 0.000090, 0.000084
3194, 0.000160, 0.000145, 0.000137
3195, 0.000160, 0.000089, 0.000084
3196, 0.000160, 0.000134, 0.000127
3197, 0.000160, 0.000104, 0.000098
3198, 0.000156, 0.000111, 0.000104
3199, 0.000154, 0.000121, 0.000112
3200, 0.000157, 0.000101, 0.000095
3201, 0.000156, 0.000128, 0.000119
3202, 0.000155, 0.000090, 0.000083
3203, 0.000156, 0.000140, 0.000131
3204, 0.000157, 0.000092, 0.000085
3205, 0.000157, 0.000129, 0.000121
3206, 0.000157, 0.000105, 0.000098
3207, 0.000154, 0.000105, 0.000098
3208, 0.000156, 0.000138, 0.000131
3209, 0.000157, 0.000082, 0.000077
3210, 0.000158, 0.000151, 0.000143
3211, 0.000159, 0.000089, 0.000084
3212, 0.000157, 0.000121, 0.000113
3213, 0.000153, 0.000116, 0.000109
3214, 0.000153, 0.000089, 0.000083
3215, 0.000154, 0.000143, 0.000135
3216, 0.000156, 0.000088, 0.000082
3217, 0.000154, 0.000128, 0.000121
3218, 0.000154, 0.000108, 0.000102
3219, 0.000150, 0.000098, 0.000093
3220, 0.000152, 0.000136, 0.000128
3221, 0.000152, 0.000086, 0.000081
3222, 0.000154, 0.000141, 0.000134
3223, 0.000154, 0.000096, 0.000090
3224, 0.000151, 0.000105, 0.000098
3225, 0.000151, 0.000136, 0.000129
3226, 0.000153, 0.000084, 0.000078
3227, 0.000153, 0.000136, 0.000128
3228, 0.000152, 0.000099, 0.000093
3229, 0.000151, 0.000106, 0.000099
3230, 0.000151, 0.000118, 0.000111
3231, 0.000150, 0.000104, 0.000098
3232, 0.000149, 0.000114, 0.000107
3233, 0.000147, 0.000102, 0.000096
3234, 0.000149, 0.000123, 0.000117
3235, 0.000150, 0.000090, 0.000085
3236, 0.000150, 0.000132, 0.000125
3237, 0.000152, 0.000086, 0.000080
3238, 0.000152, 0.000131, 0.000124
3239, 0.000150, 0.000101, 0.000094
3240, 0.000148, 0.000103, 0.000097
3241, 0.000148, 0.000121, 0.000114
3242, 0.000148, 0.000102, 0.000096
3243, 0.000147, 0.000110, 0.000104
3244, 0.000149, 0.000108, 0.000101
3245, 0.000148, 0.000117, 0.000110
3246, 0.000148, 0.000091, 0.000085
3247, 0.000149, 0.000125, 0.000118
3248, 0.000149, 0.000093, 0.000088
3249, 0.000148, 0.000120, 0.000115
3250, 0.000148, 0.000111, 0.000105
3251, 0.000148, 0.000103, 0.000097
3252, 0.000146, 0.000117, 0.000109
3253, 0.000146, 0.000101, 0.000094
3254, 0.000147, 0.000109, 0.000101
3255, 0.000146, 0.000120, 0.000112
3256, 0.000147, 0.000089, 0.000083
3257, 0.000149, 0.000137, 0.000129
3258, 0.000150, 0.000082, 0.000077
3259, 0.000151, 0.000146, 0.000138
3260, 0.000150, 0.000081, 0.000075
3261, 0.000151, 0.000148, 0.000139
3262, 0.000151, 0.000079, 0.000074
3263, 0.000149, 0.000146, 0.000138
3264, 0.000150, 0.000084, 0.000078
3265, 0.000150, 0.000155, 0.000146
3266, 0.000153, 0.000075, 0.000069
3267, 0.000153, 0.000157, 0.000149
3268, 0.000154, 0.000075, 0.000069
3269, 0.000152, 0.000141, 0.000133
3270, 0.000149, 0.000092, 0.000086
3271, 0.000146, 0.000108, 0.000101
3272, 0.000145, 0.000123, 0.000116
3273, 0.000146, 0.000093, 0.000088
3274, 0.000144, 0.000114, 0.000107
3275, 0.000146, 0.000107, 0.000101
3276, 0.000148, 0.000098, 0.000091
3277, 0.000145, 0.000120, 0.000111
3278, 0.000144, 0.000104, 0.000097
3279, 0.000150, 0.000123, 0.000114
3280, 0.000147, 0.000091, 0.000086
3281, 0.000146, 0.000129, 0.000121
3282, 0.000146, 0.000090, 0.000084
3283, 0.000145, 0.000120, 0.000114
3284, 0.000147, 0.000101, 0.000094
3285, 0.000146, 0.000107, 0.000101
3286, 0.000143, 0.000109, 0.000103
3287, 0.000143, 0.000103, 0.000096
3288, 0.000145, 0.000110, 0.000103
3289, 0.000145, 0.000093, 0.000087
3290, 0.000143, 0.000120, 0.000112
3291, 0.000144, 0.000086, 0.000081
3292, 0.000147, 0.000141, 0.000132
3293, 0.000147, 0.000077, 0.000072
3294, 0.000146, 0.000144, 0.000135
3295, 0.000147, 0.000079, 0.000073
3296, 0.000148, 0.000163, 0.000154
3297, 0.000154, 0.000066, 0.000060
3298, 0.000159, 0.000200, 0.000190
3299, 0.000163, 0.000059, 0.000055
3300, 0.000167, 0.000190, 0.000181
3301, 0.000160, 0.000074, 0.000069
3302, 0.000145, 0.000101, 0.000094
3303, 0.000140, 0.000144, 0.000136
3304, 0.000149, 0.000066, 0.000062
3305, 0.000156, 0.000203, 0.000192
3306, 0.000165, 0.000059, 0.000055
3307, 0.000167, 0.000197, 0.000187
3308, 0.000163, 0.000068, 0.000063
3309, 0.000150, 0.000111, 0.000105
3310, 0.000142, 0.000138, 0.000131
3311, 0.000146, 0.000056, 0.000052
3312, 0.000166, 0.000246, 0.000234
3313, 0.000186, 0.000057, 0.000054
3314, 0.000181, 0.000201, 0.000191
3315, 0.000164, 0.000077, 0.000071
3316, 0.000144, 0.000086, 0.000080
3317, 0.000140, 0.000160, 0.000153
3318, 0.000152, 0.000059, 0.000055
3319, 0.000159, 0.000164, 0.000157
3320, 0.000151, 0.000087, 0.000082
3321, 0.000139, 0.000075, 0.000071
3322, 0.000143, 0.000154, 0.000145
3323, 0.000150, 0.000068, 0.000063
3324, 0.000147, 0.000118, 0.000109
3325, 0.000141, 0.000106, 0.000098
3326, 0.000139, 0.000074, 0.000069
3327, 0.000141, 0.000139, 0.000131
3328, 0.000145, 0.000071, 0.000066
3329, 0.000145, 0.000122, 0.000116
3330, 0.000141, 0.000084, 0.000079
3331, 0.000140, 0.000093, 0.000087
3332, 0.000138, 0.000119, 0.000113
3333, 0.000141, 0.000071, 0.000067
3334, 0.000144, 0.000122, 0.000114
3335, 0.000140, 0.000094, 0.000089
3336, 0.000138, 0.000077, 0.000072
3337, 0.000141, 0.000137, 0.000130
3338, 0.000143, 0.000066, 0.000061
3339, 0.000147, 0.000135, 0.000128
3340, 0.000141, 0.000091, 0.000086
3341, 0.000137, 0.000082, 0.000077
3342, 0.000138, 0.000112, 0.000106
3343, 0.000139, 0.000079, 0.000074
3344, 0.000136, 0.000104, 0.000097
3345, 0.000137, 0.000089, 0.000083
3346, 0.000137, 0.000090, 0.000085
3347, 0.000137, 0.000116, 0.000110
3348, 0.000137, 0.000079, 0.000075
3349, 0.000138, 0.000098, 0.000094
3350, 0.000136, 0.000107, 0.000101
3351, 0.000137, 0.000080, 0.000075
3352, 0.000138, 0.000117, 0.000110
3353, 0.000137, 0.000089, 0.000082
3354, 0.000134, 0.000086, 0.000080
3355, 0.000136, 0.000107, 0.000100
3356, 0.000137, 0.000079, 0.000074
3357, 0.000136, 0.000114, 0.000107
3358, 0.000137, 0.000085, 0.000079
3359, 0.000137, 0.000101, 0.000095
3360, 0.000135, 0.000096, 0.000090
3361, 0.000135, 0.000085, 0.000079
3362, 0.000137, 0.000101, 0.000095
3363, 0.000135, 0.000093, 0.000087
3364, 0.000134, 0.000090, 0.000085
3365, 0.000136, 0.000109, 0.000104
3366, 0.000137, 0.000075, 0.000070
3367, 0.000136, 0.000119, 0.000111
3368, 0.000137, 0.000092, 0.000086
3369, 0.000134, 0.000083, 0.000077
3370, 0.000134, 0.000122, 0.000115
3371, 0.000138, 0.000065, 0.000061
3372, 0.000140, 0.000133, 0.000127
3373, 0.000140, 0.000070, 0.000067
3374, 0.000137, 0.000106, 0.000101
3375, 0.000134, 0.000093, 0.000088
3376, 0.000133, 0.000087, 0.000081
3377, 0.000132, 0.000099, 0.000093
3378, 0.000133, 0.000095, 0.000089
3379, 0.000135, 0.000099, 0.000092
3380, 0.000133, 0.000089, 0.000083
3381, 0.000133, 0.000098, 0.000092
3382, 0.000134, 0.000092, 0.000087
3383, 0.000132, 0.000078, 0.000074
3384, 0.000134, 0.000119, 0.000113
3385, 0.000134, 0.000068, 0.000063
3386, 0.000138, 0.000124, 0.000116
3387, 0.000136, 0.000078, 0.000072
3388, 0.000133, 0.000111, 0.000104
3389, 0.000132, 0.000102, 0.000096
3390, 0.000133, 0.000072, 0.000067
3391, 0.000134, 0.000134, 0.000127
3392, 0.000138, 0.000066, 0.000062
3393, 0.000137, 0.000125, 0.000119
3394, 0.000137, 0.000083, 0.000078
3395, 0.000131, 0.000079, 0.000074
3396, 0.000132, 0.000137, 0.000131
3397, 0.000139, 0.000059, 0.000055
3398, 0.000146, 0.000160, 0.000152
3399, 0.000146, 0.000067, 0.000063
3400, 0.000142, 0.000120, 0.000114
3401, 0.000134, 0.000092, 0.000088
3402, 0.000134, 0.000083, 0.000078
3403, 0.000135, 0.000138, 0.000132
3404, 0.000140, 0.000055, 0.000053
3405, 0.000155, 0.000193, 0.000184
3406, 0.000162, 0.000057, 0.000055
3407, 0.000154, 0.000152, 0.000143
3408, 0.000144, 0.000071, 0.000067
3409, 0.000134, 0.000084, 0.000079
3410, 0.000130, 0.000124, 0.000117
3411, 0.000134, 0.000063, 0.000059
3412, 0.000136, 0.000116, 0.000109
3413, 0.000132, 0.000087, 0.000081
3414, 0.000129, 0.000073, 0.000069
3415, 0.000134, 0.000127, 0.000119
3416, 0.000135, 0.000062, 0.000058
3417, 0.000136, 0.000115, 0.000109
3418, 0.000133, 0.000089, 0.000083
3419, 0.000130, 0.000070, 0.000065
3420, 0.000131, 0.000133, 0.000125
3421, 0.000136, 0.000062, 0.000058
3422, 0.000134, 0.000096, 0.000090
3423, 0.000130, 0.000099, 0.000093
3424, 0.000129, 0.000071, 0.000066
3425, 0.000132, 0.000119, 0.000113
3426, 0.000133, 0.000074, 0.000069
3427, 0.000129, 0.000087, 0.000081
3428, 0.000128, 0.000110, 0.000104
3429, 0.000131, 0.000062, 0.000058
3430, 0.000136, 0.000143, 0.000136
3431, 0.000139, 0.000059, 0.000055
3432, 0.000137, 0.000120, 0.000113
3433, 0.000131, 0.000081, 0.000076
3434, 0.000129, 0.000074, 0.000068
3435, 0.000131, 0.000127, 0.000120
3436, 0.000135, 0.000058, 0.000054
3437, 0.000137, 0.000134, 0.000128
3438, 0.000136, 0.000070, 0.000066
3439, 0.000131, 0.000080, 0.000076
3440, 0.000130, 0.000126, 0.000119
3441, 0.000133, 0.000057, 0.000054
3442, 0.000140, 0.000149, 0.000139
3443, 0.000140, 0.000067, 0.000063
3444, 0.000131, 0.000083, 0.000076
3445, 0.000128, 0.000129, 0.000121
3446, 0.000132, 0.000055, 0.000052
3447, 0.000138, 0.000137, 0.000129
3448, 0.000137, 0.000069, 0.000064
3449, 0.000130, 0.000086, 0.000081
3450, 0.000126, 0.000107, 0.000100
3451, 0.000128, 0.000066, 0.000061
3452, 0.000130, 0.000113, 0.000106
3453, 0.000129, 0.000081, 0.000075
3454, 0.000126, 0.000073, 0.000068
3455, 0.000128, 0.000118, 0.000111
3456, 0.000131, 0.000060, 0.000056
3457, 0.000135, 0.000133, 0.000125
3458, 0.000135, 0.000066, 0.000061
3459, 0.000130, 0.000095, 0.000088
3460, 0.000128, 0.000097, 0.000090
3461, 0.000126, 0.000066, 0.000061
3462, 0.000130, 0.000128, 0.000121
3463, 0.000133, 0.000064, 0.000059
3464, 0.000132, 0.000105, 0.000100
3465, 0.000127, 0.000090, 0.000085
3466, 0.000124, 0.000067, 0.000062
3467, 0.000130, 0.000131, 0.000124
3468, 0.000135, 0.000057, 0.000052
3469, 0.000134, 0.000119, 0.000111
3470, 0.000130, 0.000085, 0.000080
3471, 0.000126, 0.000070, 0.000065
3472, 0.000130, 0.000128, 0.000120
3473, 0.000132, 0.000060, 0.000057
3474, 0.000134, 0.000122, 0.000114
3475, 0.000132, 0.000066, 0.000062
3476, 0.000126, 0.000080, 0.000074
3477, 0.000124, 0.000116, 0.000109
3478, 0.000128, 0.000057, 0.000053
3479, 0.000134, 0.000140, 0.000132
3480, 0.000136, 0.000059, 0.000055
3481, 0.000131, 0.000098, 0.000092
3482, 0.000124, 0.000093, 0.000087
3483, 0.000123, 0.000058, 0.000054
3484, 0.000133, 0.000159, 0.000149
3485, 0.000141, 0.000053, 0.000049
3486, 0.000139, 0.000120, 0.000113
3487, 0.000129, 0.000087, 0.000080
3488, 0.000125, 0.000058, 0.000054
3489, 0.000129, 0.000153, 0.000145
3490, 0.000141, 0.000053, 0.000049
3491, 0.000140, 0.000121, 0.000114
3492, 0.000130, 0.000079, 0.000074
3493, 0.000123, 0.000060, 0.000056
3494, 0.000128, 0.000159, 0.000150
3495, 0.000144, 0.000054, 0.000050
3496, 0.000148, 0.000142, 0.000134
3497, 0.000136, 0.000070, 0.000065
3498, 0.000123, 0.000066, 0.000061
3499, 0.000126, 0.000139, 0.000131
3500, 0.000137, 0.000056, 0.000052
3501, 0.000132, 0.000099, 0.000093
3502, 0.000125, 0.000088, 0.000082
3503, 0.000124, 0.000057, 0.000052
3504, 0.000131, 0.000148, 0.000139
3505, 0.000137, 0.000057, 0.000053
3506, 0.000129, 0.000088, 0.000081
3507, 0.000122, 0.000114, 0.000107
3508, 0.000130, 0.000056, 0.000052
3509, 0.000131, 0.000115, 0.000108
3510, 0.000129, 0.000069, 0.000065
3511, 0.000125, 0.000070, 0.000064
3512, 0.000121, 0.000108, 0.000101
3513, 0.000127, 0.000056, 0.000053
3514, 0.000132, 0.000117, 0.000109
3515, 0.000129, 0.000066, 0.000062
3516, 0.000124, 0.000076, 0.000070
3517, 0.000120, 0.000118, 0.000109
3518, 0.000126, 0.000057, 0.000053
3519, 0.000131, 0.000116, 0.000107
3520, 0.000128, 0.000073, 0.000067
3521, 0.000120, 0.000064, 0.000060
3522, 0.000125, 0.000116, 0.000109
3523, 0.000128, 0.000062, 0.000059
3524, 0.000125, 0.000078, 0.000074
3525, 0.000121, 0.000102, 0.000097
3526, 0.000124, 0.000062, 0.000059
3527, 0.000126, 0.000107, 0.000099
3528, 0.000126, 0.000075, 0.000069
3529, 0.000119, 0.000078, 0.000073
3530, 0.000121, 0.000091, 0.000084
3531, 0.000123, 0.000067, 0.000063
3532, 0.000120, 0.000084, 0.000079
3533, 0.000121, 0.000084, 0.000079
3534, 0.000122, 0.000067, 0.000063
3535, 0.000123, 0.000112, 0.000104
3536, 0.000124, 0.000069, 0.000063
3537, 0.000123, 0.000088, 0.000081
3538, 0.000122, 0.000089, 0.000082
3539, 0.000121, 0.000069, 0.000065
3540, 0.000122, 0.000092, 0.000088
3541, 0.000123, 0.000076, 0.000072
3542, 0.000123, 0.000078, 0.000076
3543, 0.000124, 0.000093, 0.000088
3544, 0.000119, 0.000073, 0.000068
3545, 0.000119, 0.000078, 0.000074
3546, 0.000123, 0.000094, 0.000088
3547, 0.000120, 0.000058, 0.000053
3548, 0.000123, 0.000104, 0.000097
3549, 0.000122, 0.000082, 0.000075
3550, 0.000120, 0.000063, 0.000058
3551, 0.000123, 0.000138, 0.000129
3552, 0.000130, 0.000056, 0.000052
3553, 0.000129, 0.000111, 0.000104
3554, 0.000122, 0.000075, 0.000070
3555, 0.000119, 0.000063, 0.000059
3556, 0.000120, 0.000123, 0.000116
3557, 0.000129, 0.000050, 0.000046
3558, 0.000134, 0.000119, 0.000113
3559, 0.000127, 0.000064, 0.000061
3560, 0.000119, 0.000070, 0.000065
3561, 0.000119, 0.000126, 0.000120
3562, 0.000126, 0.000054, 0.000052
3563, 0.000128, 0.000107, 0.000101
3564, 0.000124, 0.000070, 0.000066
3565, 0.000119, 0.000067, 0.000063
3566, 0.000119, 0.000106, 0.000099
3567, 0.000122, 0.000057, 0.000054
3568, 0.000125, 0.000108, 0.000101
3569, 0.000122, 0.000066, 0.000062
3570, 0.000117, 0.000071, 0.000067
3571, 0.000117, 0.000092, 0.000087
3572, 0.000119, 0.000064, 0.000060
3573, 0.000118, 0.000085, 0.000081
3574, 0.000118, 0.000071, 0.000066
3575, 0.000118, 0.000084, 0.000080
3576, 0.000117, 0.000074, 0.000070
3577, 0.000117, 0.000070, 0.000066
3578, 0.000117, 0.000083, 0.000078
3579, 0.000118, 0.000070, 0.000065
3580, 0.000119, 0.000078, 0.000073
3581, 0.000117, 0.000083, 0.000078
3582, 0.000118, 0.000066, 0.000062
3583, 0.000117, 0.000091, 0.000087
3584, 0.000117, 0.000070, 0.000065
3585, 0.000118, 0.000083, 0.000078
3586, 0.000117, 0.000067, 0.000062
3587, 0.000118, 0.000091, 0.000084
3588, 0.000118, 0.000064, 0.000059
3589, 0.000117, 0.000093, 0.000086
3590, 0.000118, 0.000071, 0.000066
3591, 0.000115, 0.000066, 0.000062
3592, 0.000118, 0.000113, 0.000107
3593, 0.000123, 0.000050, 0.000048
3594, 0.000128, 0.000126, 0.000122
3595, 0.000126, 0.000057, 0.000055
3596, 0.000120, 0.000084, 0.000080
3597, 0.000116, 0.000090, 0.000085
3598, 0.000117, 0.000058, 0.000054
3599, 0.000121, 0.000108, 0.000101
3600, 0.000122, 0.000059, 0.000054
3601, 0.000117, 0.000086, 0.000079
3602, 0.000117, 0.000080, 0.000074
3603, 0.000115, 0.000060, 0.000055
3604, 0.000117, 0.000101, 0.000095
3605, 0.000119, 0.000063, 0.000058
3606, 0.000117, 0.000077, 0.000071
3607, 0.000114, 0.000101, 0.000094
3608, 0.000118, 0.000054, 0.000049
3609, 0.000128, 0.000140, 0.000132
3610, 0.000131, 0.000052, 0.000048
3611, 0.000126, 0.000110, 0.000102
3612, 0.000120, 0.000067, 0.000064
3613, 0.000115, 0.000061, 0.000057
3614, 0.000116, 0.000114, 0.000108
3615, 0.000122, 0.000049, 0.000047
3616, 0.000127, 0.000124, 0.000118
3617, 0.000125, 0.000055, 0.000052
3618, 0.000120, 0.000077, 0.000072
3619, 0.000114, 0.000097, 0.000089
3620, 0.000117, 0.000052, 0.000048
3621, 0.000125, 0.000131, 0.000121
3622, 0.000127, 0.000054, 0.000050
3623, 0.000121, 0.000088, 0.000083
3624, 0.000114, 0.000079, 0.000074
3625, 0.000113, 0.000060, 0.000056
3626, 0.000116, 0.000101, 0.000095
3627, 0.000118, 0.000058, 0.000054
3628, 0.000117, 0.000080, 0.000073
3629, 0.000113, 0.000081, 0.000075
3630, 0.000114, 0.000055, 0.000051
3631, 0.000117, 0.000113, 0.000106
3632, 0.000121, 0.000054, 0.000051
3633, 0.000119, 0.000083, 0.000077
3634, 0.000116, 0.000079, 0.000074
3635, 0.000113, 0.000055, 0.000051
3636, 0.000116, 0.000105, 0.000098
3637, 0.000119, 0.000054, 0.000051
3638, 0.000121, 0.000096, 0.000089
3639, 0.000116, 0.000066, 0.000062
3640, 0.000112, 0.000060, 0.000056
3641, 0.000113, 0.000097, 0.000091
3642, 0.000115, 0.000059, 0.000055
3643, 0.000116, 0.000083, 0.000077
3644, 0.000113, 0.000070, 0.000065
3645, 0.000113, 0.000063, 0.000059
3646, 0.000113, 0.000084, 0.000079
3647, 0.000113, 0.000054, 0.000052
3648, 0.000116, 0.000103, 0.000096
3649, 0.000116, 0.000058, 0.000055
3650, 0.000114, 0.000077, 0.000072
3651, 0.000112, 0.000084, 0.000078
3652, 0.000112, 0.000057, 0.000054
3653, 0.000115, 0.000098, 0.000092
3654, 0.000115, 0.000059, 0.000055
3655, 0.000113, 0.000072, 0.000068
3656, 0.000111, 0.000080, 0.000076
3657, 0.000112, 0.000061, 0.000057
3658, 0.000113, 0.000082, 0.000077
3659, 0.000111, 0.000066, 0.000062
3660, 0.000111, 0.000078, 0.000072
3661, 0.000112, 0.000062, 0.000058
3662, 0.000113, 0.000089, 0.000084
3663, 0.000114, 0.000060, 0.000056
3664, 0.000114, 0.000082, 0.000076
3665, 0.000112, 0.000066, 0.000062
3666, 0.000112, 0.000076, 0.000070
3667, 0.000113, 0.000071, 0.000067
3668, 0.000112, 0.000076, 0.000071
3669, 0.000111, 0.000065, 0.000061
3670, 0.000111, 0.000077, 0.000073
3671, 0.000110, 0.000070, 0.000066
3672, 0.000112, 0.000068, 0.000064
3673, 0.000112, 0.000077, 0.000072
3674, 0.000112, 0.000064, 0.000060
3675, 0.000113, 0.000079, 0.000074
3676, 0.000112, 0.000061, 0.000057
3677, 0.000111, 0.000083, 0.000078
3678, 0.000111, 0.000067, 0.000063
3679, 0.000110, 0.000063, 0.000060
3680, 0.000111, 0.000101, 0.000096
3681, 0.000116, 0.000049, 0.000046
3682, 0.000121, 0.000124, 0.000119
3683, 0.000121, 0.000053, 0.000050
3684, 0.000116, 0.000079, 0.000076
3685, 0.000111, 0.000073, 0.000069
3686, 0.000112, 0.000065, 0.000062
3687, 0.000110, 0.000077, 0.000074
3688, 0.000108, 0.000066, 0.000062
3689, 0.000111, 0.000086, 0.000082
3690, 0.000112, 0.000057, 0.000054
3691, 0.000115, 0.000094, 0.000089
3692, 0.000113, 0.000057, 0.000054
3693, 0.000111, 0.000088, 0.000084
3694, 0.000113, 0.000057, 0.000054
3695, 0.000116, 0.000093, 0.000087
3696, 0.000113, 0.000057, 0.000053
3697, 0.000111, 0.000075, 0.000070
3698, 0.000112, 0.000087, 0.000080
3699, 0.000110, 0.000057, 0.000054
3700, 0.000111, 0.000090, 0.000085
3701, 0.000113, 0.000060, 0.000057
3702, 0.000111, 0.000080, 0.000077
3703, 0.000111, 0.000062, 0.000059
3704, 0.000111, 0.000072, 0.000069
3705, 0.000109, 0.000075, 0.000072
3706, 0.000108, 0.000059, 0.000055
3707, 0.000111, 0.000080, 0.000076
3708, 0.000110, 0.000066, 0.000061
3709, 0.000110, 0.000073, 0.000068
3710, 0.000108, 0.000075, 0.000071
3711, 0.000108, 0.000061, 0.000057
3712, 0.000110, 0.000092, 0.000087
3713, 0.000112, 0.000050, 0.000047
3714, 0.000120, 0.000136, 0.000129
3715, 0.000126, 0.000047, 0.000045
3716, 0.000127, 0.000128, 0.000121
3717, 0.000123, 0.000050, 0.000048
3718, 0.000115, 0.000075, 0.000071
3719, 0.000109, 0.000091, 0.000085
3720, 0.000110, 0.000050, 0.000047
3721, 0.000117, 0.000123, 0.000116
3722, 0.000121, 0.000053, 0.000049
3723, 0.000116, 0.000085, 0.000080
3724, 0.000109, 0.000074, 0.000070
3725, 0.000109, 0.000052, 0.000049
3726, 0.000113, 0.000108, 0.000103
3727, 0.000116, 0.000050, 0.000046
3728, 0.000117, 0.000094, 0.000089
3729, 0.000111, 0.000063, 0.000059
3730, 0.000107, 0.000063, 0.000058
3731, 0.000108, 0.000092, 0.000087
3732, 0.000113, 0.000053, 0.000049
3733, 0.000119, 0.000110, 0.000103
3734, 0.000118, 0.000052, 0.000050
3735, 0.000112, 0.000080, 0.000074
3736, 0.000110, 0.000078, 0.000075
3737, 0.000112, 0.000061, 0.000056
3738, 0.000111, 0.000094, 0.000087
3739, 0.000112, 0.000053, 0.000051
3740, 0.000115, 0.000117, 0.000109
3741, 0.000122, 0.000056, 0.000055
3742, 0.000124, 0.000106, 0.000100
3743, 0.000116, 0.000055, 0.000052
3744, 0.000107, 0.000062, 0.000058
3745, 0.000107, 0.000096, 0.000090
3746, 0.000114, 0.000049, 0.000047
3747, 0.000118, 0.000108, 0.000103
3748, 0.000116, 0.000054, 0.000051
3749, 0.000113, 0.000080, 0.000077
3750, 0.000110, 0.000071, 0.000067
3751, 0.000108, 0.000059, 0.000055
3752, 0.000107, 0.000085, 0.000079
3753, 0.000108, 0.000058, 0.000054
3754, 0.000108, 0.000078, 0.000073
3755, 0.000107, 0.000065, 0.000061
3756, 0.000105, 0.000059, 0.000055
3757, 0.000107, 0.000094, 0.000089
3758, 0.000112, 0.000049, 0.000046
3759, 0.000115, 0.000110, 0.000105
3760, 0.000118, 0.000051, 0.000048
3761, 0.000111, 0.000079, 0.000075
3762, 0.000107, 0.000069, 0.000065
3763, 0.000106, 0.000054, 0.000051
3764, 0.000108, 0.000098, 0.000091
3765, 0.000112, 0.000051, 0.000048
3766, 0.000113, 0.000097, 0.000090
3767, 0.000111, 0.000052, 0.000048
3768, 0.000112, 0.000085, 0.000080
3769, 0.000110, 0.000057, 0.000052
3770, 0.000108, 0.000072, 0.000068
3771, 0.000106, 0.000072, 0.000067
3772, 0.000107, 0.000056, 0.000052
3773, 0.000109, 0.000081, 0.000076
3774, 0.000108, 0.000057, 0.000053
3775, 0.000108, 0.000067, 0.000064
3776, 0.000104, 0.000073, 0.000069
3777, 0.000105, 0.000052, 0.000050
3778, 0.000106, 0.000084, 0.000079
3779, 0.000108, 0.000056, 0.000052
3780, 0.000107, 0.000074, 0.000068
3781, 0.000105, 0.000061, 0.000057
3782, 0.000104, 0.000066, 0.000062
3783, 0.000104, 0.000063, 0.000059
3784, 0.000104, 0.000072, 0.000068
3785, 0.000105, 0.000054, 0.000051
3786, 0.000106, 0.000079, 0.000075
3787, 0.000106, 0.000053, 0.000050
3788, 0.000105, 0.000070, 0.000066
3789, 0.000104, 0.000063, 0.000059
3790, 0.000104, 0.000059, 0.000056
3791, 0.000105, 0.000084, 0.000080
3792, 0.000109, 0.000050, 0.000047
3793, 0.000116, 0.000122, 0.000117
3794, 0.000121, 0.000048, 0.000046
3795, 0.000116, 0.000092, 0.000086
3796, 0.000109, 0.000059, 0.000056
3797, 0.000104, 0.000054, 0.000051
3798, 0.000106, 0.000084, 0.000079
3799, 0.000108, 0.000052, 0.000049
3800, 0.000107, 0.000075, 0.000071
3801, 0.000104, 0.000065, 0.000062
3802, 0.000103, 0.000055, 0.000051
3803, 0.000105, 0.000079, 0.000075
3804, 0.000104, 0.000054, 0.000051
3805, 0.000107, 0.000079, 0.000075
3806, 0.000107, 0.000058, 0.000055
3807, 0.000104, 0.000060, 0.000056
3808, 0.000104, 0.000074, 0.000070
3809, 0.000105, 0.000052, 0.000050
3810, 0.000106, 0.000090, 0.000085
3811, 0.000108, 0.000050, 0.000048
3812, 0.000111, 0.000103, 0.000097
3813, 0.000111, 0.000048, 0.000045
3814, 0.000113, 0.000091, 0.000086
3815, 0.000110, 0.000062, 0.000058
3816, 0.000103, 0.000053, 0.000049
3817, 0.000104, 0.000104, 0.000098
3818, 0.000113, 0.000049, 0.000046
3819, 0.000115, 0.000100, 0.000095
3820, 0.000113, 0.000048, 0.000045
3821, 0.000105, 0.000064, 0.000061
3822, 0.000102, 0.000078, 0.000074
3823, 0.000106, 0.000049, 0.000046
3824, 0.000110, 0.000099, 0.000093
3825, 0.000110, 0.000050, 0.000048
3826, 0.000110, 0.000086, 0.000079
3827, 0.000107, 0.000054, 0.000051
3828, 0.000105, 0.000067, 0.000062
3829, 0.000103, 0.000064, 0.000060
3830, 0.000103, 0.000055, 0.000052
3831, 0.000104, 0.000083, 0.000078
3832, 0.000105, 0.000051, 0.000047
3833, 0.000106, 0.000081, 0.000077
3834, 0.000105, 0.000051, 0.000048
3835, 0.000106, 0.000072, 0.000067
3836, 0.000104, 0.000060, 0.000057
3837, 0.000102, 0.000058, 0.000054
3838, 0.000101, 0.000066, 0.000061
3839, 0.000102, 0.000061, 0.000056
3840, 0.000101, 0.000065, 0.000060
3841, 0.000100, 0.000056, 0.000052
3842, 0.000101, 0.000068, 0.000064
3843, 0.000101, 0.000060, 0.000057
3844, 0.000101, 0.000059, 0.000056
3845, 0.000103, 0.000067, 0.000064
3846, 0.000102, 0.000062, 0.000059
3847, 0.000102, 0.000059, 0.000055
3848, 0.000101, 0.000067, 0.000063
3849, 0.000101, 0.000056, 0.000054
3850, 0.000102, 0.000071, 0.000067
3851, 0.000103, 0.000048, 0.000046
3852, 0.000104, 0.000086, 0.000081
3853, 0.000106, 0.000050, 0.000047
3854, 0.000105, 0.000071, 0.000067
3855, 0.000103, 0.000057, 0.000053
3856, 0.000101, 0.000063, 0.000059
3857, 0.000100, 0.000067, 0.000064
3858, 0.000101, 0.000054, 0.000051
3859, 0.000104, 0.000085, 0.000080
3860, 0.000105, 0.000050, 0.000047
3861, 0.000106, 0.000082, 0.000076
3862, 0.000104, 0.000054, 0.000051
3863, 0.000101, 0.000056, 0.000053
3864, 0.000101, 0.000078, 0.000074
3865, 0.000102, 0.000049, 0.000048
3866, 0.000107, 0.000092, 0.000085
3867, 0.000108, 0.000049, 0.000046
3868, 0.000103, 0.000067, 0.000063
3869, 0.000102, 0.000072, 0.000067
3870, 0.000102, 0.000048, 0.000047
3871, 0.000114, 0.000129, 0.000122
3872, 0.000125, 0.000052, 0.000050
3873, 0.000127, 0.000117, 0.000111
3874, 0.000121, 0.000048, 0.000045
3875, 0.000107, 0.000065, 0.000060
3876, 0.000099, 0.000078, 0.000073
3877, 0.000103, 0.000050, 0.000048
3878, 0.000113, 0.000119, 0.000112
3879, 0.000120, 0.000047, 0.000045
3880, 0.000111, 0.000077, 0.000071
3881, 0.000102, 0.000061, 0.000058
3882, 0.000101, 0.000051, 0.000048
3883, 0.000103, 0.000088, 0.000084
3884, 0.000107, 0.000048, 0.000047
3885, 0.000108, 0.000083, 0.000078
3886, 0.000104, 0.000060, 0.000058
3887, 0.000099, 0.000049, 0.000046
3888, 0.000103, 0.000097, 0.000092
3889, 0.000110, 0.000048, 0.000046
3890, 0.000111, 0.000088, 0.000082
3891, 0.000104, 0.000059, 0.000056
3892, 0.000099, 0.000048, 0.000046
3893, 0.000104, 0.000095, 0.000090
3894, 0.000110, 0.000048, 0.000047
3895, 0.000111, 0.000090, 0.000084
3896, 0.000106, 0.000051, 0.000048
3897, 0.000100, 0.000057, 0.000053
3898, 0.000098, 0.000063, 0.000059
3899, 0.000099, 0.000051, 0.000048
3900, 0.000099, 0.000064, 0.000060
3901, 0.000099, 0.000064, 0.000060
3902, 0.000097, 0.000049, 0.000046
3903, 0.000102, 0.000086, 0.000081
3904, 0.000105, 0.000048, 0.000046
3905, 0.000104, 0.000077, 0.000072
3906, 0.000101, 0.000056, 0.000053
3907, 0.000099, 0.000050, 0.000047
3908, 0.000100, 0.000083, 0.000078
3909, 0.000104, 0.000048, 0.000045
3910, 0.000105, 0.000072, 0.000066
3911, 0.000100, 0.000059, 0.000055
3912, 0.000098, 0.000052, 0.000049
3913, 0.000099, 0.000076, 0.000071
3914, 0.000100, 0.000053, 0.000051
3915, 0.000099, 0.000059, 0.000056
3916, 0.000097, 0.000058, 0.000055
3917, 0.000098, 0.000053, 0.000050
3918, 0.000099, 0.000063, 0.000059
3919, 0.000098, 0.000057, 0.000054
3920, 0.000098, 0.000059, 0.000055
3921, 0.000097, 0.000063, 0.000059
3922, 0.000097, 0.000051, 0.000049
3923, 0.000100, 0.000073, 0.000068
3924, 0.000100, 0.000048, 0.000045
3925, 0.000100, 0.000066, 0.000061
3926, 0.000098, 0.000053, 0.000049
3927, 0.000097, 0.000055, 0.000051
3928, 0.000097, 0.000064, 0.000059
3929, 0.000097, 0.000052, 0.000049
3930, 0.000098, 0.000066, 0.000062
3931, 0.000097, 0.000058, 0.000055
3932, 0.000097, 0.000052, 0.000048
3933, 0.000098, 0.000085, 0.000079
3934, 0.000104, 0.000047, 0.000045
3935, 0.000108, 0.000097, 0.000091
3936, 0.000109, 0.000048, 0.000045
3937, 0.000105, 0.000070, 0.000067
3938, 0.000100, 0.000062, 0.000058
3939, 0.000097, 0.000048, 0.000046
3940, 0.000103, 0.000101, 0.000096
3941, 0.000112, 0.000051, 0.000048
3942, 0.000116, 0.000101, 0.000096
3943, 0.000112, 0.000049, 0.000046
3944, 0.000101, 0.000059, 0.000054
3945, 0.000096, 0.000074, 0.000069
3946, 0.000101, 0.000048, 0.000045
3947, 0.000102, 0.000076, 0.000071
3948, 0.000099, 0.000050, 0.000048
3949, 0.000099, 0.000065, 0.000061
3950, 0.000098, 0.000055, 0.000052
3951, 0.000096, 0.000059, 0.000055
3952, 0.000096, 0.000058, 0.000053
3953, 0.000096, 0.000055, 0.000051
3954, 0.000096, 0.000053, 0.000049
3955, 0.000096, 0.000063, 0.000059
3956, 0.000096, 0.000057, 0.000054
3957, 0.000096, 0.000055, 0.000053
3958, 0.000096, 0.000058, 0.000056
3959, 0.000095, 0.000055, 0.000053
3960, 0.000096, 0.000054, 0.000051
3961, 0.000095, 0.000058, 0.000055
3962, 0.000095, 0.000056, 0.000053
3963, 0.000096, 0.000054, 0.000051
3964, 0.000096, 0.000062, 0.000059
3965, 0.000097, 0.000051, 0.000049
3966, 0.000096, 0.000068, 0.000063
3967, 0.000098, 0.000051, 0.000049
3968, 0.000098, 0.000072, 0.000066
3969, 0.000098, 0.000052, 0.000048
3970, 0.000098, 0.000060, 0.000056
3971, 0.000097, 0.000061, 0.000057
3972, 0.000097, 0.000051, 0.000049
3973, 0.000097, 0.000069, 0.000065
3974, 0.000096, 0.000052, 0.000049
3975, 0.000099, 0.000067, 0.000064
3976, 0.000099, 0.000056, 0.000053
3977, 0.000096, 0.000057, 0.000054
3978, 0.000094, 0.000070, 0.000067
3979, 0.000098, 0.000048, 0.000046
3980, 0.000102, 0.000086, 0.000081
3981, 0.000104, 0.000047, 0.000045
3982, 0.000100, 0.000071, 0.000067
3983, 0.000099, 0.000057, 0.000055
3984, 0.000098, 0.000049, 0.000046
3985, 0.000098, 0.000081, 0.000076
3986, 0.000100, 0.000050, 0.000049
3987, 0.000101, 0.000073, 0.000068
3988, 0.000101, 0.000053, 0.000051
3989, 0.000095, 0.000056, 0.000052
3990, 0.000095, 0.000070, 0.000066
3991, 0.000097, 0.000050, 0.000049
3992, 0.000100, 0.000071, 0.000067
3993, 0.000097, 0.000048, 0.000046
3994, 0.000097, 0.000067, 0.000064
3995, 0.000097, 0.000056, 0.000052
3996, 0.000094, 0.000054, 0.000052
3997, 0.000094, 0.000070, 0.000067
3998, 0.000095, 0.000048, 0.000047
3999, 0.000099, 0.000086, 0.000082
4000, 0.000105, 0.000047, 0.000046
4001, 0.000107, 0.000092, 0.000087
4002, 0.000104, 0.000046, 0.000044
4003, 0.000101, 0.000067, 0.000062
4004, 0.000096, 0.000056, 0.000053
4005, 0.000094, 0.000049, 0.000048
4006, 0.000095, 0.000086, 0.000082
4007, 0.000102, 0.000047, 0.000047
4008, 0.000103, 0.000079, 0.000075
4009, 0.000100, 0.000048, 0.000045
4010, 0.000097, 0.000064, 0.000060
4011, 0.000094, 0.000056, 0.000052
4012, 0.000093, 0.000048, 0.000045
4013, 0.000094, 0.000076, 0.000071
4014, 0.000097, 0.000046, 0.000045
4015, 0.000100, 0.000075, 0.000071
4016, 0.000098, 0.000049, 0.000048
4017, 0.000095, 0.000056, 0.000054
4018, 0.000093, 0.000065, 0.000061
4019, 0.000094, 0.000046, 0.000045
4020, 0.000100, 0.000085, 0.000080
4021, 0.000104, 0.000047, 0.000045
4022, 0.000103, 0.000079, 0.000074
4023, 0.000100, 0.000048, 0.000045
4024, 0.000096, 0.000057, 0.000053
4025, 0.000093, 0.000060, 0.000057
4026, 0.000093, 0.000051, 0.000048
4027, 0.000094, 0.000066, 0.000062
4028, 0.000094, 0.000050, 0.000048
4029, 0.000096, 0.000064, 0.000060
4030, 0.000095, 0.000050, 0.000048
4031, 0.000093, 0.000058, 0.000055
4032, 0.000092, 0.000052, 0.000050
4033, 0.000093, 0.000057, 0.000054
4034, 0.000093, 0.000054, 0.000050
4035, 0.000092, 0.000059, 0.000055
4036, 0.000093, 0.000049, 0.000047
4037, 0.000094, 0.000063, 0.000059
4038, 0.000093, 0.000050, 0.000047
4039, 0.000093, 0.000053, 0.000049
4040, 0.000092, 0.000057, 0.000053
4041, 0.000093, 0.000051, 0.000047
4042, 0.000092, 0.000053, 0.000050
4043, 0.000092, 0.000061, 0.000057
4044, 0.000092, 0.000048, 0.000046
4045, 0.000094, 0.000064, 0.000060
4046, 0.000094, 0.000049, 0.000047
4047, 0.000095, 0.000068, 0.000064
4048, 0.000094, 0.000049, 0.000046
4049, 0.000095, 0.000061, 0.000058
4050, 0.000092, 0.000055, 0.000052
4051, 0.000092, 0.000049, 0.000047
4052, 0.000094, 0.000068, 0.000065
4053, 0.000096, 0.000047, 0.000045
4054, 0.000101, 0.000090, 0.000085
4055, 0.000106, 0.000051, 0.000048
4056, 0.000106, 0.000085, 0.000079
4057, 0.000103, 0.000049, 0.000048
4058, 0.000100, 0.000073, 0.000068
4059, 0.000098, 0.000050, 0.000049
4060, 0.000092, 0.000048, 0.000046
4061, 0.000091, 0.000079, 0.000074
4062, 0.000099, 0.000051, 0.000050
4063, 0.000105, 0.000089, 0.000083
4064, 0.000105, 0.000047, 0.000045
4065, 0.000100, 0.000066, 0.000063
4066, 0.000094, 0.000052, 0.000049
4067, 0.000093, 0.000049, 0.000047
4068, 0.000092, 0.000071, 0.000067
4069, 0.000096, 0.000051, 0.000048
4070, 0.000100, 0.000078, 0.000073
4071, 0.000099, 0.000047, 0.000044
4072, 0.000092, 0.000054, 0.000051
4073, 0.000091, 0.000064, 0.000062
4074, 0.000095, 0.000046, 0.000045
4075, 0.000097, 0.000075, 0.000072
4076, 0.000098, 0.000047, 0.000046
4077, 0.000098, 0.000070, 0.000066
4078, 0.000096, 0.000048, 0.000047
4079, 0.000092, 0.000054, 0.000052
4080, 0.000090, 0.000055, 0.000052
4081, 0.000092, 0.000050, 0.000049
4082, 0.000092, 0.000054, 0.000051
4083, 0.000090, 0.000050, 0.000048
4084, 0.000090, 0.000056, 0.000054
4085, 0.000091, 0.000055, 0.000052
4086, 0.000093, 0.000054, 0.000052
4087, 0.000090, 0.000051, 0.000048
4088, 0.000090, 0.000051, 0.000048
4089, 0.000092, 0.000063, 0.000059
4090, 0.000093, 0.000047, 0.000045
4091, 0.000093, 0.000067, 0.000063
4092, 0.000093, 0.000047, 0.000045
4093, 0.000092, 0.000056, 0.000053
4094, 0.000089, 0.000052, 0.000049
4095, 0.000090, 0.000049, 0.000046
4096, 0.000089, 0.000053, 0.000050
4097, 0.000090, 0.000049, 0.000047
4098, 0.000090, 0.000055, 0.000053
4099, 0.000089, 0.000055, 0.000051
4100, 0.000089, 0.000049, 0.000047
4101, 0.000090, 0.000060, 0.000056
4102, 0.000091, 0.000049, 0.000046
4103, 0.000091, 0.000062, 0.000058
4104, 0.000091, 0.000049, 0.000046
4105, 0.000092, 0.000063, 0.000059
4106, 0.000092, 0.000046, 0.000045
4107, 0.000093, 0.000065, 0.000062
4108, 0.000093, 0.000046, 0.000045
4109, 0.000092, 0.000061, 0.000057
4110, 0.000091, 0.000048, 0.000045
4111, 0.000091, 0.000054, 0.000051
4112, 0.000090, 0.000051, 0.000048
4113, 0.000089, 0.000054, 0.000052
4114, 0.000089, 0.000054, 0.000052
4115, 0.000090, 0.000049, 0.000047
4116, 0.000090, 0.000056, 0.000053
4117, 0.000090, 0.000047, 0.000045
4118, 0.000090, 0.000055, 0.000052
4119, 0.000090, 0.000052, 0.000050
4120, 0.000090, 0.000050, 0.000047
4121, 0.000090, 0.000061, 0.000059
4122, 0.000091, 0.000045, 0.000044
4123, 0.000093, 0.000068, 0.000064
4124, 0.000093, 0.000048, 0.000047
4125, 0.000094, 0.000065, 0.000061
4126, 0.000092, 0.000051, 0.000048
4127, 0.000089, 0.000051, 0.000049
4128, 0.000091, 0.000061, 0.000058
4129, 0.000092, 0.000046, 0.000046
4130, 0.000092, 0.000071, 0.000069
4131, 0.000095, 0.000051, 0.000050
4132, 0.000096, 0.000072, 0.000068
4133, 0.000094, 0.000047, 0.000046
4134, 0.000092, 0.000060, 0.000056
4135, 0.000091, 0.000050, 0.000048
4136, 0.000089, 0.000046, 0.000045
4137, 0.000089, 0.000070, 0.000067
4138, 0.000095, 0.000048, 0.000048
4139, 0.000099, 0.000084, 0.000080
4140, 0.000101, 0.000049, 0.000048
4141, 0.000099, 0.000075, 0.000071
4142, 0.000096, 0.000048, 0.000047
4143, 0.000093, 0.000054, 0.000051
4144, 0.000089, 0.000055, 0.000052
4145, 0.000088, 0.000046, 0.000045
4146, 0.000093, 0.000072, 0.000068
4147, 0.000097, 0.000049, 0.000048
4148, 0.000098, 0.000080, 0.000074
4149, 0.000098, 0.000049, 0.000048
4150, 0.000094, 0.000059, 0.000055
4151, 0.000091, 0.000060, 0.000057
4152, 0.000089, 0.000048, 0.000046
4153, 0.000094, 0.000081, 0.000076
4154, 0.000100, 0.000049, 0.000048
4155, 0.000098, 0.000068, 0.000064
4156, 0.000092, 0.000047, 0.000045
4157, 0.000088, 0.000048, 0.000047
4158, 0.000089, 0.000066, 0.000063
4159, 0.000093, 0.000048, 0.000047
4160, 0.000094, 0.000074, 0.000070
4161, 0.000096, 0.000051, 0.000049
4162, 0.000096, 0.000060, 0.000058
4163, 0.000090, 0.000049, 0.000047
4164, 0.000086, 0.000048, 0.000047
4165, 0.000088, 0.000065, 0.000062
4166, 0.000093, 0.000049, 0.000047
4167, 0.000095, 0.000075, 0.000071
4168, 0.000096, 0.000049, 0.000047
4169, 0.000093, 0.000060, 0.000056
4170, 0.000089, 0.000050, 0.000048
4171, 0.000088, 0.000048, 0.000046
4172, 0.000090, 0.000073, 0.000069
4173, 0.000095, 0.000048, 0.000047
4174, 0.000099, 0.000075, 0.000070
4175, 0.000096, 0.000047, 0.000046
4176, 0.000091, 0.000052, 0.000050
4177, 0.000088, 0.000052, 0.000050
4178, 0.000086, 0.000045, 0.000044
4179, 0.000091, 0.000071, 0.000067
4180, 0.000096, 0.000051, 0.000050
4181, 0.000098, 0.000076, 0.000073
4182, 0.000097, 0.000048, 0.000046
4183, 0.000093, 0.000054, 0.000052
4184, 0.000088, 0.000050, 0.000047
4185, 0.000086, 0.000047, 0.000044
4186, 0.000087, 0.000056, 0.000053
4187, 0.000087, 0.000047, 0.000045
4188, 0.000087, 0.000053, 0.000050
4189, 0.000086, 0.000051, 0.000050
4190, 0.000086, 0.000047, 0.000046
4191, 0.000087, 0.000063, 0.000062
4192, 0.000092, 0.000049, 0.000048
4193, 0.000094, 0.000060, 0.000058
4194, 0.000090, 0.000047, 0.000045
4195, 0.000085, 0.000049, 0.000047
4196, 0.000087, 0.000059, 0.000057
4197, 0.000090, 0.000047, 0.000046
4198, 0.000090, 0.000059, 0.000056
4199, 0.000087, 0.000047, 0.000046
4200, 0.000086, 0.000047, 0.000046
4201, 0.000086, 0.000062, 0.000059
4202, 0.000089, 0.000047, 0.000046
4203, 0.000094, 0.000068, 0.000064
4204, 0.000094, 0.000049, 0.000047
4205, 0.000093, 0.000054, 0.000051
4206, 0.000088, 0.000052, 0.000048
4207, 0.000087, 0.000047, 0.000045
4208, 0.000087, 0.000058, 0.000055
4209, 0.000088, 0.000050, 0.000047
4210, 0.000088, 0.000054, 0.000052
4211, 0.000087, 0.000050, 0.000048
4212, 0.000085, 0.000047, 0.000045
4213, 0.000088, 0.000060, 0.000058
4214, 0.000091, 0.000048, 0.000046
4215, 0.000089, 0.000056, 0.000053
4216, 0.000086, 0.000049, 0.000048
4217, 0.000086, 0.000051, 0.000048
4218, 0.000086, 0.000052, 0.000050
4219, 0.000085, 0.000047, 0.000046
4220, 0.000087, 0.000058, 0.000055
4221, 0.000087, 0.000047, 0.000046
4222, 0.000087, 0.000049, 0.000047
4223, 0.000085, 0.000052, 0.000049
4224, 0.000085, 0.000046, 0.000045
4225, 0.000089, 0.000064, 0.000061
4226, 0.000091, 0.000048, 0.000047
4227, 0.000088, 0.000058, 0.000055
4228, 0.000086, 0.000050, 0.000048
4229, 0.000085, 0.000049, 0.000048
4230, 0.000084, 0.000052, 0.000049
4231, 0.000084, 0.000047, 0.000045
4232, 0.000085, 0.000048, 0.000047
4233, 0.000084, 0.000049, 0.000047
4234, 0.000085, 0.000050, 0.000049
4235, 0.000085, 0.000047, 0.000046
4236, 0.000083, 0.000046, 0.000044
4237, 0.000085, 0.000061, 0.000059
4238, 0.000090, 0.000050, 0.000048
4239, 0.000091, 0.000068, 0.000064
4240, 0.000089, 0.000047, 0.000047
4241, 0.000086, 0.000049, 0.000047
4242, 0.000085, 0.000060, 0.000057
4243, 0.000088, 0.000050, 0.000049
4244, 0.000095, 0.000081, 0.000076
4245, 0.000099, 0.000051, 0.000051
4246, 0.000096, 0.000065, 0.000063
4247, 0.000091, 0.000047, 0.000046
4248, 0.000086, 0.000046, 0.000045
4249, 0.000086, 0.000060, 0.000057
4250, 0.000088, 0.000048, 0.000047
4251, 0.000089, 0.000063, 0.000059
4252, 0.000090, 0.000052, 0.000050
4253, 0.000087, 0.000053, 0.000051
4254, 0.000085, 0.000049, 0.000048
4255, 0.000085, 0.000052, 0.000050
4256, 0.000085, 0.000050, 0.000048
4257, 0.000084, 0.000048, 0.000046
4258, 0.000084, 0.000054, 0.000051
4259, 0.000085, 0.000047, 0.000045
4260, 0.000085, 0.000056, 0.000054
4261, 0.000086, 0.000049, 0.000048
4262, 0.000086, 0.000050, 0.000050
4263, 0.000084, 0.000052, 0.000051
4264, 0.000084, 0.000049, 0.000047
4265, 0.000088, 0.000066, 0.000063
4266, 0.000092, 0.000051, 0.000048
4267, 0.000091, 0.000060, 0.000057
4268, 0.000086, 0.000048, 0.000047
4269, 0.000085, 0.000054, 0.000052
4270, 0.000087, 0.000050, 0.000050
4271, 0.000086, 0.000048, 0.000047
4272, 0.000084, 0.000052, 0.000049
4273, 0.000083, 0.000047, 0.000046
4274, 0.000085, 0.000053, 0.000050
4275, 0.000084, 0.000048, 0.000046
4276, 0.000082, 0.000049, 0.000048
4277, 0.000083, 0.000055, 0.000052
4278, 0.000084, 0.000047, 0.000047
4279, 0.000084, 0.000060, 0.000058
4280, 0.000086, 0.000049, 0.000048
4281, 0.000088, 0.000062, 0.000059
4282, 0.000088, 0.000047, 0.000046
4283, 0.000085, 0.000052, 0.000050
4284, 0.000083, 0.000047, 0.000046
4285, 0.000083, 0.000047, 0.000046
4286, 0.000083, 0.000051, 0.000050
4287, 0.000083, 0.000047, 0.000046
4288, 0.000083, 0.000056, 0.000053
4289, 0.000084, 0.000047, 0.000045
4290, 0.000084, 0.000052, 0.000049
4291, 0.000084, 0.000045, 0.000043
4292, 0.000083, 0.000048, 0.000046
4293, 0.000082, 0.000049, 0.000047
4294, 0.000083, 0.000048, 0.000046
4295, 0.000082, 0.000050, 0.000047
4296, 0.000083, 0.000053, 0.000049
4297, 0.000083, 0.000050, 0.000047
4298, 0.000083, 0.000049, 0.000046
4299, 0.000082, 0.000049, 0.000047
4300, 0.000082, 0.000050, 0.000048
4301, 0.000082, 0.000046, 0.000045
4302, 0.000083, 0.000056, 0.000054
4303, 0.000085, 0.000047, 0.000046
4304, 0.000088, 0.000062, 0.000060
4305, 0.000087, 0.000049, 0.000048
4306, 0.000087, 0.000063, 0.000060
4307, 0.000087, 0.000048, 0.000046
4308, 0.000085, 0.000058, 0.000055
4309, 0.000086, 0.000049, 0.000047
4310, 0.000084, 0.000051, 0.000050
4311, 0.000082, 0.000050, 0.000049
4312, 0.000083, 0.000046, 0.000047
4313, 0.000085, 0.000064, 0.000062
4314, 0.000090, 0.000053, 0.000052
4315, 0.000095, 0.000080, 0.000077
4316, 0.000103, 0.000065, 0.000065
4317, 0.000110, 0.000111, 0.000105
4318, 0.000120, 0.000076, 0.000077
4319, 0.000119, 0.000097, 0.000092
4320, 0.000109, 0.000051, 0.000050
4321, 0.000090, 0.000046, 0.000044
4322, 0.000081, 0.000073, 0.000067
4323, 0.000095, 0.000065, 0.000065
4324, 0.000107, 0.000089, 0.000083
4325, 0.000107, 0.000056, 0.000056
4326, 0.000094, 0.000054, 0.000053
4327, 0.000085, 0.000054, 0.000052
4328, 0.000082, 0.000052, 0.000052
4329, 0.000090, 0.000071, 0.000067
4330, 0.000096, 0.000053, 0.000052
4331, 0.000091, 0.000054, 0.000051
4332, 0.000084, 0.000048, 0.000047
4333, 0.000081, 0.000050, 0.000049
4334, 0.000088, 0.000073, 0.000070
4335, 0.000096, 0.000060, 0.000060
4336, 0.000098, 0.000070, 0.000065
4337, 0.000092, 0.000047, 0.000045
4338, 0.000083, 0.000047, 0.000045
4339, 0.000084, 0.000072, 0.000068
4340, 0.000093, 0.000053, 0.000053
4341, 0.000093, 0.000055, 0.000054
4342, 0.000084, 0.000047, 0.000045
4343, 0.000081, 0.000046, 0.000046
4344, 0.000084, 0.000064, 0.000060
4345, 0.000087, 0.000050, 0.000049
4346, 0.000088, 0.000052, 0.000049
4347, 0.000082, 0.000047, 0.000045
4348, 0.000081, 0.000047, 0.000046
4349, 0.000080, 0.000051, 0.000050
4350, 0.000083, 0.000048, 0.000047
4351, 0.000083, 0.000050, 0.000048
4352, 0.000081, 0.000044, 0.000043
4353, 0.000080, 0.000046, 0.000044
4354, 0.000081, 0.000046, 0.000045
4355, 0.000080, 0.000050, 0.000048
4356, 0.000081, 0.000049, 0.000047
4357, 0.000081, 0.000049, 0.000047
4358, 0.000080, 0.000049, 0.000048
4359, 0.000082, 0.000048, 0.000046
4360, 0.000082, 0.000049, 0.000048
4361, 0.000082, 0.000046, 0.000045
4362, 0.000082, 0.000051, 0.000049
4363, 0.000081, 0.000047, 0.000045
4364, 0.000080, 0.000046, 0.000044
4365, 0.000081, 0.000051, 0.000049
4366, 0.000080, 0.000047, 0.000047
4367, 0.000081, 0.000050, 0.000048
4368, 0.000082, 0.000047, 0.000046
4369, 0.000080, 0.000048, 0.000047
4370, 0.000080, 0.000049, 0.000047
4371, 0.000080, 0.000046, 0.000045
4372, 0.000080, 0.000048, 0.000046
4373, 0.000080, 0.000049, 0.000047
4374, 0.000082, 0.000051, 0.000049
4375, 0.000082, 0.000047, 0.000047
4376, 0.000082, 0.000050, 0.000049
4377, 0.000080, 0.000046, 0.000045
4378, 0.000079, 0.000047, 0.000047
4379, 0.000081, 0.000053, 0.000050
4380, 0.000081, 0.000047, 0.000046
4381, 0.000083, 0.000058, 0.000055
4382, 0.000085, 0.000048, 0.000047
4383, 0.000084, 0.000050, 0.000047
4384, 0.000080, 0.000049, 0.000048
4385, 0.000081, 0.000048, 0.000047
4386, 0.000082, 0.000056, 0.000053
4387, 0.000082, 0.000049, 0.000049
4388, 0.000083, 0.000048, 0.000046
4389, 0.000080, 0.000046, 0.000045
4390, 0.000079, 0.000046, 0.000046
4391, 0.000081, 0.000050, 0.000048
4392, 0.000080, 0.000046, 0.000045
4393, 0.000080, 0.000048, 0.000047
4394, 0.000079, 0.000047, 0.000045
4395, 0.000079, 0.000047, 0.000045
4396, 0.000079, 0.000049, 0.000048
4397, 0.000080, 0.000047, 0.000046
4398, 0.000080, 0.000047, 0.000046
4399, 0.000079, 0.000050, 0.000049
4400, 0.000081, 0.000049, 0.000048
4401, 0.000081, 0.000046, 0.000045
4402, 0.000079, 0.000047, 0.000046
4403, 0.000080, 0.000048, 0.000047
4404, 0.000081, 0.000050, 0.000048
4405, 0.000080, 0.000047, 0.000046
4406, 0.000078, 0.000049, 0.000047
4407, 0.000080, 0.000049, 0.000048
4408, 0.000080, 0.000050, 0.000049
4409, 0.000079, 0.000048, 0.000047
4410, 0.000079, 0.000050, 0.000048
4411, 0.000079, 0.000047, 0.000047
4412, 0.000079, 0.000048, 0.000047
4413, 0.000079, 0.000050, 0.000049
4414, 0.000079, 0.000046, 0.000046
4415, 0.000081, 0.000052, 0.000050
4416, 0.000082, 0.000048, 0.000048
4417, 0.000080, 0.000048, 0.000046
4418, 0.000079, 0.000057, 0.000054
4419, 0.000083, 0.000054, 0.000055
4420, 0.000088, 0.000069, 0.000067
4421, 0.000090, 0.000055, 0.000056
4422, 0.000089, 0.000056, 0.000055
4423, 0.000084, 0.000047, 0.000045
4424, 0.000078, 0.000051, 0.000050
4425, 0.000084, 0.000076, 0.000072
4426, 0.000101, 0.000074, 0.000074
4427, 0.000106, 0.000076, 0.000072
4428, 0.000096, 0.000048, 0.000049
4429, 0.000081, 0.000048, 0.000048
4430, 0.000081, 0.000068, 0.000066
4431, 0.000091, 0.000062, 0.000061
4432, 0.000095, 0.000067, 0.000063
4433, 0.000090, 0.000050, 0.000050
4434, 0.000081, 0.000047, 0.000046
4435, 0.000078, 0.000057, 0.000054
4436, 0.000084, 0.000056, 0.000057
4437, 0.000089, 0.000062, 0.000059
4438, 0.000089, 0.000050, 0.000048
4439, 0.000082, 0.000048, 0.000046
4440, 0.000078, 0.000051, 0.000048
4441, 0.000079, 0.000051, 0.000049
4442, 0.000084, 0.000062, 0.000058
4443, 0.000087, 0.000050, 0.000050
4444, 0.000082, 0.000049, 0.000047
4445, 0.000079, 0.000051, 0.000049
4446, 0.000079, 0.000052, 0.000052
4447, 0.000086, 0.000064, 0.000061
4448, 0.000090, 0.000054, 0.000054
4449, 0.000086, 0.000051, 0.000050
4450, 0.000079, 0.000048, 0.000047
4451, 0.000078, 0.000049, 0.000049
4452, 0.000081, 0.000055, 0.000052
4453, 0.000082, 0.000048, 0.000047
4454, 0.000079, 0.000049, 0.000046
4455, 0.000077, 0.000054, 0.000051
4456, 0.000080, 0.000050, 0.000049
4457, 0.000081, 0.000055, 0.000053
4458, 0.000081, 0.000047, 0.000047
4459, 0.000078, 0.000048, 0.000048
4460, 0.000077, 0.000053, 0.000050
4461, 0.000079, 0.000048, 0.000047
4462, 0.000078, 0.000049, 0.000047
4463, 0.000079, 0.000048, 0.000047
4464, 0.000078, 0.000046, 0.000046
4465, 0.000078, 0.000048, 0.000048
4466, 0.000078, 0.000049, 0.000049
4467, 0.000079, 0.000051, 0.000050
4468, 0.000079, 0.000047, 0.000047
4469, 0.000078, 0.000051, 0.000048
4470, 0.000079, 0.000047, 0.000046
4471, 0.000079, 0.000048, 0.000046
4472, 0.000078, 0.000046, 0.000045
4473, 0.000076, 0.000046, 0.000046
4474, 0.000079, 0.000051, 0.000049
4475, 0.000078, 0.000047, 0.000046
4476, 0.000078, 0.000051, 0.000049
4477, 0.000079, 0.000051, 0.000050
4478, 0.000079, 0.000051, 0.000049
4479, 0.000078, 0.000046, 0.000045
4480, 0.000077, 0.000049, 0.000047
4481, 0.000078, 0.000048, 0.000046
4482, 0.000077, 0.000047, 0.000045
4483, 0.000076, 0.000049, 0.000046
4484, 0.000077, 0.000047, 0.000046
4485, 0.000076, 0.000047, 0.000046
4486, 0.000077, 0.000051, 0.000049
4487, 0.000077, 0.000047, 0.000047
4488, 0.000078, 0.000047, 0.000046
4489, 0.000075, 0.000047, 0.000046
4490, 0.000076, 0.000046, 0.000046
4491, 0.000078, 0.000052, 0.000049
4492, 0.000078, 0.000047, 0.000047
4493, 0.000078, 0.000049, 0.000047
4494, 0.000076, 0.000048, 0.000047
4495, 0.000076, 0.000047, 0.000047
4496, 0.000077, 0.000051, 0.000049
4497, 0.000078, 0.000049, 0.000049
4498, 0.000080, 0.000051, 0.000050
4499, 0.000080, 0.000047, 0.000047
4500, 0.000078, 0.000047, 0.000045
4501, 0.000076, 0.000048, 0.000046
4502, 0.000077, 0.000049, 0.000048
4503, 0.000078, 0.000053, 0.000050
4504, 0.000080, 0.000048, 0.000047
4505, 0.000078, 0.000049, 0.000046
4506, 0.000076, 0.000047, 0.000045
4507, 0.000078, 0.000048, 0.000047
4508, 0.000077, 0.000055, 0.000053
4509, 0.000080, 0.000053, 0.000053
4510, 0.000084, 0.000059, 0.000055
4511, 0.000083, 0.000049, 0.000049
4512, 0.000078, 0.000048, 0.000046
4513, 0.000077, 0.000054, 0.000051
4514, 0.000079, 0.000051, 0.000051
4515, 0.000080, 0.000061, 0.000058
4516, 0.000085, 0.000056, 0.000056
4517, 0.000085, 0.000052, 0.000051
4518, 0.000079, 0.000047, 0.000046
4519, 0.000077, 0.000051, 0.000049
4520, 0.000076, 0.000050, 0.000048
4521, 0.000077, 0.000050, 0.000049
4522, 0.000078, 0.000055, 0.000052
4523, 0.000079, 0.000051, 0.000051
4524, 0.000080, 0.000052, 0.000050
4525, 0.000078, 0.000047, 0.000048
4526, 0.000075, 0.000047, 0.000047
4527, 0.000074, 0.000052, 0.000050
4528, 0.000077, 0.000049, 0.000049
4529, 0.000078, 0.000048, 0.000047
4530, 0.000076, 0.000048, 0.000047
4531, 0.000075, 0.000049, 0.000049
4532, 0.000078, 0.000057, 0.000055
4533, 0.000082, 0.000053, 0.000053
4534, 0.000080, 0.000052, 0.000051
4535, 0.000078, 0.000047, 0.000047
4536, 0.000074, 0.000047, 0.000046
4537, 0.000075, 0.000048, 0.000048
4538, 0.000077, 0.000049, 0.000049
4539, 0.000079, 0.000056, 0.000054
4540, 0.000081, 0.000054, 0.000055
4541, 0.000083, 0.000058, 0.000054
4542, 0.000079, 0.000047, 0.000046
4543, 0.000076, 0.000047, 0.000046
4544, 0.000075, 0.000052, 0.000049
4545, 0.000078, 0.000050, 0.000050
4546, 0.000078, 0.000050, 0.000049
4547, 0.000076, 0.000045, 0.000045
4548, 0.000074, 0.000045, 0.000045
4549, 0.000075, 0.000048, 0.000047
4550, 0.000074, 0.000048, 0.000046
4551, 0.000073, 0.000048, 0.000047
4552, 0.000075, 0.000050, 0.000049
4553, 0.000075, 0.000048, 0.000047
4554, 0.000075, 0.000047, 0.000048
4555, 0.000077, 0.000050, 0.000049
4556, 0.000076, 0.000046, 0.000046
4557, 0.000075, 0.000048, 0.000047
4558, 0.000074, 0.000047, 0.000046
4559, 0.000074, 0.000047, 0.000046
4560, 0.000074, 0.000050, 0.000049
4561, 0.000076, 0.000046, 0.000047
4562, 0.000074, 0.000048, 0.000047
4563, 0.000075, 0.000048, 0.000047
4564, 0.000075, 0.000046, 0.000045
4565, 0.000075, 0.000049, 0.000047
4566, 0.000075, 0.000047, 0.000047
4567, 0.000075, 0.000049, 0.000048
4568, 0.000075, 0.000050, 0.000049
4569, 0.000074, 0.000049, 0.000050
4570, 0.000077, 0.000054, 0.000052
4571, 0.000079, 0.000055, 0.000055
4572, 0.000081, 0.000059, 0.000058
4573, 0.000082, 0.000049, 0.000048
4574, 0.000076, 0.000048, 0.000047
4575, 0.000073, 0.000049, 0.000050
4576, 0.000076, 0.000050, 0.000049
4577, 0.000076, 0.000050, 0.000049
4578, 0.000076, 0.000049, 0.000049
4579, 0.000076, 0.000051, 0.000048
4580, 0.000076, 0.000047, 0.000046
4581, 0.000073, 0.000047, 0.000046
4582, 0.000074, 0.000050, 0.000048
4583, 0.000075, 0.000047, 0.000048
4584, 0.000076, 0.000049, 0.000048
4585, 0.000074, 0.000046, 0.000045
4586, 0.000072, 0.000046, 0.000046
4587, 0.000073, 0.000052, 0.000051
4588, 0.000075, 0.000049, 0.000049
4589, 0.000075, 0.000047, 0.000046
4590, 0.000074, 0.000050, 0.000049
4591, 0.000074, 0.000049, 0.000048
4592, 0.000075, 0.000051, 0.000050
4593, 0.000077, 0.000050, 0.000050
4594, 0.000076, 0.000048, 0.000047
4595, 0.000074, 0.000046, 0.000046
4596, 0.000072, 0.000047, 0.000047
4597, 0.000073, 0.000049, 0.000048
4598, 0.000074, 0.000049, 0.000048
4599, 0.000073, 0.000050, 0.000048
4600, 0.000073, 0.000047, 0.000047
4601, 0.000073, 0.000047, 0.000047
4602, 0.000074, 0.000050, 0.000049
4603, 0.000075, 0.000050, 0.000051
4604, 0.000077, 0.000057, 0.000056
4605, 0.000080, 0.000055, 0.000056
4606, 0.000080, 0.000054, 0.000052
4607, 0.000077, 0.000048, 0.000047
4608, 0.000073, 0.000047, 0.000047
4609, 0.000073, 0.000056, 0.000054
4610, 0.000078, 0.000058, 0.000058
4611, 0.000085, 0.000064, 0.000062
4612, 0.000088, 0.000058, 0.000058
4613, 0.000083, 0.000051, 0.000049
4614, 0.000073, 0.000050, 0.000049
4615, 0.000073, 0.000054, 0.000054
4616, 0.000078, 0.000058, 0.000055
4617, 0.000079, 0.000054, 0.000055
4618, 0.000080, 0.000050, 0.000049
4619, 0.000075, 0.000045, 0.000045
4620, 0.000071, 0.000048, 0.000049
4621, 0.000074, 0.000055, 0.000052
4622, 0.000077, 0.000052, 0.000052
4623, 0.000078, 0.000053, 0.000050
4624, 0.000076, 0.000047, 0.000047
4625, 0.000073, 0.000047, 0.000047
4626, 0.000072, 0.000050, 0.000050
4627, 0.000074, 0.000051, 0.000052
4628, 0.000076, 0.000053, 0.000052
4629, 0.000077, 0.000048, 0.000049
4630, 0.000075, 0.000049, 0.000047
4631, 0.000074, 0.000047, 0.000046
4632, 0.000071, 0.000047, 0.000046
4633, 0.000072, 0.000048, 0.000047
4634, 0.000072, 0.000047, 0.000047
4635, 0.000072, 0.000047, 0.000046
4636, 0.000072, 0.000047, 0.000046
4637, 0.000073, 0.000047, 0.000046
4638, 0.000071, 0.000047, 0.000046
4639, 0.000073, 0.000048, 0.000047
4640, 0.000072, 0.000048, 0.000047
4641, 0.000072, 0.000049, 0.000048
4642, 0.000072, 0.000049, 0.000047
4643, 0.000073, 0.000050, 0.000048
4644, 0.000072, 0.000047, 0.000047
4645, 0.000072, 0.000046, 0.000046
4646, 0.000073, 0.000048, 0.000048
4647, 0.000073, 0.000046, 0.000046
4648, 0.000072, 0.000046, 0.000045
4649, 0.000071, 0.000049, 0.000048
4650, 0.000071, 0.000048, 0.000047
4651, 0.000073, 0.000049, 0.000048
4652, 0.000071, 0.000049, 0.000048
4653, 0.000072, 0.000050, 0.000048
4654, 0.000073, 0.000047, 0.000047
4655, 0.000074, 0.000047, 0.000046
4656, 0.000072, 0.000046, 0.000046
4657, 0.000072, 0.000047, 0.000046
4658, 0.000071, 0.000048, 0.000047
4659, 0.000072, 0.000048, 0.000047
4660, 0.000072, 0.000048, 0.000047
4661, 0.000071, 0.000047, 0.000045
4662, 0.000072, 0.000045, 0.000044
4663, 0.000071, 0.000046, 0.000045
4664, 0.000071, 0.000048, 0.000047
4665, 0.000072, 0.000047, 0.000047
4666, 0.000071, 0.000047, 0.000047
4667, 0.000071, 0.000048, 0.000047
4668, 0.000071, 0.000047, 0.000047
4669, 0.000071, 0.000048, 0.000046
4670, 0.000070, 0.000048, 0.000047
4671, 0.000071, 0.000048, 0.000047
4672, 0.000071, 0.000049, 0.000048
4673, 0.000071, 0.000046, 0.000046
4674, 0.000072, 0.000046, 0.000045
4675, 0.000071, 0.000046, 0.000046
4676, 0.000071, 0.000046, 0.000046
4677, 0.000070, 0.000048, 0.000047
4678, 0.000072, 0.000046, 0.000047
4679, 0.000071, 0.000047, 0.000046
4680, 0.000071, 0.000046, 0.000047
4681, 0.000072, 0.000047, 0.000047
4682, 0.000070, 0.000046, 0.000046
4683, 0.000070, 0.000045, 0.000045
4684, 0.000071, 0.000046, 0.000046
4685, 0.000070, 0.000047, 0.000046
4686, 0.000072, 0.000048, 0.000048
4687, 0.000072, 0.000050, 0.000050
4688, 0.000072, 0.000048, 0.000049
4689, 0.000072, 0.000049, 0.000048
4690, 0.000072, 0.000047, 0.000047
4691, 0.000072, 0.000047, 0.000047
4692, 0.000072, 0.000050, 0.000050
4693, 0.000073, 0.000050, 0.000049
4694, 0.000072, 0.000047, 0.000047
4695, 0.000072, 0.000050, 0.000048
4696, 0.000071, 0.000047, 0.000047
4697, 0.000069, 0.000048, 0.000048
4698, 0.000070, 0.000049, 0.000048
4699, 0.000070, 0.000048, 0.000048
4700, 0.000071, 0.000049, 0.000048
4701, 0.000070, 0.000047, 0.000046
4702, 0.000069, 0.000047, 0.000046
4703, 0.000070, 0.000047, 0.000046
4704, 0.000069, 0.000047, 0.000047
4705, 0.000070, 0.000047, 0.000048
4706, 0.000071, 0.000046, 0.000046
4707, 0.000070, 0.000046, 0.000046
4708, 0.000069, 0.000047, 0.000047
4709, 0.000070, 0.000048, 0.000047
4710, 0.000071, 0.000048, 0.000048
4711, 0.000071, 0.000047, 0.000046
4712, 0.000071, 0.000047, 0.000047
4713, 0.000070, 0.000048, 0.000047
4714, 0.000069, 0.000047, 0.000046
4715, 0.000070, 0.000047, 0.000046
4716, 0.000069, 0.000047, 0.000047
4717, 0.000069, 0.000047, 0.000047
4718, 0.000070, 0.000048, 0.000048
4719, 0.000070, 0.000049, 0.000048
4720, 0.000071, 0.000049, 0.000050
4721, 0.000072, 0.000056, 0.000054
4722, 0.000074, 0.000055, 0.000057
4723, 0.000078, 0.000065, 0.000062
4724, 0.000081, 0.000067, 0.000068
4725, 0.000088, 0.000076, 0.000073
4726, 0.000093, 0.000071, 0.000072
4727, 0.000091, 0.000063, 0.000062
4728, 0.000084, 0.000052, 0.000053
4729, 0.000075, 0.000049, 0.000048
4730, 0.000071, 0.000050, 0.000049
4731, 0.000072, 0.000057, 0.000057
4732, 0.000077, 0.000067, 0.000064
4733, 0.000083, 0.000058, 0.000058
4734, 0.000080, 0.000055, 0.000051
4735, 0.000075, 0.000048, 0.000047
4736, 0.000070, 0.000046, 0.000045
4737, 0.000069, 0.000047, 0.000047
4738, 0.000069, 0.000048, 0.000048
4739, 0.000069, 0.000048, 0.000048
4740, 0.000069, 0.000048, 0.000047
4741, 0.000069, 0.000046, 0.000047
4742, 0.000069, 0.000047, 0.000047
4743, 0.000069, 0.000048, 0.000048
4744, 0.000070, 0.000047, 0.000047
4745, 0.000069, 0.000046, 0.000047
4746, 0.000069, 0.000048, 0.000048
4747, 0.000070, 0.000047, 0.000048
4748, 0.000070, 0.000048, 0.000049
4749, 0.000070, 0.000049, 0.000048
4750, 0.000070, 0.000047, 0.000048
4751, 0.000071, 0.000046, 0.000045
4752, 0.000070, 0.000046, 0.000045
4753, 0.000068, 0.000047, 0.000046
4754, 0.000068, 0.000051, 0.000049
4755, 0.000070, 0.000051, 0.000052
4756, 0.000070, 0.000051, 0.000050
4757, 0.000071, 0.000051, 0.000052
4758, 0.000072, 0.000048, 0.000047
4759, 0.000070, 0.000046, 0.000046
4760, 0.000069, 0.000046, 0.000045
4761, 0.000070, 0.000045, 0.000045
4762, 0.000069, 0.000046, 0.000046
4763, 0.000067, 0.000047, 0.000048
4764, 0.000068, 0.000048, 0.000048
4765, 0.000068, 0.000049, 0.000049
4766, 0.000067, 0.000048, 0.000047
4767, 0.000068, 0.000046, 0.000046
4768, 0.000067, 0.000047, 0.000047
4769, 0.000068, 0.000047, 0.000047
4770, 0.000069, 0.000047, 0.000047
4771, 0.000069, 0.000047, 0.000047
4772, 0.000069, 0.000047, 0.000047
4773, 0.000069, 0.000047, 0.000046
4774, 0.000068, 0.000047, 0.000047
4775, 0.000068, 0.000048, 0.000047
4776, 0.000068, 0.000046, 0.000046
4777, 0.000067, 0.000046, 0.000047
4778, 0.000067, 0.000047, 0.000046
4779, 0.000067, 0.000046, 0.000046
4780, 0.000068, 0.000048, 0.000047
4781, 0.000068, 0.000047, 0.000047
4782, 0.000068, 0.000048, 0.000049
4783, 0.000068, 0.000049, 0.000049
4784, 0.000070, 0.000049, 0.000050
4785, 0.000070, 0.000050, 0.000049
4786, 0.000072, 0.000047, 0.000047
4787, 0.000069, 0.000047, 0.000046
4788, 0.000068, 0.000048, 0.000048
4789, 0.000068, 0.000047, 0.000047
4790, 0.000069, 0.000048, 0.000048
4791, 0.000068, 0.000050, 0.000050
4792, 0.000068, 0.000049, 0.000050
4793, 0.000069, 0.000050, 0.000049
4794, 0.000070, 0.000048, 0.000049
4795, 0.000070, 0.000051, 0.000051
4796, 0.000072, 0.000053, 0.000053
4797, 0.000073, 0.000052, 0.000050
4798, 0.000075, 0.000054, 0.000054
4799, 0.000074, 0.000055, 0.000053
4800, 0.000074, 0.000054, 0.000054
4801, 0.000074, 0.000052, 0.000051
4802, 0.000072, 0.000049, 0.000049
4803, 0.000069, 0.000048, 0.000047
4804, 0.000067, 0.000048, 0.000048
4805, 0.000068, 0.000052, 0.000052
4806, 0.000070, 0.000054, 0.000053
4807, 0.000073, 0.000056, 0.000057
4808, 0.000075, 0.000057, 0.000054
4809, 0.000075, 0.000053, 0.000054
4810, 0.000072, 0.000051, 0.000049
4811, 0.000069, 0.000047, 0.000047
4812, 0.000068, 0.000047, 0.000047
4813, 0.000067, 0.000048, 0.000047
4814, 0.000068, 0.000049, 0.000050
4815, 0.000069, 0.000052, 0.000051
4816, 0.000070, 0.000054, 0.000056
4817, 0.000072, 0.000051, 0.000051
4818, 0.000071, 0.000051, 0.000051
4819, 0.000069, 0.000048, 0.000047
4820, 0.000069, 0.000048, 0.000047
4821, 0.000067, 0.000047, 0.000047
4822, 0.000066, 0.000046, 0.000047
4823, 0.000067, 0.000048, 0.000048
4824, 0.000066, 0.000047, 0.000047
4825, 0.000068, 0.000050, 0.000051
4826, 0.000069, 0.000054, 0.000052
4827, 0.000073, 0.000056, 0.000058
4828, 0.000075, 0.000057, 0.000055
4829, 0.000074, 0.000053, 0.000054
4830, 0.000072, 0.000049, 0.000048
4831, 0.000069, 0.000047, 0.000047
4832, 0.000065, 0.000050, 0.000050
4833, 0.000069, 0.000057, 0.000055
4834, 0.000076, 0.000062, 0.000063
4835, 0.000079, 0.000058, 0.000055
4836, 0.000076, 0.000054, 0.000055
4837, 0.000074, 0.000056, 0.000053
4838, 0.000072, 0.000052, 0.000053
4839, 0.000071, 0.000049, 0.000048
4840, 0.000068, 0.000047, 0.000047
4841, 0.000066, 0.000048, 0.000048
4842, 0.000067, 0.000050, 0.000050
4843, 0.000068, 0.000048, 0.000048
4844, 0.000067, 0.000047, 0.000047
4845, 0.000067, 0.000048, 0.000048
4846, 0.000067, 0.000046, 0.000046
4847, 0.000066, 0.000047, 0.000047
4848, 0.000066, 0.000047, 0.000047
4849, 0.000066, 0.000046, 0.000047
4850, 0.000066, 0.000047, 0.000047
4851, 0.000065, 0.000046, 0.000047
4852, 0.000066, 0.000046, 0.000046
