Epoch, Train Loss, Valid Loss, Test Loss
1, 0.471313, 0.542100, 0.543748
2, 0.405732, 0.475909, 0.478219
3, 0.355593, 0.417469, 0.420653
4, 0.318132, 0.369331, 0.373087
5, 0.289665, 0.331178, 0.335462
6, 0.267423, 0.306819, 0.311172
7, 0.252287, 0.286911, 0.291265
8, 0.238725, 0.269512, 0.273757
9, 0.225661, 0.252233, 0.256118
10, 0.211944, 0.235245, 0.238801
11, 0.198042, 0.218719, 0.221934
12, 0.184059, 0.202707, 0.205535
13, 0.170198, 0.187915, 0.190391
14, 0.157235, 0.173891, 0.176087
15, 0.145093, 0.160348, 0.162311
16, 0.133542, 0.147441, 0.149205
17, 0.122618, 0.135046, 0.136630
18, 0.112205, 0.122951, 0.124383
19, 0.102141, 0.111105, 0.112417
20, 0.092380, 0.099627, 0.100846
21, 0.083000, 0.088704, 0.089843
22, 0.074109, 0.078545, 0.079610
23, 0.065822, 0.069328, 0.070315
24, 0.058252, 0.061089, 0.061994
25, 0.051454, 0.053782, 0.054607
26, 0.045409, 0.047346, 0.048101
27, 0.040057, 0.041719, 0.042414
28, 0.035353, 0.036841, 0.037482
29, 0.031250, 0.032582, 0.033174
30, 0.027658, 0.028795, 0.029344
31, 0.024512, 0.025434, 0.025944
32, 0.021699, 0.022492, 0.022965
33, 0.019275, 0.019959, 0.020399
34, 0.017157, 0.017788, 0.018198
35, 0.015343, 0.015938, 0.016321
36, 0.013803, 0.014366, 0.014727
37, 0.012493, 0.013040, 0.013384
38, 0.011391, 0.011915, 0.012244
39, 0.010450, 0.010948, 0.011265
40, 0.009635, 0.010099, 0.010403
41, 0.008913, 0.009327, 0.009620
42, 0.008282, 0.008608, 0.008892
43, 0.007693, 0.007969, 0.008243
44, 0.007175, 0.007397, 0.007659
45, 0.006707, 0.006883, 0.007134
46, 0.006285, 0.006419, 0.006661
47, 0.005921, 0.006001, 0.006236
48, 0.005592, 0.005634, 0.005863
49, 0.005308, 0.005320, 0.005543
50, 0.005059, 0.005056, 0.005273
51, 0.004845, 0.004830, 0.005039
52, 0.004649, 0.004625, 0.004827
53, 0.004471, 0.004440, 0.004634
54, 0.004317, 0.004270, 0.004457
55, 0.004177, 0.004121, 0.004302
56, 0.004048, 0.003990, 0.004165
57, 0.003936, 0.003869, 0.004040
58, 0.003837, 0.003764, 0.003930
59, 0.003754, 0.003679, 0.003840
60, 0.003687, 0.003610, 0.003766
61, 0.003621, 0.003545, 0.003696
62, 0.003560, 0.003478, 0.003625
63, 0.003515, 0.003414, 0.003557
64, 0.003470, 0.003352, 0.003491
65, 0.003424, 0.003303, 0.003437
66, 0.003378, 0.003258, 0.003389
67, 0.003331, 0.003220, 0.003347
68, 0.003310, 0.003175, 0.003298
69, 0.003272, 0.003134, 0.003255
70, 0.003253, 0.003102, 0.003220
71, 0.003218, 0.003082, 0.003196
72, 0.003193, 0.003058, 0.003169
73, 0.003176, 0.003034, 0.003142
74, 0.003155, 0.003008, 0.003113
75, 0.003139, 0.002985, 0.003088
76, 0.003115, 0.002967, 0.003067
77, 0.003107, 0.002954, 0.003051
78, 0.003092, 0.002945, 0.003039
79, 0.003078, 0.002932, 0.003023
80, 0.003062, 0.002914, 0.003003
81, 0.003052, 0.002897, 0.002984
82, 0.003043, 0.002882, 0.002967
83, 0.003034, 0.002877, 0.002959
84, 0.003020, 0.002878, 0.002957
85, 0.003018, 0.002868, 0.002944
86, 0.003004, 0.002857, 0.002930
87, 0.002996, 0.002844, 0.002916
88, 0.002990, 0.002834, 0.002904
89, 0.002982, 0.002828, 0.002897
90, 0.002980, 0.002820, 0.002887
91, 0.002966, 0.002812, 0.002876
92, 0.002965, 0.002809, 0.002871
93, 0.002965, 0.002809, 0.002868
94, 0.002954, 0.002805, 0.002861
95, 0.002947, 0.002797, 0.002852
96, 0.002935, 0.002790, 0.002843
97, 0.002937, 0.002781, 0.002833
98, 0.002931, 0.002776, 0.002827
99, 0.002921, 0.002779, 0.002827
100, 0.002923, 0.002781, 0.002827
101, 0.002918, 0.002777, 0.002823
102, 0.002906, 0.002768, 0.002813
103, 0.002907, 0.002759, 0.002802
104, 0.002905, 0.002756, 0.002797
105, 0.002897, 0.002759, 0.002798
106, 0.002892, 0.002762, 0.002800
107, 0.002894, 0.002757, 0.002795
108, 0.002884, 0.002750, 0.002785
109, 0.002879, 0.002742, 0.002776
110, 0.002879, 0.002742, 0.002775
111, 0.002877, 0.002746, 0.002777
112, 0.002878, 0.002740, 0.002770
113, 0.002869, 0.002735, 0.002765
114, 0.002866, 0.002731, 0.002760
115, 0.002870, 0.002731, 0.002759
116, 0.002852, 0.002730, 0.002757
117, 0.002851, 0.002726, 0.002752
118, 0.002848, 0.002723, 0.002747
119, 0.002848, 0.002723, 0.002747
120, 0.002847, 0.002723, 0.002746
121, 0.002840, 0.002721, 0.002743
122, 0.002841, 0.002718, 0.002739
123, 0.002839, 0.002716, 0.002736
124, 0.002835, 0.002713, 0.002732
125, 0.002834, 0.002714, 0.002732
126, 0.002829, 0.002713, 0.002730
127, 0.002826, 0.002703, 0.002720
128, 0.002827, 0.002700, 0.002717
129, 0.002825, 0.002701, 0.002717
130, 0.002819, 0.002707, 0.002721
131, 0.002818, 0.002706, 0.002718
132, 0.002810, 0.002701, 0.002713
133, 0.002806, 0.002696, 0.002708
134, 0.002804, 0.002695, 0.002706
135, 0.002798, 0.002694, 0.002704
136, 0.002801, 0.002693, 0.002702
137, 0.002801, 0.002695, 0.002703
138, 0.002793, 0.002692, 0.002700
139, 0.002791, 0.002691, 0.002698
140, 0.002785, 0.002685, 0.002692
141, 0.002781, 0.002684, 0.002690
142, 0.002778, 0.002683, 0.002688
143, 0.002775, 0.002684, 0.002689
144, 0.002776, 0.002685, 0.002690
145, 0.002772, 0.002686, 0.002690
146, 0.002767, 0.002683, 0.002685
147, 0.002768, 0.002678, 0.002681
148, 0.002760, 0.002674, 0.002676
149, 0.002769, 0.002672, 0.002674
150, 0.002760, 0.002671, 0.002673
151, 0.002754, 0.002673, 0.002674
152, 0.002756, 0.002672, 0.002672
153, 0.002746, 0.002672, 0.002671
154, 0.002754, 0.002669, 0.002668
155, 0.002747, 0.002667, 0.002667
156, 0.002744, 0.002667, 0.002666
157, 0.002742, 0.002668, 0.002666
158, 0.002738, 0.002666, 0.002663
159, 0.002737, 0.002668, 0.002664
160, 0.002735, 0.002663, 0.002659
161, 0.002733, 0.002663, 0.002659
162, 0.002724, 0.002660, 0.002655
163, 0.002730, 0.002658, 0.002653
164, 0.002724, 0.002657, 0.002651
165, 0.002720, 0.002657, 0.002651
166, 0.002721, 0.002658, 0.002651
167, 0.002713, 0.002659, 0.002652
168, 0.002715, 0.002657, 0.002649
169, 0.002710, 0.002654, 0.002647
170, 0.002716, 0.002652, 0.002643
171, 0.002710, 0.002651, 0.002642
172, 0.002706, 0.002648, 0.002639
173, 0.002701, 0.002648, 0.002639
174, 0.002703, 0.002648, 0.002639
175, 0.002699, 0.002647, 0.002637
176, 0.002698, 0.002647, 0.002637
177, 0.002690, 0.002646, 0.002636
178, 0.002693, 0.002644, 0.002634
179, 0.002688, 0.002645, 0.002634
180, 0.002684, 0.002643, 0.002632
181, 0.002686, 0.002642, 0.002631
182, 0.002679, 0.002640, 0.002629
183, 0.002679, 0.002637, 0.002625
184, 0.002677, 0.002636, 0.002623
185, 0.002674, 0.002637, 0.002623
186, 0.002673, 0.002639, 0.002625
187, 0.002673, 0.002636, 0.002623
188, 0.002667, 0.002636, 0.002622
189, 0.002667, 0.002633, 0.002618
190, 0.002667, 0.002635, 0.002620
191, 0.002662, 0.002633, 0.002618
192, 0.002660, 0.002630, 0.002616
193, 0.002655, 0.002627, 0.002613
194, 0.002653, 0.002624, 0.002610
195, 0.002652, 0.002625, 0.002609
196, 0.002652, 0.002625, 0.002610
197, 0.002653, 0.002626, 0.002610
198, 0.002648, 0.002623, 0.002607
199, 0.002640, 0.002620, 0.002604
200, 0.002642, 0.002619, 0.002602
201, 0.002636, 0.002619, 0.002603
202, 0.002636, 0.002621, 0.002605
203, 0.002637, 0.002621, 0.002604
204, 0.002630, 0.002617, 0.002600
205, 0.002636, 0.002614, 0.002596
206, 0.002632, 0.002612, 0.002594
207, 0.002628, 0.002611, 0.002593
208, 0.002625, 0.002611, 0.002594
209, 0.002624, 0.002610, 0.002593
210, 0.002617, 0.002609, 0.002591
211, 0.002621, 0.002608, 0.002588
212, 0.002619, 0.002609, 0.002589
213, 0.002617, 0.002608, 0.002589
214, 0.002609, 0.002605, 0.002586
215, 0.002614, 0.002602, 0.002584
216, 0.002610, 0.002602, 0.002583
217, 0.002608, 0.002601, 0.002581
218, 0.002609, 0.002601, 0.002581
219, 0.002602, 0.002599, 0.002579
220, 0.002601, 0.002597, 0.002577
221, 0.002601, 0.002595, 0.002575
222, 0.002601, 0.002594, 0.002574
223, 0.002597, 0.002593, 0.002573
224, 0.002595, 0.002593, 0.002572
225, 0.002591, 0.002592, 0.002571
226, 0.002587, 0.002590, 0.002570
227, 0.002588, 0.002588, 0.002568
228, 0.002589, 0.002586, 0.002565
229, 0.002582, 0.002586, 0.002564
230, 0.002581, 0.002586, 0.002563
231, 0.002580, 0.002583, 0.002562
232, 0.002577, 0.002582, 0.002561
233, 0.002575, 0.002581, 0.002559
234, 0.002573, 0.002581, 0.002559
235, 0.002574, 0.002578, 0.002556
236, 0.002572, 0.002576, 0.002554
237, 0.002573, 0.002574, 0.002552
238, 0.002569, 0.002573, 0.002552
239, 0.002564, 0.002574, 0.002551
240, 0.002567, 0.002571, 0.002549
241, 0.002560, 0.002568, 0.002546
242, 0.002560, 0.002565, 0.002543
243, 0.002560, 0.002564, 0.002541
244, 0.002554, 0.002564, 0.002540
245, 0.002553, 0.002563, 0.002540
246, 0.002552, 0.002562, 0.002539
247, 0.002547, 0.002560, 0.002536
248, 0.002545, 0.002556, 0.002533
249, 0.002548, 0.002555, 0.002531
250, 0.002542, 0.002553, 0.002530
251, 0.002541, 0.002553, 0.002530
252, 0.002539, 0.002552, 0.002528
253, 0.002539, 0.002550, 0.002525
254, 0.002543, 0.002548, 0.002523
255, 0.002533, 0.002545, 0.002521
256, 0.002533, 0.002544, 0.002520
257, 0.002532, 0.002544, 0.002519
258, 0.002526, 0.002543, 0.002518
259, 0.002529, 0.002541, 0.002516
260, 0.002524, 0.002537, 0.002512
261, 0.002521, 0.002534, 0.002510
262, 0.002519, 0.002533, 0.002509
263, 0.002518, 0.002533, 0.002508
264, 0.002518, 0.002532, 0.002506
265, 0.002512, 0.002529, 0.002504
266, 0.002513, 0.002525, 0.002500
267, 0.002510, 0.002523, 0.002497
268, 0.002511, 0.002523, 0.002496
269, 0.002505, 0.002523, 0.002497
270, 0.002504, 0.002521, 0.002495
271, 0.002505, 0.002519, 0.002492
272, 0.002502, 0.002516, 0.002490
273, 0.002498, 0.002514, 0.002487
274, 0.002498, 0.002511, 0.002484
275, 0.002492, 0.002511, 0.002484
276, 0.002489, 0.002511, 0.002485
277, 0.002491, 0.002508, 0.002481
278, 0.002489, 0.002507, 0.002479
279, 0.002488, 0.002504, 0.002477
280, 0.002483, 0.002502, 0.002475
281, 0.002485, 0.002499, 0.002472
282, 0.002485, 0.002499, 0.002471
283, 0.002482, 0.002498, 0.002471
284, 0.002482, 0.002499, 0.002471
285, 0.002477, 0.002495, 0.002468
286, 0.002477, 0.002492, 0.002465
287, 0.002475, 0.002488, 0.002461
288, 0.002468, 0.002488, 0.002460
289, 0.002471, 0.002488, 0.002460
290, 0.002470, 0.002485, 0.002457
291, 0.002468, 0.002486, 0.002458
292, 0.002462, 0.002487, 0.002460
293, 0.002465, 0.002483, 0.002455
294, 0.002465, 0.002479, 0.002450
295, 0.002461, 0.002479, 0.002451
296, 0.002456, 0.002480, 0.002453
297, 0.002459, 0.002479, 0.002451
298, 0.002457, 0.002475, 0.002446
299, 0.002452, 0.002472, 0.002444
300, 0.002453, 0.002473, 0.002445
301, 0.002455, 0.002471, 0.002443
302, 0.002450, 0.002470, 0.002441
303, 0.002449, 0.002472, 0.002443
304, 0.002452, 0.002471, 0.002442
305, 0.002449, 0.002466, 0.002437
306, 0.002446, 0.002464, 0.002434
307, 0.002443, 0.002467, 0.002438
308, 0.002444, 0.002464, 0.002435
309, 0.002442, 0.002461, 0.002432
310, 0.002438, 0.002462, 0.002433
311, 0.002440, 0.002463, 0.002434
312, 0.002439, 0.002460, 0.002432
313, 0.002437, 0.002460, 0.002432
314, 0.002437, 0.002459, 0.002431
315, 0.002435, 0.002458, 0.002429
316, 0.002434, 0.002457, 0.002428
317, 0.002431, 0.002454, 0.002425
318, 0.002434, 0.002454, 0.002425
319, 0.002432, 0.002454, 0.002425
320, 0.002432, 0.002454, 0.002425
321, 0.002431, 0.002451, 0.002422
322, 0.002428, 0.002453, 0.002424
323, 0.002431, 0.002456, 0.002426
324, 0.002430, 0.002451, 0.002422
325, 0.002427, 0.002449, 0.002419
326, 0.002425, 0.002447, 0.002418
327, 0.002424, 0.002447, 0.002417
328, 0.002421, 0.002447, 0.002417
329, 0.002424, 0.002448, 0.002418
330, 0.002424, 0.002446, 0.002416
331, 0.002420, 0.002448, 0.002418
332, 0.002422, 0.002446, 0.002416
333, 0.002419, 0.002446, 0.002416
334, 0.002418, 0.002443, 0.002414
335, 0.002415, 0.002442, 0.002413
336, 0.002416, 0.002447, 0.002417
337, 0.002417, 0.002443, 0.002414
338, 0.002418, 0.002437, 0.002408
339, 0.002416, 0.002440, 0.002411
340, 0.002415, 0.002443, 0.002414
341, 0.002413, 0.002438, 0.002409
342, 0.002410, 0.002439, 0.002410
343, 0.002413, 0.002444, 0.002414
344, 0.002409, 0.002436, 0.002406
345, 0.002408, 0.002432, 0.002403
346, 0.002409, 0.002439, 0.002408
347, 0.002408, 0.002438, 0.002408
348, 0.002407, 0.002434, 0.002404
349, 0.002412, 0.002436, 0.002406
350, 0.002408, 0.002437, 0.002407
351, 0.002406, 0.002431, 0.002402
352, 0.002407, 0.002432, 0.002402
353, 0.002405, 0.002433, 0.002404
354, 0.002404, 0.002431, 0.002402
355, 0.002405, 0.002429, 0.002400
356, 0.002403, 0.002432, 0.002403
357, 0.002404, 0.002428, 0.002399
358, 0.002401, 0.002427, 0.002398
359, 0.002399, 0.002429, 0.002400
360, 0.002402, 0.002433, 0.002403
361, 0.002401, 0.002426, 0.002396
362, 0.002402, 0.002425, 0.002395
363, 0.002400, 0.002428, 0.002398
364, 0.002396, 0.002425, 0.002395
365, 0.002399, 0.002422, 0.002392
366, 0.002399, 0.002425, 0.002395
367, 0.002395, 0.002425, 0.002395
368, 0.002394, 0.002421, 0.002392
369, 0.002396, 0.002422, 0.002392
370, 0.002394, 0.002424, 0.002394
371, 0.002396, 0.002421, 0.002391
372, 0.002397, 0.002420, 0.002390
373, 0.002394, 0.002423, 0.002392
374, 0.002392, 0.002419, 0.002389
375, 0.002392, 0.002420, 0.002390
376, 0.002390, 0.002423, 0.002393
377, 0.002391, 0.002419, 0.002389
378, 0.002392, 0.002418, 0.002388
379, 0.002393, 0.002421, 0.002390
380, 0.002389, 0.002416, 0.002386
381, 0.002387, 0.002418, 0.002388
382, 0.002388, 0.002419, 0.002388
383, 0.002387, 0.002415, 0.002385
384, 0.002392, 0.002416, 0.002386
385, 0.002388, 0.002419, 0.002388
386, 0.002386, 0.002415, 0.002385
387, 0.002387, 0.002414, 0.002383
388, 0.002385, 0.002413, 0.002383
389, 0.002385, 0.002418, 0.002387
390, 0.002386, 0.002414, 0.002383
391, 0.002385, 0.002412, 0.002382
392, 0.002384, 0.002418, 0.002387
393, 0.002385, 0.002411, 0.002381
394, 0.002382, 0.002411, 0.002381
395, 0.002379, 0.002414, 0.002383
396, 0.002382, 0.002415, 0.002385
397, 0.002380, 0.002410, 0.002380
398, 0.002381, 0.002413, 0.002382
399, 0.002382, 0.002412, 0.002381
400, 0.002383, 0.002406, 0.002377
401, 0.002379, 0.002410, 0.002379
402, 0.002376, 0.002415, 0.002384
403, 0.002379, 0.002408, 0.002379
404, 0.002380, 0.002407, 0.002378
405, 0.002377, 0.002411, 0.002380
406, 0.002377, 0.002408, 0.002377
407, 0.002377, 0.002404, 0.002374
408, 0.002375, 0.002408, 0.002377
409, 0.002378, 0.002407, 0.002376
410, 0.002374, 0.002407, 0.002376
411, 0.002374, 0.002406, 0.002375
412, 0.002374, 0.002407, 0.002376
413, 0.002375, 0.002404, 0.002373
414, 0.002373, 0.002405, 0.002374
415, 0.002371, 0.002406, 0.002375
416, 0.002377, 0.002404, 0.002373
417, 0.002370, 0.002406, 0.002375
418, 0.002370, 0.002401, 0.002371
419, 0.002373, 0.002405, 0.002375
420, 0.002368, 0.002408, 0.002377
421, 0.002369, 0.002401, 0.002371
422, 0.002373, 0.002401, 0.002371
423, 0.002370, 0.002412, 0.002380
424, 0.002373, 0.002400, 0.002370
425, 0.002372, 0.002399, 0.002369
426, 0.002372, 0.002419, 0.002386
427, 0.002370, 0.002400, 0.002370
428, 0.002372, 0.002398, 0.002369
429, 0.002373, 0.002411, 0.002379
430, 0.002374, 0.002400, 0.002369
431, 0.002366, 0.002398, 0.002369
432, 0.002370, 0.002405, 0.002373
433, 0.002368, 0.002407, 0.002375
434, 0.002370, 0.002398, 0.002369
435, 0.002369, 0.002407, 0.002375
436, 0.002364, 0.002411, 0.002379
437, 0.002366, 0.002398, 0.002369
438, 0.002369, 0.002399, 0.002368
439, 0.002363, 0.002404, 0.002373
440, 0.002366, 0.002394, 0.002365
441, 0.002365, 0.002397, 0.002366
442, 0.002367, 0.002405, 0.002373
443, 0.002367, 0.002396, 0.002367
444, 0.002365, 0.002398, 0.002368
445, 0.002360, 0.002402, 0.002370
446, 0.002364, 0.002396, 0.002365
447, 0.002364, 0.002394, 0.002364
448, 0.002363, 0.002404, 0.002372
449, 0.002363, 0.002397, 0.002366
450, 0.002360, 0.002394, 0.002364
451, 0.002361, 0.002399, 0.002367
452, 0.002362, 0.002397, 0.002365
453, 0.002358, 0.002392, 0.002362
454, 0.002364, 0.002397, 0.002365
455, 0.002360, 0.002400, 0.002369
456, 0.002360, 0.002394, 0.002363
457, 0.002357, 0.002395, 0.002364
458, 0.002359, 0.002396, 0.002365
459, 0.002362, 0.002397, 0.002366
460, 0.002359, 0.002393, 0.002363
461, 0.002360, 0.002393, 0.002362
462, 0.002357, 0.002394, 0.002363
463, 0.002359, 0.002391, 0.002361
464, 0.002356, 0.002395, 0.002364
465, 0.002357, 0.002396, 0.002364
466, 0.002356, 0.002390, 0.002360
467, 0.002359, 0.002395, 0.002364
468, 0.002356, 0.002400, 0.002368
469, 0.002358, 0.002389, 0.002360
470, 0.002361, 0.002394, 0.002362
471, 0.002353, 0.002399, 0.002366
472, 0.002360, 0.002389, 0.002359
473, 0.002356, 0.002392, 0.002360
474, 0.002354, 0.002395, 0.002363
475, 0.002358, 0.002389, 0.002359
476, 0.002358, 0.002391, 0.002360
477, 0.002351, 0.002398, 0.002366
478, 0.002354, 0.002388, 0.002358
479, 0.002358, 0.002390, 0.002359
480, 0.002353, 0.002394, 0.002362
481, 0.002354, 0.002387, 0.002357
482, 0.002353, 0.002391, 0.002360
483, 0.002351, 0.002392, 0.002360
484, 0.002351, 0.002390, 0.002359
485, 0.002351, 0.002388, 0.002357
486, 0.002356, 0.002395, 0.002362
487, 0.002353, 0.002388, 0.002357
488, 0.002352, 0.002388, 0.002356
489, 0.002351, 0.002395, 0.002362
490, 0.002353, 0.002389, 0.002357
491, 0.002349, 0.002386, 0.002355
492, 0.002351, 0.002390, 0.002358
493, 0.002349, 0.002389, 0.002357
494, 0.002351, 0.002385, 0.002355
495, 0.002350, 0.002393, 0.002361
496, 0.002351, 0.002391, 0.002359
497, 0.002352, 0.002384, 0.002355
498, 0.002351, 0.002390, 0.002359
499, 0.002350, 0.002389, 0.002358
500, 0.002349, 0.002383, 0.002354
501, 0.002347, 0.002392, 0.002361
502, 0.002348, 0.002387, 0.002357
503, 0.002349, 0.002383, 0.002353
504, 0.002347, 0.002387, 0.002356
505, 0.002346, 0.002391, 0.002359
506, 0.002349, 0.002381, 0.002352
507, 0.002351, 0.002391, 0.002359
508, 0.002347, 0.002392, 0.002360
509, 0.002348, 0.002383, 0.002354
510, 0.002347, 0.002389, 0.002358
511, 0.002346, 0.002395, 0.002362
512, 0.002350, 0.002380, 0.002351
513, 0.002351, 0.002391, 0.002360
514, 0.002348, 0.002387, 0.002356
515, 0.002347, 0.002381, 0.002351
516, 0.002347, 0.002389, 0.002357
517, 0.002341, 0.002390, 0.002358
518, 0.002346, 0.002380, 0.002350
519, 0.002346, 0.002393, 0.002360
520, 0.002346, 0.002386, 0.002354
521, 0.002344, 0.002380, 0.002350
522, 0.002345, 0.002392, 0.002359
523, 0.002345, 0.002385, 0.002353
524, 0.002345, 0.002379, 0.002349
525, 0.002342, 0.002390, 0.002357
526, 0.002344, 0.002385, 0.002353
527, 0.002342, 0.002380, 0.002349
528, 0.002344, 0.002391, 0.002358
529, 0.002341, 0.002378, 0.002348
530, 0.002340, 0.002378, 0.002348
531, 0.002340, 0.002397, 0.002364
532, 0.002345, 0.002378, 0.002349
533, 0.002343, 0.002380, 0.002350
534, 0.002340, 0.002387, 0.002356
535, 0.002340, 0.002381, 0.002351
536, 0.002340, 0.002379, 0.002349
537, 0.002340, 0.002385, 0.002353
538, 0.002344, 0.002381, 0.002350
539, 0.002341, 0.002377, 0.002347
540, 0.002339, 0.002386, 0.002354
541, 0.002339, 0.002380, 0.002349
542, 0.002338, 0.002375, 0.002345
543, 0.002342, 0.002383, 0.002351
544, 0.002340, 0.002380, 0.002349
545, 0.002336, 0.002376, 0.002346
546, 0.002336, 0.002380, 0.002349
547, 0.002339, 0.002377, 0.002346
548, 0.002334, 0.002379, 0.002348
549, 0.002337, 0.002382, 0.002350
550, 0.002335, 0.002378, 0.002347
551, 0.002336, 0.002379, 0.002348
552, 0.002333, 0.002374, 0.002344
553, 0.002337, 0.002382, 0.002350
554, 0.002334, 0.002374, 0.002344
555, 0.002339, 0.002380, 0.002348
556, 0.002333, 0.002375, 0.002345
557, 0.002333, 0.002375, 0.002344
558, 0.002335, 0.002378, 0.002347
559, 0.002331, 0.002376, 0.002345
560, 0.002333, 0.002376, 0.002345
561, 0.002335, 0.002378, 0.002347
562, 0.002331, 0.002374, 0.002344
563, 0.002334, 0.002377, 0.002347
564, 0.002335, 0.002370, 0.002341
565, 0.002334, 0.002376, 0.002345
566, 0.002332, 0.002378, 0.002347
567, 0.002331, 0.002372, 0.002342
568, 0.002332, 0.002377, 0.002346
569, 0.002334, 0.002375, 0.002344
570, 0.002329, 0.002368, 0.002339
571, 0.002330, 0.002374, 0.002343
572, 0.002329, 0.002373, 0.002342
573, 0.002327, 0.002372, 0.002341
574, 0.002328, 0.002376, 0.002345
575, 0.002330, 0.002369, 0.002339
576, 0.002331, 0.002375, 0.002344
577, 0.002332, 0.002376, 0.002345
578, 0.002328, 0.002367, 0.002338
579, 0.002333, 0.002376, 0.002345
580, 0.002329, 0.002371, 0.002341
581, 0.002329, 0.002367, 0.002337
582, 0.002327, 0.002372, 0.002342
583, 0.002328, 0.002375, 0.002343
584, 0.002328, 0.002369, 0.002338
585, 0.002327, 0.002370, 0.002339
586, 0.002326, 0.002375, 0.002343
587, 0.002329, 0.002364, 0.002335
588, 0.002329, 0.002376, 0.002344
589, 0.002327, 0.002367, 0.002336
590, 0.002326, 0.002366, 0.002336
591, 0.002325, 0.002376, 0.002344
592, 0.002325, 0.002368, 0.002338
593, 0.002322, 0.002365, 0.002335
594, 0.002323, 0.002374, 0.002343
595, 0.002323, 0.002363, 0.002333
596, 0.002328, 0.002370, 0.002339
597, 0.002322, 0.002370, 0.002340
598, 0.002324, 0.002362, 0.002333
599, 0.002322, 0.002367, 0.002337
600, 0.002321, 0.002373, 0.002342
601, 0.002326, 0.002358, 0.002330
602, 0.002326, 0.002372, 0.002341
603, 0.002325, 0.002368, 0.002337
604, 0.002322, 0.002360, 0.002331
605, 0.002321, 0.002385, 0.002352
606, 0.002325, 0.002360, 0.002330
607, 0.002319, 0.002358, 0.002329
608, 0.002319, 0.002381, 0.002348
609, 0.002323, 0.002358, 0.002329
610, 0.002324, 0.002363, 0.002332
611, 0.002319, 0.002377, 0.002345
612, 0.002322, 0.002355, 0.002326
613, 0.002325, 0.002375, 0.002342
614, 0.002319, 0.002361, 0.002330
615, 0.002316, 0.002356, 0.002327
616, 0.002318, 0.002372, 0.002340
617, 0.002323, 0.002358, 0.002328
618, 0.002315, 0.002356, 0.002326
619, 0.002316, 0.002369, 0.002337
620, 0.002316, 0.002354, 0.002324
621, 0.002315, 0.002357, 0.002327
622, 0.002314, 0.002361, 0.002331
623, 0.002317, 0.002356, 0.002327
624, 0.002317, 0.002360, 0.002330
625, 0.002315, 0.002358, 0.002328
626, 0.002313, 0.002359, 0.002328
627, 0.002309, 0.002354, 0.002324
628, 0.002312, 0.002354, 0.002324
629, 0.002314, 0.002363, 0.002331
630, 0.002311, 0.002357, 0.002325
631, 0.002311, 0.002350, 0.002321
632, 0.002311, 0.002365, 0.002334
633, 0.002316, 0.002349, 0.002319
634, 0.002311, 0.002354, 0.002323
635, 0.002309, 0.002357, 0.002326
636, 0.002310, 0.002344, 0.002316
637, 0.002312, 0.002356, 0.002325
638, 0.002309, 0.002357, 0.002327
639, 0.002309, 0.002345, 0.002317
640, 0.002308, 0.002362, 0.002331
641, 0.002308, 0.002347, 0.002318
642, 0.002306, 0.002343, 0.002314
643, 0.002309, 0.002364, 0.002332
644, 0.002309, 0.002340, 0.002313
645, 0.002312, 0.002353, 0.002323
646, 0.002305, 0.002353, 0.002323
647, 0.002304, 0.002341, 0.002313
648, 0.002307, 0.002353, 0.002322
649, 0.002302, 0.002346, 0.002315
650, 0.002305, 0.002341, 0.002311
651, 0.002303, 0.002345, 0.002314
652, 0.002303, 0.002346, 0.002315
653, 0.002299, 0.002341, 0.002311
654, 0.002299, 0.002346, 0.002315
655, 0.002301, 0.002339, 0.002309
656, 0.002301, 0.002345, 0.002314
657, 0.002297, 0.002339, 0.002309
658, 0.002299, 0.002340, 0.002310
659, 0.002299, 0.002349, 0.002318
660, 0.002299, 0.002333, 0.002304
661, 0.002299, 0.002341, 0.002310
662, 0.002296, 0.002336, 0.002306
663, 0.002296, 0.002337, 0.002307
664, 0.002298, 0.002338, 0.002308
665, 0.002297, 0.002337, 0.002307
666, 0.002294, 0.002336, 0.002306
667, 0.002297, 0.002337, 0.002306
668, 0.002290, 0.002331, 0.002302
669, 0.002289, 0.002335, 0.002305
670, 0.002291, 0.002331, 0.002301
671, 0.002291, 0.002335, 0.002305
672, 0.002290, 0.002328, 0.002298
673, 0.002289, 0.002338, 0.002306
674, 0.002293, 0.002324, 0.002295
675, 0.002289, 0.002328, 0.002298
676, 0.002289, 0.002332, 0.002302
677, 0.002287, 0.002323, 0.002295
678, 0.002289, 0.002339, 0.002308
679, 0.002289, 0.002322, 0.002294
680, 0.002287, 0.002330, 0.002300
681, 0.002286, 0.002327, 0.002297
682, 0.002288, 0.002318, 0.002289
683, 0.002285, 0.002326, 0.002296
684, 0.002285, 0.002316, 0.002287
685, 0.002282, 0.002327, 0.002296
686, 0.002284, 0.002328, 0.002297
687, 0.002279, 0.002312, 0.002285
688, 0.002283, 0.002334, 0.002302
689, 0.002284, 0.002317, 0.002287
690, 0.002279, 0.002309, 0.002281
691, 0.002279, 0.002335, 0.002303
692, 0.002284, 0.002306, 0.002279
693, 0.002281, 0.002326, 0.002295
694, 0.002276, 0.002311, 0.002282
695, 0.002277, 0.002306, 0.002277
696, 0.002272, 0.002323, 0.002292
697, 0.002279, 0.002301, 0.002274
698, 0.002273, 0.002324, 0.002293
699, 0.002274, 0.002307, 0.002277
700, 0.002271, 0.002304, 0.002275
701, 0.002272, 0.002315, 0.002284
702, 0.002269, 0.002297, 0.002269
703, 0.002268, 0.002316, 0.002286
704, 0.002269, 0.002299, 0.002270
705, 0.002265, 0.002298, 0.002269
706, 0.002268, 0.002313, 0.002282
707, 0.002267, 0.002291, 0.002264
708, 0.002264, 0.002304, 0.002274
709, 0.002261, 0.002298, 0.002268
710, 0.002260, 0.002286, 0.002259
711, 0.002263, 0.002319, 0.002287
712, 0.002266, 0.002285, 0.002258
713, 0.002259, 0.002293, 0.002264
714, 0.002257, 0.002294, 0.002264
715, 0.002253, 0.002283, 0.002255
716, 0.002252, 0.002289, 0.002259
717, 0.002251, 0.002289, 0.002259
718, 0.002253, 0.002279, 0.002251
719, 0.002253, 0.002288, 0.002258
720, 0.002249, 0.002284, 0.002255
721, 0.002250, 0.002277, 0.002248
722, 0.002245, 0.002280, 0.002251
723, 0.002243, 0.002276, 0.002248
724, 0.002247, 0.002271, 0.002243
725, 0.002243, 0.002270, 0.002242
726, 0.002242, 0.002281, 0.002252
727, 0.002240, 0.002264, 0.002237
728, 0.002241, 0.002277, 0.002247
729, 0.002239, 0.002266, 0.002237
730, 0.002240, 0.002261, 0.002233
731, 0.002233, 0.002274, 0.002243
732, 0.002238, 0.002257, 0.002229
733, 0.002234, 0.002265, 0.002235
734, 0.002230, 0.002265, 0.002235
735, 0.002229, 0.002250, 0.002223
736, 0.002232, 0.002268, 0.002238
737, 0.002231, 0.002246, 0.002219
738, 0.002226, 0.002250, 0.002222
739, 0.002220, 0.002258, 0.002229
740, 0.002224, 0.002241, 0.002214
741, 0.002223, 0.002256, 0.002226
742, 0.002222, 0.002240, 0.002212
743, 0.002219, 0.002239, 0.002211
744, 0.002218, 0.002248, 0.002219
745, 0.002218, 0.002230, 0.002203
746, 0.002216, 0.002251, 0.002221
747, 0.002215, 0.002229, 0.002201
748, 0.002209, 0.002229, 0.002201
749, 0.002207, 0.002234, 0.002204
750, 0.002205, 0.002222, 0.002194
751, 0.002203, 0.002226, 0.002197
752, 0.002201, 0.002226, 0.002197
753, 0.002200, 0.002215, 0.002187
754, 0.002200, 0.002224, 0.002195
755, 0.002195, 0.002215, 0.002187
756, 0.002194, 0.002209, 0.002182
757, 0.002192, 0.002219, 0.002191
758, 0.002198, 0.002201, 0.002175
759, 0.002191, 0.002218, 0.002189
760, 0.002191, 0.002197, 0.002170
761, 0.002185, 0.002207, 0.002177
762, 0.002184, 0.002203, 0.002173
763, 0.002181, 0.002187, 0.002161
764, 0.002186, 0.002227, 0.002195
765, 0.002189, 0.002181, 0.002155
766, 0.002180, 0.002186, 0.002158
767, 0.002174, 0.002204, 0.002174
768, 0.002174, 0.002173, 0.002147
769, 0.002175, 0.002201, 0.002172
770, 0.002171, 0.002168, 0.002142
771, 0.002164, 0.002180, 0.002152
772, 0.002160, 0.002172, 0.002143
773, 0.002157, 0.002162, 0.002134
774, 0.002158, 0.002172, 0.002142
775, 0.002154, 0.002155, 0.002127
776, 0.002152, 0.002161, 0.002132
777, 0.002150, 0.002150, 0.002122
778, 0.002143, 0.002157, 0.002128
779, 0.002144, 0.002146, 0.002117
780, 0.002138, 0.002145, 0.002116
781, 0.002140, 0.002143, 0.002115
782, 0.002136, 0.002136, 0.002108
783, 0.002132, 0.002137, 0.002108
784, 0.002127, 0.002131, 0.002102
785, 0.002126, 0.002132, 0.002104
786, 0.002120, 0.002117, 0.002091
787, 0.002117, 0.002124, 0.002096
788, 0.002117, 0.002115, 0.002086
789, 0.002114, 0.002113, 0.002085
790, 0.002109, 0.002109, 0.002081
791, 0.002109, 0.002101, 0.002073
792, 0.002102, 0.002111, 0.002081
793, 0.002101, 0.002088, 0.002062
794, 0.002099, 0.002108, 0.002078
795, 0.002097, 0.002083, 0.002057
796, 0.002092, 0.002094, 0.002064
797, 0.002088, 0.002078, 0.002050
798, 0.002086, 0.002078, 0.002050
799, 0.002079, 0.002073, 0.002044
800, 0.002077, 0.002062, 0.002035
801, 0.002073, 0.002072, 0.002042
802, 0.002072, 0.002054, 0.002026
803, 0.002064, 0.002057, 0.002028
804, 0.002059, 0.002051, 0.002023
805, 0.002057, 0.002040, 0.002013
806, 0.002056, 0.002056, 0.002026
807, 0.002051, 0.002031, 0.002004
808, 0.002047, 0.002032, 0.002005
809, 0.002044, 0.002033, 0.002004
810, 0.002039, 0.002016, 0.001989
811, 0.002037, 0.002045, 0.002015
812, 0.002040, 0.002005, 0.001979
813, 0.002029, 0.002012, 0.001983
814, 0.002022, 0.002007, 0.001978
815, 0.002021, 0.001990, 0.001964
816, 0.002021, 0.002041, 0.002010
817, 0.002027, 0.001986, 0.001963
818, 0.002025, 0.002012, 0.001981
819, 0.002011, 0.001970, 0.001943
820, 0.001992, 0.001964, 0.001938
821, 0.001990, 0.001983, 0.001953
822, 0.001995, 0.001954, 0.001929
823, 0.001993, 0.001989, 0.001959
824, 0.001994, 0.001944, 0.001920
825, 0.001982, 0.001954, 0.001926
826, 0.001972, 0.001936, 0.001909
827, 0.001961, 0.001925, 0.001899
828, 0.001961, 0.001950, 0.001920
829, 0.001962, 0.001912, 0.001887
830, 0.001958, 0.001924, 0.001896
831, 0.001947, 0.001901, 0.001875
832, 0.001939, 0.001897, 0.001870
833, 0.001936, 0.001908, 0.001879
834, 0.001928, 0.001883, 0.001857
835, 0.001929, 0.001901, 0.001870
836, 0.001923, 0.001870, 0.001844
837, 0.001914, 0.001875, 0.001846
838, 0.001909, 0.001860, 0.001833
839, 0.001904, 0.001856, 0.001829
840, 0.001898, 0.001853, 0.001826
841, 0.001891, 0.001839, 0.001813
842, 0.001883, 0.001841, 0.001814
843, 0.001880, 0.001829, 0.001802
844, 0.001876, 0.001820, 0.001794
845, 0.001866, 0.001821, 0.001793
846, 0.001860, 0.001809, 0.001782
847, 0.001855, 0.001797, 0.001771
848, 0.001852, 0.001808, 0.001779
849, 0.001851, 0.001781, 0.001756
850, 0.001840, 0.001793, 0.001764
851, 0.001839, 0.001772, 0.001747
852, 0.001829, 0.001770, 0.001743
853, 0.001821, 0.001756, 0.001730
854, 0.001816, 0.001761, 0.001735
855, 0.001812, 0.001741, 0.001716
856, 0.001806, 0.001743, 0.001716
857, 0.001796, 0.001729, 0.001704
858, 0.001791, 0.001726, 0.001700
859, 0.001787, 0.001711, 0.001685
860, 0.001775, 0.001707, 0.001682
861, 0.001773, 0.001708, 0.001681
862, 0.001767, 0.001687, 0.001662
863, 0.001758, 0.001697, 0.001670
864, 0.001757, 0.001669, 0.001644
865, 0.001747, 0.001673, 0.001646
866, 0.001740, 0.001659, 0.001634
867, 0.001733, 0.001654, 0.001628
868, 0.001728, 0.001647, 0.001621
869, 0.001721, 0.001636, 0.001612
870, 0.001715, 0.001633, 0.001607
871, 0.001708, 0.001619, 0.001594
872, 0.001700, 0.001613, 0.001587
873, 0.001693, 0.001602, 0.001578
874, 0.001685, 0.001598, 0.001573
875, 0.001675, 0.001593, 0.001567
876, 0.001670, 0.001577, 0.001552
877, 0.001665, 0.001574, 0.001550
878, 0.001656, 0.001561, 0.001536
879, 0.001649, 0.001554, 0.001530
880, 0.001645, 0.001550, 0.001526
881, 0.001634, 0.001544, 0.001518
882, 0.001630, 0.001526, 0.001502
883, 0.001623, 0.001535, 0.001512
884, 0.001620, 0.001510, 0.001486
885, 0.001607, 0.001510, 0.001485
886, 0.001600, 0.001499, 0.001477
887, 0.001591, 0.001486, 0.001462
888, 0.001583, 0.001482, 0.001457
889, 0.001575, 0.001471, 0.001448
890, 0.001568, 0.001469, 0.001443
891, 0.001561, 0.001453, 0.001430
892, 0.001560, 0.001461, 0.001436
893, 0.001549, 0.001431, 0.001411
894, 0.001545, 0.001451, 0.001425
895, 0.001541, 0.001412, 0.001393
896, 0.001535, 0.001451, 0.001427
897, 0.001530, 0.001401, 0.001382
898, 0.001524, 0.001437, 0.001411
899, 0.001520, 0.001386, 0.001369
900, 0.001509, 0.001417, 0.001391
901, 0.001504, 0.001366, 0.001348
902, 0.001499, 0.001422, 0.001398
903, 0.001504, 0.001365, 0.001350
904, 0.001503, 0.001449, 0.001422
905, 0.001511, 0.001355, 0.001343
906, 0.001498, 0.001389, 0.001365
907, 0.001470, 0.001311, 0.001292
908, 0.001443, 0.001309, 0.001291
909, 0.001425, 0.001315, 0.001294
910, 0.001423, 0.001287, 0.001269
911, 0.001421, 0.001331, 0.001307
912, 0.001423, 0.001276, 0.001262
913, 0.001414, 0.001294, 0.001270
914, 0.001396, 0.001253, 0.001235
915, 0.001381, 0.001251, 0.001233
916, 0.001370, 0.001254, 0.001231
917, 0.001368, 0.001234, 0.001219
918, 0.001364, 0.001242, 0.001222
919, 0.001353, 0.001211, 0.001192
920, 0.001336, 0.001214, 0.001195
921, 0.001332, 0.001210, 0.001192
922, 0.001327, 0.001190, 0.001174
923, 0.001315, 0.001215, 0.001191
924, 0.001312, 0.001184, 0.001170
925, 0.001317, 0.001205, 0.001184
926, 0.001303, 0.001157, 0.001137
927, 0.001284, 0.001154, 0.001139
928, 0.001276, 0.001159, 0.001140
929, 0.001272, 0.001135, 0.001117
930, 0.001268, 0.001157, 0.001139
931, 0.001257, 0.001111, 0.001093
932, 0.001245, 0.001117, 0.001096
933, 0.001241, 0.001136, 0.001121
934, 0.001242, 0.001094, 0.001073
935, 0.001226, 0.001099, 0.001079
936, 0.001212, 0.001083, 0.001069
937, 0.001212, 0.001093, 0.001067
938, 0.001211, 0.001075, 0.001063
939, 0.001199, 0.001055, 0.001033
940, 0.001176, 0.001041, 0.001021
941, 0.001173, 0.001066, 0.001053
942, 0.001182, 0.001043, 0.001018
943, 0.001164, 0.001013, 0.000999
944, 0.001149, 0.001036, 0.001016
945, 0.001146, 0.000997, 0.000976
946, 0.001133, 0.000993, 0.000979
947, 0.001121, 0.001014, 0.000993
948, 0.001120, 0.000979, 0.000962
949, 0.001122, 0.001005, 0.000984
950, 0.001107, 0.000963, 0.000947
951, 0.001089, 0.000963, 0.000940
952, 0.001088, 0.000981, 0.000961
953, 0.001083, 0.000940, 0.000917
954, 0.001068, 0.000935, 0.000914
955, 0.001054, 0.000949, 0.000931
956, 0.001058, 0.000926, 0.000900
957, 0.001056, 0.000934, 0.000920
958, 0.001052, 0.000929, 0.000901
959, 0.001046, 0.000924, 0.000915
960, 0.001047, 0.000941, 0.000912
961, 0.001048, 0.000912, 0.000902
962, 0.001042, 0.000904, 0.000878
963, 0.001029, 0.000901, 0.000890
964, 0.001009, 0.000853, 0.000829
965, 0.000999, 0.000897, 0.000876
966, 0.000991, 0.000838, 0.000818
967, 0.000982, 0.000864, 0.000846
968, 0.000976, 0.000883, 0.000857
969, 0.001003, 0.000903, 0.000892
970, 0.001031, 0.001008, 0.000978
971, 0.001104, 0.000929, 0.000926
972, 0.001052, 0.000853, 0.000829
973, 0.000993, 0.000781, 0.000767
974, 0.000935, 0.000863, 0.000851
975, 0.000999, 0.000923, 0.000907
976, 0.001062, 0.000788, 0.000776
977, 0.000934, 0.000771, 0.000758
978, 0.000925, 0.000833, 0.000817
979, 0.000972, 0.000750, 0.000739
980, 0.000902, 0.000751, 0.000738
981, 0.000898, 0.000792, 0.000773
982, 0.000937, 0.000749, 0.000738
983, 0.000887, 0.000715, 0.000698
984, 0.000869, 0.000756, 0.000738
985, 0.000891, 0.000745, 0.000732
986, 0.000889, 0.000718, 0.000701
987, 0.000875, 0.000758, 0.000744
988, 0.000867, 0.000697, 0.000683
989, 0.000862, 0.000710, 0.000698
990, 0.000845, 0.000697, 0.000679
991, 0.000838, 0.000675, 0.000665
992, 0.000838, 0.000706, 0.000691
993, 0.000828, 0.000660, 0.000642
994, 0.000820, 0.000680, 0.000674
995, 0.000828, 0.000679, 0.000659
996, 0.000821, 0.000641, 0.000629
997, 0.000800, 0.000652, 0.000642
998, 0.000796, 0.000650, 0.000632
999, 0.000804, 0.000655, 0.000648
1000, 0.000803, 0.000624, 0.000608
1001, 0.000786, 0.000666, 0.000653
1002, 0.000799, 0.000624, 0.000612
1003, 0.000802, 0.000656, 0.000642
1004, 0.000792, 0.000603, 0.000590
1005, 0.000772, 0.000606, 0.000593
1006, 0.000758, 0.000601, 0.000589
1007, 0.000756, 0.000591, 0.000580
1008, 0.000761, 0.000612, 0.000601
1009, 0.000762, 0.000576, 0.000564
1010, 0.000750, 0.000596, 0.000587
1011, 0.000745, 0.000565, 0.000553
1012, 0.000737, 0.000571, 0.000562
1013, 0.000737, 0.000567, 0.000555
1014, 0.000729, 0.000552, 0.000541
1015, 0.000731, 0.000586, 0.000578
1016, 0.000736, 0.000547, 0.000533
1017, 0.000727, 0.000553, 0.000545
1018, 0.000717, 0.000545, 0.000536
1019, 0.000713, 0.000530, 0.000520
1020, 0.000713, 0.000554, 0.000546
1021, 0.000709, 0.000523, 0.000513
1022, 0.000702, 0.000521, 0.000510
1023, 0.000694, 0.000545, 0.000538
1024, 0.000709, 0.000523, 0.000509
1025, 0.000705, 0.000542, 0.000537
1026, 0.000703, 0.000512, 0.000502
1027, 0.000688, 0.000503, 0.000493
1028, 0.000685, 0.000521, 0.000512
1029, 0.000685, 0.000497, 0.000487
1030, 0.000682, 0.000506, 0.000495
1031, 0.000676, 0.000501, 0.000494
1032, 0.000676, 0.000495, 0.000483
1033, 0.000671, 0.000495, 0.000487
1034, 0.000669, 0.000483, 0.000475
1035, 0.000669, 0.000498, 0.000487
1036, 0.000669, 0.000480, 0.000474
1037, 0.000662, 0.000477, 0.000468
1038, 0.000658, 0.000483, 0.000472
1039, 0.000658, 0.000472, 0.000467
1040, 0.000659, 0.000476, 0.000467
1041, 0.000653, 0.000460, 0.000452
1042, 0.000645, 0.000464, 0.000457
1043, 0.000646, 0.000473, 0.000464
1044, 0.000649, 0.000454, 0.000445
1045, 0.000643, 0.000470, 0.000461
1046, 0.000644, 0.000447, 0.000437
1047, 0.000637, 0.000451, 0.000444
1048, 0.000636, 0.000461, 0.000452
1049, 0.000633, 0.000437, 0.000429
1050, 0.000635, 0.000457, 0.000450
1051, 0.000630, 0.000437, 0.000430
1052, 0.000625, 0.000432, 0.000426
1053, 0.000629, 0.000467, 0.000458
1054, 0.000632, 0.000424, 0.000419
1055, 0.000629, 0.000449, 0.000441
1056, 0.000621, 0.000435, 0.000427
1057, 0.000614, 0.000421, 0.000416
1058, 0.000630, 0.000479, 0.000469
1059, 0.000633, 0.000413, 0.000406
1060, 0.000616, 0.000420, 0.000413
1061, 0.000608, 0.000449, 0.000439
1062, 0.000615, 0.000409, 0.000402
1063, 0.000618, 0.000428, 0.000422
1064, 0.000605, 0.000412, 0.000404
1065, 0.000602, 0.000402, 0.000396
1066, 0.000604, 0.000435, 0.000428
1067, 0.000608, 0.000400, 0.000393
1068, 0.000601, 0.000407, 0.000401
1069, 0.000595, 0.000414, 0.000407
1070, 0.000597, 0.000393, 0.000386
1071, 0.000598, 0.000415, 0.000410
1072, 0.000596, 0.000401, 0.000393
1073, 0.000589, 0.000388, 0.000381
1074, 0.000594, 0.000434, 0.000427
1075, 0.000602, 0.000387, 0.000381
1076, 0.000589, 0.000388, 0.000382
1077, 0.000583, 0.000420, 0.000415
1078, 0.000593, 0.000384, 0.000377
1079, 0.000596, 0.000404, 0.000395
1080, 0.000584, 0.000390, 0.000386
1081, 0.000584, 0.000385, 0.000377
1082, 0.000587, 0.000404, 0.000398
1083, 0.000582, 0.000376, 0.000371
1084, 0.000574, 0.000382, 0.000374
1085, 0.000581, 0.000401, 0.000398
1086, 0.000581, 0.000372, 0.000365
1087, 0.000575, 0.000381, 0.000375
1088, 0.000573, 0.000387, 0.000382
1089, 0.000580, 0.000375, 0.000368
1090, 0.000574, 0.000370, 0.000364
1091, 0.000566, 0.000381, 0.000374
1092, 0.000570, 0.000366, 0.000358
1093, 0.000571, 0.000387, 0.000382
1094, 0.000568, 0.000369, 0.000362
1095, 0.000558, 0.000359, 0.000354
1096, 0.000567, 0.000388, 0.000383
1097, 0.000565, 0.000355, 0.000350
1098, 0.000560, 0.000359, 0.000354
1099, 0.000560, 0.000380, 0.000375
1100, 0.000564, 0.000352, 0.000346
1101, 0.000559, 0.000360, 0.000354
1102, 0.000555, 0.000369, 0.000363
1103, 0.000556, 0.000349, 0.000343
1104, 0.000557, 0.000363, 0.000356
1105, 0.000556, 0.000353, 0.000349
1106, 0.000551, 0.000351, 0.000345
1107, 0.000551, 0.000360, 0.000354
1108, 0.000549, 0.000346, 0.000342
1109, 0.000547, 0.000354, 0.000349
1110, 0.000550, 0.000351, 0.000347
1111, 0.000546, 0.000344, 0.000338
1112, 0.000547, 0.000349, 0.000343
1113, 0.000544, 0.000345, 0.000341
1114, 0.000546, 0.000345, 0.000339
1115, 0.000543, 0.000354, 0.000349
1116, 0.000543, 0.000338, 0.000333
1117, 0.000543, 0.000363, 0.000356
1118, 0.000546, 0.000346, 0.000344
1119, 0.000549, 0.000349, 0.000342
1120, 0.000545, 0.000343, 0.000337
1121, 0.000538, 0.000343, 0.000340
1122, 0.000545, 0.000357, 0.000349
1123, 0.000544, 0.000332, 0.000330
1124, 0.000544, 0.000357, 0.000352
1125, 0.000539, 0.000333, 0.000328
1126, 0.000536, 0.000333, 0.000330
1127, 0.000537, 0.000352, 0.000347
1128, 0.000537, 0.000327, 0.000322
1129, 0.000534, 0.000335, 0.000330
1130, 0.000531, 0.000342, 0.000337
1131, 0.000531, 0.000327, 0.000322
1132, 0.000536, 0.000341, 0.000336
1133, 0.000529, 0.000336, 0.000332
1134, 0.000531, 0.000327, 0.000321
1135, 0.000533, 0.000347, 0.000343
1136, 0.000530, 0.000325, 0.000321
1137, 0.000529, 0.000332, 0.000325
1138, 0.000530, 0.000337, 0.000334
1139, 0.000529, 0.000323, 0.000319
1140, 0.000527, 0.000333, 0.000326
1141, 0.000531, 0.000332, 0.000329
1142, 0.000529, 0.000328, 0.000321
1143, 0.000524, 0.000326, 0.000320
1144, 0.000525, 0.000331, 0.000328
1145, 0.000524, 0.000324, 0.000319
1146, 0.000523, 0.000324, 0.000319
1147, 0.000525, 0.000332, 0.000329
1148, 0.000523, 0.000326, 0.000321
1149, 0.000523, 0.000323, 0.000318
1150, 0.000522, 0.000329, 0.000326
1151, 0.000525, 0.000328, 0.000321
1152, 0.000522, 0.000316, 0.000313
1153, 0.000525, 0.000345, 0.000339
1154, 0.000528, 0.000312, 0.000307
1155, 0.000524, 0.000333, 0.000328
1156, 0.000522, 0.000317, 0.000313
1157, 0.000518, 0.000313, 0.000309
1158, 0.000517, 0.000331, 0.000328
1159, 0.000519, 0.000313, 0.000309
1160, 0.000517, 0.000321, 0.000317
1161, 0.000518, 0.000323, 0.000320
1162, 0.000516, 0.000313, 0.000309
1163, 0.000518, 0.000329, 0.000324
1164, 0.000520, 0.000311, 0.000307
1165, 0.000515, 0.000321, 0.000315
1166, 0.000515, 0.000319, 0.000316
1167, 0.000514, 0.000320, 0.000316
1168, 0.000516, 0.000311, 0.000308
1169, 0.000513, 0.000324, 0.000321
1170, 0.000513, 0.000318, 0.000315
1171, 0.000514, 0.000309, 0.000305
1172, 0.000513, 0.000319, 0.000316
1173, 0.000509, 0.000316, 0.000312
1174, 0.000511, 0.000309, 0.000305
1175, 0.000511, 0.000321, 0.000318
1176, 0.000511, 0.000312, 0.000309
1177, 0.000512, 0.000305, 0.000302
1178, 0.000510, 0.000337, 0.000333
1179, 0.000514, 0.000301, 0.000297
1180, 0.000514, 0.000330, 0.000324
1181, 0.000510, 0.000317, 0.000314
1182, 0.000511, 0.000303, 0.000299
1183, 0.000512, 0.000335, 0.000330
1184, 0.000512, 0.000304, 0.000302
1185, 0.000516, 0.000335, 0.000330
1186, 0.000514, 0.000301, 0.000298
1187, 0.000508, 0.000317, 0.000313
1188, 0.000507, 0.000312, 0.000307
1189, 0.000507, 0.000301, 0.000297
1190, 0.000508, 0.000328, 0.000324
1191, 0.000509, 0.000299, 0.000297
1192, 0.000507, 0.000316, 0.000312
1193, 0.000507, 0.000307, 0.000304
1194, 0.000502, 0.000307, 0.000303
1195, 0.000504, 0.000315, 0.000311
1196, 0.000501, 0.000305, 0.000301
1197, 0.000503, 0.000302, 0.000297
1198, 0.000502, 0.000322, 0.000318
1199, 0.000505, 0.000296, 0.000293
1200, 0.000509, 0.000323, 0.000318
1201, 0.000503, 0.000305, 0.000303
1202, 0.000501, 0.000297, 0.000293
1203, 0.000507, 0.000324, 0.000320
1204, 0.000505, 0.000299, 0.000297
1205, 0.000504, 0.000309, 0.000305
1206, 0.000504, 0.000305, 0.000303
1207, 0.000500, 0.000305, 0.000302
1208, 0.000500, 0.000304, 0.000300
1209, 0.000501, 0.000307, 0.000305
1210, 0.000504, 0.000310, 0.000306
1211, 0.000502, 0.000295, 0.000292
1212, 0.000501, 0.000318, 0.000315
1213, 0.000501, 0.000303, 0.000299
1214, 0.000501, 0.000298, 0.000293
1215, 0.000498, 0.000320, 0.000316
1216, 0.000499, 0.000293, 0.000289
1217, 0.000501, 0.000315, 0.000310
1218, 0.000499, 0.000299, 0.000296
1219, 0.000496, 0.000301, 0.000297
1220, 0.000496, 0.000315, 0.000309
1221, 0.000499, 0.000295, 0.000294
1222, 0.000502, 0.000313, 0.000309
1223, 0.000498, 0.000293, 0.000290
1224, 0.000498, 0.000300, 0.000297
1225, 0.000494, 0.000305, 0.000301
1226, 0.000497, 0.000297, 0.000294
1227, 0.000496, 0.000313, 0.000307
1228, 0.000496, 0.000293, 0.000290
1229, 0.000496, 0.000313, 0.000309
1230, 0.000498, 0.000294, 0.000289
1231, 0.000497, 0.000298, 0.000295
1232, 0.000495, 0.000312, 0.000307
1233, 0.000494, 0.000290, 0.000286
1234, 0.000496, 0.000309, 0.000305
1235, 0.000496, 0.000295, 0.000291
1236, 0.000491, 0.000299, 0.000296
1237, 0.000492, 0.000303, 0.000299
1238, 0.000496, 0.000298, 0.000295
1239, 0.000494, 0.000309, 0.000304
1240, 0.000495, 0.000290, 0.000287
1241, 0.000493, 0.000311, 0.000308
1242, 0.000494, 0.000291, 0.000287
1243, 0.000495, 0.000308, 0.000304
1244, 0.000492, 0.000298, 0.000295
1245, 0.000492, 0.000301, 0.000296
1246, 0.000491, 0.000297, 0.000293
1247, 0.000492, 0.000295, 0.000293
1248, 0.000491, 0.000305, 0.000299
1249, 0.000495, 0.000297, 0.000294
1250, 0.000490, 0.000304, 0.000301
1251, 0.000494, 0.000300, 0.000295
1252, 0.000496, 0.000298, 0.000295
1253, 0.000490, 0.000303, 0.000300
1254, 0.000491, 0.000292, 0.000287
1255, 0.000491, 0.000309, 0.000306
1256, 0.000494, 0.000289, 0.000287
1257, 0.000493, 0.000319, 0.000313
1258, 0.000496, 0.000290, 0.000288
1259, 0.000496, 0.000322, 0.000319
1260, 0.000495, 0.000287, 0.000284
1261, 0.000492, 0.000307, 0.000306
1262, 0.000492, 0.000301, 0.000298
1263, 0.000488, 0.000289, 0.000286
1264, 0.000495, 0.000322, 0.000320
1265, 0.000497, 0.000285, 0.000282
1266, 0.000490, 0.000310, 0.000304
1267, 0.000493, 0.000294, 0.000292
1268, 0.000491, 0.000301, 0.000297
1269, 0.000485, 0.000289, 0.000285
1270, 0.000491, 0.000313, 0.000310
1271, 0.000493, 0.000284, 0.000281
1272, 0.000491, 0.000318, 0.000312
1273, 0.000493, 0.000287, 0.000285
1274, 0.000491, 0.000301, 0.000297
1275, 0.000488, 0.000297, 0.000292
1276, 0.000487, 0.000290, 0.000288
1277, 0.000486, 0.000303, 0.000299
1278, 0.000487, 0.000288, 0.000285
1279, 0.000489, 0.000308, 0.000304
1280, 0.000485, 0.000286, 0.000283
1281, 0.000487, 0.000293, 0.000289
1282, 0.000488, 0.000317, 0.000313
1283, 0.000490, 0.000281, 0.000279
1284, 0.000495, 0.000336, 0.000331
1285, 0.000496, 0.000281, 0.000279
1286, 0.000491, 0.000306, 0.000302
1287, 0.000488, 0.000301, 0.000298
1288, 0.000488, 0.000279, 0.000277
1289, 0.000490, 0.000338, 0.000332
1290, 0.000498, 0.000280, 0.000279
1291, 0.000498, 0.000329, 0.000325
1292, 0.000494, 0.000282, 0.000281
1293, 0.000487, 0.000287, 0.000285
1294, 0.000485, 0.000318, 0.000314
1295, 0.000491, 0.000279, 0.000278
1296, 0.000495, 0.000330, 0.000325
1297, 0.000494, 0.000279, 0.000276
1298, 0.000488, 0.000291, 0.000288
1299, 0.000483, 0.000309, 0.000304
1300, 0.000487, 0.000279, 0.000276
1301, 0.000495, 0.000340, 0.000335
1302, 0.000498, 0.000278, 0.000276
1303, 0.000491, 0.000299, 0.000295
1304, 0.000482, 0.000292, 0.000289
1305, 0.000481, 0.000278, 0.000276
1306, 0.000484, 0.000314, 0.000309
1307, 0.000488, 0.000278, 0.000276
1308, 0.000486, 0.000297, 0.000292
1309, 0.000482, 0.000297, 0.000293
1310, 0.000481, 0.000279, 0.000276
1311, 0.000485, 0.000329, 0.000322
1312, 0.000495, 0.000283, 0.000282
1313, 0.000492, 0.000308, 0.000303
1314, 0.000485, 0.000287, 0.000283
1315, 0.000478, 0.000283, 0.000280
1316, 0.000481, 0.000301, 0.000297
1317, 0.000481, 0.000282, 0.000279
1318, 0.000479, 0.000282, 0.000280
1319, 0.000483, 0.000323, 0.000317
1320, 0.000492, 0.000277, 0.000275
1321, 0.000493, 0.000328, 0.000325
1322, 0.000492, 0.000282, 0.000278
1323, 0.000482, 0.000278, 0.000276
1324, 0.000482, 0.000331, 0.000327
1325, 0.000493, 0.000274, 0.000270
1326, 0.000493, 0.000311, 0.000306
1327, 0.000486, 0.000283, 0.000280
1328, 0.000480, 0.000278, 0.000274
1329, 0.000480, 0.000317, 0.000312
1330, 0.000485, 0.000276, 0.000274
1331, 0.000486, 0.000304, 0.000299
1332, 0.000480, 0.000286, 0.000284
1333, 0.000479, 0.000285, 0.000283
1334, 0.000477, 0.000300, 0.000295
1335, 0.000479, 0.000279, 0.000277
1336, 0.000479, 0.000293, 0.000289
1337, 0.000478, 0.000289, 0.000284
1338, 0.000478, 0.000280, 0.000278
1339, 0.000482, 0.000307, 0.000302
1340, 0.000481, 0.000275, 0.000271
1341, 0.000478, 0.000294, 0.000291
1342, 0.000477, 0.000290, 0.000286
1343, 0.000474, 0.000278, 0.000274
1344, 0.000477, 0.000291, 0.000287
1345, 0.000476, 0.000286, 0.000284
1346, 0.000473, 0.000275, 0.000272
1347, 0.000479, 0.000311, 0.000307
1348, 0.000484, 0.000273, 0.000272
1349, 0.000484, 0.000305, 0.000300
1350, 0.000480, 0.000287, 0.000283
1351, 0.000473, 0.000276, 0.000274
1352, 0.000482, 0.000321, 0.000315
1353, 0.000490, 0.000274, 0.000272
1354, 0.000481, 0.000299, 0.000295
1355, 0.000478, 0.000282, 0.000278
1356, 0.000477, 0.000278, 0.000276
1357, 0.000474, 0.000308, 0.000303
1358, 0.000480, 0.000273, 0.000270
1359, 0.000476, 0.000291, 0.000288
1360, 0.000475, 0.000286, 0.000282
1361, 0.000473, 0.000276, 0.000273
1362, 0.000474, 0.000296, 0.000293
1363, 0.000474, 0.000280, 0.000276
1364, 0.000471, 0.000279, 0.000275
1365, 0.000471, 0.000295, 0.000292
1366, 0.000475, 0.000276, 0.000272
1367, 0.000475, 0.000290, 0.000286
1368, 0.000472, 0.000285, 0.000282
1369, 0.000473, 0.000281, 0.000276
1370, 0.000473, 0.000293, 0.000288
1371, 0.000473, 0.000277, 0.000275
1372, 0.000477, 0.000298, 0.000293
1373, 0.000475, 0.000275, 0.000273
1374, 0.000471, 0.000282, 0.000280
1375, 0.000472, 0.000296, 0.000292
1376, 0.000474, 0.000275, 0.000272
1377, 0.000475, 0.000296, 0.000294
1378, 0.000474, 0.000280, 0.000275
1379, 0.000470, 0.000282, 0.000278
1380, 0.000475, 0.000294, 0.000291
1381, 0.000474, 0.000277, 0.000273
1382, 0.000471, 0.000292, 0.000287
1383, 0.000472, 0.000280, 0.000276
1384, 0.000468, 0.000282, 0.000277
1385, 0.000470, 0.000281, 0.000277
1386, 0.000471, 0.000284, 0.000280
1387, 0.000472, 0.000281, 0.000277
1388, 0.000470, 0.000284, 0.000281
1389, 0.000467, 0.000288, 0.000285
1390, 0.000466, 0.000278, 0.000275
1391, 0.000468, 0.000283, 0.000279
1392, 0.000468, 0.000287, 0.000283
1393, 0.000469, 0.000275, 0.000271
1394, 0.000469, 0.000294, 0.000289
1395, 0.000470, 0.000279, 0.000276
1396, 0.000468, 0.000284, 0.000280
1397, 0.000469, 0.000293, 0.000289
1398, 0.000469, 0.000273, 0.000271
1399, 0.000471, 0.000308, 0.000303
1400, 0.000474, 0.000272, 0.000269
1401, 0.000476, 0.000293, 0.000289
1402, 0.000469, 0.000283, 0.000279
1403, 0.000467, 0.000276, 0.000272
1404, 0.000468, 0.000296, 0.000292
1405, 0.000471, 0.000270, 0.000268
1406, 0.000469, 0.000290, 0.000286
1407, 0.000469, 0.000276, 0.000273
1408, 0.000468, 0.000280, 0.000276
1409, 0.000468, 0.000294, 0.000290
1410, 0.000468, 0.000279, 0.000275
1411, 0.000465, 0.000279, 0.000276
1412, 0.000468, 0.000286, 0.000282
1413, 0.000466, 0.000274, 0.000270
1414, 0.000466, 0.000293, 0.000289
1415, 0.000466, 0.000273, 0.000270
1416, 0.000467, 0.000285, 0.000281
1417, 0.000466, 0.000281, 0.000277
1418, 0.000463, 0.000279, 0.000275
1419, 0.000466, 0.000281, 0.000277
1420, 0.000465, 0.000283, 0.000279
1421, 0.000467, 0.000275, 0.000272
1422, 0.000465, 0.000294, 0.000290
1423, 0.000465, 0.000273, 0.000270
1424, 0.000466, 0.000298, 0.000294
1425, 0.000467, 0.000271, 0.000268
1426, 0.000466, 0.000284, 0.000280
1427, 0.000464, 0.000284, 0.000279
1428, 0.000464, 0.000271, 0.000268
1429, 0.000467, 0.000303, 0.000298
1430, 0.000466, 0.000274, 0.000269
1431, 0.000464, 0.000280, 0.000276
1432, 0.000464, 0.000293, 0.000290
1433, 0.000464, 0.000268, 0.000265
1434, 0.000467, 0.000302, 0.000297
1435, 0.000467, 0.000272, 0.000270
1436, 0.000466, 0.000285, 0.000280
1437, 0.000464, 0.000283, 0.000279
1438, 0.000461, 0.000277, 0.000273
1439, 0.000465, 0.000284, 0.000278
1440, 0.000467, 0.000287, 0.000284
1441, 0.000465, 0.000272, 0.000269
1442, 0.000463, 0.000298, 0.000291
1443, 0.000466, 0.000273, 0.000270
1444, 0.000465, 0.000290, 0.000285
1445, 0.000462, 0.000277, 0.000273
1446, 0.000461, 0.000277, 0.000274
1447, 0.000463, 0.000295, 0.000290
1448, 0.000464, 0.000266, 0.000263
1449, 0.000465, 0.000298, 0.000293
1450, 0.000464, 0.000274, 0.000270
1451, 0.000464, 0.000280, 0.000275
1452, 0.000460, 0.000289, 0.000284
1453, 0.000460, 0.000271, 0.000268
1454, 0.000463, 0.000293, 0.000288
1455, 0.000463, 0.000275, 0.000271
1456, 0.000459, 0.000280, 0.000277
1457, 0.000459, 0.000288, 0.000283
1458, 0.000461, 0.000267, 0.000263
1459, 0.000464, 0.000307, 0.000301
1460, 0.000465, 0.000267, 0.000264
1461, 0.000465, 0.000293, 0.000288
1462, 0.000459, 0.000274, 0.000271
1463, 0.000462, 0.000281, 0.000277
1464, 0.000458, 0.000283, 0.000278
1465, 0.000458, 0.000273, 0.000270
1466, 0.000464, 0.000287, 0.000283
1467, 0.000459, 0.000271, 0.000267
1468, 0.000461, 0.000279, 0.000276
1469, 0.000458, 0.000283, 0.000277
1470, 0.000461, 0.000275, 0.000270
1471, 0.000456, 0.000278, 0.000274
1472, 0.000459, 0.000286, 0.000281
1473, 0.000458, 0.000270, 0.000266
1474, 0.000457, 0.000288, 0.000283
1475, 0.000457, 0.000277, 0.000273
1476, 0.000458, 0.000268, 0.000264
1477, 0.000459, 0.000301, 0.000296
1478, 0.000461, 0.000262, 0.000259
1479, 0.000466, 0.000313, 0.000307
1480, 0.000465, 0.000265, 0.000262
1481, 0.000462, 0.000285, 0.000281
1482, 0.000457, 0.000284, 0.000279
1483, 0.000458, 0.000267, 0.000264
1484, 0.000458, 0.000300, 0.000295
1485, 0.000461, 0.000268, 0.000263
1486, 0.000458, 0.000283, 0.000278
1487, 0.000455, 0.000284, 0.000279
1488, 0.000457, 0.000267, 0.000264
1489, 0.000459, 0.000302, 0.000297
1490, 0.000461, 0.000264, 0.000261
1491, 0.000459, 0.000284, 0.000279
1492, 0.000456, 0.000277, 0.000273
1493, 0.000453, 0.000264, 0.000260
1494, 0.000457, 0.000295, 0.000289
1495, 0.000457, 0.000267, 0.000262
1496, 0.000457, 0.000285, 0.000279
1497, 0.000454, 0.000274, 0.000269
1498, 0.000455, 0.000273, 0.000269
1499, 0.000452, 0.000291, 0.000286
1500, 0.000455, 0.000262, 0.000259
1501, 0.000457, 0.000304, 0.000299
1502, 0.000457, 0.000263, 0.000260
1503, 0.000456, 0.000280, 0.000276
1504, 0.000455, 0.000284, 0.000279
1505, 0.000456, 0.000263, 0.000259
1506, 0.000454, 0.000304, 0.000298
1507, 0.000459, 0.000259, 0.000256
1508, 0.000459, 0.000301, 0.000295
1509, 0.000457, 0.000263, 0.000259
1510, 0.000458, 0.000293, 0.000286
1511, 0.000456, 0.000264, 0.000259
1512, 0.000455, 0.000281, 0.000277
1513, 0.000455, 0.000283, 0.000277
1514, 0.000455, 0.000262, 0.000257
1515, 0.000454, 0.000297, 0.000292
1516, 0.000455, 0.000270, 0.000265
1517, 0.000451, 0.000267, 0.000262
1518, 0.000452, 0.000316, 0.000310
1519, 0.000463, 0.000257, 0.000254
1520, 0.000470, 0.000324, 0.000317
1521, 0.000464, 0.000262, 0.000258
1522, 0.000456, 0.000279, 0.000274
1523, 0.000452, 0.000280, 0.000275
1524, 0.000453, 0.000263, 0.000259
1525, 0.000453, 0.000287, 0.000282
1526, 0.000454, 0.000265, 0.000261
1527, 0.000451, 0.000272, 0.000268
1528, 0.000452, 0.000278, 0.000274
1529, 0.000451, 0.000263, 0.000258
1530, 0.000453, 0.000294, 0.000287
1531, 0.000456, 0.000264, 0.000261
1532, 0.000452, 0.000292, 0.000285
1533, 0.000453, 0.000263, 0.000259
1534, 0.000454, 0.000284, 0.000278
1535, 0.000453, 0.000270, 0.000266
1536, 0.000448, 0.000275, 0.000271
1537, 0.000449, 0.000274, 0.000270
1538, 0.000448, 0.000274, 0.000270
1539, 0.000448, 0.000278, 0.000272
1540, 0.000449, 0.000266, 0.000262
1541, 0.000448, 0.000288, 0.000282
1542, 0.000453, 0.000258, 0.000253
1543, 0.000455, 0.000302, 0.000296
1544, 0.000455, 0.000259, 0.000255
1545, 0.000451, 0.000281, 0.000275
1546, 0.000448, 0.000273, 0.000268
1547, 0.000447, 0.000260, 0.000255
1548, 0.000451, 0.000311, 0.000304
1549, 0.000459, 0.000253, 0.000249
1550, 0.000457, 0.000295, 0.000288
1551, 0.000451, 0.000271, 0.000265
1552, 0.000446, 0.000256, 0.000252
1553, 0.000451, 0.000320, 0.000313
1554, 0.000461, 0.000254, 0.000250
1555, 0.000463, 0.000312, 0.000306
1556, 0.000456, 0.000261, 0.000257
1557, 0.000446, 0.000258, 0.000254
1558, 0.000449, 0.000310, 0.000305
1559, 0.000456, 0.000254, 0.000251
1560, 0.000461, 0.000317, 0.000310
1561, 0.000459, 0.000256, 0.000253
1562, 0.000448, 0.000267, 0.000262
1563, 0.000444, 0.000294, 0.000287
1564, 0.000450, 0.000252, 0.000248
1565, 0.000459, 0.000309, 0.000302
1566, 0.000455, 0.000261, 0.000256
1567, 0.000446, 0.000265, 0.000260
1568, 0.000448, 0.000294, 0.000290
1569, 0.000451, 0.000256, 0.000252
1570, 0.000448, 0.000278, 0.000273
1571, 0.000444, 0.000263, 0.000259
1572, 0.000443, 0.000270, 0.000264
1573, 0.000445, 0.000273, 0.000268
1574, 0.000446, 0.000261, 0.000257
1575, 0.000446, 0.000275, 0.000270
1576, 0.000445, 0.000262, 0.000257
1577, 0.000444, 0.000271, 0.000265
1578, 0.000444, 0.000268, 0.000262
1579, 0.000443, 0.000261, 0.000256
1580, 0.000443, 0.000275, 0.000269
1581, 0.000443, 0.000261, 0.000256
1582, 0.000443, 0.000262, 0.000256
1583, 0.000442, 0.000272, 0.000266
1584, 0.000442, 0.000261, 0.000257
1585, 0.000445, 0.000270, 0.000264
1586, 0.000443, 0.000269, 0.000263
1587, 0.000441, 0.000263, 0.000258
1588, 0.000442, 0.000267, 0.000261
1589, 0.000441, 0.000264, 0.000258
1590, 0.000441, 0.000274, 0.000268
1591, 0.000440, 0.000261, 0.000256
1592, 0.000443, 0.000272, 0.000266
1593, 0.000441, 0.000266, 0.000260
1594, 0.000438, 0.000261, 0.000256
1595, 0.000440, 0.000274, 0.000268
1596, 0.000442, 0.000260, 0.000255
1597, 0.000440, 0.000262, 0.000257
1598, 0.000443, 0.000282, 0.000276
1599, 0.000441, 0.000251, 0.000246
1600, 0.000447, 0.000292, 0.000285
1601, 0.000446, 0.000252, 0.000247
1602, 0.000443, 0.000283, 0.000277
1603, 0.000443, 0.000255, 0.000250
1604, 0.000441, 0.000266, 0.000261
1605, 0.000437, 0.000277, 0.000270
1606, 0.000438, 0.000254, 0.000249
1607, 0.000441, 0.000284, 0.000276
1608, 0.000444, 0.000255, 0.000249
1609, 0.000439, 0.000270, 0.000264
1610, 0.000436, 0.000277, 0.000270
1611, 0.000439, 0.000251, 0.000245
1612, 0.000442, 0.000304, 0.000297
1613, 0.000447, 0.000250, 0.000246
1614, 0.000446, 0.000282, 0.000274
1615, 0.000441, 0.000259, 0.000254
1616, 0.000437, 0.000256, 0.000251
1617, 0.000437, 0.000292, 0.000284
1618, 0.000444, 0.000250, 0.000246
1619, 0.000448, 0.000302, 0.000296
1620, 0.000447, 0.000249, 0.000244
1621, 0.000445, 0.000284, 0.000278
1622, 0.000439, 0.000261, 0.000256
1623, 0.000434, 0.000253, 0.000248
1624, 0.000436, 0.000280, 0.000273
1625, 0.000439, 0.000253, 0.000248
1626, 0.000439, 0.000278, 0.000270
1627, 0.000438, 0.000254, 0.000248
1628, 0.000436, 0.000270, 0.000263
1629, 0.000434, 0.000257, 0.000251
1630, 0.000433, 0.000265, 0.000259
1631, 0.000437, 0.000256, 0.000250
1632, 0.000433, 0.000262, 0.000256
1633, 0.000433, 0.000269, 0.000263
1634, 0.000434, 0.000254, 0.000248
1635, 0.000434, 0.000272, 0.000265
1636, 0.000432, 0.000260, 0.000253
1637, 0.000433, 0.000264, 0.000258
1638, 0.000434, 0.000271, 0.000263
1639, 0.000434, 0.000251, 0.000245
1640, 0.000435, 0.000278, 0.000270
1641, 0.000433, 0.000253, 0.000247
1642, 0.000432, 0.000258, 0.000251
1643, 0.000433, 0.000275, 0.000268
1644, 0.000435, 0.000251, 0.000246
1645, 0.000433, 0.000267, 0.000260
1646, 0.000433, 0.000267, 0.000261
1647, 0.000433, 0.000247, 0.000242
1648, 0.000433, 0.000293, 0.000284
1649, 0.000438, 0.000244, 0.000239
1650, 0.000439, 0.000289, 0.000282
1651, 0.000434, 0.000249, 0.000242
1652, 0.000434, 0.000262, 0.000255
1653, 0.000429, 0.000267, 0.000261
1654, 0.000434, 0.000248, 0.000242
1655, 0.000433, 0.000272, 0.000265
1656, 0.000432, 0.000255, 0.000249
1657, 0.000431, 0.000258, 0.000251
1658, 0.000431, 0.000274, 0.000267
1659, 0.000431, 0.000244, 0.000239
1660, 0.000431, 0.000279, 0.000271
1661, 0.000433, 0.000255, 0.000248
1662, 0.000430, 0.000258, 0.000251
1663, 0.000429, 0.000266, 0.000259
1664, 0.000430, 0.000250, 0.000244
1665, 0.000430, 0.000271, 0.000263
1666, 0.000430, 0.000254, 0.000248
1667, 0.000430, 0.000261, 0.000254
1668, 0.000426, 0.000264, 0.000257
1669, 0.000429, 0.000250, 0.000244
1670, 0.000429, 0.000270, 0.000263
1671, 0.000429, 0.000253, 0.000246
1672, 0.000430, 0.000262, 0.000255
1673, 0.000428, 0.000257, 0.000251
1674, 0.000427, 0.000255, 0.000248
1675, 0.000427, 0.000269, 0.000263
1676, 0.000428, 0.000251, 0.000246
1677, 0.000428, 0.000268, 0.000261
1678, 0.000427, 0.000251, 0.000245
1679, 0.000427, 0.000265, 0.000258
1680, 0.000426, 0.000261, 0.000253
1681, 0.000427, 0.000250, 0.000244
1682, 0.000425, 0.000280, 0.000273
1683, 0.000429, 0.000244, 0.000238
1684, 0.000432, 0.000292, 0.000283
1685, 0.000433, 0.000244, 0.000239
1686, 0.000429, 0.000269, 0.000261
1687, 0.000425, 0.000255, 0.000247
1688, 0.000424, 0.000248, 0.000242
1689, 0.000426, 0.000289, 0.000280
1690, 0.000432, 0.000241, 0.000235
1691, 0.000429, 0.000276, 0.000268
1692, 0.000428, 0.000249, 0.000243
1693, 0.000426, 0.000263, 0.000255
1694, 0.000424, 0.000257, 0.000250
1695, 0.000423, 0.000265, 0.000258
1696, 0.000423, 0.000252, 0.000245
1697, 0.000424, 0.000257, 0.000249
1698, 0.000423, 0.000262, 0.000255
1699, 0.000423, 0.000253, 0.000246
1700, 0.000423, 0.000256, 0.000249
1701, 0.000422, 0.000257, 0.000250
1702, 0.000422, 0.000255, 0.000249
1703, 0.000422, 0.000262, 0.000254
1704, 0.000423, 0.000256, 0.000249
1705, 0.000422, 0.000259, 0.000253
1706, 0.000423, 0.000254, 0.000247
1707, 0.000424, 0.000261, 0.000254
1708, 0.000423, 0.000252, 0.000247
1709, 0.000422, 0.000264, 0.000256
1710, 0.000422, 0.000253, 0.000245
1711, 0.000420, 0.000256, 0.000250
1712, 0.000420, 0.000267, 0.000259
1713, 0.000421, 0.000244, 0.000236
1714, 0.000421, 0.000273, 0.000265
1715, 0.000422, 0.000250, 0.000242
1716, 0.000419, 0.000259, 0.000251
1717, 0.000421, 0.000252, 0.000245
1718, 0.000417, 0.000259, 0.000252
1719, 0.000420, 0.000257, 0.000249
1720, 0.000420, 0.000252, 0.000245
1721, 0.000419, 0.000265, 0.000258
1722, 0.000421, 0.000244, 0.000237
1723, 0.000420, 0.000279, 0.000271
1724, 0.000420, 0.000239, 0.000232
1725, 0.000423, 0.000274, 0.000265
1726, 0.000422, 0.000246, 0.000239
1727, 0.000423, 0.000259, 0.000251
1728, 0.000419, 0.000258, 0.000250
1729, 0.000417, 0.000251, 0.000244
1730, 0.000418, 0.000270, 0.000261
1731, 0.000421, 0.000242, 0.000235
1732, 0.000419, 0.000280, 0.000271
1733, 0.000421, 0.000239, 0.000231
1734, 0.000422, 0.000271, 0.000262
1735, 0.000419, 0.000247, 0.000240
1736, 0.000419, 0.000262, 0.000253
1737, 0.000420, 0.000247, 0.000240
1738, 0.000417, 0.000267, 0.000260
1739, 0.000420, 0.000248, 0.000240
1740, 0.000420, 0.000260, 0.000253
1741, 0.000417, 0.000259, 0.000252
1742, 0.000418, 0.000244, 0.000235
1743, 0.000420, 0.000282, 0.000273
1744, 0.000421, 0.000235, 0.000227
1745, 0.000421, 0.000285, 0.000274
1746, 0.000422, 0.000244, 0.000237
1747, 0.000419, 0.000261, 0.000253
1748, 0.000412, 0.000251, 0.000242
1749, 0.000417, 0.000251, 0.000245
1750, 0.000416, 0.000265, 0.000257
1751, 0.000416, 0.000238, 0.000230
1752, 0.000419, 0.000281, 0.000273
1753, 0.000421, 0.000235, 0.000228
1754, 0.000418, 0.000278, 0.000268
1755, 0.000418, 0.000245, 0.000238
1756, 0.000415, 0.000255, 0.000246
1757, 0.000413, 0.000255, 0.000245
1758, 0.000413, 0.000248, 0.000240
1759, 0.000414, 0.000264, 0.000253
1760, 0.000414, 0.000242, 0.000233
1761, 0.000414, 0.000267, 0.000258
1762, 0.000414, 0.000240, 0.000231
1763, 0.000414, 0.000265, 0.000255
1764, 0.000413, 0.000239, 0.000233
1765, 0.000413, 0.000262, 0.000253
1766, 0.000413, 0.000239, 0.000231
1767, 0.000411, 0.000262, 0.000254
1768, 0.000414, 0.000238, 0.000231
1769, 0.000412, 0.000259, 0.000251
1770, 0.000410, 0.000245, 0.000237
1771, 0.000410, 0.000254, 0.000245
1772, 0.000409, 0.000251, 0.000242
1773, 0.000411, 0.000250, 0.000241
1774, 0.000408, 0.000248, 0.000240
1775, 0.000409, 0.000246, 0.000239
1776, 0.000409, 0.000258, 0.000249
1777, 0.000410, 0.000238, 0.000230
1778, 0.000407, 0.000259, 0.000250
1779, 0.000410, 0.000247, 0.000238
1780, 0.000410, 0.000251, 0.000243
1781, 0.000408, 0.000245, 0.000236
1782, 0.000409, 0.000258, 0.000249
1783, 0.000410, 0.000240, 0.000232
1784, 0.000408, 0.000261, 0.000252
1785, 0.000407, 0.000239, 0.000230
1786, 0.000407, 0.000256, 0.000248
1787, 0.000409, 0.000248, 0.000239
1788, 0.000408, 0.000236, 0.000229
1789, 0.000408, 0.000270, 0.000261
1790, 0.000410, 0.000230, 0.000223
1791, 0.000411, 0.000273, 0.000262
1792, 0.000410, 0.000237, 0.000228
1793, 0.000407, 0.000253, 0.000243
1794, 0.000405, 0.000258, 0.000248
1795, 0.000405, 0.000236, 0.000227
1796, 0.000408, 0.000271, 0.000260
1797, 0.000407, 0.000232, 0.000223
1798, 0.000411, 0.000274, 0.000264
1799, 0.000408, 0.000233, 0.000225
1800, 0.000408, 0.000268, 0.000258
1801, 0.000407, 0.000235, 0.000226
1802, 0.000405, 0.000254, 0.000245
1803, 0.000405, 0.000238, 0.000229
1804, 0.000403, 0.000252, 0.000243
1805, 0.000405, 0.000245, 0.000236
1806, 0.000404, 0.000237, 0.000228
1807, 0.000404, 0.000272, 0.000263
1808, 0.000409, 0.000224, 0.000217
1809, 0.000415, 0.000316, 0.000304
1810, 0.000421, 0.000223, 0.000215
1811, 0.000424, 0.000319, 0.000306
1812, 0.000424, 0.000221, 0.000213
1813, 0.000420, 0.000287, 0.000274
1814, 0.000410, 0.000230, 0.000221
1815, 0.000405, 0.000255, 0.000245
1816, 0.000401, 0.000243, 0.000232
1817, 0.000402, 0.000231, 0.000222
1818, 0.000404, 0.000267, 0.000256
1819, 0.000405, 0.000224, 0.000215
1820, 0.000405, 0.000267, 0.000256
1821, 0.000403, 0.000238, 0.000228
1822, 0.000400, 0.000231, 0.000222
1823, 0.000404, 0.000278, 0.000267
1824, 0.000407, 0.000220, 0.000212
1825, 0.000409, 0.000285, 0.000274
1826, 0.000409, 0.000224, 0.000215
1827, 0.000403, 0.000239, 0.000230
1828, 0.000399, 0.000259, 0.000249
1829, 0.000403, 0.000221, 0.000213
1830, 0.000405, 0.000274, 0.000263
1831, 0.000407, 0.000224, 0.000216
1832, 0.000405, 0.000260, 0.000249
1833, 0.000401, 0.000235, 0.000225
1834, 0.000399, 0.000230, 0.000221
1835, 0.000400, 0.000265, 0.000253
1836, 0.000403, 0.000220, 0.000211
1837, 0.000406, 0.000265, 0.000254
1838, 0.000402, 0.000229, 0.000219
1839, 0.000400, 0.000237, 0.000227
1840, 0.000398, 0.000243, 0.000234
1841, 0.000397, 0.000230, 0.000220
1842, 0.000397, 0.000238, 0.000227
1843, 0.000397, 0.000251, 0.000241
1844, 0.000400, 0.000226, 0.000217
1845, 0.000399, 0.000251, 0.000241
1846, 0.000400, 0.000234, 0.000225
1847, 0.000396, 0.000238, 0.000228
1848, 0.000395, 0.000240, 0.000229
1849, 0.000396, 0.000238, 0.000228
1850, 0.000396, 0.000234, 0.000224
1851, 0.000398, 0.000251, 0.000240
1852, 0.000398, 0.000229, 0.000219
1853, 0.000393, 0.000238, 0.000227
1854, 0.000396, 0.000241, 0.000231
1855, 0.000393, 0.000231, 0.000221
1856, 0.000396, 0.000248, 0.000237
1857, 0.000396, 0.000228, 0.000218
1858, 0.000398, 0.000254, 0.000242
1859, 0.000398, 0.000224, 0.000215
1860, 0.000395, 0.000243, 0.000233
1861, 0.000392, 0.000244, 0.000233
1862, 0.000395, 0.000219, 0.000210
1863, 0.000399, 0.000277, 0.000266
1864, 0.000404, 0.000214, 0.000205
1865, 0.000405, 0.000277, 0.000266
1866, 0.000403, 0.000220, 0.000212
1867, 0.000401, 0.000245, 0.000234
1868, 0.000395, 0.000237, 0.000226
1869, 0.000394, 0.000222, 0.000213
1870, 0.000396, 0.000284, 0.000270
1871, 0.000405, 0.000216, 0.000207
1872, 0.000408, 0.000276, 0.000264
1873, 0.000400, 0.000226, 0.000216
1874, 0.000392, 0.000228, 0.000218
1875, 0.000394, 0.000265, 0.000253
1876, 0.000398, 0.000216, 0.000207
1877, 0.000400, 0.000273, 0.000260
1878, 0.000398, 0.000220, 0.000210
1879, 0.000393, 0.000232, 0.000221
1880, 0.000391, 0.000250, 0.000238
1881, 0.000391, 0.000216, 0.000207
1882, 0.000394, 0.000245, 0.000235
1883, 0.000393, 0.000236, 0.000226
1884, 0.000390, 0.000222, 0.000212
1885, 0.000393, 0.000255, 0.000243
1886, 0.000393, 0.000220, 0.000209
1887, 0.000393, 0.000243, 0.000231
1888, 0.000391, 0.000235, 0.000223
1889, 0.000391, 0.000222, 0.000212
1890, 0.000391, 0.000262, 0.000251
1891, 0.000395, 0.000214, 0.000205
1892, 0.000397, 0.000257, 0.000246
1893, 0.000392, 0.000219, 0.000209
1894, 0.000390, 0.000239, 0.000228
1895, 0.000388, 0.000239, 0.000228
1896, 0.000388, 0.000217, 0.000207
1897, 0.000389, 0.000255, 0.000244
1898, 0.000391, 0.000218, 0.000209
1899, 0.000389, 0.000243, 0.000232
1900, 0.000387, 0.000235, 0.000224
1901, 0.000385, 0.000219, 0.000208
1902, 0.000388, 0.000254, 0.000241
1903, 0.000391, 0.000215, 0.000205
1904, 0.000389, 0.000241, 0.000229
1905, 0.000388, 0.000228, 0.000217
1906, 0.000387, 0.000225, 0.000214
1907, 0.000386, 0.000247, 0.000234
1908, 0.000386, 0.000214, 0.000204
1909, 0.000391, 0.000262, 0.000251
1910, 0.000392, 0.000215, 0.000205
1911, 0.000391, 0.000246, 0.000235
1912, 0.000387, 0.000224, 0.000213
1913, 0.000385, 0.000225, 0.000214
1914, 0.000385, 0.000250, 0.000238
1915, 0.000384, 0.000216, 0.000206
1916, 0.000389, 0.000249, 0.000237
1917, 0.000388, 0.000218, 0.000207
1918, 0.000386, 0.000233, 0.000222
1919, 0.000383, 0.000234, 0.000223
1920, 0.000381, 0.000217, 0.000206
1921, 0.000386, 0.000245, 0.000233
1922, 0.000384, 0.000223, 0.000212
1923, 0.000382, 0.000230, 0.000218
1924, 0.000382, 0.000234, 0.000221
1925, 0.000383, 0.000221, 0.000210
1926, 0.000384, 0.000231, 0.000219
1927, 0.000381, 0.000234, 0.000221
1928, 0.000382, 0.000221, 0.000211
1929, 0.000384, 0.000240, 0.000228
1930, 0.000381, 0.000218, 0.000206
1931, 0.000383, 0.000237, 0.000225
1932, 0.000382, 0.000235, 0.000224
1933, 0.000382, 0.000219, 0.000207
1934, 0.000384, 0.000256, 0.000244
1935, 0.000385, 0.000216, 0.000206
1936, 0.000384, 0.000241, 0.000228
1937, 0.000383, 0.000230, 0.000219
1938, 0.000381, 0.000221, 0.000210
1939, 0.000382, 0.000238, 0.000225
1940, 0.000380, 0.000221, 0.000210
1941, 0.000379, 0.000227, 0.000216
1942, 0.000382, 0.000236, 0.000223
1943, 0.000379, 0.000216, 0.000205
1944, 0.000380, 0.000241, 0.000229
1945, 0.000380, 0.000222, 0.000209
1946, 0.000378, 0.000229, 0.000216
1947, 0.000381, 0.000234, 0.000222
1948, 0.000379, 0.000222, 0.000210
1949, 0.000378, 0.000234, 0.000222
1950, 0.000382, 0.000233, 0.000221
1951, 0.000379, 0.000217, 0.000205
1952, 0.000380, 0.000247, 0.000234
1953, 0.000381, 0.000215, 0.000204
1954, 0.000379, 0.000248, 0.000235
1955, 0.000380, 0.000219, 0.000207
1956, 0.000381, 0.000231, 0.000219
1957, 0.000377, 0.000235, 0.000223
1958, 0.000379, 0.000216, 0.000204
1959, 0.000378, 0.000243, 0.000230
1960, 0.000378, 0.000216, 0.000205
1961, 0.000378, 0.000241, 0.000229
1962, 0.000378, 0.000217, 0.000205
1963, 0.000376, 0.000242, 0.000229
1964, 0.000376, 0.000219, 0.000208
1965, 0.000376, 0.000226, 0.000213
1966, 0.000375, 0.000237, 0.000224
1967, 0.000375, 0.000209, 0.000198
1968, 0.000377, 0.000253, 0.000240
1969, 0.000383, 0.000206, 0.000194
1970, 0.000380, 0.000246, 0.000234
1971, 0.000377, 0.000217, 0.000205
1972, 0.000373, 0.000225, 0.000213
1973, 0.000372, 0.000243, 0.000230
1974, 0.000373, 0.000208, 0.000197
1975, 0.000379, 0.000261, 0.000245
1976, 0.000380, 0.000212, 0.000200
1977, 0.000377, 0.000234, 0.000220
1978, 0.000376, 0.000230, 0.000215
1979, 0.000374, 0.000208, 0.000197
1980, 0.000378, 0.000269, 0.000255
1981, 0.000383, 0.000199, 0.000188
1982, 0.000385, 0.000272, 0.000260
1983, 0.000383, 0.000210, 0.000198
1984, 0.000375, 0.000222, 0.000210
1985, 0.000373, 0.000249, 0.000235
1986, 0.000375, 0.000201, 0.000189
1987, 0.000382, 0.000286, 0.000270
1988, 0.000388, 0.000200, 0.000189
1989, 0.000386, 0.000264, 0.000249
1990, 0.000378, 0.000213, 0.000201
1991, 0.000371, 0.000213, 0.000201
1992, 0.000373, 0.000253, 0.000238
1993, 0.000377, 0.000200, 0.000189
1994, 0.000378, 0.000250, 0.000237
1995, 0.000376, 0.000205, 0.000193
1996, 0.000371, 0.000221, 0.000209
1997, 0.000370, 0.000236, 0.000224
1998, 0.000372, 0.000201, 0.000190
1999, 0.000377, 0.000268, 0.000255
2000, 0.000381, 0.000203, 0.000192
2001, 0.000375, 0.000232, 0.000219
2002, 0.000369, 0.000231, 0.000219
2003, 0.000369, 0.000206, 0.000193
2004, 0.000376, 0.000261, 0.000246
2005, 0.000374, 0.000206, 0.000194
2006, 0.000371, 0.000224, 0.000211
2007, 0.000367, 0.000227, 0.000214
2008, 0.000369, 0.000200, 0.000189
2009, 0.000369, 0.000244, 0.000230
2010, 0.000372, 0.000202, 0.000190
2011, 0.000369, 0.000223, 0.000210
2012, 0.000369, 0.000230, 0.000217
2013, 0.000370, 0.000207, 0.000195
2014, 0.000368, 0.000224, 0.000210
2015, 0.000368, 0.000220, 0.000208
2016, 0.000368, 0.000211, 0.000198
2017, 0.000366, 0.000230, 0.000215
2018, 0.000367, 0.000218, 0.000206
2019, 0.000368, 0.000214, 0.000201
2020, 0.000365, 0.000231, 0.000217
2021, 0.000367, 0.000208, 0.000196
2022, 0.000368, 0.000233, 0.000219
2023, 0.000365, 0.000208, 0.000195
2024, 0.000366, 0.000224, 0.000211
2025, 0.000366, 0.000217, 0.000204
2026, 0.000365, 0.000214, 0.000201
2027, 0.000368, 0.000232, 0.000219
2028, 0.000366, 0.000207, 0.000195
2029, 0.000364, 0.000228, 0.000214
2030, 0.000364, 0.000217, 0.000204
2031, 0.000365, 0.000215, 0.000203
2032, 0.000364, 0.000222, 0.000208
2033, 0.000364, 0.000215, 0.000201
2034, 0.000362, 0.000214, 0.000201
2035, 0.000364, 0.000229, 0.000214
2036, 0.000364, 0.000205, 0.000191
2037, 0.000364, 0.000230, 0.000216
2038, 0.000364, 0.000212, 0.000198
2039, 0.000363, 0.000216, 0.000203
2040, 0.000364, 0.000221, 0.000208
2041, 0.000362, 0.000210, 0.000197
2042, 0.000363, 0.000224, 0.000211
2043, 0.000362, 0.000213, 0.000201
2044, 0.000363, 0.000219, 0.000206
2045, 0.000363, 0.000215, 0.000203
2046, 0.000362, 0.000215, 0.000202
2047, 0.000362, 0.000219, 0.000206
2048, 0.000362, 0.000208, 0.000195
2049, 0.000361, 0.000233, 0.000219
2050, 0.000364, 0.000208, 0.000195
2051, 0.000364, 0.000239, 0.000223
2052, 0.000361, 0.000205, 0.000192
2053, 0.000366, 0.000230, 0.000215
2054, 0.000363, 0.000212, 0.000198
2055, 0.000359, 0.000219, 0.000205
2056, 0.000360, 0.000220, 0.000207
2057, 0.000360, 0.000217, 0.000205
2058, 0.000359, 0.000218, 0.000205
2059, 0.000361, 0.000215, 0.000202
2060, 0.000360, 0.000214, 0.000201
2061, 0.000360, 0.000220, 0.000206
2062, 0.000360, 0.000213, 0.000200
2063, 0.000360, 0.000223, 0.000209
2064, 0.000358, 0.000217, 0.000202
2065, 0.000360, 0.000216, 0.000201
2066, 0.000357, 0.000217, 0.000204
2067, 0.000360, 0.000217, 0.000203
2068, 0.000357, 0.000218, 0.000204
2069, 0.000357, 0.000212, 0.000198
2070, 0.000359, 0.000231, 0.000215
2071, 0.000359, 0.000197, 0.000184
2072, 0.000361, 0.000256, 0.000240
2073, 0.000366, 0.000194, 0.000180
2074, 0.000365, 0.000246, 0.000230
2075, 0.000361, 0.000203, 0.000190
2076, 0.000359, 0.000223, 0.000207
2077, 0.000361, 0.000227, 0.000213
2078, 0.000358, 0.000197, 0.000186
2079, 0.000360, 0.000247, 0.000232
2080, 0.000362, 0.000201, 0.000189
2081, 0.000361, 0.000234, 0.000220
2082, 0.000357, 0.000212, 0.000197
2083, 0.000357, 0.000209, 0.000196
2084, 0.000358, 0.000245, 0.000229
2085, 0.000357, 0.000191, 0.000177
2086, 0.000364, 0.000268, 0.000252
2087, 0.000367, 0.000188, 0.000175
2088, 0.000367, 0.000245, 0.000229
2089, 0.000360, 0.000213, 0.000199
2090, 0.000356, 0.000202, 0.000188
2091, 0.000356, 0.000247, 0.000230
2092, 0.000362, 0.000191, 0.000178
2093, 0.000363, 0.000250, 0.000235
2094, 0.000360, 0.000202, 0.000188
2095, 0.000359, 0.000216, 0.000205
2096, 0.000360, 0.000236, 0.000221
2097, 0.000359, 0.000197, 0.000183
2098, 0.000362, 0.000263, 0.000248
2099, 0.000366, 0.000197, 0.000183
2100, 0.000361, 0.000236, 0.000219
2101, 0.000357, 0.000208, 0.000193
2102, 0.000355, 0.000210, 0.000195
2103, 0.000356, 0.000221, 0.000207
2104, 0.000354, 0.000201, 0.000188
2105, 0.000354, 0.000228, 0.000213
2106, 0.000354, 0.000200, 0.000187
2107, 0.000353, 0.000225, 0.000211
2108, 0.000353, 0.000208, 0.000194
2109, 0.000352, 0.000210, 0.000197
2110, 0.000354, 0.000226, 0.000211
2111, 0.000353, 0.000194, 0.000180
2112, 0.000357, 0.000237, 0.000222
2113, 0.000354, 0.000202, 0.000188
2114, 0.000351, 0.000207, 0.000192
2115, 0.000350, 0.000235, 0.000221
2116, 0.000355, 0.000187, 0.000174
2117, 0.000358, 0.000266, 0.000248
2118, 0.000364, 0.000188, 0.000175
2119, 0.000359, 0.000222, 0.000207
2120, 0.000349, 0.000225, 0.000208
2121, 0.000352, 0.000189, 0.000176
2122, 0.000359, 0.000277, 0.000259
2123, 0.000365, 0.000185, 0.000171
2124, 0.000362, 0.000244, 0.000228
2125, 0.000354, 0.000202, 0.000188
2126, 0.000351, 0.000204, 0.000189
2127, 0.000349, 0.000227, 0.000211
2128, 0.000352, 0.000194, 0.000180
2129, 0.000350, 0.000227, 0.000211
2130, 0.000351, 0.000200, 0.000185
2131, 0.000350, 0.000209, 0.000194
2132, 0.000349, 0.000227, 0.000210
2133, 0.000351, 0.000196, 0.000181
2134, 0.000352, 0.000224, 0.000208
2135, 0.000349, 0.000212, 0.000197
2136, 0.000348, 0.000192, 0.000178
2137, 0.000351, 0.000250, 0.000234
2138, 0.000355, 0.000184, 0.000170
2139, 0.000356, 0.000242, 0.000226
2140, 0.000354, 0.000200, 0.000185
2141, 0.000348, 0.000197, 0.000182
2142, 0.000347, 0.000227, 0.000211
2143, 0.000347, 0.000195, 0.000180
2144, 0.000347, 0.000218, 0.000202
2145, 0.000349, 0.000200, 0.000185
2146, 0.000345, 0.000216, 0.000199
2147, 0.000348, 0.000204, 0.000189
2148, 0.000347, 0.000215, 0.000199
2149, 0.000346, 0.000203, 0.000188
2150, 0.000345, 0.000214, 0.000200
2151, 0.000345, 0.000204, 0.000191
2152, 0.000348, 0.000213, 0.000198
2153, 0.000347, 0.000201, 0.000187
2154, 0.000346, 0.000210, 0.000196
2155, 0.000343, 0.000206, 0.000191
2156, 0.000345, 0.000204, 0.000188
2157, 0.000346, 0.000215, 0.000200
2158, 0.000345, 0.000204, 0.000189
2159, 0.000345, 0.000207, 0.000191
2160, 0.000345, 0.000215, 0.000200
2161, 0.000344, 0.000201, 0.000186
2162, 0.000344, 0.000213, 0.000197
2163, 0.000344, 0.000216, 0.000200
2164, 0.000344, 0.000198, 0.000183
2165, 0.000344, 0.000228, 0.000212
2166, 0.000344, 0.000191, 0.000177
2167, 0.000346, 0.000223, 0.000207
2168, 0.000344, 0.000199, 0.000185
2169, 0.000345, 0.000204, 0.000189
2170, 0.000344, 0.000223, 0.000207
2171, 0.000345, 0.000189, 0.000175
2172, 0.000346, 0.000241, 0.000224
2173, 0.000349, 0.000186, 0.000172
2174, 0.000347, 0.000236, 0.000220
2175, 0.000345, 0.000201, 0.000185
2176, 0.000342, 0.000206, 0.000191
2177, 0.000341, 0.000218, 0.000202
2178, 0.000342, 0.000195, 0.000180
2179, 0.000341, 0.000226, 0.000210
2180, 0.000343, 0.000192, 0.000177
2181, 0.000342, 0.000213, 0.000197
2182, 0.000340, 0.000207, 0.000192
2183, 0.000342, 0.000198, 0.000183
2184, 0.000340, 0.000232, 0.000217
2185, 0.000343, 0.000181, 0.000167
2186, 0.000348, 0.000254, 0.000237
2187, 0.000350, 0.000184, 0.000170
2188, 0.000346, 0.000231, 0.000215
2189, 0.000343, 0.000197, 0.000182
2190, 0.000340, 0.000202, 0.000187
2191, 0.000339, 0.000229, 0.000212
2192, 0.000340, 0.000188, 0.000174
2193, 0.000343, 0.000236, 0.000218
2194, 0.000345, 0.000190, 0.000175
2195, 0.000340, 0.000214, 0.000198
2196, 0.000338, 0.000212, 0.000196
2197, 0.000341, 0.000189, 0.000174
2198, 0.000339, 0.000235, 0.000220
2199, 0.000344, 0.000183, 0.000168
2200, 0.000342, 0.000228, 0.000212
2201, 0.000340, 0.000197, 0.000182
2202, 0.000338, 0.000205, 0.000188
2203, 0.000337, 0.000217, 0.000200
2204, 0.000337, 0.000193, 0.000178
2205, 0.000338, 0.000229, 0.000212
2206, 0.000340, 0.000187, 0.000172
2207, 0.000340, 0.000224, 0.000208
2208, 0.000337, 0.000197, 0.000182
2209, 0.000336, 0.000199, 0.000184
2210, 0.000336, 0.000221, 0.000205
2211, 0.000337, 0.000190, 0.000174
2212, 0.000340, 0.000231, 0.000214
2213, 0.000340, 0.000185, 0.000170
2214, 0.000340, 0.000229, 0.000211
2215, 0.000340, 0.000194, 0.000179
2216, 0.000337, 0.000213, 0.000197
2217, 0.000337, 0.000205, 0.000189
2218, 0.000335, 0.000200, 0.000185
2219, 0.000337, 0.000218, 0.000203
2220, 0.000335, 0.000189, 0.000174
2221, 0.000338, 0.000226, 0.000210
2222, 0.000336, 0.000202, 0.000186
2223, 0.000337, 0.000196, 0.000180
2224, 0.000337, 0.000241, 0.000223
2225, 0.000341, 0.000177, 0.000163
2226, 0.000347, 0.000257, 0.000239
2227, 0.000345, 0.000176, 0.000162
2228, 0.000345, 0.000242, 0.000223
2229, 0.000337, 0.000191, 0.000175
2230, 0.000334, 0.000195, 0.000179
2231, 0.000337, 0.000241, 0.000223
2232, 0.000338, 0.000177, 0.000162
2233, 0.000347, 0.000273, 0.000255
2234, 0.000350, 0.000176, 0.000161
2235, 0.000347, 0.000230, 0.000213
2236, 0.000338, 0.000206, 0.000190
2237, 0.000334, 0.000179, 0.000164
2238, 0.000339, 0.000258, 0.000238
2239, 0.000345, 0.000173, 0.000159
2240, 0.000346, 0.000239, 0.000220
2241, 0.000338, 0.000189, 0.000173
2242, 0.000333, 0.000190, 0.000175
2243, 0.000332, 0.000232, 0.000215
2244, 0.000337, 0.000181, 0.000166
2245, 0.000335, 0.000219, 0.000202
2246, 0.000331, 0.000197, 0.000180
2247, 0.000330, 0.000194, 0.000178
2248, 0.000332, 0.000208, 0.000191
2249, 0.000331, 0.000197, 0.000181
2250, 0.000332, 0.000192, 0.000177
2251, 0.000333, 0.000222, 0.000206
2252, 0.000334, 0.000177, 0.000163
2253, 0.000337, 0.000233, 0.000217
2254, 0.000339, 0.000179, 0.000165
2255, 0.000334, 0.000218, 0.000202
2256, 0.000331, 0.000199, 0.000183
2257, 0.000330, 0.000196, 0.000179
2258, 0.000330, 0.000230, 0.000212
2259, 0.000335, 0.000177, 0.000162
2260, 0.000336, 0.000232, 0.000213
2261, 0.000334, 0.000185, 0.000169
2262, 0.000331, 0.000199, 0.000183
2263, 0.000330, 0.000223, 0.000206
2264, 0.000332, 0.000174, 0.000159
2265, 0.000337, 0.000247, 0.000230
2266, 0.000338, 0.000184, 0.000168
2267, 0.000329, 0.000188, 0.000172
2268, 0.000328, 0.000236, 0.000220
2269, 0.000337, 0.000177, 0.000162
2270, 0.000334, 0.000228, 0.000211
2271, 0.000331, 0.000203, 0.000188
2272, 0.000330, 0.000178, 0.000162
2273, 0.000331, 0.000256, 0.000237
2274, 0.000341, 0.000173, 0.000159
2275, 0.000340, 0.000230, 0.000212
2276, 0.000330, 0.000197, 0.000180
2277, 0.000327, 0.000184, 0.000169
2278, 0.000331, 0.000236, 0.000218
2279, 0.000332, 0.000178, 0.000162
2280, 0.000330, 0.000209, 0.000193
2281, 0.000328, 0.000212, 0.000195
2282, 0.000328, 0.000180, 0.000165
2283, 0.000328, 0.000229, 0.000211
2284, 0.000329, 0.000183, 0.000167
2285, 0.000329, 0.000212, 0.000195
2286, 0.000327, 0.000192, 0.000176
2287, 0.000324, 0.000199, 0.000182
2288, 0.000326, 0.000196, 0.000179
2289, 0.000323, 0.000193, 0.000177
2290, 0.000326, 0.000208, 0.000190
2291, 0.000325, 0.000185, 0.000169
2292, 0.000324, 0.000217, 0.000200
2293, 0.000325, 0.000188, 0.000172
2294, 0.000325, 0.000202, 0.000185
2295, 0.000323, 0.000207, 0.000190
2296, 0.000325, 0.000184, 0.000168
2297, 0.000326, 0.000218, 0.000200
2298, 0.000325, 0.000191, 0.000175
2299, 0.000324, 0.000195, 0.000178
2300, 0.000323, 0.000217, 0.000199
2301, 0.000324, 0.000178, 0.000162
2302, 0.000325, 0.000218, 0.000200
2303, 0.000324, 0.000198, 0.000181
2304, 0.000324, 0.000195, 0.000178
2305, 0.000322, 0.000212, 0.000195
2306, 0.000323, 0.000185, 0.000169
2307, 0.000323, 0.000218, 0.000200
2308, 0.000327, 0.000195, 0.000177
2309, 0.000324, 0.000200, 0.000183
2310, 0.000323, 0.000210, 0.000193
2311, 0.000324, 0.000195, 0.000178
2312, 0.000323, 0.000198, 0.000181
2313, 0.000322, 0.000202, 0.000186
2314, 0.000322, 0.000194, 0.000178
2315, 0.000321, 0.000198, 0.000182
2316, 0.000322, 0.000203, 0.000186
2317, 0.000320, 0.000193, 0.000176
2318, 0.000322, 0.000208, 0.000192
2319, 0.000322, 0.000192, 0.000175
2320, 0.000321, 0.000209, 0.000191
2321, 0.000322, 0.000200, 0.000184
2322, 0.000321, 0.000193, 0.000177
2323, 0.000320, 0.000214, 0.000196
2324, 0.000321, 0.000190, 0.000173
2325, 0.000321, 0.000214, 0.000196
2326, 0.000321, 0.000190, 0.000172
2327, 0.000320, 0.000212, 0.000194
2328, 0.000317, 0.000189, 0.000173
2329, 0.000320, 0.000207, 0.000190
2330, 0.000319, 0.000199, 0.000183
2331, 0.000318, 0.000198, 0.000182
2332, 0.000320, 0.000200, 0.000184
2333, 0.000318, 0.000204, 0.000187
2334, 0.000319, 0.000192, 0.000176
2335, 0.000319, 0.000210, 0.000192
2336, 0.000318, 0.000201, 0.000184
2337, 0.000317, 0.000193, 0.000176
2338, 0.000319, 0.000215, 0.000197
2339, 0.000319, 0.000182, 0.000165
2340, 0.000319, 0.000221, 0.000204
2341, 0.000319, 0.000202, 0.000185
2342, 0.000317, 0.000179, 0.000163
2343, 0.000321, 0.000254, 0.000235
2344, 0.000327, 0.000172, 0.000156
2345, 0.000327, 0.000240, 0.000221
2346, 0.000323, 0.000193, 0.000177
2347, 0.000317, 0.000184, 0.000168
2348, 0.000321, 0.000259, 0.000239
2349, 0.000328, 0.000164, 0.000149
2350, 0.000337, 0.000286, 0.000265
2351, 0.000338, 0.000170, 0.000154
2352, 0.000326, 0.000224, 0.000206
2353, 0.000318, 0.000202, 0.000185
2354, 0.000317, 0.000186, 0.000170
2355, 0.000318, 0.000227, 0.000210
2356, 0.000319, 0.000176, 0.000161
2357, 0.000318, 0.000217, 0.000200
2358, 0.000318, 0.000197, 0.000180
2359, 0.000315, 0.000184, 0.000169
2360, 0.000319, 0.000221, 0.000204
2361, 0.000319, 0.000179, 0.000164
2362, 0.000316, 0.000210, 0.000193
2363, 0.000318, 0.000191, 0.000175
2364, 0.000319, 0.000194, 0.000178
2365, 0.000314, 0.000208, 0.000191
2366, 0.000315, 0.000189, 0.000173
2367, 0.000315, 0.000207, 0.000189
2368, 0.000317, 0.000202, 0.000184
2369, 0.000312, 0.000190, 0.000173
2370, 0.000313, 0.000206, 0.000188
2371, 0.000316, 0.000200, 0.000182
2372, 0.000314, 0.000189, 0.000172
2373, 0.000314, 0.000224, 0.000205
2374, 0.000316, 0.000174, 0.000158
2375, 0.000317, 0.000238, 0.000220
2376, 0.000318, 0.000168, 0.000152
2377, 0.000318, 0.000214, 0.000196
2378, 0.000314, 0.000206, 0.000189
2379, 0.000311, 0.000177, 0.000160
2380, 0.000315, 0.000225, 0.000207
2381, 0.000314, 0.000183, 0.000167
2382, 0.000314, 0.000211, 0.000194
2383, 0.000312, 0.000194, 0.000177
2384, 0.000310, 0.000194, 0.000178
2385, 0.000313, 0.000215, 0.000197
2386, 0.000311, 0.000183, 0.000166
2387, 0.000313, 0.000220, 0.000202
2388, 0.000312, 0.000184, 0.000167
2389, 0.000311, 0.000199, 0.000182
2390, 0.000312, 0.000203, 0.000186
2391, 0.000310, 0.000184, 0.000167
2392, 0.000309, 0.000213, 0.000195
2393, 0.000312, 0.000196, 0.000180
2394, 0.000314, 0.000197, 0.000179
2395, 0.000310, 0.000199, 0.000182
2396, 0.000311, 0.000208, 0.000191
2397, 0.000312, 0.000184, 0.000168
2398, 0.000313, 0.000232, 0.000213
2399, 0.000313, 0.000175, 0.000160
2400, 0.000318, 0.000232, 0.000214
2401, 0.000315, 0.000179, 0.000163
2402, 0.000314, 0.000213, 0.000196
2403, 0.000311, 0.000203, 0.000186
2404, 0.000310, 0.000181, 0.000164
2405, 0.000312, 0.000253, 0.000235
2406, 0.000316, 0.000164, 0.000148
2407, 0.000322, 0.000261, 0.000241
2408, 0.000318, 0.000174, 0.000159
2409, 0.000315, 0.000201, 0.000183
2410, 0.000309, 0.000235, 0.000214
2411, 0.000314, 0.000163, 0.000147
2412, 0.000324, 0.000288, 0.000266
2413, 0.000329, 0.000160, 0.000144
2414, 0.000323, 0.000237, 0.000220
2415, 0.000317, 0.000196, 0.000180
2416, 0.000308, 0.000170, 0.000154
2417, 0.000314, 0.000270, 0.000252
2418, 0.000324, 0.000160, 0.000145
2419, 0.000321, 0.000242, 0.000222
2420, 0.000316, 0.000184, 0.000168
2421, 0.000309, 0.000184, 0.000166
2422, 0.000307, 0.000229, 0.000209
2423, 0.000311, 0.000170, 0.000154
2424, 0.000310, 0.000215, 0.000196
2425, 0.000308, 0.000194, 0.000176
2426, 0.000306, 0.000176, 0.000160
2427, 0.000309, 0.000227, 0.000209
2428, 0.000309, 0.000171, 0.000155
2429, 0.000309, 0.000211, 0.000195
2430, 0.000305, 0.000201, 0.000185
2431, 0.000304, 0.000171, 0.000155
2432, 0.000310, 0.000245, 0.000227
2433, 0.000312, 0.000166, 0.000151
2434, 0.000312, 0.000215, 0.000196
2435, 0.000309, 0.000202, 0.000185
2436, 0.000303, 0.000169, 0.000153
2437, 0.000309, 0.000240, 0.000221
2438, 0.000311, 0.000169, 0.000154
2439, 0.000309, 0.000211, 0.000194
2440, 0.000304, 0.000185, 0.000169
2441, 0.000306, 0.000195, 0.000179
2442, 0.000306, 0.000197, 0.000180
2443, 0.000303, 0.000187, 0.000170
2444, 0.000303, 0.000207, 0.000191
2445, 0.000306, 0.000181, 0.000164
2446, 0.000303, 0.000196, 0.000179
2447, 0.000303, 0.000215, 0.000198
2448, 0.000306, 0.000172, 0.000156
2449, 0.000303, 0.000206, 0.000189
2450, 0.000302, 0.000193, 0.000177
2451, 0.000303, 0.000178, 0.000162
2452, 0.000300, 0.000225, 0.000207
2453, 0.000304, 0.000169, 0.000153
2454, 0.000306, 0.000209, 0.000191
2455, 0.000303, 0.000204, 0.000186
2456, 0.000301, 0.000170, 0.000155
2457, 0.000304, 0.000245, 0.000227
2458, 0.000310, 0.000164, 0.000149
2459, 0.000309, 0.000219, 0.000202
2460, 0.000303, 0.000195, 0.000178
2461, 0.000297, 0.000170, 0.000154
2462, 0.000305, 0.000245, 0.000226
2463, 0.000308, 0.000168, 0.000151
2464, 0.000306, 0.000212, 0.000194
2465, 0.000300, 0.000194, 0.000176
2466, 0.000301, 0.000174, 0.000157
2467, 0.000299, 0.000229, 0.000210
2468, 0.000305, 0.000173, 0.000157
2469, 0.000301, 0.000202, 0.000186
2470, 0.000299, 0.000206, 0.000190
2471, 0.000299, 0.000169, 0.000153
2472, 0.000302, 0.000235, 0.000217
2473, 0.000303, 0.000172, 0.000156
2474, 0.000299, 0.000194, 0.000177
2475, 0.000299, 0.000216, 0.000198
2476, 0.000300, 0.000165, 0.000149
2477, 0.000303, 0.000246, 0.000228
2478, 0.000304, 0.000175, 0.000159
2479, 0.000300, 0.000187, 0.000171
2480, 0.000295, 0.000215, 0.000198
2481, 0.000301, 0.000173, 0.000156
2482, 0.000297, 0.000207, 0.000189
2483, 0.000299, 0.000188, 0.000171
2484, 0.000296, 0.000190, 0.000173
2485, 0.000295, 0.000195, 0.000178
2486, 0.000296, 0.000190, 0.000173
2487, 0.000296, 0.000192, 0.000176
2488, 0.000296, 0.000189, 0.000172
2489, 0.000293, 0.000193, 0.000176
2490, 0.000293, 0.000191, 0.000174
2491, 0.000295, 0.000196, 0.000178
2492, 0.000295, 0.000190, 0.000172
2493, 0.000293, 0.000198, 0.000180
2494, 0.000294, 0.000193, 0.000175
2495, 0.000293, 0.000198, 0.000180
2496, 0.000293, 0.000188, 0.000171
2497, 0.000295, 0.000203, 0.000186
2498, 0.000293, 0.000189, 0.000173
2499, 0.000292, 0.000189, 0.000174
2500, 0.000294, 0.000211, 0.000194
2501, 0.000294, 0.000167, 0.000152
2502, 0.000296, 0.000221, 0.000204
2503, 0.000296, 0.000178, 0.000162
2504, 0.000293, 0.000207, 0.000190
2505, 0.000294, 0.000190, 0.000172
2506, 0.000291, 0.000189, 0.000172
2507, 0.000292, 0.000216, 0.000198
2508, 0.000295, 0.000167, 0.000151
2509, 0.000298, 0.000231, 0.000213
2510, 0.000297, 0.000174, 0.000158
2511, 0.000292, 0.000194, 0.000176
2512, 0.000292, 0.000209, 0.000191
2513, 0.000292, 0.000173, 0.000157
2514, 0.000293, 0.000230, 0.000212
2515, 0.000295, 0.000168, 0.000151
2516, 0.000296, 0.000232, 0.000215
2517, 0.000297, 0.000170, 0.000155
2518, 0.000293, 0.000212, 0.000194
2519, 0.000290, 0.000197, 0.000180
2520, 0.000290, 0.000173, 0.000157
2521, 0.000293, 0.000252, 0.000231
2522, 0.000299, 0.000155, 0.000139
2523, 0.000303, 0.000252, 0.000232
2524, 0.000299, 0.000168, 0.000151
2525, 0.000294, 0.000202, 0.000184
2526, 0.000290, 0.000193, 0.000175
2527, 0.000288, 0.000191, 0.000173
2528, 0.000289, 0.000198, 0.000180
2529, 0.000291, 0.000193, 0.000175
2530, 0.000287, 0.000193, 0.000175
2531, 0.000286, 0.000192, 0.000174
2532, 0.000291, 0.000200, 0.000182
2533, 0.000290, 0.000183, 0.000165
2534, 0.000288, 0.000215, 0.000196
2535, 0.000290, 0.000181, 0.000165
2536, 0.000290, 0.000195, 0.000177
2537, 0.000289, 0.000199, 0.000181
2538, 0.000288, 0.000184, 0.000168
2539, 0.000287, 0.000209, 0.000190
2540, 0.000287, 0.000177, 0.000159
2541, 0.000290, 0.000222, 0.000203
2542, 0.000291, 0.000172, 0.000155
2543, 0.000288, 0.000203, 0.000186
2544, 0.000287, 0.000200, 0.000184
2545, 0.000286, 0.000171, 0.000156
2546, 0.000288, 0.000229, 0.000213
2547, 0.000289, 0.000165, 0.000150
2548, 0.000292, 0.000211, 0.000194
2549, 0.000286, 0.000181, 0.000165
2550, 0.000286, 0.000201, 0.000183
2551, 0.000286, 0.000192, 0.000174
2552, 0.000285, 0.000178, 0.000160
2553, 0.000285, 0.000213, 0.000194
2554, 0.000286, 0.000177, 0.000160
2555, 0.000285, 0.000209, 0.000191
2556, 0.000285, 0.000188, 0.000172
2557, 0.000284, 0.000189, 0.000173
2558, 0.000284, 0.000198, 0.000182
2559, 0.000284, 0.000179, 0.000164
2560, 0.000281, 0.000201, 0.000184
2561, 0.000282, 0.000185, 0.000168
2562, 0.000283, 0.000192, 0.000175
2563, 0.000282, 0.000207, 0.000189
2564, 0.000283, 0.000176, 0.000159
2565, 0.000282, 0.000217, 0.000199
2566, 0.000283, 0.000174, 0.000159
2567, 0.000285, 0.000212, 0.000195
2568, 0.000284, 0.000189, 0.000173
2569, 0.000281, 0.000177, 0.000161
2570, 0.000284, 0.000231, 0.000213
2571, 0.000287, 0.000156, 0.000140
2572, 0.000291, 0.000264, 0.000244
2573, 0.000292, 0.000157, 0.000141
2574, 0.000292, 0.000227, 0.000209
2575, 0.000283, 0.000182, 0.000166
2576, 0.000279, 0.000182, 0.000166
2577, 0.000280, 0.000217, 0.000200
2578, 0.000280, 0.000168, 0.000153
2579, 0.000284, 0.000219, 0.000202
2580, 0.000283, 0.000175, 0.000159
2581, 0.000279, 0.000193, 0.000176
2582, 0.000277, 0.000205, 0.000187
2583, 0.000280, 0.000161, 0.000145
2584, 0.000284, 0.000259, 0.000238
2585, 0.000292, 0.000149, 0.000133
2586, 0.000292, 0.000245, 0.000225
2587, 0.000287, 0.000176, 0.000159
2588, 0.000281, 0.000185, 0.000168
2589, 0.000279, 0.000217, 0.000199
2590, 0.000280, 0.000163, 0.000147
2591, 0.000283, 0.000223, 0.000204
2592, 0.000281, 0.000172, 0.000155
2593, 0.000277, 0.000183, 0.000167
2594, 0.000277, 0.000204, 0.000186
2595, 0.000277, 0.000174, 0.000158
2596, 0.000277, 0.000209, 0.000191
2597, 0.000279, 0.000163, 0.000147
2598, 0.000280, 0.000220, 0.000202
2599, 0.000280, 0.000167, 0.000151
2600, 0.000279, 0.000204, 0.000187
2601, 0.000276, 0.000177, 0.000160
2602, 0.000277, 0.000196, 0.000179
2603, 0.000275, 0.000179, 0.000163
2604, 0.000275, 0.000187, 0.000170
2605, 0.000274, 0.000194, 0.000177
2606, 0.000275, 0.000177, 0.000161
2607, 0.000274, 0.000213, 0.000195
2608, 0.000274, 0.000169, 0.000153
2609, 0.000273, 0.000203, 0.000186
2610, 0.000273, 0.000180, 0.000164
2611, 0.000273, 0.000177, 0.000161
2612, 0.000273, 0.000213, 0.000196
2613, 0.000275, 0.000160, 0.000144
2614, 0.000277, 0.000226, 0.000207
2615, 0.000276, 0.000171, 0.000155
2616, 0.000274, 0.000193, 0.000176
2617, 0.000271, 0.000193, 0.000176
2618, 0.000273, 0.000176, 0.000159
2619, 0.000271, 0.000192, 0.000175
2620, 0.000270, 0.000199, 0.000181
2621, 0.000270, 0.000166, 0.000149
2622, 0.000273, 0.000213, 0.000194
2623, 0.000272, 0.000173, 0.000156
2624, 0.000271, 0.000197, 0.000180
2625, 0.000272, 0.000177, 0.000161
2626, 0.000271, 0.000188, 0.000171
2627, 0.000269, 0.000201, 0.000184
2628, 0.000270, 0.000162, 0.000147
2629, 0.000273, 0.000225, 0.000207
2630, 0.000276, 0.000151, 0.000136
2631, 0.000279, 0.000244, 0.000225
2632, 0.000279, 0.000154, 0.000139
2633, 0.000277, 0.000229, 0.000210
2634, 0.000276, 0.000166, 0.000150
2635, 0.000271, 0.000187, 0.000171
2636, 0.000268, 0.000206, 0.000190
2637, 0.000273, 0.000158, 0.000143
2638, 0.000272, 0.000227, 0.000209
2639, 0.000274, 0.000158, 0.000143
2640, 0.000274, 0.000214, 0.000197
2641, 0.000272, 0.000170, 0.000154
2642, 0.000269, 0.000189, 0.000173
2643, 0.000269, 0.000197, 0.000180
2644, 0.000268, 0.000169, 0.000154
2645, 0.000269, 0.000205, 0.000189
2646, 0.000270, 0.000168, 0.000153
2647, 0.000268, 0.000192, 0.000176
2648, 0.000265, 0.000186, 0.000170
2649, 0.000268, 0.000177, 0.000162
2650, 0.000265, 0.000192, 0.000176
2651, 0.000267, 0.000181, 0.000165
2652, 0.000268, 0.000183, 0.000167
2653, 0.000266, 0.000194, 0.000177
2654, 0.000265, 0.000182, 0.000165
2655, 0.000266, 0.000191, 0.000174
2656, 0.000267, 0.000176, 0.000159
2657, 0.000265, 0.000202, 0.000184
2658, 0.000266, 0.000167, 0.000151
2659, 0.000265, 0.000189, 0.000172
2660, 0.000264, 0.000183, 0.000167
2661, 0.000264, 0.000178, 0.000163
2662, 0.000264, 0.000186, 0.000171
2663, 0.000263, 0.000187, 0.000172
2664, 0.000263, 0.000168, 0.000153
2665, 0.000263, 0.000206, 0.000189
2666, 0.000262, 0.000170, 0.000154
2667, 0.000262, 0.000199, 0.000182
2668, 0.000262, 0.000177, 0.000160
2669, 0.000263, 0.000179, 0.000164
2670, 0.000262, 0.000205, 0.000189
2671, 0.000263, 0.000161, 0.000146
2672, 0.000264, 0.000211, 0.000195
2673, 0.000264, 0.000162, 0.000147
2674, 0.000265, 0.000223, 0.000206
2675, 0.000265, 0.000151, 0.000136
2676, 0.000268, 0.000230, 0.000212
2677, 0.000267, 0.000156, 0.000141
2678, 0.000265, 0.000197, 0.000181
2679, 0.000262, 0.000188, 0.000172
2680, 0.000261, 0.000167, 0.000153
2681, 0.000260, 0.000212, 0.000197
2682, 0.000261, 0.000157, 0.000143
2683, 0.000262, 0.000239, 0.000222
2684, 0.000267, 0.000141, 0.000127
2685, 0.000272, 0.000254, 0.000234
2686, 0.000270, 0.000147, 0.000132
2687, 0.000267, 0.000228, 0.000209
2688, 0.000263, 0.000165, 0.000148
2689, 0.000259, 0.000176, 0.000160
2690, 0.000256, 0.000218, 0.000201
2691, 0.000262, 0.000142, 0.000128
2692, 0.000264, 0.000238, 0.000221
2693, 0.000266, 0.000153, 0.000139
2694, 0.000261, 0.000193, 0.000178
2695, 0.000257, 0.000199, 0.000183
2696, 0.000257, 0.000154, 0.000139
2697, 0.000263, 0.000248, 0.000229
2698, 0.000266, 0.000140, 0.000125
2699, 0.000268, 0.000241, 0.000223
2700, 0.000265, 0.000149, 0.000134
2701, 0.000259, 0.000190, 0.000172
2702, 0.000256, 0.000187, 0.000170
2703, 0.000257, 0.000164, 0.000149
2704, 0.000255, 0.000188, 0.000172
2705, 0.000256, 0.000176, 0.000161
2706, 0.000255, 0.000173, 0.000158
2707, 0.000252, 0.000203, 0.000187
2708, 0.000256, 0.000145, 0.000131
2709, 0.000264, 0.000258, 0.000239
2710, 0.000267, 0.000135, 0.000121
2711, 0.000273, 0.000268, 0.000248
2712, 0.000270, 0.000138, 0.000124
2713, 0.000264, 0.000210, 0.000192
2714, 0.000256, 0.000174, 0.000158
2715, 0.000252, 0.000147, 0.000132
2716, 0.000260, 0.000265, 0.000245
2717, 0.000269, 0.000129, 0.000116
2718, 0.000281, 0.000288, 0.000268
2719, 0.000278, 0.000134, 0.000120
2720, 0.000267, 0.000196, 0.000181
2721, 0.000253, 0.000193, 0.000177
2722, 0.000251, 0.000135, 0.000121
2723, 0.000264, 0.000270, 0.000252
2724, 0.000275, 0.000129, 0.000116
2725, 0.000272, 0.000227, 0.000210
2726, 0.000258, 0.000164, 0.000149
2727, 0.000250, 0.000148, 0.000133
2728, 0.000251, 0.000219, 0.000201
2729, 0.000256, 0.000141, 0.000126
2730, 0.000257, 0.000194, 0.000177
2731, 0.000250, 0.000171, 0.000156
2732, 0.000247, 0.000156, 0.000142
2733, 0.000251, 0.000201, 0.000184
2734, 0.000250, 0.000151, 0.000136
2735, 0.000249, 0.000165, 0.000150
2736, 0.000249, 0.000195, 0.000178
2737, 0.000249, 0.000143, 0.000129
2738, 0.000253, 0.000192, 0.000175
2739, 0.000248, 0.000165, 0.000149
2740, 0.000247, 0.000157, 0.000143
2741, 0.000249, 0.000194, 0.000178
2742, 0.000249, 0.000156, 0.000141
2743, 0.000249, 0.000174, 0.000160
2744, 0.000246, 0.000162, 0.000147
2745, 0.000245, 0.000173, 0.000156
2746, 0.000244, 0.000178, 0.000162
2747, 0.000246, 0.000145, 0.000130
2748, 0.000249, 0.000215, 0.000196
2749, 0.000252, 0.000142, 0.000128
2750, 0.000250, 0.000173, 0.000157
2751, 0.000244, 0.000186, 0.000169
2752, 0.000246, 0.000143, 0.000130
2753, 0.000251, 0.000204, 0.000188
2754, 0.000249, 0.000152, 0.000138
2755, 0.000245, 0.000173, 0.000159
2756, 0.000244, 0.000185, 0.000170
2757, 0.000241, 0.000148, 0.000135
2758, 0.000245, 0.000195, 0.000180
2759, 0.000247, 0.000151, 0.000137
2760, 0.000245, 0.000169, 0.000154
2761, 0.000240, 0.000179, 0.000164
2762, 0.000246, 0.000161, 0.000146
2763, 0.000245, 0.000172, 0.000156
2764, 0.000241, 0.000175, 0.000159
2765, 0.000244, 0.000156, 0.000141
2766, 0.000244, 0.000204, 0.000186
2767, 0.000243, 0.000147, 0.000133
2768, 0.000245, 0.000173, 0.000158
2769, 0.000241, 0.000184, 0.000168
2770, 0.000242, 0.000138, 0.000125
2771, 0.000249, 0.000236, 0.000219
2772, 0.000252, 0.000131, 0.000119
2773, 0.000249, 0.000204, 0.000189
2774, 0.000244, 0.000163, 0.000149
2775, 0.000238, 0.000150, 0.000137
2776, 0.000239, 0.000202, 0.000187
2777, 0.000242, 0.000139, 0.000127
2778, 0.000243, 0.000211, 0.000195
2779, 0.000244, 0.000146, 0.000133
2780, 0.000241, 0.000169, 0.000154
2781, 0.000237, 0.000174, 0.000159
2782, 0.000235, 0.000158, 0.000144
2783, 0.000238, 0.000180, 0.000166
2784, 0.000237, 0.000150, 0.000137
2785, 0.000235, 0.000183, 0.000168
2786, 0.000237, 0.000159, 0.000145
2787, 0.000237, 0.000164, 0.000149
2788, 0.000235, 0.000193, 0.000178
2789, 0.000238, 0.000133, 0.000120
2790, 0.000240, 0.000209, 0.000194
2791, 0.000240, 0.000147, 0.000135
2792, 0.000236, 0.000164, 0.000152
2793, 0.000233, 0.000184, 0.000171
2794, 0.000236, 0.000141, 0.000130
2795, 0.000238, 0.000201, 0.000186
2796, 0.000238, 0.000146, 0.000132
2797, 0.000238, 0.000176, 0.000161
2798, 0.000235, 0.000167, 0.000152
2799, 0.000233, 0.000160, 0.000146
2800, 0.000231, 0.000180, 0.000165
2801, 0.000235, 0.000143, 0.000130
2802, 0.000235, 0.000214, 0.000198
2803, 0.000240, 0.000130, 0.000119
2804, 0.000240, 0.000207, 0.000193
2805, 0.000238, 0.000141, 0.000129
2806, 0.000236, 0.000182, 0.000168
2807, 0.000232, 0.000168, 0.000154
2808, 0.000232, 0.000145, 0.000132
2809, 0.000232, 0.000195, 0.000181
2810, 0.000235, 0.000143, 0.000130
2811, 0.000234, 0.000180, 0.000165
2812, 0.000229, 0.000143, 0.000131
2813, 0.000232, 0.000185, 0.000170
2814, 0.000231, 0.000153, 0.000139
2815, 0.000229, 0.000176, 0.000161
2816, 0.000229, 0.000156, 0.000143
2817, 0.000229, 0.000174, 0.000160
2818, 0.000229, 0.000156, 0.000143
2819, 0.000229, 0.000166, 0.000153
2820, 0.000226, 0.000161, 0.000148
2821, 0.000229, 0.000157, 0.000144
2822, 0.000228, 0.000173, 0.000159
2823, 0.000228, 0.000149, 0.000136
2824, 0.000229, 0.000189, 0.000175
2825, 0.000230, 0.000134, 0.000122
2826, 0.000233, 0.000210, 0.000195
2827, 0.000235, 0.000129, 0.000117
2828, 0.000235, 0.000209, 0.000194
2829, 0.000233, 0.000140, 0.000126
2830, 0.000229, 0.000181, 0.000165
2831, 0.000226, 0.000164, 0.000149
2832, 0.000226, 0.000157, 0.000143
2833, 0.000225, 0.000177, 0.000163
2834, 0.000225, 0.000140, 0.000128
2835, 0.000225, 0.000191, 0.000177
2836, 0.000227, 0.000143, 0.000131
2837, 0.000225, 0.000167, 0.000154
2838, 0.000226, 0.000170, 0.000157
2839, 0.000224, 0.000137, 0.000124
2840, 0.000224, 0.000205, 0.000189
2841, 0.000229, 0.000137, 0.000124
2842, 0.000227, 0.000195, 0.000180
2843, 0.000227, 0.000140, 0.000127
2844, 0.000225, 0.000177, 0.000163
2845, 0.000222, 0.000162, 0.000149
2846, 0.000221, 0.000143, 0.000131
2847, 0.000221, 0.000190, 0.000176
2848, 0.000224, 0.000132, 0.000120
2849, 0.000224, 0.000188, 0.000174
2850, 0.000222, 0.000148, 0.000136
2851, 0.000224, 0.000159, 0.000146
2852, 0.000221, 0.000176, 0.000163
2853, 0.000221, 0.000147, 0.000136
2854, 0.000220, 0.000171, 0.000158
2855, 0.000220, 0.000158, 0.000147
2856, 0.000220, 0.000154, 0.000143
2857, 0.000219, 0.000177, 0.000165
2858, 0.000220, 0.000140, 0.000129
2859, 0.000218, 0.000176, 0.000163
2860, 0.000221, 0.000154, 0.000142
2861, 0.000219, 0.000156, 0.000144
2862, 0.000218, 0.000173, 0.000159
2863, 0.000218, 0.000144, 0.000133
2864, 0.000217, 0.000179, 0.000166
2865, 0.000218, 0.000143, 0.000131
2866, 0.000218, 0.000181, 0.000168
2867, 0.000219, 0.000145, 0.000133
2868, 0.000220, 0.000176, 0.000164
2869, 0.000216, 0.000152, 0.000140
2870, 0.000216, 0.000158, 0.000146
2871, 0.000216, 0.000170, 0.000157
2872, 0.000216, 0.000135, 0.000123
2873, 0.000219, 0.000221, 0.000206
2874, 0.000224, 0.000114, 0.000105
2875, 0.000229, 0.000248, 0.000233
2876, 0.000233, 0.000110, 0.000100
2877, 0.000233, 0.000237, 0.000223
2878, 0.000230, 0.000119, 0.000108
2879, 0.000223, 0.000185, 0.000173
2880, 0.000218, 0.000151, 0.000139
2881, 0.000214, 0.000155, 0.000143
2882, 0.000214, 0.000170, 0.000159
2883, 0.000215, 0.000129, 0.000118
2884, 0.000218, 0.000210, 0.000196
2885, 0.000221, 0.000114, 0.000104
2886, 0.000226, 0.000241, 0.000226
2887, 0.000228, 0.000110, 0.000100
2888, 0.000227, 0.000216, 0.000202
2889, 0.000221, 0.000135, 0.000123
2890, 0.000213, 0.000146, 0.000134
2891, 0.000211, 0.000188, 0.000175
2892, 0.000214, 0.000119, 0.000108
2893, 0.000219, 0.000217, 0.000203
2894, 0.000222, 0.000120, 0.000110
2895, 0.000216, 0.000177, 0.000164
2896, 0.000213, 0.000144, 0.000133
2897, 0.000210, 0.000146, 0.000134
2898, 0.000210, 0.000163, 0.000150
2899, 0.000211, 0.000139, 0.000128
2900, 0.000211, 0.000170, 0.000157
2901, 0.000209, 0.000138, 0.000127
2902, 0.000210, 0.000161, 0.000149
2903, 0.000210, 0.000157, 0.000145
2904, 0.000209, 0.000132, 0.000121
2905, 0.000208, 0.000171, 0.000158
2906, 0.000206, 0.000140, 0.000129
2907, 0.000210, 0.000149, 0.000137
2908, 0.000208, 0.000165, 0.000152
2909, 0.000208, 0.000127, 0.000117
2910, 0.000211, 0.000207, 0.000193
2911, 0.000215, 0.000111, 0.000101
2912, 0.000219, 0.000220, 0.000206
2913, 0.000218, 0.000116, 0.000106
2914, 0.000214, 0.000193, 0.000179
2915, 0.000210, 0.000139, 0.000128
2916, 0.000209, 0.000143, 0.000130
2917, 0.000206, 0.000170, 0.000157
2918, 0.000207, 0.000127, 0.000117
2919, 0.000206, 0.000178, 0.000165
2920, 0.000207, 0.000137, 0.000126
2921, 0.000205, 0.000141, 0.000131
2922, 0.000202, 0.000181, 0.000169
2923, 0.000205, 0.000114, 0.000105
2924, 0.000212, 0.000212, 0.000200
2925, 0.000213, 0.000112, 0.000103
2926, 0.000213, 0.000187, 0.000177
2927, 0.000207, 0.000127, 0.000118
2928, 0.000205, 0.000155, 0.000145
2929, 0.000201, 0.000152, 0.000141
2930, 0.000202, 0.000142, 0.000130
2931, 0.000201, 0.000161, 0.000148
2932, 0.000203, 0.000146, 0.000133
2933, 0.000201, 0.000146, 0.000133
2934, 0.000200, 0.000170, 0.000158
2935, 0.000206, 0.000123, 0.000113
2936, 0.000205, 0.000196, 0.000184
2937, 0.000207, 0.000114, 0.000106
2938, 0.000208, 0.000190, 0.000178
2939, 0.000205, 0.000125, 0.000115
2940, 0.000200, 0.000141, 0.000131
2941, 0.000199, 0.000177, 0.000164
2942, 0.000203, 0.000110, 0.000101
2943, 0.000205, 0.000205, 0.000193
2944, 0.000209, 0.000111, 0.000101
2945, 0.000207, 0.000175, 0.000164
2946, 0.000205, 0.000136, 0.000126
2947, 0.000199, 0.000141, 0.000131
2948, 0.000199, 0.000167, 0.000156
2949, 0.000200, 0.000120, 0.000110
2950, 0.000199, 0.000168, 0.000156
2951, 0.000199, 0.000135, 0.000125
2952, 0.000198, 0.000139, 0.000129
2953, 0.000198, 0.000164, 0.000153
2954, 0.000198, 0.000120, 0.000111
2955, 0.000200, 0.000187, 0.000176
2956, 0.000201, 0.000112, 0.000103
2957, 0.000201, 0.000190, 0.000178
2958, 0.000202, 0.000125, 0.000114
2959, 0.000198, 0.000144, 0.000133
2960, 0.000194, 0.000160, 0.000148
2961, 0.000197, 0.000118, 0.000107
2962, 0.000199, 0.000196, 0.000183
2963, 0.000203, 0.000104, 0.000095
2964, 0.000206, 0.000209, 0.000195
2965, 0.000206, 0.000114, 0.000106
2966, 0.000200, 0.000173, 0.000161
2967, 0.000197, 0.000146, 0.000135
2968, 0.000193, 0.000117, 0.000109
2969, 0.000200, 0.000202, 0.000189
2970, 0.000203, 0.000099, 0.000090
2971, 0.000206, 0.000219, 0.000206
2972, 0.000208, 0.000107, 0.000098
2973, 0.000202, 0.000160, 0.000148
2974, 0.000195, 0.000141, 0.000130
2975, 0.000191, 0.000129, 0.000119
2976, 0.000196, 0.000187, 0.000174
2977, 0.000199, 0.000100, 0.000091
2978, 0.000206, 0.000213, 0.000199
2979, 0.000206, 0.000098, 0.000090
2980, 0.000204, 0.000179, 0.000168
2981, 0.000196, 0.000137, 0.000127
2982, 0.000193, 0.000113, 0.000105
2983, 0.000196, 0.000207, 0.000195
2984, 0.000206, 0.000091, 0.000084
2985, 0.000212, 0.000226, 0.000213
2986, 0.000212, 0.000102, 0.000092
2987, 0.000200, 0.000156, 0.000144
2988, 0.000191, 0.000145, 0.000134
2989, 0.000190, 0.000111, 0.000101
2990, 0.000195, 0.000199, 0.000187
2991, 0.000200, 0.000100, 0.000091
2992, 0.000201, 0.000191, 0.000178
2993, 0.000195, 0.000116, 0.000107
2994, 0.000190, 0.000134, 0.000124
2995, 0.000189, 0.000165, 0.000155
2996, 0.000193, 0.000099, 0.000090
2997, 0.000197, 0.000186, 0.000175
2998, 0.000197, 0.000102, 0.000094
2999, 0.000194, 0.000157, 0.000147
3000, 0.000191, 0.000133, 0.000124
3001, 0.000187, 0.000112, 0.000104
3002, 0.000190, 0.000176, 0.000165
3003, 0.000191, 0.000107, 0.000098
3004, 0.000191, 0.000161, 0.000150
3005, 0.000189, 0.000124, 0.000113
3006, 0.000186, 0.000123, 0.000114
3007, 0.000185, 0.000158, 0.000147
3008, 0.000188, 0.000110, 0.000101
3009, 0.000189, 0.000149, 0.000140
3010, 0.000187, 0.000133, 0.000124
3011, 0.000187, 0.000112, 0.000104
3012, 0.000185, 0.000164, 0.000155
3013, 0.000189, 0.000117, 0.000109
3014, 0.000187, 0.000135, 0.000127
3015, 0.000186, 0.000147, 0.000137
3016, 0.000184, 0.000113, 0.000104
3017, 0.000187, 0.000172, 0.000161
3018, 0.000192, 0.000104, 0.000094
3019, 0.000189, 0.000164, 0.000152
3020, 0.000187, 0.000118, 0.000109
3021, 0.000184, 0.000124, 0.000114
3022, 0.000184, 0.000157, 0.000147
3023, 0.000184, 0.000108, 0.000100
3024, 0.000186, 0.000152, 0.000141
3025, 0.000183, 0.000125, 0.000116
3026, 0.000181, 0.000133, 0.000123
3027, 0.000181, 0.000139, 0.000129
3028, 0.000183, 0.000131, 0.000121
3029, 0.000180, 0.000126, 0.000117
3030, 0.000182, 0.000132, 0.000123
3031, 0.000181, 0.000126, 0.000118
3032, 0.000181, 0.000133, 0.000124
3033, 0.000182, 0.000119, 0.000110
3034, 0.000180, 0.000151, 0.000140
3035, 0.000181, 0.000105, 0.000096
3036, 0.000183, 0.000159, 0.000147
3037, 0.000181, 0.000110, 0.000101
3038, 0.000181, 0.000148, 0.000138
3039, 0.000179, 0.000124, 0.000115
3040, 0.000177, 0.000133, 0.000124
3041, 0.000179, 0.000135, 0.000126
3042, 0.000176, 0.000128, 0.000119
3043, 0.000178, 0.000132, 0.000123
3044, 0.000177, 0.000125, 0.000116
3045, 0.000178, 0.000134, 0.000124
3046, 0.000177, 0.000127, 0.000118
3047, 0.000178, 0.000134, 0.000124
3048, 0.000176, 0.000116, 0.000107
3049, 0.000179, 0.000149, 0.000139
3050, 0.000179, 0.000119, 0.000110
3051, 0.000177, 0.000129, 0.000120
3052, 0.000175, 0.000141, 0.000131
3053, 0.000176, 0.000112, 0.000103
3054, 0.000180, 0.000164, 0.000154
3055, 0.000180, 0.000102, 0.000094
3056, 0.000180, 0.000177, 0.000166
3057, 0.000180, 0.000106, 0.000099
3058, 0.000180, 0.000143, 0.000133
3059, 0.000175, 0.000127, 0.000119
3060, 0.000174, 0.000124, 0.000114
3061, 0.000174, 0.000142, 0.000132
3062, 0.000176, 0.000126, 0.000118
3063, 0.000177, 0.000123, 0.000115
3064, 0.000175, 0.000138, 0.000129
3065, 0.000174, 0.000121, 0.000113
3066, 0.000174, 0.000137, 0.000128
3067, 0.000175, 0.000132, 0.000123
3068, 0.000173, 0.000124, 0.000115
3069, 0.000174, 0.000148, 0.000138
3070, 0.000174, 0.000111, 0.000104
3071, 0.000175, 0.000145, 0.000136
3072, 0.000173, 0.000117, 0.000110
3073, 0.000173, 0.000135, 0.000128
3074, 0.000173, 0.000117, 0.000110
3075, 0.000173, 0.000143, 0.000135
3076, 0.000170, 0.000119, 0.000112
3077, 0.000174, 0.000117, 0.000109
3078, 0.000173, 0.000154, 0.000146
3079, 0.000173, 0.000106, 0.000098
3080, 0.000175, 0.000167, 0.000157
3081, 0.000174, 0.000103, 0.000095
3082, 0.000176, 0.000170, 0.000159
3083, 0.000175, 0.000108, 0.000100
3084, 0.000173, 0.000150, 0.000140
3085, 0.000172, 0.000111, 0.000103
3086, 0.000170, 0.000143, 0.000133
3087, 0.000170, 0.000126, 0.000119
3088, 0.000170, 0.000115, 0.000107
3089, 0.000170, 0.000148, 0.000139
3090, 0.000170, 0.000115, 0.000108
3091, 0.000173, 0.000137, 0.000128
3092, 0.000173, 0.000138, 0.000130
3093, 0.000173, 0.000126, 0.000116
3094, 0.000169, 0.000134, 0.000124
3095, 0.000170, 0.000118, 0.000111
3096, 0.000171, 0.000151, 0.000141
3097, 0.000173, 0.000103, 0.000096
3098, 0.000171, 0.000181, 0.000171
3099, 0.000177, 0.000094, 0.000087
3100, 0.000180, 0.000182, 0.000175
3101, 0.000179, 0.000088, 0.000081
3102, 0.000176, 0.000177, 0.000168
3103, 0.000175, 0.000101, 0.000096
3104, 0.000175, 0.000154, 0.000145
3105, 0.000172, 0.000107, 0.000101
3106, 0.000167, 0.000141, 0.000133
3107, 0.000170, 0.000123, 0.000114
3108, 0.000170, 0.000129, 0.000121
3109, 0.000169, 0.000139, 0.000129
3110, 0.000165, 0.000116, 0.000107
3111, 0.000168, 0.000129, 0.000122
3112, 0.000171, 0.000142, 0.000134
3113, 0.000170, 0.000112, 0.000106
3114, 0.000170, 0.000143, 0.000136
3115, 0.000165, 0.000111, 0.000103
3116, 0.000170, 0.000160, 0.000152
3117, 0.000171, 0.000098, 0.000091
3118, 0.000172, 0.000175, 0.000165
3119, 0.000170, 0.000088, 0.000083
3120, 0.000176, 0.000187, 0.000177
3121, 0.000177, 0.000083, 0.000078
3122, 0.000177, 0.000182, 0.000172
3123, 0.000173, 0.000092, 0.000085
3124, 0.000169, 0.000147, 0.000139
3125, 0.000165, 0.000115, 0.000107
3126, 0.000167, 0.000139, 0.000130
3127, 0.000166, 0.000107, 0.000099
3128, 0.000165, 0.000155, 0.000144
3129, 0.000168, 0.000094, 0.000087
3130, 0.000168, 0.000161, 0.000150
3131, 0.000166, 0.000094, 0.000087
3132, 0.000166, 0.000154, 0.000145
3133, 0.000165, 0.000100, 0.000092
3134, 0.000167, 0.000137, 0.000129
3135, 0.000163, 0.000138, 0.000131
3136, 0.000163, 0.000083, 0.000078
3137, 0.000174, 0.000238, 0.000229
3138, 0.000193, 0.000071, 0.000066
3139, 0.000221, 0.000368, 0.000353
3140, 0.000251, 0.000081, 0.000076
3141, 0.000246, 0.000284, 0.000269
3142, 0.000213, 0.000075, 0.000069
3143, 0.000176, 0.000114, 0.000107
3144, 0.000164, 0.000167, 0.000158
3145, 0.000171, 0.000071, 0.000067
3146, 0.000182, 0.000195, 0.000186
3147, 0.000177, 0.000094, 0.000088
3148, 0.000162, 0.000097, 0.000091
3149, 0.000161, 0.000186, 0.000175
3150, 0.000175, 0.000072, 0.000065
3151, 0.000181, 0.000172, 0.000162
3152, 0.000171, 0.000099, 0.000091
3153, 0.000159, 0.000090, 0.000083
3154, 0.000162, 0.000169, 0.000159
3155, 0.000169, 0.000079, 0.000072
3156, 0.000167, 0.000131, 0.000123
3157, 0.000160, 0.000110, 0.000102
3158, 0.000159, 0.000096, 0.000090
3159, 0.000159, 0.000134, 0.000127
3160, 0.000161, 0.000088, 0.000082
3161, 0.000160, 0.000119, 0.000112
3162, 0.000159, 0.000104, 0.000098
3163, 0.000158, 0.000093, 0.000087
3164, 0.000159, 0.000130, 0.000122
3165, 0.000160, 0.000101, 0.000095
3166, 0.000156, 0.000099, 0.000092
3167, 0.000158, 0.000132, 0.000123
3168, 0.000159, 0.000090, 0.000084
3169, 0.000161, 0.000122, 0.000114
3170, 0.000158, 0.000114, 0.000107
3171, 0.000157, 0.000089, 0.000083
3172, 0.000159, 0.000136, 0.000128
3173, 0.000159, 0.000094, 0.000088
3174, 0.000157, 0.000107, 0.000100
3175, 0.000155, 0.000127, 0.000119
3176, 0.000158, 0.000083, 0.000077
3177, 0.000161, 0.000136, 0.000128
3178, 0.000159, 0.000101, 0.000095
3179, 0.000155, 0.000097, 0.000090
3180, 0.000155, 0.000126, 0.000118
3181, 0.000156, 0.000097, 0.000091
3182, 0.000155, 0.000098, 0.000092
3183, 0.000154, 0.000131, 0.000122
3184, 0.000158, 0.000093, 0.000087
3185, 0.000156, 0.000117, 0.000109
3186, 0.000154, 0.000107, 0.000099
3187, 0.000153, 0.000104, 0.000098
3188, 0.000156, 0.000117, 0.000109
3189, 0.000155, 0.000094, 0.000088
3190, 0.000153, 0.000128, 0.000122
3191, 0.000157, 0.000096, 0.000090
3192, 0.000155, 0.000105, 0.000100
3193, 0.000154, 0.000124, 0.000118
3194, 0.000154, 0.000090, 0.000085
3195, 0.000156, 0.000131, 0.000125
3196, 0.000155, 0.000096, 0.000091
3197, 0.000153, 0.000106, 0.000100
3198, 0.000154, 0.000134, 0.000127
3199, 0.000154, 0.000082, 0.000076
3200, 0.000158, 0.000144, 0.000136
3201, 0.000158, 0.000078, 0.000073
3202, 0.000156, 0.000138, 0.000130
3203, 0.000155, 0.000095, 0.000090
3204, 0.000151, 0.000097, 0.000092
3205, 0.000151, 0.000139, 0.000133
3206, 0.000154, 0.000079, 0.000075
3207, 0.000157, 0.000142, 0.000136
3208, 0.000155, 0.000096, 0.000091
3209, 0.000150, 0.000107, 0.000101
3210, 0.000150, 0.000111, 0.000104
3211, 0.000150, 0.000106, 0.000100
3212, 0.000150, 0.000109, 0.000104
3213, 0.000150, 0.000097, 0.000092
3214, 0.000150, 0.000118, 0.000113
3215, 0.000150, 0.000095, 0.000090
3216, 0.000153, 0.000119, 0.000113
3217, 0.000149, 0.000103, 0.000097
3218, 0.000149, 0.000097, 0.000091
3219, 0.000151, 0.000150, 0.000142
3220, 0.000155, 0.000080, 0.000075
3221, 0.000155, 0.000136, 0.000126
3222, 0.000154, 0.000101, 0.000095
3223, 0.000151, 0.000107, 0.000100
3224, 0.000150, 0.000115, 0.000108
3225, 0.000150, 0.000104, 0.000098
3226, 0.000149, 0.000107, 0.000101
3227, 0.000150, 0.000114, 0.000108
3228, 0.000151, 0.000091, 0.000086
3229, 0.000149, 0.000128, 0.000121
3230, 0.000149, 0.000094, 0.000089
3231, 0.000149, 0.000109, 0.000103
3232, 0.000147, 0.000103, 0.000097
3233, 0.000147, 0.000101, 0.000095
3234, 0.000148, 0.000118, 0.000109
3235, 0.000148, 0.000098, 0.000091
3236, 0.000149, 0.000116, 0.000108
3237, 0.000147, 0.000100, 0.000092
3238, 0.000146, 0.000110, 0.000103
3239, 0.000147, 0.000118, 0.000110
3240, 0.000147, 0.000087, 0.000081
3241, 0.000148, 0.000145, 0.000137
3242, 0.000150, 0.000078, 0.000072
3243, 0.000154, 0.000155, 0.000148
3244, 0.000155, 0.000071, 0.000066
3245, 0.000156, 0.000155, 0.000148
3246, 0.000154, 0.000073, 0.000069
3247, 0.000152, 0.000115, 0.000110
3248, 0.000146, 0.000114, 0.000107
3249, 0.000147, 0.000087, 0.000082
3250, 0.000148, 0.000142, 0.000134
3251, 0.000149, 0.000086, 0.000080
3252, 0.000149, 0.000133, 0.000126
3253, 0.000148, 0.000092, 0.000086
3254, 0.000147, 0.000117, 0.000109
3255, 0.000145, 0.000103, 0.000097
3256, 0.000145, 0.000100, 0.000094
3257, 0.000144, 0.000107, 0.000101
3258, 0.000145, 0.000098, 0.000092
3259, 0.000145, 0.000115, 0.000109
3260, 0.000144, 0.000092, 0.000088
3261, 0.000145, 0.000117, 0.000112
3262, 0.000145, 0.000088, 0.000084
3263, 0.000145, 0.000125, 0.000119
3264, 0.000145, 0.000089, 0.000084
3265, 0.000144, 0.000122, 0.000115
3266, 0.000144, 0.000092, 0.000085
3267, 0.000144, 0.000111, 0.000104
3268, 0.000142, 0.000103, 0.000097
3269, 0.000143, 0.000097, 0.000091
3270, 0.000143, 0.000120, 0.000113
3271, 0.000143, 0.000094, 0.000089
3272, 0.000142, 0.000108, 0.000102
3273, 0.000143, 0.000107, 0.000101
3274, 0.000144, 0.000094, 0.000089
3275, 0.000143, 0.000132, 0.000125
3276, 0.000144, 0.000079, 0.000074
3277, 0.000147, 0.000160, 0.000152
3278, 0.000152, 0.000065, 0.000061
3279, 0.000160, 0.000200, 0.000191
3280, 0.000163, 0.000065, 0.000062
3281, 0.000155, 0.000129, 0.000123
3282, 0.000144, 0.000109, 0.000103
3283, 0.000141, 0.000076, 0.000071
3284, 0.000148, 0.000187, 0.000178
3285, 0.000161, 0.000060, 0.000057
3286, 0.000167, 0.000189, 0.000179
3287, 0.000160, 0.000074, 0.000069
3288, 0.000146, 0.000096, 0.000091
3289, 0.000142, 0.000156, 0.000148
3290, 0.000153, 0.000064, 0.000061
3291, 0.000170, 0.000215, 0.000204
3292, 0.000173, 0.000060, 0.000055
3293, 0.000164, 0.000142, 0.000135
3294, 0.000149, 0.000109, 0.000102
3295, 0.000145, 0.000075, 0.000071
3296, 0.000147, 0.000156, 0.000148
3297, 0.000152, 0.000069, 0.000064
3298, 0.000151, 0.000129, 0.000124
3299, 0.000146, 0.000105, 0.000099
3300, 0.000140, 0.000073, 0.000070
3301, 0.000144, 0.000154, 0.000147
3302, 0.000150, 0.000070, 0.000065
3303, 0.000148, 0.000127, 0.000120
3304, 0.000143, 0.000099, 0.000093
3305, 0.000139, 0.000081, 0.000075
3306, 0.000142, 0.000138, 0.000132
3307, 0.000145, 0.000070, 0.000066
3308, 0.000147, 0.000134, 0.000127
3309, 0.000145, 0.000083, 0.000079
3310, 0.000142, 0.000096, 0.000090
3311, 0.000138, 0.000114, 0.000107
3312, 0.000140, 0.000079, 0.000074
3313, 0.000140, 0.000108, 0.000102
3314, 0.000139, 0.000095, 0.000089
3315, 0.000140, 0.000088, 0.000084
3316, 0.000139, 0.000098, 0.000093
3317, 0.000137, 0.000096, 0.000091
3318, 0.000137, 0.000087, 0.000083
3319, 0.000138, 0.000108, 0.000102
3320, 0.000137, 0.000084, 0.000079
3321, 0.000137, 0.000100, 0.000094
3322, 0.000137, 0.000099, 0.000092
3323, 0.000138, 0.000095, 0.000089
3324, 0.000138, 0.000106, 0.000099
3325, 0.000140, 0.000096, 0.000091
3326, 0.000137, 0.000094, 0.000089
3327, 0.000136, 0.000102, 0.000096
3328, 0.000140, 0.000090, 0.000086
3329, 0.000139, 0.000095, 0.000089
3330, 0.000135, 0.000095, 0.000089
3331, 0.000138, 0.000100, 0.000094
3332, 0.000135, 0.000095, 0.000089
3333, 0.000134, 0.000089, 0.000083
3334, 0.000138, 0.000107, 0.000101
3335, 0.000136, 0.000086, 0.000080
3336, 0.000137, 0.000115, 0.000108
3337, 0.000139, 0.000073, 0.000069
3338, 0.000139, 0.000131, 0.000123
3339, 0.000140, 0.000077, 0.000072
3340, 0.000141, 0.000114, 0.000107
3341, 0.000137, 0.000096, 0.000090
3342, 0.000136, 0.000093, 0.000088
3343, 0.000137, 0.000118, 0.000112
3344, 0.000138, 0.000070, 0.000065
3345, 0.000138, 0.000135, 0.000129
3346, 0.000142, 0.000072, 0.000068
3347, 0.000137, 0.000107, 0.000102
3348, 0.000136, 0.000103, 0.000098
3349, 0.000136, 0.000080, 0.000075
3350, 0.000135, 0.000118, 0.000111
3351, 0.000137, 0.000080, 0.000075
3352, 0.000137, 0.000111, 0.000105
3353, 0.000136, 0.000091, 0.000084
3354, 0.000134, 0.000087, 0.000082
3355, 0.000136, 0.000118, 0.000111
3356, 0.000136, 0.000076, 0.000070
3357, 0.000137, 0.000125, 0.000119
3358, 0.000137, 0.000078, 0.000073
3359, 0.000135, 0.000106, 0.000100
3360, 0.000133, 0.000094, 0.000089
3361, 0.000134, 0.000087, 0.000082
3362, 0.000132, 0.000112, 0.000106
3363, 0.000134, 0.000079, 0.000074
3364, 0.000135, 0.000129, 0.000122
3365, 0.000135, 0.000070, 0.000065
3366, 0.000137, 0.000132, 0.000125
3367, 0.000138, 0.000074, 0.000069
3368, 0.000135, 0.000101, 0.000096
3369, 0.000132, 0.000100, 0.000096
3370, 0.000131, 0.000072, 0.000068
3371, 0.000134, 0.000132, 0.000126
3372, 0.000138, 0.000063, 0.000059
3373, 0.000141, 0.000163, 0.000156
3374, 0.000145, 0.000059, 0.000055
3375, 0.000145, 0.000139, 0.000133
3376, 0.000140, 0.000076, 0.000072
3377, 0.000133, 0.000089, 0.000085
3378, 0.000130, 0.000120, 0.000114
3379, 0.000135, 0.000067, 0.000064
3380, 0.000137, 0.000136, 0.000130
3381, 0.000137, 0.000069, 0.000064
3382, 0.000135, 0.000116, 0.000110
3383, 0.000134, 0.000085, 0.000078
3384, 0.000131, 0.000100, 0.000095
3385, 0.000133, 0.000095, 0.000089
3386, 0.000131, 0.000084, 0.000078
3387, 0.000132, 0.000107, 0.000102
3388, 0.000134, 0.000082, 0.000077
3389, 0.000134, 0.000114, 0.000108
3390, 0.000131, 0.000080, 0.000077
3391, 0.000132, 0.000093, 0.000088
3392, 0.000130, 0.000101, 0.000096
3393, 0.000128, 0.000075, 0.000070
3394, 0.000131, 0.000116, 0.000110
3395, 0.000133, 0.000078, 0.000075
3396, 0.000136, 0.000107, 0.000101
3397, 0.000133, 0.000092, 0.000087
3398, 0.000130, 0.000090, 0.000085
3399, 0.000131, 0.000098, 0.000091
3400, 0.000132, 0.000096, 0.000091
3401, 0.000130, 0.000081, 0.000076
3402, 0.000128, 0.000101, 0.000095
3403, 0.000130, 0.000079, 0.000074
3404, 0.000130, 0.000103, 0.000097
3405, 0.000129, 0.000080, 0.000075
3406, 0.000128, 0.000107, 0.000101
3407, 0.000132, 0.000084, 0.000078
3408, 0.000131, 0.000108, 0.000102
3409, 0.000130, 0.000079, 0.000075
3410, 0.000131, 0.000109, 0.000103
3411, 0.000130, 0.000079, 0.000074
3412, 0.000131, 0.000113, 0.000107
3413, 0.000131, 0.000076, 0.000071
3414, 0.000132, 0.000111, 0.000106
3415, 0.000131, 0.000073, 0.000068
3416, 0.000131, 0.000122, 0.000115
3417, 0.000133, 0.000070, 0.000067
3418, 0.000135, 0.000136, 0.000129
3419, 0.000137, 0.000063, 0.000059
3420, 0.000136, 0.000135, 0.000128
3421, 0.000133, 0.000072, 0.000067
3422, 0.000132, 0.000101, 0.000096
3423, 0.000128, 0.000108, 0.000103
3424, 0.000127, 0.000063, 0.000059
3425, 0.000137, 0.000168, 0.000161
3426, 0.000146, 0.000056, 0.000052
3427, 0.000150, 0.000179, 0.000171
3428, 0.000149, 0.000055, 0.000051
3429, 0.000145, 0.000149, 0.000140
3430, 0.000140, 0.000065, 0.000061
3431, 0.000135, 0.000115, 0.000107
3432, 0.000129, 0.000093, 0.000087
3433, 0.000125, 0.000067, 0.000063
3434, 0.000133, 0.000153, 0.000145
3435, 0.000144, 0.000056, 0.000054
3436, 0.000154, 0.000200, 0.000190
3437, 0.000158, 0.000053, 0.000049
3438, 0.000150, 0.000130, 0.000124
3439, 0.000135, 0.000095, 0.000089
3440, 0.000127, 0.000063, 0.000058
3441, 0.000131, 0.000145, 0.000137
3442, 0.000137, 0.000063, 0.000058
3443, 0.000139, 0.000132, 0.000125
3444, 0.000134, 0.000072, 0.000068
3445, 0.000127, 0.000085, 0.000080
3446, 0.000128, 0.000104, 0.000099
3447, 0.000129, 0.000064, 0.000060
3448, 0.000129, 0.000118, 0.000111
3449, 0.000130, 0.000071, 0.000067
3450, 0.000126, 0.000087, 0.000080
3451, 0.000124, 0.000108, 0.000101
3452, 0.000127, 0.000069, 0.000065
3453, 0.000128, 0.000106, 0.000100
3454, 0.000129, 0.000074, 0.000071
3455, 0.000125, 0.000080, 0.000076
3456, 0.000124, 0.000104, 0.000100
3457, 0.000127, 0.000064, 0.000061
3458, 0.000130, 0.000115, 0.000109
3459, 0.000130, 0.000067, 0.000063
3460, 0.000128, 0.000099, 0.000093
3461, 0.000125, 0.000085, 0.000078
3462, 0.000124, 0.000082, 0.000077
3463, 0.000125, 0.000096, 0.000091
3464, 0.000124, 0.000076, 0.000071
3465, 0.000126, 0.000087, 0.000083
3466, 0.000125, 0.000092, 0.000086
3467, 0.000124, 0.000069, 0.000064
3468, 0.000126, 0.000106, 0.000101
3469, 0.000126, 0.000071, 0.000067
3470, 0.000124, 0.000088, 0.000083
3471, 0.000123, 0.000083, 0.000078
3472, 0.000123, 0.000079, 0.000074
3473, 0.000120, 0.000090, 0.000085
3474, 0.000124, 0.000076, 0.000071
3475, 0.000124, 0.000099, 0.000092
3476, 0.000123, 0.000074, 0.000069
3477, 0.000124, 0.000090, 0.000084
3478, 0.000124, 0.000080, 0.000075
3479, 0.000123, 0.000076, 0.000072
3480, 0.000123, 0.000102, 0.000097
3481, 0.000124, 0.000062, 0.000059
3482, 0.000128, 0.000126, 0.000120
3483, 0.000127, 0.000062, 0.000059
3484, 0.000127, 0.000102, 0.000096
3485, 0.000123, 0.000079, 0.000074
3486, 0.000121, 0.000079, 0.000074
3487, 0.000122, 0.000096, 0.000090
3488, 0.000123, 0.000074, 0.000068
3489, 0.000122, 0.000088, 0.000083
3490, 0.000122, 0.000088, 0.000082
3491, 0.000122, 0.000073, 0.000068
3492, 0.000122, 0.000099, 0.000093
3493, 0.000123, 0.000075, 0.000070
3494, 0.000123, 0.000085, 0.000079
3495, 0.000122, 0.000094, 0.000087
3496, 0.000121, 0.000068, 0.000064
3497, 0.000126, 0.000130, 0.000123
3498, 0.000131, 0.000056, 0.000053
3499, 0.000133, 0.000137, 0.000130
3500, 0.000129, 0.000062, 0.000059
3501, 0.000123, 0.000084, 0.000079
3502, 0.000122, 0.000107, 0.000100
3503, 0.000124, 0.000056, 0.000053
3504, 0.000132, 0.000153, 0.000145
3505, 0.000138, 0.000054, 0.000051
3506, 0.000140, 0.000150, 0.000143
3507, 0.000135, 0.000064, 0.000059
3508, 0.000125, 0.000088, 0.000081
3509, 0.000120, 0.000107, 0.000101
3510, 0.000125, 0.000056, 0.000052
3511, 0.000132, 0.000154, 0.000148
3512, 0.000138, 0.000052, 0.000050
3513, 0.000137, 0.000127, 0.000121
3514, 0.000129, 0.000073, 0.000070
3515, 0.000120, 0.000066, 0.000062
3516, 0.000121, 0.000137, 0.000129
3517, 0.000132, 0.000053, 0.000050
3518, 0.000138, 0.000147, 0.000139
3519, 0.000133, 0.000062, 0.000058
3520, 0.000123, 0.000079, 0.000075
3521, 0.000119, 0.000098, 0.000093
3522, 0.000120, 0.000059, 0.000056
3523, 0.000123, 0.000113, 0.000108
3524, 0.000124, 0.000069, 0.000065
3525, 0.000121, 0.000080, 0.000074
3526, 0.000120, 0.000096, 0.000089
3527, 0.000120, 0.000065, 0.000059
3528, 0.000123, 0.000101, 0.000094
3529, 0.000121, 0.000077, 0.000070
3530, 0.000118, 0.000071, 0.000065
3531, 0.000120, 0.000109, 0.000102
3532, 0.000123, 0.000059, 0.000054
3533, 0.000126, 0.000122, 0.000116
3534, 0.000126, 0.000060, 0.000056
3535, 0.000121, 0.000086, 0.000081
3536, 0.000119, 0.000091, 0.000087
3537, 0.000119, 0.000056, 0.000052
3538, 0.000125, 0.000128, 0.000121
3539, 0.000126, 0.000058, 0.000054
3540, 0.000122, 0.000082, 0.000076
3541, 0.000118, 0.000090, 0.000084
3542, 0.000119, 0.000059, 0.000054
3543, 0.000122, 0.000123, 0.000116
3544, 0.000127, 0.000059, 0.000055
3545, 0.000123, 0.000099, 0.000092
3546, 0.000118, 0.000071, 0.000065
3547, 0.000116, 0.000078, 0.000072
3548, 0.000118, 0.000085, 0.000079
3549, 0.000118, 0.000071, 0.000065
3550, 0.000119, 0.000089, 0.000082
3551, 0.000118, 0.000073, 0.000068
3552, 0.000118, 0.000083, 0.000078
3553, 0.000118, 0.000072, 0.000068
3554, 0.000118, 0.000090, 0.000084
3555, 0.000117, 0.000067, 0.000064
3556, 0.000118, 0.000094, 0.000088
3557, 0.000117, 0.000064, 0.000060
3558, 0.000117, 0.000095, 0.000089
3559, 0.000117, 0.000071, 0.000066
3560, 0.000117, 0.000080, 0.000075
3561, 0.000116, 0.000082, 0.000076
3562, 0.000116, 0.000078, 0.000073
3563, 0.000116, 0.000080, 0.000076
3564, 0.000115, 0.000079, 0.000074
3565, 0.000116, 0.000079, 0.000074
3566, 0.000115, 0.000082, 0.000078
3567, 0.000117, 0.000061, 0.000058
3568, 0.000120, 0.000118, 0.000114
3569, 0.000125, 0.000053, 0.000050
3570, 0.000126, 0.000124, 0.000118
3571, 0.000124, 0.000067, 0.000063
3572, 0.000118, 0.000073, 0.000069
3573, 0.000118, 0.000118, 0.000111
3574, 0.000124, 0.000050, 0.000048
3575, 0.000140, 0.000186, 0.000177
3576, 0.000149, 0.000051, 0.000049
3577, 0.000148, 0.000156, 0.000148
3578, 0.000140, 0.000055, 0.000052
3579, 0.000126, 0.000077, 0.000072
3580, 0.000116, 0.000119, 0.000113
3581, 0.000126, 0.000054, 0.000052
3582, 0.000149, 0.000204, 0.000195
3583, 0.000160, 0.000055, 0.000053
3584, 0.000149, 0.000112, 0.000107
3585, 0.000120, 0.000096, 0.000092
3586, 0.000117, 0.000051, 0.000049
3587, 0.000140, 0.000173, 0.000166
3588, 0.000149, 0.000048, 0.000045
3589, 0.000136, 0.000095, 0.000091
3590, 0.000121, 0.000099, 0.000093
3591, 0.000121, 0.000053, 0.000050
3592, 0.000134, 0.000161, 0.000154
3593, 0.000140, 0.000058, 0.000054
3594, 0.000126, 0.000076, 0.000073
3595, 0.000119, 0.000113, 0.000107
3596, 0.000123, 0.000050, 0.000046
3597, 0.000138, 0.000133, 0.000129
3598, 0.000134, 0.000070, 0.000066
3599, 0.000119, 0.000054, 0.000051
3600, 0.000120, 0.000124, 0.000120
3601, 0.000130, 0.000058, 0.000053
3602, 0.000129, 0.000090, 0.000086
3603, 0.000121, 0.000086, 0.000080
3604, 0.000116, 0.000060, 0.000055
3605, 0.000123, 0.000115, 0.000111
3606, 0.000126, 0.000068, 0.000064
3607, 0.000117, 0.000062, 0.000059
3608, 0.000116, 0.000103, 0.000100
3609, 0.000123, 0.000059, 0.000055
3610, 0.000120, 0.000078, 0.000075
3611, 0.000115, 0.000083, 0.000079
3612, 0.000114, 0.000065, 0.000060
3613, 0.000118, 0.000088, 0.000084
3614, 0.000118, 0.000067, 0.000063
3615, 0.000112, 0.000068, 0.000063
3616, 0.000115, 0.000087, 0.000084
3617, 0.000117, 0.000064, 0.000061
3618, 0.000114, 0.000074, 0.000070
3619, 0.000113, 0.000075, 0.000072
3620, 0.000116, 0.000068, 0.000064
3621, 0.000114, 0.000073, 0.000069
3622, 0.000113, 0.000070, 0.000067
3623, 0.000115, 0.000078, 0.000073
3624, 0.000113, 0.000066, 0.000062
3625, 0.000112, 0.000074, 0.000070
3626, 0.000114, 0.000075, 0.000070
3627, 0.000112, 0.000061, 0.000057
3628, 0.000114, 0.000099, 0.000094
3629, 0.000116, 0.000058, 0.000054
3630, 0.000115, 0.000076, 0.000072
3631, 0.000113, 0.000081, 0.000077
3632, 0.000111, 0.000062, 0.000058
3633, 0.000114, 0.000078, 0.000074
3634, 0.000114, 0.000067, 0.000063
3635, 0.000112, 0.000066, 0.000062
3636, 0.000112, 0.000080, 0.000076
3637, 0.000112, 0.000065, 0.000061
3638, 0.000111, 0.000066, 0.000061
3639, 0.000113, 0.000087, 0.000083
3640, 0.000114, 0.000058, 0.000055
3641, 0.000113, 0.000078, 0.000073
3642, 0.000113, 0.000076, 0.000072
3643, 0.000113, 0.000067, 0.000062
3644, 0.000114, 0.000091, 0.000085
3645, 0.000113, 0.000066, 0.000063
3646, 0.000115, 0.000077, 0.000071
3647, 0.000112, 0.000077, 0.000073
3648, 0.000112, 0.000055, 0.000052
3649, 0.000114, 0.000085, 0.000080
3650, 0.000115, 0.000060, 0.000056
3651, 0.000112, 0.000073, 0.000068
3652, 0.000111, 0.000073, 0.000068
3653, 0.000111, 0.000069, 0.000064
3654, 0.000113, 0.000072, 0.000067
3655, 0.000111, 0.000076, 0.000072
3656, 0.000110, 0.000065, 0.000062
3657, 0.000111, 0.000078, 0.000074
3658, 0.000112, 0.000062, 0.000059
3659, 0.000111, 0.000092, 0.000087
3660, 0.000114, 0.000053, 0.000051
3661, 0.000116, 0.000094, 0.000089
3662, 0.000113, 0.000068, 0.000064
3663, 0.000110, 0.000058, 0.000054
3664, 0.000112, 0.000098, 0.000092
3665, 0.000115, 0.000057, 0.000053
3666, 0.000113, 0.000082, 0.000077
3667, 0.000111, 0.000062, 0.000059
3668, 0.000111, 0.000071, 0.000068
3669, 0.000110, 0.000070, 0.000066
3670, 0.000109, 0.000064, 0.000061
3671, 0.000109, 0.000089, 0.000085
3672, 0.000112, 0.000055, 0.000052
3673, 0.000111, 0.000085, 0.000081
3674, 0.000110, 0.000074, 0.000069
3675, 0.000110, 0.000056, 0.000054
3676, 0.000112, 0.000094, 0.000089
3677, 0.000113, 0.000056, 0.000053
3678, 0.000111, 0.000080, 0.000076
3679, 0.000111, 0.000070, 0.000064
3680, 0.000110, 0.000068, 0.000064
3681, 0.000109, 0.000070, 0.000066
3682, 0.000109, 0.000079, 0.000074
3683, 0.000109, 0.000061, 0.000057
3684, 0.000111, 0.000086, 0.000082
3685, 0.000112, 0.000067, 0.000063
3686, 0.000111, 0.000069, 0.000067
3687, 0.000112, 0.000078, 0.000075
3688, 0.000111, 0.000060, 0.000057
3689, 0.000109, 0.000078, 0.000075
3690, 0.000110, 0.000064, 0.000060
3691, 0.000109, 0.000068, 0.000063
3692, 0.000107, 0.000081, 0.000077
3693, 0.000108, 0.000067, 0.000063
3694, 0.000110, 0.000076, 0.000073
3695, 0.000108, 0.000063, 0.000060
3696, 0.000107, 0.000076, 0.000071
3697, 0.000108, 0.000061, 0.000057
3698, 0.000109, 0.000078, 0.000074
3699, 0.000108, 0.000061, 0.000057
3700, 0.000107, 0.000071, 0.000068
3701, 0.000107, 0.000069, 0.000065
3702, 0.000109, 0.000068, 0.000064
3703, 0.000108, 0.000076, 0.000071
3704, 0.000107, 0.000057, 0.000054
3705, 0.000109, 0.000095, 0.000089
3706, 0.000111, 0.000054, 0.000051
3707, 0.000112, 0.000083, 0.000079
3708, 0.000108, 0.000065, 0.000062
3709, 0.000107, 0.000059, 0.000056
3710, 0.000107, 0.000095, 0.000090
3711, 0.000111, 0.000053, 0.000050
3712, 0.000114, 0.000103, 0.000097
3713, 0.000114, 0.000052, 0.000049
3714, 0.000116, 0.000105, 0.000099
3715, 0.000115, 0.000052, 0.000050
3716, 0.000113, 0.000088, 0.000084
3717, 0.000111, 0.000062, 0.000059
3718, 0.000108, 0.000072, 0.000068
3719, 0.000106, 0.000071, 0.000067
3720, 0.000108, 0.000063, 0.000059
3721, 0.000109, 0.000082, 0.000077
3722, 0.000108, 0.000065, 0.000062
3723, 0.000107, 0.000070, 0.000066
3724, 0.000107, 0.000085, 0.000080
3725, 0.000107, 0.000056, 0.000052
3726, 0.000109, 0.000087, 0.000082
3727, 0.000109, 0.000059, 0.000055
3728, 0.000106, 0.000066, 0.000062
3729, 0.000105, 0.000078, 0.000074
3730, 0.000108, 0.000058, 0.000055
3731, 0.000109, 0.000094, 0.000089
3732, 0.000110, 0.000055, 0.000052
3733, 0.000110, 0.000093, 0.000089
3734, 0.000112, 0.000054, 0.000051
3735, 0.000109, 0.000087, 0.000082
3736, 0.000108, 0.000057, 0.000053
3737, 0.000108, 0.000073, 0.000068
3738, 0.000106, 0.000068, 0.000064
3739, 0.000105, 0.000064, 0.000060
3740, 0.000106, 0.000071, 0.000066
3741, 0.000106, 0.000064, 0.000060
3742, 0.000105, 0.000073, 0.000068
3743, 0.000106, 0.000069, 0.000064
3744, 0.000106, 0.000071, 0.000067
3745, 0.000105, 0.000064, 0.000060
3746, 0.000104, 0.000074, 0.000070
3747, 0.000105, 0.000058, 0.000054
3748, 0.000104, 0.000075, 0.000071
3749, 0.000107, 0.000064, 0.000060
3750, 0.000104, 0.000063, 0.000060
3751, 0.000106, 0.000081, 0.000076
3752, 0.000105, 0.000054, 0.000051
3753, 0.000108, 0.000109, 0.000104
3754, 0.000116, 0.000049, 0.000046
3755, 0.000120, 0.000126, 0.000122
3756, 0.000122, 0.000048, 0.000045
3757, 0.000118, 0.000102, 0.000097
3758, 0.000111, 0.000059, 0.000055
3759, 0.000105, 0.000057, 0.000053
3760, 0.000105, 0.000108, 0.000102
3761, 0.000112, 0.000049, 0.000047
3762, 0.000116, 0.000111, 0.000105
3763, 0.000114, 0.000052, 0.000049
3764, 0.000108, 0.000072, 0.000067
3765, 0.000104, 0.000076, 0.000072
3766, 0.000105, 0.000053, 0.000050
3767, 0.000108, 0.000103, 0.000097
3768, 0.000110, 0.000050, 0.000048
3769, 0.000110, 0.000092, 0.000086
3770, 0.000108, 0.000058, 0.000055
3771, 0.000105, 0.000066, 0.000062
3772, 0.000104, 0.000085, 0.000081
3773, 0.000107, 0.000050, 0.000047
3774, 0.000110, 0.000097, 0.000093
3775, 0.000112, 0.000053, 0.000050
3776, 0.000109, 0.000076, 0.000073
3777, 0.000105, 0.000073, 0.000070
3778, 0.000105, 0.000052, 0.000050
3779, 0.000110, 0.000109, 0.000103
3780, 0.000116, 0.000048, 0.000047
3781, 0.000118, 0.000116, 0.000110
3782, 0.000117, 0.000052, 0.000048
3783, 0.000111, 0.000079, 0.000076
3784, 0.000108, 0.000068, 0.000064
3785, 0.000105, 0.000054, 0.000052
3786, 0.000107, 0.000093, 0.000088
3787, 0.000107, 0.000055, 0.000052
3788, 0.000106, 0.000075, 0.000072
3789, 0.000103, 0.000074, 0.000071
3790, 0.000103, 0.000053, 0.000051
3791, 0.000109, 0.000092, 0.000088
3792, 0.000111, 0.000049, 0.000046
3793, 0.000110, 0.000092, 0.000087
3794, 0.000111, 0.000053, 0.000050
3795, 0.000108, 0.000082, 0.000078
3796, 0.000105, 0.000056, 0.000053
3797, 0.000105, 0.000070, 0.000066
3798, 0.000104, 0.000072, 0.000069
3799, 0.000103, 0.000055, 0.000052
3800, 0.000105, 0.000092, 0.000087
3801, 0.000108, 0.000051, 0.000048
3802, 0.000107, 0.000071, 0.000066
3803, 0.000103, 0.000066, 0.000063
3804, 0.000103, 0.000059, 0.000056
3805, 0.000102, 0.000077, 0.000073
3806, 0.000102, 0.000056, 0.000054
3807, 0.000103, 0.000075, 0.000071
3808, 0.000103, 0.000059, 0.000056
3809, 0.000103, 0.000064, 0.000059
3810, 0.000102, 0.000080, 0.000074
3811, 0.000104, 0.000049, 0.000046
3812, 0.000107, 0.000097, 0.000092
3813, 0.000110, 0.000048, 0.000046
3814, 0.000109, 0.000085, 0.000082
3815, 0.000106, 0.000053, 0.000051
3816, 0.000104, 0.000068, 0.000065
3817, 0.000103, 0.000070, 0.000067
3818, 0.000103, 0.000052, 0.000049
3819, 0.000105, 0.000100, 0.000095
3820, 0.000109, 0.000050, 0.000047
3821, 0.000109, 0.000086, 0.000080
3822, 0.000106, 0.000058, 0.000054
3823, 0.000102, 0.000055, 0.000051
3824, 0.000102, 0.000091, 0.000086
3825, 0.000108, 0.000048, 0.000046
3826, 0.000118, 0.000125, 0.000120
3827, 0.000121, 0.000047, 0.000045
3828, 0.000117, 0.000098, 0.000093
3829, 0.000109, 0.000056, 0.000053
3830, 0.000102, 0.000056, 0.000053
3831, 0.000102, 0.000094, 0.000088
3832, 0.000107, 0.000047, 0.000045
3833, 0.000113, 0.000096, 0.000091
3834, 0.000110, 0.000051, 0.000048
3835, 0.000105, 0.000067, 0.000064
3836, 0.000100, 0.000070, 0.000067
3837, 0.000103, 0.000050, 0.000048
3838, 0.000103, 0.000090, 0.000085
3839, 0.000105, 0.000050, 0.000047
3840, 0.000105, 0.000072, 0.000068
3841, 0.000100, 0.000071, 0.000067
3842, 0.000101, 0.000049, 0.000047
3843, 0.000108, 0.000111, 0.000107
3844, 0.000117, 0.000048, 0.000045
3845, 0.000117, 0.000103, 0.000098
3846, 0.000113, 0.000050, 0.000047
3847, 0.000106, 0.000062, 0.000058
3848, 0.000100, 0.000073, 0.000067
3849, 0.000103, 0.000051, 0.000048
3850, 0.000104, 0.000077, 0.000072
3851, 0.000102, 0.000062, 0.000058
3852, 0.000100, 0.000052, 0.000049
3853, 0.000102, 0.000096, 0.000091
3854, 0.000109, 0.000047, 0.000044
3855, 0.000106, 0.000074, 0.000070
3856, 0.000102, 0.000055, 0.000052
3857, 0.000101, 0.000059, 0.000056
3858, 0.000099, 0.000068, 0.000065
3859, 0.000100, 0.000054, 0.000052
3860, 0.000101, 0.000077, 0.000073
3861, 0.000101, 0.000052, 0.000050
3862, 0.000101, 0.000072, 0.000068
3863, 0.000100, 0.000055, 0.000052
3864, 0.000100, 0.000060, 0.000058
3865, 0.000099, 0.000063, 0.000061
3866, 0.000101, 0.000054, 0.000051
3867, 0.000100, 0.000073, 0.000070
3868, 0.000102, 0.000054, 0.000051
3869, 0.000100, 0.000068, 0.000064
3870, 0.000099, 0.000058, 0.000054
3871, 0.000099, 0.000058, 0.000055
3872, 0.000098, 0.000067, 0.000063
3873, 0.000100, 0.000057, 0.000055
3874, 0.000099, 0.000063, 0.000060
3875, 0.000100, 0.000053, 0.000050
3876, 0.000100, 0.000071, 0.000068
3877, 0.000101, 0.000049, 0.000046
3878, 0.000102, 0.000084, 0.000079
3879, 0.000104, 0.000050, 0.000047
3880, 0.000102, 0.000076, 0.000071
3881, 0.000101, 0.000056, 0.000054
3882, 0.000100, 0.000058, 0.000055
3883, 0.000098, 0.000065, 0.000062
3884, 0.000098, 0.000053, 0.000051
3885, 0.000099, 0.000069, 0.000065
3886, 0.000099, 0.000052, 0.000049
3887, 0.000099, 0.000071, 0.000068
3888, 0.000099, 0.000055, 0.000053
3889, 0.000098, 0.000060, 0.000058
3890, 0.000099, 0.000075, 0.000072
3891, 0.000100, 0.000050, 0.000048
3892, 0.000103, 0.000089, 0.000083
3893, 0.000104, 0.000049, 0.000047
3894, 0.000103, 0.000072, 0.000067
3895, 0.000100, 0.000056, 0.000052
3896, 0.000099, 0.000056, 0.000054
3897, 0.000099, 0.000075, 0.000071
3898, 0.000099, 0.000052, 0.000049
3899, 0.000101, 0.000072, 0.000068
3900, 0.000099, 0.000055, 0.000052
3901, 0.000099, 0.000061, 0.000058
3902, 0.000097, 0.000060, 0.000057
3903, 0.000097, 0.000056, 0.000053
3904, 0.000099, 0.000063, 0.000061
3905, 0.000098, 0.000055, 0.000052
3906, 0.000096, 0.000066, 0.000063
3907, 0.000097, 0.000056, 0.000053
3908, 0.000097, 0.000062, 0.000058
3909, 0.000096, 0.000058, 0.000055
3910, 0.000097, 0.000055, 0.000051
3911, 0.000098, 0.000070, 0.000066
3912, 0.000098, 0.000050, 0.000047
3913, 0.000100, 0.000083, 0.000078
3914, 0.000102, 0.000049, 0.000047
3915, 0.000101, 0.000082, 0.000077
3916, 0.000099, 0.000051, 0.000049
3917, 0.000098, 0.000062, 0.000059
3918, 0.000096, 0.000062, 0.000059
3919, 0.000096, 0.000051, 0.000049
3920, 0.000099, 0.000069, 0.000067
3921, 0.000099, 0.000051, 0.000049
3922, 0.000099, 0.000075, 0.000072
3923, 0.000098, 0.000055, 0.000052
3924, 0.000097, 0.000066, 0.000063
3925, 0.000096, 0.000054, 0.000052
3926, 0.000096, 0.000061, 0.000057
3927, 0.000098, 0.000059, 0.000055
3928, 0.000096, 0.000055, 0.000052
3929, 0.000097, 0.000071, 0.000067
3930, 0.000098, 0.000051, 0.000049
3931, 0.000101, 0.000084, 0.000080
3932, 0.000100, 0.000049, 0.000047
3933, 0.000103, 0.000076, 0.000072
3934, 0.000100, 0.000052, 0.000050
3935, 0.000098, 0.000060, 0.000057
3936, 0.000095, 0.000062, 0.000059
3937, 0.000096, 0.000053, 0.000051
3938, 0.000099, 0.000086, 0.000082
3939, 0.000103, 0.000048, 0.000047
3940, 0.000107, 0.000102, 0.000096
3941, 0.000108, 0.000050, 0.000047
3942, 0.000104, 0.000078, 0.000074
3943, 0.000099, 0.000055, 0.000052
3944, 0.000098, 0.000053, 0.000051
3945, 0.000097, 0.000070, 0.000067
3946, 0.000097, 0.000049, 0.000046
3947, 0.000105, 0.000101, 0.000097
3948, 0.000110, 0.000049, 0.000048
3949, 0.000111, 0.000105, 0.000099
3950, 0.000113, 0.000057, 0.000057
3951, 0.000112, 0.000080, 0.000074
3952, 0.000102, 0.000052, 0.000049
3953, 0.000096, 0.000059, 0.000056
3954, 0.000098, 0.000070, 0.000064
3955, 0.000098, 0.000048, 0.000046
3956, 0.000097, 0.000072, 0.000069
3957, 0.000099, 0.000054, 0.000051
3958, 0.000098, 0.000056, 0.000054
3959, 0.000095, 0.000064, 0.000061
3960, 0.000096, 0.000052, 0.000048
3961, 0.000098, 0.000072, 0.000068
3962, 0.000098, 0.000054, 0.000051
3963, 0.000096, 0.000063, 0.000060
3964, 0.000095, 0.000056, 0.000054
3965, 0.000095, 0.000063, 0.000061
3966, 0.000094, 0.000052, 0.000050
3967, 0.000094, 0.000061, 0.000059
3968, 0.000096, 0.000055, 0.000052
3969, 0.000093, 0.000053, 0.000050
3970, 0.000093, 0.000067, 0.000063
3971, 0.000096, 0.000053, 0.000050
3972, 0.000095, 0.000061, 0.000057
3973, 0.000094, 0.000059, 0.000056
3974, 0.000094, 0.000051, 0.000048
3975, 0.000095, 0.000065, 0.000061
3976, 0.000095, 0.000049, 0.000047
3977, 0.000095, 0.000068, 0.000064
3978, 0.000096, 0.000050, 0.000048
3979, 0.000098, 0.000073, 0.000068
3980, 0.000098, 0.000049, 0.000046
3981, 0.000097, 0.000072, 0.000068
3982, 0.000097, 0.000048, 0.000045
3983, 0.000096, 0.000067, 0.000064
3984, 0.000095, 0.000050, 0.000048
3985, 0.000095, 0.000063, 0.000059
3986, 0.000094, 0.000051, 0.000049
3987, 0.000093, 0.000061, 0.000057
3988, 0.000094, 0.000052, 0.000050
3989, 0.000093, 0.000060, 0.000057
3990, 0.000094, 0.000053, 0.000051
3991, 0.000095, 0.000060, 0.000057
3992, 0.000094, 0.000055, 0.000053
3993, 0.000092, 0.000052, 0.000051
3994, 0.000093, 0.000065, 0.000063
3995, 0.000095, 0.000048, 0.000046
3996, 0.000097, 0.000081, 0.000077
3997, 0.000099, 0.000048, 0.000046
3998, 0.000100, 0.000082, 0.000078
3999, 0.000100, 0.000048, 0.000046
4000, 0.000097, 0.000067, 0.000065
4001, 0.000095, 0.000052, 0.000050
4002, 0.000094, 0.000057, 0.000055
4003, 0.000093, 0.000061, 0.000057
4004, 0.000092, 0.000050, 0.000048
4005, 0.000094, 0.000067, 0.000064
4006, 0.000094, 0.000050, 0.000047
4007, 0.000097, 0.000076, 0.000074
4008, 0.000098, 0.000049, 0.000047
4009, 0.000101, 0.000086, 0.000082
4010, 0.000100, 0.000047, 0.000045
4011, 0.000099, 0.000071, 0.000066
4012, 0.000095, 0.000051, 0.000048
4013, 0.000093, 0.000054, 0.000050
4014, 0.000092, 0.000065, 0.000062
4015, 0.000095, 0.000046, 0.000044
4016, 0.000096, 0.000073, 0.000070
4017, 0.000097, 0.000048, 0.000046
4018, 0.000096, 0.000072, 0.000068
4019, 0.000095, 0.000050, 0.000048
4020, 0.000095, 0.000070, 0.000066
4021, 0.000095, 0.000049, 0.000047
4022, 0.000095, 0.000062, 0.000059
4023, 0.000093, 0.000057, 0.000053
4024, 0.000093, 0.000051, 0.000049
4025, 0.000093, 0.000068, 0.000064
4026, 0.000094, 0.000050, 0.000048
4027, 0.000094, 0.000068, 0.000065
4028, 0.000095, 0.000050, 0.000048
4029, 0.000093, 0.000055, 0.000053
4030, 0.000091, 0.000056, 0.000054
4031, 0.000091, 0.000050, 0.000048
4032, 0.000093, 0.000056, 0.000054
4033, 0.000092, 0.000051, 0.000049
4034, 0.000091, 0.000056, 0.000053
4035, 0.000090, 0.000055, 0.000053
4036, 0.000091, 0.000056, 0.000052
4037, 0.000091, 0.000056, 0.000052
4038, 0.000091, 0.000050, 0.000047
4039, 0.000091, 0.000063, 0.000059
4040, 0.000093, 0.000048, 0.000046
4041, 0.000093, 0.000065, 0.000062
4042, 0.000093, 0.000047, 0.000045
4043, 0.000092, 0.000061, 0.000059
4044, 0.000093, 0.000052, 0.000050
4045, 0.000092, 0.000059, 0.000056
4046, 0.000091, 0.000050, 0.000048
4047, 0.000090, 0.000062, 0.000059
4048, 0.000091, 0.000049, 0.000047
4049, 0.000092, 0.000065, 0.000061
4050, 0.000093, 0.000048, 0.000046
4051, 0.000093, 0.000063, 0.000060
4052, 0.000091, 0.000049, 0.000047
4053, 0.000092, 0.000061, 0.000058
4054, 0.000092, 0.000050, 0.000048
4055, 0.000091, 0.000058, 0.000055
4056, 0.000090, 0.000055, 0.000052
4057, 0.000091, 0.000057, 0.000055
4058, 0.000090, 0.000051, 0.000049
4059, 0.000090, 0.000067, 0.000065
4060, 0.000095, 0.000047, 0.000045
4061, 0.000098, 0.000090, 0.000085
4062, 0.000104, 0.000051, 0.000051
4063, 0.000107, 0.000099, 0.000092
4064, 0.000109, 0.000057, 0.000058
4065, 0.000114, 0.000119, 0.000113
4066, 0.000117, 0.000057, 0.000056
4067, 0.000115, 0.000100, 0.000097
4068, 0.000112, 0.000049, 0.000047
4069, 0.000099, 0.000062, 0.000060
4070, 0.000093, 0.000057, 0.000056
4071, 0.000093, 0.000050, 0.000048
4072, 0.000094, 0.000078, 0.000075
4073, 0.000101, 0.000053, 0.000052
4074, 0.000107, 0.000100, 0.000094
4075, 0.000110, 0.000055, 0.000055
4076, 0.000113, 0.000098, 0.000093
4077, 0.000110, 0.000048, 0.000046
4078, 0.000097, 0.000053, 0.000050
4079, 0.000090, 0.000071, 0.000069
4080, 0.000098, 0.000053, 0.000053
4081, 0.000100, 0.000064, 0.000061
4082, 0.000092, 0.000054, 0.000051
4083, 0.000091, 0.000054, 0.000052
4084, 0.000095, 0.000065, 0.000061
4085, 0.000094, 0.000052, 0.000050
4086, 0.000090, 0.000054, 0.000052
4087, 0.000090, 0.000064, 0.000061
4088, 0.000094, 0.000054, 0.000055
4089, 0.000096, 0.000059, 0.000055
4090, 0.000090, 0.000052, 0.000049
4091, 0.000090, 0.000058, 0.000056
4092, 0.000096, 0.000058, 0.000054
4093, 0.000093, 0.000047, 0.000045
4094, 0.000092, 0.000070, 0.000069
4095, 0.000097, 0.000050, 0.000048
4096, 0.000102, 0.000080, 0.000078
4097, 0.000100, 0.000049, 0.000049
4098, 0.000097, 0.000072, 0.000069
4099, 0.000094, 0.000049, 0.000047
4100, 0.000090, 0.000054, 0.000052
4101, 0.000089, 0.000057, 0.000055
4102, 0.000089, 0.000046, 0.000045
4103, 0.000091, 0.000064, 0.000062
4104, 0.000092, 0.000049, 0.000047
4105, 0.000091, 0.000052, 0.000050
4106, 0.000088, 0.000050, 0.000048
4107, 0.000088, 0.000053, 0.000050
4108, 0.000090, 0.000050, 0.000047
4109, 0.000089, 0.000056, 0.000053
4110, 0.000088, 0.000051, 0.000049
4111, 0.000089, 0.000056, 0.000054
4112, 0.000091, 0.000050, 0.000048
4113, 0.000091, 0.000063, 0.000061
4114, 0.000091, 0.000047, 0.000046
4115, 0.000092, 0.000070, 0.000065
4116, 0.000094, 0.000049, 0.000047
4117, 0.000090, 0.000054, 0.000051
4118, 0.000088, 0.000059, 0.000056
4119, 0.000090, 0.000048, 0.000048
4120, 0.000093, 0.000061, 0.000059
4121, 0.000091, 0.000050, 0.000049
4122, 0.000090, 0.000054, 0.000052
4123, 0.000090, 0.000056, 0.000053
4124, 0.000090, 0.000052, 0.000050
4125, 0.000089, 0.000052, 0.000050
4126, 0.000089, 0.000050, 0.000047
4127, 0.000089, 0.000058, 0.000056
4128, 0.000091, 0.000048, 0.000046
4129, 0.000088, 0.000055, 0.000053
4130, 0.000088, 0.000053, 0.000052
4131, 0.000087, 0.000052, 0.000050
4132, 0.000088, 0.000053, 0.000051
4133, 0.000089, 0.000049, 0.000048
4134, 0.000090, 0.000063, 0.000060
4135, 0.000090, 0.000046, 0.000044
4136, 0.000091, 0.000067, 0.000065
4137, 0.000093, 0.000048, 0.000046
4138, 0.000089, 0.000052, 0.000050
4139, 0.000087, 0.000054, 0.000053
4140, 0.000088, 0.000049, 0.000047
4141, 0.000089, 0.000058, 0.000055
4142, 0.000089, 0.000049, 0.000047
4143, 0.000089, 0.000060, 0.000057
4144, 0.000089, 0.000046, 0.000045
4145, 0.000088, 0.000059, 0.000057
4146, 0.000090, 0.000046, 0.000045
4147, 0.000091, 0.000057, 0.000055
4148, 0.000088, 0.000046, 0.000045
4149, 0.000088, 0.000056, 0.000053
4150, 0.000088, 0.000050, 0.000048
4151, 0.000087, 0.000057, 0.000055
4152, 0.000087, 0.000052, 0.000050
4153, 0.000088, 0.000054, 0.000052
4154, 0.000088, 0.000049, 0.000048
4155, 0.000086, 0.000054, 0.000052
4156, 0.000087, 0.000048, 0.000047
4157, 0.000086, 0.000050, 0.000048
4158, 0.000087, 0.000051, 0.000048
4159, 0.000087, 0.000049, 0.000048
4160, 0.000086, 0.000055, 0.000053
4161, 0.000086, 0.000048, 0.000046
4162, 0.000088, 0.000059, 0.000057
4163, 0.000088, 0.000052, 0.000050
4164, 0.000086, 0.000050, 0.000048
4165, 0.000087, 0.000065, 0.000062
4166, 0.000091, 0.000048, 0.000047
4167, 0.000093, 0.000069, 0.000067
4168, 0.000094, 0.000045, 0.000045
4169, 0.000090, 0.000058, 0.000055
4170, 0.000088, 0.000048, 0.000046
4171, 0.000085, 0.000050, 0.000048
4172, 0.000086, 0.000061, 0.000058
4173, 0.000087, 0.000048, 0.000047
4174, 0.000091, 0.000071, 0.000068
4175, 0.000092, 0.000050, 0.000049
4176, 0.000097, 0.000081, 0.000078
4177, 0.000099, 0.000052, 0.000051
4178, 0.000099, 0.000078, 0.000076
4179, 0.000097, 0.000048, 0.000047
4180, 0.000094, 0.000063, 0.000062
4181, 0.000090, 0.000046, 0.000045
4182, 0.000091, 0.000060, 0.000058
4183, 0.000089, 0.000049, 0.000048
4184, 0.000087, 0.000054, 0.000052
4185, 0.000086, 0.000054, 0.000052
4186, 0.000085, 0.000047, 0.000046
4187, 0.000086, 0.000062, 0.000061
4188, 0.000090, 0.000050, 0.000050
4189, 0.000099, 0.000091, 0.000088
4190, 0.000107, 0.000060, 0.000059
4191, 0.000111, 0.000102, 0.000099
4192, 0.000113, 0.000058, 0.000057
4193, 0.000106, 0.000074, 0.000071
4194, 0.000095, 0.000046, 0.000045
4195, 0.000086, 0.000048, 0.000046
4196, 0.000085, 0.000056, 0.000053
4197, 0.000086, 0.000047, 0.000046
4198, 0.000088, 0.000061, 0.000059
4199, 0.000089, 0.000048, 0.000046
4200, 0.000087, 0.000053, 0.000050
4201, 0.000085, 0.000050, 0.000048
4202, 0.000084, 0.000048, 0.000046
4203, 0.000087, 0.000066, 0.000062
4204, 0.000090, 0.000049, 0.000048
4205, 0.000090, 0.000060, 0.000058
4206, 0.000088, 0.000046, 0.000046
4207, 0.000087, 0.000051, 0.000050
4208, 0.000085, 0.000051, 0.000049
4209, 0.000085, 0.000047, 0.000045
4210, 0.000087, 0.000063, 0.000059
4211, 0.000090, 0.000050, 0.000047
4212, 0.000092, 0.000068, 0.000066
4213, 0.000093, 0.000049, 0.000048
4214, 0.000093, 0.000063, 0.000061
4215, 0.000090, 0.000046, 0.000046
4216, 0.000087, 0.000050, 0.000047
4217, 0.000085, 0.000057, 0.000054
4218, 0.000087, 0.000049, 0.000048
4219, 0.000094, 0.000076, 0.000073
4220, 0.000097, 0.000050, 0.000049
4221, 0.000095, 0.000061, 0.000059
4222, 0.000088, 0.000046, 0.000044
4223, 0.000085, 0.000046, 0.000045
4224, 0.000086, 0.000067, 0.000065
4225, 0.000091, 0.000052, 0.000052
4226, 0.000094, 0.000068, 0.000066
4227, 0.000091, 0.000046, 0.000046
4228, 0.000086, 0.000047, 0.000046
4229, 0.000084, 0.000059, 0.000057
4230, 0.000088, 0.000048, 0.000048
4231, 0.000089, 0.000058, 0.000056
4232, 0.000087, 0.000047, 0.000045
4233, 0.000086, 0.000050, 0.000049
4234, 0.000084, 0.000049, 0.000048
4235, 0.000083, 0.000050, 0.000048
4236, 0.000084, 0.000050, 0.000048
4237, 0.000084, 0.000047, 0.000046
4238, 0.000083, 0.000048, 0.000046
4239, 0.000084, 0.000051, 0.000049
4240, 0.000085, 0.000046, 0.000045
4241, 0.000084, 0.000056, 0.000054
4242, 0.000087, 0.000048, 0.000048
4243, 0.000087, 0.000053, 0.000052
4244, 0.000087, 0.000049, 0.000048
4245, 0.000083, 0.000047, 0.000046
4246, 0.000086, 0.000069, 0.000066
4247, 0.000093, 0.000054, 0.000053
4248, 0.000094, 0.000068, 0.000066
4249, 0.000090, 0.000046, 0.000044
4250, 0.000083, 0.000046, 0.000045
4251, 0.000083, 0.000068, 0.000066
4252, 0.000093, 0.000061, 0.000060
4253, 0.000106, 0.000095, 0.000091
4254, 0.000108, 0.000053, 0.000053
4255, 0.000094, 0.000051, 0.000049
4256, 0.000083, 0.000062, 0.000059
4257, 0.000089, 0.000055, 0.000055
4258, 0.000100, 0.000085, 0.000082
4259, 0.000105, 0.000056, 0.000055
4260, 0.000098, 0.000056, 0.000055
4261, 0.000086, 0.000053, 0.000051
4262, 0.000085, 0.000056, 0.000055
4263, 0.000098, 0.000097, 0.000094
4264, 0.000111, 0.000062, 0.000061
4265, 0.000104, 0.000060, 0.000058
4266, 0.000087, 0.000049, 0.000048
4267, 0.000084, 0.000055, 0.000054
4268, 0.000097, 0.000100, 0.000096
4269, 0.000113, 0.000063, 0.000063
4270, 0.000105, 0.000055, 0.000053
4271, 0.000084, 0.000062, 0.000060
4272, 0.000089, 0.000063, 0.000062
4273, 0.000106, 0.000087, 0.000084
4274, 0.000104, 0.000049, 0.000047
4275, 0.000087, 0.000046, 0.000045
4276, 0.000082, 0.000063, 0.000060
4277, 0.000093, 0.000056, 0.000055
4278, 0.000100, 0.000071, 0.000069
4279, 0.000095, 0.000049, 0.000047
4280, 0.000086, 0.000047, 0.000046
4281, 0.000083, 0.000059, 0.000056
4282, 0.000087, 0.000048, 0.000046
4283, 0.000085, 0.000050, 0.000047
4284, 0.000084, 0.000052, 0.000049
4285, 0.000082, 0.000048, 0.000047
4286, 0.000085, 0.000052, 0.000050
4287, 0.000084, 0.000047, 0.000045
4288, 0.000082, 0.000048, 0.000046
4289, 0.000081, 0.000049, 0.000048
4290, 0.000083, 0.000047, 0.000046
4291, 0.000083, 0.000050, 0.000048
4292, 0.000081, 0.000048, 0.000046
4293, 0.000081, 0.000046, 0.000045
4294, 0.000083, 0.000053, 0.000050
4295, 0.000084, 0.000046, 0.000044
4296, 0.000083, 0.000048, 0.000047
4297, 0.000082, 0.000052, 0.000050
4298, 0.000084, 0.000046, 0.000046
4299, 0.000083, 0.000052, 0.000050
4300, 0.000082, 0.000049, 0.000047
4301, 0.000082, 0.000046, 0.000045
4302, 0.000083, 0.000056, 0.000054
4303, 0.000086, 0.000050, 0.000048
4304, 0.000084, 0.000049, 0.000048
4305, 0.000082, 0.000050, 0.000049
4306, 0.000082, 0.000046, 0.000046
4307, 0.000085, 0.000055, 0.000053
4308, 0.000085, 0.000048, 0.000046
4309, 0.000082, 0.000048, 0.000046
4310, 0.000081, 0.000053, 0.000050
4311, 0.000083, 0.000049, 0.000048
4312, 0.000087, 0.000056, 0.000054
4313, 0.000086, 0.000047, 0.000046
4314, 0.000082, 0.000048, 0.000046
4315, 0.000081, 0.000056, 0.000053
4316, 0.000085, 0.000049, 0.000047
4317, 0.000088, 0.000056, 0.000053
4318, 0.000084, 0.000046, 0.000044
4319, 0.000082, 0.000047, 0.000045
4320, 0.000081, 0.000054, 0.000052
4321, 0.000084, 0.000046, 0.000046
4322, 0.000083, 0.000052, 0.000050
4323, 0.000082, 0.000050, 0.000048
4324, 0.000081, 0.000047, 0.000047
4325, 0.000082, 0.000055, 0.000053
4326, 0.000084, 0.000049, 0.000048
4327, 0.000085, 0.000052, 0.000051
4328, 0.000082, 0.000049, 0.000047
4329, 0.000081, 0.000047, 0.000046
4330, 0.000082, 0.000049, 0.000048
4331, 0.000081, 0.000045, 0.000044
4332, 0.000080, 0.000046, 0.000045
4333, 0.000081, 0.000050, 0.000049
4334, 0.000081, 0.000047, 0.000046
4335, 0.000082, 0.000048, 0.000047
4336, 0.000081, 0.000047, 0.000047
4337, 0.000081, 0.000047, 0.000046
4338, 0.000080, 0.000048, 0.000046
4339, 0.000079, 0.000048, 0.000046
4340, 0.000080, 0.000048, 0.000046
4341, 0.000080, 0.000047, 0.000046
4342, 0.000081, 0.000053, 0.000051
4343, 0.000082, 0.000047, 0.000047
4344, 0.000082, 0.000050, 0.000048
4345, 0.000082, 0.000047, 0.000046
4346, 0.000081, 0.000047, 0.000047
4347, 0.000080, 0.000049, 0.000048
4348, 0.000081, 0.000048, 0.000047
4349, 0.000080, 0.000049, 0.000048
4350, 0.000081, 0.000047, 0.000046
4351, 0.000080, 0.000048, 0.000048
4352, 0.000079, 0.000048, 0.000048
4353, 0.000081, 0.000051, 0.000049
4354, 0.000082, 0.000050, 0.000049
4355, 0.000080, 0.000046, 0.000046
4356, 0.000081, 0.000053, 0.000051
4357, 0.000081, 0.000046, 0.000046
4358, 0.000080, 0.000046, 0.000046
4359, 0.000080, 0.000057, 0.000054
4360, 0.000085, 0.000049, 0.000049
4361, 0.000086, 0.000056, 0.000053
4362, 0.000084, 0.000047, 0.000045
4363, 0.000081, 0.000047, 0.000046
4364, 0.000081, 0.000055, 0.000052
4365, 0.000083, 0.000052, 0.000050
4366, 0.000086, 0.000062, 0.000060
4367, 0.000090, 0.000052, 0.000051
4368, 0.000087, 0.000051, 0.000050
4369, 0.000082, 0.000048, 0.000048
4370, 0.000079, 0.000046, 0.000047
4371, 0.000081, 0.000055, 0.000054
4372, 0.000083, 0.000047, 0.000047
4373, 0.000082, 0.000047, 0.000046
4374, 0.000080, 0.000047, 0.000045
4375, 0.000078, 0.000049, 0.000047
4376, 0.000080, 0.000052, 0.000051
4377, 0.000081, 0.000047, 0.000047
4378, 0.000080, 0.000051, 0.000050
4379, 0.000080, 0.000047, 0.000047
4380, 0.000080, 0.000050, 0.000048
4381, 0.000079, 0.000046, 0.000045
4382, 0.000078, 0.000046, 0.000045
4383, 0.000079, 0.000048, 0.000046
4384, 0.000080, 0.000049, 0.000048
4385, 0.000078, 0.000048, 0.000047
4386, 0.000079, 0.000051, 0.000049
4387, 0.000080, 0.000047, 0.000046
4388, 0.000080, 0.000052, 0.000050
4389, 0.000081, 0.000047, 0.000045
4390, 0.000080, 0.000048, 0.000047
4391, 0.000079, 0.000046, 0.000045
4392, 0.000078, 0.000046, 0.000045
4393, 0.000078, 0.000051, 0.000050
4394, 0.000079, 0.000048, 0.000048
4395, 0.000079, 0.000050, 0.000049
4396, 0.000080, 0.000047, 0.000046
4397, 0.000079, 0.000050, 0.000049
4398, 0.000078, 0.000047, 0.000046
4399, 0.000079, 0.000046, 0.000045
4400, 0.000078, 0.000047, 0.000047
4401, 0.000078, 0.000047, 0.000046
4402, 0.000078, 0.000046, 0.000045
4403, 0.000078, 0.000050, 0.000049
4404, 0.000079, 0.000049, 0.000047
4405, 0.000082, 0.000052, 0.000050
4406, 0.000080, 0.000047, 0.000047
4407, 0.000079, 0.000047, 0.000046
4408, 0.000080, 0.000049, 0.000048
4409, 0.000080, 0.000047, 0.000047
4410, 0.000079, 0.000049, 0.000047
4411, 0.000078, 0.000047, 0.000045
4412, 0.000077, 0.000048, 0.000047
4413, 0.000079, 0.000051, 0.000049
4414, 0.000080, 0.000047, 0.000047
4415, 0.000080, 0.000052, 0.000050
4416, 0.000078, 0.000047, 0.000046
4417, 0.000078, 0.000046, 0.000045
4418, 0.000078, 0.000049, 0.000048
4419, 0.000078, 0.000046, 0.000046
4420, 0.000079, 0.000053, 0.000052
4421, 0.000080, 0.000047, 0.000045
4422, 0.000078, 0.000049, 0.000047
4423, 0.000077, 0.000048, 0.000047
4424, 0.000079, 0.000048, 0.000047
4425, 0.000080, 0.000057, 0.000055
4426, 0.000082, 0.000049, 0.000049
4427, 0.000082, 0.000056, 0.000053
4428, 0.000080, 0.000047, 0.000046
4429, 0.000078, 0.000047, 0.000046
4430, 0.000078, 0.000053, 0.000052
4431, 0.000080, 0.000048, 0.000049
4432, 0.000081, 0.000056, 0.000055
4433, 0.000084, 0.000050, 0.000049
4434, 0.000082, 0.000049, 0.000048
4435, 0.000079, 0.000048, 0.000046
4436, 0.000077, 0.000049, 0.000047
4437, 0.000080, 0.000062, 0.000059
4438, 0.000085, 0.000053, 0.000053
4439, 0.000087, 0.000061, 0.000060
4440, 0.000085, 0.000047, 0.000048
4441, 0.000080, 0.000048, 0.000048
4442, 0.000078, 0.000047, 0.000047
4443, 0.000078, 0.000048, 0.000048
4444, 0.000079, 0.000057, 0.000055
4445, 0.000081, 0.000048, 0.000048
4446, 0.000082, 0.000051, 0.000050
4447, 0.000078, 0.000046, 0.000045
4448, 0.000077, 0.000045, 0.000045
4449, 0.000076, 0.000048, 0.000047
4450, 0.000077, 0.000048, 0.000047
4451, 0.000077, 0.000048, 0.000046
4452, 0.000076, 0.000054, 0.000051
4453, 0.000079, 0.000049, 0.000048
4454, 0.000080, 0.000052, 0.000050
4455, 0.000078, 0.000046, 0.000046
4456, 0.000077, 0.000048, 0.000048
4457, 0.000078, 0.000049, 0.000049
4458, 0.000078, 0.000048, 0.000048
4459, 0.000077, 0.000047, 0.000046
4460, 0.000076, 0.000051, 0.000050
4461, 0.000077, 0.000048, 0.000048
4462, 0.000077, 0.000048, 0.000046
4463, 0.000077, 0.000047, 0.000047
4464, 0.000076, 0.000046, 0.000046
4465, 0.000076, 0.000049, 0.000047
4466, 0.000076, 0.000048, 0.000047
4467, 0.000076, 0.000047, 0.000047
4468, 0.000076, 0.000054, 0.000052
4469, 0.000078, 0.000049, 0.000049
4470, 0.000080, 0.000058, 0.000056
4471, 0.000083, 0.000054, 0.000053
4472, 0.000083, 0.000051, 0.000051
4473, 0.000079, 0.000047, 0.000047
4474, 0.000076, 0.000048, 0.000047
4475, 0.000075, 0.000049, 0.000048
4476, 0.000078, 0.000048, 0.000048
4477, 0.000076, 0.000049, 0.000048
4478, 0.000077, 0.000046, 0.000046
4479, 0.000076, 0.000046, 0.000046
4480, 0.000076, 0.000045, 0.000045
4481, 0.000076, 0.000045, 0.000046
4482, 0.000076, 0.000046, 0.000046
4483, 0.000075, 0.000047, 0.000047
4484, 0.000075, 0.000048, 0.000048
4485, 0.000076, 0.000053, 0.000052
4486, 0.000078, 0.000052, 0.000051
4487, 0.000080, 0.000057, 0.000055
4488, 0.000080, 0.000048, 0.000047
4489, 0.000079, 0.000048, 0.000047
4490, 0.000077, 0.000045, 0.000045
4491, 0.000076, 0.000046, 0.000046
4492, 0.000077, 0.000053, 0.000053
4493, 0.000077, 0.000051, 0.000052
4494, 0.000080, 0.000055, 0.000054
4495, 0.000079, 0.000050, 0.000051
4496, 0.000078, 0.000051, 0.000050
4497, 0.000077, 0.000048, 0.000046
4498, 0.000076, 0.000047, 0.000046
4499, 0.000076, 0.000047, 0.000046
4500, 0.000076, 0.000047, 0.000046
4501, 0.000077, 0.000049, 0.000049
4502, 0.000075, 0.000047, 0.000047
4503, 0.000075, 0.000047, 0.000046
4504, 0.000074, 0.000047, 0.000047
4505, 0.000076, 0.000047, 0.000046
4506, 0.000075, 0.000048, 0.000047
4507, 0.000076, 0.000048, 0.000048
4508, 0.000075, 0.000048, 0.000048
4509, 0.000074, 0.000047, 0.000046
4510, 0.000074, 0.000048, 0.000047
4511, 0.000075, 0.000046, 0.000046
4512, 0.000076, 0.000049, 0.000048
4513, 0.000077, 0.000048, 0.000048
4514, 0.000077, 0.000050, 0.000049
4515, 0.000077, 0.000046, 0.000046
4516, 0.000076, 0.000048, 0.000047
4517, 0.000075, 0.000047, 0.000046
4518, 0.000075, 0.000047, 0.000046
4519, 0.000075, 0.000049, 0.000049
4520, 0.000075, 0.000047, 0.000047
4521, 0.000075, 0.000050, 0.000049
4522, 0.000075, 0.000048, 0.000048
4523, 0.000076, 0.000049, 0.000049
4524, 0.000075, 0.000046, 0.000046
4525, 0.000075, 0.000047, 0.000047
4526, 0.000073, 0.000052, 0.000051
4527, 0.000078, 0.000053, 0.000054
4528, 0.000081, 0.000068, 0.000065
4529, 0.000087, 0.000060, 0.000061
4530, 0.000086, 0.000062, 0.000060
4531, 0.000082, 0.000049, 0.000049
4532, 0.000076, 0.000046, 0.000045
4533, 0.000074, 0.000053, 0.000052
4534, 0.000078, 0.000057, 0.000057
4535, 0.000085, 0.000070, 0.000068
4536, 0.000091, 0.000067, 0.000068
4537, 0.000094, 0.000073, 0.000071
4538, 0.000092, 0.000057, 0.000058
4539, 0.000084, 0.000055, 0.000053
4540, 0.000077, 0.000048, 0.000047
4541, 0.000074, 0.000050, 0.000050
4542, 0.000078, 0.000060, 0.000058
4543, 0.000084, 0.000056, 0.000056
4544, 0.000085, 0.000058, 0.000057
4545, 0.000083, 0.000053, 0.000052
4546, 0.000081, 0.000051, 0.000051
4547, 0.000078, 0.000049, 0.000048
4548, 0.000075, 0.000047, 0.000046
4549, 0.000073, 0.000049, 0.000048
4550, 0.000075, 0.000051, 0.000050
4551, 0.000077, 0.000051, 0.000050
4552, 0.000075, 0.000048, 0.000048
4553, 0.000074, 0.000048, 0.000048
4554, 0.000073, 0.000050, 0.000049
4555, 0.000076, 0.000051, 0.000051
4556, 0.000078, 0.000058, 0.000057
4557, 0.000083, 0.000061, 0.000062
4558, 0.000087, 0.000067, 0.000064
4559, 0.000086, 0.000053, 0.000054
4560, 0.000081, 0.000048, 0.000047
4561, 0.000074, 0.000046, 0.000046
4562, 0.000074, 0.000053, 0.000054
4563, 0.000081, 0.000065, 0.000064
4564, 0.000087, 0.000059, 0.000060
4565, 0.000084, 0.000053, 0.000052
4566, 0.000077, 0.000050, 0.000049
4567, 0.000074, 0.000049, 0.000050
4568, 0.000075, 0.000054, 0.000054
4569, 0.000078, 0.000054, 0.000055
4570, 0.000080, 0.000054, 0.000053
4571, 0.000079, 0.000048, 0.000048
4572, 0.000076, 0.000047, 0.000047
4573, 0.000073, 0.000053, 0.000052
4574, 0.000077, 0.000057, 0.000057
4575, 0.000081, 0.000056, 0.000054
4576, 0.000080, 0.000049, 0.000049
4577, 0.000076, 0.000046, 0.000046
4578, 0.000073, 0.000048, 0.000048
4579, 0.000074, 0.000051, 0.000051
4580, 0.000077, 0.000055, 0.000053
4581, 0.000079, 0.000051, 0.000050
4582, 0.000075, 0.000047, 0.000047
4583, 0.000074, 0.000048, 0.000048
4584, 0.000073, 0.000046, 0.000047
4585, 0.000073, 0.000046, 0.000046
4586, 0.000072, 0.000048, 0.000048
4587, 0.000074, 0.000047, 0.000046
4588, 0.000073, 0.000047, 0.000046
4589, 0.000072, 0.000047, 0.000047
4590, 0.000073, 0.000045, 0.000045
4591, 0.000072, 0.000046, 0.000045
4592, 0.000072, 0.000047, 0.000046
4593, 0.000073, 0.000047, 0.000046
4594, 0.000072, 0.000048, 0.000046
4595, 0.000073, 0.000048, 0.000047
4596, 0.000072, 0.000048, 0.000048
4597, 0.000073, 0.000046, 0.000046
4598, 0.000072, 0.000045, 0.000046
4599, 0.000072, 0.000046, 0.000046
4600, 0.000072, 0.000047, 0.000047
4601, 0.000073, 0.000050, 0.000049
4602, 0.000073, 0.000048, 0.000048
4603, 0.000074, 0.000047, 0.000047
4604, 0.000074, 0.000049, 0.000049
4605, 0.000074, 0.000047, 0.000047
4606, 0.000073, 0.000047, 0.000047
4607, 0.000073, 0.000052, 0.000051
4608, 0.000075, 0.000048, 0.000048
4609, 0.000074, 0.000047, 0.000047
4610, 0.000073, 0.000049, 0.000049
4611, 0.000073, 0.000048, 0.000048
4612, 0.000074, 0.000050, 0.000049
4613, 0.000074, 0.000047, 0.000048
4614, 0.000073, 0.000046, 0.000046
4615, 0.000073, 0.000050, 0.000049
4616, 0.000074, 0.000049, 0.000049
4617, 0.000075, 0.000051, 0.000049
4618, 0.000074, 0.000052, 0.000051
4619, 0.000074, 0.000048, 0.000048
4620, 0.000073, 0.000048, 0.000048
4621, 0.000072, 0.000050, 0.000050
4622, 0.000075, 0.000058, 0.000058
4623, 0.000082, 0.000062, 0.000062
4624, 0.000085, 0.000059, 0.000057
4625, 0.000082, 0.000051, 0.000051
4626, 0.000076, 0.000047, 0.000046
4627, 0.000071, 0.000048, 0.000047
4628, 0.000073, 0.000054, 0.000054
4629, 0.000077, 0.000058, 0.000056
4630, 0.000081, 0.000058, 0.000058
4631, 0.000082, 0.000054, 0.000053
4632, 0.000077, 0.000048, 0.000048
4633, 0.000071, 0.000047, 0.000048
4634, 0.000072, 0.000051, 0.000051
4635, 0.000074, 0.000052, 0.000053
4636, 0.000077, 0.000053, 0.000051
4637, 0.000078, 0.000053, 0.000053
4638, 0.000076, 0.000049, 0.000048
4639, 0.000074, 0.000048, 0.000047
4640, 0.000072, 0.000048, 0.000048
4641, 0.000071, 0.000049, 0.000049
4642, 0.000074, 0.000049, 0.000050
4643, 0.000075, 0.000051, 0.000051
4644, 0.000075, 0.000051, 0.000051
4645, 0.000075, 0.000050, 0.000048
4646, 0.000072, 0.000048, 0.000048
4647, 0.000072, 0.000050, 0.000050
4648, 0.000073, 0.000054, 0.000052
4649, 0.000077, 0.000057, 0.000058
4650, 0.000079, 0.000051, 0.000051
4651, 0.000075, 0.000047, 0.000048
4652, 0.000071, 0.000048, 0.000048
4653, 0.000071, 0.000056, 0.000055
4654, 0.000076, 0.000060, 0.000062
4655, 0.000080, 0.000055, 0.000054
4656, 0.000079, 0.000051, 0.000052
4657, 0.000074, 0.000046, 0.000045
4658, 0.000071, 0.000046, 0.000046
4659, 0.000071, 0.000048, 0.000049
4660, 0.000073, 0.000050, 0.000049
4661, 0.000076, 0.000054, 0.000054
4662, 0.000076, 0.000050, 0.000049
4663, 0.000074, 0.000049, 0.000048
4664, 0.000071, 0.000047, 0.000047
4665, 0.000070, 0.000047, 0.000047
4666, 0.000072, 0.000049, 0.000049
4667, 0.000072, 0.000046, 0.000046
4668, 0.000072, 0.000047, 0.000046
4669, 0.000071, 0.000046, 0.000046
4670, 0.000070, 0.000047, 0.000046
4671, 0.000070, 0.000051, 0.000051
4672, 0.000072, 0.000050, 0.000050
4673, 0.000074, 0.000052, 0.000052
4674, 0.000073, 0.000048, 0.000047
4675, 0.000071, 0.000046, 0.000047
4676, 0.000071, 0.000048, 0.000048
4677, 0.000071, 0.000047, 0.000047
4678, 0.000071, 0.000048, 0.000048
4679, 0.000070, 0.000048, 0.000047
4680, 0.000070, 0.000047, 0.000048
4681, 0.000072, 0.000050, 0.000050
4682, 0.000071, 0.000049, 0.000048
4683, 0.000070, 0.000048, 0.000048
4684, 0.000071, 0.000051, 0.000050
4685, 0.000072, 0.000046, 0.000046
4686, 0.000071, 0.000045, 0.000045
4687, 0.000070, 0.000052, 0.000052
4688, 0.000074, 0.000049, 0.000049
4689, 0.000073, 0.000050, 0.000051
4690, 0.000072, 0.000049, 0.000050
4691, 0.000071, 0.000048, 0.000049
4692, 0.000070, 0.000048, 0.000047
4693, 0.000070, 0.000047, 0.000047
4694, 0.000068, 0.000045, 0.000045
4695, 0.000070, 0.000047, 0.000047
4696, 0.000070, 0.000045, 0.000046
4697, 0.000070, 0.000046, 0.000046
4698, 0.000071, 0.000053, 0.000053
4699, 0.000073, 0.000052, 0.000050
4700, 0.000076, 0.000054, 0.000055
4701, 0.000074, 0.000052, 0.000050
4702, 0.000073, 0.000047, 0.000047
4703, 0.000070, 0.000046, 0.000046
4704, 0.000070, 0.000051, 0.000050
4705, 0.000073, 0.000052, 0.000054
4706, 0.000076, 0.000054, 0.000053
4707, 0.000075, 0.000058, 0.000059
4708, 0.000078, 0.000053, 0.000054
4709, 0.000077, 0.000052, 0.000052
4710, 0.000073, 0.000046, 0.000046
4711, 0.000070, 0.000047, 0.000048
4712, 0.000069, 0.000046, 0.000047
4713, 0.000069, 0.000046, 0.000046
4714, 0.000069, 0.000049, 0.000050
4715, 0.000070, 0.000047, 0.000047
4716, 0.000069, 0.000047, 0.000046
4717, 0.000070, 0.000050, 0.000051
4718, 0.000071, 0.000049, 0.000048
4719, 0.000070, 0.000050, 0.000052
4720, 0.000072, 0.000049, 0.000050
4721, 0.000072, 0.000048, 0.000048
4722, 0.000069, 0.000047, 0.000046
4723, 0.000069, 0.000048, 0.000048
4724, 0.000070, 0.000047, 0.000047
4725, 0.000070, 0.000047, 0.000046
4726, 0.000069, 0.000049, 0.000050
4727, 0.000070, 0.000046, 0.000047
4728, 0.000069, 0.000045, 0.000046
4729, 0.000068, 0.000046, 0.000046
4730, 0.000069, 0.000046, 0.000045
4731, 0.000069, 0.000048, 0.000047
4732, 0.000069, 0.000048, 0.000047
4733, 0.000069, 0.000049, 0.000049
4734, 0.000070, 0.000050, 0.000050
4735, 0.000071, 0.000051, 0.000052
4736, 0.000071, 0.000048, 0.000048
4737, 0.000070, 0.000048, 0.000048
4738, 0.000069, 0.000045, 0.000045
4739, 0.000070, 0.000047, 0.000047
4740, 0.000068, 0.000049, 0.000049
4741, 0.000069, 0.000052, 0.000052
4742, 0.000073, 0.000062, 0.000062
4743, 0.000080, 0.000064, 0.000062
4744, 0.000084, 0.000066, 0.000066
4745, 0.000084, 0.000058, 0.000056
4746, 0.000079, 0.000050, 0.000051
4747, 0.000071, 0.000046, 0.000047
4748, 0.000068, 0.000052, 0.000052
4749, 0.000074, 0.000064, 0.000065
4750, 0.000082, 0.000065, 0.000062
4751, 0.000083, 0.000059, 0.000059
4752, 0.000077, 0.000048, 0.000047
4753, 0.000069, 0.000048, 0.000047
4754, 0.000069, 0.000051, 0.000052
4755, 0.000072, 0.000051, 0.000050
4756, 0.000076, 0.000053, 0.000053
4757, 0.000074, 0.000047, 0.000048
4758, 0.000071, 0.000049, 0.000049
4759, 0.000069, 0.000048, 0.000048
4760, 0.000067, 0.000050, 0.000050
4761, 0.000071, 0.000058, 0.000059
4762, 0.000076, 0.000058, 0.000057
4763, 0.000078, 0.000058, 0.000060
4764, 0.000077, 0.000053, 0.000052
4765, 0.000071, 0.000047, 0.000047
4766, 0.000067, 0.000054, 0.000055
4767, 0.000075, 0.000059, 0.000057
4768, 0.000078, 0.000057, 0.000058
4769, 0.000075, 0.000049, 0.000049
4770, 0.000070, 0.000048, 0.000048
4771, 0.000069, 0.000055, 0.000056
4772, 0.000074, 0.000061, 0.000060
4773, 0.000080, 0.000061, 0.000062
4774, 0.000077, 0.000048, 0.000048
4775, 0.000071, 0.000047, 0.000047
4776, 0.000069, 0.000052, 0.000053
4777, 0.000072, 0.000054, 0.000053
4778, 0.000074, 0.000055, 0.000057
4779, 0.000074, 0.000049, 0.000048
4780, 0.000069, 0.000047, 0.000047
4781, 0.000066, 0.000052, 0.000051
4782, 0.000070, 0.000048, 0.000047
4783, 0.000069, 0.000047, 0.000047
4784, 0.000068, 0.000045, 0.000046
4785, 0.000067, 0.000045, 0.000046
4786, 0.000067, 0.000047, 0.000048
4787, 0.000067, 0.000047, 0.000047
4788, 0.000067, 0.000048, 0.000048
4789, 0.000067, 0.000048, 0.000048
4790, 0.000066, 0.000047, 0.000048
4791, 0.000067, 0.000048, 0.000048
4792, 0.000067, 0.000047, 0.000047
4793, 0.000067, 0.000047, 0.000048
4794, 0.000068, 0.000047, 0.000046
4795, 0.000069, 0.000047, 0.000048
4796, 0.000068, 0.000045, 0.000046
4797, 0.000068, 0.000047, 0.000047
4798, 0.000067, 0.000046, 0.000047
4799, 0.000067, 0.000047, 0.000047
4800, 0.000067, 0.000050, 0.000050
4801, 0.000068, 0.000049, 0.000049
4802, 0.000067, 0.000048, 0.000048
4803, 0.000067, 0.000049, 0.000049
4804, 0.000068, 0.000046, 0.000048
4805, 0.000067, 0.000046, 0.000047
4806, 0.000067, 0.000048, 0.000048
4807, 0.000068, 0.000047, 0.000047
4808, 0.000068, 0.000050, 0.000050
4809, 0.000067, 0.000048, 0.000047
4810, 0.000067, 0.000050, 0.000051
4811, 0.000069, 0.000049, 0.000049
4812, 0.000068, 0.000046, 0.000046
4813, 0.000066, 0.000045, 0.000046
4814, 0.000067, 0.000047, 0.000046
4815, 0.000067, 0.000048, 0.000048
4816, 0.000066, 0.000048, 0.000047
4817, 0.000066, 0.000048, 0.000048
4818, 0.000066, 0.000046, 0.000046
4819, 0.000067, 0.000046, 0.000047
4820, 0.000067, 0.000046, 0.000048
4821, 0.000067, 0.000046, 0.000047
4822, 0.000067, 0.000047, 0.000048
4823, 0.000067, 0.000046, 0.000047
4824, 0.000066, 0.000048, 0.000047
4825, 0.000066, 0.000052, 0.000052
4826, 0.000070, 0.000051, 0.000051
4827, 0.000072, 0.000055, 0.000056
4828, 0.000071, 0.000049, 0.000049
4829, 0.000068, 0.000048, 0.000050
4830, 0.000066, 0.000051, 0.000052
4831, 0.000069, 0.000053, 0.000053
