Epoch, Train Loss, Valid Loss, Test Loss
1, 0.461289, 0.542076, 0.543723
2, 0.401153, 0.476050, 0.478364
3, 0.354188, 0.420394, 0.423230
4, 0.318652, 0.372593, 0.375856
5, 0.291164, 0.333407, 0.337279
6, 0.268790, 0.307688, 0.311763
7, 0.252753, 0.286348, 0.290445
8, 0.237894, 0.267891, 0.271938
9, 0.223391, 0.249976, 0.253670
10, 0.208115, 0.232803, 0.236110
11, 0.192812, 0.216518, 0.219479
12, 0.177818, 0.200959, 0.203552
13, 0.163241, 0.186549, 0.188794
14, 0.149617, 0.173037, 0.174998
15, 0.137081, 0.159829, 0.161561
16, 0.125319, 0.146950, 0.148498
17, 0.114301, 0.134389, 0.135788
18, 0.103930, 0.121946, 0.123224
19, 0.093984, 0.109684, 0.110865
20, 0.084417, 0.097865, 0.098967
21, 0.075364, 0.086747, 0.087788
22, 0.066939, 0.076540, 0.077529
23, 0.059213, 0.067368, 0.068305
24, 0.052236, 0.059289, 0.060165
25, 0.046047, 0.052231, 0.053040
26, 0.040623, 0.046065, 0.046810
27, 0.035866, 0.040689, 0.041374
28, 0.031700, 0.036025, 0.036659
29, 0.028059, 0.031979, 0.032566
30, 0.024881, 0.028425, 0.028972
31, 0.022127, 0.025254, 0.025764
32, 0.019668, 0.022427, 0.022903
33, 0.017533, 0.019967, 0.020412
34, 0.015662, 0.017856, 0.018273
35, 0.014057, 0.016064, 0.016456
36, 0.012693, 0.014537, 0.014908
37, 0.011528, 0.013239, 0.013592
38, 0.010547, 0.012127, 0.012467
39, 0.009707, 0.011164, 0.011491
40, 0.008976, 0.010314, 0.010631
41, 0.008320, 0.009556, 0.009862
42, 0.007752, 0.008850, 0.009147
43, 0.007225, 0.008204, 0.008491
44, 0.006750, 0.007623, 0.007900
45, 0.006323, 0.007106, 0.007371
46, 0.005933, 0.006647, 0.006902
47, 0.005595, 0.006232, 0.006479
48, 0.005288, 0.005856, 0.006095
49, 0.005020, 0.005519, 0.005752
50, 0.004784, 0.005224, 0.005451
51, 0.004577, 0.004976, 0.005196
52, 0.004387, 0.004761, 0.004974
53, 0.004213, 0.004569, 0.004774
54, 0.004063, 0.004387, 0.004584
55, 0.003925, 0.004222, 0.004412
56, 0.003798, 0.004074, 0.004257
57, 0.003686, 0.003942, 0.004120
58, 0.003585, 0.003834, 0.004006
59, 0.003503, 0.003742, 0.003908
60, 0.003433, 0.003661, 0.003823
61, 0.003367, 0.003585, 0.003742
62, 0.003308, 0.003509, 0.003663
63, 0.003261, 0.003444, 0.003593
64, 0.003218, 0.003381, 0.003526
65, 0.003173, 0.003332, 0.003473
66, 0.003131, 0.003284, 0.003420
67, 0.003086, 0.003244, 0.003376
68, 0.003066, 0.003199, 0.003327
69, 0.003030, 0.003158, 0.003281
70, 0.003010, 0.003123, 0.003243
71, 0.002976, 0.003100, 0.003217
72, 0.002952, 0.003076, 0.003189
73, 0.002937, 0.003050, 0.003160
74, 0.002917, 0.003025, 0.003133
75, 0.002902, 0.003002, 0.003107
76, 0.002880, 0.002982, 0.003084
77, 0.002871, 0.002963, 0.003063
78, 0.002856, 0.002951, 0.003048
79, 0.002843, 0.002937, 0.003030
80, 0.002826, 0.002922, 0.003013
81, 0.002817, 0.002906, 0.002994
82, 0.002808, 0.002891, 0.002977
83, 0.002800, 0.002883, 0.002967
84, 0.002787, 0.002882, 0.002963
85, 0.002785, 0.002871, 0.002949
86, 0.002772, 0.002861, 0.002937
87, 0.002764, 0.002850, 0.002923
88, 0.002757, 0.002839, 0.002911
89, 0.002751, 0.002833, 0.002903
90, 0.002750, 0.002824, 0.002892
91, 0.002735, 0.002815, 0.002881
92, 0.002735, 0.002813, 0.002876
93, 0.002735, 0.002814, 0.002874
94, 0.002724, 0.002808, 0.002865
95, 0.002718, 0.002799, 0.002855
96, 0.002707, 0.002792, 0.002846
97, 0.002708, 0.002785, 0.002838
98, 0.002703, 0.002779, 0.002830
99, 0.002693, 0.002781, 0.002830
100, 0.002694, 0.002782, 0.002829
101, 0.002689, 0.002779, 0.002825
102, 0.002679, 0.002771, 0.002816
103, 0.002680, 0.002762, 0.002806
104, 0.002678, 0.002759, 0.002800
105, 0.002671, 0.002762, 0.002801
106, 0.002666, 0.002764, 0.002802
107, 0.002667, 0.002759, 0.002796
108, 0.002658, 0.002751, 0.002787
109, 0.002653, 0.002743, 0.002778
110, 0.002653, 0.002743, 0.002776
111, 0.002651, 0.002747, 0.002778
112, 0.002652, 0.002743, 0.002773
113, 0.002644, 0.002737, 0.002766
114, 0.002641, 0.002732, 0.002760
115, 0.002644, 0.002731, 0.002759
116, 0.002627, 0.002731, 0.002758
117, 0.002628, 0.002727, 0.002753
118, 0.002624, 0.002723, 0.002748
119, 0.002624, 0.002723, 0.002747
120, 0.002623, 0.002723, 0.002746
121, 0.002616, 0.002721, 0.002743
122, 0.002617, 0.002717, 0.002738
123, 0.002616, 0.002716, 0.002735
124, 0.002612, 0.002714, 0.002732
125, 0.002611, 0.002715, 0.002732
126, 0.002606, 0.002712, 0.002729
127, 0.002603, 0.002701, 0.002718
128, 0.002604, 0.002699, 0.002715
129, 0.002602, 0.002702, 0.002716
130, 0.002596, 0.002709, 0.002721
131, 0.002595, 0.002706, 0.002717
132, 0.002587, 0.002699, 0.002710
133, 0.002584, 0.002693, 0.002705
134, 0.002581, 0.002694, 0.002704
135, 0.002576, 0.002694, 0.002704
136, 0.002579, 0.002692, 0.002701
137, 0.002579, 0.002692, 0.002700
138, 0.002572, 0.002691, 0.002698
139, 0.002570, 0.002691, 0.002697
140, 0.002564, 0.002685, 0.002691
141, 0.002560, 0.002682, 0.002687
142, 0.002557, 0.002680, 0.002685
143, 0.002554, 0.002682, 0.002687
144, 0.002555, 0.002682, 0.002687
145, 0.002550, 0.002684, 0.002687
146, 0.002546, 0.002680, 0.002683
147, 0.002548, 0.002676, 0.002678
148, 0.002539, 0.002672, 0.002673
149, 0.002549, 0.002669, 0.002671
150, 0.002539, 0.002668, 0.002670
151, 0.002535, 0.002671, 0.002671
152, 0.002536, 0.002669, 0.002668
153, 0.002526, 0.002669, 0.002667
154, 0.002534, 0.002666, 0.002664
155, 0.002527, 0.002665, 0.002663
156, 0.002524, 0.002663, 0.002661
157, 0.002522, 0.002664, 0.002661
158, 0.002519, 0.002662, 0.002657
159, 0.002517, 0.002665, 0.002660
160, 0.002516, 0.002658, 0.002653
161, 0.002514, 0.002659, 0.002654
162, 0.002506, 0.002656, 0.002650
163, 0.002510, 0.002655, 0.002649
164, 0.002506, 0.002651, 0.002644
165, 0.002500, 0.002652, 0.002645
166, 0.002504, 0.002652, 0.002644
167, 0.002494, 0.002655, 0.002647
168, 0.002497, 0.002651, 0.002643
169, 0.002491, 0.002649, 0.002641
170, 0.002497, 0.002647, 0.002637
171, 0.002492, 0.002647, 0.002637
172, 0.002488, 0.002642, 0.002632
173, 0.002481, 0.002642, 0.002632
174, 0.002484, 0.002641, 0.002632
175, 0.002480, 0.002642, 0.002631
176, 0.002480, 0.002639, 0.002629
177, 0.002472, 0.002638, 0.002628
178, 0.002475, 0.002637, 0.002627
179, 0.002470, 0.002640, 0.002628
180, 0.002467, 0.002636, 0.002624
181, 0.002468, 0.002635, 0.002623
182, 0.002462, 0.002632, 0.002620
183, 0.002461, 0.002630, 0.002617
184, 0.002460, 0.002627, 0.002614
185, 0.002455, 0.002629, 0.002614
186, 0.002456, 0.002631, 0.002617
187, 0.002455, 0.002628, 0.002615
188, 0.002449, 0.002626, 0.002612
189, 0.002448, 0.002625, 0.002610
190, 0.002450, 0.002627, 0.002611
191, 0.002443, 0.002624, 0.002609
192, 0.002442, 0.002619, 0.002605
193, 0.002436, 0.002616, 0.002602
194, 0.002435, 0.002615, 0.002599
195, 0.002434, 0.002616, 0.002600
196, 0.002434, 0.002615, 0.002599
197, 0.002434, 0.002614, 0.002598
198, 0.002430, 0.002612, 0.002596
199, 0.002422, 0.002609, 0.002592
200, 0.002424, 0.002608, 0.002591
201, 0.002417, 0.002608, 0.002591
202, 0.002417, 0.002609, 0.002592
203, 0.002419, 0.002609, 0.002592
204, 0.002413, 0.002606, 0.002587
205, 0.002418, 0.002603, 0.002583
206, 0.002413, 0.002600, 0.002581
207, 0.002409, 0.002598, 0.002580
208, 0.002406, 0.002598, 0.002581
209, 0.002405, 0.002598, 0.002579
210, 0.002398, 0.002597, 0.002577
211, 0.002402, 0.002594, 0.002575
212, 0.002401, 0.002594, 0.002574
213, 0.002397, 0.002593, 0.002574
214, 0.002391, 0.002591, 0.002572
215, 0.002396, 0.002588, 0.002569
216, 0.002391, 0.002586, 0.002567
217, 0.002389, 0.002585, 0.002565
218, 0.002389, 0.002586, 0.002566
219, 0.002382, 0.002583, 0.002563
220, 0.002382, 0.002582, 0.002562
221, 0.002381, 0.002580, 0.002560
222, 0.002381, 0.002578, 0.002558
223, 0.002377, 0.002576, 0.002555
224, 0.002374, 0.002575, 0.002553
225, 0.002369, 0.002574, 0.002552
226, 0.002369, 0.002573, 0.002552
227, 0.002367, 0.002571, 0.002550
228, 0.002369, 0.002568, 0.002546
229, 0.002361, 0.002568, 0.002544
230, 0.002360, 0.002567, 0.002544
231, 0.002360, 0.002566, 0.002544
232, 0.002356, 0.002563, 0.002542
233, 0.002355, 0.002562, 0.002539
234, 0.002353, 0.002561, 0.002538
235, 0.002352, 0.002559, 0.002537
236, 0.002352, 0.002556, 0.002533
237, 0.002351, 0.002553, 0.002531
238, 0.002349, 0.002554, 0.002530
239, 0.002343, 0.002555, 0.002531
240, 0.002345, 0.002552, 0.002529
241, 0.002338, 0.002547, 0.002524
242, 0.002338, 0.002544, 0.002520
243, 0.002338, 0.002543, 0.002519
244, 0.002333, 0.002544, 0.002519
245, 0.002332, 0.002542, 0.002518
246, 0.002330, 0.002540, 0.002516
247, 0.002325, 0.002537, 0.002512
248, 0.002324, 0.002536, 0.002511
249, 0.002325, 0.002533, 0.002508
250, 0.002320, 0.002530, 0.002506
251, 0.002321, 0.002530, 0.002506
252, 0.002317, 0.002529, 0.002504
253, 0.002315, 0.002526, 0.002501
254, 0.002322, 0.002524, 0.002499
255, 0.002309, 0.002522, 0.002497
256, 0.002310, 0.002521, 0.002496
257, 0.002310, 0.002520, 0.002494
258, 0.002304, 0.002519, 0.002493
259, 0.002306, 0.002516, 0.002491
260, 0.002302, 0.002512, 0.002486
261, 0.002299, 0.002510, 0.002484
262, 0.002296, 0.002510, 0.002484
263, 0.002295, 0.002509, 0.002482
264, 0.002295, 0.002508, 0.002481
265, 0.002289, 0.002506, 0.002481
266, 0.002291, 0.002501, 0.002474
267, 0.002288, 0.002499, 0.002472
268, 0.002290, 0.002498, 0.002472
269, 0.002284, 0.002500, 0.002474
270, 0.002285, 0.002496, 0.002469
271, 0.002283, 0.002494, 0.002467
272, 0.002283, 0.002496, 0.002469
273, 0.002278, 0.002489, 0.002462
274, 0.002277, 0.002486, 0.002458
275, 0.002273, 0.002491, 0.002463
276, 0.002271, 0.002492, 0.002465
277, 0.002272, 0.002485, 0.002457
278, 0.002269, 0.002483, 0.002455
279, 0.002269, 0.002488, 0.002460
280, 0.002265, 0.002480, 0.002452
281, 0.002265, 0.002477, 0.002449
282, 0.002268, 0.002481, 0.002454
283, 0.002264, 0.002481, 0.002454
284, 0.002262, 0.002476, 0.002448
285, 0.002260, 0.002476, 0.002449
286, 0.002259, 0.002477, 0.002450
287, 0.002259, 0.002469, 0.002441
288, 0.002252, 0.002469, 0.002441
289, 0.002254, 0.002473, 0.002446
290, 0.002254, 0.002468, 0.002440
291, 0.002252, 0.002469, 0.002441
292, 0.002246, 0.002471, 0.002443
293, 0.002250, 0.002467, 0.002439
294, 0.002249, 0.002463, 0.002435
295, 0.002245, 0.002464, 0.002436
296, 0.002242, 0.002466, 0.002438
297, 0.002245, 0.002464, 0.002436
298, 0.002241, 0.002460, 0.002432
299, 0.002238, 0.002460, 0.002432
300, 0.002239, 0.002460, 0.002432
301, 0.002240, 0.002458, 0.002429
302, 0.002237, 0.002458, 0.002430
303, 0.002235, 0.002461, 0.002432
304, 0.002238, 0.002457, 0.002428
305, 0.002236, 0.002454, 0.002426
306, 0.002232, 0.002454, 0.002426
307, 0.002230, 0.002457, 0.002429
308, 0.002232, 0.002451, 0.002423
309, 0.002231, 0.002453, 0.002425
310, 0.002226, 0.002454, 0.002425
311, 0.002228, 0.002450, 0.002422
312, 0.002227, 0.002450, 0.002422
313, 0.002226, 0.002454, 0.002426
314, 0.002226, 0.002448, 0.002421
315, 0.002224, 0.002448, 0.002420
316, 0.002223, 0.002452, 0.002423
317, 0.002220, 0.002444, 0.002416
318, 0.002223, 0.002443, 0.002415
319, 0.002221, 0.002448, 0.002420
320, 0.002222, 0.002445, 0.002417
321, 0.002220, 0.002441, 0.002413
322, 0.002218, 0.002448, 0.002419
323, 0.002219, 0.002447, 0.002418
324, 0.002219, 0.002441, 0.002413
325, 0.002216, 0.002442, 0.002413
326, 0.002214, 0.002439, 0.002410
327, 0.002214, 0.002437, 0.002408
328, 0.002211, 0.002442, 0.002412
329, 0.002215, 0.002440, 0.002410
330, 0.002215, 0.002436, 0.002407
331, 0.002210, 0.002440, 0.002411
332, 0.002212, 0.002439, 0.002410
333, 0.002209, 0.002436, 0.002407
334, 0.002209, 0.002434, 0.002406
335, 0.002205, 0.002434, 0.002406
336, 0.002206, 0.002438, 0.002409
337, 0.002207, 0.002434, 0.002405
338, 0.002208, 0.002429, 0.002401
339, 0.002206, 0.002432, 0.002404
340, 0.002206, 0.002435, 0.002406
341, 0.002204, 0.002430, 0.002402
342, 0.002200, 0.002432, 0.002403
343, 0.002204, 0.002436, 0.002406
344, 0.002199, 0.002427, 0.002398
345, 0.002199, 0.002426, 0.002396
346, 0.002200, 0.002432, 0.002402
347, 0.002199, 0.002427, 0.002398
348, 0.002199, 0.002426, 0.002397
349, 0.002201, 0.002430, 0.002400
350, 0.002199, 0.002426, 0.002397
351, 0.002196, 0.002424, 0.002395
352, 0.002198, 0.002427, 0.002398
353, 0.002196, 0.002423, 0.002394
354, 0.002194, 0.002424, 0.002396
355, 0.002196, 0.002427, 0.002398
356, 0.002195, 0.002423, 0.002393
357, 0.002195, 0.002420, 0.002391
358, 0.002192, 0.002425, 0.002395
359, 0.002190, 0.002424, 0.002393
360, 0.002193, 0.002422, 0.002392
361, 0.002191, 0.002422, 0.002392
362, 0.002194, 0.002420, 0.002390
363, 0.002193, 0.002417, 0.002387
364, 0.002187, 0.002418, 0.002389
365, 0.002190, 0.002418, 0.002389
366, 0.002189, 0.002417, 0.002388
367, 0.002186, 0.002418, 0.002389
368, 0.002184, 0.002416, 0.002387
369, 0.002187, 0.002416, 0.002387
370, 0.002187, 0.002418, 0.002388
371, 0.002187, 0.002416, 0.002386
372, 0.002188, 0.002414, 0.002385
373, 0.002186, 0.002417, 0.002387
374, 0.002184, 0.002413, 0.002384
375, 0.002183, 0.002415, 0.002385
376, 0.002181, 0.002418, 0.002388
377, 0.002184, 0.002413, 0.002384
378, 0.002185, 0.002413, 0.002383
379, 0.002186, 0.002413, 0.002383
380, 0.002182, 0.002410, 0.002381
381, 0.002181, 0.002415, 0.002385
382, 0.002179, 0.002413, 0.002383
383, 0.002180, 0.002409, 0.002380
384, 0.002184, 0.002414, 0.002384
385, 0.002181, 0.002413, 0.002383
386, 0.002177, 0.002408, 0.002378
387, 0.002180, 0.002410, 0.002380
388, 0.002178, 0.002409, 0.002379
389, 0.002176, 0.002411, 0.002380
390, 0.002178, 0.002410, 0.002380
391, 0.002177, 0.002409, 0.002379
392, 0.002176, 0.002412, 0.002381
393, 0.002178, 0.002407, 0.002377
394, 0.002175, 0.002408, 0.002377
395, 0.002172, 0.002408, 0.002378
396, 0.002174, 0.002410, 0.002380
397, 0.002172, 0.002409, 0.002379
398, 0.002174, 0.002408, 0.002378
399, 0.002175, 0.002406, 0.002376
400, 0.002175, 0.002404, 0.002374
401, 0.002171, 0.002406, 0.002376
402, 0.002169, 0.002405, 0.002375
403, 0.002172, 0.002409, 0.002380
404, 0.002173, 0.002405, 0.002376
405, 0.002170, 0.002403, 0.002373
406, 0.002170, 0.002406, 0.002375
407, 0.002172, 0.002404, 0.002374
408, 0.002169, 0.002403, 0.002373
409, 0.002170, 0.002405, 0.002373
410, 0.002168, 0.002405, 0.002375
411, 0.002168, 0.002402, 0.002373
412, 0.002169, 0.002404, 0.002373
413, 0.002170, 0.002402, 0.002372
414, 0.002167, 0.002402, 0.002372
415, 0.002166, 0.002405, 0.002375
416, 0.002172, 0.002402, 0.002372
417, 0.002165, 0.002402, 0.002371
418, 0.002165, 0.002399, 0.002369
419, 0.002169, 0.002406, 0.002376
420, 0.002163, 0.002403, 0.002373
421, 0.002163, 0.002399, 0.002370
422, 0.002169, 0.002402, 0.002372
423, 0.002165, 0.002408, 0.002376
424, 0.002166, 0.002398, 0.002369
425, 0.002170, 0.002401, 0.002370
426, 0.002164, 0.002412, 0.002379
427, 0.002163, 0.002399, 0.002371
428, 0.002171, 0.002402, 0.002371
429, 0.002165, 0.002406, 0.002373
430, 0.002169, 0.002396, 0.002368
431, 0.002165, 0.002403, 0.002373
432, 0.002163, 0.002404, 0.002372
433, 0.002164, 0.002396, 0.002366
434, 0.002165, 0.002399, 0.002368
435, 0.002160, 0.002409, 0.002378
436, 0.002161, 0.002398, 0.002369
437, 0.002160, 0.002398, 0.002368
438, 0.002161, 0.002402, 0.002371
439, 0.002160, 0.002394, 0.002365
440, 0.002161, 0.002396, 0.002366
441, 0.002158, 0.002401, 0.002369
442, 0.002163, 0.002394, 0.002365
443, 0.002163, 0.002399, 0.002368
444, 0.002159, 0.002403, 0.002373
445, 0.002157, 0.002394, 0.002364
446, 0.002160, 0.002397, 0.002366
447, 0.002159, 0.002397, 0.002366
448, 0.002159, 0.002396, 0.002365
449, 0.002157, 0.002395, 0.002365
450, 0.002156, 0.002396, 0.002365
451, 0.002156, 0.002395, 0.002365
452, 0.002158, 0.002394, 0.002364
453, 0.002154, 0.002394, 0.002363
454, 0.002159, 0.002394, 0.002364
455, 0.002157, 0.002398, 0.002367
456, 0.002156, 0.002396, 0.002365
457, 0.002153, 0.002394, 0.002363
458, 0.002155, 0.002393, 0.002362
459, 0.002159, 0.002400, 0.002369
460, 0.002157, 0.002393, 0.002363
461, 0.002157, 0.002391, 0.002361
462, 0.002156, 0.002396, 0.002365
463, 0.002156, 0.002391, 0.002362
464, 0.002154, 0.002396, 0.002365
465, 0.002153, 0.002394, 0.002363
466, 0.002153, 0.002390, 0.002360
467, 0.002156, 0.002398, 0.002367
468, 0.002155, 0.002394, 0.002363
469, 0.002154, 0.002389, 0.002360
470, 0.002157, 0.002401, 0.002369
471, 0.002154, 0.002391, 0.002361
472, 0.002155, 0.002390, 0.002360
473, 0.002153, 0.002400, 0.002368
474, 0.002153, 0.002388, 0.002359
475, 0.002156, 0.002389, 0.002359
476, 0.002155, 0.002397, 0.002365
477, 0.002149, 0.002389, 0.002360
478, 0.002151, 0.002389, 0.002359
479, 0.002153, 0.002395, 0.002364
480, 0.002152, 0.002387, 0.002357
481, 0.002151, 0.002388, 0.002358
482, 0.002149, 0.002395, 0.002364
483, 0.002151, 0.002388, 0.002358
484, 0.002151, 0.002395, 0.002363
485, 0.002149, 0.002389, 0.002358
486, 0.002152, 0.002389, 0.002358
487, 0.002151, 0.002390, 0.002359
488, 0.002149, 0.002389, 0.002358
489, 0.002150, 0.002390, 0.002359
490, 0.002150, 0.002390, 0.002359
491, 0.002148, 0.002386, 0.002356
492, 0.002149, 0.002389, 0.002358
493, 0.002147, 0.002390, 0.002359
494, 0.002149, 0.002386, 0.002357
495, 0.002148, 0.002393, 0.002362
496, 0.002150, 0.002390, 0.002359
497, 0.002150, 0.002386, 0.002357
498, 0.002148, 0.002394, 0.002362
499, 0.002149, 0.002385, 0.002355
500, 0.002147, 0.002384, 0.002355
501, 0.002145, 0.002397, 0.002365
502, 0.002149, 0.002383, 0.002355
503, 0.002148, 0.002386, 0.002356
504, 0.002146, 0.002390, 0.002359
505, 0.002145, 0.002383, 0.002354
506, 0.002147, 0.002384, 0.002354
507, 0.002148, 0.002393, 0.002361
508, 0.002146, 0.002384, 0.002355
509, 0.002147, 0.002386, 0.002356
510, 0.002144, 0.002394, 0.002362
511, 0.002146, 0.002383, 0.002354
512, 0.002147, 0.002386, 0.002356
513, 0.002146, 0.002393, 0.002362
514, 0.002146, 0.002382, 0.002354
515, 0.002148, 0.002392, 0.002360
516, 0.002145, 0.002385, 0.002355
517, 0.002140, 0.002383, 0.002354
518, 0.002144, 0.002392, 0.002360
519, 0.002144, 0.002385, 0.002354
520, 0.002144, 0.002382, 0.002352
521, 0.002144, 0.002391, 0.002359
522, 0.002142, 0.002385, 0.002354
523, 0.002143, 0.002383, 0.002352
524, 0.002144, 0.002387, 0.002355
525, 0.002140, 0.002383, 0.002352
526, 0.002142, 0.002383, 0.002352
527, 0.002141, 0.002390, 0.002358
528, 0.002141, 0.002383, 0.002352
529, 0.002139, 0.002379, 0.002350
530, 0.002139, 0.002388, 0.002357
531, 0.002140, 0.002384, 0.002354
532, 0.002139, 0.002380, 0.002351
533, 0.002144, 0.002393, 0.002362
534, 0.002143, 0.002379, 0.002351
535, 0.002144, 0.002390, 0.002360
536, 0.002142, 0.002384, 0.002354
537, 0.002140, 0.002378, 0.002349
538, 0.002147, 0.002394, 0.002362
539, 0.002145, 0.002379, 0.002350
540, 0.002141, 0.002384, 0.002353
541, 0.002138, 0.002387, 0.002356
542, 0.002139, 0.002377, 0.002348
543, 0.002144, 0.002388, 0.002356
544, 0.002142, 0.002382, 0.002352
545, 0.002136, 0.002378, 0.002349
546, 0.002137, 0.002387, 0.002356
547, 0.002141, 0.002377, 0.002349
548, 0.002137, 0.002387, 0.002356
549, 0.002139, 0.002382, 0.002352
550, 0.002136, 0.002378, 0.002349
551, 0.002138, 0.002389, 0.002358
552, 0.002137, 0.002374, 0.002346
553, 0.002142, 0.002390, 0.002358
554, 0.002138, 0.002376, 0.002347
555, 0.002139, 0.002380, 0.002350
556, 0.002133, 0.002380, 0.002350
557, 0.002135, 0.002379, 0.002349
558, 0.002137, 0.002380, 0.002350
559, 0.002133, 0.002378, 0.002348
560, 0.002135, 0.002381, 0.002351
561, 0.002137, 0.002380, 0.002351
562, 0.002134, 0.002378, 0.002349
563, 0.002135, 0.002384, 0.002354
564, 0.002138, 0.002373, 0.002345
565, 0.002137, 0.002384, 0.002353
566, 0.002134, 0.002379, 0.002349
567, 0.002133, 0.002375, 0.002346
568, 0.002135, 0.002386, 0.002354
569, 0.002136, 0.002376, 0.002346
570, 0.002130, 0.002373, 0.002344
571, 0.002132, 0.002379, 0.002348
572, 0.002131, 0.002372, 0.002343
573, 0.002129, 0.002382, 0.002351
574, 0.002131, 0.002379, 0.002348
575, 0.002133, 0.002372, 0.002343
576, 0.002135, 0.002391, 0.002359
577, 0.002138, 0.002373, 0.002344
578, 0.002131, 0.002374, 0.002345
579, 0.002134, 0.002383, 0.002352
580, 0.002132, 0.002370, 0.002342
581, 0.002135, 0.002382, 0.002351
582, 0.002132, 0.002373, 0.002344
583, 0.002132, 0.002378, 0.002347
584, 0.002132, 0.002379, 0.002348
585, 0.002132, 0.002371, 0.002342
586, 0.002131, 0.002385, 0.002353
587, 0.002133, 0.002370, 0.002341
588, 0.002132, 0.002376, 0.002345
589, 0.002131, 0.002375, 0.002344
590, 0.002129, 0.002372, 0.002343
591, 0.002130, 0.002379, 0.002348
592, 0.002128, 0.002374, 0.002344
593, 0.002128, 0.002373, 0.002344
594, 0.002127, 0.002375, 0.002345
595, 0.002126, 0.002370, 0.002341
596, 0.002132, 0.002380, 0.002349
597, 0.002128, 0.002369, 0.002340
598, 0.002130, 0.002379, 0.002348
599, 0.002127, 0.002370, 0.002341
600, 0.002127, 0.002372, 0.002342
601, 0.002129, 0.002369, 0.002339
602, 0.002127, 0.002371, 0.002341
603, 0.002129, 0.002373, 0.002343
604, 0.002126, 0.002370, 0.002341
605, 0.002122, 0.002379, 0.002348
606, 0.002128, 0.002369, 0.002340
607, 0.002125, 0.002371, 0.002341
608, 0.002123, 0.002374, 0.002343
609, 0.002125, 0.002366, 0.002338
610, 0.002129, 0.002378, 0.002347
611, 0.002125, 0.002372, 0.002343
612, 0.002124, 0.002365, 0.002337
613, 0.002127, 0.002386, 0.002354
614, 0.002128, 0.002363, 0.002336
615, 0.002128, 0.002378, 0.002347
616, 0.002124, 0.002369, 0.002339
617, 0.002127, 0.002366, 0.002337
618, 0.002124, 0.002380, 0.002348
619, 0.002125, 0.002364, 0.002336
620, 0.002124, 0.002373, 0.002342
621, 0.002123, 0.002368, 0.002338
622, 0.002122, 0.002363, 0.002335
623, 0.002125, 0.002380, 0.002349
624, 0.002128, 0.002364, 0.002336
625, 0.002124, 0.002370, 0.002340
626, 0.002121, 0.002373, 0.002342
627, 0.002120, 0.002360, 0.002333
628, 0.002123, 0.002375, 0.002344
629, 0.002123, 0.002367, 0.002337
630, 0.002120, 0.002365, 0.002335
631, 0.002121, 0.002369, 0.002338
632, 0.002118, 0.002368, 0.002337
633, 0.002122, 0.002363, 0.002333
634, 0.002118, 0.002367, 0.002336
635, 0.002119, 0.002363, 0.002334
636, 0.002119, 0.002361, 0.002332
637, 0.002120, 0.002366, 0.002336
638, 0.002119, 0.002364, 0.002335
639, 0.002119, 0.002361, 0.002333
640, 0.002118, 0.002372, 0.002342
641, 0.002117, 0.002358, 0.002331
642, 0.002118, 0.002367, 0.002337
643, 0.002120, 0.002361, 0.002332
644, 0.002117, 0.002356, 0.002328
645, 0.002121, 0.002380, 0.002349
646, 0.002121, 0.002356, 0.002329
647, 0.002120, 0.002375, 0.002344
648, 0.002119, 0.002358, 0.002330
649, 0.002115, 0.002359, 0.002330
650, 0.002117, 0.002369, 0.002338
651, 0.002118, 0.002353, 0.002327
652, 0.002123, 0.002388, 0.002355
653, 0.002121, 0.002354, 0.002327
654, 0.002117, 0.002365, 0.002335
655, 0.002116, 0.002361, 0.002331
656, 0.002115, 0.002353, 0.002325
657, 0.002113, 0.002368, 0.002337
658, 0.002114, 0.002353, 0.002325
659, 0.002115, 0.002370, 0.002339
660, 0.002115, 0.002353, 0.002324
661, 0.002114, 0.002357, 0.002327
662, 0.002112, 0.002356, 0.002327
663, 0.002112, 0.002357, 0.002327
664, 0.002114, 0.002357, 0.002327
665, 0.002113, 0.002357, 0.002327
666, 0.002111, 0.002357, 0.002327
667, 0.002113, 0.002360, 0.002329
668, 0.002108, 0.002351, 0.002322
669, 0.002108, 0.002357, 0.002327
670, 0.002109, 0.002353, 0.002323
671, 0.002109, 0.002357, 0.002327
672, 0.002108, 0.002351, 0.002322
673, 0.002107, 0.002359, 0.002328
674, 0.002112, 0.002346, 0.002318
675, 0.002109, 0.002355, 0.002326
676, 0.002108, 0.002353, 0.002324
677, 0.002107, 0.002347, 0.002320
678, 0.002107, 0.002366, 0.002336
679, 0.002111, 0.002346, 0.002320
680, 0.002111, 0.002370, 0.002340
681, 0.002112, 0.002343, 0.002316
682, 0.002111, 0.002351, 0.002321
683, 0.002107, 0.002351, 0.002322
684, 0.002106, 0.002341, 0.002314
685, 0.002108, 0.002372, 0.002340
686, 0.002111, 0.002343, 0.002316
687, 0.002104, 0.002346, 0.002318
688, 0.002102, 0.002361, 0.002331
689, 0.002108, 0.002339, 0.002313
690, 0.002107, 0.002359, 0.002328
691, 0.002104, 0.002343, 0.002315
692, 0.002104, 0.002338, 0.002311
693, 0.002103, 0.002374, 0.002342
694, 0.002109, 0.002339, 0.002314
695, 0.002116, 0.002374, 0.002342
696, 0.002107, 0.002337, 0.002309
697, 0.002105, 0.002338, 0.002310
698, 0.002098, 0.002372, 0.002340
699, 0.002108, 0.002336, 0.002310
700, 0.002110, 0.002369, 0.002336
701, 0.002108, 0.002335, 0.002308
702, 0.002098, 0.002338, 0.002309
703, 0.002097, 0.002366, 0.002335
704, 0.002105, 0.002334, 0.002308
705, 0.002107, 0.002362, 0.002331
706, 0.002106, 0.002333, 0.002305
707, 0.002097, 0.002332, 0.002305
708, 0.002096, 0.002364, 0.002332
709, 0.002103, 0.002331, 0.002306
710, 0.002104, 0.002353, 0.002322
711, 0.002097, 0.002337, 0.002308
712, 0.002095, 0.002328, 0.002301
713, 0.002096, 0.002361, 0.002330
714, 0.002103, 0.002327, 0.002301
715, 0.002099, 0.002349, 0.002319
716, 0.002094, 0.002331, 0.002302
717, 0.002089, 0.002326, 0.002299
718, 0.002093, 0.002349, 0.002318
719, 0.002098, 0.002323, 0.002298
720, 0.002097, 0.002346, 0.002315
721, 0.002093, 0.002329, 0.002301
722, 0.002088, 0.002323, 0.002296
723, 0.002090, 0.002351, 0.002321
724, 0.002098, 0.002318, 0.002292
725, 0.002092, 0.002327, 0.002299
726, 0.002087, 0.002338, 0.002308
727, 0.002087, 0.002320, 0.002295
728, 0.002094, 0.002350, 0.002320
729, 0.002092, 0.002317, 0.002291
730, 0.002089, 0.002319, 0.002291
731, 0.002082, 0.002338, 0.002308
732, 0.002090, 0.002314, 0.002288
733, 0.002088, 0.002333, 0.002303
734, 0.002084, 0.002321, 0.002292
735, 0.002080, 0.002313, 0.002286
736, 0.002086, 0.002339, 0.002309
737, 0.002088, 0.002310, 0.002284
738, 0.002085, 0.002320, 0.002292
739, 0.002077, 0.002320, 0.002292
740, 0.002081, 0.002309, 0.002283
741, 0.002082, 0.002329, 0.002300
742, 0.002082, 0.002308, 0.002281
743, 0.002079, 0.002313, 0.002285
744, 0.002077, 0.002317, 0.002289
745, 0.002078, 0.002303, 0.002277
746, 0.002079, 0.002321, 0.002291
747, 0.002077, 0.002306, 0.002278
748, 0.002072, 0.002306, 0.002278
749, 0.002072, 0.002312, 0.002283
750, 0.002070, 0.002302, 0.002274
751, 0.002069, 0.002305, 0.002277
752, 0.002069, 0.002308, 0.002279
753, 0.002069, 0.002297, 0.002271
754, 0.002071, 0.002312, 0.002283
755, 0.002069, 0.002299, 0.002272
756, 0.002067, 0.002297, 0.002270
757, 0.002066, 0.002305, 0.002276
758, 0.002072, 0.002291, 0.002265
759, 0.002069, 0.002312, 0.002283
760, 0.002068, 0.002290, 0.002264
761, 0.002066, 0.002301, 0.002272
762, 0.002064, 0.002298, 0.002269
763, 0.002064, 0.002286, 0.002260
764, 0.002068, 0.002324, 0.002293
765, 0.002073, 0.002283, 0.002258
766, 0.002065, 0.002288, 0.002260
767, 0.002062, 0.002311, 0.002281
768, 0.002063, 0.002281, 0.002257
769, 0.002067, 0.002309, 0.002280
770, 0.002063, 0.002279, 0.002253
771, 0.002058, 0.002287, 0.002259
772, 0.002052, 0.002289, 0.002260
773, 0.002054, 0.002274, 0.002248
774, 0.002057, 0.002294, 0.002264
775, 0.002055, 0.002274, 0.002247
776, 0.002053, 0.002280, 0.002251
777, 0.002051, 0.002274, 0.002247
778, 0.002047, 0.002274, 0.002246
779, 0.002049, 0.002274, 0.002247
780, 0.002044, 0.002270, 0.002244
781, 0.002049, 0.002274, 0.002247
782, 0.002045, 0.002267, 0.002240
783, 0.002044, 0.002265, 0.002238
784, 0.002040, 0.002268, 0.002241
785, 0.002041, 0.002262, 0.002235
786, 0.002039, 0.002262, 0.002234
787, 0.002035, 0.002258, 0.002230
788, 0.002036, 0.002269, 0.002240
789, 0.002039, 0.002252, 0.002226
790, 0.002038, 0.002259, 0.002231
791, 0.002036, 0.002265, 0.002236
792, 0.002035, 0.002246, 0.002222
793, 0.002042, 0.002294, 0.002264
794, 0.002046, 0.002243, 0.002219
795, 0.002040, 0.002259, 0.002230
796, 0.002032, 0.002249, 0.002221
797, 0.002025, 0.002238, 0.002212
798, 0.002025, 0.002255, 0.002226
799, 0.002025, 0.002235, 0.002209
800, 0.002022, 0.002241, 0.002213
801, 0.002024, 0.002234, 0.002207
802, 0.002020, 0.002234, 0.002206
803, 0.002015, 0.002232, 0.002205
804, 0.002017, 0.002226, 0.002200
805, 0.002016, 0.002238, 0.002210
806, 0.002013, 0.002223, 0.002197
807, 0.002012, 0.002230, 0.002201
808, 0.002011, 0.002222, 0.002194
809, 0.002008, 0.002220, 0.002192
810, 0.002006, 0.002215, 0.002188
811, 0.002004, 0.002221, 0.002193
812, 0.002005, 0.002211, 0.002185
813, 0.002000, 0.002209, 0.002182
814, 0.002003, 0.002220, 0.002192
815, 0.002001, 0.002201, 0.002176
816, 0.002005, 0.002221, 0.002192
817, 0.002000, 0.002197, 0.002171
818, 0.001996, 0.002211, 0.002183
819, 0.001993, 0.002194, 0.002168
820, 0.001992, 0.002194, 0.002168
821, 0.001985, 0.002200, 0.002172
822, 0.001987, 0.002184, 0.002159
823, 0.001989, 0.002203, 0.002174
824, 0.001985, 0.002182, 0.002155
825, 0.001980, 0.002183, 0.002155
826, 0.001976, 0.002189, 0.002160
827, 0.001977, 0.002171, 0.002145
828, 0.001980, 0.002199, 0.002169
829, 0.001980, 0.002168, 0.002143
830, 0.001977, 0.002180, 0.002152
831, 0.001970, 0.002168, 0.002141
832, 0.001968, 0.002158, 0.002132
833, 0.001967, 0.002185, 0.002155
834, 0.001973, 0.002153, 0.002129
835, 0.001971, 0.002180, 0.002151
836, 0.001968, 0.002149, 0.002125
837, 0.001969, 0.002176, 0.002146
838, 0.001958, 0.002142, 0.002116
839, 0.001951, 0.002141, 0.002114
840, 0.001947, 0.002154, 0.002124
841, 0.001948, 0.002131, 0.002106
842, 0.001956, 0.002172, 0.002141
843, 0.001959, 0.002130, 0.002106
844, 0.001957, 0.002158, 0.002127
845, 0.001948, 0.002119, 0.002093
846, 0.001937, 0.002121, 0.002094
847, 0.001934, 0.002117, 0.002090
848, 0.001929, 0.002107, 0.002081
849, 0.001927, 0.002128, 0.002099
850, 0.001927, 0.002100, 0.002076
851, 0.001922, 0.002107, 0.002079
852, 0.001918, 0.002098, 0.002071
853, 0.001914, 0.002090, 0.002064
854, 0.001912, 0.002103, 0.002074
855, 0.001910, 0.002081, 0.002055
856, 0.001911, 0.002089, 0.002061
857, 0.001902, 0.002077, 0.002050
858, 0.001898, 0.002072, 0.002045
859, 0.001900, 0.002078, 0.002050
860, 0.001897, 0.002062, 0.002037
861, 0.001892, 0.002073, 0.002045
862, 0.001890, 0.002054, 0.002028
863, 0.001885, 0.002053, 0.002027
864, 0.001882, 0.002051, 0.002024
865, 0.001879, 0.002042, 0.002015
866, 0.001874, 0.002044, 0.002017
867, 0.001871, 0.002036, 0.002009
868, 0.001868, 0.002032, 0.002005
869, 0.001864, 0.002025, 0.001998
870, 0.001863, 0.002024, 0.001997
871, 0.001856, 0.002018, 0.001992
872, 0.001854, 0.002012, 0.001986
873, 0.001851, 0.002007, 0.001980
874, 0.001849, 0.002007, 0.001980
875, 0.001842, 0.001993, 0.001969
876, 0.001843, 0.002007, 0.001979
877, 0.001837, 0.001987, 0.001960
878, 0.001834, 0.001982, 0.001956
879, 0.001828, 0.001984, 0.001957
880, 0.001826, 0.001970, 0.001945
881, 0.001825, 0.001986, 0.001957
882, 0.001822, 0.001959, 0.001934
883, 0.001818, 0.001962, 0.001935
884, 0.001808, 0.001959, 0.001931
885, 0.001805, 0.001943, 0.001919
886, 0.001810, 0.001974, 0.001944
887, 0.001811, 0.001936, 0.001914
888, 0.001807, 0.001965, 0.001934
889, 0.001800, 0.001924, 0.001899
890, 0.001791, 0.001926, 0.001899
891, 0.001779, 0.001914, 0.001888
892, 0.001774, 0.001904, 0.001879
893, 0.001774, 0.001921, 0.001892
894, 0.001775, 0.001893, 0.001870
895, 0.001772, 0.001921, 0.001891
896, 0.001773, 0.001881, 0.001858
897, 0.001765, 0.001894, 0.001866
898, 0.001752, 0.001868, 0.001844
899, 0.001744, 0.001864, 0.001839
900, 0.001738, 0.001879, 0.001851
901, 0.001740, 0.001851, 0.001828
902, 0.001741, 0.001879, 0.001850
903, 0.001737, 0.001841, 0.001819
904, 0.001732, 0.001855, 0.001826
905, 0.001722, 0.001826, 0.001800
906, 0.001715, 0.001821, 0.001795
907, 0.001704, 0.001822, 0.001795
908, 0.001703, 0.001807, 0.001784
909, 0.001704, 0.001833, 0.001804
910, 0.001705, 0.001795, 0.001772
911, 0.001699, 0.001829, 0.001799
912, 0.001696, 0.001780, 0.001757
913, 0.001683, 0.001788, 0.001761
914, 0.001676, 0.001769, 0.001742
915, 0.001665, 0.001755, 0.001730
916, 0.001659, 0.001775, 0.001749
917, 0.001664, 0.001744, 0.001720
918, 0.001656, 0.001756, 0.001728
919, 0.001647, 0.001733, 0.001708
920, 0.001637, 0.001723, 0.001697
921, 0.001632, 0.001723, 0.001696
922, 0.001625, 0.001706, 0.001681
923, 0.001622, 0.001704, 0.001678
924, 0.001615, 0.001695, 0.001670
925, 0.001611, 0.001695, 0.001669
926, 0.001603, 0.001675, 0.001652
927, 0.001598, 0.001682, 0.001655
928, 0.001592, 0.001661, 0.001636
929, 0.001586, 0.001655, 0.001629
930, 0.001578, 0.001653, 0.001627
931, 0.001573, 0.001636, 0.001613
932, 0.001570, 0.001648, 0.001622
933, 0.001563, 0.001623, 0.001599
934, 0.001559, 0.001627, 0.001601
935, 0.001549, 0.001605, 0.001581
936, 0.001542, 0.001598, 0.001574
937, 0.001534, 0.001614, 0.001587
938, 0.001536, 0.001585, 0.001564
939, 0.001539, 0.001626, 0.001599
940, 0.001538, 0.001577, 0.001557
941, 0.001534, 0.001592, 0.001565
942, 0.001516, 0.001549, 0.001527
943, 0.001502, 0.001543, 0.001518
944, 0.001492, 0.001545, 0.001519
945, 0.001486, 0.001522, 0.001500
946, 0.001480, 0.001533, 0.001507
947, 0.001475, 0.001506, 0.001483
948, 0.001467, 0.001501, 0.001478
949, 0.001456, 0.001499, 0.001476
950, 0.001455, 0.001481, 0.001460
951, 0.001451, 0.001501, 0.001477
952, 0.001449, 0.001469, 0.001450
953, 0.001448, 0.001490, 0.001465
954, 0.001441, 0.001447, 0.001428
955, 0.001430, 0.001462, 0.001437
956, 0.001420, 0.001429, 0.001408
957, 0.001407, 0.001428, 0.001406
958, 0.001399, 0.001415, 0.001393
959, 0.001396, 0.001411, 0.001389
960, 0.001387, 0.001396, 0.001375
961, 0.001380, 0.001390, 0.001368
962, 0.001370, 0.001383, 0.001362
963, 0.001362, 0.001371, 0.001351
964, 0.001361, 0.001370, 0.001347
965, 0.001355, 0.001351, 0.001330
966, 0.001346, 0.001356, 0.001333
967, 0.001341, 0.001334, 0.001313
968, 0.001333, 0.001345, 0.001323
969, 0.001329, 0.001316, 0.001298
970, 0.001322, 0.001329, 0.001306
971, 0.001317, 0.001302, 0.001283
972, 0.001307, 0.001310, 0.001290
973, 0.001303, 0.001287, 0.001267
974, 0.001295, 0.001283, 0.001262
975, 0.001286, 0.001270, 0.001252
976, 0.001278, 0.001259, 0.001241
977, 0.001273, 0.001280, 0.001259
978, 0.001275, 0.001247, 0.001233
979, 0.001276, 0.001290, 0.001267
980, 0.001273, 0.001244, 0.001228
981, 0.001278, 0.001302, 0.001279
982, 0.001281, 0.001224, 0.001211
983, 0.001262, 0.001260, 0.001235
984, 0.001249, 0.001201, 0.001186
985, 0.001237, 0.001224, 0.001205
986, 0.001225, 0.001179, 0.001160
987, 0.001209, 0.001173, 0.001152
988, 0.001194, 0.001166, 0.001148
989, 0.001190, 0.001155, 0.001137
990, 0.001182, 0.001151, 0.001131
991, 0.001176, 0.001135, 0.001119
992, 0.001165, 0.001135, 0.001117
993, 0.001160, 0.001126, 0.001108
994, 0.001156, 0.001123, 0.001106
995, 0.001144, 0.001107, 0.001093
996, 0.001143, 0.001111, 0.001093
997, 0.001137, 0.001094, 0.001078
998, 0.001128, 0.001097, 0.001081
999, 0.001121, 0.001075, 0.001058
1000, 0.001114, 0.001085, 0.001066
1001, 0.001106, 0.001060, 0.001046
1002, 0.001102, 0.001070, 0.001050
1003, 0.001093, 0.001043, 0.001027
1004, 0.001085, 0.001035, 0.001021
1005, 0.001076, 0.001044, 0.001025
1006, 0.001071, 0.001020, 0.001006
1007, 0.001066, 0.001023, 0.001005
1008, 0.001056, 0.001010, 0.000992
1009, 0.001049, 0.000998, 0.000982
1010, 0.001043, 0.001007, 0.000988
1011, 0.001038, 0.000981, 0.000965
1012, 0.001032, 0.000993, 0.000975
1013, 0.001024, 0.000966, 0.000951
1014, 0.001020, 0.000974, 0.000954
1015, 0.001009, 0.000956, 0.000941
1016, 0.000998, 0.000955, 0.000938
1017, 0.000990, 0.000944, 0.000923
1018, 0.000986, 0.000938, 0.000921
1019, 0.000979, 0.000943, 0.000925
1020, 0.000974, 0.000923, 0.000900
1021, 0.000973, 0.000935, 0.000918
1022, 0.000965, 0.000906, 0.000886
1023, 0.000954, 0.000929, 0.000905
1024, 0.000952, 0.000912, 0.000897
1025, 0.000964, 0.000972, 0.000945
1026, 0.000983, 0.001018, 0.000995
1027, 0.001044, 0.001114, 0.001096
1028, 0.001092, 0.001089, 0.001059
1029, 0.001097, 0.000975, 0.000963
1030, 0.001006, 0.000916, 0.000891
1031, 0.000960, 0.000884, 0.000869
1032, 0.000993, 0.000987, 0.000961
1033, 0.001004, 0.000806, 0.000792
1034, 0.000907, 0.000827, 0.000809
1035, 0.000923, 0.000882, 0.000860
1036, 0.000925, 0.000831, 0.000824
1037, 0.000912, 0.000889, 0.000866
1038, 0.000948, 0.000823, 0.000809
1039, 0.000891, 0.000824, 0.000816
1040, 0.000878, 0.000824, 0.000799
1041, 0.000893, 0.000791, 0.000783
1042, 0.000863, 0.000829, 0.000815
1043, 0.000880, 0.000806, 0.000789
1044, 0.000890, 0.000805, 0.000796
1045, 0.000858, 0.000756, 0.000740
1046, 0.000825, 0.000743, 0.000727
1047, 0.000831, 0.000779, 0.000772
1048, 0.000838, 0.000752, 0.000733
1049, 0.000821, 0.000723, 0.000709
1050, 0.000808, 0.000734, 0.000720
1051, 0.000808, 0.000726, 0.000705
1052, 0.000807, 0.000716, 0.000705
1053, 0.000802, 0.000711, 0.000694
1054, 0.000784, 0.000695, 0.000678
1055, 0.000783, 0.000699, 0.000688
1056, 0.000792, 0.000697, 0.000682
1057, 0.000782, 0.000677, 0.000660
1058, 0.000771, 0.000684, 0.000679
1059, 0.000779, 0.000698, 0.000678
1060, 0.000775, 0.000653, 0.000645
1061, 0.000757, 0.000654, 0.000644
1062, 0.000753, 0.000678, 0.000662
1063, 0.000761, 0.000645, 0.000636
1064, 0.000750, 0.000630, 0.000618
1065, 0.000730, 0.000645, 0.000631
1066, 0.000736, 0.000633, 0.000625
1067, 0.000743, 0.000645, 0.000634
1068, 0.000737, 0.000630, 0.000616
1069, 0.000730, 0.000628, 0.000626
1070, 0.000746, 0.000662, 0.000647
1071, 0.000743, 0.000603, 0.000595
1072, 0.000718, 0.000597, 0.000591
1073, 0.000708, 0.000612, 0.000599
1074, 0.000709, 0.000586, 0.000579
1075, 0.000708, 0.000598, 0.000587
1076, 0.000704, 0.000589, 0.000578
1077, 0.000700, 0.000568, 0.000557
1078, 0.000686, 0.000569, 0.000560
1079, 0.000683, 0.000576, 0.000567
1080, 0.000688, 0.000570, 0.000561
1081, 0.000692, 0.000574, 0.000569
1082, 0.000686, 0.000560, 0.000549
1083, 0.000675, 0.000545, 0.000537
1084, 0.000673, 0.000555, 0.000548
1085, 0.000673, 0.000549, 0.000537
1086, 0.000669, 0.000538, 0.000532
1087, 0.000671, 0.000559, 0.000549
1088, 0.000671, 0.000529, 0.000522
1089, 0.000661, 0.000529, 0.000519
1090, 0.000650, 0.000532, 0.000525
1091, 0.000649, 0.000515, 0.000507
1092, 0.000651, 0.000528, 0.000519
1093, 0.000651, 0.000519, 0.000512
1094, 0.000644, 0.000508, 0.000498
1095, 0.000638, 0.000507, 0.000498
1096, 0.000634, 0.000500, 0.000492
1097, 0.000633, 0.000508, 0.000497
1098, 0.000636, 0.000498, 0.000492
1099, 0.000633, 0.000491, 0.000484
1100, 0.000624, 0.000497, 0.000489
1101, 0.000627, 0.000485, 0.000480
1102, 0.000623, 0.000492, 0.000485
1103, 0.000622, 0.000482, 0.000475
1104, 0.000621, 0.000481, 0.000474
1105, 0.000617, 0.000473, 0.000466
1106, 0.000610, 0.000480, 0.000470
1107, 0.000611, 0.000471, 0.000466
1108, 0.000610, 0.000465, 0.000459
1109, 0.000604, 0.000467, 0.000459
1110, 0.000603, 0.000466, 0.000461
1111, 0.000601, 0.000461, 0.000455
1112, 0.000597, 0.000455, 0.000448
1113, 0.000596, 0.000453, 0.000448
1114, 0.000596, 0.000455, 0.000448
1115, 0.000592, 0.000447, 0.000439
1116, 0.000591, 0.000453, 0.000447
1117, 0.000590, 0.000440, 0.000433
1118, 0.000587, 0.000442, 0.000434
1119, 0.000585, 0.000441, 0.000436
1120, 0.000583, 0.000439, 0.000432
1121, 0.000582, 0.000430, 0.000425
1122, 0.000581, 0.000434, 0.000427
1123, 0.000580, 0.000434, 0.000428
1124, 0.000576, 0.000427, 0.000423
1125, 0.000578, 0.000438, 0.000431
1126, 0.000577, 0.000423, 0.000417
1127, 0.000573, 0.000424, 0.000418
1128, 0.000567, 0.000423, 0.000415
1129, 0.000572, 0.000423, 0.000418
1130, 0.000573, 0.000428, 0.000421
1131, 0.000567, 0.000410, 0.000405
1132, 0.000566, 0.000420, 0.000414
1133, 0.000563, 0.000415, 0.000409
1134, 0.000561, 0.000406, 0.000401
1135, 0.000564, 0.000425, 0.000419
1136, 0.000561, 0.000401, 0.000396
1137, 0.000560, 0.000404, 0.000398
1138, 0.000556, 0.000419, 0.000413
1139, 0.000557, 0.000397, 0.000393
1140, 0.000560, 0.000422, 0.000414
1141, 0.000560, 0.000393, 0.000388
1142, 0.000553, 0.000390, 0.000386
1143, 0.000551, 0.000437, 0.000429
1144, 0.000566, 0.000395, 0.000393
1145, 0.000567, 0.000416, 0.000408
1146, 0.000556, 0.000398, 0.000394
1147, 0.000552, 0.000388, 0.000384
1148, 0.000550, 0.000412, 0.000405
1149, 0.000552, 0.000386, 0.000383
1150, 0.000548, 0.000391, 0.000386
1151, 0.000543, 0.000394, 0.000387
1152, 0.000542, 0.000381, 0.000379
1153, 0.000549, 0.000416, 0.000406
1154, 0.000552, 0.000377, 0.000373
1155, 0.000544, 0.000380, 0.000374
1156, 0.000533, 0.000388, 0.000381
1157, 0.000536, 0.000372, 0.000368
1158, 0.000542, 0.000399, 0.000392
1159, 0.000539, 0.000368, 0.000364
1160, 0.000530, 0.000369, 0.000363
1161, 0.000530, 0.000382, 0.000377
1162, 0.000531, 0.000365, 0.000360
1163, 0.000533, 0.000380, 0.000374
1164, 0.000531, 0.000367, 0.000364
1165, 0.000527, 0.000359, 0.000355
1166, 0.000529, 0.000389, 0.000382
1167, 0.000529, 0.000361, 0.000359
1168, 0.000532, 0.000371, 0.000364
1169, 0.000525, 0.000364, 0.000359
1170, 0.000520, 0.000357, 0.000353
1171, 0.000524, 0.000380, 0.000372
1172, 0.000528, 0.000351, 0.000347
1173, 0.000522, 0.000366, 0.000361
1174, 0.000518, 0.000355, 0.000350
1175, 0.000515, 0.000350, 0.000347
1176, 0.000514, 0.000368, 0.000363
1177, 0.000517, 0.000348, 0.000344
1178, 0.000516, 0.000357, 0.000353
1179, 0.000513, 0.000360, 0.000355
1180, 0.000513, 0.000346, 0.000342
1181, 0.000516, 0.000358, 0.000353
1182, 0.000513, 0.000345, 0.000341
1183, 0.000511, 0.000349, 0.000345
1184, 0.000514, 0.000354, 0.000350
1185, 0.000515, 0.000341, 0.000338
1186, 0.000509, 0.000351, 0.000347
1187, 0.000509, 0.000344, 0.000342
1188, 0.000507, 0.000345, 0.000341
1189, 0.000507, 0.000347, 0.000343
1190, 0.000504, 0.000337, 0.000334
1191, 0.000510, 0.000354, 0.000348
1192, 0.000506, 0.000341, 0.000337
1193, 0.000502, 0.000338, 0.000335
1194, 0.000504, 0.000349, 0.000344
1195, 0.000505, 0.000333, 0.000330
1196, 0.000501, 0.000344, 0.000340
1197, 0.000502, 0.000340, 0.000337
1198, 0.000503, 0.000333, 0.000330
1199, 0.000500, 0.000342, 0.000337
1200, 0.000497, 0.000333, 0.000330
1201, 0.000502, 0.000344, 0.000341
1202, 0.000499, 0.000330, 0.000327
1203, 0.000494, 0.000335, 0.000331
1204, 0.000499, 0.000333, 0.000329
1205, 0.000499, 0.000331, 0.000327
1206, 0.000494, 0.000332, 0.000327
1207, 0.000492, 0.000329, 0.000325
1208, 0.000493, 0.000328, 0.000324
1209, 0.000492, 0.000331, 0.000326
1210, 0.000493, 0.000326, 0.000324
1211, 0.000492, 0.000330, 0.000327
1212, 0.000491, 0.000321, 0.000319
1213, 0.000492, 0.000334, 0.000332
1214, 0.000492, 0.000323, 0.000321
1215, 0.000492, 0.000334, 0.000330
1216, 0.000490, 0.000329, 0.000326
1217, 0.000489, 0.000323, 0.000318
1218, 0.000491, 0.000326, 0.000321
1219, 0.000489, 0.000324, 0.000321
1220, 0.000489, 0.000329, 0.000325
1221, 0.000488, 0.000324, 0.000319
1222, 0.000490, 0.000321, 0.000318
1223, 0.000486, 0.000331, 0.000328
1224, 0.000487, 0.000320, 0.000316
1225, 0.000487, 0.000323, 0.000321
1226, 0.000485, 0.000316, 0.000314
1227, 0.000486, 0.000319, 0.000315
1228, 0.000485, 0.000329, 0.000327
1229, 0.000486, 0.000313, 0.000310
1230, 0.000487, 0.000323, 0.000317
1231, 0.000487, 0.000327, 0.000325
1232, 0.000484, 0.000314, 0.000311
1233, 0.000481, 0.000322, 0.000318
1234, 0.000485, 0.000321, 0.000319
1235, 0.000485, 0.000314, 0.000310
1236, 0.000480, 0.000318, 0.000314
1237, 0.000481, 0.000323, 0.000322
1238, 0.000486, 0.000323, 0.000316
1239, 0.000484, 0.000311, 0.000309
1240, 0.000481, 0.000320, 0.000317
1241, 0.000481, 0.000306, 0.000304
1242, 0.000480, 0.000321, 0.000319
1243, 0.000482, 0.000309, 0.000306
1244, 0.000478, 0.000306, 0.000302
1245, 0.000477, 0.000323, 0.000320
1246, 0.000476, 0.000308, 0.000304
1247, 0.000475, 0.000309, 0.000305
1248, 0.000473, 0.000315, 0.000311
1249, 0.000475, 0.000308, 0.000305
1250, 0.000474, 0.000308, 0.000304
1251, 0.000475, 0.000314, 0.000311
1252, 0.000474, 0.000302, 0.000300
1253, 0.000472, 0.000319, 0.000316
1254, 0.000475, 0.000305, 0.000303
1255, 0.000475, 0.000308, 0.000306
1256, 0.000473, 0.000311, 0.000308
1257, 0.000472, 0.000304, 0.000302
1258, 0.000472, 0.000309, 0.000306
1259, 0.000469, 0.000312, 0.000309
1260, 0.000472, 0.000302, 0.000299
1261, 0.000473, 0.000310, 0.000306
1262, 0.000471, 0.000306, 0.000303
1263, 0.000471, 0.000306, 0.000304
1264, 0.000471, 0.000307, 0.000305
1265, 0.000470, 0.000305, 0.000303
1266, 0.000469, 0.000307, 0.000304
1267, 0.000469, 0.000303, 0.000300
1268, 0.000468, 0.000309, 0.000307
1269, 0.000472, 0.000306, 0.000303
1270, 0.000469, 0.000302, 0.000298
1271, 0.000467, 0.000307, 0.000304
1272, 0.000470, 0.000303, 0.000300
1273, 0.000468, 0.000308, 0.000304
1274, 0.000466, 0.000302, 0.000300
1275, 0.000469, 0.000310, 0.000307
1276, 0.000467, 0.000298, 0.000296
1277, 0.000468, 0.000310, 0.000307
1278, 0.000471, 0.000302, 0.000299
1279, 0.000467, 0.000299, 0.000297
1280, 0.000466, 0.000311, 0.000308
1281, 0.000467, 0.000294, 0.000292
1282, 0.000469, 0.000312, 0.000308
1283, 0.000467, 0.000295, 0.000293
1284, 0.000464, 0.000300, 0.000297
1285, 0.000465, 0.000306, 0.000303
1286, 0.000464, 0.000292, 0.000290
1287, 0.000466, 0.000319, 0.000314
1288, 0.000471, 0.000295, 0.000294
1289, 0.000471, 0.000315, 0.000311
1290, 0.000466, 0.000293, 0.000290
1291, 0.000465, 0.000303, 0.000301
1292, 0.000462, 0.000306, 0.000303
1293, 0.000466, 0.000289, 0.000287
1294, 0.000469, 0.000323, 0.000319
1295, 0.000470, 0.000288, 0.000286
1296, 0.000467, 0.000310, 0.000307
1297, 0.000463, 0.000303, 0.000301
1298, 0.000462, 0.000291, 0.000288
1299, 0.000466, 0.000316, 0.000312
1300, 0.000465, 0.000290, 0.000288
1301, 0.000460, 0.000301, 0.000297
1302, 0.000462, 0.000302, 0.000299
1303, 0.000460, 0.000289, 0.000288
1304, 0.000465, 0.000315, 0.000310
1305, 0.000465, 0.000287, 0.000285
1306, 0.000466, 0.000308, 0.000306
1307, 0.000461, 0.000292, 0.000289
1308, 0.000461, 0.000291, 0.000289
1309, 0.000459, 0.000306, 0.000303
1310, 0.000461, 0.000289, 0.000287
1311, 0.000462, 0.000299, 0.000297
1312, 0.000456, 0.000291, 0.000289
1313, 0.000458, 0.000295, 0.000291
1314, 0.000458, 0.000302, 0.000298
1315, 0.000460, 0.000290, 0.000287
1316, 0.000456, 0.000301, 0.000297
1317, 0.000459, 0.000290, 0.000287
1318, 0.000459, 0.000301, 0.000298
1319, 0.000458, 0.000289, 0.000288
1320, 0.000460, 0.000304, 0.000300
1321, 0.000458, 0.000290, 0.000289
1322, 0.000460, 0.000302, 0.000299
1323, 0.000457, 0.000290, 0.000287
1324, 0.000455, 0.000293, 0.000291
1325, 0.000455, 0.000294, 0.000291
1326, 0.000456, 0.000293, 0.000289
1327, 0.000454, 0.000291, 0.000289
1328, 0.000459, 0.000297, 0.000294
1329, 0.000453, 0.000292, 0.000289
1330, 0.000455, 0.000293, 0.000290
1331, 0.000455, 0.000298, 0.000294
1332, 0.000456, 0.000286, 0.000283
1333, 0.000454, 0.000305, 0.000301
1334, 0.000456, 0.000286, 0.000283
1335, 0.000455, 0.000298, 0.000294
1336, 0.000454, 0.000287, 0.000285
1337, 0.000455, 0.000294, 0.000292
1338, 0.000456, 0.000288, 0.000286
1339, 0.000453, 0.000292, 0.000290
1340, 0.000454, 0.000292, 0.000290
1341, 0.000453, 0.000283, 0.000279
1342, 0.000456, 0.000302, 0.000298
1343, 0.000454, 0.000287, 0.000285
1344, 0.000455, 0.000291, 0.000287
1345, 0.000452, 0.000290, 0.000288
1346, 0.000453, 0.000287, 0.000285
1347, 0.000452, 0.000291, 0.000288
1348, 0.000453, 0.000289, 0.000288
1349, 0.000451, 0.000286, 0.000284
1350, 0.000451, 0.000293, 0.000290
1351, 0.000452, 0.000289, 0.000287
1352, 0.000453, 0.000290, 0.000287
1353, 0.000452, 0.000296, 0.000292
1354, 0.000455, 0.000283, 0.000282
1355, 0.000455, 0.000314, 0.000310
1356, 0.000457, 0.000281, 0.000278
1357, 0.000458, 0.000315, 0.000312
1358, 0.000458, 0.000279, 0.000277
1359, 0.000455, 0.000297, 0.000295
1360, 0.000450, 0.000287, 0.000285
1361, 0.000451, 0.000279, 0.000276
1362, 0.000452, 0.000311, 0.000308
1363, 0.000457, 0.000275, 0.000274
1364, 0.000459, 0.000317, 0.000312
1365, 0.000459, 0.000281, 0.000281
1366, 0.000454, 0.000295, 0.000290
1367, 0.000451, 0.000286, 0.000283
1368, 0.000450, 0.000288, 0.000287
1369, 0.000451, 0.000295, 0.000290
1370, 0.000452, 0.000280, 0.000277
1371, 0.000448, 0.000296, 0.000292
1372, 0.000449, 0.000286, 0.000282
1373, 0.000447, 0.000281, 0.000279
1374, 0.000449, 0.000299, 0.000295
1375, 0.000451, 0.000277, 0.000275
1376, 0.000450, 0.000301, 0.000298
1377, 0.000449, 0.000279, 0.000277
1378, 0.000448, 0.000291, 0.000288
1379, 0.000448, 0.000283, 0.000280
1380, 0.000446, 0.000278, 0.000276
1381, 0.000446, 0.000296, 0.000293
1382, 0.000448, 0.000276, 0.000274
1383, 0.000448, 0.000297, 0.000294
1384, 0.000449, 0.000279, 0.000277
1385, 0.000447, 0.000280, 0.000277
1386, 0.000446, 0.000292, 0.000290
1387, 0.000449, 0.000275, 0.000272
1388, 0.000449, 0.000302, 0.000298
1389, 0.000450, 0.000278, 0.000277
1390, 0.000449, 0.000296, 0.000293
1391, 0.000446, 0.000280, 0.000276
1392, 0.000447, 0.000281, 0.000279
1393, 0.000444, 0.000290, 0.000286
1394, 0.000443, 0.000276, 0.000274
1395, 0.000446, 0.000302, 0.000298
1396, 0.000446, 0.000277, 0.000275
1397, 0.000447, 0.000287, 0.000284
1398, 0.000443, 0.000290, 0.000286
1399, 0.000444, 0.000277, 0.000274
1400, 0.000445, 0.000299, 0.000294
1401, 0.000446, 0.000274, 0.000272
1402, 0.000448, 0.000302, 0.000298
1403, 0.000448, 0.000275, 0.000272
1404, 0.000444, 0.000292, 0.000289
1405, 0.000444, 0.000278, 0.000275
1406, 0.000442, 0.000279, 0.000276
1407, 0.000442, 0.000291, 0.000287
1408, 0.000442, 0.000276, 0.000275
1409, 0.000446, 0.000303, 0.000298
1410, 0.000449, 0.000273, 0.000271
1411, 0.000446, 0.000299, 0.000296
1412, 0.000444, 0.000276, 0.000273
1413, 0.000442, 0.000275, 0.000272
1414, 0.000441, 0.000298, 0.000295
1415, 0.000445, 0.000272, 0.000269
1416, 0.000446, 0.000299, 0.000295
1417, 0.000446, 0.000273, 0.000271
1418, 0.000442, 0.000280, 0.000277
1419, 0.000440, 0.000290, 0.000287
1420, 0.000442, 0.000273, 0.000270
1421, 0.000441, 0.000297, 0.000292
1422, 0.000444, 0.000272, 0.000270
1423, 0.000443, 0.000290, 0.000285
1424, 0.000442, 0.000278, 0.000274
1425, 0.000438, 0.000275, 0.000273
1426, 0.000440, 0.000294, 0.000290
1427, 0.000439, 0.000271, 0.000268
1428, 0.000441, 0.000292, 0.000289
1429, 0.000440, 0.000273, 0.000270
1430, 0.000440, 0.000282, 0.000279
1431, 0.000438, 0.000277, 0.000274
1432, 0.000437, 0.000272, 0.000269
1433, 0.000439, 0.000290, 0.000287
1434, 0.000440, 0.000275, 0.000272
1435, 0.000440, 0.000287, 0.000283
1436, 0.000437, 0.000273, 0.000270
1437, 0.000439, 0.000291, 0.000287
1438, 0.000438, 0.000273, 0.000271
1439, 0.000437, 0.000280, 0.000277
1440, 0.000440, 0.000282, 0.000278
1441, 0.000437, 0.000271, 0.000268
1442, 0.000438, 0.000290, 0.000285
1443, 0.000438, 0.000270, 0.000267
1444, 0.000440, 0.000285, 0.000281
1445, 0.000436, 0.000274, 0.000271
1446, 0.000434, 0.000271, 0.000268
1447, 0.000438, 0.000298, 0.000293
1448, 0.000439, 0.000269, 0.000267
1449, 0.000442, 0.000292, 0.000288
1450, 0.000437, 0.000275, 0.000272
1451, 0.000437, 0.000273, 0.000271
1452, 0.000436, 0.000299, 0.000295
1453, 0.000442, 0.000268, 0.000265
1454, 0.000443, 0.000302, 0.000297
1455, 0.000441, 0.000271, 0.000269
1456, 0.000439, 0.000282, 0.000278
1457, 0.000436, 0.000277, 0.000274
1458, 0.000435, 0.000269, 0.000267
1459, 0.000436, 0.000299, 0.000294
1460, 0.000442, 0.000271, 0.000269
1461, 0.000439, 0.000287, 0.000283
1462, 0.000434, 0.000273, 0.000269
1463, 0.000432, 0.000270, 0.000267
1464, 0.000438, 0.000296, 0.000291
1465, 0.000438, 0.000267, 0.000264
1466, 0.000441, 0.000292, 0.000289
1467, 0.000439, 0.000269, 0.000265
1468, 0.000435, 0.000270, 0.000267
1469, 0.000433, 0.000294, 0.000290
1470, 0.000441, 0.000266, 0.000263
1471, 0.000441, 0.000300, 0.000295
1472, 0.000439, 0.000270, 0.000267
1473, 0.000437, 0.000283, 0.000278
1474, 0.000433, 0.000280, 0.000276
1475, 0.000433, 0.000267, 0.000264
1476, 0.000437, 0.000308, 0.000301
1477, 0.000445, 0.000270, 0.000268
1478, 0.000444, 0.000305, 0.000301
1479, 0.000441, 0.000269, 0.000266
1480, 0.000433, 0.000266, 0.000264
1481, 0.000433, 0.000309, 0.000304
1482, 0.000442, 0.000266, 0.000263
1483, 0.000441, 0.000292, 0.000288
1484, 0.000435, 0.000272, 0.000270
1485, 0.000434, 0.000269, 0.000265
1486, 0.000431, 0.000282, 0.000278
1487, 0.000432, 0.000272, 0.000269
1488, 0.000432, 0.000278, 0.000274
1489, 0.000431, 0.000268, 0.000263
1490, 0.000433, 0.000277, 0.000274
1491, 0.000431, 0.000274, 0.000271
1492, 0.000429, 0.000267, 0.000263
1493, 0.000431, 0.000286, 0.000283
1494, 0.000430, 0.000267, 0.000264
1495, 0.000430, 0.000277, 0.000272
1496, 0.000428, 0.000272, 0.000269
1497, 0.000431, 0.000273, 0.000268
1498, 0.000430, 0.000269, 0.000265
1499, 0.000428, 0.000274, 0.000271
1500, 0.000428, 0.000273, 0.000268
1501, 0.000428, 0.000270, 0.000266
1502, 0.000428, 0.000280, 0.000276
1503, 0.000429, 0.000268, 0.000263
1504, 0.000429, 0.000274, 0.000270
1505, 0.000427, 0.000273, 0.000270
1506, 0.000429, 0.000269, 0.000265
1507, 0.000427, 0.000276, 0.000271
1508, 0.000425, 0.000271, 0.000268
1509, 0.000427, 0.000271, 0.000265
1510, 0.000425, 0.000272, 0.000267
1511, 0.000427, 0.000273, 0.000270
1512, 0.000428, 0.000269, 0.000265
1513, 0.000427, 0.000275, 0.000270
1514, 0.000428, 0.000271, 0.000267
1515, 0.000425, 0.000271, 0.000267
1516, 0.000426, 0.000276, 0.000272
1517, 0.000426, 0.000265, 0.000261
1518, 0.000427, 0.000278, 0.000274
1519, 0.000425, 0.000267, 0.000263
1520, 0.000426, 0.000277, 0.000273
1521, 0.000426, 0.000267, 0.000263
1522, 0.000425, 0.000273, 0.000269
1523, 0.000424, 0.000268, 0.000264
1524, 0.000427, 0.000271, 0.000266
1525, 0.000426, 0.000272, 0.000268
1526, 0.000425, 0.000265, 0.000262
1527, 0.000426, 0.000281, 0.000276
1528, 0.000426, 0.000261, 0.000258
1529, 0.000428, 0.000280, 0.000276
1530, 0.000426, 0.000263, 0.000259
1531, 0.000427, 0.000273, 0.000270
1532, 0.000424, 0.000274, 0.000270
1533, 0.000424, 0.000266, 0.000261
1534, 0.000425, 0.000280, 0.000276
1535, 0.000423, 0.000265, 0.000261
1536, 0.000423, 0.000276, 0.000270
1537, 0.000424, 0.000271, 0.000267
1538, 0.000423, 0.000265, 0.000261
1539, 0.000421, 0.000275, 0.000270
1540, 0.000423, 0.000265, 0.000262
1541, 0.000425, 0.000283, 0.000278
1542, 0.000427, 0.000261, 0.000257
1543, 0.000423, 0.000282, 0.000278
1544, 0.000422, 0.000262, 0.000258
1545, 0.000426, 0.000275, 0.000271
1546, 0.000424, 0.000263, 0.000259
1547, 0.000423, 0.000276, 0.000272
1548, 0.000424, 0.000265, 0.000262
1549, 0.000420, 0.000278, 0.000274
1550, 0.000423, 0.000262, 0.000258
1551, 0.000424, 0.000283, 0.000279
1552, 0.000423, 0.000265, 0.000260
1553, 0.000421, 0.000264, 0.000260
1554, 0.000421, 0.000287, 0.000281
1555, 0.000425, 0.000257, 0.000253
1556, 0.000426, 0.000295, 0.000289
1557, 0.000429, 0.000260, 0.000257
1558, 0.000424, 0.000272, 0.000266
1559, 0.000421, 0.000265, 0.000262
1560, 0.000420, 0.000264, 0.000260
1561, 0.000420, 0.000265, 0.000261
1562, 0.000420, 0.000269, 0.000265
1563, 0.000418, 0.000267, 0.000261
1564, 0.000418, 0.000268, 0.000263
1565, 0.000416, 0.000264, 0.000259
1566, 0.000418, 0.000273, 0.000267
1567, 0.000423, 0.000263, 0.000259
1568, 0.000420, 0.000271, 0.000266
1569, 0.000419, 0.000262, 0.000257
1570, 0.000422, 0.000281, 0.000277
1571, 0.000422, 0.000257, 0.000253
1572, 0.000422, 0.000282, 0.000276
1573, 0.000421, 0.000257, 0.000253
1574, 0.000421, 0.000277, 0.000272
1575, 0.000418, 0.000259, 0.000254
1576, 0.000418, 0.000268, 0.000263
1577, 0.000417, 0.000268, 0.000263
1578, 0.000415, 0.000257, 0.000252
1579, 0.000421, 0.000288, 0.000283
1580, 0.000423, 0.000255, 0.000251
1581, 0.000422, 0.000280, 0.000274
1582, 0.000420, 0.000259, 0.000256
1583, 0.000419, 0.000273, 0.000267
1584, 0.000418, 0.000263, 0.000258
1585, 0.000418, 0.000263, 0.000258
1586, 0.000415, 0.000269, 0.000263
1587, 0.000417, 0.000262, 0.000257
1588, 0.000415, 0.000258, 0.000254
1589, 0.000417, 0.000284, 0.000279
1590, 0.000421, 0.000257, 0.000254
1591, 0.000422, 0.000294, 0.000288
1592, 0.000423, 0.000253, 0.000250
1593, 0.000423, 0.000285, 0.000280
1594, 0.000419, 0.000260, 0.000254
1595, 0.000417, 0.000259, 0.000255
1596, 0.000414, 0.000283, 0.000278
1597, 0.000418, 0.000255, 0.000251
1598, 0.000423, 0.000286, 0.000281
1599, 0.000422, 0.000253, 0.000248
1600, 0.000416, 0.000271, 0.000266
1601, 0.000416, 0.000262, 0.000258
1602, 0.000413, 0.000257, 0.000253
1603, 0.000413, 0.000274, 0.000269
1604, 0.000414, 0.000253, 0.000248
1605, 0.000416, 0.000271, 0.000266
1606, 0.000415, 0.000257, 0.000253
1607, 0.000412, 0.000256, 0.000250
1608, 0.000410, 0.000271, 0.000266
1609, 0.000414, 0.000257, 0.000253
1610, 0.000417, 0.000272, 0.000266
1611, 0.000414, 0.000255, 0.000250
1612, 0.000414, 0.000270, 0.000265
1613, 0.000413, 0.000257, 0.000251
1614, 0.000415, 0.000269, 0.000263
1615, 0.000411, 0.000261, 0.000255
1616, 0.000412, 0.000258, 0.000252
1617, 0.000413, 0.000270, 0.000265
1618, 0.000415, 0.000255, 0.000250
1619, 0.000413, 0.000266, 0.000260
1620, 0.000412, 0.000257, 0.000252
1621, 0.000414, 0.000277, 0.000271
1622, 0.000411, 0.000252, 0.000248
1623, 0.000413, 0.000270, 0.000263
1624, 0.000411, 0.000255, 0.000250
1625, 0.000411, 0.000259, 0.000254
1626, 0.000409, 0.000272, 0.000265
1627, 0.000411, 0.000249, 0.000244
1628, 0.000411, 0.000281, 0.000274
1629, 0.000414, 0.000249, 0.000244
1630, 0.000414, 0.000272, 0.000265
1631, 0.000413, 0.000255, 0.000250
1632, 0.000411, 0.000256, 0.000250
1633, 0.000408, 0.000267, 0.000261
1634, 0.000409, 0.000254, 0.000250
1635, 0.000410, 0.000262, 0.000255
1636, 0.000410, 0.000255, 0.000249
1637, 0.000408, 0.000261, 0.000256
1638, 0.000409, 0.000266, 0.000259
1639, 0.000409, 0.000253, 0.000247
1640, 0.000408, 0.000271, 0.000267
1641, 0.000412, 0.000252, 0.000245
1642, 0.000409, 0.000263, 0.000257
1643, 0.000406, 0.000258, 0.000254
1644, 0.000409, 0.000260, 0.000254
1645, 0.000409, 0.000266, 0.000261
1646, 0.000408, 0.000251, 0.000247
1647, 0.000407, 0.000270, 0.000263
1648, 0.000412, 0.000261, 0.000258
1649, 0.000411, 0.000260, 0.000254
1650, 0.000408, 0.000254, 0.000248
1651, 0.000410, 0.000260, 0.000256
1652, 0.000406, 0.000270, 0.000262
1653, 0.000408, 0.000247, 0.000242
1654, 0.000409, 0.000277, 0.000271
1655, 0.000409, 0.000251, 0.000244
1656, 0.000404, 0.000258, 0.000252
1657, 0.000406, 0.000266, 0.000262
1658, 0.000406, 0.000251, 0.000244
1659, 0.000409, 0.000270, 0.000264
1660, 0.000407, 0.000253, 0.000248
1661, 0.000406, 0.000261, 0.000254
1662, 0.000406, 0.000259, 0.000253
1663, 0.000404, 0.000261, 0.000255
1664, 0.000406, 0.000254, 0.000247
1665, 0.000403, 0.000258, 0.000253
1666, 0.000406, 0.000262, 0.000255
1667, 0.000405, 0.000249, 0.000243
1668, 0.000403, 0.000261, 0.000255
1669, 0.000405, 0.000253, 0.000246
1670, 0.000405, 0.000253, 0.000248
1671, 0.000406, 0.000265, 0.000258
1672, 0.000405, 0.000246, 0.000239
1673, 0.000405, 0.000281, 0.000274
1674, 0.000410, 0.000246, 0.000241
1675, 0.000409, 0.000281, 0.000272
1676, 0.000407, 0.000250, 0.000245
1677, 0.000403, 0.000255, 0.000248
1678, 0.000402, 0.000263, 0.000254
1679, 0.000403, 0.000248, 0.000243
1680, 0.000407, 0.000292, 0.000284
1681, 0.000413, 0.000243, 0.000238
1682, 0.000412, 0.000274, 0.000267
1683, 0.000403, 0.000251, 0.000244
1684, 0.000401, 0.000243, 0.000237
1685, 0.000403, 0.000284, 0.000275
1686, 0.000407, 0.000243, 0.000238
1687, 0.000409, 0.000274, 0.000266
1688, 0.000403, 0.000249, 0.000242
1689, 0.000399, 0.000252, 0.000246
1690, 0.000398, 0.000265, 0.000257
1691, 0.000402, 0.000242, 0.000236
1692, 0.000401, 0.000264, 0.000256
1693, 0.000399, 0.000253, 0.000246
1694, 0.000400, 0.000249, 0.000241
1695, 0.000398, 0.000259, 0.000251
1696, 0.000398, 0.000243, 0.000237
1697, 0.000401, 0.000263, 0.000254
1698, 0.000399, 0.000244, 0.000238
1699, 0.000399, 0.000253, 0.000246
1700, 0.000398, 0.000253, 0.000246
1701, 0.000396, 0.000250, 0.000243
1702, 0.000396, 0.000256, 0.000248
1703, 0.000398, 0.000249, 0.000242
1704, 0.000398, 0.000251, 0.000243
1705, 0.000396, 0.000250, 0.000242
1706, 0.000395, 0.000251, 0.000244
1707, 0.000395, 0.000252, 0.000244
1708, 0.000396, 0.000245, 0.000238
1709, 0.000396, 0.000254, 0.000246
1710, 0.000395, 0.000247, 0.000239
1711, 0.000394, 0.000253, 0.000245
1712, 0.000394, 0.000246, 0.000239
1713, 0.000397, 0.000258, 0.000250
1714, 0.000395, 0.000248, 0.000240
1715, 0.000395, 0.000254, 0.000248
1716, 0.000394, 0.000253, 0.000246
1717, 0.000394, 0.000240, 0.000234
1718, 0.000398, 0.000275, 0.000267
1719, 0.000401, 0.000238, 0.000232
1720, 0.000405, 0.000286, 0.000276
1721, 0.000406, 0.000236, 0.000229
1722, 0.000400, 0.000256, 0.000248
1723, 0.000395, 0.000253, 0.000245
1724, 0.000393, 0.000239, 0.000233
1725, 0.000399, 0.000278, 0.000270
1726, 0.000402, 0.000237, 0.000229
1727, 0.000399, 0.000268, 0.000260
1728, 0.000397, 0.000244, 0.000236
1729, 0.000392, 0.000245, 0.000238
1730, 0.000390, 0.000263, 0.000255
1731, 0.000395, 0.000240, 0.000232
1732, 0.000397, 0.000270, 0.000261
1733, 0.000399, 0.000239, 0.000233
1734, 0.000397, 0.000266, 0.000256
1735, 0.000393, 0.000239, 0.000231
1736, 0.000392, 0.000247, 0.000241
1737, 0.000393, 0.000258, 0.000250
1738, 0.000393, 0.000234, 0.000226
1739, 0.000398, 0.000271, 0.000262
1740, 0.000396, 0.000237, 0.000230
1741, 0.000396, 0.000257, 0.000248
1742, 0.000392, 0.000243, 0.000235
1743, 0.000391, 0.000248, 0.000240
1744, 0.000390, 0.000256, 0.000247
1745, 0.000392, 0.000240, 0.000233
1746, 0.000391, 0.000260, 0.000252
1747, 0.000390, 0.000239, 0.000232
1748, 0.000393, 0.000254, 0.000246
1749, 0.000390, 0.000245, 0.000236
1750, 0.000389, 0.000247, 0.000239
1751, 0.000389, 0.000248, 0.000239
1752, 0.000387, 0.000241, 0.000233
1753, 0.000389, 0.000246, 0.000239
1754, 0.000389, 0.000246, 0.000237
1755, 0.000389, 0.000242, 0.000234
1756, 0.000387, 0.000251, 0.000244
1757, 0.000390, 0.000249, 0.000240
1758, 0.000390, 0.000236, 0.000228
1759, 0.000388, 0.000261, 0.000253
1760, 0.000391, 0.000237, 0.000228
1761, 0.000391, 0.000248, 0.000239
1762, 0.000388, 0.000247, 0.000239
1763, 0.000387, 0.000240, 0.000231
1764, 0.000388, 0.000259, 0.000250
1765, 0.000389, 0.000234, 0.000226
1766, 0.000390, 0.000259, 0.000249
1767, 0.000388, 0.000243, 0.000235
1768, 0.000388, 0.000237, 0.000229
1769, 0.000388, 0.000260, 0.000251
1770, 0.000389, 0.000231, 0.000224
1771, 0.000389, 0.000262, 0.000252
1772, 0.000390, 0.000237, 0.000229
1773, 0.000387, 0.000244, 0.000234
1774, 0.000385, 0.000246, 0.000236
1775, 0.000383, 0.000236, 0.000229
1776, 0.000389, 0.000267, 0.000256
1777, 0.000390, 0.000231, 0.000223
1778, 0.000390, 0.000266, 0.000256
1779, 0.000389, 0.000234, 0.000225
1780, 0.000387, 0.000248, 0.000240
1781, 0.000384, 0.000244, 0.000236
1782, 0.000386, 0.000234, 0.000224
1783, 0.000388, 0.000264, 0.000256
1784, 0.000388, 0.000230, 0.000222
1785, 0.000388, 0.000254, 0.000243
1786, 0.000388, 0.000241, 0.000233
1787, 0.000385, 0.000234, 0.000225
1788, 0.000384, 0.000258, 0.000246
1789, 0.000387, 0.000230, 0.000223
1790, 0.000389, 0.000266, 0.000256
1791, 0.000387, 0.000233, 0.000226
1792, 0.000383, 0.000235, 0.000227
1793, 0.000382, 0.000261, 0.000252
1794, 0.000386, 0.000229, 0.000221
1795, 0.000389, 0.000265, 0.000254
1796, 0.000388, 0.000227, 0.000218
1797, 0.000382, 0.000244, 0.000234
1798, 0.000380, 0.000249, 0.000238
1799, 0.000382, 0.000229, 0.000221
1800, 0.000386, 0.000271, 0.000260
1801, 0.000388, 0.000227, 0.000219
1802, 0.000385, 0.000248, 0.000238
1803, 0.000381, 0.000242, 0.000232
1804, 0.000381, 0.000230, 0.000221
1805, 0.000382, 0.000254, 0.000243
1806, 0.000384, 0.000229, 0.000220
1807, 0.000381, 0.000245, 0.000235
1808, 0.000379, 0.000238, 0.000228
1809, 0.000378, 0.000230, 0.000222
1810, 0.000380, 0.000250, 0.000239
1811, 0.000380, 0.000231, 0.000222
1812, 0.000379, 0.000239, 0.000229
1813, 0.000381, 0.000235, 0.000225
1814, 0.000378, 0.000238, 0.000229
1815, 0.000378, 0.000236, 0.000226
1816, 0.000379, 0.000241, 0.000232
1817, 0.000378, 0.000234, 0.000225
1818, 0.000378, 0.000242, 0.000232
1819, 0.000379, 0.000232, 0.000223
1820, 0.000375, 0.000234, 0.000224
1821, 0.000377, 0.000237, 0.000227
1822, 0.000377, 0.000232, 0.000222
1823, 0.000376, 0.000246, 0.000235
1824, 0.000377, 0.000232, 0.000222
1825, 0.000375, 0.000237, 0.000227
1826, 0.000375, 0.000238, 0.000228
1827, 0.000375, 0.000238, 0.000227
1828, 0.000374, 0.000235, 0.000224
1829, 0.000375, 0.000242, 0.000232
1830, 0.000378, 0.000229, 0.000219
1831, 0.000376, 0.000250, 0.000239
1832, 0.000379, 0.000224, 0.000215
1833, 0.000377, 0.000251, 0.000241
1834, 0.000378, 0.000226, 0.000216
1835, 0.000376, 0.000232, 0.000223
1836, 0.000374, 0.000248, 0.000237
1837, 0.000375, 0.000221, 0.000211
1838, 0.000383, 0.000269, 0.000256
1839, 0.000382, 0.000223, 0.000214
1840, 0.000377, 0.000243, 0.000232
1841, 0.000373, 0.000238, 0.000227
1842, 0.000373, 0.000228, 0.000218
1843, 0.000375, 0.000259, 0.000247
1844, 0.000377, 0.000223, 0.000214
1845, 0.000380, 0.000257, 0.000246
1846, 0.000379, 0.000222, 0.000214
1847, 0.000375, 0.000241, 0.000231
1848, 0.000373, 0.000237, 0.000226
1849, 0.000372, 0.000224, 0.000215
1850, 0.000376, 0.000262, 0.000250
1851, 0.000379, 0.000221, 0.000211
1852, 0.000378, 0.000250, 0.000240
1853, 0.000376, 0.000229, 0.000220
1854, 0.000371, 0.000226, 0.000215
1855, 0.000375, 0.000253, 0.000242
1856, 0.000375, 0.000220, 0.000211
1857, 0.000377, 0.000251, 0.000239
1858, 0.000375, 0.000224, 0.000214
1859, 0.000372, 0.000232, 0.000222
1860, 0.000371, 0.000243, 0.000230
1861, 0.000372, 0.000221, 0.000212
1862, 0.000376, 0.000260, 0.000248
1863, 0.000376, 0.000219, 0.000210
1864, 0.000374, 0.000242, 0.000232
1865, 0.000373, 0.000231, 0.000220
1866, 0.000371, 0.000221, 0.000211
1867, 0.000372, 0.000248, 0.000237
1868, 0.000373, 0.000219, 0.000209
1869, 0.000371, 0.000243, 0.000232
1870, 0.000372, 0.000222, 0.000212
1871, 0.000371, 0.000231, 0.000221
1872, 0.000369, 0.000231, 0.000221
1873, 0.000367, 0.000224, 0.000215
1874, 0.000369, 0.000242, 0.000231
1875, 0.000371, 0.000221, 0.000211
1876, 0.000369, 0.000237, 0.000226
1877, 0.000367, 0.000231, 0.000219
1878, 0.000370, 0.000220, 0.000211
1879, 0.000372, 0.000265, 0.000251
1880, 0.000377, 0.000215, 0.000205
1881, 0.000381, 0.000267, 0.000254
1882, 0.000377, 0.000215, 0.000204
1883, 0.000371, 0.000230, 0.000219
1884, 0.000366, 0.000235, 0.000223
1885, 0.000366, 0.000217, 0.000207
1886, 0.000370, 0.000249, 0.000237
1887, 0.000371, 0.000221, 0.000210
1888, 0.000366, 0.000227, 0.000215
1889, 0.000366, 0.000245, 0.000234
1890, 0.000368, 0.000217, 0.000207
1891, 0.000370, 0.000245, 0.000232
1892, 0.000369, 0.000221, 0.000212
1893, 0.000369, 0.000237, 0.000225
1894, 0.000367, 0.000220, 0.000209
1895, 0.000364, 0.000229, 0.000218
1896, 0.000367, 0.000223, 0.000211
1897, 0.000364, 0.000225, 0.000214
1898, 0.000365, 0.000229, 0.000218
1899, 0.000363, 0.000221, 0.000209
1900, 0.000363, 0.000231, 0.000220
1901, 0.000363, 0.000222, 0.000211
1902, 0.000364, 0.000234, 0.000223
1903, 0.000364, 0.000220, 0.000210
1904, 0.000364, 0.000232, 0.000220
1905, 0.000364, 0.000219, 0.000208
1906, 0.000361, 0.000228, 0.000216
1907, 0.000362, 0.000228, 0.000216
1908, 0.000361, 0.000218, 0.000206
1909, 0.000364, 0.000239, 0.000226
1910, 0.000365, 0.000216, 0.000205
1911, 0.000366, 0.000237, 0.000224
1912, 0.000362, 0.000220, 0.000208
1913, 0.000363, 0.000223, 0.000211
1914, 0.000361, 0.000239, 0.000225
1915, 0.000364, 0.000212, 0.000201
1916, 0.000365, 0.000250, 0.000235
1917, 0.000367, 0.000211, 0.000199
1918, 0.000363, 0.000227, 0.000215
1919, 0.000359, 0.000239, 0.000226
1920, 0.000363, 0.000211, 0.000200
1921, 0.000369, 0.000265, 0.000251
1922, 0.000372, 0.000209, 0.000199
1923, 0.000369, 0.000237, 0.000224
1924, 0.000362, 0.000221, 0.000209
1925, 0.000360, 0.000218, 0.000207
1926, 0.000360, 0.000235, 0.000222
1927, 0.000362, 0.000219, 0.000207
1928, 0.000356, 0.000216, 0.000205
1929, 0.000358, 0.000241, 0.000227
1930, 0.000361, 0.000211, 0.000199
1931, 0.000364, 0.000236, 0.000224
1932, 0.000361, 0.000221, 0.000208
1933, 0.000359, 0.000214, 0.000203
1934, 0.000360, 0.000230, 0.000218
1935, 0.000359, 0.000214, 0.000203
1936, 0.000357, 0.000221, 0.000209
1937, 0.000355, 0.000218, 0.000206
1938, 0.000356, 0.000219, 0.000207
1939, 0.000356, 0.000214, 0.000202
1940, 0.000357, 0.000228, 0.000215
1941, 0.000357, 0.000214, 0.000202
1942, 0.000357, 0.000232, 0.000218
1943, 0.000358, 0.000219, 0.000207
1944, 0.000355, 0.000217, 0.000204
1945, 0.000356, 0.000230, 0.000217
1946, 0.000358, 0.000212, 0.000201
1947, 0.000356, 0.000232, 0.000220
1948, 0.000355, 0.000216, 0.000205
1949, 0.000356, 0.000215, 0.000203
1950, 0.000355, 0.000234, 0.000222
1951, 0.000357, 0.000208, 0.000198
1952, 0.000360, 0.000243, 0.000230
1953, 0.000360, 0.000207, 0.000196
1954, 0.000361, 0.000235, 0.000223
1955, 0.000358, 0.000219, 0.000208
1956, 0.000354, 0.000212, 0.000200
1957, 0.000357, 0.000238, 0.000225
1958, 0.000358, 0.000210, 0.000200
1959, 0.000356, 0.000230, 0.000216
1960, 0.000355, 0.000215, 0.000202
1961, 0.000354, 0.000223, 0.000211
1962, 0.000352, 0.000217, 0.000204
1963, 0.000351, 0.000212, 0.000198
1964, 0.000354, 0.000235, 0.000221
1965, 0.000356, 0.000207, 0.000196
1966, 0.000356, 0.000227, 0.000213
1967, 0.000352, 0.000219, 0.000207
1968, 0.000352, 0.000206, 0.000195
1969, 0.000357, 0.000248, 0.000234
1970, 0.000360, 0.000203, 0.000192
1971, 0.000358, 0.000229, 0.000215
1972, 0.000352, 0.000226, 0.000212
1973, 0.000351, 0.000204, 0.000192
1974, 0.000357, 0.000250, 0.000235
1975, 0.000362, 0.000202, 0.000191
1976, 0.000361, 0.000242, 0.000228
1977, 0.000356, 0.000206, 0.000194
1978, 0.000351, 0.000218, 0.000207
1979, 0.000351, 0.000227, 0.000215
1980, 0.000352, 0.000204, 0.000193
1981, 0.000354, 0.000233, 0.000220
1982, 0.000354, 0.000212, 0.000200
1983, 0.000351, 0.000208, 0.000195
1984, 0.000351, 0.000227, 0.000213
1985, 0.000353, 0.000206, 0.000195
1986, 0.000353, 0.000226, 0.000213
1987, 0.000350, 0.000211, 0.000199
1988, 0.000351, 0.000214, 0.000203
1989, 0.000348, 0.000224, 0.000211
1990, 0.000352, 0.000210, 0.000197
1991, 0.000352, 0.000224, 0.000210
1992, 0.000347, 0.000213, 0.000200
1993, 0.000350, 0.000211, 0.000198
1994, 0.000351, 0.000235, 0.000220
1995, 0.000354, 0.000204, 0.000192
1996, 0.000355, 0.000233, 0.000220
1997, 0.000353, 0.000206, 0.000193
1998, 0.000350, 0.000213, 0.000201
1999, 0.000349, 0.000227, 0.000214
2000, 0.000350, 0.000202, 0.000189
2001, 0.000353, 0.000242, 0.000228
2002, 0.000352, 0.000205, 0.000193
2003, 0.000352, 0.000217, 0.000202
2004, 0.000348, 0.000223, 0.000209
2005, 0.000348, 0.000203, 0.000190
2006, 0.000351, 0.000234, 0.000220
2007, 0.000352, 0.000205, 0.000193
2008, 0.000350, 0.000215, 0.000202
2009, 0.000346, 0.000221, 0.000208
2010, 0.000349, 0.000202, 0.000190
2011, 0.000352, 0.000249, 0.000232
2012, 0.000357, 0.000201, 0.000190
2013, 0.000357, 0.000231, 0.000216
2014, 0.000350, 0.000208, 0.000194
2015, 0.000346, 0.000210, 0.000198
2016, 0.000347, 0.000227, 0.000212
2017, 0.000349, 0.000201, 0.000188
2018, 0.000349, 0.000233, 0.000219
2019, 0.000350, 0.000205, 0.000191
2020, 0.000347, 0.000212, 0.000199
2021, 0.000346, 0.000211, 0.000197
2022, 0.000345, 0.000205, 0.000191
2023, 0.000345, 0.000223, 0.000209
2024, 0.000348, 0.000202, 0.000189
2025, 0.000346, 0.000226, 0.000213
2026, 0.000345, 0.000206, 0.000193
2027, 0.000345, 0.000206, 0.000193
2028, 0.000342, 0.000209, 0.000196
2029, 0.000345, 0.000207, 0.000194
2030, 0.000343, 0.000211, 0.000198
2031, 0.000344, 0.000213, 0.000199
2032, 0.000342, 0.000207, 0.000194
2033, 0.000342, 0.000215, 0.000200
2034, 0.000342, 0.000203, 0.000189
2035, 0.000345, 0.000213, 0.000200
2036, 0.000343, 0.000211, 0.000197
2037, 0.000342, 0.000208, 0.000195
2038, 0.000343, 0.000222, 0.000209
2039, 0.000344, 0.000201, 0.000188
2040, 0.000345, 0.000224, 0.000208
2041, 0.000345, 0.000205, 0.000192
2042, 0.000344, 0.000214, 0.000198
2043, 0.000341, 0.000215, 0.000199
2044, 0.000343, 0.000203, 0.000189
2045, 0.000342, 0.000213, 0.000199
2046, 0.000341, 0.000207, 0.000194
2047, 0.000342, 0.000205, 0.000191
2048, 0.000341, 0.000218, 0.000204
2049, 0.000342, 0.000198, 0.000185
2050, 0.000340, 0.000222, 0.000207
2051, 0.000341, 0.000203, 0.000189
2052, 0.000340, 0.000209, 0.000195
2053, 0.000338, 0.000211, 0.000196
2054, 0.000340, 0.000207, 0.000193
2055, 0.000339, 0.000207, 0.000194
2056, 0.000339, 0.000212, 0.000198
2057, 0.000341, 0.000201, 0.000187
2058, 0.000339, 0.000221, 0.000207
2059, 0.000342, 0.000200, 0.000187
2060, 0.000341, 0.000218, 0.000203
2061, 0.000340, 0.000206, 0.000192
2062, 0.000338, 0.000203, 0.000190
2063, 0.000337, 0.000218, 0.000203
2064, 0.000339, 0.000197, 0.000184
2065, 0.000338, 0.000221, 0.000206
2066, 0.000338, 0.000202, 0.000188
2067, 0.000340, 0.000205, 0.000190
2068, 0.000339, 0.000221, 0.000205
2069, 0.000340, 0.000197, 0.000182
2070, 0.000336, 0.000215, 0.000199
2071, 0.000338, 0.000206, 0.000192
2072, 0.000339, 0.000203, 0.000189
2073, 0.000337, 0.000216, 0.000201
2074, 0.000337, 0.000204, 0.000192
2075, 0.000338, 0.000216, 0.000201
2076, 0.000339, 0.000208, 0.000193
2077, 0.000338, 0.000205, 0.000191
2078, 0.000338, 0.000216, 0.000201
2079, 0.000337, 0.000200, 0.000186
2080, 0.000336, 0.000210, 0.000196
2081, 0.000335, 0.000210, 0.000195
2082, 0.000336, 0.000201, 0.000188
2083, 0.000337, 0.000220, 0.000205
2084, 0.000339, 0.000198, 0.000184
2085, 0.000337, 0.000219, 0.000205
2086, 0.000338, 0.000206, 0.000191
2087, 0.000337, 0.000204, 0.000189
2088, 0.000334, 0.000210, 0.000196
2089, 0.000336, 0.000212, 0.000196
2090, 0.000336, 0.000201, 0.000187
2091, 0.000335, 0.000204, 0.000190
2092, 0.000334, 0.000207, 0.000192
2093, 0.000333, 0.000204, 0.000191
2094, 0.000333, 0.000205, 0.000191
2095, 0.000332, 0.000206, 0.000191
2096, 0.000333, 0.000205, 0.000191
2097, 0.000334, 0.000207, 0.000192
2098, 0.000334, 0.000203, 0.000189
2099, 0.000334, 0.000208, 0.000194
2100, 0.000334, 0.000208, 0.000193
2101, 0.000334, 0.000206, 0.000192
2102, 0.000333, 0.000210, 0.000195
2103, 0.000333, 0.000199, 0.000184
2104, 0.000335, 0.000224, 0.000209
2105, 0.000336, 0.000193, 0.000179
2106, 0.000337, 0.000234, 0.000218
2107, 0.000339, 0.000195, 0.000182
2108, 0.000335, 0.000208, 0.000193
2109, 0.000331, 0.000210, 0.000195
2110, 0.000333, 0.000197, 0.000183
2111, 0.000333, 0.000214, 0.000197
2112, 0.000332, 0.000199, 0.000183
2113, 0.000333, 0.000215, 0.000199
2114, 0.000332, 0.000199, 0.000183
2115, 0.000332, 0.000210, 0.000194
2116, 0.000331, 0.000209, 0.000193
2117, 0.000329, 0.000199, 0.000184
2118, 0.000332, 0.000219, 0.000203
2119, 0.000332, 0.000197, 0.000182
2120, 0.000331, 0.000211, 0.000195
2121, 0.000330, 0.000209, 0.000194
2122, 0.000327, 0.000198, 0.000183
2123, 0.000333, 0.000210, 0.000195
2124, 0.000331, 0.000193, 0.000180
2125, 0.000331, 0.000213, 0.000198
2126, 0.000331, 0.000197, 0.000183
2127, 0.000329, 0.000202, 0.000187
2128, 0.000329, 0.000210, 0.000194
2129, 0.000330, 0.000200, 0.000184
2130, 0.000329, 0.000212, 0.000195
2131, 0.000330, 0.000202, 0.000186
2132, 0.000330, 0.000208, 0.000192
2133, 0.000330, 0.000203, 0.000187
2134, 0.000328, 0.000198, 0.000184
2135, 0.000329, 0.000217, 0.000203
2136, 0.000329, 0.000187, 0.000173
2137, 0.000334, 0.000228, 0.000212
2138, 0.000331, 0.000188, 0.000174
2139, 0.000331, 0.000214, 0.000197
2140, 0.000328, 0.000210, 0.000194
2141, 0.000329, 0.000187, 0.000172
2142, 0.000335, 0.000260, 0.000241
2143, 0.000343, 0.000184, 0.000170
2144, 0.000347, 0.000264, 0.000246
2145, 0.000346, 0.000188, 0.000175
2146, 0.000336, 0.000212, 0.000196
2147, 0.000326, 0.000218, 0.000203
2148, 0.000329, 0.000184, 0.000170
2149, 0.000333, 0.000238, 0.000220
2150, 0.000333, 0.000188, 0.000174
2151, 0.000334, 0.000208, 0.000192
2152, 0.000327, 0.000209, 0.000193
2153, 0.000327, 0.000185, 0.000171
2154, 0.000329, 0.000218, 0.000201
2155, 0.000328, 0.000192, 0.000177
2156, 0.000324, 0.000191, 0.000175
2157, 0.000326, 0.000222, 0.000206
2158, 0.000330, 0.000185, 0.000171
2159, 0.000331, 0.000218, 0.000202
2160, 0.000327, 0.000193, 0.000178
2161, 0.000325, 0.000194, 0.000179
2162, 0.000326, 0.000206, 0.000191
2163, 0.000325, 0.000188, 0.000173
2164, 0.000327, 0.000216, 0.000198
2165, 0.000327, 0.000192, 0.000177
2166, 0.000324, 0.000199, 0.000183
2167, 0.000323, 0.000215, 0.000198
2168, 0.000329, 0.000185, 0.000170
2169, 0.000329, 0.000228, 0.000210
2170, 0.000331, 0.000188, 0.000173
2171, 0.000328, 0.000207, 0.000191
2172, 0.000325, 0.000199, 0.000184
2173, 0.000323, 0.000197, 0.000183
2174, 0.000326, 0.000203, 0.000186
2175, 0.000327, 0.000197, 0.000182
2176, 0.000324, 0.000196, 0.000181
2177, 0.000325, 0.000206, 0.000189
2178, 0.000323, 0.000192, 0.000178
2179, 0.000324, 0.000209, 0.000192
2180, 0.000325, 0.000189, 0.000173
2181, 0.000323, 0.000207, 0.000190
2182, 0.000324, 0.000190, 0.000174
2183, 0.000323, 0.000200, 0.000183
2184, 0.000322, 0.000192, 0.000176
2185, 0.000323, 0.000203, 0.000187
2186, 0.000322, 0.000197, 0.000181
2187, 0.000319, 0.000196, 0.000181
2188, 0.000319, 0.000201, 0.000185
2189, 0.000321, 0.000190, 0.000175
2190, 0.000323, 0.000208, 0.000192
2191, 0.000322, 0.000192, 0.000177
2192, 0.000322, 0.000201, 0.000187
2193, 0.000323, 0.000203, 0.000186
2194, 0.000324, 0.000187, 0.000172
2195, 0.000322, 0.000211, 0.000195
2196, 0.000322, 0.000195, 0.000179
2197, 0.000320, 0.000203, 0.000187
2198, 0.000321, 0.000194, 0.000179
2199, 0.000322, 0.000197, 0.000181
2200, 0.000320, 0.000197, 0.000181
2201, 0.000321, 0.000198, 0.000183
2202, 0.000322, 0.000194, 0.000178
2203, 0.000320, 0.000205, 0.000188
2204, 0.000320, 0.000193, 0.000177
2205, 0.000320, 0.000200, 0.000183
2206, 0.000321, 0.000209, 0.000192
2207, 0.000320, 0.000185, 0.000169
2208, 0.000322, 0.000229, 0.000211
2209, 0.000324, 0.000185, 0.000170
2210, 0.000321, 0.000206, 0.000187
2211, 0.000320, 0.000203, 0.000186
2212, 0.000320, 0.000182, 0.000167
2213, 0.000326, 0.000230, 0.000211
2214, 0.000326, 0.000178, 0.000164
2215, 0.000324, 0.000216, 0.000199
2216, 0.000323, 0.000187, 0.000171
2217, 0.000319, 0.000192, 0.000177
2218, 0.000318, 0.000214, 0.000197
2219, 0.000320, 0.000182, 0.000166
2220, 0.000325, 0.000228, 0.000210
2221, 0.000324, 0.000184, 0.000168
2222, 0.000319, 0.000200, 0.000182
2223, 0.000318, 0.000210, 0.000193
2224, 0.000320, 0.000187, 0.000171
2225, 0.000319, 0.000209, 0.000192
2226, 0.000318, 0.000187, 0.000172
2227, 0.000318, 0.000195, 0.000178
2228, 0.000316, 0.000197, 0.000181
2229, 0.000318, 0.000188, 0.000172
2230, 0.000317, 0.000200, 0.000182
2231, 0.000318, 0.000199, 0.000182
2232, 0.000316, 0.000187, 0.000171
2233, 0.000318, 0.000209, 0.000192
2234, 0.000318, 0.000188, 0.000172
2235, 0.000316, 0.000196, 0.000180
2236, 0.000316, 0.000206, 0.000190
2237, 0.000316, 0.000184, 0.000168
2238, 0.000317, 0.000213, 0.000196
2239, 0.000318, 0.000183, 0.000168
2240, 0.000317, 0.000195, 0.000179
2241, 0.000316, 0.000202, 0.000186
2242, 0.000315, 0.000180, 0.000165
2243, 0.000316, 0.000212, 0.000195
2244, 0.000318, 0.000184, 0.000169
2245, 0.000318, 0.000200, 0.000182
2246, 0.000316, 0.000206, 0.000189
2247, 0.000315, 0.000182, 0.000166
2248, 0.000318, 0.000228, 0.000209
2249, 0.000321, 0.000179, 0.000165
2250, 0.000321, 0.000211, 0.000194
2251, 0.000315, 0.000187, 0.000171
2252, 0.000316, 0.000195, 0.000181
2253, 0.000314, 0.000203, 0.000188
2254, 0.000315, 0.000182, 0.000166
2255, 0.000314, 0.000212, 0.000196
2256, 0.000316, 0.000184, 0.000168
2257, 0.000315, 0.000201, 0.000184
2258, 0.000311, 0.000202, 0.000185
2259, 0.000313, 0.000188, 0.000171
2260, 0.000313, 0.000201, 0.000185
2261, 0.000313, 0.000195, 0.000179
2262, 0.000311, 0.000189, 0.000173
2263, 0.000315, 0.000202, 0.000186
2264, 0.000312, 0.000177, 0.000161
2265, 0.000317, 0.000228, 0.000210
2266, 0.000319, 0.000178, 0.000164
2267, 0.000317, 0.000205, 0.000188
2268, 0.000313, 0.000193, 0.000177
2269, 0.000311, 0.000181, 0.000167
2270, 0.000313, 0.000218, 0.000200
2271, 0.000316, 0.000182, 0.000166
2272, 0.000312, 0.000205, 0.000188
2273, 0.000312, 0.000191, 0.000174
2274, 0.000311, 0.000187, 0.000170
2275, 0.000309, 0.000192, 0.000176
2276, 0.000311, 0.000192, 0.000175
2277, 0.000311, 0.000192, 0.000176
2278, 0.000311, 0.000203, 0.000186
2279, 0.000313, 0.000183, 0.000167
2280, 0.000311, 0.000202, 0.000185
2281, 0.000312, 0.000192, 0.000175
2282, 0.000309, 0.000186, 0.000169
2283, 0.000310, 0.000216, 0.000200
2284, 0.000313, 0.000180, 0.000164
2285, 0.000315, 0.000218, 0.000201
2286, 0.000315, 0.000177, 0.000162
2287, 0.000314, 0.000205, 0.000188
2288, 0.000311, 0.000190, 0.000173
2289, 0.000310, 0.000187, 0.000171
2290, 0.000310, 0.000207, 0.000189
2291, 0.000310, 0.000183, 0.000167
2292, 0.000310, 0.000194, 0.000176
2293, 0.000309, 0.000196, 0.000179
2294, 0.000309, 0.000186, 0.000170
2295, 0.000307, 0.000208, 0.000190
2296, 0.000311, 0.000180, 0.000163
2297, 0.000310, 0.000207, 0.000190
2298, 0.000312, 0.000184, 0.000168
2299, 0.000308, 0.000191, 0.000174
2300, 0.000308, 0.000197, 0.000181
2301, 0.000308, 0.000181, 0.000166
2302, 0.000309, 0.000207, 0.000189
2303, 0.000309, 0.000185, 0.000169
2304, 0.000308, 0.000188, 0.000171
2305, 0.000307, 0.000203, 0.000185
2306, 0.000308, 0.000187, 0.000170
2307, 0.000307, 0.000190, 0.000173
2308, 0.000306, 0.000207, 0.000191
2309, 0.000309, 0.000176, 0.000161
2310, 0.000309, 0.000219, 0.000201
2311, 0.000312, 0.000172, 0.000157
2312, 0.000310, 0.000213, 0.000195
2313, 0.000311, 0.000180, 0.000164
2314, 0.000307, 0.000192, 0.000175
2315, 0.000306, 0.000203, 0.000185
2316, 0.000309, 0.000175, 0.000159
2317, 0.000311, 0.000218, 0.000200
2318, 0.000310, 0.000175, 0.000159
2319, 0.000309, 0.000211, 0.000194
2320, 0.000309, 0.000183, 0.000168
2321, 0.000308, 0.000192, 0.000176
2322, 0.000304, 0.000196, 0.000179
2323, 0.000305, 0.000182, 0.000165
2324, 0.000307, 0.000201, 0.000183
2325, 0.000306, 0.000191, 0.000173
2326, 0.000304, 0.000186, 0.000167
2327, 0.000304, 0.000199, 0.000181
2328, 0.000305, 0.000188, 0.000171
2329, 0.000302, 0.000180, 0.000164
2330, 0.000304, 0.000206, 0.000190
2331, 0.000307, 0.000172, 0.000156
2332, 0.000309, 0.000204, 0.000188
2333, 0.000305, 0.000187, 0.000171
2334, 0.000304, 0.000181, 0.000164
2335, 0.000304, 0.000224, 0.000204
2336, 0.000310, 0.000171, 0.000155
2337, 0.000313, 0.000225, 0.000205
2338, 0.000312, 0.000177, 0.000161
2339, 0.000305, 0.000192, 0.000175
2340, 0.000303, 0.000198, 0.000181
2341, 0.000302, 0.000173, 0.000158
2342, 0.000306, 0.000221, 0.000204
2343, 0.000309, 0.000169, 0.000154
2344, 0.000310, 0.000221, 0.000202
2345, 0.000308, 0.000175, 0.000158
2346, 0.000303, 0.000190, 0.000173
2347, 0.000301, 0.000204, 0.000186
2348, 0.000303, 0.000172, 0.000155
2349, 0.000305, 0.000216, 0.000197
2350, 0.000306, 0.000172, 0.000156
2351, 0.000305, 0.000207, 0.000188
2352, 0.000305, 0.000176, 0.000159
2353, 0.000305, 0.000198, 0.000180
2354, 0.000302, 0.000178, 0.000161
2355, 0.000301, 0.000193, 0.000175
2356, 0.000300, 0.000182, 0.000165
2357, 0.000300, 0.000186, 0.000168
2358, 0.000298, 0.000191, 0.000173
2359, 0.000300, 0.000191, 0.000173
2360, 0.000300, 0.000182, 0.000165
2361, 0.000301, 0.000207, 0.000188
2362, 0.000303, 0.000170, 0.000155
2363, 0.000305, 0.000219, 0.000200
2364, 0.000306, 0.000170, 0.000154
2365, 0.000301, 0.000195, 0.000177
2366, 0.000301, 0.000185, 0.000167
2367, 0.000299, 0.000178, 0.000161
2368, 0.000299, 0.000200, 0.000182
2369, 0.000300, 0.000176, 0.000159
2370, 0.000300, 0.000193, 0.000175
2371, 0.000299, 0.000184, 0.000167
2372, 0.000299, 0.000189, 0.000171
2373, 0.000298, 0.000187, 0.000168
2374, 0.000298, 0.000189, 0.000171
2375, 0.000299, 0.000192, 0.000173
2376, 0.000299, 0.000176, 0.000159
2377, 0.000299, 0.000208, 0.000190
2378, 0.000300, 0.000174, 0.000158
2379, 0.000300, 0.000197, 0.000180
2380, 0.000299, 0.000182, 0.000165
2381, 0.000298, 0.000186, 0.000170
2382, 0.000295, 0.000195, 0.000177
2383, 0.000297, 0.000176, 0.000159
2384, 0.000300, 0.000211, 0.000192
2385, 0.000300, 0.000175, 0.000158
2386, 0.000300, 0.000202, 0.000183
2387, 0.000299, 0.000177, 0.000160
2388, 0.000298, 0.000184, 0.000167
2389, 0.000296, 0.000204, 0.000187
2390, 0.000300, 0.000169, 0.000153
2391, 0.000302, 0.000224, 0.000206
2392, 0.000303, 0.000168, 0.000153
2393, 0.000302, 0.000210, 0.000191
2394, 0.000301, 0.000181, 0.000163
2395, 0.000296, 0.000182, 0.000166
2396, 0.000296, 0.000198, 0.000180
2397, 0.000296, 0.000173, 0.000157
2398, 0.000296, 0.000187, 0.000172
2399, 0.000299, 0.000186, 0.000170
2400, 0.000296, 0.000185, 0.000169
2401, 0.000295, 0.000192, 0.000175
2402, 0.000295, 0.000176, 0.000158
2403, 0.000297, 0.000209, 0.000190
2404, 0.000301, 0.000173, 0.000156
2405, 0.000296, 0.000197, 0.000180
2406, 0.000295, 0.000191, 0.000175
2407, 0.000295, 0.000178, 0.000161
2408, 0.000294, 0.000202, 0.000185
2409, 0.000296, 0.000171, 0.000156
2410, 0.000295, 0.000200, 0.000182
2411, 0.000297, 0.000180, 0.000164
2412, 0.000294, 0.000181, 0.000164
2413, 0.000295, 0.000199, 0.000181
2414, 0.000297, 0.000169, 0.000153
2415, 0.000296, 0.000204, 0.000187
2416, 0.000296, 0.000179, 0.000163
2417, 0.000294, 0.000190, 0.000173
2418, 0.000293, 0.000198, 0.000180
2419, 0.000292, 0.000170, 0.000153
2420, 0.000293, 0.000205, 0.000187
2421, 0.000294, 0.000178, 0.000160
2422, 0.000293, 0.000182, 0.000164
2423, 0.000293, 0.000202, 0.000183
2424, 0.000295, 0.000173, 0.000157
2425, 0.000293, 0.000192, 0.000175
2426, 0.000292, 0.000174, 0.000157
2427, 0.000294, 0.000200, 0.000182
2428, 0.000295, 0.000170, 0.000154
2429, 0.000293, 0.000200, 0.000181
2430, 0.000290, 0.000180, 0.000164
2431, 0.000291, 0.000181, 0.000164
2432, 0.000291, 0.000198, 0.000180
2433, 0.000292, 0.000171, 0.000155
2434, 0.000295, 0.000204, 0.000186
2435, 0.000294, 0.000179, 0.000162
2436, 0.000291, 0.000185, 0.000168
2437, 0.000290, 0.000186, 0.000169
2438, 0.000291, 0.000184, 0.000167
2439, 0.000291, 0.000181, 0.000164
2440, 0.000290, 0.000186, 0.000169
2441, 0.000292, 0.000184, 0.000167
2442, 0.000290, 0.000192, 0.000174
2443, 0.000292, 0.000176, 0.000160
2444, 0.000293, 0.000196, 0.000177
2445, 0.000291, 0.000181, 0.000162
2446, 0.000290, 0.000183, 0.000166
2447, 0.000291, 0.000191, 0.000174
2448, 0.000288, 0.000176, 0.000159
2449, 0.000291, 0.000196, 0.000178
2450, 0.000290, 0.000179, 0.000163
2451, 0.000289, 0.000186, 0.000169
2452, 0.000289, 0.000188, 0.000171
2453, 0.000290, 0.000173, 0.000157
2454, 0.000290, 0.000203, 0.000186
2455, 0.000290, 0.000171, 0.000154
2456, 0.000291, 0.000193, 0.000176
2457, 0.000288, 0.000187, 0.000171
2458, 0.000288, 0.000170, 0.000154
2459, 0.000291, 0.000211, 0.000193
2460, 0.000291, 0.000164, 0.000149
2461, 0.000294, 0.000216, 0.000197
2462, 0.000293, 0.000170, 0.000153
2463, 0.000288, 0.000183, 0.000166
2464, 0.000287, 0.000209, 0.000190
2465, 0.000290, 0.000162, 0.000146
2466, 0.000300, 0.000263, 0.000242
2467, 0.000308, 0.000158, 0.000144
2468, 0.000313, 0.000248, 0.000229
2469, 0.000306, 0.000160, 0.000145
2470, 0.000293, 0.000183, 0.000167
2471, 0.000286, 0.000211, 0.000192
2472, 0.000291, 0.000157, 0.000141
2473, 0.000300, 0.000250, 0.000229
2474, 0.000304, 0.000161, 0.000145
2475, 0.000297, 0.000201, 0.000182
2476, 0.000288, 0.000186, 0.000168
2477, 0.000286, 0.000166, 0.000149
2478, 0.000290, 0.000215, 0.000197
2479, 0.000291, 0.000164, 0.000148
2480, 0.000289, 0.000187, 0.000169
2481, 0.000286, 0.000188, 0.000171
2482, 0.000288, 0.000163, 0.000147
2483, 0.000290, 0.000206, 0.000187
2484, 0.000288, 0.000166, 0.000150
2485, 0.000287, 0.000181, 0.000164
2486, 0.000283, 0.000188, 0.000171
2487, 0.000283, 0.000168, 0.000152
2488, 0.000285, 0.000195, 0.000178
2489, 0.000286, 0.000169, 0.000153
2490, 0.000283, 0.000173, 0.000157
2491, 0.000283, 0.000196, 0.000180
2492, 0.000286, 0.000162, 0.000148
2493, 0.000287, 0.000200, 0.000182
2494, 0.000285, 0.000170, 0.000154
2495, 0.000281, 0.000170, 0.000154
2496, 0.000285, 0.000192, 0.000173
2497, 0.000285, 0.000166, 0.000150
2498, 0.000281, 0.000182, 0.000165
2499, 0.000284, 0.000179, 0.000161
2500, 0.000281, 0.000174, 0.000156
2501, 0.000285, 0.000186, 0.000169
2502, 0.000282, 0.000168, 0.000151
2503, 0.000283, 0.000194, 0.000176
2504, 0.000285, 0.000171, 0.000154
2505, 0.000283, 0.000184, 0.000166
2506, 0.000282, 0.000178, 0.000161
2507, 0.000283, 0.000175, 0.000157
2508, 0.000281, 0.000182, 0.000164
2509, 0.000281, 0.000172, 0.000156
2510, 0.000281, 0.000183, 0.000165
2511, 0.000282, 0.000181, 0.000164
2512, 0.000278, 0.000169, 0.000152
2513, 0.000282, 0.000189, 0.000171
2514, 0.000284, 0.000171, 0.000155
2515, 0.000281, 0.000178, 0.000161
2516, 0.000279, 0.000181, 0.000163
2517, 0.000280, 0.000170, 0.000154
2518, 0.000279, 0.000180, 0.000162
2519, 0.000279, 0.000177, 0.000160
2520, 0.000277, 0.000169, 0.000153
2521, 0.000278, 0.000199, 0.000181
2522, 0.000282, 0.000163, 0.000147
2523, 0.000281, 0.000187, 0.000169
2524, 0.000279, 0.000190, 0.000171
2525, 0.000279, 0.000159, 0.000142
2526, 0.000283, 0.000218, 0.000198
2527, 0.000286, 0.000161, 0.000145
2528, 0.000282, 0.000185, 0.000168
2529, 0.000278, 0.000181, 0.000163
2530, 0.000278, 0.000164, 0.000148
2531, 0.000279, 0.000196, 0.000178
2532, 0.000278, 0.000168, 0.000151
2533, 0.000279, 0.000183, 0.000165
2534, 0.000276, 0.000175, 0.000158
2535, 0.000276, 0.000176, 0.000159
2536, 0.000278, 0.000178, 0.000160
2537, 0.000278, 0.000185, 0.000167
2538, 0.000275, 0.000169, 0.000153
2539, 0.000277, 0.000193, 0.000175
2540, 0.000279, 0.000168, 0.000152
2541, 0.000277, 0.000178, 0.000161
2542, 0.000275, 0.000191, 0.000174
2543, 0.000277, 0.000160, 0.000144
2544, 0.000280, 0.000209, 0.000191
2545, 0.000281, 0.000157, 0.000142
2546, 0.000279, 0.000185, 0.000168
2547, 0.000276, 0.000176, 0.000159
2548, 0.000274, 0.000170, 0.000154
2549, 0.000275, 0.000181, 0.000163
2550, 0.000275, 0.000181, 0.000164
2551, 0.000274, 0.000166, 0.000149
2552, 0.000276, 0.000205, 0.000187
2553, 0.000280, 0.000156, 0.000139
2554, 0.000281, 0.000220, 0.000201
2555, 0.000283, 0.000157, 0.000141
2556, 0.000279, 0.000186, 0.000169
2557, 0.000275, 0.000181, 0.000165
2558, 0.000272, 0.000159, 0.000143
2559, 0.000276, 0.000205, 0.000187
2560, 0.000278, 0.000159, 0.000143
2561, 0.000274, 0.000189, 0.000171
2562, 0.000274, 0.000176, 0.000159
2563, 0.000271, 0.000162, 0.000145
2564, 0.000275, 0.000209, 0.000190
2565, 0.000276, 0.000155, 0.000140
2566, 0.000277, 0.000201, 0.000184
2567, 0.000276, 0.000166, 0.000150
2568, 0.000272, 0.000165, 0.000149
2569, 0.000273, 0.000200, 0.000182
2570, 0.000276, 0.000154, 0.000138
2571, 0.000279, 0.000208, 0.000189
2572, 0.000276, 0.000164, 0.000148
2573, 0.000273, 0.000176, 0.000159
2574, 0.000270, 0.000189, 0.000171
2575, 0.000272, 0.000158, 0.000142
2576, 0.000275, 0.000200, 0.000183
2577, 0.000275, 0.000159, 0.000144
2578, 0.000272, 0.000184, 0.000167
2579, 0.000271, 0.000175, 0.000158
2580, 0.000269, 0.000170, 0.000153
2581, 0.000270, 0.000178, 0.000160
2582, 0.000269, 0.000169, 0.000152
2583, 0.000267, 0.000176, 0.000158
2584, 0.000267, 0.000169, 0.000151
2585, 0.000268, 0.000174, 0.000157
2586, 0.000267, 0.000170, 0.000154
2587, 0.000269, 0.000183, 0.000167
2588, 0.000269, 0.000164, 0.000149
2589, 0.000270, 0.000193, 0.000176
2590, 0.000272, 0.000156, 0.000141
2591, 0.000271, 0.000200, 0.000181
2592, 0.000272, 0.000160, 0.000144
2593, 0.000269, 0.000179, 0.000162
2594, 0.000268, 0.000182, 0.000164
2595, 0.000269, 0.000160, 0.000143
2596, 0.000269, 0.000193, 0.000176
2597, 0.000270, 0.000159, 0.000143
2598, 0.000268, 0.000180, 0.000164
2599, 0.000267, 0.000175, 0.000158
2600, 0.000266, 0.000171, 0.000155
2601, 0.000268, 0.000179, 0.000162
2602, 0.000265, 0.000168, 0.000151
2603, 0.000266, 0.000174, 0.000157
2604, 0.000265, 0.000174, 0.000158
2605, 0.000268, 0.000174, 0.000158
2606, 0.000264, 0.000170, 0.000155
2607, 0.000266, 0.000165, 0.000150
2608, 0.000265, 0.000175, 0.000159
2609, 0.000263, 0.000167, 0.000151
2610, 0.000265, 0.000174, 0.000157
2611, 0.000265, 0.000175, 0.000158
2612, 0.000264, 0.000166, 0.000150
2613, 0.000265, 0.000185, 0.000168
2614, 0.000264, 0.000164, 0.000148
2615, 0.000265, 0.000182, 0.000165
2616, 0.000264, 0.000175, 0.000158
2617, 0.000263, 0.000164, 0.000148
2618, 0.000265, 0.000181, 0.000164
2619, 0.000263, 0.000163, 0.000146
2620, 0.000263, 0.000174, 0.000156
2621, 0.000263, 0.000169, 0.000151
2622, 0.000262, 0.000171, 0.000153
2623, 0.000263, 0.000177, 0.000161
2624, 0.000262, 0.000167, 0.000151
2625, 0.000263, 0.000183, 0.000165
2626, 0.000263, 0.000166, 0.000150
2627, 0.000265, 0.000178, 0.000160
2628, 0.000263, 0.000176, 0.000158
2629, 0.000263, 0.000164, 0.000148
2630, 0.000262, 0.000176, 0.000160
2631, 0.000262, 0.000162, 0.000147
2632, 0.000260, 0.000174, 0.000158
2633, 0.000261, 0.000166, 0.000150
2634, 0.000261, 0.000173, 0.000157
2635, 0.000261, 0.000168, 0.000151
2636, 0.000261, 0.000181, 0.000164
2637, 0.000258, 0.000166, 0.000149
2638, 0.000261, 0.000179, 0.000161
2639, 0.000260, 0.000169, 0.000152
2640, 0.000260, 0.000173, 0.000156
2641, 0.000258, 0.000167, 0.000151
2642, 0.000256, 0.000172, 0.000156
2643, 0.000259, 0.000169, 0.000154
2644, 0.000257, 0.000163, 0.000148
2645, 0.000260, 0.000184, 0.000169
2646, 0.000259, 0.000155, 0.000140
2647, 0.000262, 0.000203, 0.000186
2648, 0.000262, 0.000152, 0.000137
2649, 0.000262, 0.000195, 0.000176
2650, 0.000261, 0.000164, 0.000148
2651, 0.000257, 0.000164, 0.000147
2652, 0.000256, 0.000201, 0.000183
2653, 0.000261, 0.000146, 0.000131
2654, 0.000265, 0.000226, 0.000207
2655, 0.000268, 0.000143, 0.000128
2656, 0.000271, 0.000225, 0.000208
2657, 0.000270, 0.000143, 0.000129
2658, 0.000264, 0.000198, 0.000180
2659, 0.000260, 0.000170, 0.000155
2660, 0.000255, 0.000151, 0.000136
2661, 0.000258, 0.000215, 0.000197
2662, 0.000265, 0.000143, 0.000129
2663, 0.000265, 0.000216, 0.000198
2664, 0.000264, 0.000149, 0.000134
2665, 0.000259, 0.000178, 0.000161
2666, 0.000255, 0.000169, 0.000153
2667, 0.000253, 0.000160, 0.000144
2668, 0.000255, 0.000199, 0.000180
2669, 0.000258, 0.000142, 0.000129
2670, 0.000265, 0.000228, 0.000209
2671, 0.000268, 0.000143, 0.000128
2672, 0.000265, 0.000201, 0.000185
2673, 0.000258, 0.000159, 0.000144
2674, 0.000255, 0.000157, 0.000142
2675, 0.000255, 0.000202, 0.000187
2676, 0.000259, 0.000143, 0.000129
2677, 0.000259, 0.000192, 0.000176
2678, 0.000257, 0.000159, 0.000144
2679, 0.000253, 0.000158, 0.000142
2680, 0.000254, 0.000185, 0.000167
2681, 0.000254, 0.000144, 0.000129
2682, 0.000257, 0.000195, 0.000177
2683, 0.000259, 0.000149, 0.000135
2684, 0.000254, 0.000177, 0.000161
2685, 0.000251, 0.000168, 0.000153
2686, 0.000252, 0.000153, 0.000139
2687, 0.000253, 0.000184, 0.000167
2688, 0.000254, 0.000148, 0.000134
2689, 0.000250, 0.000179, 0.000164
2690, 0.000251, 0.000155, 0.000139
2691, 0.000251, 0.000166, 0.000150
2692, 0.000249, 0.000165, 0.000149
2693, 0.000252, 0.000154, 0.000138
2694, 0.000253, 0.000175, 0.000159
2695, 0.000251, 0.000153, 0.000138
2696, 0.000249, 0.000176, 0.000159
2697, 0.000249, 0.000155, 0.000140
2698, 0.000250, 0.000181, 0.000165
2699, 0.000248, 0.000151, 0.000136
2700, 0.000250, 0.000174, 0.000158
2701, 0.000248, 0.000155, 0.000139
2702, 0.000247, 0.000164, 0.000149
2703, 0.000247, 0.000162, 0.000147
2704, 0.000247, 0.000159, 0.000143
2705, 0.000246, 0.000157, 0.000142
2706, 0.000246, 0.000167, 0.000152
2707, 0.000247, 0.000157, 0.000142
2708, 0.000246, 0.000163, 0.000147
2709, 0.000246, 0.000166, 0.000150
2710, 0.000247, 0.000154, 0.000138
2711, 0.000249, 0.000188, 0.000170
2712, 0.000249, 0.000140, 0.000127
2713, 0.000254, 0.000214, 0.000197
2714, 0.000257, 0.000133, 0.000120
2715, 0.000258, 0.000211, 0.000196
2716, 0.000253, 0.000142, 0.000129
2717, 0.000247, 0.000166, 0.000152
2718, 0.000245, 0.000166, 0.000152
2719, 0.000245, 0.000139, 0.000126
2720, 0.000250, 0.000204, 0.000188
2721, 0.000252, 0.000138, 0.000124
2722, 0.000250, 0.000193, 0.000175
2723, 0.000248, 0.000153, 0.000138
2724, 0.000242, 0.000151, 0.000136
2725, 0.000244, 0.000194, 0.000177
2726, 0.000249, 0.000135, 0.000123
2727, 0.000254, 0.000213, 0.000197
2728, 0.000256, 0.000135, 0.000122
2729, 0.000253, 0.000184, 0.000168
2730, 0.000246, 0.000156, 0.000141
2731, 0.000241, 0.000143, 0.000128
2732, 0.000243, 0.000195, 0.000178
2733, 0.000249, 0.000139, 0.000125
2734, 0.000245, 0.000175, 0.000159
2735, 0.000242, 0.000158, 0.000144
2736, 0.000240, 0.000147, 0.000133
2737, 0.000241, 0.000173, 0.000158
2738, 0.000240, 0.000146, 0.000132
2739, 0.000240, 0.000164, 0.000149
2740, 0.000242, 0.000165, 0.000149
2741, 0.000242, 0.000148, 0.000133
2742, 0.000241, 0.000183, 0.000167
2743, 0.000242, 0.000142, 0.000127
2744, 0.000243, 0.000178, 0.000161
2745, 0.000242, 0.000153, 0.000138
2746, 0.000238, 0.000149, 0.000134
2747, 0.000239, 0.000188, 0.000172
2748, 0.000244, 0.000131, 0.000118
2749, 0.000248, 0.000204, 0.000187
2750, 0.000248, 0.000135, 0.000121
2751, 0.000243, 0.000161, 0.000146
2752, 0.000238, 0.000172, 0.000157
2753, 0.000240, 0.000131, 0.000118
2754, 0.000244, 0.000209, 0.000192
2755, 0.000249, 0.000130, 0.000117
2756, 0.000244, 0.000184, 0.000166
2757, 0.000241, 0.000148, 0.000133
2758, 0.000236, 0.000144, 0.000130
2759, 0.000237, 0.000189, 0.000173
2760, 0.000240, 0.000131, 0.000118
2761, 0.000245, 0.000201, 0.000186
2762, 0.000245, 0.000132, 0.000119
2763, 0.000242, 0.000177, 0.000163
2764, 0.000238, 0.000143, 0.000130
2765, 0.000236, 0.000155, 0.000141
2766, 0.000235, 0.000155, 0.000141
2767, 0.000234, 0.000148, 0.000134
2768, 0.000235, 0.000160, 0.000145
2769, 0.000236, 0.000147, 0.000132
2770, 0.000234, 0.000154, 0.000140
2771, 0.000233, 0.000151, 0.000136
2772, 0.000233, 0.000154, 0.000139
2773, 0.000233, 0.000147, 0.000133
2774, 0.000232, 0.000162, 0.000147
2775, 0.000233, 0.000147, 0.000133
2776, 0.000232, 0.000145, 0.000131
2777, 0.000233, 0.000169, 0.000154
2778, 0.000234, 0.000138, 0.000125
2779, 0.000235, 0.000164, 0.000150
2780, 0.000233, 0.000148, 0.000134
2781, 0.000233, 0.000146, 0.000132
2782, 0.000231, 0.000176, 0.000161
2783, 0.000238, 0.000131, 0.000119
2784, 0.000240, 0.000188, 0.000172
2785, 0.000238, 0.000141, 0.000127
2786, 0.000231, 0.000149, 0.000136
2787, 0.000232, 0.000169, 0.000153
2788, 0.000232, 0.000131, 0.000118
2789, 0.000234, 0.000188, 0.000172
2790, 0.000236, 0.000129, 0.000116
2791, 0.000238, 0.000184, 0.000169
2792, 0.000235, 0.000139, 0.000126
2793, 0.000231, 0.000151, 0.000137
2794, 0.000230, 0.000169, 0.000156
2795, 0.000231, 0.000126, 0.000114
2796, 0.000235, 0.000206, 0.000190
2797, 0.000243, 0.000122, 0.000111
2798, 0.000244, 0.000193, 0.000177
2799, 0.000236, 0.000131, 0.000118
2800, 0.000230, 0.000149, 0.000135
2801, 0.000227, 0.000165, 0.000150
2802, 0.000228, 0.000128, 0.000116
2803, 0.000230, 0.000183, 0.000168
2804, 0.000232, 0.000128, 0.000116
2805, 0.000232, 0.000166, 0.000152
2806, 0.000227, 0.000149, 0.000136
2807, 0.000226, 0.000133, 0.000121
2808, 0.000228, 0.000196, 0.000181
2809, 0.000233, 0.000125, 0.000113
2810, 0.000232, 0.000177, 0.000162
2811, 0.000230, 0.000145, 0.000131
2812, 0.000224, 0.000127, 0.000114
2813, 0.000229, 0.000195, 0.000181
2814, 0.000235, 0.000120, 0.000108
2815, 0.000235, 0.000175, 0.000161
2816, 0.000230, 0.000139, 0.000127
2817, 0.000226, 0.000132, 0.000119
2818, 0.000225, 0.000183, 0.000168
2819, 0.000231, 0.000125, 0.000114
2820, 0.000232, 0.000175, 0.000161
2821, 0.000226, 0.000141, 0.000127
2822, 0.000222, 0.000142, 0.000129
2823, 0.000221, 0.000160, 0.000146
2824, 0.000224, 0.000131, 0.000118
2825, 0.000224, 0.000163, 0.000149
2826, 0.000222, 0.000134, 0.000121
2827, 0.000223, 0.000144, 0.000130
2828, 0.000219, 0.000156, 0.000142
2829, 0.000220, 0.000126, 0.000114
2830, 0.000225, 0.000169, 0.000154
2831, 0.000222, 0.000133, 0.000120
2832, 0.000222, 0.000145, 0.000131
2833, 0.000220, 0.000168, 0.000153
2834, 0.000223, 0.000125, 0.000112
2835, 0.000227, 0.000182, 0.000167
2836, 0.000224, 0.000131, 0.000119
2837, 0.000220, 0.000137, 0.000124
2838, 0.000220, 0.000171, 0.000157
2839, 0.000221, 0.000121, 0.000110
2840, 0.000223, 0.000163, 0.000148
2841, 0.000221, 0.000138, 0.000124
2842, 0.000218, 0.000138, 0.000125
2843, 0.000218, 0.000158, 0.000142
2844, 0.000221, 0.000130, 0.000118
2845, 0.000220, 0.000158, 0.000145
2846, 0.000219, 0.000137, 0.000124
2847, 0.000219, 0.000138, 0.000125
2848, 0.000217, 0.000166, 0.000152
2849, 0.000220, 0.000128, 0.000115
2850, 0.000220, 0.000160, 0.000146
2851, 0.000218, 0.000136, 0.000123
2852, 0.000215, 0.000139, 0.000125
2853, 0.000218, 0.000168, 0.000155
2854, 0.000220, 0.000118, 0.000107
2855, 0.000221, 0.000187, 0.000173
2856, 0.000224, 0.000121, 0.000111
2857, 0.000224, 0.000159, 0.000147
2858, 0.000217, 0.000142, 0.000130
2859, 0.000212, 0.000126, 0.000115
2860, 0.000218, 0.000175, 0.000162
2861, 0.000218, 0.000124, 0.000113
2862, 0.000217, 0.000155, 0.000143
2863, 0.000215, 0.000146, 0.000134
2864, 0.000214, 0.000128, 0.000116
2865, 0.000214, 0.000158, 0.000146
2866, 0.000215, 0.000126, 0.000115
2867, 0.000217, 0.000158, 0.000145
2868, 0.000216, 0.000126, 0.000113
2869, 0.000214, 0.000155, 0.000142
2870, 0.000213, 0.000131, 0.000118
2871, 0.000211, 0.000153, 0.000139
2872, 0.000211, 0.000129, 0.000117
2873, 0.000212, 0.000158, 0.000145
2874, 0.000211, 0.000126, 0.000114
2875, 0.000213, 0.000163, 0.000151
2876, 0.000213, 0.000124, 0.000112
2877, 0.000211, 0.000153, 0.000141
2878, 0.000210, 0.000138, 0.000126
2879, 0.000209, 0.000134, 0.000122
2880, 0.000210, 0.000145, 0.000134
2881, 0.000209, 0.000135, 0.000123
2882, 0.000208, 0.000136, 0.000124
2883, 0.000209, 0.000148, 0.000136
2884, 0.000208, 0.000131, 0.000119
2885, 0.000210, 0.000153, 0.000140
2886, 0.000209, 0.000130, 0.000118
2887, 0.000208, 0.000148, 0.000135
2888, 0.000207, 0.000137, 0.000126
2889, 0.000207, 0.000133, 0.000122
2890, 0.000207, 0.000158, 0.000145
2891, 0.000209, 0.000115, 0.000105
2892, 0.000213, 0.000181, 0.000167
2893, 0.000213, 0.000116, 0.000106
2894, 0.000212, 0.000157, 0.000145
2895, 0.000208, 0.000127, 0.000116
2896, 0.000206, 0.000152, 0.000140
2897, 0.000207, 0.000125, 0.000114
2898, 0.000206, 0.000155, 0.000143
2899, 0.000205, 0.000129, 0.000119
2900, 0.000206, 0.000143, 0.000131
2901, 0.000206, 0.000141, 0.000129
2902, 0.000205, 0.000129, 0.000118
2903, 0.000208, 0.000158, 0.000144
2904, 0.000207, 0.000126, 0.000114
2905, 0.000206, 0.000149, 0.000137
2906, 0.000206, 0.000127, 0.000115
2907, 0.000204, 0.000143, 0.000131
2908, 0.000203, 0.000138, 0.000128
2909, 0.000202, 0.000137, 0.000126
2910, 0.000204, 0.000150, 0.000140
2911, 0.000203, 0.000122, 0.000113
2912, 0.000204, 0.000169, 0.000157
2913, 0.000206, 0.000111, 0.000101
2914, 0.000210, 0.000185, 0.000174
2915, 0.000211, 0.000107, 0.000097
2916, 0.000210, 0.000175, 0.000163
2917, 0.000208, 0.000113, 0.000104
2918, 0.000207, 0.000163, 0.000152
2919, 0.000203, 0.000119, 0.000109
2920, 0.000203, 0.000140, 0.000129
2921, 0.000201, 0.000151, 0.000139
2922, 0.000200, 0.000115, 0.000104
2923, 0.000205, 0.000185, 0.000172
2924, 0.000209, 0.000106, 0.000096
2925, 0.000209, 0.000174, 0.000161
2926, 0.000204, 0.000121, 0.000111
2927, 0.000200, 0.000134, 0.000123
2928, 0.000198, 0.000158, 0.000146
2929, 0.000202, 0.000106, 0.000097
2930, 0.000210, 0.000214, 0.000200
2931, 0.000220, 0.000101, 0.000092
2932, 0.000237, 0.000271, 0.000258
2933, 0.000245, 0.000104, 0.000094
2934, 0.000234, 0.000201, 0.000189
2935, 0.000214, 0.000118, 0.000110
2936, 0.000205, 0.000118, 0.000108
2937, 0.000199, 0.000191, 0.000179
2938, 0.000211, 0.000101, 0.000094
2939, 0.000223, 0.000197, 0.000185
2940, 0.000214, 0.000114, 0.000104
2941, 0.000198, 0.000116, 0.000107
2942, 0.000201, 0.000182, 0.000170
2943, 0.000206, 0.000102, 0.000093
2944, 0.000210, 0.000157, 0.000148
2945, 0.000202, 0.000132, 0.000122
2946, 0.000197, 0.000104, 0.000094
2947, 0.000205, 0.000187, 0.000177
2948, 0.000215, 0.000099, 0.000089
2949, 0.000209, 0.000159, 0.000147
2950, 0.000203, 0.000121, 0.000112
2951, 0.000195, 0.000116, 0.000106
2952, 0.000196, 0.000150, 0.000139
2953, 0.000196, 0.000113, 0.000104
2954, 0.000198, 0.000138, 0.000127
2955, 0.000193, 0.000131, 0.000120
2956, 0.000195, 0.000108, 0.000098
2957, 0.000197, 0.000156, 0.000143
2958, 0.000197, 0.000112, 0.000101
2959, 0.000197, 0.000125, 0.000115
2960, 0.000192, 0.000146, 0.000135
2961, 0.000195, 0.000101, 0.000092
2962, 0.000201, 0.000164, 0.000153
2963, 0.000201, 0.000107, 0.000097
2964, 0.000193, 0.000129, 0.000118
2965, 0.000193, 0.000149, 0.000138
2966, 0.000195, 0.000099, 0.000091
2967, 0.000202, 0.000175, 0.000164
2968, 0.000203, 0.000103, 0.000094
2969, 0.000197, 0.000123, 0.000113
2970, 0.000190, 0.000147, 0.000136
2971, 0.000193, 0.000099, 0.000090
2972, 0.000197, 0.000151, 0.000140
2973, 0.000195, 0.000113, 0.000103
2974, 0.000193, 0.000122, 0.000112
2975, 0.000189, 0.000127, 0.000118
2976, 0.000188, 0.000115, 0.000106
2977, 0.000189, 0.000137, 0.000127
2978, 0.000189, 0.000107, 0.000098
2979, 0.000190, 0.000139, 0.000129
2980, 0.000190, 0.000118, 0.000108
2981, 0.000188, 0.000108, 0.000099
2982, 0.000189, 0.000155, 0.000144
2983, 0.000192, 0.000101, 0.000092
2984, 0.000192, 0.000132, 0.000122
2985, 0.000189, 0.000122, 0.000111
2986, 0.000187, 0.000111, 0.000101
2987, 0.000186, 0.000138, 0.000127
2988, 0.000189, 0.000113, 0.000102
2989, 0.000185, 0.000125, 0.000113
2990, 0.000186, 0.000122, 0.000111
2991, 0.000184, 0.000118, 0.000108
2992, 0.000186, 0.000118, 0.000109
2993, 0.000185, 0.000127, 0.000117
2994, 0.000185, 0.000116, 0.000107
2995, 0.000186, 0.000127, 0.000117
2996, 0.000186, 0.000112, 0.000102
2997, 0.000185, 0.000131, 0.000121
2998, 0.000185, 0.000119, 0.000109
2999, 0.000183, 0.000116, 0.000107
3000, 0.000183, 0.000141, 0.000130
3001, 0.000187, 0.000101, 0.000092
3002, 0.000189, 0.000152, 0.000141
3003, 0.000186, 0.000118, 0.000109
3004, 0.000183, 0.000107, 0.000099
3005, 0.000185, 0.000173, 0.000163
3006, 0.000194, 0.000092, 0.000085
3007, 0.000200, 0.000170, 0.000159
3008, 0.000194, 0.000104, 0.000095
3009, 0.000185, 0.000119, 0.000110
3010, 0.000183, 0.000139, 0.000130
3011, 0.000183, 0.000101, 0.000092
3012, 0.000182, 0.000137, 0.000128
3013, 0.000183, 0.000113, 0.000104
3014, 0.000181, 0.000119, 0.000109
3015, 0.000180, 0.000131, 0.000121
3016, 0.000182, 0.000109, 0.000099
3017, 0.000182, 0.000137, 0.000126
3018, 0.000183, 0.000105, 0.000096
3019, 0.000182, 0.000123, 0.000114
3020, 0.000180, 0.000132, 0.000122
3021, 0.000182, 0.000101, 0.000094
3022, 0.000183, 0.000151, 0.000142
3023, 0.000184, 0.000098, 0.000090
3024, 0.000185, 0.000136, 0.000129
3025, 0.000181, 0.000114, 0.000106
3026, 0.000180, 0.000118, 0.000110
3027, 0.000179, 0.000121, 0.000113
3028, 0.000178, 0.000111, 0.000103
3029, 0.000178, 0.000133, 0.000124
3030, 0.000180, 0.000112, 0.000104
3031, 0.000179, 0.000124, 0.000114
3032, 0.000177, 0.000121, 0.000110
3033, 0.000179, 0.000113, 0.000105
3034, 0.000180, 0.000132, 0.000121
3035, 0.000177, 0.000112, 0.000103
3036, 0.000178, 0.000120, 0.000111
3037, 0.000177, 0.000123, 0.000115
3038, 0.000177, 0.000109, 0.000100
3039, 0.000176, 0.000123, 0.000115
3040, 0.000177, 0.000113, 0.000105
3041, 0.000175, 0.000114, 0.000106
3042, 0.000178, 0.000132, 0.000125
3043, 0.000178, 0.000102, 0.000094
3044, 0.000176, 0.000138, 0.000129
3045, 0.000178, 0.000109, 0.000101
3046, 0.000175, 0.000116, 0.000108
3047, 0.000175, 0.000134, 0.000123
3048, 0.000176, 0.000099, 0.000091
3049, 0.000177, 0.000145, 0.000136
3050, 0.000178, 0.000099, 0.000092
3051, 0.000179, 0.000137, 0.000129
3052, 0.000175, 0.000116, 0.000108
3053, 0.000174, 0.000101, 0.000093
3054, 0.000174, 0.000163, 0.000154
3055, 0.000181, 0.000089, 0.000082
3056, 0.000182, 0.000165, 0.000155
3057, 0.000182, 0.000100, 0.000093
3058, 0.000174, 0.000118, 0.000111
3059, 0.000174, 0.000134, 0.000125
3060, 0.000175, 0.000095, 0.000088
3061, 0.000176, 0.000159, 0.000151
3062, 0.000179, 0.000093, 0.000085
3063, 0.000179, 0.000151, 0.000141
3064, 0.000176, 0.000102, 0.000094
3065, 0.000175, 0.000109, 0.000101
3066, 0.000174, 0.000144, 0.000136
3067, 0.000175, 0.000090, 0.000084
3068, 0.000176, 0.000151, 0.000141
3069, 0.000176, 0.000103, 0.000096
3070, 0.000173, 0.000123, 0.000115
3071, 0.000169, 0.000123, 0.000114
3072, 0.000172, 0.000096, 0.000089
3073, 0.000176, 0.000160, 0.000152
3074, 0.000176, 0.000086, 0.000079
3075, 0.000180, 0.000168, 0.000160
3076, 0.000179, 0.000093, 0.000087
3077, 0.000174, 0.000122, 0.000113
3078, 0.000171, 0.000129, 0.000120
3079, 0.000171, 0.000087, 0.000080
3080, 0.000177, 0.000183, 0.000172
3081, 0.000186, 0.000081, 0.000076
3082, 0.000186, 0.000169, 0.000159
3083, 0.000177, 0.000095, 0.000088
3084, 0.000171, 0.000115, 0.000107
3085, 0.000168, 0.000133, 0.000124
3086, 0.000170, 0.000092, 0.000085
3087, 0.000171, 0.000135, 0.000127
3088, 0.000169, 0.000102, 0.000094
3089, 0.000169, 0.000116, 0.000109
3090, 0.000166, 0.000117, 0.000110
3091, 0.000168, 0.000098, 0.000090
3092, 0.000170, 0.000141, 0.000135
3093, 0.000171, 0.000089, 0.000082
3094, 0.000171, 0.000148, 0.000139
3095, 0.000173, 0.000099, 0.000092
3096, 0.000170, 0.000111, 0.000102
3097, 0.000166, 0.000132, 0.000123
3098, 0.000168, 0.000092, 0.000085
3099, 0.000169, 0.000143, 0.000133
3100, 0.000171, 0.000094, 0.000087
3101, 0.000169, 0.000130, 0.000121
3102, 0.000166, 0.000105, 0.000097
3103, 0.000164, 0.000111, 0.000106
3104, 0.000168, 0.000131, 0.000123
3105, 0.000167, 0.000091, 0.000085
3106, 0.000167, 0.000149, 0.000142
3107, 0.000170, 0.000093, 0.000086
3108, 0.000171, 0.000135, 0.000128
3109, 0.000166, 0.000101, 0.000095
3110, 0.000163, 0.000108, 0.000100
3111, 0.000166, 0.000131, 0.000124
3112, 0.000170, 0.000087, 0.000080
3113, 0.000169, 0.000166, 0.000156
3114, 0.000172, 0.000086, 0.000081
3115, 0.000175, 0.000147, 0.000139
3116, 0.000168, 0.000093, 0.000087
3117, 0.000164, 0.000119, 0.000114
3118, 0.000164, 0.000107, 0.000100
3119, 0.000163, 0.000100, 0.000094
3120, 0.000163, 0.000127, 0.000120
3121, 0.000165, 0.000092, 0.000084
3122, 0.000167, 0.000140, 0.000131
3123, 0.000167, 0.000093, 0.000086
3124, 0.000164, 0.000120, 0.000111
3125, 0.000162, 0.000108, 0.000101
3126, 0.000162, 0.000102, 0.000096
3127, 0.000161, 0.000126, 0.000118
3128, 0.000162, 0.000097, 0.000091
3129, 0.000163, 0.000128, 0.000121
3130, 0.000163, 0.000093, 0.000087
3131, 0.000162, 0.000123, 0.000116
3132, 0.000161, 0.000105, 0.000097
3133, 0.000160, 0.000101, 0.000093
3134, 0.000161, 0.000130, 0.000122
3135, 0.000161, 0.000084, 0.000078
3136, 0.000163, 0.000138, 0.000130
3137, 0.000164, 0.000093, 0.000087
3138, 0.000161, 0.000113, 0.000106
3139, 0.000160, 0.000115, 0.000108
3140, 0.000159, 0.000095, 0.000088
3141, 0.000159, 0.000124, 0.000115
3142, 0.000160, 0.000100, 0.000093
3143, 0.000160, 0.000113, 0.000105
3144, 0.000157, 0.000107, 0.000100
3145, 0.000158, 0.000112, 0.000105
3146, 0.000157, 0.000098, 0.000091
3147, 0.000158, 0.000126, 0.000120
3148, 0.000157, 0.000091, 0.000085
3149, 0.000160, 0.000121, 0.000115
3150, 0.000158, 0.000100, 0.000094
3151, 0.000159, 0.000104, 0.000098
3152, 0.000156, 0.000115, 0.000107
3153, 0.000157, 0.000095, 0.000089
3154, 0.000158, 0.000134, 0.000127
3155, 0.000158, 0.000083, 0.000078
3156, 0.000159, 0.000139, 0.000132
3157, 0.000159, 0.000090, 0.000083
3158, 0.000161, 0.000123, 0.000116
3159, 0.000157, 0.000091, 0.000085
3160, 0.000158, 0.000121, 0.000115
3161, 0.000156, 0.000095, 0.000089
3162, 0.000156, 0.000112, 0.000106
3163, 0.000155, 0.000118, 0.000112
3164, 0.000156, 0.000084, 0.000078
3165, 0.000161, 0.000170, 0.000164
3166, 0.000170, 0.000073, 0.000068
3167, 0.000179, 0.000215, 0.000209
3168, 0.000187, 0.000071, 0.000067
3169, 0.000184, 0.000187, 0.000180
3170, 0.000176, 0.000074, 0.000069
3171, 0.000165, 0.000125, 0.000118
3172, 0.000155, 0.000109, 0.000102
3173, 0.000154, 0.000084, 0.000079
3174, 0.000157, 0.000136, 0.000130
3175, 0.000157, 0.000089, 0.000085
3176, 0.000153, 0.000097, 0.000092
3177, 0.000153, 0.000118, 0.000112
3178, 0.000155, 0.000089, 0.000083
3179, 0.000156, 0.000121, 0.000115
3180, 0.000156, 0.000084, 0.000078
3181, 0.000155, 0.000127, 0.000120
3182, 0.000156, 0.000089, 0.000084
3183, 0.000153, 0.000102, 0.000096
3184, 0.000152, 0.000113, 0.000108
3185, 0.000153, 0.000088, 0.000082
3186, 0.000154, 0.000135, 0.000129
3187, 0.000155, 0.000084, 0.000079
3188, 0.000154, 0.000109, 0.000103
3189, 0.000151, 0.000118, 0.000112
3190, 0.000151, 0.000082, 0.000077
3191, 0.000155, 0.000134, 0.000128
3192, 0.000155, 0.000078, 0.000074
3193, 0.000155, 0.000125, 0.000120
3194, 0.000155, 0.000082, 0.000077
3195, 0.000155, 0.000118, 0.000112
3196, 0.000153, 0.000101, 0.000096
3197, 0.000152, 0.000087, 0.000082
3198, 0.000153, 0.000142, 0.000136
3199, 0.000157, 0.000077, 0.000071
3200, 0.000159, 0.000142, 0.000135
3201, 0.000154, 0.000085, 0.000080
3202, 0.000150, 0.000096, 0.000090
3203, 0.000149, 0.000124, 0.000119
3204, 0.000152, 0.000074, 0.000069
3205, 0.000157, 0.000155, 0.000149
3206, 0.000161, 0.000074, 0.000070
3207, 0.000160, 0.000137, 0.000131
3208, 0.000155, 0.000089, 0.000084
3209, 0.000149, 0.000090, 0.000085
3210, 0.000148, 0.000133, 0.000128
3211, 0.000154, 0.000073, 0.000069
3212, 0.000157, 0.000151, 0.000145
3213, 0.000159, 0.000075, 0.000070
3214, 0.000156, 0.000118, 0.000113
3215, 0.000150, 0.000097, 0.000093
3216, 0.000147, 0.000090, 0.000085
3217, 0.000148, 0.000123, 0.000119
3218, 0.000152, 0.000076, 0.000072
3219, 0.000151, 0.000127, 0.000121
3220, 0.000152, 0.000086, 0.000082
3221, 0.000148, 0.000105, 0.000099
3222, 0.000148, 0.000112, 0.000107
3223, 0.000147, 0.000082, 0.000077
3224, 0.000148, 0.000123, 0.000117
3225, 0.000150, 0.000083, 0.000080
3226, 0.000152, 0.000126, 0.000120
3227, 0.000150, 0.000079, 0.000074
3228, 0.000149, 0.000125, 0.000120
3229, 0.000150, 0.000082, 0.000076
3230, 0.000149, 0.000103, 0.000098
3231, 0.000146, 0.000106, 0.000102
3232, 0.000144, 0.000082, 0.000078
3233, 0.000146, 0.000123, 0.000118
3234, 0.000149, 0.000082, 0.000079
3235, 0.000147, 0.000107, 0.000103
3236, 0.000146, 0.000094, 0.000090
3237, 0.000146, 0.000093, 0.000088
3238, 0.000145, 0.000106, 0.000101
3239, 0.000145, 0.000092, 0.000087
3240, 0.000144, 0.000097, 0.000092
3241, 0.000144, 0.000104, 0.000098
3242, 0.000145, 0.000088, 0.000083
3243, 0.000144, 0.000115, 0.000110
3244, 0.000147, 0.000075, 0.000070
3245, 0.000150, 0.000148, 0.000143
3246, 0.000156, 0.000068, 0.000063
3247, 0.000159, 0.000157, 0.000151
3248, 0.000158, 0.000071, 0.000067
3249, 0.000151, 0.000124, 0.000119
3250, 0.000147, 0.000100, 0.000097
3251, 0.000145, 0.000082, 0.000079
3252, 0.000144, 0.000132, 0.000128
3253, 0.000148, 0.000072, 0.000070
3254, 0.000152, 0.000136, 0.000131
3255, 0.000150, 0.000076, 0.000072
3256, 0.000147, 0.000106, 0.000102
3257, 0.000143, 0.000094, 0.000089
3258, 0.000144, 0.000088, 0.000085
3259, 0.000145, 0.000124, 0.000119
3260, 0.000147, 0.000070, 0.000066
3261, 0.000152, 0.000170, 0.000165
3262, 0.000161, 0.000068, 0.000063
3263, 0.000165, 0.000168, 0.000162
3264, 0.000161, 0.000069, 0.000065
3265, 0.000152, 0.000124, 0.000118
3266, 0.000148, 0.000091, 0.000088
3267, 0.000144, 0.000087, 0.000083
3268, 0.000143, 0.000112, 0.000107
3269, 0.000143, 0.000073, 0.000070
3270, 0.000147, 0.000126, 0.000121
3271, 0.000146, 0.000076, 0.000072
3272, 0.000143, 0.000107, 0.000104
3273, 0.000143, 0.000110, 0.000105
3274, 0.000143, 0.000067, 0.000064
3275, 0.000150, 0.000163, 0.000160
3276, 0.000160, 0.000066, 0.000061
3277, 0.000164, 0.000155, 0.000151
3278, 0.000156, 0.000072, 0.000069
3279, 0.000146, 0.000104, 0.000098
3280, 0.000142, 0.000110, 0.000106
3281, 0.000144, 0.000070, 0.000066
3282, 0.000147, 0.000147, 0.000141
3283, 0.000152, 0.000067, 0.000064
3284, 0.000155, 0.000139, 0.000132
3285, 0.000151, 0.000078, 0.000075
3286, 0.000143, 0.000092, 0.000088
3287, 0.000139, 0.000115, 0.000109
3288, 0.000145, 0.000072, 0.000070
3289, 0.000149, 0.000132, 0.000128
3290, 0.000148, 0.000073, 0.000068
3291, 0.000146, 0.000107, 0.000104
3292, 0.000144, 0.000098, 0.000093
3293, 0.000139, 0.000073, 0.000068
3294, 0.000142, 0.000126, 0.000121
3295, 0.000146, 0.000073, 0.000068
3296, 0.000145, 0.000116, 0.000110
3297, 0.000142, 0.000076, 0.000072
3298, 0.000140, 0.000101, 0.000097
3299, 0.000139, 0.000086, 0.000083
3300, 0.000138, 0.000080, 0.000077
3301, 0.000138, 0.000123, 0.000118
3302, 0.000144, 0.000066, 0.000063
3303, 0.000149, 0.000138, 0.000132
3304, 0.000148, 0.000073, 0.000068
3305, 0.000141, 0.000092, 0.000088
3306, 0.000138, 0.000106, 0.000101
3307, 0.000139, 0.000066, 0.000062
3308, 0.000145, 0.000148, 0.000144
3309, 0.000151, 0.000068, 0.000063
3310, 0.000150, 0.000121, 0.000117
3311, 0.000142, 0.000074, 0.000070
3312, 0.000138, 0.000095, 0.000089
3313, 0.000137, 0.000098, 0.000094
3314, 0.000136, 0.000081, 0.000076
3315, 0.000138, 0.000107, 0.000102
3316, 0.000138, 0.000077, 0.000074
3317, 0.000137, 0.000094, 0.000090
3318, 0.000136, 0.000089, 0.000086
3319, 0.000136, 0.000082, 0.000079
3320, 0.000136, 0.000117, 0.000113
3321, 0.000138, 0.000071, 0.000068
3322, 0.000139, 0.000105, 0.000101
3323, 0.000137, 0.000085, 0.000081
3324, 0.000134, 0.000081, 0.000078
3325, 0.000136, 0.000111, 0.000106
3326, 0.000138, 0.000068, 0.000064
3327, 0.000139, 0.000123, 0.000119
3328, 0.000141, 0.000073, 0.000069
3329, 0.000138, 0.000101, 0.000096
3330, 0.000135, 0.000085, 0.000081
3331, 0.000134, 0.000085, 0.000081
3332, 0.000135, 0.000104, 0.000100
3333, 0.000136, 0.000072, 0.000069
3334, 0.000139, 0.000114, 0.000108
3335, 0.000138, 0.000073, 0.000069
3336, 0.000136, 0.000106, 0.000101
3337, 0.000135, 0.000085, 0.000081
3338, 0.000132, 0.000083, 0.000080
3339, 0.000134, 0.000110, 0.000106
3340, 0.000134, 0.000071, 0.000069
3341, 0.000137, 0.000119, 0.000116
3342, 0.000139, 0.000069, 0.000066
3343, 0.000136, 0.000104, 0.000100
3344, 0.000134, 0.000084, 0.000079
3345, 0.000133, 0.000078, 0.000074
3346, 0.000133, 0.000108, 0.000105
3347, 0.000135, 0.000074, 0.000071
3348, 0.000134, 0.000109, 0.000106
3349, 0.000135, 0.000073, 0.000071
3350, 0.000136, 0.000112, 0.000108
3351, 0.000136, 0.000079, 0.000076
3352, 0.000133, 0.000094, 0.000090
3353, 0.000133, 0.000095, 0.000089
3354, 0.000133, 0.000076, 0.000072
3355, 0.000134, 0.000113, 0.000108
3356, 0.000136, 0.000070, 0.000066
3357, 0.000136, 0.000117, 0.000114
3358, 0.000139, 0.000074, 0.000070
3359, 0.000134, 0.000097, 0.000093
3360, 0.000132, 0.000092, 0.000090
3361, 0.000132, 0.000076, 0.000072
3362, 0.000134, 0.000103, 0.000101
3363, 0.000133, 0.000074, 0.000072
3364, 0.000133, 0.000096, 0.000093
3365, 0.000134, 0.000090, 0.000088
3366, 0.000133, 0.000075, 0.000072
3367, 0.000133, 0.000120, 0.000116
3368, 0.000136, 0.000067, 0.000065
3369, 0.000138, 0.000123, 0.000118
3370, 0.000136, 0.000068, 0.000065
3371, 0.000133, 0.000093, 0.000090
3372, 0.000131, 0.000090, 0.000087
3373, 0.000131, 0.000072, 0.000070
3374, 0.000133, 0.000117, 0.000114
3375, 0.000133, 0.000070, 0.000068
3376, 0.000134, 0.000111, 0.000107
3377, 0.000133, 0.000072, 0.000068
3378, 0.000134, 0.000107, 0.000102
3379, 0.000134, 0.000080, 0.000076
3380, 0.000130, 0.000089, 0.000085
3381, 0.000130, 0.000087, 0.000083
3382, 0.000131, 0.000080, 0.000077
3383, 0.000129, 0.000086, 0.000084
3384, 0.000130, 0.000083, 0.000080
3385, 0.000127, 0.000084, 0.000080
3386, 0.000129, 0.000093, 0.000088
3387, 0.000129, 0.000079, 0.000074
3388, 0.000129, 0.000110, 0.000106
3389, 0.000132, 0.000073, 0.000069
3390, 0.000132, 0.000100, 0.000097
3391, 0.000129, 0.000074, 0.000071
3392, 0.000129, 0.000090, 0.000086
3393, 0.000129, 0.000088, 0.000086
3394, 0.000133, 0.000091, 0.000085
3395, 0.000131, 0.000081, 0.000076
3396, 0.000128, 0.000098, 0.000095
3397, 0.000129, 0.000080, 0.000076
3398, 0.000132, 0.000099, 0.000097
3399, 0.000130, 0.000080, 0.000077
3400, 0.000128, 0.000087, 0.000084
3401, 0.000129, 0.000095, 0.000095
3402, 0.000133, 0.000082, 0.000078
3403, 0.000129, 0.000103, 0.000099
3404, 0.000129, 0.000068, 0.000067
3405, 0.000141, 0.000152, 0.000146
3406, 0.000148, 0.000064, 0.000061
3407, 0.000157, 0.000210, 0.000204
3408, 0.000171, 0.000071, 0.000065
3409, 0.000182, 0.000214, 0.000211
3410, 0.000178, 0.000059, 0.000056
3411, 0.000158, 0.000137, 0.000132
3412, 0.000142, 0.000070, 0.000068
3413, 0.000132, 0.000078, 0.000074
3414, 0.000128, 0.000115, 0.000110
3415, 0.000134, 0.000064, 0.000062
3416, 0.000138, 0.000128, 0.000123
3417, 0.000138, 0.000069, 0.000067
3418, 0.000131, 0.000086, 0.000083
3419, 0.000128, 0.000090, 0.000086
3420, 0.000127, 0.000071, 0.000068
3421, 0.000128, 0.000099, 0.000095
3422, 0.000130, 0.000062, 0.000059
3423, 0.000132, 0.000112, 0.000109
3424, 0.000131, 0.000072, 0.000069
3425, 0.000129, 0.000084, 0.000080
3426, 0.000127, 0.000095, 0.000092
3427, 0.000128, 0.000067, 0.000063
3428, 0.000131, 0.000110, 0.000105
3429, 0.000130, 0.000062, 0.000059
3430, 0.000131, 0.000102, 0.000098
3431, 0.000129, 0.000073, 0.000071
3432, 0.000125, 0.000078, 0.000075
3433, 0.000124, 0.000086, 0.000083
3434, 0.000126, 0.000068, 0.000066
3435, 0.000127, 0.000092, 0.000090
3436, 0.000126, 0.000072, 0.000069
3437, 0.000124, 0.000085, 0.000083
3438, 0.000125, 0.000079, 0.000076
3439, 0.000124, 0.000074, 0.000070
3440, 0.000127, 0.000092, 0.000088
3441, 0.000125, 0.000071, 0.000068
3442, 0.000126, 0.000097, 0.000090
3443, 0.000128, 0.000075, 0.000071
3444, 0.000125, 0.000081, 0.000076
3445, 0.000125, 0.000091, 0.000086
3446, 0.000125, 0.000070, 0.000067
3447, 0.000124, 0.000088, 0.000084
3448, 0.000124, 0.000078, 0.000074
3449, 0.000124, 0.000079, 0.000076
3450, 0.000123, 0.000079, 0.000076
3451, 0.000123, 0.000080, 0.000077
3452, 0.000123, 0.000076, 0.000073
3453, 0.000123, 0.000085, 0.000082
3454, 0.000123, 0.000072, 0.000069
3455, 0.000124, 0.000090, 0.000087
3456, 0.000123, 0.000073, 0.000069
3457, 0.000123, 0.000086, 0.000081
3458, 0.000123, 0.000077, 0.000072
3459, 0.000123, 0.000080, 0.000075
3460, 0.000124, 0.000081, 0.000077
3461, 0.000122, 0.000079, 0.000075
3462, 0.000123, 0.000078, 0.000074
3463, 0.000122, 0.000086, 0.000082
3464, 0.000123, 0.000074, 0.000071
3465, 0.000124, 0.000095, 0.000092
3466, 0.000123, 0.000068, 0.000064
3467, 0.000124, 0.000099, 0.000094
3468, 0.000126, 0.000065, 0.000061
3469, 0.000126, 0.000100, 0.000095
3470, 0.000126, 0.000066, 0.000063
3471, 0.000124, 0.000093, 0.000088
3472, 0.000125, 0.000075, 0.000071
3473, 0.000122, 0.000083, 0.000080
3474, 0.000122, 0.000084, 0.000080
3475, 0.000123, 0.000070, 0.000066
3476, 0.000123, 0.000090, 0.000086
3477, 0.000122, 0.000070, 0.000067
3478, 0.000123, 0.000093, 0.000089
3479, 0.000123, 0.000072, 0.000069
3480, 0.000121, 0.000082, 0.000079
3481, 0.000122, 0.000081, 0.000078
3482, 0.000121, 0.000074, 0.000070
3483, 0.000120, 0.000081, 0.000077
3484, 0.000122, 0.000091, 0.000087
3485, 0.000121, 0.000069, 0.000065
3486, 0.000123, 0.000105, 0.000102
3487, 0.000125, 0.000063, 0.000059
3488, 0.000126, 0.000102, 0.000098
3489, 0.000123, 0.000068, 0.000065
3490, 0.000124, 0.000079, 0.000075
3491, 0.000122, 0.000087, 0.000083
3492, 0.000121, 0.000068, 0.000064
3493, 0.000123, 0.000109, 0.000104
3494, 0.000124, 0.000066, 0.000063
3495, 0.000126, 0.000107, 0.000101
3496, 0.000125, 0.000073, 0.000070
3497, 0.000121, 0.000080, 0.000076
3498, 0.000120, 0.000085, 0.000080
3499, 0.000121, 0.000080, 0.000078
3500, 0.000124, 0.000088, 0.000084
3501, 0.000120, 0.000065, 0.000063
3502, 0.000123, 0.000115, 0.000111
3503, 0.000129, 0.000057, 0.000054
3504, 0.000141, 0.000189, 0.000183
3505, 0.000157, 0.000068, 0.000066
3506, 0.000173, 0.000241, 0.000232
3507, 0.000185, 0.000075, 0.000075
3508, 0.000187, 0.000210, 0.000202
3509, 0.000173, 0.000055, 0.000052
3510, 0.000146, 0.000104, 0.000101
3511, 0.000126, 0.000081, 0.000077
3512, 0.000119, 0.000057, 0.000054
3513, 0.000126, 0.000120, 0.000116
3514, 0.000132, 0.000060, 0.000055
3515, 0.000127, 0.000085, 0.000081
3516, 0.000120, 0.000085, 0.000080
3517, 0.000118, 0.000069, 0.000064
3518, 0.000121, 0.000094, 0.000090
3519, 0.000122, 0.000069, 0.000064
3520, 0.000120, 0.000081, 0.000076
3521, 0.000119, 0.000070, 0.000068
3522, 0.000120, 0.000071, 0.000068
3523, 0.000120, 0.000087, 0.000085
3524, 0.000121, 0.000056, 0.000054
3525, 0.000123, 0.000100, 0.000096
3526, 0.000123, 0.000064, 0.000062
3527, 0.000119, 0.000079, 0.000074
3528, 0.000118, 0.000088, 0.000081
3529, 0.000117, 0.000064, 0.000060
3530, 0.000120, 0.000090, 0.000084
3531, 0.000120, 0.000066, 0.000062
3532, 0.000118, 0.000075, 0.000072
3533, 0.000118, 0.000077, 0.000073
3534, 0.000119, 0.000060, 0.000057
3535, 0.000121, 0.000106, 0.000102
3536, 0.000123, 0.000063, 0.000059
3537, 0.000119, 0.000077, 0.000072
3538, 0.000117, 0.000084, 0.000080
3539, 0.000118, 0.000064, 0.000061
3540, 0.000120, 0.000089, 0.000087
3541, 0.000120, 0.000067, 0.000065
3542, 0.000118, 0.000065, 0.000063
3543, 0.000118, 0.000098, 0.000094
3544, 0.000120, 0.000058, 0.000055
3545, 0.000121, 0.000089, 0.000084
3546, 0.000118, 0.000069, 0.000065
3547, 0.000116, 0.000062, 0.000059
3548, 0.000119, 0.000101, 0.000095
3549, 0.000121, 0.000060, 0.000056
3550, 0.000120, 0.000082, 0.000077
3551, 0.000117, 0.000090, 0.000085
3552, 0.000118, 0.000057, 0.000054
3553, 0.000124, 0.000123, 0.000118
3554, 0.000127, 0.000055, 0.000052
3555, 0.000123, 0.000084, 0.000080
3556, 0.000115, 0.000083, 0.000079
3557, 0.000118, 0.000053, 0.000050
3558, 0.000127, 0.000128, 0.000124
3559, 0.000132, 0.000057, 0.000054
3560, 0.000125, 0.000088, 0.000084
3561, 0.000116, 0.000094, 0.000090
3562, 0.000117, 0.000057, 0.000054
3563, 0.000127, 0.000121, 0.000117
3564, 0.000129, 0.000054, 0.000052
3565, 0.000121, 0.000080, 0.000076
3566, 0.000117, 0.000086, 0.000082
3567, 0.000117, 0.000055, 0.000052
3568, 0.000126, 0.000123, 0.000118
3569, 0.000129, 0.000054, 0.000051
3570, 0.000124, 0.000089, 0.000085
3571, 0.000116, 0.000076, 0.000073
3572, 0.000116, 0.000057, 0.000054
3573, 0.000118, 0.000106, 0.000102
3574, 0.000123, 0.000054, 0.000052
3575, 0.000123, 0.000096, 0.000092
3576, 0.000118, 0.000065, 0.000061
3577, 0.000115, 0.000060, 0.000056
3578, 0.000116, 0.000097, 0.000094
3579, 0.000120, 0.000055, 0.000052
3580, 0.000121, 0.000088, 0.000085
3581, 0.000117, 0.000072, 0.000068
3582, 0.000113, 0.000059, 0.000055
3583, 0.000118, 0.000110, 0.000105
3584, 0.000123, 0.000055, 0.000052
3585, 0.000125, 0.000098, 0.000094
3586, 0.000120, 0.000061, 0.000058
3587, 0.000117, 0.000071, 0.000067
3588, 0.000114, 0.000077, 0.000073
3589, 0.000115, 0.000061, 0.000057
3590, 0.000116, 0.000083, 0.000079
3591, 0.000114, 0.000062, 0.000059
3592, 0.000115, 0.000083, 0.000079
3593, 0.000115, 0.000067, 0.000065
3594, 0.000114, 0.000070, 0.000067
3595, 0.000113, 0.000077, 0.000074
3596, 0.000114, 0.000066, 0.000064
3597, 0.000114, 0.000077, 0.000074
3598, 0.000114, 0.000074, 0.000070
3599, 0.000114, 0.000064, 0.000062
3600, 0.000115, 0.000083, 0.000078
3601, 0.000113, 0.000064, 0.000061
3602, 0.000116, 0.000072, 0.000069
3603, 0.000114, 0.000071, 0.000068
3604, 0.000113, 0.000065, 0.000062
3605, 0.000114, 0.000084, 0.000079
3606, 0.000115, 0.000062, 0.000058
3607, 0.000115, 0.000093, 0.000089
3608, 0.000116, 0.000060, 0.000055
3609, 0.000118, 0.000090, 0.000085
3610, 0.000115, 0.000069, 0.000065
3611, 0.000113, 0.000068, 0.000063
3612, 0.000114, 0.000081, 0.000077
3613, 0.000114, 0.000059, 0.000056
3614, 0.000114, 0.000085, 0.000081
3615, 0.000114, 0.000058, 0.000056
3616, 0.000115, 0.000086, 0.000082
3617, 0.000114, 0.000063, 0.000059
3618, 0.000115, 0.000074, 0.000071
3619, 0.000114, 0.000084, 0.000078
3620, 0.000114, 0.000059, 0.000056
3621, 0.000114, 0.000096, 0.000091
3622, 0.000116, 0.000061, 0.000056
3623, 0.000117, 0.000090, 0.000086
3624, 0.000114, 0.000064, 0.000060
3625, 0.000112, 0.000075, 0.000070
3626, 0.000113, 0.000073, 0.000070
3627, 0.000112, 0.000065, 0.000062
3628, 0.000112, 0.000070, 0.000066
3629, 0.000112, 0.000071, 0.000068
3630, 0.000112, 0.000063, 0.000060
3631, 0.000112, 0.000086, 0.000081
3632, 0.000113, 0.000061, 0.000058
3633, 0.000114, 0.000085, 0.000080
3634, 0.000114, 0.000066, 0.000062
3635, 0.000111, 0.000071, 0.000066
3636, 0.000110, 0.000075, 0.000070
3637, 0.000112, 0.000063, 0.000060
3638, 0.000116, 0.000091, 0.000086
3639, 0.000114, 0.000058, 0.000054
3640, 0.000114, 0.000081, 0.000078
3641, 0.000111, 0.000069, 0.000065
3642, 0.000111, 0.000068, 0.000065
3643, 0.000111, 0.000082, 0.000079
3644, 0.000112, 0.000058, 0.000055
3645, 0.000114, 0.000083, 0.000079
3646, 0.000112, 0.000060, 0.000057
3647, 0.000110, 0.000070, 0.000065
3648, 0.000110, 0.000076, 0.000072
3649, 0.000110, 0.000062, 0.000057
3650, 0.000111, 0.000087, 0.000082
3651, 0.000112, 0.000064, 0.000061
3652, 0.000110, 0.000075, 0.000071
3653, 0.000110, 0.000069, 0.000065
3654, 0.000109, 0.000067, 0.000065
3655, 0.000109, 0.000076, 0.000072
3656, 0.000112, 0.000060, 0.000058
3657, 0.000112, 0.000092, 0.000089
3658, 0.000114, 0.000056, 0.000053
3659, 0.000116, 0.000104, 0.000100
3660, 0.000117, 0.000057, 0.000054
3661, 0.000112, 0.000072, 0.000067
3662, 0.000110, 0.000086, 0.000082
3663, 0.000114, 0.000055, 0.000051
3664, 0.000120, 0.000127, 0.000122
3665, 0.000129, 0.000054, 0.000051
3666, 0.000135, 0.000157, 0.000149
3667, 0.000145, 0.000068, 0.000068
3668, 0.000151, 0.000163, 0.000155
3669, 0.000144, 0.000054, 0.000051
3670, 0.000125, 0.000087, 0.000086
3671, 0.000112, 0.000085, 0.000081
3672, 0.000115, 0.000055, 0.000053
3673, 0.000124, 0.000132, 0.000129
3674, 0.000130, 0.000056, 0.000052
3675, 0.000128, 0.000091, 0.000088
3676, 0.000116, 0.000065, 0.000061
3677, 0.000108, 0.000061, 0.000056
3678, 0.000112, 0.000108, 0.000103
3679, 0.000122, 0.000053, 0.000049
3680, 0.000129, 0.000130, 0.000124
3681, 0.000130, 0.000052, 0.000050
3682, 0.000118, 0.000071, 0.000068
3683, 0.000108, 0.000095, 0.000091
3684, 0.000114, 0.000057, 0.000056
3685, 0.000130, 0.000132, 0.000128
3686, 0.000130, 0.000053, 0.000051
3687, 0.000116, 0.000068, 0.000067
3688, 0.000108, 0.000093, 0.000089
3689, 0.000115, 0.000053, 0.000051
3690, 0.000120, 0.000101, 0.000097
3691, 0.000117, 0.000059, 0.000054
3692, 0.000111, 0.000064, 0.000060
3693, 0.000108, 0.000085, 0.000079
3694, 0.000112, 0.000052, 0.000048
3695, 0.000118, 0.000098, 0.000092
3696, 0.000115, 0.000057, 0.000054
3697, 0.000109, 0.000058, 0.000055
3698, 0.000109, 0.000094, 0.000090
3699, 0.000114, 0.000054, 0.000051
3700, 0.000113, 0.000074, 0.000071
3701, 0.000109, 0.000069, 0.000067
3702, 0.000108, 0.000057, 0.000055
3703, 0.000110, 0.000082, 0.000079
3704, 0.000110, 0.000057, 0.000055
3705, 0.000109, 0.000068, 0.000065
3706, 0.000106, 0.000068, 0.000064
3707, 0.000108, 0.000054, 0.000050
3708, 0.000109, 0.000087, 0.000081
3709, 0.000113, 0.000056, 0.000052
3710, 0.000110, 0.000081, 0.000076
3711, 0.000109, 0.000060, 0.000056
3712, 0.000106, 0.000065, 0.000062
3713, 0.000106, 0.000067, 0.000064
3714, 0.000107, 0.000063, 0.000060
3715, 0.000105, 0.000068, 0.000065
3716, 0.000105, 0.000065, 0.000062
3717, 0.000106, 0.000066, 0.000062
3718, 0.000106, 0.000059, 0.000057
3719, 0.000105, 0.000073, 0.000068
3720, 0.000106, 0.000062, 0.000058
3721, 0.000106, 0.000062, 0.000058
3722, 0.000106, 0.000077, 0.000071
3723, 0.000108, 0.000056, 0.000052
3724, 0.000111, 0.000088, 0.000082
3725, 0.000111, 0.000056, 0.000051
3726, 0.000111, 0.000077, 0.000073
3727, 0.000106, 0.000064, 0.000062
3728, 0.000106, 0.000054, 0.000051
3729, 0.000109, 0.000094, 0.000091
3730, 0.000114, 0.000052, 0.000049
3731, 0.000112, 0.000080, 0.000076
3732, 0.000107, 0.000060, 0.000056
3733, 0.000107, 0.000061, 0.000057
3734, 0.000105, 0.000079, 0.000074
3735, 0.000108, 0.000055, 0.000051
3736, 0.000108, 0.000085, 0.000080
3737, 0.000109, 0.000061, 0.000056
3738, 0.000106, 0.000064, 0.000059
3739, 0.000105, 0.000075, 0.000070
3740, 0.000105, 0.000062, 0.000059
3741, 0.000105, 0.000057, 0.000055
3742, 0.000104, 0.000080, 0.000077
3743, 0.000107, 0.000052, 0.000049
3744, 0.000109, 0.000084, 0.000079
3745, 0.000108, 0.000057, 0.000053
3746, 0.000107, 0.000068, 0.000064
3747, 0.000105, 0.000067, 0.000063
3748, 0.000105, 0.000057, 0.000054
3749, 0.000106, 0.000085, 0.000080
3750, 0.000109, 0.000052, 0.000049
3751, 0.000110, 0.000088, 0.000083
3752, 0.000110, 0.000056, 0.000052
3753, 0.000105, 0.000066, 0.000062
3754, 0.000106, 0.000074, 0.000069
3755, 0.000105, 0.000055, 0.000051
3756, 0.000105, 0.000073, 0.000069
3757, 0.000106, 0.000066, 0.000062
3758, 0.000104, 0.000057, 0.000054
3759, 0.000105, 0.000093, 0.000088
3760, 0.000113, 0.000053, 0.000051
3761, 0.000113, 0.000094, 0.000089
3762, 0.000111, 0.000053, 0.000050
3763, 0.000107, 0.000065, 0.000060
3764, 0.000104, 0.000087, 0.000082
3765, 0.000108, 0.000051, 0.000048
3766, 0.000118, 0.000129, 0.000122
3767, 0.000126, 0.000055, 0.000053
3768, 0.000128, 0.000105, 0.000099
3769, 0.000116, 0.000055, 0.000052
3770, 0.000106, 0.000058, 0.000055
3771, 0.000106, 0.000098, 0.000094
3772, 0.000114, 0.000052, 0.000050
3773, 0.000121, 0.000102, 0.000098
3774, 0.000115, 0.000054, 0.000051
3775, 0.000108, 0.000063, 0.000061
3776, 0.000106, 0.000083, 0.000080
3777, 0.000110, 0.000052, 0.000050
3778, 0.000117, 0.000112, 0.000107
3779, 0.000120, 0.000050, 0.000047
3780, 0.000114, 0.000077, 0.000072
3781, 0.000106, 0.000068, 0.000064
3782, 0.000103, 0.000053, 0.000050
3783, 0.000107, 0.000087, 0.000082
3784, 0.000109, 0.000054, 0.000051
3785, 0.000107, 0.000066, 0.000063
3786, 0.000104, 0.000065, 0.000062
3787, 0.000103, 0.000057, 0.000054
3788, 0.000105, 0.000073, 0.000069
3789, 0.000104, 0.000056, 0.000053
3790, 0.000103, 0.000065, 0.000061
3791, 0.000104, 0.000066, 0.000063
3792, 0.000104, 0.000053, 0.000050
3793, 0.000105, 0.000085, 0.000081
3794, 0.000107, 0.000052, 0.000049
3795, 0.000105, 0.000069, 0.000064
3796, 0.000103, 0.000064, 0.000060
3797, 0.000102, 0.000055, 0.000051
3798, 0.000104, 0.000069, 0.000063
3799, 0.000103, 0.000062, 0.000057
3800, 0.000103, 0.000059, 0.000055
3801, 0.000103, 0.000071, 0.000067
3802, 0.000104, 0.000051, 0.000048
3803, 0.000105, 0.000073, 0.000069
3804, 0.000105, 0.000058, 0.000055
3805, 0.000104, 0.000063, 0.000061
3806, 0.000102, 0.000065, 0.000062
3807, 0.000101, 0.000059, 0.000056
3808, 0.000103, 0.000067, 0.000064
3809, 0.000103, 0.000056, 0.000053
3810, 0.000103, 0.000074, 0.000070
3811, 0.000103, 0.000053, 0.000049
3812, 0.000104, 0.000080, 0.000075
3813, 0.000104, 0.000052, 0.000048
3814, 0.000106, 0.000078, 0.000072
3815, 0.000104, 0.000060, 0.000055
3816, 0.000102, 0.000056, 0.000051
3817, 0.000102, 0.000085, 0.000079
3818, 0.000106, 0.000053, 0.000049
3819, 0.000105, 0.000071, 0.000067
3820, 0.000103, 0.000056, 0.000053
3821, 0.000100, 0.000057, 0.000054
3822, 0.000101, 0.000069, 0.000066
3823, 0.000103, 0.000054, 0.000050
3824, 0.000102, 0.000067, 0.000063
3825, 0.000100, 0.000059, 0.000055
3826, 0.000101, 0.000071, 0.000065
3827, 0.000100, 0.000054, 0.000050
3828, 0.000102, 0.000076, 0.000071
3829, 0.000103, 0.000054, 0.000049
3830, 0.000104, 0.000074, 0.000070
3831, 0.000102, 0.000056, 0.000054
3832, 0.000103, 0.000067, 0.000062
3833, 0.000102, 0.000069, 0.000065
3834, 0.000102, 0.000054, 0.000050
3835, 0.000105, 0.000083, 0.000077
3836, 0.000106, 0.000057, 0.000055
3837, 0.000109, 0.000081, 0.000074
3838, 0.000105, 0.000056, 0.000052
3839, 0.000102, 0.000075, 0.000071
3840, 0.000103, 0.000065, 0.000060
3841, 0.000104, 0.000057, 0.000054
3842, 0.000101, 0.000068, 0.000064
3843, 0.000101, 0.000059, 0.000054
3844, 0.000104, 0.000071, 0.000068
3845, 0.000104, 0.000056, 0.000052
3846, 0.000101, 0.000078, 0.000073
3847, 0.000103, 0.000057, 0.000055
3848, 0.000105, 0.000071, 0.000066
3849, 0.000102, 0.000062, 0.000059
3850, 0.000100, 0.000060, 0.000057
3851, 0.000101, 0.000061, 0.000056
3852, 0.000099, 0.000064, 0.000061
3853, 0.000100, 0.000058, 0.000054
3854, 0.000100, 0.000065, 0.000061
3855, 0.000101, 0.000061, 0.000058
3856, 0.000100, 0.000061, 0.000057
3857, 0.000099, 0.000070, 0.000065
3858, 0.000099, 0.000055, 0.000052
3859, 0.000101, 0.000080, 0.000074
3860, 0.000103, 0.000053, 0.000049
3861, 0.000103, 0.000073, 0.000068
3862, 0.000101, 0.000054, 0.000050
3863, 0.000100, 0.000057, 0.000054
3864, 0.000099, 0.000069, 0.000065
3865, 0.000100, 0.000054, 0.000051
3866, 0.000100, 0.000070, 0.000066
3867, 0.000100, 0.000060, 0.000055
3868, 0.000097, 0.000056, 0.000052
3869, 0.000101, 0.000085, 0.000080
3870, 0.000104, 0.000051, 0.000048
3871, 0.000111, 0.000110, 0.000105
3872, 0.000116, 0.000051, 0.000049
3873, 0.000116, 0.000102, 0.000097
3874, 0.000113, 0.000049, 0.000047
3875, 0.000107, 0.000081, 0.000076
3876, 0.000102, 0.000058, 0.000055
3877, 0.000099, 0.000058, 0.000054
3878, 0.000099, 0.000085, 0.000079
3879, 0.000103, 0.000050, 0.000048
3880, 0.000106, 0.000093, 0.000087
3881, 0.000107, 0.000050, 0.000047
3882, 0.000104, 0.000072, 0.000068
3883, 0.000100, 0.000060, 0.000057
3884, 0.000099, 0.000051, 0.000048
3885, 0.000100, 0.000087, 0.000083
3886, 0.000103, 0.000050, 0.000048
3887, 0.000102, 0.000074, 0.000070
3888, 0.000099, 0.000059, 0.000056
3889, 0.000098, 0.000057, 0.000053
3890, 0.000098, 0.000067, 0.000063
3891, 0.000098, 0.000057, 0.000053
3892, 0.000099, 0.000058, 0.000054
3893, 0.000098, 0.000062, 0.000058
3894, 0.000098, 0.000059, 0.000056
3895, 0.000098, 0.000063, 0.000059
3896, 0.000097, 0.000055, 0.000052
3897, 0.000098, 0.000067, 0.000063
3898, 0.000099, 0.000050, 0.000047
3899, 0.000101, 0.000079, 0.000074
3900, 0.000102, 0.000052, 0.000048
3901, 0.000102, 0.000079, 0.000075
3902, 0.000100, 0.000052, 0.000049
3903, 0.000101, 0.000075, 0.000071
3904, 0.000101, 0.000052, 0.000049
3905, 0.000098, 0.000071, 0.000066
3906, 0.000097, 0.000059, 0.000056
3907, 0.000098, 0.000054, 0.000050
3908, 0.000098, 0.000086, 0.000081
3909, 0.000104, 0.000051, 0.000048
3910, 0.000110, 0.000104, 0.000097
3911, 0.000112, 0.000050, 0.000047
3912, 0.000108, 0.000081, 0.000075
3913, 0.000102, 0.000054, 0.000050
3914, 0.000098, 0.000059, 0.000056
3915, 0.000097, 0.000067, 0.000063
3916, 0.000097, 0.000050, 0.000047
3917, 0.000103, 0.000091, 0.000087
3918, 0.000108, 0.000053, 0.000049
3919, 0.000113, 0.000104, 0.000098
3920, 0.000112, 0.000051, 0.000047
3921, 0.000105, 0.000073, 0.000066
3922, 0.000099, 0.000054, 0.000051
3923, 0.000099, 0.000061, 0.000056
3924, 0.000096, 0.000058, 0.000054
3925, 0.000096, 0.000056, 0.000052
3926, 0.000096, 0.000062, 0.000057
3927, 0.000096, 0.000057, 0.000054
3928, 0.000096, 0.000060, 0.000055
3929, 0.000096, 0.000067, 0.000062
3930, 0.000098, 0.000053, 0.000049
3931, 0.000098, 0.000077, 0.000071
3932, 0.000101, 0.000052, 0.000049
3933, 0.000105, 0.000099, 0.000092
3934, 0.000111, 0.000051, 0.000048
3935, 0.000115, 0.000108, 0.000101
3936, 0.000116, 0.000050, 0.000047
3937, 0.000107, 0.000071, 0.000067
3938, 0.000099, 0.000064, 0.000061
3939, 0.000097, 0.000050, 0.000047
3940, 0.000102, 0.000099, 0.000095
3941, 0.000112, 0.000054, 0.000051
3942, 0.000116, 0.000104, 0.000098
3943, 0.000112, 0.000050, 0.000046
3944, 0.000101, 0.000060, 0.000055
3945, 0.000095, 0.000076, 0.000070
3946, 0.000100, 0.000049, 0.000045
3947, 0.000104, 0.000085, 0.000080
3948, 0.000104, 0.000048, 0.000046
3949, 0.000103, 0.000070, 0.000066
3950, 0.000100, 0.000056, 0.000052
3951, 0.000095, 0.000053, 0.000049
3952, 0.000096, 0.000073, 0.000068
3953, 0.000099, 0.000050, 0.000046
3954, 0.000101, 0.000071, 0.000065
3955, 0.000098, 0.000052, 0.000048
3956, 0.000096, 0.000058, 0.000054
3957, 0.000095, 0.000058, 0.000054
3958, 0.000095, 0.000050, 0.000047
3959, 0.000097, 0.000071, 0.000067
3960, 0.000099, 0.000049, 0.000046
3961, 0.000097, 0.000065, 0.000060
3962, 0.000095, 0.000058, 0.000054
3963, 0.000095, 0.000052, 0.000048
3964, 0.000095, 0.000067, 0.000063
3965, 0.000098, 0.000049, 0.000046
3966, 0.000099, 0.000076, 0.000070
3967, 0.000101, 0.000049, 0.000046
3968, 0.000099, 0.000072, 0.000066
3969, 0.000099, 0.000054, 0.000050
3970, 0.000095, 0.000052, 0.000048
3971, 0.000096, 0.000080, 0.000073
3972, 0.000101, 0.000049, 0.000046
3973, 0.000103, 0.000080, 0.000075
3974, 0.000101, 0.000051, 0.000048
3975, 0.000097, 0.000056, 0.000052
3976, 0.000095, 0.000066, 0.000062
3977, 0.000097, 0.000052, 0.000048
3978, 0.000103, 0.000101, 0.000095
3979, 0.000113, 0.000057, 0.000055
3980, 0.000118, 0.000100, 0.000092
3981, 0.000112, 0.000048, 0.000046
3982, 0.000099, 0.000054, 0.000050
3983, 0.000095, 0.000089, 0.000083
3984, 0.000107, 0.000060, 0.000057
3985, 0.000124, 0.000129, 0.000122
3986, 0.000126, 0.000051, 0.000049
3987, 0.000107, 0.000062, 0.000056
3988, 0.000095, 0.000079, 0.000074
3989, 0.000101, 0.000055, 0.000052
3990, 0.000115, 0.000118, 0.000111
3991, 0.000120, 0.000050, 0.000048
3992, 0.000106, 0.000058, 0.000054
3993, 0.000094, 0.000072, 0.000068
3994, 0.000099, 0.000052, 0.000050
3995, 0.000109, 0.000099, 0.000093
3996, 0.000110, 0.000049, 0.000047
3997, 0.000100, 0.000058, 0.000054
3998, 0.000093, 0.000067, 0.000063
3999, 0.000095, 0.000048, 0.000046
4000, 0.000098, 0.000070, 0.000066
4001, 0.000096, 0.000054, 0.000051
4002, 0.000094, 0.000052, 0.000049
4003, 0.000095, 0.000063, 0.000059
4004, 0.000096, 0.000052, 0.000048
4005, 0.000096, 0.000060, 0.000057
4006, 0.000093, 0.000059, 0.000054
4007, 0.000093, 0.000050, 0.000047
4008, 0.000095, 0.000068, 0.000065
4009, 0.000097, 0.000051, 0.000047
4010, 0.000096, 0.000059, 0.000056
4011, 0.000093, 0.000055, 0.000052
4012, 0.000093, 0.000051, 0.000048
4013, 0.000094, 0.000064, 0.000060
4014, 0.000095, 0.000050, 0.000048
4015, 0.000094, 0.000057, 0.000054
4016, 0.000094, 0.000058, 0.000055
4017, 0.000094, 0.000050, 0.000048
4018, 0.000094, 0.000070, 0.000064
4019, 0.000095, 0.000049, 0.000046
4020, 0.000096, 0.000062, 0.000057
4021, 0.000095, 0.000054, 0.000049
4022, 0.000095, 0.000057, 0.000054
4023, 0.000094, 0.000055, 0.000051
4024, 0.000093, 0.000055, 0.000050
4025, 0.000092, 0.000058, 0.000055
4026, 0.000094, 0.000058, 0.000053
4027, 0.000093, 0.000057, 0.000052
4028, 0.000093, 0.000055, 0.000052
4029, 0.000094, 0.000059, 0.000054
4030, 0.000094, 0.000054, 0.000050
4031, 0.000092, 0.000057, 0.000053
4032, 0.000092, 0.000052, 0.000048
4033, 0.000094, 0.000064, 0.000060
4034, 0.000094, 0.000051, 0.000047
4035, 0.000094, 0.000062, 0.000058
4036, 0.000094, 0.000052, 0.000049
4037, 0.000092, 0.000055, 0.000052
4038, 0.000092, 0.000062, 0.000058
4039, 0.000093, 0.000049, 0.000046
4040, 0.000095, 0.000062, 0.000057
4041, 0.000092, 0.000056, 0.000051
4042, 0.000092, 0.000049, 0.000046
4043, 0.000094, 0.000080, 0.000075
4044, 0.000100, 0.000049, 0.000047
4045, 0.000105, 0.000085, 0.000081
4046, 0.000103, 0.000050, 0.000047
4047, 0.000098, 0.000065, 0.000061
4048, 0.000093, 0.000055, 0.000051
4049, 0.000091, 0.000050, 0.000047
4050, 0.000096, 0.000087, 0.000084
4051, 0.000105, 0.000053, 0.000051
4052, 0.000110, 0.000089, 0.000085
4053, 0.000106, 0.000047, 0.000044
4054, 0.000098, 0.000057, 0.000053
4055, 0.000091, 0.000064, 0.000059
4056, 0.000094, 0.000050, 0.000046
4057, 0.000098, 0.000074, 0.000069
4058, 0.000097, 0.000050, 0.000046
4059, 0.000093, 0.000054, 0.000050
4060, 0.000091, 0.000057, 0.000052
4061, 0.000090, 0.000052, 0.000047
4062, 0.000092, 0.000059, 0.000055
4063, 0.000092, 0.000053, 0.000048
4064, 0.000092, 0.000054, 0.000049
4065, 0.000090, 0.000057, 0.000054
4066, 0.000092, 0.000053, 0.000049
4067, 0.000093, 0.000063, 0.000058
4068, 0.000091, 0.000052, 0.000050
4069, 0.000093, 0.000058, 0.000053
4070, 0.000091, 0.000054, 0.000050
4071, 0.000091, 0.000052, 0.000049
4072, 0.000093, 0.000059, 0.000053
4073, 0.000092, 0.000052, 0.000049
4074, 0.000091, 0.000053, 0.000050
4075, 0.000090, 0.000057, 0.000052
4076, 0.000092, 0.000053, 0.000051
4077, 0.000093, 0.000062, 0.000056
4078, 0.000091, 0.000053, 0.000048
4079, 0.000092, 0.000065, 0.000062
4080, 0.000093, 0.000053, 0.000048
4081, 0.000092, 0.000055, 0.000051
4082, 0.000090, 0.000055, 0.000053
4083, 0.000092, 0.000052, 0.000048
4084, 0.000092, 0.000057, 0.000053
4085, 0.000090, 0.000056, 0.000052
4086, 0.000090, 0.000054, 0.000050
4087, 0.000090, 0.000058, 0.000054
4088, 0.000090, 0.000050, 0.000047
4089, 0.000091, 0.000066, 0.000061
4090, 0.000093, 0.000049, 0.000046
4091, 0.000094, 0.000067, 0.000062
4092, 0.000093, 0.000050, 0.000046
4093, 0.000091, 0.000055, 0.000052
4094, 0.000089, 0.000060, 0.000055
4095, 0.000090, 0.000049, 0.000046
4096, 0.000091, 0.000062, 0.000059
4097, 0.000092, 0.000050, 0.000047
4098, 0.000090, 0.000054, 0.000050
4099, 0.000090, 0.000063, 0.000059
4100, 0.000090, 0.000049, 0.000047
4101, 0.000095, 0.000080, 0.000075
4102, 0.000099, 0.000050, 0.000047
4103, 0.000100, 0.000076, 0.000072
4104, 0.000096, 0.000050, 0.000047
4105, 0.000092, 0.000058, 0.000054
4106, 0.000090, 0.000055, 0.000051
4107, 0.000089, 0.000049, 0.000046
4108, 0.000091, 0.000066, 0.000061
4109, 0.000091, 0.000050, 0.000047
4110, 0.000090, 0.000058, 0.000054
4111, 0.000091, 0.000052, 0.000048
4112, 0.000090, 0.000054, 0.000050
4113, 0.000089, 0.000054, 0.000050
4114, 0.000089, 0.000052, 0.000049
4115, 0.000090, 0.000059, 0.000055
4116, 0.000089, 0.000048, 0.000046
4117, 0.000091, 0.000062, 0.000058
4118, 0.000091, 0.000050, 0.000047
4119, 0.000090, 0.000057, 0.000054
4120, 0.000088, 0.000054, 0.000050
4121, 0.000090, 0.000052, 0.000049
4122, 0.000088, 0.000057, 0.000053
4123, 0.000090, 0.000052, 0.000047
4124, 0.000089, 0.000058, 0.000054
4125, 0.000089, 0.000053, 0.000049
4126, 0.000089, 0.000059, 0.000054
4127, 0.000090, 0.000051, 0.000049
4128, 0.000091, 0.000063, 0.000059
4129, 0.000091, 0.000051, 0.000048
4130, 0.000093, 0.000066, 0.000064
4131, 0.000093, 0.000050, 0.000047
4132, 0.000088, 0.000056, 0.000052
4133, 0.000090, 0.000065, 0.000062
4134, 0.000093, 0.000050, 0.000046
4135, 0.000094, 0.000076, 0.000070
4136, 0.000096, 0.000051, 0.000049
4137, 0.000097, 0.000075, 0.000069
4138, 0.000096, 0.000050, 0.000047
4139, 0.000091, 0.000059, 0.000056
4140, 0.000088, 0.000057, 0.000052
4141, 0.000089, 0.000051, 0.000048
4142, 0.000089, 0.000062, 0.000057
4143, 0.000089, 0.000049, 0.000046
4144, 0.000092, 0.000075, 0.000071
4145, 0.000096, 0.000051, 0.000047
4146, 0.000100, 0.000082, 0.000076
4147, 0.000099, 0.000051, 0.000049
4148, 0.000100, 0.000084, 0.000076
4149, 0.000100, 0.000050, 0.000048
4150, 0.000093, 0.000061, 0.000056
4151, 0.000088, 0.000057, 0.000053
4152, 0.000087, 0.000050, 0.000048
4153, 0.000091, 0.000078, 0.000073
4154, 0.000099, 0.000053, 0.000050
4155, 0.000104, 0.000095, 0.000089
4156, 0.000107, 0.000052, 0.000049
4157, 0.000100, 0.000070, 0.000064
4158, 0.000092, 0.000053, 0.000050
4159, 0.000089, 0.000050, 0.000046
4160, 0.000089, 0.000070, 0.000066
4161, 0.000093, 0.000049, 0.000047
4162, 0.000096, 0.000071, 0.000066
4163, 0.000094, 0.000050, 0.000047
4164, 0.000087, 0.000051, 0.000048
4165, 0.000088, 0.000073, 0.000067
4166, 0.000093, 0.000052, 0.000050
4167, 0.000098, 0.000081, 0.000075
4168, 0.000096, 0.000049, 0.000046
4169, 0.000090, 0.000054, 0.000051
4170, 0.000087, 0.000059, 0.000055
4171, 0.000088, 0.000050, 0.000047
4172, 0.000095, 0.000083, 0.000077
4173, 0.000098, 0.000051, 0.000048
4174, 0.000099, 0.000074, 0.000068
4175, 0.000094, 0.000049, 0.000047
4176, 0.000090, 0.000056, 0.000052
4177, 0.000087, 0.000052, 0.000049
4178, 0.000086, 0.000047, 0.000044
4179, 0.000091, 0.000076, 0.000070
4180, 0.000096, 0.000052, 0.000050
4181, 0.000097, 0.000074, 0.000068
4182, 0.000094, 0.000050, 0.000046
4183, 0.000089, 0.000053, 0.000049
4184, 0.000086, 0.000059, 0.000054
4185, 0.000087, 0.000049, 0.000045
4186, 0.000088, 0.000059, 0.000054
4187, 0.000087, 0.000050, 0.000046
4188, 0.000086, 0.000051, 0.000047
4189, 0.000086, 0.000060, 0.000056
4190, 0.000088, 0.000048, 0.000045
4191, 0.000090, 0.000066, 0.000063
4192, 0.000094, 0.000049, 0.000046
4193, 0.000091, 0.000060, 0.000056
4194, 0.000088, 0.000052, 0.000049
4195, 0.000086, 0.000051, 0.000047
4196, 0.000087, 0.000063, 0.000059
4197, 0.000089, 0.000049, 0.000047
4198, 0.000089, 0.000064, 0.000059
4199, 0.000088, 0.000048, 0.000045
4200, 0.000087, 0.000050, 0.000047
4201, 0.000086, 0.000067, 0.000062
4202, 0.000090, 0.000049, 0.000047
4203, 0.000095, 0.000075, 0.000071
4204, 0.000097, 0.000049, 0.000046
4205, 0.000092, 0.000055, 0.000051
4206, 0.000086, 0.000061, 0.000056
4207, 0.000088, 0.000048, 0.000046
4208, 0.000091, 0.000071, 0.000066
4209, 0.000093, 0.000051, 0.000048
4210, 0.000091, 0.000060, 0.000055
4211, 0.000086, 0.000052, 0.000048
4212, 0.000085, 0.000050, 0.000046
4213, 0.000089, 0.000067, 0.000063
4214, 0.000091, 0.000049, 0.000047
4215, 0.000093, 0.000071, 0.000066
4216, 0.000092, 0.000048, 0.000046
4217, 0.000088, 0.000055, 0.000051
4218, 0.000087, 0.000054, 0.000051
4219, 0.000086, 0.000048, 0.000046
4220, 0.000087, 0.000068, 0.000063
4221, 0.000090, 0.000050, 0.000048
4222, 0.000092, 0.000066, 0.000061
4223, 0.000089, 0.000049, 0.000046
4224, 0.000085, 0.000051, 0.000048
4225, 0.000086, 0.000060, 0.000056
4226, 0.000088, 0.000048, 0.000046
4227, 0.000090, 0.000073, 0.000068
4228, 0.000093, 0.000050, 0.000047
4229, 0.000092, 0.000064, 0.000060
4230, 0.000088, 0.000052, 0.000048
4231, 0.000085, 0.000052, 0.000048
4232, 0.000085, 0.000055, 0.000051
4233, 0.000086, 0.000049, 0.000045
4234, 0.000087, 0.000062, 0.000057
4235, 0.000088, 0.000047, 0.000044
4236, 0.000086, 0.000056, 0.000051
4237, 0.000085, 0.000055, 0.000051
4238, 0.000085, 0.000049, 0.000046
4239, 0.000090, 0.000074, 0.000068
4240, 0.000091, 0.000049, 0.000046
4241, 0.000089, 0.000058, 0.000055
4242, 0.000087, 0.000055, 0.000051
4243, 0.000084, 0.000049, 0.000046
4244, 0.000087, 0.000070, 0.000065
4245, 0.000091, 0.000050, 0.000048
4246, 0.000092, 0.000067, 0.000063
4247, 0.000089, 0.000048, 0.000046
4248, 0.000085, 0.000049, 0.000046
4249, 0.000086, 0.000062, 0.000057
4250, 0.000088, 0.000049, 0.000045
4251, 0.000089, 0.000064, 0.000058
4252, 0.000088, 0.000050, 0.000047
4253, 0.000086, 0.000058, 0.000053
4254, 0.000086, 0.000052, 0.000048
4255, 0.000086, 0.000051, 0.000048
4256, 0.000084, 0.000057, 0.000053
4257, 0.000085, 0.000050, 0.000047
4258, 0.000085, 0.000056, 0.000052
4259, 0.000084, 0.000050, 0.000046
4260, 0.000085, 0.000055, 0.000051
4261, 0.000085, 0.000057, 0.000053
4262, 0.000084, 0.000048, 0.000045
4263, 0.000087, 0.000068, 0.000064
4264, 0.000091, 0.000050, 0.000047
4265, 0.000092, 0.000069, 0.000064
4266, 0.000091, 0.000051, 0.000047
4267, 0.000087, 0.000054, 0.000050
4268, 0.000084, 0.000055, 0.000051
4269, 0.000085, 0.000051, 0.000047
4270, 0.000087, 0.000057, 0.000054
4271, 0.000086, 0.000049, 0.000047
4272, 0.000084, 0.000052, 0.000048
4273, 0.000083, 0.000057, 0.000053
4274, 0.000085, 0.000049, 0.000046
4275, 0.000086, 0.000066, 0.000060
4276, 0.000087, 0.000049, 0.000048
4277, 0.000090, 0.000066, 0.000061
4278, 0.000088, 0.000050, 0.000046
4279, 0.000086, 0.000059, 0.000057
4280, 0.000085, 0.000052, 0.000048
4281, 0.000083, 0.000052, 0.000047
4282, 0.000084, 0.000057, 0.000054
4283, 0.000085, 0.000050, 0.000046
4284, 0.000087, 0.000070, 0.000064
4285, 0.000089, 0.000050, 0.000049
4286, 0.000091, 0.000064, 0.000058
4287, 0.000085, 0.000050, 0.000046
4288, 0.000083, 0.000050, 0.000047
4289, 0.000083, 0.000060, 0.000055
4290, 0.000086, 0.000047, 0.000044
4291, 0.000087, 0.000064, 0.000060
4292, 0.000088, 0.000049, 0.000047
4293, 0.000090, 0.000069, 0.000064
4294, 0.000089, 0.000048, 0.000046
4295, 0.000085, 0.000054, 0.000051
4296, 0.000083, 0.000061, 0.000057
4297, 0.000085, 0.000049, 0.000047
4298, 0.000088, 0.000071, 0.000066
4299, 0.000092, 0.000050, 0.000047
4300, 0.000092, 0.000071, 0.000067
4301, 0.000092, 0.000050, 0.000047
4302, 0.000090, 0.000065, 0.000061
4303, 0.000088, 0.000048, 0.000046
4304, 0.000085, 0.000057, 0.000054
4305, 0.000084, 0.000052, 0.000049
4306, 0.000083, 0.000052, 0.000047
4307, 0.000083, 0.000054, 0.000049
4308, 0.000081, 0.000050, 0.000046
4309, 0.000083, 0.000054, 0.000049
4310, 0.000082, 0.000049, 0.000046
4311, 0.000082, 0.000053, 0.000049
4312, 0.000083, 0.000048, 0.000045
4313, 0.000082, 0.000051, 0.000048
4314, 0.000081, 0.000050, 0.000047
4315, 0.000082, 0.000060, 0.000056
4316, 0.000086, 0.000050, 0.000048
4317, 0.000091, 0.000088, 0.000082
4318, 0.000101, 0.000062, 0.000061
4319, 0.000108, 0.000105, 0.000099
4320, 0.000110, 0.000056, 0.000054
4321, 0.000101, 0.000065, 0.000060
4322, 0.000086, 0.000052, 0.000046
4323, 0.000082, 0.000048, 0.000044
4324, 0.000086, 0.000077, 0.000070
4325, 0.000093, 0.000058, 0.000055
4326, 0.000098, 0.000080, 0.000074
4327, 0.000095, 0.000050, 0.000047
4328, 0.000085, 0.000052, 0.000048
4329, 0.000081, 0.000056, 0.000052
4330, 0.000083, 0.000049, 0.000047
4331, 0.000087, 0.000068, 0.000063
4332, 0.000089, 0.000048, 0.000045
4333, 0.000086, 0.000054, 0.000051
4334, 0.000082, 0.000054, 0.000050
4335, 0.000081, 0.000049, 0.000046
4336, 0.000085, 0.000069, 0.000064
4337, 0.000089, 0.000050, 0.000047
4338, 0.000089, 0.000059, 0.000054
4339, 0.000084, 0.000050, 0.000046
4340, 0.000080, 0.000047, 0.000044
4341, 0.000083, 0.000063, 0.000059
4342, 0.000086, 0.000050, 0.000048
4343, 0.000090, 0.000071, 0.000065
4344, 0.000089, 0.000048, 0.000045
4345, 0.000083, 0.000050, 0.000046
4346, 0.000081, 0.000060, 0.000055
4347, 0.000085, 0.000053, 0.000050
4348, 0.000097, 0.000091, 0.000085
4349, 0.000103, 0.000060, 0.000058
4350, 0.000100, 0.000068, 0.000063
4351, 0.000087, 0.000051, 0.000048
4352, 0.000081, 0.000050, 0.000048
4353, 0.000089, 0.000087, 0.000081
4354, 0.000104, 0.000067, 0.000065
4355, 0.000111, 0.000089, 0.000083
4356, 0.000103, 0.000049, 0.000047
4357, 0.000085, 0.000048, 0.000045
4358, 0.000082, 0.000081, 0.000075
4359, 0.000098, 0.000063, 0.000062
4360, 0.000106, 0.000083, 0.000078
4361, 0.000100, 0.000048, 0.000046
4362, 0.000087, 0.000049, 0.000045
4363, 0.000080, 0.000064, 0.000060
4364, 0.000086, 0.000050, 0.000047
4365, 0.000089, 0.000060, 0.000054
4366, 0.000083, 0.000049, 0.000045
4367, 0.000080, 0.000048, 0.000044
4368, 0.000083, 0.000061, 0.000056
4369, 0.000084, 0.000048, 0.000045
4370, 0.000082, 0.000051, 0.000047
4371, 0.000080, 0.000055, 0.000051
4372, 0.000081, 0.000047, 0.000045
4373, 0.000082, 0.000054, 0.000050
4374, 0.000082, 0.000048, 0.000045
4375, 0.000081, 0.000047, 0.000044
4376, 0.000081, 0.000053, 0.000050
4377, 0.000081, 0.000047, 0.000045
4378, 0.000080, 0.000051, 0.000048
4379, 0.000080, 0.000053, 0.000048
4380, 0.000080, 0.000048, 0.000045
4381, 0.000082, 0.000062, 0.000057
4382, 0.000085, 0.000049, 0.000046
4383, 0.000086, 0.000055, 0.000051
4384, 0.000082, 0.000048, 0.000045
4385, 0.000081, 0.000050, 0.000046
4386, 0.000082, 0.000060, 0.000056
4387, 0.000083, 0.000049, 0.000046
4388, 0.000084, 0.000058, 0.000054
4389, 0.000083, 0.000047, 0.000045
4390, 0.000080, 0.000047, 0.000044
4391, 0.000080, 0.000056, 0.000052
4392, 0.000081, 0.000047, 0.000045
4393, 0.000083, 0.000058, 0.000053
4394, 0.000082, 0.000047, 0.000044
4395, 0.000082, 0.000049, 0.000046
4396, 0.000080, 0.000054, 0.000049
4397, 0.000082, 0.000047, 0.000044
4398, 0.000083, 0.000057, 0.000053
4399, 0.000083, 0.000050, 0.000046
4400, 0.000082, 0.000052, 0.000048
4401, 0.000080, 0.000050, 0.000046
4402, 0.000079, 0.000048, 0.000045
4403, 0.000082, 0.000055, 0.000051
4404, 0.000081, 0.000048, 0.000045
4405, 0.000079, 0.000051, 0.000047
4406, 0.000079, 0.000052, 0.000049
4407, 0.000081, 0.000048, 0.000045
4408, 0.000081, 0.000060, 0.000055
4409, 0.000083, 0.000048, 0.000046
4410, 0.000083, 0.000056, 0.000052
4411, 0.000082, 0.000048, 0.000045
4412, 0.000078, 0.000048, 0.000046
4413, 0.000080, 0.000061, 0.000057
4414, 0.000083, 0.000049, 0.000047
4415, 0.000085, 0.000058, 0.000055
4416, 0.000082, 0.000047, 0.000044
4417, 0.000080, 0.000047, 0.000044
4418, 0.000081, 0.000067, 0.000062
4419, 0.000087, 0.000054, 0.000052
4420, 0.000093, 0.000076, 0.000070
4421, 0.000092, 0.000050, 0.000048
4422, 0.000085, 0.000053, 0.000049
4423, 0.000080, 0.000057, 0.000052
4424, 0.000081, 0.000052, 0.000049
4425, 0.000089, 0.000077, 0.000071
4426, 0.000097, 0.000055, 0.000053
4427, 0.000093, 0.000059, 0.000055
4428, 0.000083, 0.000051, 0.000048
4429, 0.000079, 0.000052, 0.000051
4430, 0.000087, 0.000078, 0.000074
4431, 0.000093, 0.000053, 0.000050
4432, 0.000089, 0.000056, 0.000053
4433, 0.000081, 0.000052, 0.000049
4434, 0.000079, 0.000051, 0.000048
4435, 0.000085, 0.000067, 0.000063
4436, 0.000088, 0.000048, 0.000046
4437, 0.000083, 0.000051, 0.000047
4438, 0.000079, 0.000056, 0.000053
4439, 0.000080, 0.000050, 0.000046
4440, 0.000083, 0.000060, 0.000055
4441, 0.000082, 0.000049, 0.000046
4442, 0.000082, 0.000052, 0.000047
4443, 0.000079, 0.000048, 0.000044
4444, 0.000079, 0.000048, 0.000045
4445, 0.000080, 0.000059, 0.000055
4446, 0.000082, 0.000049, 0.000047
4447, 0.000084, 0.000061, 0.000057
4448, 0.000084, 0.000049, 0.000046
4449, 0.000079, 0.000050, 0.000046
4450, 0.000080, 0.000058, 0.000055
4451, 0.000082, 0.000049, 0.000046
4452, 0.000080, 0.000053, 0.000049
4453, 0.000079, 0.000050, 0.000048
4454, 0.000080, 0.000050, 0.000045
4455, 0.000077, 0.000057, 0.000052
4456, 0.000081, 0.000051, 0.000048
4457, 0.000081, 0.000057, 0.000052
4458, 0.000080, 0.000050, 0.000047
4459, 0.000079, 0.000051, 0.000049
4460, 0.000079, 0.000055, 0.000050
4461, 0.000080, 0.000049, 0.000046
4462, 0.000079, 0.000053, 0.000049
4463, 0.000080, 0.000049, 0.000045
4464, 0.000078, 0.000050, 0.000048
4465, 0.000079, 0.000052, 0.000049
4466, 0.000078, 0.000049, 0.000047
4467, 0.000078, 0.000052, 0.000049
4468, 0.000079, 0.000048, 0.000045
4469, 0.000079, 0.000055, 0.000051
4470, 0.000081, 0.000047, 0.000045
4471, 0.000081, 0.000057, 0.000052
4472, 0.000082, 0.000049, 0.000046
4473, 0.000079, 0.000050, 0.000048
4474, 0.000079, 0.000054, 0.000050
4475, 0.000079, 0.000050, 0.000048
4476, 0.000084, 0.000067, 0.000063
4477, 0.000087, 0.000055, 0.000051
4478, 0.000086, 0.000058, 0.000054
4479, 0.000081, 0.000048, 0.000045
4480, 0.000077, 0.000048, 0.000045
4481, 0.000080, 0.000058, 0.000055
4482, 0.000082, 0.000049, 0.000046
4483, 0.000081, 0.000055, 0.000050
4484, 0.000079, 0.000050, 0.000047
4485, 0.000077, 0.000048, 0.000045
4486, 0.000077, 0.000057, 0.000053
4487, 0.000080, 0.000048, 0.000045
4488, 0.000080, 0.000051, 0.000048
4489, 0.000078, 0.000048, 0.000044
4490, 0.000077, 0.000047, 0.000045
4491, 0.000078, 0.000055, 0.000050
4492, 0.000078, 0.000049, 0.000046
4493, 0.000079, 0.000054, 0.000050
4494, 0.000078, 0.000050, 0.000045
4495, 0.000077, 0.000048, 0.000045
4496, 0.000077, 0.000053, 0.000049
4497, 0.000078, 0.000047, 0.000044
4498, 0.000081, 0.000054, 0.000051
4499, 0.000080, 0.000048, 0.000044
4500, 0.000078, 0.000050, 0.000046
4501, 0.000077, 0.000052, 0.000049
4502, 0.000078, 0.000051, 0.000047
4503, 0.000078, 0.000056, 0.000052
4504, 0.000078, 0.000047, 0.000044
4505, 0.000076, 0.000050, 0.000045
4506, 0.000077, 0.000048, 0.000044
4507, 0.000077, 0.000046, 0.000043
4508, 0.000076, 0.000056, 0.000051
4509, 0.000079, 0.000053, 0.000051
4510, 0.000085, 0.000070, 0.000064
4511, 0.000087, 0.000052, 0.000049
4512, 0.000084, 0.000059, 0.000054
4513, 0.000081, 0.000049, 0.000045
4514, 0.000078, 0.000047, 0.000044
4515, 0.000078, 0.000064, 0.000058
4516, 0.000083, 0.000053, 0.000050
4517, 0.000087, 0.000068, 0.000064
4518, 0.000087, 0.000052, 0.000050
4519, 0.000083, 0.000055, 0.000051
4520, 0.000079, 0.000049, 0.000047
4521, 0.000077, 0.000050, 0.000047
4522, 0.000082, 0.000076, 0.000071
4523, 0.000092, 0.000060, 0.000059
4524, 0.000094, 0.000067, 0.000062
4525, 0.000086, 0.000048, 0.000046
4526, 0.000078, 0.000048, 0.000045
4527, 0.000076, 0.000067, 0.000061
4528, 0.000084, 0.000058, 0.000056
4529, 0.000090, 0.000064, 0.000059
4530, 0.000084, 0.000049, 0.000045
4531, 0.000076, 0.000050, 0.000047
4532, 0.000082, 0.000072, 0.000067
4533, 0.000091, 0.000060, 0.000056
4534, 0.000090, 0.000064, 0.000060
4535, 0.000084, 0.000049, 0.000045
4536, 0.000077, 0.000048, 0.000045
4537, 0.000077, 0.000056, 0.000054
4538, 0.000082, 0.000051, 0.000049
4539, 0.000085, 0.000063, 0.000058
4540, 0.000083, 0.000048, 0.000047
4541, 0.000081, 0.000053, 0.000048
4542, 0.000076, 0.000050, 0.000046
4543, 0.000076, 0.000048, 0.000045
4544, 0.000079, 0.000062, 0.000056
4545, 0.000081, 0.000048, 0.000046
4546, 0.000078, 0.000047, 0.000044
4547, 0.000074, 0.000052, 0.000047
4548, 0.000077, 0.000048, 0.000045
4549, 0.000078, 0.000052, 0.000048
4550, 0.000076, 0.000050, 0.000046
4551, 0.000074, 0.000049, 0.000047
4552, 0.000079, 0.000058, 0.000054
4553, 0.000079, 0.000048, 0.000045
4554, 0.000079, 0.000050, 0.000048
4555, 0.000077, 0.000047, 0.000044
4556, 0.000076, 0.000049, 0.000046
4557, 0.000076, 0.000051, 0.000049
4558, 0.000076, 0.000049, 0.000046
4559, 0.000078, 0.000058, 0.000053
4560, 0.000078, 0.000047, 0.000045
4561, 0.000076, 0.000047, 0.000044
4562, 0.000075, 0.000053, 0.000049
4563, 0.000076, 0.000047, 0.000045
4564, 0.000077, 0.000050, 0.000046
4565, 0.000075, 0.000048, 0.000044
4566, 0.000075, 0.000048, 0.000046
4567, 0.000076, 0.000051, 0.000047
4568, 0.000074, 0.000051, 0.000047
4569, 0.000074, 0.000050, 0.000047
4570, 0.000076, 0.000051, 0.000047
4571, 0.000076, 0.000048, 0.000045
4572, 0.000077, 0.000060, 0.000058
4573, 0.000082, 0.000051, 0.000047
4574, 0.000078, 0.000055, 0.000051
4575, 0.000077, 0.000048, 0.000047
4576, 0.000078, 0.000052, 0.000048
4577, 0.000076, 0.000049, 0.000046
4578, 0.000075, 0.000049, 0.000047
4579, 0.000076, 0.000054, 0.000049
4580, 0.000076, 0.000049, 0.000046
4581, 0.000074, 0.000049, 0.000046
4582, 0.000075, 0.000051, 0.000046
4583, 0.000076, 0.000047, 0.000044
4584, 0.000075, 0.000049, 0.000046
4585, 0.000076, 0.000048, 0.000045
4586, 0.000074, 0.000047, 0.000045
4587, 0.000075, 0.000051, 0.000048
4588, 0.000074, 0.000049, 0.000046
4589, 0.000075, 0.000051, 0.000048
4590, 0.000074, 0.000050, 0.000047
4591, 0.000074, 0.000049, 0.000046
4592, 0.000074, 0.000049, 0.000045
4593, 0.000074, 0.000047, 0.000044
4594, 0.000074, 0.000048, 0.000045
4595, 0.000074, 0.000048, 0.000045
4596, 0.000073, 0.000049, 0.000046
4597, 0.000074, 0.000051, 0.000046
4598, 0.000075, 0.000054, 0.000049
4599, 0.000074, 0.000048, 0.000045
4600, 0.000075, 0.000051, 0.000048
4601, 0.000074, 0.000046, 0.000043
4602, 0.000075, 0.000050, 0.000048
4603, 0.000075, 0.000048, 0.000045
4604, 0.000075, 0.000056, 0.000053
4605, 0.000077, 0.000050, 0.000048
4606, 0.000076, 0.000057, 0.000053
4607, 0.000076, 0.000049, 0.000046
4608, 0.000074, 0.000047, 0.000045
4609, 0.000074, 0.000058, 0.000054
4610, 0.000078, 0.000050, 0.000048
4611, 0.000084, 0.000071, 0.000067
4612, 0.000088, 0.000057, 0.000054
4613, 0.000088, 0.000064, 0.000059
4614, 0.000080, 0.000049, 0.000046
4615, 0.000074, 0.000051, 0.000047
4616, 0.000075, 0.000065, 0.000060
4617, 0.000080, 0.000056, 0.000054
4618, 0.000088, 0.000074, 0.000069
4619, 0.000088, 0.000051, 0.000049
4620, 0.000083, 0.000055, 0.000052
4621, 0.000077, 0.000048, 0.000044
4622, 0.000073, 0.000048, 0.000044
4623, 0.000074, 0.000058, 0.000052
4624, 0.000077, 0.000053, 0.000050
4625, 0.000081, 0.000064, 0.000059
4626, 0.000080, 0.000050, 0.000048
4627, 0.000078, 0.000055, 0.000052
4628, 0.000075, 0.000048, 0.000046
4629, 0.000074, 0.000047, 0.000045
4630, 0.000073, 0.000053, 0.000048
4631, 0.000075, 0.000047, 0.000044
4632, 0.000074, 0.000050, 0.000047
4633, 0.000073, 0.000049, 0.000045
4634, 0.000073, 0.000048, 0.000045
4635, 0.000073, 0.000048, 0.000045
4636, 0.000074, 0.000048, 0.000044
4637, 0.000074, 0.000050, 0.000047
4638, 0.000073, 0.000047, 0.000044
4639, 0.000074, 0.000053, 0.000048
4640, 0.000074, 0.000048, 0.000045
4641, 0.000073, 0.000049, 0.000045
4642, 0.000072, 0.000050, 0.000046
4643, 0.000074, 0.000051, 0.000047
4644, 0.000072, 0.000047, 0.000044
4645, 0.000074, 0.000049, 0.000046
4646, 0.000074, 0.000047, 0.000045
4647, 0.000073, 0.000046, 0.000044
4648, 0.000073, 0.000051, 0.000048
4649, 0.000074, 0.000049, 0.000047
4650, 0.000076, 0.000055, 0.000052
4651, 0.000076, 0.000049, 0.000046
4652, 0.000074, 0.000051, 0.000048
4653, 0.000073, 0.000050, 0.000048
4654, 0.000073, 0.000047, 0.000045
4655, 0.000075, 0.000055, 0.000052
4656, 0.000076, 0.000049, 0.000047
4657, 0.000077, 0.000059, 0.000054
4658, 0.000077, 0.000049, 0.000047
4659, 0.000077, 0.000054, 0.000050
4660, 0.000074, 0.000051, 0.000046
4661, 0.000072, 0.000048, 0.000045
4662, 0.000074, 0.000055, 0.000051
4663, 0.000076, 0.000051, 0.000047
4664, 0.000078, 0.000062, 0.000059
4665, 0.000080, 0.000050, 0.000048
4666, 0.000077, 0.000053, 0.000049
4667, 0.000075, 0.000046, 0.000044
4668, 0.000073, 0.000048, 0.000045
4669, 0.000073, 0.000051, 0.000047
4670, 0.000072, 0.000050, 0.000048
4671, 0.000077, 0.000070, 0.000064
4672, 0.000082, 0.000054, 0.000052
4673, 0.000084, 0.000072, 0.000068
4674, 0.000087, 0.000057, 0.000055
4675, 0.000086, 0.000061, 0.000057
4676, 0.000080, 0.000046, 0.000043
4677, 0.000073, 0.000047, 0.000044
4678, 0.000072, 0.000050, 0.000047
4679, 0.000073, 0.000048, 0.000046
4680, 0.000075, 0.000059, 0.000054
4681, 0.000078, 0.000049, 0.000047
4682, 0.000076, 0.000054, 0.000049
4683, 0.000074, 0.000048, 0.000045
4684, 0.000073, 0.000048, 0.000045
4685, 0.000073, 0.000056, 0.000051
4686, 0.000075, 0.000051, 0.000048
4687, 0.000076, 0.000060, 0.000056
4688, 0.000077, 0.000048, 0.000046
4689, 0.000076, 0.000056, 0.000051
4690, 0.000076, 0.000047, 0.000044
4691, 0.000074, 0.000050, 0.000047
4692, 0.000072, 0.000048, 0.000045
4693, 0.000073, 0.000050, 0.000047
4694, 0.000072, 0.000046, 0.000043
4695, 0.000071, 0.000050, 0.000046
4696, 0.000072, 0.000050, 0.000047
4697, 0.000071, 0.000048, 0.000046
4698, 0.000072, 0.000056, 0.000051
4699, 0.000074, 0.000048, 0.000045
4700, 0.000074, 0.000053, 0.000049
4701, 0.000073, 0.000048, 0.000045
4702, 0.000070, 0.000048, 0.000045
4703, 0.000071, 0.000050, 0.000046
4704, 0.000071, 0.000047, 0.000045
4705, 0.000072, 0.000049, 0.000046
4706, 0.000071, 0.000046, 0.000043
4707, 0.000071, 0.000049, 0.000046
4708, 0.000071, 0.000048, 0.000044
4709, 0.000072, 0.000050, 0.000046
4710, 0.000071, 0.000048, 0.000045
4711, 0.000071, 0.000048, 0.000044
4712, 0.000072, 0.000051, 0.000047
4713, 0.000073, 0.000047, 0.000044
4714, 0.000070, 0.000049, 0.000045
4715, 0.000070, 0.000049, 0.000046
4716, 0.000071, 0.000048, 0.000044
4717, 0.000071, 0.000050, 0.000046
4718, 0.000070, 0.000046, 0.000044
4719, 0.000072, 0.000052, 0.000048
4720, 0.000072, 0.000048, 0.000046
4721, 0.000070, 0.000048, 0.000046
4722, 0.000070, 0.000053, 0.000049
4723, 0.000071, 0.000049, 0.000046
4724, 0.000070, 0.000048, 0.000045
4725, 0.000071, 0.000050, 0.000047
4726, 0.000071, 0.000048, 0.000045
4727, 0.000070, 0.000048, 0.000045
4728, 0.000070, 0.000048, 0.000046
4729, 0.000071, 0.000048, 0.000045
4730, 0.000073, 0.000060, 0.000057
4731, 0.000076, 0.000052, 0.000050
4732, 0.000078, 0.000065, 0.000060
4733, 0.000079, 0.000049, 0.000047
4734, 0.000074, 0.000052, 0.000048
4735, 0.000071, 0.000048, 0.000044
4736, 0.000070, 0.000048, 0.000045
4737, 0.000071, 0.000051, 0.000047
4738, 0.000070, 0.000049, 0.000046
4739, 0.000070, 0.000048, 0.000045
4740, 0.000071, 0.000054, 0.000049
4741, 0.000072, 0.000047, 0.000045
4742, 0.000072, 0.000053, 0.000050
4743, 0.000072, 0.000048, 0.000046
4744, 0.000071, 0.000050, 0.000047
4745, 0.000071, 0.000048, 0.000045
4746, 0.000070, 0.000049, 0.000045
4747, 0.000070, 0.000049, 0.000045
4748, 0.000070, 0.000047, 0.000044
4749, 0.000071, 0.000054, 0.000051
4750, 0.000072, 0.000048, 0.000046
4751, 0.000074, 0.000058, 0.000055
4752, 0.000077, 0.000050, 0.000048
4753, 0.000075, 0.000062, 0.000056
4754, 0.000076, 0.000049, 0.000047
4755, 0.000075, 0.000057, 0.000052
4756, 0.000072, 0.000048, 0.000045
4757, 0.000070, 0.000048, 0.000046
4758, 0.000070, 0.000052, 0.000049
4759, 0.000071, 0.000047, 0.000044
4760, 0.000073, 0.000055, 0.000051
4761, 0.000074, 0.000051, 0.000047
4762, 0.000077, 0.000065, 0.000060
4763, 0.000078, 0.000051, 0.000049
4764, 0.000077, 0.000063, 0.000057
4765, 0.000075, 0.000050, 0.000047
4766, 0.000072, 0.000051, 0.000047
4767, 0.000069, 0.000049, 0.000045
4768, 0.000070, 0.000048, 0.000045
4769, 0.000074, 0.000066, 0.000061
4770, 0.000079, 0.000056, 0.000054
4771, 0.000086, 0.000087, 0.000081
4772, 0.000095, 0.000072, 0.000070
4773, 0.000099, 0.000088, 0.000081
4774, 0.000096, 0.000059, 0.000057
4775, 0.000086, 0.000060, 0.000054
4776, 0.000074, 0.000047, 0.000044
4777, 0.000069, 0.000047, 0.000045
4778, 0.000072, 0.000068, 0.000061
4779, 0.000079, 0.000055, 0.000054
4780, 0.000083, 0.000067, 0.000062
4781, 0.000079, 0.000051, 0.000048
4782, 0.000074, 0.000050, 0.000048
4783, 0.000069, 0.000050, 0.000047
4784, 0.000071, 0.000049, 0.000047
4785, 0.000074, 0.000063, 0.000058
4786, 0.000079, 0.000052, 0.000049
4787, 0.000078, 0.000056, 0.000051
4788, 0.000074, 0.000047, 0.000044
4789, 0.000070, 0.000048, 0.000045
4790, 0.000069, 0.000049, 0.000046
4791, 0.000069, 0.000047, 0.000044
4792, 0.000069, 0.000052, 0.000048
4793, 0.000070, 0.000048, 0.000045
4794, 0.000070, 0.000048, 0.000045
4795, 0.000068, 0.000049, 0.000046
4796, 0.000070, 0.000046, 0.000043
4797, 0.000069, 0.000051, 0.000047
4798, 0.000071, 0.000047, 0.000045
4799, 0.000071, 0.000050, 0.000046
4800, 0.000069, 0.000047, 0.000044
4801, 0.000067, 0.000046, 0.000043
4802, 0.000070, 0.000050, 0.000046
4803, 0.000070, 0.000047, 0.000043
4804, 0.000069, 0.000049, 0.000046
4805, 0.000070, 0.000051, 0.000046
4806, 0.000068, 0.000048, 0.000045
4807, 0.000068, 0.000049, 0.000046
4808, 0.000069, 0.000048, 0.000044
4809, 0.000069, 0.000050, 0.000046
4810, 0.000069, 0.000047, 0.000044
4811, 0.000070, 0.000053, 0.000048
4812, 0.000070, 0.000046, 0.000043
4813, 0.000069, 0.000048, 0.000045
4814, 0.000069, 0.000048, 0.000044
4815, 0.000068, 0.000046, 0.000044
4816, 0.000068, 0.000049, 0.000046
4817, 0.000069, 0.000048, 0.000045
4818, 0.000069, 0.000056, 0.000050
4819, 0.000069, 0.000048, 0.000045
4820, 0.000070, 0.000049, 0.000045
4821, 0.000067, 0.000049, 0.000045
4822, 0.000068, 0.000047, 0.000045
4823, 0.000070, 0.000052, 0.000049
4824, 0.000069, 0.000046, 0.000044
4825, 0.000069, 0.000047, 0.000045
4826, 0.000067, 0.000050, 0.000046
4827, 0.000068, 0.000049, 0.000047
4828, 0.000070, 0.000057, 0.000052
4829, 0.000071, 0.000049, 0.000046
4830, 0.000072, 0.000054, 0.000049
4831, 0.000071, 0.000047, 0.000044
4832, 0.000069, 0.000050, 0.000045
4833, 0.000068, 0.000049, 0.000045
4834, 0.000069, 0.000048, 0.000044
4835, 0.000069, 0.000055, 0.000050
4836, 0.000070, 0.000048, 0.000045
4837, 0.000071, 0.000056, 0.000051
4838, 0.000071, 0.000050, 0.000049
4839, 0.000072, 0.000054, 0.000050
4840, 0.000071, 0.000047, 0.000045
4841, 0.000069, 0.000052, 0.000048
4842, 0.000069, 0.000048, 0.000045
4843, 0.000068, 0.000048, 0.000045
4844, 0.000067, 0.000048, 0.000045
4845, 0.000068, 0.000047, 0.000043
4846, 0.000068, 0.000049, 0.000045
4847, 0.000068, 0.000046, 0.000043
4848, 0.000068, 0.000049, 0.000045
4849, 0.000067, 0.000047, 0.000044
4850, 0.000068, 0.000053, 0.000048
4851, 0.000069, 0.000048, 0.000044
4852, 0.000068, 0.000050, 0.000046
4853, 0.000069, 0.000047, 0.000043
4854, 0.000068, 0.000047, 0.000043
4855, 0.000068, 0.000048, 0.000044
4856, 0.000068, 0.000047, 0.000044
4857, 0.000068, 0.000052, 0.000049
4858, 0.000070, 0.000049, 0.000046
4859, 0.000070, 0.000056, 0.000052
4860, 0.000070, 0.000049, 0.000047
4861, 0.000070, 0.000052, 0.000048
4862, 0.000070, 0.000051, 0.000048
4863, 0.000069, 0.000049, 0.000046
4864, 0.000071, 0.000063, 0.000058
4865, 0.000076, 0.000051, 0.000050
4866, 0.000075, 0.000056, 0.000052
4867, 0.000071, 0.000048, 0.000045
4868, 0.000069, 0.000048, 0.000045
4869, 0.000068, 0.000055, 0.000050
4870, 0.000070, 0.000050, 0.000047
4871, 0.000073, 0.000062, 0.000057
4872, 0.000076, 0.000056, 0.000053
4873, 0.000078, 0.000067, 0.000062
4874, 0.000079, 0.000055, 0.000053
4875, 0.000080, 0.000068, 0.000062
4876, 0.000080, 0.000052, 0.000050
4877, 0.000076, 0.000054, 0.000049
4878, 0.000070, 0.000048, 0.000045
4879, 0.000068, 0.000049, 0.000047
4880, 0.000069, 0.000049, 0.000045
4881, 0.000068, 0.000047, 0.000044
4882, 0.000067, 0.000053, 0.000049
4883, 0.000069, 0.000050, 0.000046
4884, 0.000070, 0.000052, 0.000048
4885, 0.000068, 0.000047, 0.000044
4886, 0.000069, 0.000050, 0.000046
4887, 0.000066, 0.000047, 0.000045
4888, 0.000067, 0.000047, 0.000044
4889, 0.000067, 0.000049, 0.000045
4890, 0.000067, 0.000047, 0.000045
4891, 0.000068, 0.000056, 0.000052
4892, 0.000072, 0.000053, 0.000051
4893, 0.000075, 0.000063, 0.000059
4894, 0.000077, 0.000054, 0.000052
4895, 0.000076, 0.000063, 0.000057
4896, 0.000073, 0.000048, 0.000046
4897, 0.000068, 0.000049, 0.000044
4898, 0.000068, 0.000057, 0.000052
4899, 0.000071, 0.000055, 0.000053
4900, 0.000078, 0.000071, 0.000065
4901, 0.000083, 0.000058, 0.000057
4902, 0.000082, 0.000067, 0.000064
4903, 0.000083, 0.000055, 0.000054
4904, 0.000078, 0.000060, 0.000056
4905, 0.000075, 0.000048, 0.000046
4906, 0.000070, 0.000050, 0.000046
4907, 0.000067, 0.000051, 0.000047
4908, 0.000067, 0.000050, 0.000047
4909, 0.000072, 0.000062, 0.000057
4910, 0.000078, 0.000055, 0.000053
4911, 0.000080, 0.000065, 0.000060
4912, 0.000077, 0.000050, 0.000048
4913, 0.000071, 0.000050, 0.000045
4914, 0.000067, 0.000053, 0.000048
4915, 0.000067, 0.000054, 0.000052
4916, 0.000075, 0.000068, 0.000062
4917, 0.000080, 0.000056, 0.000054
4918, 0.000078, 0.000057, 0.000052
4919, 0.000072, 0.000047, 0.000044
4920, 0.000066, 0.000047, 0.000044
4921, 0.000066, 0.000055, 0.000050
4922, 0.000070, 0.000050, 0.000047
4923, 0.000070, 0.000054, 0.000048
4924, 0.000069, 0.000046, 0.000043
4925, 0.000066, 0.000046, 0.000043
4926, 0.000065, 0.000050, 0.000046
4927, 0.000068, 0.000047, 0.000045
4928, 0.000068, 0.000053, 0.000048
4929, 0.000070, 0.000050, 0.000047
4930, 0.000069, 0.000056, 0.000052
4931, 0.000070, 0.000050, 0.000048
4932, 0.000070, 0.000047, 0.000045
4933, 0.000067, 0.000049, 0.000046
4934, 0.000067, 0.000047, 0.000044
4935, 0.000068, 0.000050, 0.000046
4936, 0.000069, 0.000048, 0.000044
4937, 0.000067, 0.000046, 0.000042
4938, 0.000066, 0.000048, 0.000043
4939, 0.000066, 0.000048, 0.000044
4940, 0.000067, 0.000052, 0.000048
4941, 0.000068, 0.000050, 0.000046
4942, 0.000066, 0.000047, 0.000043
4943, 0.000066, 0.000050, 0.000046
4944, 0.000068, 0.000048, 0.000045
4945, 0.000068, 0.000047, 0.000044
4946, 0.000066, 0.000047, 0.000045
4947, 0.000065, 0.000048, 0.000045
4948, 0.000066, 0.000049, 0.000046
4949, 0.000066, 0.000048, 0.000045
4950, 0.000068, 0.000055, 0.000050
4951, 0.000070, 0.000050, 0.000048
4952, 0.000071, 0.000052, 0.000049
4953, 0.000067, 0.000047, 0.000044
4954, 0.000065, 0.000047, 0.000044
4955, 0.000066, 0.000053, 0.000049
4956, 0.000068, 0.000051, 0.000047
4957, 0.000070, 0.000054, 0.000049
4958, 0.000069, 0.000047, 0.000044
4959, 0.000067, 0.000048, 0.000044
4960, 0.000065, 0.000050, 0.000046
4961, 0.000066, 0.000048, 0.000046
4962, 0.000069, 0.000059, 0.000053
4963, 0.000072, 0.000053, 0.000052
4964, 0.000074, 0.000058, 0.000053
4965, 0.000071, 0.000050, 0.000047
4966, 0.000069, 0.000049, 0.000046
4967, 0.000066, 0.000048, 0.000044
4968, 0.000064, 0.000047, 0.000044
4969, 0.000066, 0.000051, 0.000048
4970, 0.000067, 0.000049, 0.000046
4971, 0.000068, 0.000051, 0.000046
4972, 0.000067, 0.000047, 0.000043
4973, 0.000065, 0.000048, 0.000044
4974, 0.000066, 0.000050, 0.000046
4975, 0.000067, 0.000048, 0.000046
4976, 0.000067, 0.000054, 0.000050
4977, 0.000067, 0.000050, 0.000050
4978, 0.000069, 0.000054, 0.000051
4979, 0.000068, 0.000050, 0.000047
4980, 0.000069, 0.000051, 0.000047
4981, 0.000066, 0.000048, 0.000045
4982, 0.000066, 0.000048, 0.000045
4983, 0.000065, 0.000050, 0.000046
4984, 0.000065, 0.000048, 0.000046
4985, 0.000068, 0.000055, 0.000050
4986, 0.000069, 0.000050, 0.000047
4987, 0.000070, 0.000058, 0.000053
4988, 0.000071, 0.000054, 0.000051
4989, 0.000073, 0.000060, 0.000056
4990, 0.000074, 0.000052, 0.000050
4991, 0.000072, 0.000054, 0.000051
4992, 0.000069, 0.000046, 0.000044
4993, 0.000065, 0.000047, 0.000044
4994, 0.000063, 0.000051, 0.000047
4995, 0.000066, 0.000049, 0.000047
4996, 0.000070, 0.000063, 0.000057
4997, 0.000074, 0.000056, 0.000054
4998, 0.000077, 0.000067, 0.000061
4999, 0.000077, 0.000053, 0.000051
5000, 0.000072, 0.000053, 0.000049
