Epoch, Train Loss, Valid Loss, Test Loss
1, 0.479505, 0.542080, 0.543725
2, 0.412348, 0.475902, 0.478209
3, 0.361131, 0.417413, 0.420603
4, 0.323016, 0.369332, 0.373109
5, 0.294038, 0.331266, 0.335568
6, 0.271451, 0.307020, 0.311391
7, 0.256159, 0.287256, 0.291628
8, 0.242518, 0.269980, 0.274240
9, 0.229415, 0.252783, 0.256685
10, 0.215654, 0.235841, 0.239421
11, 0.201687, 0.219310, 0.222551
12, 0.187601, 0.203260, 0.206112
13, 0.173607, 0.188417, 0.190916
14, 0.160511, 0.174336, 0.176554
15, 0.148222, 0.160750, 0.162737
16, 0.136515, 0.147820, 0.149604
17, 0.125430, 0.135428, 0.137030
18, 0.114860, 0.123356, 0.124802
19, 0.104641, 0.111536, 0.112861
20, 0.094717, 0.100076, 0.101306
21, 0.085161, 0.089152, 0.090300
22, 0.076083, 0.078976, 0.080048
23, 0.067607, 0.069728, 0.070719
24, 0.059850, 0.061447, 0.062355
25, 0.052870, 0.054094, 0.054921
26, 0.046654, 0.047610, 0.048367
27, 0.041144, 0.041939, 0.042636
28, 0.036299, 0.037021, 0.037664
29, 0.032072, 0.032723, 0.033316
30, 0.028368, 0.028902, 0.029452
31, 0.025122, 0.025516, 0.026027
32, 0.022222, 0.022555, 0.023028
33, 0.019724, 0.020005, 0.020445
34, 0.017540, 0.017819, 0.018228
35, 0.015670, 0.015957, 0.016339
36, 0.014081, 0.014376, 0.014736
37, 0.012730, 0.013043, 0.013385
38, 0.011594, 0.011912, 0.012240
39, 0.010625, 0.010943, 0.011258
40, 0.009787, 0.010091, 0.010394
41, 0.009044, 0.009317, 0.009608
42, 0.008396, 0.008598, 0.008880
43, 0.007791, 0.007959, 0.008231
44, 0.007260, 0.007386, 0.007646
45, 0.006779, 0.006870, 0.007120
46, 0.006346, 0.006405, 0.006646
47, 0.005973, 0.005987, 0.006221
48, 0.005636, 0.005621, 0.005848
49, 0.005345, 0.005308, 0.005530
50, 0.005091, 0.005045, 0.005261
51, 0.004873, 0.004819, 0.005028
52, 0.004672, 0.004616, 0.004816
53, 0.004490, 0.004432, 0.004624
54, 0.004334, 0.004263, 0.004449
55, 0.004191, 0.004115, 0.004295
56, 0.004059, 0.003985, 0.004159
57, 0.003945, 0.003864, 0.004034
58, 0.003845, 0.003760, 0.003924
59, 0.003760, 0.003676, 0.003836
60, 0.003691, 0.003608, 0.003763
61, 0.003625, 0.003543, 0.003694
62, 0.003563, 0.003476, 0.003623
63, 0.003516, 0.003412, 0.003555
64, 0.003471, 0.003350, 0.003489
65, 0.003424, 0.003301, 0.003435
66, 0.003377, 0.003257, 0.003387
67, 0.003329, 0.003219, 0.003345
68, 0.003307, 0.003174, 0.003297
69, 0.003269, 0.003133, 0.003253
70, 0.003248, 0.003102, 0.003218
71, 0.003213, 0.003081, 0.003195
72, 0.003187, 0.003058, 0.003168
73, 0.003170, 0.003033, 0.003141
74, 0.003149, 0.003008, 0.003113
75, 0.003132, 0.002985, 0.003087
76, 0.003108, 0.002967, 0.003067
77, 0.003099, 0.002954, 0.003050
78, 0.003084, 0.002945, 0.003038
79, 0.003069, 0.002932, 0.003022
80, 0.003053, 0.002915, 0.003003
81, 0.003044, 0.002897, 0.002983
82, 0.003034, 0.002882, 0.002967
83, 0.003025, 0.002877, 0.002959
84, 0.003010, 0.002879, 0.002957
85, 0.003009, 0.002868, 0.002944
86, 0.002994, 0.002857, 0.002930
87, 0.002986, 0.002844, 0.002916
88, 0.002980, 0.002834, 0.002904
89, 0.002972, 0.002828, 0.002897
90, 0.002970, 0.002821, 0.002887
91, 0.002955, 0.002812, 0.002876
92, 0.002954, 0.002809, 0.002871
93, 0.002954, 0.002809, 0.002867
94, 0.002943, 0.002805, 0.002861
95, 0.002935, 0.002798, 0.002852
96, 0.002924, 0.002790, 0.002843
97, 0.002926, 0.002781, 0.002833
98, 0.002920, 0.002776, 0.002826
99, 0.002910, 0.002779, 0.002827
100, 0.002911, 0.002781, 0.002827
101, 0.002906, 0.002778, 0.002823
102, 0.002895, 0.002768, 0.002813
103, 0.002895, 0.002759, 0.002802
104, 0.002893, 0.002756, 0.002797
105, 0.002885, 0.002759, 0.002798
106, 0.002880, 0.002762, 0.002800
107, 0.002881, 0.002758, 0.002795
108, 0.002871, 0.002750, 0.002785
109, 0.002866, 0.002742, 0.002776
110, 0.002867, 0.002742, 0.002774
111, 0.002864, 0.002746, 0.002777
112, 0.002865, 0.002740, 0.002770
113, 0.002856, 0.002736, 0.002765
114, 0.002853, 0.002731, 0.002760
115, 0.002857, 0.002731, 0.002758
116, 0.002839, 0.002730, 0.002757
117, 0.002838, 0.002726, 0.002752
118, 0.002835, 0.002723, 0.002748
119, 0.002835, 0.002723, 0.002747
120, 0.002833, 0.002723, 0.002746
121, 0.002827, 0.002721, 0.002743
122, 0.002828, 0.002718, 0.002739
123, 0.002826, 0.002716, 0.002736
124, 0.002822, 0.002713, 0.002731
125, 0.002820, 0.002715, 0.002732
126, 0.002815, 0.002713, 0.002730
127, 0.002813, 0.002703, 0.002720
128, 0.002813, 0.002701, 0.002717
129, 0.002811, 0.002701, 0.002717
130, 0.002805, 0.002707, 0.002721
131, 0.002804, 0.002706, 0.002718
132, 0.002796, 0.002702, 0.002713
133, 0.002791, 0.002696, 0.002708
134, 0.002789, 0.002695, 0.002705
135, 0.002783, 0.002694, 0.002704
136, 0.002787, 0.002694, 0.002702
137, 0.002786, 0.002695, 0.002703
138, 0.002779, 0.002693, 0.002700
139, 0.002777, 0.002691, 0.002698
140, 0.002771, 0.002686, 0.002692
141, 0.002767, 0.002684, 0.002690
142, 0.002763, 0.002683, 0.002688
143, 0.002760, 0.002684, 0.002689
144, 0.002761, 0.002685, 0.002690
145, 0.002757, 0.002687, 0.002690
146, 0.002752, 0.002683, 0.002685
147, 0.002753, 0.002678, 0.002681
148, 0.002745, 0.002674, 0.002676
149, 0.002754, 0.002672, 0.002674
150, 0.002745, 0.002671, 0.002673
151, 0.002739, 0.002674, 0.002674
152, 0.002740, 0.002673, 0.002672
153, 0.002731, 0.002673, 0.002671
154, 0.002739, 0.002669, 0.002668
155, 0.002732, 0.002668, 0.002667
156, 0.002728, 0.002667, 0.002666
157, 0.002727, 0.002669, 0.002666
158, 0.002722, 0.002667, 0.002663
159, 0.002722, 0.002668, 0.002664
160, 0.002719, 0.002663, 0.002659
161, 0.002717, 0.002664, 0.002660
162, 0.002708, 0.002660, 0.002655
163, 0.002714, 0.002658, 0.002653
164, 0.002709, 0.002657, 0.002651
165, 0.002704, 0.002658, 0.002651
166, 0.002705, 0.002658, 0.002651
167, 0.002697, 0.002660, 0.002652
168, 0.002700, 0.002657, 0.002650
169, 0.002693, 0.002655, 0.002647
170, 0.002700, 0.002652, 0.002643
171, 0.002694, 0.002652, 0.002643
172, 0.002690, 0.002649, 0.002640
173, 0.002684, 0.002648, 0.002639
174, 0.002687, 0.002648, 0.002639
175, 0.002682, 0.002647, 0.002637
176, 0.002682, 0.002647, 0.002637
177, 0.002673, 0.002646, 0.002636
178, 0.002677, 0.002645, 0.002634
179, 0.002671, 0.002645, 0.002634
180, 0.002668, 0.002643, 0.002632
181, 0.002670, 0.002643, 0.002632
182, 0.002663, 0.002641, 0.002629
183, 0.002662, 0.002638, 0.002626
184, 0.002660, 0.002637, 0.002624
185, 0.002657, 0.002637, 0.002623
186, 0.002656, 0.002639, 0.002626
187, 0.002656, 0.002637, 0.002624
188, 0.002650, 0.002636, 0.002623
189, 0.002650, 0.002633, 0.002619
190, 0.002650, 0.002635, 0.002620
191, 0.002645, 0.002633, 0.002618
192, 0.002643, 0.002630, 0.002617
193, 0.002638, 0.002627, 0.002614
194, 0.002636, 0.002625, 0.002610
195, 0.002634, 0.002625, 0.002610
196, 0.002635, 0.002626, 0.002610
197, 0.002636, 0.002626, 0.002611
198, 0.002631, 0.002623, 0.002608
199, 0.002623, 0.002621, 0.002604
200, 0.002624, 0.002619, 0.002603
201, 0.002619, 0.002620, 0.002603
202, 0.002618, 0.002622, 0.002605
203, 0.002619, 0.002622, 0.002605
204, 0.002612, 0.002618, 0.002600
205, 0.002619, 0.002615, 0.002596
206, 0.002614, 0.002613, 0.002594
207, 0.002610, 0.002612, 0.002594
208, 0.002608, 0.002612, 0.002595
209, 0.002607, 0.002611, 0.002593
210, 0.002599, 0.002610, 0.002591
211, 0.002603, 0.002608, 0.002589
212, 0.002601, 0.002610, 0.002590
213, 0.002599, 0.002608, 0.002589
214, 0.002591, 0.002605, 0.002587
215, 0.002596, 0.002603, 0.002585
216, 0.002592, 0.002602, 0.002584
217, 0.002590, 0.002602, 0.002582
218, 0.002591, 0.002602, 0.002582
219, 0.002584, 0.002599, 0.002579
220, 0.002583, 0.002598, 0.002578
221, 0.002583, 0.002595, 0.002576
222, 0.002582, 0.002594, 0.002575
223, 0.002578, 0.002594, 0.002573
224, 0.002577, 0.002594, 0.002573
225, 0.002572, 0.002593, 0.002572
226, 0.002568, 0.002591, 0.002570
227, 0.002569, 0.002589, 0.002568
228, 0.002571, 0.002587, 0.002566
229, 0.002564, 0.002587, 0.002565
230, 0.002562, 0.002587, 0.002564
231, 0.002561, 0.002584, 0.002562
232, 0.002558, 0.002582, 0.002562
233, 0.002556, 0.002581, 0.002560
234, 0.002554, 0.002582, 0.002559
235, 0.002555, 0.002579, 0.002556
236, 0.002553, 0.002577, 0.002555
237, 0.002554, 0.002575, 0.002553
238, 0.002550, 0.002574, 0.002552
239, 0.002545, 0.002575, 0.002552
240, 0.002547, 0.002572, 0.002549
241, 0.002541, 0.002569, 0.002547
242, 0.002541, 0.002566, 0.002544
243, 0.002540, 0.002565, 0.002542
244, 0.002535, 0.002565, 0.002541
245, 0.002533, 0.002564, 0.002541
246, 0.002533, 0.002563, 0.002540
247, 0.002528, 0.002561, 0.002537
248, 0.002526, 0.002558, 0.002534
249, 0.002529, 0.002555, 0.002532
250, 0.002523, 0.002554, 0.002531
251, 0.002522, 0.002554, 0.002531
252, 0.002520, 0.002553, 0.002529
253, 0.002519, 0.002551, 0.002527
254, 0.002523, 0.002549, 0.002524
255, 0.002513, 0.002547, 0.002522
256, 0.002514, 0.002545, 0.002521
257, 0.002512, 0.002545, 0.002520
258, 0.002506, 0.002544, 0.002519
259, 0.002510, 0.002542, 0.002517
260, 0.002505, 0.002538, 0.002513
261, 0.002501, 0.002535, 0.002511
262, 0.002499, 0.002535, 0.002510
263, 0.002498, 0.002534, 0.002509
264, 0.002498, 0.002533, 0.002508
265, 0.002493, 0.002530, 0.002505
266, 0.002493, 0.002527, 0.002502
267, 0.002491, 0.002524, 0.002498
268, 0.002491, 0.002524, 0.002498
269, 0.002485, 0.002524, 0.002498
270, 0.002484, 0.002522, 0.002496
271, 0.002485, 0.002520, 0.002494
272, 0.002483, 0.002518, 0.002492
273, 0.002479, 0.002515, 0.002488
274, 0.002478, 0.002513, 0.002485
275, 0.002472, 0.002512, 0.002485
276, 0.002469, 0.002512, 0.002486
277, 0.002471, 0.002510, 0.002483
278, 0.002469, 0.002508, 0.002480
279, 0.002468, 0.002506, 0.002478
280, 0.002463, 0.002504, 0.002476
281, 0.002465, 0.002501, 0.002473
282, 0.002464, 0.002500, 0.002473
283, 0.002462, 0.002499, 0.002472
284, 0.002462, 0.002500, 0.002472
285, 0.002457, 0.002497, 0.002469
286, 0.002456, 0.002493, 0.002466
287, 0.002455, 0.002489, 0.002462
288, 0.002448, 0.002489, 0.002461
289, 0.002450, 0.002489, 0.002462
290, 0.002450, 0.002486, 0.002458
291, 0.002447, 0.002486, 0.002459
292, 0.002442, 0.002488, 0.002461
293, 0.002444, 0.002484, 0.002456
294, 0.002444, 0.002480, 0.002451
295, 0.002440, 0.002479, 0.002451
296, 0.002436, 0.002481, 0.002453
297, 0.002439, 0.002480, 0.002452
298, 0.002437, 0.002475, 0.002447
299, 0.002431, 0.002473, 0.002444
300, 0.002433, 0.002474, 0.002446
301, 0.002434, 0.002472, 0.002443
302, 0.002430, 0.002470, 0.002441
303, 0.002428, 0.002472, 0.002443
304, 0.002432, 0.002472, 0.002443
305, 0.002429, 0.002467, 0.002438
306, 0.002425, 0.002464, 0.002434
307, 0.002422, 0.002467, 0.002438
308, 0.002423, 0.002464, 0.002435
309, 0.002421, 0.002461, 0.002432
310, 0.002417, 0.002462, 0.002433
311, 0.002419, 0.002463, 0.002435
312, 0.002418, 0.002461, 0.002432
313, 0.002416, 0.002460, 0.002431
314, 0.002416, 0.002459, 0.002430
315, 0.002414, 0.002458, 0.002429
316, 0.002413, 0.002456, 0.002428
317, 0.002410, 0.002454, 0.002425
318, 0.002413, 0.002454, 0.002425
319, 0.002410, 0.002454, 0.002425
320, 0.002411, 0.002453, 0.002424
321, 0.002410, 0.002451, 0.002422
322, 0.002407, 0.002453, 0.002424
323, 0.002410, 0.002455, 0.002426
324, 0.002409, 0.002451, 0.002421
325, 0.002405, 0.002448, 0.002419
326, 0.002404, 0.002447, 0.002417
327, 0.002403, 0.002447, 0.002417
328, 0.002399, 0.002447, 0.002417
329, 0.002403, 0.002447, 0.002418
330, 0.002402, 0.002446, 0.002416
331, 0.002399, 0.002447, 0.002418
332, 0.002400, 0.002446, 0.002416
333, 0.002398, 0.002445, 0.002416
334, 0.002397, 0.002443, 0.002413
335, 0.002394, 0.002441, 0.002412
336, 0.002394, 0.002446, 0.002417
337, 0.002395, 0.002443, 0.002414
338, 0.002396, 0.002437, 0.002408
339, 0.002394, 0.002439, 0.002410
340, 0.002394, 0.002443, 0.002414
341, 0.002392, 0.002438, 0.002409
342, 0.002389, 0.002438, 0.002409
343, 0.002392, 0.002444, 0.002414
344, 0.002387, 0.002436, 0.002406
345, 0.002386, 0.002432, 0.002403
346, 0.002388, 0.002438, 0.002408
347, 0.002387, 0.002439, 0.002408
348, 0.002386, 0.002434, 0.002404
349, 0.002390, 0.002435, 0.002405
350, 0.002386, 0.002437, 0.002407
351, 0.002384, 0.002432, 0.002402
352, 0.002386, 0.002431, 0.002402
353, 0.002383, 0.002433, 0.002403
354, 0.002383, 0.002431, 0.002402
355, 0.002383, 0.002429, 0.002400
356, 0.002382, 0.002431, 0.002402
357, 0.002382, 0.002429, 0.002399
358, 0.002379, 0.002427, 0.002398
359, 0.002378, 0.002428, 0.002399
360, 0.002380, 0.002433, 0.002403
361, 0.002380, 0.002426, 0.002396
362, 0.002380, 0.002424, 0.002395
363, 0.002379, 0.002427, 0.002397
364, 0.002374, 0.002426, 0.002396
365, 0.002377, 0.002422, 0.002392
366, 0.002377, 0.002424, 0.002394
367, 0.002373, 0.002426, 0.002396
368, 0.002372, 0.002421, 0.002392
369, 0.002374, 0.002421, 0.002392
370, 0.002372, 0.002424, 0.002394
371, 0.002374, 0.002422, 0.002392
372, 0.002375, 0.002419, 0.002390
373, 0.002372, 0.002422, 0.002392
374, 0.002370, 0.002419, 0.002390
375, 0.002370, 0.002419, 0.002389
376, 0.002369, 0.002422, 0.002392
377, 0.002369, 0.002419, 0.002389
378, 0.002370, 0.002418, 0.002388
379, 0.002372, 0.002419, 0.002389
380, 0.002367, 0.002416, 0.002386
381, 0.002365, 0.002418, 0.002388
382, 0.002366, 0.002418, 0.002387
383, 0.002365, 0.002415, 0.002385
384, 0.002370, 0.002416, 0.002385
385, 0.002366, 0.002418, 0.002388
386, 0.002364, 0.002415, 0.002384
387, 0.002365, 0.002413, 0.002383
388, 0.002363, 0.002412, 0.002382
389, 0.002363, 0.002417, 0.002386
390, 0.002364, 0.002414, 0.002383
391, 0.002363, 0.002412, 0.002382
392, 0.002362, 0.002417, 0.002386
393, 0.002363, 0.002411, 0.002381
394, 0.002360, 0.002410, 0.002380
395, 0.002357, 0.002413, 0.002382
396, 0.002360, 0.002415, 0.002385
397, 0.002358, 0.002410, 0.002380
398, 0.002359, 0.002412, 0.002381
399, 0.002360, 0.002412, 0.002381
400, 0.002361, 0.002406, 0.002376
401, 0.002357, 0.002408, 0.002378
402, 0.002353, 0.002415, 0.002384
403, 0.002357, 0.002408, 0.002379
404, 0.002358, 0.002406, 0.002377
405, 0.002356, 0.002410, 0.002379
406, 0.002355, 0.002408, 0.002377
407, 0.002355, 0.002404, 0.002374
408, 0.002353, 0.002407, 0.002376
409, 0.002355, 0.002407, 0.002376
410, 0.002351, 0.002407, 0.002376
411, 0.002352, 0.002405, 0.002375
412, 0.002352, 0.002407, 0.002376
413, 0.002353, 0.002404, 0.002373
414, 0.002350, 0.002404, 0.002373
415, 0.002349, 0.002405, 0.002375
416, 0.002355, 0.002404, 0.002373
417, 0.002348, 0.002404, 0.002373
418, 0.002348, 0.002400, 0.002371
419, 0.002351, 0.002404, 0.002374
420, 0.002345, 0.002406, 0.002376
421, 0.002346, 0.002400, 0.002371
422, 0.002351, 0.002401, 0.002371
423, 0.002348, 0.002410, 0.002379
424, 0.002350, 0.002400, 0.002370
425, 0.002350, 0.002399, 0.002369
426, 0.002350, 0.002417, 0.002384
427, 0.002347, 0.002400, 0.002370
428, 0.002349, 0.002398, 0.002369
429, 0.002351, 0.002409, 0.002376
430, 0.002351, 0.002401, 0.002369
431, 0.002343, 0.002397, 0.002368
432, 0.002348, 0.002402, 0.002370
433, 0.002346, 0.002408, 0.002375
434, 0.002348, 0.002398, 0.002368
435, 0.002346, 0.002404, 0.002372
436, 0.002341, 0.002411, 0.002378
437, 0.002344, 0.002397, 0.002368
438, 0.002346, 0.002397, 0.002366
439, 0.002340, 0.002403, 0.002372
440, 0.002343, 0.002394, 0.002365
441, 0.002342, 0.002395, 0.002365
442, 0.002344, 0.002403, 0.002371
443, 0.002344, 0.002397, 0.002367
444, 0.002341, 0.002397, 0.002367
445, 0.002338, 0.002400, 0.002368
446, 0.002341, 0.002397, 0.002366
447, 0.002341, 0.002393, 0.002363
448, 0.002340, 0.002400, 0.002369
449, 0.002340, 0.002398, 0.002367
450, 0.002337, 0.002393, 0.002363
451, 0.002339, 0.002396, 0.002365
452, 0.002339, 0.002397, 0.002365
453, 0.002335, 0.002392, 0.002361
454, 0.002341, 0.002394, 0.002363
455, 0.002338, 0.002400, 0.002368
456, 0.002338, 0.002394, 0.002363
457, 0.002334, 0.002394, 0.002363
458, 0.002336, 0.002395, 0.002364
459, 0.002340, 0.002398, 0.002366
460, 0.002337, 0.002391, 0.002362
461, 0.002337, 0.002392, 0.002361
462, 0.002334, 0.002395, 0.002363
463, 0.002337, 0.002390, 0.002360
464, 0.002334, 0.002393, 0.002362
465, 0.002334, 0.002396, 0.002365
466, 0.002334, 0.002389, 0.002359
467, 0.002337, 0.002393, 0.002362
468, 0.002333, 0.002401, 0.002369
469, 0.002336, 0.002389, 0.002359
470, 0.002338, 0.002391, 0.002360
471, 0.002330, 0.002399, 0.002366
472, 0.002338, 0.002389, 0.002359
473, 0.002333, 0.002389, 0.002359
474, 0.002331, 0.002395, 0.002363
475, 0.002336, 0.002389, 0.002359
476, 0.002335, 0.002389, 0.002359
477, 0.002328, 0.002397, 0.002365
478, 0.002331, 0.002388, 0.002357
479, 0.002334, 0.002388, 0.002357
480, 0.002330, 0.002392, 0.002360
481, 0.002331, 0.002387, 0.002357
482, 0.002329, 0.002389, 0.002358
483, 0.002328, 0.002390, 0.002359
484, 0.002328, 0.002391, 0.002359
485, 0.002328, 0.002387, 0.002356
486, 0.002333, 0.002393, 0.002360
487, 0.002330, 0.002388, 0.002357
488, 0.002329, 0.002386, 0.002355
489, 0.002329, 0.002393, 0.002360
490, 0.002329, 0.002389, 0.002357
491, 0.002326, 0.002385, 0.002354
492, 0.002328, 0.002388, 0.002356
493, 0.002326, 0.002389, 0.002357
494, 0.002328, 0.002385, 0.002354
495, 0.002327, 0.002391, 0.002359
496, 0.002327, 0.002391, 0.002360
497, 0.002329, 0.002383, 0.002354
498, 0.002328, 0.002388, 0.002357
499, 0.002326, 0.002390, 0.002359
500, 0.002326, 0.002382, 0.002353
501, 0.002324, 0.002389, 0.002358
502, 0.002325, 0.002387, 0.002357
503, 0.002326, 0.002382, 0.002352
504, 0.002324, 0.002384, 0.002354
505, 0.002323, 0.002391, 0.002359
506, 0.002327, 0.002380, 0.002351
507, 0.002328, 0.002387, 0.002356
508, 0.002323, 0.002392, 0.002360
509, 0.002326, 0.002382, 0.002353
510, 0.002324, 0.002386, 0.002355
511, 0.002323, 0.002396, 0.002363
512, 0.002327, 0.002380, 0.002350
513, 0.002327, 0.002387, 0.002356
514, 0.002324, 0.002387, 0.002356
515, 0.002324, 0.002380, 0.002350
516, 0.002323, 0.002385, 0.002354
517, 0.002317, 0.002391, 0.002359
518, 0.002324, 0.002379, 0.002349
519, 0.002323, 0.002388, 0.002356
520, 0.002322, 0.002386, 0.002354
521, 0.002321, 0.002379, 0.002349
522, 0.002321, 0.002388, 0.002355
523, 0.002321, 0.002385, 0.002353
524, 0.002322, 0.002378, 0.002348
525, 0.002319, 0.002385, 0.002353
526, 0.002320, 0.002385, 0.002353
527, 0.002319, 0.002379, 0.002349
528, 0.002320, 0.002386, 0.002354
529, 0.002317, 0.002378, 0.002347
530, 0.002316, 0.002377, 0.002347
531, 0.002316, 0.002392, 0.002360
532, 0.002320, 0.002378, 0.002348
533, 0.002319, 0.002379, 0.002349
534, 0.002316, 0.002384, 0.002353
535, 0.002316, 0.002381, 0.002351
536, 0.002317, 0.002378, 0.002348
537, 0.002317, 0.002382, 0.002350
538, 0.002321, 0.002381, 0.002350
539, 0.002318, 0.002376, 0.002346
540, 0.002316, 0.002383, 0.002351
541, 0.002315, 0.002380, 0.002349
542, 0.002314, 0.002374, 0.002344
543, 0.002318, 0.002380, 0.002349
544, 0.002317, 0.002380, 0.002349
545, 0.002313, 0.002375, 0.002345
546, 0.002313, 0.002378, 0.002348
547, 0.002315, 0.002376, 0.002346
548, 0.002310, 0.002378, 0.002347
549, 0.002313, 0.002380, 0.002349
550, 0.002311, 0.002378, 0.002347
551, 0.002313, 0.002377, 0.002346
552, 0.002309, 0.002372, 0.002342
553, 0.002313, 0.002381, 0.002350
554, 0.002311, 0.002372, 0.002342
555, 0.002315, 0.002378, 0.002347
556, 0.002309, 0.002375, 0.002344
557, 0.002310, 0.002373, 0.002343
558, 0.002312, 0.002376, 0.002345
559, 0.002307, 0.002375, 0.002344
560, 0.002310, 0.002374, 0.002344
561, 0.002311, 0.002377, 0.002346
562, 0.002308, 0.002374, 0.002343
563, 0.002310, 0.002375, 0.002345
564, 0.002311, 0.002369, 0.002340
565, 0.002311, 0.002375, 0.002344
566, 0.002308, 0.002376, 0.002345
567, 0.002307, 0.002371, 0.002341
568, 0.002308, 0.002376, 0.002344
569, 0.002310, 0.002373, 0.002342
570, 0.002305, 0.002368, 0.002337
571, 0.002306, 0.002373, 0.002341
572, 0.002305, 0.002371, 0.002340
573, 0.002303, 0.002371, 0.002340
574, 0.002304, 0.002374, 0.002343
575, 0.002306, 0.002368, 0.002338
576, 0.002307, 0.002374, 0.002343
577, 0.002308, 0.002375, 0.002343
578, 0.002304, 0.002365, 0.002336
579, 0.002309, 0.002374, 0.002343
580, 0.002305, 0.002370, 0.002339
581, 0.002306, 0.002366, 0.002336
582, 0.002304, 0.002371, 0.002340
583, 0.002305, 0.002373, 0.002341
584, 0.002304, 0.002367, 0.002337
585, 0.002303, 0.002369, 0.002338
586, 0.002302, 0.002373, 0.002342
587, 0.002305, 0.002363, 0.002333
588, 0.002305, 0.002374, 0.002342
589, 0.002304, 0.002365, 0.002334
590, 0.002302, 0.002364, 0.002334
591, 0.002301, 0.002374, 0.002342
592, 0.002301, 0.002367, 0.002337
593, 0.002298, 0.002363, 0.002334
594, 0.002299, 0.002372, 0.002342
595, 0.002299, 0.002361, 0.002332
596, 0.002304, 0.002367, 0.002337
597, 0.002298, 0.002369, 0.002339
598, 0.002300, 0.002360, 0.002331
599, 0.002298, 0.002365, 0.002334
600, 0.002297, 0.002373, 0.002341
601, 0.002303, 0.002356, 0.002328
602, 0.002303, 0.002370, 0.002338
603, 0.002301, 0.002367, 0.002336
604, 0.002298, 0.002358, 0.002330
605, 0.002297, 0.002383, 0.002349
606, 0.002301, 0.002359, 0.002329
607, 0.002295, 0.002356, 0.002327
608, 0.002295, 0.002380, 0.002347
609, 0.002299, 0.002357, 0.002328
610, 0.002300, 0.002360, 0.002330
611, 0.002294, 0.002376, 0.002344
612, 0.002298, 0.002354, 0.002325
613, 0.002300, 0.002370, 0.002337
614, 0.002294, 0.002361, 0.002330
615, 0.002292, 0.002354, 0.002325
616, 0.002293, 0.002368, 0.002336
617, 0.002298, 0.002358, 0.002327
618, 0.002290, 0.002353, 0.002323
619, 0.002292, 0.002366, 0.002334
620, 0.002291, 0.002353, 0.002323
621, 0.002291, 0.002354, 0.002324
622, 0.002289, 0.002359, 0.002329
623, 0.002292, 0.002355, 0.002325
624, 0.002293, 0.002356, 0.002326
625, 0.002290, 0.002357, 0.002326
626, 0.002289, 0.002357, 0.002326
627, 0.002285, 0.002351, 0.002321
628, 0.002287, 0.002353, 0.002323
629, 0.002289, 0.002360, 0.002328
630, 0.002286, 0.002354, 0.002323
631, 0.002287, 0.002349, 0.002319
632, 0.002286, 0.002361, 0.002330
633, 0.002290, 0.002347, 0.002317
634, 0.002286, 0.002352, 0.002321
635, 0.002284, 0.002353, 0.002322
636, 0.002285, 0.002342, 0.002314
637, 0.002286, 0.002354, 0.002322
638, 0.002284, 0.002355, 0.002324
639, 0.002284, 0.002344, 0.002315
640, 0.002283, 0.002358, 0.002328
641, 0.002282, 0.002345, 0.002316
642, 0.002281, 0.002341, 0.002312
643, 0.002284, 0.002360, 0.002328
644, 0.002283, 0.002338, 0.002310
645, 0.002286, 0.002349, 0.002319
646, 0.002280, 0.002351, 0.002320
647, 0.002278, 0.002339, 0.002311
648, 0.002281, 0.002349, 0.002318
649, 0.002277, 0.002344, 0.002314
650, 0.002280, 0.002338, 0.002308
651, 0.002277, 0.002342, 0.002311
652, 0.002278, 0.002344, 0.002313
653, 0.002273, 0.002338, 0.002308
654, 0.002273, 0.002342, 0.002312
655, 0.002275, 0.002336, 0.002307
656, 0.002275, 0.002341, 0.002311
657, 0.002272, 0.002336, 0.002307
658, 0.002274, 0.002338, 0.002307
659, 0.002273, 0.002345, 0.002314
660, 0.002273, 0.002331, 0.002301
661, 0.002273, 0.002338, 0.002307
662, 0.002271, 0.002333, 0.002303
663, 0.002270, 0.002334, 0.002304
664, 0.002272, 0.002334, 0.002304
665, 0.002272, 0.002334, 0.002304
666, 0.002269, 0.002333, 0.002303
667, 0.002271, 0.002333, 0.002303
668, 0.002265, 0.002329, 0.002299
669, 0.002263, 0.002332, 0.002301
670, 0.002266, 0.002328, 0.002298
671, 0.002265, 0.002333, 0.002302
672, 0.002264, 0.002324, 0.002295
673, 0.002263, 0.002334, 0.002303
674, 0.002267, 0.002321, 0.002292
675, 0.002263, 0.002324, 0.002295
676, 0.002262, 0.002329, 0.002299
677, 0.002261, 0.002320, 0.002292
678, 0.002262, 0.002335, 0.002304
679, 0.002263, 0.002319, 0.002291
680, 0.002261, 0.002325, 0.002296
681, 0.002260, 0.002323, 0.002293
682, 0.002262, 0.002314, 0.002286
683, 0.002259, 0.002321, 0.002291
684, 0.002258, 0.002313, 0.002284
685, 0.002255, 0.002322, 0.002291
686, 0.002257, 0.002324, 0.002293
687, 0.002252, 0.002308, 0.002281
688, 0.002256, 0.002328, 0.002297
689, 0.002257, 0.002314, 0.002284
690, 0.002252, 0.002305, 0.002277
691, 0.002253, 0.002329, 0.002298
692, 0.002257, 0.002303, 0.002275
693, 0.002253, 0.002319, 0.002289
694, 0.002248, 0.002308, 0.002279
695, 0.002250, 0.002301, 0.002273
696, 0.002244, 0.002318, 0.002287
697, 0.002252, 0.002297, 0.002270
698, 0.002245, 0.002318, 0.002287
699, 0.002246, 0.002303, 0.002273
700, 0.002243, 0.002300, 0.002270
701, 0.002244, 0.002310, 0.002279
702, 0.002241, 0.002293, 0.002265
703, 0.002240, 0.002311, 0.002280
704, 0.002241, 0.002295, 0.002266
705, 0.002237, 0.002293, 0.002264
706, 0.002240, 0.002307, 0.002276
707, 0.002239, 0.002286, 0.002259
708, 0.002235, 0.002298, 0.002268
709, 0.002233, 0.002293, 0.002264
710, 0.002232, 0.002281, 0.002254
711, 0.002235, 0.002312, 0.002281
712, 0.002238, 0.002280, 0.002253
713, 0.002230, 0.002287, 0.002258
714, 0.002229, 0.002289, 0.002259
715, 0.002224, 0.002278, 0.002250
716, 0.002224, 0.002283, 0.002253
717, 0.002222, 0.002284, 0.002254
718, 0.002224, 0.002273, 0.002245
719, 0.002225, 0.002282, 0.002252
720, 0.002220, 0.002279, 0.002249
721, 0.002221, 0.002271, 0.002242
722, 0.002216, 0.002274, 0.002245
723, 0.002214, 0.002270, 0.002241
724, 0.002218, 0.002265, 0.002237
725, 0.002213, 0.002264, 0.002236
726, 0.002212, 0.002274, 0.002245
727, 0.002211, 0.002258, 0.002231
728, 0.002211, 0.002270, 0.002240
729, 0.002209, 0.002259, 0.002231
730, 0.002210, 0.002255, 0.002226
731, 0.002203, 0.002266, 0.002236
732, 0.002208, 0.002250, 0.002222
733, 0.002204, 0.002258, 0.002228
734, 0.002199, 0.002258, 0.002227
735, 0.002199, 0.002243, 0.002215
736, 0.002202, 0.002260, 0.002230
737, 0.002200, 0.002239, 0.002212
738, 0.002195, 0.002242, 0.002214
739, 0.002189, 0.002250, 0.002221
740, 0.002193, 0.002234, 0.002207
741, 0.002192, 0.002247, 0.002217
742, 0.002190, 0.002232, 0.002204
743, 0.002187, 0.002231, 0.002202
744, 0.002186, 0.002241, 0.002211
745, 0.002187, 0.002222, 0.002195
746, 0.002185, 0.002242, 0.002212
747, 0.002183, 0.002221, 0.002193
748, 0.002176, 0.002220, 0.002192
749, 0.002175, 0.002226, 0.002196
750, 0.002172, 0.002213, 0.002185
751, 0.002170, 0.002217, 0.002188
752, 0.002168, 0.002218, 0.002188
753, 0.002167, 0.002206, 0.002178
754, 0.002166, 0.002215, 0.002185
755, 0.002162, 0.002206, 0.002178
756, 0.002160, 0.002199, 0.002172
757, 0.002159, 0.002210, 0.002181
758, 0.002164, 0.002191, 0.002165
759, 0.002158, 0.002208, 0.002178
760, 0.002157, 0.002188, 0.002160
761, 0.002151, 0.002195, 0.002165
762, 0.002149, 0.002193, 0.002163
763, 0.002147, 0.002177, 0.002150
764, 0.002151, 0.002215, 0.002183
765, 0.002154, 0.002170, 0.002144
766, 0.002143, 0.002174, 0.002145
767, 0.002138, 0.002195, 0.002164
768, 0.002139, 0.002162, 0.002136
769, 0.002139, 0.002188, 0.002158
770, 0.002135, 0.002157, 0.002131
771, 0.002127, 0.002166, 0.002137
772, 0.002122, 0.002161, 0.002132
773, 0.002120, 0.002149, 0.002121
774, 0.002120, 0.002158, 0.002128
775, 0.002116, 0.002144, 0.002115
776, 0.002114, 0.002146, 0.002117
777, 0.002112, 0.002138, 0.002109
778, 0.002105, 0.002144, 0.002114
779, 0.002106, 0.002132, 0.002103
780, 0.002100, 0.002132, 0.002104
781, 0.002101, 0.002127, 0.002099
782, 0.002097, 0.002124, 0.002095
783, 0.002093, 0.002122, 0.002093
784, 0.002087, 0.002115, 0.002087
785, 0.002086, 0.002114, 0.002086
786, 0.002082, 0.002104, 0.002076
787, 0.002076, 0.002104, 0.002076
788, 0.002072, 0.002108, 0.002078
789, 0.002074, 0.002091, 0.002064
790, 0.002072, 0.002093, 0.002065
791, 0.002068, 0.002098, 0.002068
792, 0.002065, 0.002079, 0.002054
793, 0.002069, 0.002124, 0.002093
794, 0.002073, 0.002070, 0.002045
795, 0.002062, 0.002083, 0.002054
796, 0.002054, 0.002070, 0.002041
797, 0.002043, 0.002059, 0.002032
798, 0.002041, 0.002066, 0.002036
799, 0.002038, 0.002051, 0.002024
800, 0.002034, 0.002053, 0.002024
801, 0.002032, 0.002041, 0.002014
802, 0.002028, 0.002044, 0.002016
803, 0.002020, 0.002033, 0.002005
804, 0.002017, 0.002027, 0.002000
805, 0.002015, 0.002035, 0.002006
806, 0.002009, 0.002020, 0.001993
807, 0.002007, 0.002026, 0.001996
808, 0.002004, 0.002007, 0.001980
809, 0.001997, 0.002012, 0.001983
810, 0.001994, 0.001999, 0.001971
811, 0.001988, 0.001999, 0.001971
812, 0.001988, 0.001996, 0.001968
813, 0.001979, 0.001982, 0.001956
814, 0.001981, 0.002000, 0.001970
815, 0.001978, 0.001970, 0.001944
816, 0.001978, 0.001991, 0.001962
817, 0.001970, 0.001959, 0.001933
818, 0.001961, 0.001962, 0.001934
819, 0.001951, 0.001956, 0.001928
820, 0.001950, 0.001942, 0.001916
821, 0.001942, 0.001959, 0.001930
822, 0.001943, 0.001932, 0.001907
823, 0.001942, 0.001954, 0.001923
824, 0.001934, 0.001920, 0.001894
825, 0.001925, 0.001919, 0.001891
826, 0.001916, 0.001927, 0.001897
827, 0.001916, 0.001903, 0.001877
828, 0.001918, 0.001941, 0.001911
829, 0.001918, 0.001899, 0.001877
830, 0.001915, 0.001914, 0.001884
831, 0.001901, 0.001881, 0.001853
832, 0.001889, 0.001875, 0.001850
833, 0.001890, 0.001911, 0.001881
834, 0.001898, 0.001866, 0.001843
835, 0.001894, 0.001899, 0.001868
836, 0.001884, 0.001847, 0.001823
837, 0.001871, 0.001854, 0.001826
838, 0.001855, 0.001843, 0.001815
839, 0.001848, 0.001827, 0.001802
840, 0.001847, 0.001850, 0.001821
841, 0.001847, 0.001812, 0.001787
842, 0.001842, 0.001830, 0.001800
843, 0.001834, 0.001800, 0.001774
844, 0.001822, 0.001799, 0.001772
845, 0.001813, 0.001795, 0.001768
846, 0.001808, 0.001780, 0.001753
847, 0.001804, 0.001773, 0.001746
848, 0.001796, 0.001771, 0.001744
849, 0.001788, 0.001764, 0.001736
850, 0.001782, 0.001751, 0.001725
851, 0.001774, 0.001747, 0.001721
852, 0.001771, 0.001741, 0.001713
853, 0.001764, 0.001730, 0.001703
854, 0.001758, 0.001730, 0.001702
855, 0.001750, 0.001714, 0.001688
856, 0.001746, 0.001709, 0.001681
857, 0.001736, 0.001704, 0.001677
858, 0.001729, 0.001691, 0.001666
859, 0.001729, 0.001691, 0.001663
860, 0.001722, 0.001676, 0.001650
861, 0.001711, 0.001676, 0.001649
862, 0.001706, 0.001660, 0.001634
863, 0.001699, 0.001654, 0.001627
864, 0.001692, 0.001648, 0.001621
865, 0.001685, 0.001637, 0.001611
866, 0.001678, 0.001633, 0.001607
867, 0.001669, 0.001626, 0.001599
868, 0.001665, 0.001614, 0.001588
869, 0.001657, 0.001607, 0.001581
870, 0.001653, 0.001600, 0.001574
871, 0.001643, 0.001591, 0.001566
872, 0.001636, 0.001584, 0.001557
873, 0.001630, 0.001570, 0.001544
874, 0.001625, 0.001581, 0.001555
875, 0.001618, 0.001555, 0.001531
876, 0.001616, 0.001578, 0.001548
877, 0.001607, 0.001539, 0.001517
878, 0.001600, 0.001540, 0.001513
879, 0.001587, 0.001527, 0.001499
880, 0.001580, 0.001514, 0.001491
881, 0.001574, 0.001527, 0.001500
882, 0.001569, 0.001496, 0.001472
883, 0.001567, 0.001510, 0.001482
884, 0.001553, 0.001481, 0.001457
885, 0.001545, 0.001473, 0.001446
886, 0.001538, 0.001477, 0.001450
887, 0.001530, 0.001452, 0.001430
888, 0.001526, 0.001475, 0.001446
889, 0.001521, 0.001441, 0.001420
890, 0.001515, 0.001458, 0.001431
891, 0.001506, 0.001417, 0.001395
892, 0.001493, 0.001424, 0.001397
893, 0.001484, 0.001404, 0.001380
894, 0.001478, 0.001396, 0.001372
895, 0.001468, 0.001404, 0.001376
896, 0.001468, 0.001376, 0.001357
897, 0.001464, 0.001408, 0.001380
898, 0.001456, 0.001361, 0.001341
899, 0.001450, 0.001385, 0.001359
900, 0.001443, 0.001347, 0.001325
901, 0.001428, 0.001343, 0.001317
902, 0.001416, 0.001326, 0.001304
903, 0.001404, 0.001315, 0.001293
904, 0.001396, 0.001314, 0.001288
905, 0.001394, 0.001303, 0.001282
906, 0.001392, 0.001308, 0.001282
907, 0.001380, 0.001277, 0.001256
908, 0.001376, 0.001297, 0.001272
909, 0.001367, 0.001259, 0.001238
910, 0.001360, 0.001269, 0.001245
911, 0.001345, 0.001253, 0.001231
912, 0.001338, 0.001233, 0.001213
913, 0.001337, 0.001267, 0.001241
914, 0.001341, 0.001233, 0.001217
915, 0.001346, 0.001298, 0.001269
916, 0.001356, 0.001225, 0.001210
917, 0.001344, 0.001260, 0.001234
918, 0.001329, 0.001189, 0.001169
919, 0.001304, 0.001199, 0.001176
920, 0.001282, 0.001168, 0.001146
921, 0.001275, 0.001161, 0.001141
922, 0.001272, 0.001199, 0.001176
923, 0.001280, 0.001149, 0.001131
924, 0.001278, 0.001186, 0.001161
925, 0.001265, 0.001128, 0.001108
926, 0.001244, 0.001121, 0.001101
927, 0.001231, 0.001135, 0.001111
928, 0.001229, 0.001099, 0.001081
929, 0.001227, 0.001115, 0.001091
930, 0.001212, 0.001083, 0.001062
931, 0.001200, 0.001078, 0.001059
932, 0.001195, 0.001083, 0.001060
933, 0.001186, 0.001056, 0.001038
934, 0.001181, 0.001064, 0.001044
935, 0.001172, 0.001047, 0.001026
936, 0.001165, 0.001034, 0.001016
937, 0.001160, 0.001065, 0.001043
938, 0.001163, 0.001019, 0.001001
939, 0.001161, 0.001047, 0.001027
940, 0.001146, 0.000999, 0.000983
941, 0.001133, 0.000993, 0.000975
942, 0.001124, 0.001029, 0.001008
943, 0.001134, 0.000988, 0.000974
944, 0.001136, 0.001021, 0.000996
945, 0.001120, 0.000967, 0.000951
946, 0.001100, 0.000953, 0.000935
947, 0.001093, 0.000990, 0.000969
948, 0.001101, 0.000958, 0.000947
949, 0.001108, 0.000994, 0.000970
950, 0.001103, 0.000930, 0.000917
951, 0.001077, 0.000925, 0.000908
952, 0.001060, 0.000930, 0.000910
953, 0.001060, 0.000904, 0.000891
954, 0.001059, 0.000939, 0.000920
955, 0.001056, 0.000897, 0.000880
956, 0.001047, 0.000889, 0.000872
957, 0.001029, 0.000899, 0.000881
958, 0.001027, 0.000877, 0.000861
959, 0.001040, 0.000915, 0.000896
960, 0.001031, 0.000856, 0.000842
961, 0.001010, 0.000853, 0.000834
962, 0.001005, 0.000897, 0.000881
963, 0.001012, 0.000838, 0.000822
964, 0.001005, 0.000857, 0.000836
965, 0.000991, 0.000831, 0.000819
966, 0.000981, 0.000815, 0.000797
967, 0.000975, 0.000837, 0.000819
968, 0.000970, 0.000811, 0.000799
969, 0.000969, 0.000808, 0.000789
970, 0.000956, 0.000792, 0.000776
971, 0.000945, 0.000790, 0.000778
972, 0.000944, 0.000795, 0.000776
973, 0.000943, 0.000767, 0.000754
974, 0.000931, 0.000775, 0.000760
975, 0.000928, 0.000774, 0.000757
976, 0.000927, 0.000750, 0.000738
977, 0.000917, 0.000772, 0.000755
978, 0.000915, 0.000742, 0.000728
979, 0.000913, 0.000741, 0.000728
980, 0.000899, 0.000737, 0.000722
981, 0.000893, 0.000722, 0.000710
982, 0.000895, 0.000745, 0.000730
983, 0.000892, 0.000720, 0.000708
984, 0.000884, 0.000706, 0.000691
985, 0.000879, 0.000731, 0.000717
986, 0.000878, 0.000690, 0.000676
987, 0.000872, 0.000705, 0.000690
988, 0.000860, 0.000684, 0.000673
989, 0.000857, 0.000683, 0.000666
990, 0.000854, 0.000692, 0.000680
991, 0.000852, 0.000669, 0.000655
992, 0.000843, 0.000680, 0.000666
993, 0.000844, 0.000658, 0.000645
994, 0.000834, 0.000660, 0.000647
995, 0.000823, 0.000651, 0.000637
996, 0.000828, 0.000648, 0.000636
997, 0.000822, 0.000647, 0.000636
998, 0.000816, 0.000639, 0.000624
999, 0.000817, 0.000644, 0.000636
1000, 0.000814, 0.000634, 0.000618
1001, 0.000804, 0.000617, 0.000606
1002, 0.000799, 0.000628, 0.000616
1003, 0.000796, 0.000609, 0.000596
1004, 0.000791, 0.000608, 0.000598
1005, 0.000789, 0.000625, 0.000610
1006, 0.000793, 0.000614, 0.000605
1007, 0.000791, 0.000602, 0.000587
1008, 0.000783, 0.000607, 0.000596
1009, 0.000775, 0.000577, 0.000566
1010, 0.000766, 0.000592, 0.000578
1011, 0.000763, 0.000583, 0.000575
1012, 0.000761, 0.000573, 0.000560
1013, 0.000757, 0.000584, 0.000573
1014, 0.000760, 0.000564, 0.000552
1015, 0.000751, 0.000570, 0.000560
1016, 0.000744, 0.000559, 0.000547
1017, 0.000738, 0.000549, 0.000538
1018, 0.000734, 0.000551, 0.000541
1019, 0.000733, 0.000547, 0.000536
1020, 0.000732, 0.000546, 0.000536
1021, 0.000732, 0.000542, 0.000531
1022, 0.000726, 0.000535, 0.000527
1023, 0.000722, 0.000544, 0.000530
1024, 0.000722, 0.000525, 0.000517
1025, 0.000722, 0.000537, 0.000524
1026, 0.000713, 0.000515, 0.000505
1027, 0.000708, 0.000521, 0.000512
1028, 0.000706, 0.000514, 0.000503
1029, 0.000702, 0.000503, 0.000494
1030, 0.000699, 0.000527, 0.000518
1031, 0.000703, 0.000503, 0.000492
1032, 0.000701, 0.000518, 0.000509
1033, 0.000700, 0.000505, 0.000494
1034, 0.000698, 0.000509, 0.000501
1035, 0.000696, 0.000495, 0.000484
1036, 0.000689, 0.000498, 0.000489
1037, 0.000684, 0.000484, 0.000473
1038, 0.000681, 0.000481, 0.000474
1039, 0.000679, 0.000489, 0.000480
1040, 0.000674, 0.000470, 0.000461
1041, 0.000668, 0.000485, 0.000479
1042, 0.000674, 0.000485, 0.000474
1043, 0.000677, 0.000474, 0.000470
1044, 0.000675, 0.000495, 0.000484
1045, 0.000672, 0.000459, 0.000453
1046, 0.000665, 0.000472, 0.000462
1047, 0.000659, 0.000454, 0.000447
1048, 0.000656, 0.000466, 0.000457
1049, 0.000651, 0.000448, 0.000440
1050, 0.000650, 0.000448, 0.000439
1051, 0.000649, 0.000461, 0.000452
1052, 0.000647, 0.000438, 0.000432
1053, 0.000648, 0.000469, 0.000458
1054, 0.000647, 0.000436, 0.000431
1055, 0.000645, 0.000452, 0.000443
1056, 0.000640, 0.000440, 0.000435
1057, 0.000640, 0.000433, 0.000423
1058, 0.000639, 0.000446, 0.000439
1059, 0.000632, 0.000427, 0.000420
1060, 0.000629, 0.000438, 0.000430
1061, 0.000632, 0.000423, 0.000418
1062, 0.000632, 0.000438, 0.000428
1063, 0.000626, 0.000419, 0.000413
1064, 0.000624, 0.000422, 0.000413
1065, 0.000620, 0.000429, 0.000421
1066, 0.000622, 0.000407, 0.000401
1067, 0.000626, 0.000448, 0.000439
1068, 0.000623, 0.000405, 0.000399
1069, 0.000618, 0.000418, 0.000410
1070, 0.000612, 0.000414, 0.000407
1071, 0.000610, 0.000400, 0.000394
1072, 0.000613, 0.000425, 0.000418
1073, 0.000611, 0.000399, 0.000394
1074, 0.000608, 0.000415, 0.000405
1075, 0.000611, 0.000398, 0.000393
1076, 0.000606, 0.000410, 0.000401
1077, 0.000603, 0.000404, 0.000397
1078, 0.000605, 0.000398, 0.000390
1079, 0.000607, 0.000419, 0.000413
1080, 0.000605, 0.000386, 0.000380
1081, 0.000607, 0.000417, 0.000412
1082, 0.000602, 0.000382, 0.000376
1083, 0.000594, 0.000387, 0.000379
1084, 0.000593, 0.000399, 0.000394
1085, 0.000595, 0.000381, 0.000372
1086, 0.000594, 0.000398, 0.000391
1087, 0.000596, 0.000388, 0.000382
1088, 0.000596, 0.000378, 0.000371
1089, 0.000590, 0.000400, 0.000393
1090, 0.000586, 0.000377, 0.000371
1091, 0.000590, 0.000395, 0.000389
1092, 0.000591, 0.000375, 0.000369
1093, 0.000584, 0.000377, 0.000372
1094, 0.000580, 0.000394, 0.000385
1095, 0.000585, 0.000364, 0.000360
1096, 0.000586, 0.000394, 0.000386
1097, 0.000579, 0.000363, 0.000357
1098, 0.000577, 0.000372, 0.000367
1099, 0.000577, 0.000378, 0.000373
1100, 0.000575, 0.000362, 0.000356
1101, 0.000575, 0.000368, 0.000364
1102, 0.000570, 0.000368, 0.000363
1103, 0.000570, 0.000354, 0.000347
1104, 0.000574, 0.000389, 0.000383
1105, 0.000577, 0.000353, 0.000350
1106, 0.000574, 0.000392, 0.000382
1107, 0.000579, 0.000365, 0.000364
1108, 0.000583, 0.000383, 0.000374
1109, 0.000574, 0.000350, 0.000347
1110, 0.000570, 0.000383, 0.000378
1111, 0.000569, 0.000347, 0.000342
1112, 0.000562, 0.000350, 0.000345
1113, 0.000558, 0.000367, 0.000362
1114, 0.000562, 0.000345, 0.000341
1115, 0.000561, 0.000364, 0.000357
1116, 0.000559, 0.000349, 0.000345
1117, 0.000558, 0.000347, 0.000340
1118, 0.000556, 0.000354, 0.000348
1119, 0.000555, 0.000343, 0.000340
1120, 0.000559, 0.000376, 0.000366
1121, 0.000567, 0.000343, 0.000342
1122, 0.000570, 0.000380, 0.000371
1123, 0.000567, 0.000340, 0.000337
1124, 0.000554, 0.000339, 0.000335
1125, 0.000550, 0.000357, 0.000350
1126, 0.000553, 0.000338, 0.000336
1127, 0.000558, 0.000373, 0.000365
1128, 0.000554, 0.000328, 0.000324
1129, 0.000556, 0.000357, 0.000352
1130, 0.000550, 0.000335, 0.000330
1131, 0.000544, 0.000332, 0.000329
1132, 0.000548, 0.000373, 0.000366
1133, 0.000554, 0.000326, 0.000322
1134, 0.000557, 0.000368, 0.000362
1135, 0.000552, 0.000323, 0.000320
1136, 0.000541, 0.000332, 0.000327
1137, 0.000540, 0.000341, 0.000335
1138, 0.000539, 0.000326, 0.000323
1139, 0.000540, 0.000336, 0.000329
1140, 0.000538, 0.000333, 0.000330
1141, 0.000541, 0.000323, 0.000318
1142, 0.000540, 0.000327, 0.000322
1143, 0.000534, 0.000335, 0.000331
1144, 0.000537, 0.000319, 0.000315
1145, 0.000537, 0.000334, 0.000329
1146, 0.000533, 0.000324, 0.000320
1147, 0.000535, 0.000328, 0.000323
1148, 0.000536, 0.000331, 0.000328
1149, 0.000537, 0.000326, 0.000320
1150, 0.000534, 0.000324, 0.000321
1151, 0.000532, 0.000335, 0.000328
1152, 0.000534, 0.000318, 0.000314
1153, 0.000536, 0.000345, 0.000338
1154, 0.000535, 0.000314, 0.000309
1155, 0.000533, 0.000327, 0.000322
1156, 0.000530, 0.000326, 0.000320
1157, 0.000530, 0.000310, 0.000306
1158, 0.000532, 0.000346, 0.000341
1159, 0.000533, 0.000310, 0.000306
1160, 0.000531, 0.000332, 0.000327
1161, 0.000530, 0.000318, 0.000315
1162, 0.000527, 0.000311, 0.000306
1163, 0.000528, 0.000341, 0.000336
1164, 0.000531, 0.000310, 0.000308
1165, 0.000532, 0.000330, 0.000324
1166, 0.000531, 0.000321, 0.000318
1167, 0.000523, 0.000313, 0.000308
1168, 0.000531, 0.000338, 0.000333
1169, 0.000530, 0.000306, 0.000304
1170, 0.000530, 0.000341, 0.000335
1171, 0.000529, 0.000310, 0.000306
1172, 0.000525, 0.000312, 0.000306
1173, 0.000521, 0.000338, 0.000333
1174, 0.000526, 0.000304, 0.000301
1175, 0.000535, 0.000361, 0.000354
1176, 0.000535, 0.000304, 0.000302
1177, 0.000529, 0.000326, 0.000321
1178, 0.000523, 0.000320, 0.000316
1179, 0.000521, 0.000306, 0.000301
1180, 0.000521, 0.000332, 0.000326
1181, 0.000525, 0.000301, 0.000299
1182, 0.000524, 0.000330, 0.000325
1183, 0.000526, 0.000311, 0.000308
1184, 0.000523, 0.000306, 0.000302
1185, 0.000523, 0.000322, 0.000319
1186, 0.000520, 0.000303, 0.000301
1187, 0.000518, 0.000317, 0.000313
1188, 0.000518, 0.000312, 0.000310
1189, 0.000518, 0.000310, 0.000307
1190, 0.000513, 0.000304, 0.000300
1191, 0.000516, 0.000312, 0.000309
1192, 0.000515, 0.000312, 0.000308
1193, 0.000513, 0.000302, 0.000298
1194, 0.000517, 0.000319, 0.000315
1195, 0.000516, 0.000302, 0.000297
1196, 0.000513, 0.000314, 0.000310
1197, 0.000513, 0.000307, 0.000304
1198, 0.000514, 0.000306, 0.000301
1199, 0.000514, 0.000317, 0.000315
1200, 0.000511, 0.000300, 0.000297
1201, 0.000515, 0.000316, 0.000312
1202, 0.000514, 0.000302, 0.000301
1203, 0.000513, 0.000320, 0.000314
1204, 0.000516, 0.000295, 0.000292
1205, 0.000516, 0.000323, 0.000320
1206, 0.000514, 0.000299, 0.000294
1207, 0.000513, 0.000307, 0.000304
1208, 0.000510, 0.000310, 0.000305
1209, 0.000509, 0.000295, 0.000290
1210, 0.000512, 0.000313, 0.000311
1211, 0.000511, 0.000298, 0.000294
1212, 0.000506, 0.000298, 0.000295
1213, 0.000509, 0.000315, 0.000312
1214, 0.000510, 0.000293, 0.000290
1215, 0.000511, 0.000327, 0.000323
1216, 0.000513, 0.000299, 0.000296
1217, 0.000510, 0.000314, 0.000308
1218, 0.000509, 0.000297, 0.000293
1219, 0.000508, 0.000309, 0.000305
1220, 0.000510, 0.000311, 0.000307
1221, 0.000506, 0.000297, 0.000292
1222, 0.000509, 0.000312, 0.000307
1223, 0.000509, 0.000297, 0.000294
1224, 0.000507, 0.000304, 0.000299
1225, 0.000506, 0.000299, 0.000297
1226, 0.000505, 0.000301, 0.000297
1227, 0.000503, 0.000295, 0.000291
1228, 0.000505, 0.000317, 0.000315
1229, 0.000509, 0.000296, 0.000291
1230, 0.000508, 0.000294, 0.000291
1231, 0.000503, 0.000317, 0.000314
1232, 0.000505, 0.000290, 0.000286
1233, 0.000509, 0.000320, 0.000317
1234, 0.000508, 0.000293, 0.000290
1235, 0.000505, 0.000304, 0.000298
1236, 0.000505, 0.000310, 0.000308
1237, 0.000507, 0.000295, 0.000291
1238, 0.000502, 0.000307, 0.000300
1239, 0.000505, 0.000306, 0.000306
1240, 0.000515, 0.000337, 0.000330
1241, 0.000522, 0.000288, 0.000288
1242, 0.000513, 0.000342, 0.000339
1243, 0.000518, 0.000293, 0.000288
1244, 0.000521, 0.000327, 0.000325
1245, 0.000511, 0.000290, 0.000286
1246, 0.000499, 0.000301, 0.000295
1247, 0.000508, 0.000322, 0.000320
1248, 0.000511, 0.000291, 0.000285
1249, 0.000506, 0.000310, 0.000305
1250, 0.000503, 0.000303, 0.000302
1251, 0.000512, 0.000316, 0.000309
1252, 0.000513, 0.000294, 0.000292
1253, 0.000502, 0.000311, 0.000308
1254, 0.000503, 0.000302, 0.000295
1255, 0.000514, 0.000313, 0.000312
1256, 0.000512, 0.000302, 0.000298
1257, 0.000497, 0.000288, 0.000283
1258, 0.000506, 0.000325, 0.000323
1259, 0.000509, 0.000297, 0.000291
1260, 0.000499, 0.000284, 0.000280
1261, 0.000499, 0.000324, 0.000322
1262, 0.000506, 0.000286, 0.000282
1263, 0.000502, 0.000297, 0.000293
1264, 0.000497, 0.000308, 0.000306
1265, 0.000499, 0.000285, 0.000281
1266, 0.000499, 0.000308, 0.000304
1267, 0.000500, 0.000291, 0.000289
1268, 0.000497, 0.000296, 0.000291
1269, 0.000498, 0.000295, 0.000292
1270, 0.000496, 0.000292, 0.000288
1271, 0.000494, 0.000295, 0.000290
1272, 0.000494, 0.000286, 0.000283
1273, 0.000494, 0.000306, 0.000302
1274, 0.000495, 0.000285, 0.000282
1275, 0.000495, 0.000303, 0.000300
1276, 0.000496, 0.000290, 0.000288
1277, 0.000497, 0.000295, 0.000292
1278, 0.000496, 0.000293, 0.000290
1279, 0.000495, 0.000290, 0.000288
1280, 0.000494, 0.000303, 0.000298
1281, 0.000496, 0.000286, 0.000284
1282, 0.000496, 0.000302, 0.000297
1283, 0.000494, 0.000288, 0.000283
1284, 0.000493, 0.000288, 0.000285
1285, 0.000494, 0.000299, 0.000295
1286, 0.000493, 0.000281, 0.000278
1287, 0.000493, 0.000310, 0.000305
1288, 0.000496, 0.000284, 0.000281
1289, 0.000496, 0.000299, 0.000293
1290, 0.000494, 0.000292, 0.000289
1291, 0.000493, 0.000290, 0.000286
1292, 0.000490, 0.000298, 0.000294
1293, 0.000494, 0.000280, 0.000278
1294, 0.000496, 0.000309, 0.000304
1295, 0.000495, 0.000279, 0.000277
1296, 0.000495, 0.000315, 0.000311
1297, 0.000495, 0.000286, 0.000282
1298, 0.000492, 0.000293, 0.000289
1299, 0.000490, 0.000298, 0.000295
1300, 0.000491, 0.000287, 0.000282
1301, 0.000489, 0.000296, 0.000293
1302, 0.000491, 0.000293, 0.000289
1303, 0.000489, 0.000281, 0.000277
1304, 0.000493, 0.000301, 0.000298
1305, 0.000491, 0.000283, 0.000280
1306, 0.000491, 0.000295, 0.000291
1307, 0.000489, 0.000290, 0.000286
1308, 0.000490, 0.000285, 0.000282
1309, 0.000489, 0.000299, 0.000294
1310, 0.000489, 0.000287, 0.000283
1311, 0.000491, 0.000291, 0.000287
1312, 0.000486, 0.000286, 0.000282
1313, 0.000487, 0.000294, 0.000290
1314, 0.000489, 0.000293, 0.000289
1315, 0.000488, 0.000285, 0.000282
1316, 0.000485, 0.000301, 0.000297
1317, 0.000490, 0.000282, 0.000278
1318, 0.000491, 0.000310, 0.000306
1319, 0.000493, 0.000280, 0.000279
1320, 0.000497, 0.000329, 0.000324
1321, 0.000499, 0.000283, 0.000282
1322, 0.000502, 0.000326, 0.000321
1323, 0.000497, 0.000276, 0.000273
1324, 0.000490, 0.000300, 0.000296
1325, 0.000488, 0.000286, 0.000282
1326, 0.000488, 0.000288, 0.000284
1327, 0.000485, 0.000290, 0.000287
1328, 0.000489, 0.000287, 0.000283
1329, 0.000485, 0.000296, 0.000292
1330, 0.000485, 0.000284, 0.000281
1331, 0.000485, 0.000299, 0.000294
1332, 0.000489, 0.000282, 0.000279
1333, 0.000485, 0.000301, 0.000297
1334, 0.000486, 0.000280, 0.000277
1335, 0.000485, 0.000295, 0.000291
1336, 0.000484, 0.000284, 0.000281
1337, 0.000485, 0.000289, 0.000286
1338, 0.000487, 0.000286, 0.000283
1339, 0.000483, 0.000289, 0.000285
1340, 0.000485, 0.000289, 0.000285
1341, 0.000484, 0.000281, 0.000276
1342, 0.000487, 0.000299, 0.000295
1343, 0.000485, 0.000281, 0.000279
1344, 0.000485, 0.000290, 0.000285
1345, 0.000484, 0.000284, 0.000281
1346, 0.000484, 0.000289, 0.000286
1347, 0.000484, 0.000283, 0.000279
1348, 0.000483, 0.000293, 0.000289
1349, 0.000484, 0.000283, 0.000279
1350, 0.000483, 0.000292, 0.000288
1351, 0.000482, 0.000286, 0.000282
1352, 0.000483, 0.000285, 0.000282
1353, 0.000483, 0.000299, 0.000294
1354, 0.000486, 0.000275, 0.000273
1355, 0.000487, 0.000324, 0.000319
1356, 0.000493, 0.000273, 0.000271
1357, 0.000492, 0.000323, 0.000319
1358, 0.000491, 0.000271, 0.000268
1359, 0.000487, 0.000306, 0.000303
1360, 0.000484, 0.000281, 0.000278
1361, 0.000482, 0.000277, 0.000273
1362, 0.000483, 0.000313, 0.000309
1363, 0.000487, 0.000269, 0.000267
1364, 0.000491, 0.000330, 0.000324
1365, 0.000496, 0.000275, 0.000275
1366, 0.000495, 0.000322, 0.000316
1367, 0.000493, 0.000271, 0.000269
1368, 0.000487, 0.000300, 0.000298
1369, 0.000486, 0.000284, 0.000280
1370, 0.000484, 0.000276, 0.000273
1371, 0.000479, 0.000304, 0.000299
1372, 0.000483, 0.000275, 0.000270
1373, 0.000482, 0.000297, 0.000292
1374, 0.000482, 0.000280, 0.000276
1375, 0.000481, 0.000284, 0.000279
1376, 0.000479, 0.000289, 0.000285
1377, 0.000479, 0.000274, 0.000271
1378, 0.000481, 0.000297, 0.000292
1379, 0.000482, 0.000278, 0.000276
1380, 0.000480, 0.000282, 0.000278
1381, 0.000478, 0.000288, 0.000284
1382, 0.000478, 0.000279, 0.000276
1383, 0.000478, 0.000292, 0.000287
1384, 0.000480, 0.000275, 0.000273
1385, 0.000480, 0.000287, 0.000282
1386, 0.000477, 0.000280, 0.000276
1387, 0.000480, 0.000280, 0.000276
1388, 0.000478, 0.000297, 0.000292
1389, 0.000479, 0.000273, 0.000270
1390, 0.000479, 0.000303, 0.000297
1391, 0.000480, 0.000273, 0.000269
1392, 0.000480, 0.000296, 0.000291
1393, 0.000477, 0.000272, 0.000268
1394, 0.000476, 0.000291, 0.000287
1395, 0.000477, 0.000283, 0.000278
1396, 0.000475, 0.000280, 0.000277
1397, 0.000478, 0.000289, 0.000285
1398, 0.000476, 0.000277, 0.000273
1399, 0.000478, 0.000294, 0.000290
1400, 0.000477, 0.000277, 0.000272
1401, 0.000475, 0.000283, 0.000278
1402, 0.000476, 0.000289, 0.000286
1403, 0.000477, 0.000275, 0.000271
1404, 0.000475, 0.000295, 0.000290
1405, 0.000478, 0.000274, 0.000272
1406, 0.000477, 0.000291, 0.000286
1407, 0.000475, 0.000280, 0.000276
1408, 0.000472, 0.000283, 0.000281
1409, 0.000477, 0.000300, 0.000294
1410, 0.000481, 0.000269, 0.000266
1411, 0.000478, 0.000321, 0.000317
1412, 0.000483, 0.000267, 0.000263
1413, 0.000485, 0.000302, 0.000297
1414, 0.000475, 0.000278, 0.000275
1415, 0.000476, 0.000275, 0.000269
1416, 0.000476, 0.000303, 0.000299
1417, 0.000478, 0.000268, 0.000265
1418, 0.000479, 0.000314, 0.000308
1419, 0.000484, 0.000275, 0.000273
1420, 0.000483, 0.000300, 0.000295
1421, 0.000474, 0.000277, 0.000272
1422, 0.000476, 0.000281, 0.000278
1423, 0.000476, 0.000297, 0.000291
1424, 0.000475, 0.000267, 0.000262
1425, 0.000477, 0.000305, 0.000301
1426, 0.000478, 0.000272, 0.000267
1427, 0.000471, 0.000279, 0.000274
1428, 0.000471, 0.000295, 0.000292
1429, 0.000474, 0.000267, 0.000262
1430, 0.000478, 0.000312, 0.000306
1431, 0.000479, 0.000270, 0.000269
1432, 0.000481, 0.000303, 0.000296
1433, 0.000479, 0.000276, 0.000272
1434, 0.000471, 0.000277, 0.000274
1435, 0.000474, 0.000302, 0.000296
1436, 0.000475, 0.000264, 0.000262
1437, 0.000482, 0.000331, 0.000325
1438, 0.000485, 0.000263, 0.000260
1439, 0.000483, 0.000299, 0.000294
1440, 0.000476, 0.000282, 0.000278
1441, 0.000470, 0.000266, 0.000262
1442, 0.000475, 0.000313, 0.000308
1443, 0.000479, 0.000263, 0.000260
1444, 0.000482, 0.000307, 0.000301
1445, 0.000476, 0.000269, 0.000266
1446, 0.000469, 0.000272, 0.000268
1447, 0.000471, 0.000303, 0.000298
1448, 0.000473, 0.000264, 0.000261
1449, 0.000479, 0.000308, 0.000302
1450, 0.000473, 0.000270, 0.000266
1451, 0.000472, 0.000272, 0.000269
1452, 0.000469, 0.000304, 0.000300
1453, 0.000474, 0.000263, 0.000260
1454, 0.000477, 0.000309, 0.000302
1455, 0.000475, 0.000268, 0.000265
1456, 0.000472, 0.000277, 0.000271
1457, 0.000468, 0.000283, 0.000278
1458, 0.000468, 0.000267, 0.000265
1459, 0.000472, 0.000305, 0.000299
1460, 0.000475, 0.000265, 0.000261
1461, 0.000470, 0.000285, 0.000281
1462, 0.000467, 0.000277, 0.000271
1463, 0.000466, 0.000264, 0.000260
1464, 0.000471, 0.000301, 0.000295
1465, 0.000472, 0.000263, 0.000259
1466, 0.000472, 0.000286, 0.000281
1467, 0.000469, 0.000279, 0.000274
1468, 0.000468, 0.000264, 0.000260
1469, 0.000470, 0.000308, 0.000303
1470, 0.000478, 0.000263, 0.000259
1471, 0.000476, 0.000295, 0.000289
1472, 0.000470, 0.000273, 0.000269
1473, 0.000468, 0.000274, 0.000269
1474, 0.000466, 0.000296, 0.000291
1475, 0.000471, 0.000262, 0.000259
1476, 0.000478, 0.000327, 0.000318
1477, 0.000483, 0.000262, 0.000259
1478, 0.000475, 0.000292, 0.000287
1479, 0.000469, 0.000281, 0.000275
1480, 0.000468, 0.000262, 0.000260
1481, 0.000470, 0.000319, 0.000313
1482, 0.000477, 0.000262, 0.000258
1483, 0.000472, 0.000281, 0.000276
1484, 0.000464, 0.000288, 0.000284
1485, 0.000468, 0.000261, 0.000257
1486, 0.000469, 0.000299, 0.000292
1487, 0.000467, 0.000267, 0.000264
1488, 0.000466, 0.000272, 0.000267
1489, 0.000464, 0.000278, 0.000271
1490, 0.000465, 0.000272, 0.000268
1491, 0.000464, 0.000274, 0.000269
1492, 0.000462, 0.000273, 0.000268
1493, 0.000462, 0.000277, 0.000274
1494, 0.000461, 0.000270, 0.000266
1495, 0.000462, 0.000279, 0.000275
1496, 0.000461, 0.000267, 0.000264
1497, 0.000466, 0.000285, 0.000279
1498, 0.000464, 0.000264, 0.000259
1499, 0.000462, 0.000283, 0.000278
1500, 0.000462, 0.000273, 0.000266
1501, 0.000462, 0.000271, 0.000266
1502, 0.000462, 0.000280, 0.000275
1503, 0.000461, 0.000271, 0.000265
1504, 0.000463, 0.000269, 0.000264
1505, 0.000459, 0.000282, 0.000278
1506, 0.000464, 0.000269, 0.000263
1507, 0.000462, 0.000273, 0.000268
1508, 0.000458, 0.000280, 0.000276
1509, 0.000461, 0.000266, 0.000261
1510, 0.000461, 0.000281, 0.000276
1511, 0.000459, 0.000272, 0.000267
1512, 0.000461, 0.000268, 0.000262
1513, 0.000460, 0.000281, 0.000275
1514, 0.000460, 0.000267, 0.000263
1515, 0.000462, 0.000279, 0.000273
1516, 0.000458, 0.000272, 0.000267
1517, 0.000458, 0.000270, 0.000266
1518, 0.000459, 0.000281, 0.000276
1519, 0.000458, 0.000267, 0.000262
1520, 0.000460, 0.000283, 0.000278
1521, 0.000459, 0.000268, 0.000263
1522, 0.000458, 0.000273, 0.000267
1523, 0.000458, 0.000277, 0.000271
1524, 0.000462, 0.000267, 0.000262
1525, 0.000459, 0.000279, 0.000273
1526, 0.000458, 0.000265, 0.000261
1527, 0.000461, 0.000290, 0.000284
1528, 0.000462, 0.000259, 0.000255
1529, 0.000460, 0.000282, 0.000277
1530, 0.000459, 0.000269, 0.000264
1531, 0.000459, 0.000267, 0.000263
1532, 0.000458, 0.000286, 0.000281
1533, 0.000458, 0.000264, 0.000259
1534, 0.000460, 0.000288, 0.000284
1535, 0.000458, 0.000266, 0.000261
1536, 0.000455, 0.000273, 0.000266
1537, 0.000457, 0.000284, 0.000279
1538, 0.000458, 0.000259, 0.000254
1539, 0.000456, 0.000289, 0.000282
1540, 0.000459, 0.000264, 0.000261
1541, 0.000460, 0.000285, 0.000279
1542, 0.000459, 0.000264, 0.000258
1543, 0.000455, 0.000277, 0.000274
1544, 0.000454, 0.000269, 0.000264
1545, 0.000457, 0.000269, 0.000264
1546, 0.000456, 0.000274, 0.000271
1547, 0.000456, 0.000272, 0.000268
1548, 0.000457, 0.000266, 0.000262
1549, 0.000453, 0.000289, 0.000285
1550, 0.000458, 0.000258, 0.000254
1551, 0.000459, 0.000294, 0.000287
1552, 0.000459, 0.000265, 0.000261
1553, 0.000455, 0.000268, 0.000262
1554, 0.000454, 0.000289, 0.000282
1555, 0.000458, 0.000258, 0.000255
1556, 0.000459, 0.000306, 0.000299
1557, 0.000465, 0.000257, 0.000253
1558, 0.000458, 0.000280, 0.000274
1559, 0.000454, 0.000268, 0.000263
1560, 0.000454, 0.000268, 0.000263
1561, 0.000453, 0.000271, 0.000266
1562, 0.000453, 0.000268, 0.000263
1563, 0.000451, 0.000267, 0.000262
1564, 0.000450, 0.000272, 0.000267
1565, 0.000449, 0.000262, 0.000257
1566, 0.000451, 0.000280, 0.000274
1567, 0.000457, 0.000264, 0.000259
1568, 0.000453, 0.000280, 0.000273
1569, 0.000453, 0.000263, 0.000258
1570, 0.000454, 0.000291, 0.000284
1571, 0.000455, 0.000256, 0.000251
1572, 0.000456, 0.000294, 0.000288
1573, 0.000456, 0.000256, 0.000253
1574, 0.000455, 0.000284, 0.000278
1575, 0.000451, 0.000261, 0.000256
1576, 0.000451, 0.000270, 0.000265
1577, 0.000451, 0.000271, 0.000265
1578, 0.000448, 0.000257, 0.000251
1579, 0.000455, 0.000295, 0.000289
1580, 0.000458, 0.000253, 0.000248
1581, 0.000456, 0.000291, 0.000284
1582, 0.000454, 0.000259, 0.000255
1583, 0.000454, 0.000283, 0.000276
1584, 0.000452, 0.000265, 0.000259
1585, 0.000450, 0.000262, 0.000257
1586, 0.000449, 0.000283, 0.000276
1587, 0.000452, 0.000260, 0.000254
1588, 0.000449, 0.000265, 0.000259
1589, 0.000449, 0.000293, 0.000286
1590, 0.000454, 0.000251, 0.000247
1591, 0.000459, 0.000327, 0.000320
1592, 0.000467, 0.000248, 0.000244
1593, 0.000466, 0.000301, 0.000295
1594, 0.000455, 0.000262, 0.000256
1595, 0.000448, 0.000253, 0.000248
1596, 0.000448, 0.000306, 0.000298
1597, 0.000457, 0.000249, 0.000245
1598, 0.000462, 0.000307, 0.000299
1599, 0.000458, 0.000250, 0.000245
1600, 0.000449, 0.000266, 0.000261
1601, 0.000448, 0.000279, 0.000272
1602, 0.000447, 0.000250, 0.000246
1603, 0.000453, 0.000302, 0.000296
1604, 0.000455, 0.000250, 0.000244
1605, 0.000450, 0.000269, 0.000263
1606, 0.000446, 0.000275, 0.000268
1607, 0.000446, 0.000247, 0.000242
1608, 0.000449, 0.000297, 0.000290
1609, 0.000453, 0.000254, 0.000250
1610, 0.000450, 0.000264, 0.000258
1611, 0.000445, 0.000272, 0.000266
1612, 0.000446, 0.000258, 0.000253
1613, 0.000445, 0.000266, 0.000259
1614, 0.000447, 0.000270, 0.000264
1615, 0.000443, 0.000257, 0.000252
1616, 0.000448, 0.000279, 0.000271
1617, 0.000446, 0.000253, 0.000247
1618, 0.000448, 0.000275, 0.000269
1619, 0.000446, 0.000261, 0.000254
1620, 0.000445, 0.000253, 0.000247
1621, 0.000445, 0.000301, 0.000294
1622, 0.000451, 0.000245, 0.000240
1623, 0.000454, 0.000290, 0.000281
1624, 0.000448, 0.000256, 0.000252
1625, 0.000446, 0.000256, 0.000249
1626, 0.000442, 0.000292, 0.000284
1627, 0.000447, 0.000249, 0.000245
1628, 0.000453, 0.000296, 0.000287
1629, 0.000451, 0.000248, 0.000242
1630, 0.000444, 0.000263, 0.000258
1631, 0.000445, 0.000275, 0.000268
1632, 0.000446, 0.000247, 0.000241
1633, 0.000447, 0.000291, 0.000284
1634, 0.000448, 0.000249, 0.000243
1635, 0.000444, 0.000265, 0.000258
1636, 0.000444, 0.000263, 0.000256
1637, 0.000441, 0.000255, 0.000249
1638, 0.000441, 0.000274, 0.000267
1639, 0.000442, 0.000254, 0.000249
1640, 0.000440, 0.000262, 0.000256
1641, 0.000442, 0.000261, 0.000255
1642, 0.000441, 0.000256, 0.000250
1643, 0.000439, 0.000260, 0.000254
1644, 0.000440, 0.000262, 0.000255
1645, 0.000439, 0.000260, 0.000254
1646, 0.000440, 0.000262, 0.000256
1647, 0.000438, 0.000253, 0.000246
1648, 0.000441, 0.000270, 0.000264
1649, 0.000439, 0.000256, 0.000250
1650, 0.000440, 0.000262, 0.000254
1651, 0.000445, 0.000265, 0.000259
1652, 0.000438, 0.000261, 0.000254
1653, 0.000439, 0.000258, 0.000251
1654, 0.000440, 0.000265, 0.000260
1655, 0.000438, 0.000259, 0.000252
1656, 0.000434, 0.000254, 0.000247
1657, 0.000441, 0.000274, 0.000268
1658, 0.000441, 0.000252, 0.000245
1659, 0.000439, 0.000265, 0.000258
1660, 0.000438, 0.000263, 0.000258
1661, 0.000440, 0.000256, 0.000250
1662, 0.000438, 0.000271, 0.000264
1663, 0.000438, 0.000256, 0.000252
1664, 0.000441, 0.000268, 0.000260
1665, 0.000435, 0.000252, 0.000246
1666, 0.000437, 0.000269, 0.000263
1667, 0.000439, 0.000255, 0.000247
1668, 0.000436, 0.000256, 0.000249
1669, 0.000435, 0.000263, 0.000256
1670, 0.000436, 0.000248, 0.000241
1671, 0.000439, 0.000279, 0.000269
1672, 0.000440, 0.000244, 0.000238
1673, 0.000439, 0.000295, 0.000286
1674, 0.000444, 0.000242, 0.000236
1675, 0.000443, 0.000287, 0.000279
1676, 0.000438, 0.000254, 0.000248
1677, 0.000432, 0.000247, 0.000241
1678, 0.000435, 0.000285, 0.000277
1679, 0.000438, 0.000241, 0.000235
1680, 0.000441, 0.000291, 0.000282
1681, 0.000440, 0.000246, 0.000240
1682, 0.000436, 0.000258, 0.000251
1683, 0.000431, 0.000275, 0.000267
1684, 0.000436, 0.000239, 0.000233
1685, 0.000441, 0.000300, 0.000291
1686, 0.000442, 0.000242, 0.000236
1687, 0.000437, 0.000263, 0.000256
1688, 0.000432, 0.000266, 0.000259
1689, 0.000432, 0.000244, 0.000238
1690, 0.000434, 0.000286, 0.000277
1691, 0.000437, 0.000244, 0.000237
1692, 0.000433, 0.000261, 0.000253
1693, 0.000431, 0.000271, 0.000262
1694, 0.000432, 0.000244, 0.000237
1695, 0.000433, 0.000279, 0.000269
1696, 0.000433, 0.000242, 0.000235
1697, 0.000435, 0.000268, 0.000260
1698, 0.000431, 0.000250, 0.000243
1699, 0.000431, 0.000249, 0.000242
1700, 0.000431, 0.000272, 0.000264
1701, 0.000431, 0.000243, 0.000236
1702, 0.000432, 0.000272, 0.000263
1703, 0.000433, 0.000250, 0.000243
1704, 0.000431, 0.000251, 0.000243
1705, 0.000428, 0.000265, 0.000256
1706, 0.000428, 0.000246, 0.000239
1707, 0.000430, 0.000270, 0.000261
1708, 0.000430, 0.000248, 0.000240
1709, 0.000428, 0.000257, 0.000249
1710, 0.000428, 0.000257, 0.000249
1711, 0.000427, 0.000248, 0.000241
1712, 0.000427, 0.000259, 0.000252
1713, 0.000430, 0.000254, 0.000246
1714, 0.000428, 0.000254, 0.000247
1715, 0.000426, 0.000257, 0.000251
1716, 0.000428, 0.000256, 0.000249
1717, 0.000427, 0.000242, 0.000236
1718, 0.000429, 0.000280, 0.000271
1719, 0.000432, 0.000236, 0.000229
1720, 0.000435, 0.000287, 0.000277
1721, 0.000434, 0.000238, 0.000232
1722, 0.000429, 0.000258, 0.000249
1723, 0.000427, 0.000262, 0.000253
1724, 0.000426, 0.000242, 0.000235
1725, 0.000430, 0.000277, 0.000268
1726, 0.000429, 0.000240, 0.000233
1727, 0.000427, 0.000265, 0.000258
1728, 0.000428, 0.000248, 0.000240
1729, 0.000425, 0.000256, 0.000248
1730, 0.000422, 0.000260, 0.000253
1731, 0.000426, 0.000245, 0.000237
1732, 0.000427, 0.000275, 0.000266
1733, 0.000430, 0.000238, 0.000232
1734, 0.000429, 0.000279, 0.000269
1735, 0.000426, 0.000239, 0.000231
1736, 0.000425, 0.000258, 0.000250
1737, 0.000425, 0.000259, 0.000250
1738, 0.000424, 0.000239, 0.000231
1739, 0.000426, 0.000276, 0.000268
1740, 0.000426, 0.000238, 0.000231
1741, 0.000426, 0.000267, 0.000257
1742, 0.000425, 0.000243, 0.000235
1743, 0.000425, 0.000264, 0.000255
1744, 0.000422, 0.000251, 0.000241
1745, 0.000424, 0.000255, 0.000248
1746, 0.000424, 0.000260, 0.000251
1747, 0.000421, 0.000240, 0.000232
1748, 0.000427, 0.000279, 0.000271
1749, 0.000428, 0.000237, 0.000230
1750, 0.000424, 0.000273, 0.000262
1751, 0.000425, 0.000245, 0.000238
1752, 0.000423, 0.000256, 0.000247
1753, 0.000421, 0.000251, 0.000242
1754, 0.000420, 0.000242, 0.000234
1755, 0.000422, 0.000267, 0.000257
1756, 0.000421, 0.000237, 0.000230
1757, 0.000423, 0.000266, 0.000258
1758, 0.000423, 0.000242, 0.000234
1759, 0.000420, 0.000250, 0.000242
1760, 0.000419, 0.000259, 0.000250
1761, 0.000421, 0.000237, 0.000229
1762, 0.000421, 0.000268, 0.000259
1763, 0.000421, 0.000240, 0.000232
1764, 0.000421, 0.000261, 0.000251
1765, 0.000419, 0.000245, 0.000237
1766, 0.000420, 0.000251, 0.000241
1767, 0.000418, 0.000263, 0.000253
1768, 0.000421, 0.000232, 0.000225
1769, 0.000424, 0.000280, 0.000269
1770, 0.000424, 0.000231, 0.000223
1771, 0.000420, 0.000258, 0.000249
1772, 0.000418, 0.000252, 0.000243
1773, 0.000416, 0.000236, 0.000228
1774, 0.000419, 0.000271, 0.000260
1775, 0.000420, 0.000231, 0.000223
1776, 0.000422, 0.000280, 0.000268
1777, 0.000422, 0.000232, 0.000224
1778, 0.000419, 0.000260, 0.000251
1779, 0.000417, 0.000249, 0.000240
1780, 0.000415, 0.000243, 0.000235
1781, 0.000416, 0.000259, 0.000251
1782, 0.000418, 0.000235, 0.000226
1783, 0.000419, 0.000269, 0.000259
1784, 0.000418, 0.000233, 0.000225
1785, 0.000419, 0.000259, 0.000248
1786, 0.000419, 0.000243, 0.000234
1787, 0.000415, 0.000242, 0.000233
1788, 0.000416, 0.000259, 0.000249
1789, 0.000416, 0.000228, 0.000219
1790, 0.000418, 0.000273, 0.000263
1791, 0.000416, 0.000235, 0.000227
1792, 0.000415, 0.000243, 0.000234
1793, 0.000413, 0.000266, 0.000256
1794, 0.000414, 0.000228, 0.000219
1795, 0.000419, 0.000277, 0.000264
1796, 0.000419, 0.000228, 0.000220
1797, 0.000416, 0.000258, 0.000247
1798, 0.000412, 0.000248, 0.000237
1799, 0.000413, 0.000237, 0.000228
1800, 0.000414, 0.000274, 0.000262
1801, 0.000417, 0.000228, 0.000220
1802, 0.000415, 0.000262, 0.000251
1803, 0.000414, 0.000242, 0.000231
1804, 0.000414, 0.000243, 0.000233
1805, 0.000412, 0.000251, 0.000240
1806, 0.000412, 0.000240, 0.000230
1807, 0.000411, 0.000246, 0.000237
1808, 0.000411, 0.000246, 0.000236
1809, 0.000410, 0.000234, 0.000225
1810, 0.000411, 0.000255, 0.000246
1811, 0.000410, 0.000240, 0.000231
1812, 0.000409, 0.000239, 0.000229
1813, 0.000411, 0.000245, 0.000236
1814, 0.000410, 0.000246, 0.000236
1815, 0.000410, 0.000239, 0.000229
1816, 0.000410, 0.000259, 0.000250
1817, 0.000412, 0.000234, 0.000225
1818, 0.000411, 0.000255, 0.000244
1819, 0.000410, 0.000240, 0.000231
1820, 0.000407, 0.000239, 0.000229
1821, 0.000408, 0.000246, 0.000235
1822, 0.000408, 0.000238, 0.000229
1823, 0.000408, 0.000252, 0.000241
1824, 0.000408, 0.000238, 0.000228
1825, 0.000407, 0.000247, 0.000237
1826, 0.000406, 0.000245, 0.000235
1827, 0.000405, 0.000242, 0.000231
1828, 0.000405, 0.000251, 0.000240
1829, 0.000406, 0.000243, 0.000233
1830, 0.000409, 0.000241, 0.000230
1831, 0.000407, 0.000259, 0.000248
1832, 0.000410, 0.000225, 0.000216
1833, 0.000409, 0.000271, 0.000261
1834, 0.000411, 0.000226, 0.000217
1835, 0.000408, 0.000248, 0.000238
1836, 0.000405, 0.000252, 0.000242
1837, 0.000405, 0.000220, 0.000210
1838, 0.000415, 0.000301, 0.000288
1839, 0.000419, 0.000218, 0.000210
1840, 0.000417, 0.000284, 0.000271
1841, 0.000412, 0.000228, 0.000218
1842, 0.000407, 0.000240, 0.000230
1843, 0.000404, 0.000272, 0.000260
1844, 0.000408, 0.000220, 0.000212
1845, 0.000417, 0.000299, 0.000287
1846, 0.000421, 0.000215, 0.000206
1847, 0.000422, 0.000292, 0.000280
1848, 0.000417, 0.000223, 0.000213
1849, 0.000406, 0.000243, 0.000233
1850, 0.000405, 0.000260, 0.000249
1851, 0.000406, 0.000219, 0.000209
1852, 0.000413, 0.000299, 0.000286
1853, 0.000424, 0.000217, 0.000209
1854, 0.000418, 0.000271, 0.000259
1855, 0.000410, 0.000232, 0.000222
1856, 0.000404, 0.000228, 0.000219
1857, 0.000405, 0.000267, 0.000254
1858, 0.000407, 0.000221, 0.000210
1859, 0.000406, 0.000252, 0.000241
1860, 0.000404, 0.000237, 0.000226
1861, 0.000402, 0.000226, 0.000216
1862, 0.000403, 0.000263, 0.000252
1863, 0.000405, 0.000218, 0.000208
1864, 0.000406, 0.000256, 0.000244
1865, 0.000404, 0.000231, 0.000222
1866, 0.000402, 0.000229, 0.000218
1867, 0.000402, 0.000250, 0.000238
1868, 0.000402, 0.000224, 0.000215
1869, 0.000400, 0.000241, 0.000229
1870, 0.000401, 0.000234, 0.000222
1871, 0.000401, 0.000235, 0.000225
1872, 0.000402, 0.000236, 0.000225
1873, 0.000398, 0.000232, 0.000222
1874, 0.000398, 0.000241, 0.000231
1875, 0.000400, 0.000232, 0.000221
1876, 0.000398, 0.000233, 0.000222
1877, 0.000397, 0.000241, 0.000230
1878, 0.000399, 0.000221, 0.000211
1879, 0.000400, 0.000262, 0.000248
1880, 0.000403, 0.000217, 0.000207
1881, 0.000402, 0.000262, 0.000249
1882, 0.000399, 0.000222, 0.000211
1883, 0.000397, 0.000236, 0.000225
1884, 0.000396, 0.000239, 0.000226
1885, 0.000396, 0.000221, 0.000210
1886, 0.000398, 0.000252, 0.000241
1887, 0.000399, 0.000226, 0.000216
1888, 0.000395, 0.000227, 0.000217
1889, 0.000397, 0.000258, 0.000247
1890, 0.000398, 0.000217, 0.000206
1891, 0.000399, 0.000251, 0.000237
1892, 0.000396, 0.000227, 0.000216
1893, 0.000397, 0.000240, 0.000227
1894, 0.000396, 0.000228, 0.000216
1895, 0.000394, 0.000240, 0.000229
1896, 0.000397, 0.000225, 0.000214
1897, 0.000394, 0.000237, 0.000226
1898, 0.000395, 0.000231, 0.000220
1899, 0.000393, 0.000231, 0.000220
1900, 0.000393, 0.000237, 0.000225
1901, 0.000391, 0.000222, 0.000212
1902, 0.000394, 0.000251, 0.000238
1903, 0.000396, 0.000222, 0.000211
1904, 0.000394, 0.000241, 0.000229
1905, 0.000393, 0.000224, 0.000213
1906, 0.000391, 0.000238, 0.000226
1907, 0.000393, 0.000231, 0.000220
1908, 0.000389, 0.000225, 0.000214
1909, 0.000393, 0.000250, 0.000237
1910, 0.000393, 0.000217, 0.000206
1911, 0.000395, 0.000256, 0.000242
1912, 0.000394, 0.000221, 0.000209
1913, 0.000394, 0.000237, 0.000225
1914, 0.000390, 0.000239, 0.000226
1915, 0.000390, 0.000217, 0.000206
1916, 0.000392, 0.000253, 0.000239
1917, 0.000394, 0.000213, 0.000201
1918, 0.000393, 0.000250, 0.000236
1919, 0.000391, 0.000232, 0.000219
1920, 0.000391, 0.000218, 0.000206
1921, 0.000391, 0.000258, 0.000244
1922, 0.000393, 0.000212, 0.000201
1923, 0.000396, 0.000268, 0.000254
1924, 0.000396, 0.000212, 0.000201
1925, 0.000396, 0.000259, 0.000245
1926, 0.000394, 0.000220, 0.000209
1927, 0.000393, 0.000242, 0.000230
1928, 0.000388, 0.000221, 0.000209
1929, 0.000387, 0.000238, 0.000225
1930, 0.000388, 0.000225, 0.000213
1931, 0.000390, 0.000226, 0.000214
1932, 0.000388, 0.000246, 0.000232
1933, 0.000390, 0.000219, 0.000207
1934, 0.000390, 0.000238, 0.000226
1935, 0.000389, 0.000228, 0.000216
1936, 0.000387, 0.000223, 0.000212
1937, 0.000385, 0.000234, 0.000222
1938, 0.000386, 0.000222, 0.000211
1939, 0.000387, 0.000231, 0.000219
1940, 0.000386, 0.000228, 0.000216
1941, 0.000385, 0.000229, 0.000216
1942, 0.000385, 0.000235, 0.000222
1943, 0.000387, 0.000229, 0.000217
1944, 0.000384, 0.000222, 0.000210
1945, 0.000385, 0.000243, 0.000230
1946, 0.000389, 0.000215, 0.000204
1947, 0.000385, 0.000246, 0.000234
1948, 0.000385, 0.000220, 0.000209
1949, 0.000386, 0.000225, 0.000214
1950, 0.000385, 0.000248, 0.000236
1951, 0.000386, 0.000208, 0.000197
1952, 0.000391, 0.000276, 0.000262
1953, 0.000395, 0.000202, 0.000192
1954, 0.000398, 0.000279, 0.000266
1955, 0.000395, 0.000211, 0.000199
1956, 0.000386, 0.000230, 0.000217
1957, 0.000384, 0.000248, 0.000235
1958, 0.000385, 0.000206, 0.000195
1959, 0.000388, 0.000271, 0.000256
1960, 0.000391, 0.000205, 0.000194
1961, 0.000391, 0.000260, 0.000246
1962, 0.000386, 0.000213, 0.000201
1963, 0.000383, 0.000223, 0.000210
1964, 0.000382, 0.000249, 0.000234
1965, 0.000386, 0.000205, 0.000194
1966, 0.000389, 0.000258, 0.000244
1967, 0.000385, 0.000212, 0.000201
1968, 0.000382, 0.000223, 0.000210
1969, 0.000384, 0.000248, 0.000235
1970, 0.000384, 0.000205, 0.000194
1971, 0.000386, 0.000257, 0.000243
1972, 0.000384, 0.000217, 0.000204
1973, 0.000380, 0.000217, 0.000205
1974, 0.000381, 0.000248, 0.000233
1975, 0.000384, 0.000205, 0.000192
1976, 0.000386, 0.000261, 0.000247
1977, 0.000386, 0.000203, 0.000191
1978, 0.000384, 0.000248, 0.000235
1979, 0.000383, 0.000217, 0.000205
1980, 0.000379, 0.000217, 0.000205
1981, 0.000379, 0.000241, 0.000228
1982, 0.000382, 0.000209, 0.000197
1983, 0.000379, 0.000233, 0.000220
1984, 0.000380, 0.000219, 0.000206
1985, 0.000379, 0.000218, 0.000207
1986, 0.000378, 0.000228, 0.000216
1987, 0.000376, 0.000219, 0.000207
1988, 0.000378, 0.000227, 0.000215
1989, 0.000377, 0.000220, 0.000208
1990, 0.000379, 0.000225, 0.000213
1991, 0.000378, 0.000223, 0.000211
1992, 0.000375, 0.000224, 0.000210
1993, 0.000377, 0.000223, 0.000209
1994, 0.000377, 0.000231, 0.000217
1995, 0.000378, 0.000216, 0.000203
1996, 0.000378, 0.000230, 0.000216
1997, 0.000377, 0.000216, 0.000203
1998, 0.000376, 0.000232, 0.000219
1999, 0.000378, 0.000214, 0.000201
2000, 0.000375, 0.000225, 0.000212
2001, 0.000374, 0.000230, 0.000217
2002, 0.000375, 0.000211, 0.000198
2003, 0.000378, 0.000239, 0.000225
2004, 0.000375, 0.000213, 0.000200
2005, 0.000375, 0.000222, 0.000209
2006, 0.000374, 0.000226, 0.000213
2007, 0.000374, 0.000214, 0.000201
2008, 0.000374, 0.000234, 0.000221
2009, 0.000374, 0.000212, 0.000199
2010, 0.000377, 0.000233, 0.000219
2011, 0.000375, 0.000220, 0.000206
2012, 0.000374, 0.000219, 0.000205
2013, 0.000376, 0.000237, 0.000223
2014, 0.000375, 0.000209, 0.000195
2015, 0.000375, 0.000252, 0.000237
2016, 0.000375, 0.000207, 0.000195
2017, 0.000377, 0.000239, 0.000224
2018, 0.000374, 0.000221, 0.000207
2019, 0.000373, 0.000215, 0.000201
2020, 0.000372, 0.000243, 0.000228
2021, 0.000376, 0.000197, 0.000184
2022, 0.000381, 0.000278, 0.000261
2023, 0.000384, 0.000196, 0.000184
2024, 0.000384, 0.000256, 0.000241
2025, 0.000376, 0.000212, 0.000199
2026, 0.000373, 0.000222, 0.000209
2027, 0.000373, 0.000233, 0.000219
2028, 0.000372, 0.000197, 0.000185
2029, 0.000384, 0.000290, 0.000273
2030, 0.000389, 0.000193, 0.000182
2031, 0.000393, 0.000296, 0.000279
2032, 0.000390, 0.000194, 0.000182
2033, 0.000380, 0.000242, 0.000227
2034, 0.000371, 0.000217, 0.000203
2035, 0.000371, 0.000204, 0.000191
2036, 0.000370, 0.000252, 0.000237
2037, 0.000375, 0.000196, 0.000184
2038, 0.000379, 0.000266, 0.000250
2039, 0.000380, 0.000195, 0.000183
2040, 0.000378, 0.000238, 0.000222
2041, 0.000372, 0.000210, 0.000196
2042, 0.000369, 0.000208, 0.000194
2043, 0.000367, 0.000238, 0.000222
2044, 0.000372, 0.000199, 0.000186
2045, 0.000372, 0.000233, 0.000219
2046, 0.000369, 0.000210, 0.000197
2047, 0.000369, 0.000208, 0.000195
2048, 0.000369, 0.000241, 0.000226
2049, 0.000372, 0.000193, 0.000180
2050, 0.000372, 0.000252, 0.000236
2051, 0.000372, 0.000198, 0.000185
2052, 0.000369, 0.000220, 0.000205
2053, 0.000365, 0.000224, 0.000209
2054, 0.000368, 0.000205, 0.000191
2055, 0.000366, 0.000220, 0.000205
2056, 0.000366, 0.000215, 0.000200
2057, 0.000368, 0.000206, 0.000192
2058, 0.000366, 0.000239, 0.000223
2059, 0.000371, 0.000198, 0.000184
2060, 0.000370, 0.000238, 0.000223
2061, 0.000368, 0.000206, 0.000192
2062, 0.000365, 0.000211, 0.000197
2063, 0.000364, 0.000224, 0.000209
2064, 0.000364, 0.000200, 0.000187
2065, 0.000363, 0.000228, 0.000213
2066, 0.000364, 0.000208, 0.000194
2067, 0.000368, 0.000216, 0.000201
2068, 0.000366, 0.000221, 0.000206
2069, 0.000365, 0.000208, 0.000192
2070, 0.000362, 0.000217, 0.000202
2071, 0.000363, 0.000219, 0.000205
2072, 0.000366, 0.000207, 0.000193
2073, 0.000364, 0.000226, 0.000212
2074, 0.000364, 0.000210, 0.000197
2075, 0.000365, 0.000217, 0.000203
2076, 0.000363, 0.000222, 0.000207
2077, 0.000365, 0.000208, 0.000195
2078, 0.000366, 0.000218, 0.000203
2079, 0.000362, 0.000213, 0.000198
2080, 0.000362, 0.000211, 0.000197
2081, 0.000361, 0.000230, 0.000214
2082, 0.000362, 0.000198, 0.000184
2083, 0.000365, 0.000242, 0.000226
2084, 0.000367, 0.000201, 0.000188
2085, 0.000362, 0.000219, 0.000205
2086, 0.000362, 0.000225, 0.000211
2087, 0.000363, 0.000200, 0.000186
2088, 0.000361, 0.000229, 0.000215
2089, 0.000362, 0.000207, 0.000194
2090, 0.000359, 0.000219, 0.000204
2091, 0.000360, 0.000207, 0.000193
2092, 0.000360, 0.000216, 0.000201
2093, 0.000359, 0.000209, 0.000194
2094, 0.000358, 0.000212, 0.000198
2095, 0.000358, 0.000216, 0.000201
2096, 0.000358, 0.000209, 0.000194
2097, 0.000359, 0.000218, 0.000203
2098, 0.000358, 0.000210, 0.000195
2099, 0.000360, 0.000211, 0.000196
2100, 0.000360, 0.000222, 0.000207
2101, 0.000358, 0.000204, 0.000190
2102, 0.000359, 0.000239, 0.000223
2103, 0.000361, 0.000191, 0.000178
2104, 0.000364, 0.000254, 0.000237
2105, 0.000366, 0.000194, 0.000180
2106, 0.000364, 0.000239, 0.000223
2107, 0.000360, 0.000203, 0.000189
2108, 0.000358, 0.000209, 0.000194
2109, 0.000356, 0.000230, 0.000214
2110, 0.000360, 0.000199, 0.000184
2111, 0.000358, 0.000225, 0.000209
2112, 0.000357, 0.000207, 0.000192
2113, 0.000358, 0.000218, 0.000202
2114, 0.000357, 0.000213, 0.000197
2115, 0.000358, 0.000218, 0.000202
2116, 0.000356, 0.000215, 0.000199
2117, 0.000354, 0.000215, 0.000199
2118, 0.000357, 0.000215, 0.000200
2119, 0.000356, 0.000218, 0.000203
2120, 0.000355, 0.000208, 0.000192
2121, 0.000356, 0.000226, 0.000210
2122, 0.000353, 0.000204, 0.000189
2123, 0.000357, 0.000213, 0.000197
2124, 0.000356, 0.000212, 0.000197
2125, 0.000354, 0.000201, 0.000186
2126, 0.000356, 0.000230, 0.000213
2127, 0.000356, 0.000198, 0.000184
2128, 0.000355, 0.000235, 0.000219
2129, 0.000358, 0.000205, 0.000189
2130, 0.000355, 0.000229, 0.000212
2131, 0.000355, 0.000210, 0.000195
2132, 0.000357, 0.000215, 0.000199
2133, 0.000355, 0.000219, 0.000203
2134, 0.000354, 0.000206, 0.000191
2135, 0.000353, 0.000223, 0.000207
2136, 0.000352, 0.000203, 0.000187
2137, 0.000356, 0.000225, 0.000209
2138, 0.000353, 0.000202, 0.000186
2139, 0.000353, 0.000216, 0.000199
2140, 0.000352, 0.000234, 0.000217
2141, 0.000357, 0.000189, 0.000174
2142, 0.000360, 0.000279, 0.000260
2143, 0.000366, 0.000183, 0.000169
2144, 0.000366, 0.000275, 0.000258
2145, 0.000366, 0.000191, 0.000177
2146, 0.000361, 0.000237, 0.000221
2147, 0.000351, 0.000210, 0.000195
2148, 0.000352, 0.000199, 0.000184
2149, 0.000351, 0.000232, 0.000216
2150, 0.000352, 0.000194, 0.000180
2151, 0.000356, 0.000225, 0.000208
2152, 0.000351, 0.000207, 0.000191
2153, 0.000351, 0.000208, 0.000192
2154, 0.000350, 0.000217, 0.000201
2155, 0.000350, 0.000207, 0.000191
2156, 0.000348, 0.000210, 0.000194
2157, 0.000349, 0.000212, 0.000197
2158, 0.000350, 0.000200, 0.000186
2159, 0.000349, 0.000225, 0.000209
2160, 0.000349, 0.000196, 0.000182
2161, 0.000351, 0.000229, 0.000212
2162, 0.000353, 0.000194, 0.000179
2163, 0.000350, 0.000229, 0.000213
2164, 0.000352, 0.000204, 0.000188
2165, 0.000350, 0.000214, 0.000198
2166, 0.000347, 0.000209, 0.000193
2167, 0.000348, 0.000223, 0.000206
2168, 0.000351, 0.000198, 0.000183
2169, 0.000348, 0.000233, 0.000216
2170, 0.000351, 0.000195, 0.000180
2171, 0.000351, 0.000233, 0.000216
2172, 0.000350, 0.000194, 0.000180
2173, 0.000349, 0.000233, 0.000217
2174, 0.000349, 0.000195, 0.000179
2175, 0.000351, 0.000232, 0.000216
2176, 0.000349, 0.000194, 0.000180
2177, 0.000350, 0.000228, 0.000211
2178, 0.000345, 0.000200, 0.000185
2179, 0.000345, 0.000216, 0.000200
2180, 0.000349, 0.000207, 0.000191
2181, 0.000346, 0.000214, 0.000197
2182, 0.000346, 0.000208, 0.000191
2183, 0.000346, 0.000211, 0.000194
2184, 0.000346, 0.000201, 0.000185
2185, 0.000346, 0.000224, 0.000207
2186, 0.000345, 0.000198, 0.000182
2187, 0.000345, 0.000225, 0.000209
2188, 0.000344, 0.000203, 0.000188
2189, 0.000344, 0.000204, 0.000188
2190, 0.000344, 0.000223, 0.000207
2191, 0.000345, 0.000197, 0.000182
2192, 0.000346, 0.000229, 0.000212
2193, 0.000346, 0.000198, 0.000181
2194, 0.000349, 0.000221, 0.000204
2195, 0.000345, 0.000202, 0.000186
2196, 0.000344, 0.000216, 0.000199
2197, 0.000342, 0.000222, 0.000205
2198, 0.000345, 0.000189, 0.000174
2199, 0.000349, 0.000250, 0.000232
2200, 0.000350, 0.000182, 0.000167
2201, 0.000351, 0.000255, 0.000237
2202, 0.000354, 0.000184, 0.000169
2203, 0.000349, 0.000247, 0.000229
2204, 0.000347, 0.000191, 0.000176
2205, 0.000347, 0.000220, 0.000203
2206, 0.000343, 0.000219, 0.000202
2207, 0.000341, 0.000187, 0.000172
2208, 0.000346, 0.000268, 0.000249
2209, 0.000352, 0.000178, 0.000162
2210, 0.000355, 0.000269, 0.000250
2211, 0.000352, 0.000183, 0.000168
2212, 0.000349, 0.000221, 0.000203
2213, 0.000346, 0.000215, 0.000199
2214, 0.000341, 0.000187, 0.000172
2215, 0.000344, 0.000252, 0.000234
2216, 0.000350, 0.000175, 0.000161
2217, 0.000350, 0.000252, 0.000235
2218, 0.000348, 0.000192, 0.000177
2219, 0.000343, 0.000206, 0.000189
2220, 0.000341, 0.000231, 0.000213
2221, 0.000343, 0.000183, 0.000167
2222, 0.000345, 0.000248, 0.000228
2223, 0.000347, 0.000185, 0.000170
2224, 0.000347, 0.000233, 0.000216
2225, 0.000343, 0.000200, 0.000184
2226, 0.000339, 0.000199, 0.000183
2227, 0.000339, 0.000221, 0.000204
2228, 0.000340, 0.000187, 0.000170
2229, 0.000344, 0.000233, 0.000214
2230, 0.000342, 0.000185, 0.000170
2231, 0.000344, 0.000228, 0.000209
2232, 0.000340, 0.000193, 0.000177
2233, 0.000340, 0.000209, 0.000193
2234, 0.000339, 0.000209, 0.000192
2235, 0.000338, 0.000194, 0.000177
2236, 0.000340, 0.000233, 0.000216
2237, 0.000342, 0.000184, 0.000169
2238, 0.000341, 0.000238, 0.000220
2239, 0.000343, 0.000187, 0.000172
2240, 0.000342, 0.000213, 0.000196
2241, 0.000337, 0.000211, 0.000194
2242, 0.000336, 0.000190, 0.000175
2243, 0.000338, 0.000227, 0.000210
2244, 0.000338, 0.000194, 0.000178
2245, 0.000338, 0.000205, 0.000189
2246, 0.000336, 0.000223, 0.000205
2247, 0.000339, 0.000180, 0.000164
2248, 0.000342, 0.000261, 0.000242
2249, 0.000347, 0.000175, 0.000161
2250, 0.000347, 0.000240, 0.000222
2251, 0.000340, 0.000188, 0.000172
2252, 0.000340, 0.000220, 0.000204
2253, 0.000335, 0.000198, 0.000182
2254, 0.000335, 0.000201, 0.000185
2255, 0.000334, 0.000216, 0.000200
2256, 0.000334, 0.000190, 0.000174
2257, 0.000335, 0.000218, 0.000201
2258, 0.000333, 0.000200, 0.000183
2259, 0.000334, 0.000208, 0.000191
2260, 0.000334, 0.000202, 0.000185
2261, 0.000334, 0.000211, 0.000194
2262, 0.000332, 0.000199, 0.000183
2263, 0.000336, 0.000206, 0.000190
2264, 0.000332, 0.000191, 0.000175
2265, 0.000336, 0.000229, 0.000211
2266, 0.000335, 0.000192, 0.000175
2267, 0.000332, 0.000204, 0.000187
2268, 0.000332, 0.000211, 0.000193
2269, 0.000331, 0.000190, 0.000174
2270, 0.000333, 0.000224, 0.000207
2271, 0.000334, 0.000196, 0.000179
2272, 0.000331, 0.000214, 0.000196
2273, 0.000332, 0.000198, 0.000182
2274, 0.000332, 0.000204, 0.000187
2275, 0.000330, 0.000200, 0.000183
2276, 0.000332, 0.000209, 0.000192
2277, 0.000331, 0.000206, 0.000189
2278, 0.000331, 0.000206, 0.000190
2279, 0.000332, 0.000201, 0.000185
2280, 0.000330, 0.000204, 0.000188
2281, 0.000332, 0.000213, 0.000196
2282, 0.000330, 0.000189, 0.000173
2283, 0.000331, 0.000237, 0.000221
2284, 0.000333, 0.000184, 0.000169
2285, 0.000334, 0.000236, 0.000218
2286, 0.000335, 0.000187, 0.000171
2287, 0.000333, 0.000219, 0.000201
2288, 0.000330, 0.000204, 0.000186
2289, 0.000332, 0.000205, 0.000188
2290, 0.000330, 0.000215, 0.000197
2291, 0.000329, 0.000196, 0.000179
2292, 0.000330, 0.000212, 0.000194
2293, 0.000329, 0.000194, 0.000177
2294, 0.000329, 0.000218, 0.000200
2295, 0.000329, 0.000204, 0.000188
2296, 0.000330, 0.000201, 0.000185
2297, 0.000327, 0.000218, 0.000200
2298, 0.000332, 0.000192, 0.000176
2299, 0.000331, 0.000224, 0.000206
2300, 0.000329, 0.000190, 0.000173
2301, 0.000329, 0.000214, 0.000197
2302, 0.000328, 0.000206, 0.000188
2303, 0.000328, 0.000209, 0.000191
2304, 0.000328, 0.000198, 0.000181
2305, 0.000328, 0.000218, 0.000199
2306, 0.000328, 0.000212, 0.000194
2307, 0.000329, 0.000188, 0.000172
2308, 0.000330, 0.000262, 0.000244
2309, 0.000336, 0.000170, 0.000155
2310, 0.000339, 0.000279, 0.000261
2311, 0.000344, 0.000167, 0.000151
2312, 0.000343, 0.000274, 0.000254
2313, 0.000343, 0.000174, 0.000158
2314, 0.000335, 0.000237, 0.000217
2315, 0.000330, 0.000199, 0.000182
2316, 0.000327, 0.000190, 0.000174
2317, 0.000327, 0.000242, 0.000223
2318, 0.000332, 0.000170, 0.000155
2319, 0.000338, 0.000286, 0.000267
2320, 0.000346, 0.000168, 0.000153
2321, 0.000343, 0.000255, 0.000236
2322, 0.000334, 0.000184, 0.000168
2323, 0.000327, 0.000201, 0.000182
2324, 0.000327, 0.000222, 0.000202
2325, 0.000325, 0.000183, 0.000166
2326, 0.000327, 0.000228, 0.000208
2327, 0.000326, 0.000180, 0.000164
2328, 0.000327, 0.000226, 0.000207
2329, 0.000326, 0.000185, 0.000168
2330, 0.000325, 0.000206, 0.000189
2331, 0.000323, 0.000203, 0.000187
2332, 0.000325, 0.000183, 0.000167
2333, 0.000324, 0.000231, 0.000212
2334, 0.000328, 0.000181, 0.000164
2335, 0.000324, 0.000228, 0.000209
2336, 0.000327, 0.000186, 0.000168
2337, 0.000326, 0.000212, 0.000194
2338, 0.000325, 0.000198, 0.000180
2339, 0.000320, 0.000196, 0.000179
2340, 0.000321, 0.000212, 0.000195
2341, 0.000319, 0.000186, 0.000170
2342, 0.000324, 0.000229, 0.000210
2343, 0.000325, 0.000177, 0.000161
2344, 0.000326, 0.000238, 0.000218
2345, 0.000327, 0.000178, 0.000162
2346, 0.000323, 0.000211, 0.000192
2347, 0.000321, 0.000210, 0.000191
2348, 0.000321, 0.000182, 0.000165
2349, 0.000321, 0.000230, 0.000211
2350, 0.000324, 0.000178, 0.000161
2351, 0.000324, 0.000231, 0.000213
2352, 0.000325, 0.000175, 0.000159
2353, 0.000328, 0.000237, 0.000218
2354, 0.000325, 0.000176, 0.000160
2355, 0.000323, 0.000237, 0.000219
2356, 0.000326, 0.000179, 0.000162
2357, 0.000322, 0.000208, 0.000190
2358, 0.000318, 0.000202, 0.000184
2359, 0.000318, 0.000198, 0.000181
2360, 0.000320, 0.000200, 0.000182
2361, 0.000317, 0.000216, 0.000197
2362, 0.000319, 0.000180, 0.000163
2363, 0.000321, 0.000237, 0.000217
2364, 0.000323, 0.000178, 0.000161
2365, 0.000320, 0.000220, 0.000201
2366, 0.000320, 0.000188, 0.000170
2367, 0.000318, 0.000203, 0.000185
2368, 0.000317, 0.000201, 0.000183
2369, 0.000316, 0.000197, 0.000179
2370, 0.000319, 0.000204, 0.000186
2371, 0.000316, 0.000192, 0.000174
2372, 0.000318, 0.000208, 0.000189
2373, 0.000317, 0.000189, 0.000172
2374, 0.000317, 0.000217, 0.000198
2375, 0.000318, 0.000196, 0.000179
2376, 0.000317, 0.000197, 0.000179
2377, 0.000315, 0.000221, 0.000202
2378, 0.000317, 0.000182, 0.000165
2379, 0.000318, 0.000222, 0.000203
2380, 0.000317, 0.000184, 0.000167
2381, 0.000319, 0.000228, 0.000209
2382, 0.000315, 0.000190, 0.000173
2383, 0.000315, 0.000201, 0.000182
2384, 0.000316, 0.000215, 0.000197
2385, 0.000316, 0.000187, 0.000169
2386, 0.000315, 0.000227, 0.000207
2387, 0.000318, 0.000175, 0.000158
2388, 0.000321, 0.000233, 0.000213
2389, 0.000316, 0.000187, 0.000170
2390, 0.000317, 0.000209, 0.000191
2391, 0.000315, 0.000210, 0.000192
2392, 0.000314, 0.000187, 0.000170
2393, 0.000315, 0.000236, 0.000217
2394, 0.000320, 0.000181, 0.000164
2395, 0.000317, 0.000239, 0.000220
2396, 0.000318, 0.000176, 0.000159
2397, 0.000319, 0.000246, 0.000226
2398, 0.000320, 0.000172, 0.000156
2399, 0.000322, 0.000228, 0.000209
2400, 0.000315, 0.000201, 0.000184
2401, 0.000311, 0.000184, 0.000167
2402, 0.000314, 0.000226, 0.000207
2403, 0.000314, 0.000185, 0.000167
2404, 0.000317, 0.000222, 0.000204
2405, 0.000315, 0.000185, 0.000168
2406, 0.000312, 0.000228, 0.000210
2407, 0.000314, 0.000182, 0.000166
2408, 0.000313, 0.000223, 0.000205
2409, 0.000313, 0.000185, 0.000169
2410, 0.000310, 0.000207, 0.000189
2411, 0.000311, 0.000208, 0.000190
2412, 0.000311, 0.000181, 0.000165
2413, 0.000312, 0.000231, 0.000212
2414, 0.000316, 0.000183, 0.000167
2415, 0.000312, 0.000208, 0.000192
2416, 0.000311, 0.000207, 0.000190
2417, 0.000309, 0.000187, 0.000171
2418, 0.000311, 0.000228, 0.000211
2419, 0.000311, 0.000177, 0.000160
2420, 0.000310, 0.000223, 0.000204
2421, 0.000310, 0.000196, 0.000178
2422, 0.000309, 0.000187, 0.000169
2423, 0.000312, 0.000237, 0.000217
2424, 0.000314, 0.000176, 0.000159
2425, 0.000312, 0.000238, 0.000218
2426, 0.000314, 0.000173, 0.000157
2427, 0.000315, 0.000244, 0.000226
2428, 0.000316, 0.000175, 0.000159
2429, 0.000312, 0.000221, 0.000203
2430, 0.000307, 0.000199, 0.000182
2431, 0.000307, 0.000191, 0.000174
2432, 0.000308, 0.000229, 0.000211
2433, 0.000308, 0.000177, 0.000161
2434, 0.000312, 0.000228, 0.000209
2435, 0.000310, 0.000199, 0.000181
2436, 0.000307, 0.000192, 0.000175
2437, 0.000306, 0.000218, 0.000200
2438, 0.000308, 0.000185, 0.000167
2439, 0.000308, 0.000225, 0.000207
2440, 0.000309, 0.000174, 0.000158
2441, 0.000311, 0.000238, 0.000219
2442, 0.000311, 0.000182, 0.000164
2443, 0.000309, 0.000213, 0.000194
2444, 0.000307, 0.000199, 0.000180
2445, 0.000307, 0.000199, 0.000180
2446, 0.000305, 0.000212, 0.000193
2447, 0.000307, 0.000184, 0.000167
2448, 0.000305, 0.000225, 0.000205
2449, 0.000309, 0.000180, 0.000163
2450, 0.000307, 0.000230, 0.000211
2451, 0.000307, 0.000187, 0.000169
2452, 0.000309, 0.000214, 0.000196
2453, 0.000306, 0.000196, 0.000179
2454, 0.000304, 0.000196, 0.000178
2455, 0.000305, 0.000223, 0.000205
2456, 0.000306, 0.000173, 0.000157
2457, 0.000308, 0.000266, 0.000246
2458, 0.000315, 0.000159, 0.000143
2459, 0.000321, 0.000283, 0.000262
2460, 0.000321, 0.000160, 0.000144
2461, 0.000320, 0.000263, 0.000241
2462, 0.000313, 0.000177, 0.000159
2463, 0.000305, 0.000190, 0.000172
2464, 0.000304, 0.000246, 0.000225
2465, 0.000310, 0.000160, 0.000144
2466, 0.000320, 0.000307, 0.000284
2467, 0.000329, 0.000157, 0.000141
2468, 0.000332, 0.000288, 0.000268
2469, 0.000325, 0.000164, 0.000148
2470, 0.000312, 0.000215, 0.000197
2471, 0.000304, 0.000219, 0.000201
2472, 0.000304, 0.000160, 0.000144
2473, 0.000313, 0.000276, 0.000257
2474, 0.000320, 0.000161, 0.000145
2475, 0.000313, 0.000227, 0.000209
2476, 0.000306, 0.000200, 0.000182
2477, 0.000304, 0.000167, 0.000150
2478, 0.000305, 0.000248, 0.000228
2479, 0.000310, 0.000165, 0.000148
2480, 0.000309, 0.000221, 0.000201
2481, 0.000304, 0.000194, 0.000176
2482, 0.000302, 0.000173, 0.000156
2483, 0.000304, 0.000243, 0.000222
2484, 0.000307, 0.000165, 0.000149
2485, 0.000308, 0.000211, 0.000193
2486, 0.000301, 0.000203, 0.000185
2487, 0.000298, 0.000172, 0.000155
2488, 0.000302, 0.000226, 0.000208
2489, 0.000303, 0.000176, 0.000159
2490, 0.000300, 0.000189, 0.000171
2491, 0.000299, 0.000223, 0.000205
2492, 0.000301, 0.000169, 0.000153
2493, 0.000305, 0.000234, 0.000214
2494, 0.000302, 0.000176, 0.000159
2495, 0.000298, 0.000194, 0.000176
2496, 0.000300, 0.000201, 0.000182
2497, 0.000298, 0.000182, 0.000164
2498, 0.000297, 0.000199, 0.000181
2499, 0.000299, 0.000192, 0.000174
2500, 0.000296, 0.000188, 0.000171
2501, 0.000299, 0.000201, 0.000183
2502, 0.000298, 0.000182, 0.000165
2503, 0.000298, 0.000214, 0.000196
2504, 0.000299, 0.000179, 0.000163
2505, 0.000299, 0.000211, 0.000192
2506, 0.000298, 0.000181, 0.000164
2507, 0.000298, 0.000200, 0.000182
2508, 0.000296, 0.000189, 0.000171
2509, 0.000297, 0.000196, 0.000179
2510, 0.000295, 0.000193, 0.000175
2511, 0.000296, 0.000199, 0.000181
2512, 0.000294, 0.000186, 0.000169
2513, 0.000296, 0.000201, 0.000183
2514, 0.000298, 0.000192, 0.000174
2515, 0.000295, 0.000203, 0.000185
2516, 0.000294, 0.000187, 0.000170
2517, 0.000295, 0.000201, 0.000183
2518, 0.000293, 0.000188, 0.000171
2519, 0.000294, 0.000198, 0.000181
2520, 0.000293, 0.000187, 0.000169
2521, 0.000294, 0.000215, 0.000197
2522, 0.000295, 0.000183, 0.000166
2523, 0.000294, 0.000201, 0.000183
2524, 0.000295, 0.000215, 0.000196
2525, 0.000294, 0.000166, 0.000149
2526, 0.000297, 0.000243, 0.000223
2527, 0.000300, 0.000169, 0.000153
2528, 0.000296, 0.000208, 0.000190
2529, 0.000293, 0.000197, 0.000179
2530, 0.000293, 0.000183, 0.000166
2531, 0.000294, 0.000216, 0.000197
2532, 0.000292, 0.000179, 0.000162
2533, 0.000293, 0.000215, 0.000196
2534, 0.000293, 0.000177, 0.000159
2535, 0.000294, 0.000224, 0.000204
2536, 0.000295, 0.000171, 0.000154
2537, 0.000296, 0.000234, 0.000214
2538, 0.000293, 0.000175, 0.000158
2539, 0.000292, 0.000205, 0.000187
2540, 0.000292, 0.000203, 0.000185
2541, 0.000291, 0.000179, 0.000162
2542, 0.000291, 0.000237, 0.000217
2543, 0.000294, 0.000165, 0.000148
2544, 0.000296, 0.000231, 0.000212
2545, 0.000293, 0.000177, 0.000160
2546, 0.000289, 0.000190, 0.000172
2547, 0.000289, 0.000211, 0.000192
2548, 0.000288, 0.000178, 0.000161
2549, 0.000288, 0.000198, 0.000181
2550, 0.000289, 0.000211, 0.000193
2551, 0.000288, 0.000169, 0.000153
2552, 0.000294, 0.000259, 0.000239
2553, 0.000300, 0.000154, 0.000138
2554, 0.000305, 0.000273, 0.000253
2555, 0.000303, 0.000158, 0.000142
2556, 0.000297, 0.000220, 0.000201
2557, 0.000290, 0.000197, 0.000179
2558, 0.000286, 0.000169, 0.000153
2559, 0.000291, 0.000243, 0.000223
2560, 0.000294, 0.000161, 0.000145
2561, 0.000291, 0.000219, 0.000200
2562, 0.000288, 0.000190, 0.000172
2563, 0.000285, 0.000175, 0.000158
2564, 0.000288, 0.000240, 0.000220
2565, 0.000290, 0.000161, 0.000145
2566, 0.000292, 0.000237, 0.000218
2567, 0.000293, 0.000173, 0.000157
2568, 0.000287, 0.000191, 0.000174
2569, 0.000285, 0.000214, 0.000196
2570, 0.000288, 0.000163, 0.000146
2571, 0.000293, 0.000242, 0.000221
2572, 0.000291, 0.000171, 0.000153
2573, 0.000287, 0.000198, 0.000179
2574, 0.000284, 0.000217, 0.000197
2575, 0.000286, 0.000160, 0.000144
2576, 0.000290, 0.000249, 0.000230
2577, 0.000293, 0.000159, 0.000143
2578, 0.000291, 0.000226, 0.000208
2579, 0.000288, 0.000184, 0.000167
2580, 0.000283, 0.000184, 0.000166
2581, 0.000282, 0.000208, 0.000190
2582, 0.000283, 0.000171, 0.000154
2583, 0.000283, 0.000209, 0.000191
2584, 0.000282, 0.000181, 0.000163
2585, 0.000282, 0.000191, 0.000174
2586, 0.000279, 0.000188, 0.000172
2587, 0.000282, 0.000197, 0.000180
2588, 0.000283, 0.000182, 0.000165
2589, 0.000282, 0.000212, 0.000194
2590, 0.000285, 0.000167, 0.000151
2591, 0.000282, 0.000229, 0.000209
2592, 0.000286, 0.000170, 0.000153
2593, 0.000284, 0.000208, 0.000189
2594, 0.000282, 0.000192, 0.000174
2595, 0.000282, 0.000180, 0.000163
2596, 0.000282, 0.000216, 0.000198
2597, 0.000282, 0.000171, 0.000155
2598, 0.000281, 0.000202, 0.000185
2599, 0.000283, 0.000191, 0.000174
2600, 0.000278, 0.000187, 0.000170
2601, 0.000281, 0.000203, 0.000184
2602, 0.000278, 0.000182, 0.000164
2603, 0.000278, 0.000194, 0.000176
2604, 0.000279, 0.000192, 0.000174
2605, 0.000281, 0.000198, 0.000179
2606, 0.000276, 0.000190, 0.000173
2607, 0.000278, 0.000180, 0.000163
2608, 0.000277, 0.000207, 0.000189
2609, 0.000276, 0.000171, 0.000155
2610, 0.000280, 0.000210, 0.000192
2611, 0.000278, 0.000181, 0.000164
2612, 0.000278, 0.000186, 0.000169
2613, 0.000278, 0.000205, 0.000187
2614, 0.000277, 0.000179, 0.000162
2615, 0.000277, 0.000204, 0.000186
2616, 0.000277, 0.000190, 0.000172
2617, 0.000276, 0.000190, 0.000172
2618, 0.000277, 0.000193, 0.000174
2619, 0.000276, 0.000186, 0.000167
2620, 0.000275, 0.000196, 0.000177
2621, 0.000274, 0.000181, 0.000163
2622, 0.000275, 0.000209, 0.000189
2623, 0.000276, 0.000172, 0.000155
2624, 0.000276, 0.000220, 0.000202
2625, 0.000279, 0.000168, 0.000152
2626, 0.000279, 0.000221, 0.000204
2627, 0.000278, 0.000169, 0.000154
2628, 0.000278, 0.000225, 0.000207
2629, 0.000278, 0.000173, 0.000157
2630, 0.000275, 0.000193, 0.000177
2631, 0.000274, 0.000191, 0.000174
2632, 0.000274, 0.000181, 0.000164
2633, 0.000273, 0.000203, 0.000186
2634, 0.000275, 0.000182, 0.000165
2635, 0.000273, 0.000195, 0.000178
2636, 0.000272, 0.000194, 0.000177
2637, 0.000272, 0.000190, 0.000173
2638, 0.000273, 0.000194, 0.000176
2639, 0.000272, 0.000191, 0.000174
2640, 0.000272, 0.000200, 0.000182
2641, 0.000271, 0.000181, 0.000165
2642, 0.000269, 0.000195, 0.000178
2643, 0.000271, 0.000194, 0.000177
2644, 0.000269, 0.000181, 0.000165
2645, 0.000272, 0.000209, 0.000192
2646, 0.000273, 0.000169, 0.000153
2647, 0.000273, 0.000229, 0.000211
2648, 0.000273, 0.000168, 0.000152
2649, 0.000273, 0.000210, 0.000192
2650, 0.000271, 0.000201, 0.000183
2651, 0.000270, 0.000159, 0.000143
2652, 0.000276, 0.000290, 0.000268
2653, 0.000288, 0.000138, 0.000123
2654, 0.000306, 0.000366, 0.000342
2655, 0.000319, 0.000138, 0.000123
2656, 0.000321, 0.000331, 0.000307
2657, 0.000309, 0.000141, 0.000126
2658, 0.000288, 0.000222, 0.000203
2659, 0.000271, 0.000209, 0.000190
2660, 0.000269, 0.000144, 0.000129
2661, 0.000282, 0.000287, 0.000267
2662, 0.000291, 0.000143, 0.000129
2663, 0.000284, 0.000218, 0.000201
2664, 0.000272, 0.000197, 0.000180
2665, 0.000268, 0.000148, 0.000133
2666, 0.000277, 0.000258, 0.000239
2667, 0.000280, 0.000149, 0.000134
2668, 0.000276, 0.000209, 0.000190
2669, 0.000269, 0.000183, 0.000166
2670, 0.000265, 0.000157, 0.000142
2671, 0.000268, 0.000224, 0.000206
2672, 0.000271, 0.000153, 0.000138
2673, 0.000269, 0.000196, 0.000179
2674, 0.000268, 0.000188, 0.000171
2675, 0.000266, 0.000164, 0.000148
2676, 0.000267, 0.000216, 0.000199
2677, 0.000269, 0.000152, 0.000137
2678, 0.000271, 0.000202, 0.000185
2679, 0.000265, 0.000185, 0.000168
2680, 0.000264, 0.000154, 0.000137
2681, 0.000267, 0.000222, 0.000203
2682, 0.000271, 0.000156, 0.000140
2683, 0.000268, 0.000185, 0.000167
2684, 0.000263, 0.000201, 0.000183
2685, 0.000263, 0.000157, 0.000142
2686, 0.000266, 0.000208, 0.000191
2687, 0.000267, 0.000164, 0.000148
2688, 0.000265, 0.000182, 0.000166
2689, 0.000260, 0.000196, 0.000180
2690, 0.000264, 0.000155, 0.000140
2691, 0.000266, 0.000225, 0.000207
2692, 0.000266, 0.000157, 0.000141
2693, 0.000266, 0.000177, 0.000160
2694, 0.000263, 0.000205, 0.000187
2695, 0.000262, 0.000152, 0.000137
2696, 0.000265, 0.000222, 0.000203
2697, 0.000265, 0.000159, 0.000143
2698, 0.000263, 0.000198, 0.000181
2699, 0.000259, 0.000178, 0.000162
2700, 0.000260, 0.000165, 0.000149
2701, 0.000259, 0.000199, 0.000182
2702, 0.000259, 0.000169, 0.000153
2703, 0.000259, 0.000180, 0.000164
2704, 0.000258, 0.000193, 0.000176
2705, 0.000258, 0.000157, 0.000142
2706, 0.000261, 0.000208, 0.000191
2707, 0.000261, 0.000166, 0.000150
2708, 0.000258, 0.000175, 0.000158
2709, 0.000258, 0.000204, 0.000187
2710, 0.000262, 0.000151, 0.000135
2711, 0.000264, 0.000224, 0.000204
2712, 0.000264, 0.000154, 0.000139
2713, 0.000263, 0.000202, 0.000185
2714, 0.000259, 0.000173, 0.000158
2715, 0.000256, 0.000172, 0.000157
2716, 0.000255, 0.000210, 0.000193
2717, 0.000256, 0.000154, 0.000139
2718, 0.000260, 0.000208, 0.000192
2719, 0.000260, 0.000153, 0.000138
2720, 0.000259, 0.000210, 0.000193
2721, 0.000259, 0.000164, 0.000148
2722, 0.000255, 0.000188, 0.000171
2723, 0.000255, 0.000193, 0.000176
2724, 0.000255, 0.000158, 0.000142
2725, 0.000258, 0.000225, 0.000206
2726, 0.000261, 0.000151, 0.000137
2727, 0.000262, 0.000216, 0.000198
2728, 0.000260, 0.000160, 0.000145
2729, 0.000257, 0.000187, 0.000171
2730, 0.000254, 0.000194, 0.000177
2731, 0.000253, 0.000150, 0.000135
2732, 0.000257, 0.000234, 0.000217
2733, 0.000262, 0.000150, 0.000136
2734, 0.000257, 0.000197, 0.000182
2735, 0.000253, 0.000193, 0.000178
2736, 0.000252, 0.000149, 0.000135
2737, 0.000256, 0.000218, 0.000201
2738, 0.000255, 0.000154, 0.000139
2739, 0.000254, 0.000190, 0.000173
2740, 0.000252, 0.000186, 0.000168
2741, 0.000252, 0.000158, 0.000142
2742, 0.000253, 0.000217, 0.000198
2743, 0.000253, 0.000160, 0.000144
2744, 0.000253, 0.000192, 0.000175
2745, 0.000252, 0.000184, 0.000167
2746, 0.000249, 0.000158, 0.000143
2747, 0.000252, 0.000226, 0.000208
2748, 0.000256, 0.000141, 0.000127
2749, 0.000259, 0.000235, 0.000217
2750, 0.000258, 0.000151, 0.000136
2751, 0.000253, 0.000180, 0.000164
2752, 0.000249, 0.000216, 0.000198
2753, 0.000254, 0.000134, 0.000120
2754, 0.000261, 0.000265, 0.000246
2755, 0.000266, 0.000137, 0.000122
2756, 0.000257, 0.000204, 0.000186
2757, 0.000251, 0.000189, 0.000171
2758, 0.000247, 0.000139, 0.000124
2759, 0.000257, 0.000272, 0.000252
2760, 0.000266, 0.000133, 0.000119
2761, 0.000265, 0.000233, 0.000215
2762, 0.000255, 0.000159, 0.000144
2763, 0.000245, 0.000160, 0.000145
2764, 0.000246, 0.000211, 0.000194
2765, 0.000251, 0.000148, 0.000134
2766, 0.000250, 0.000190, 0.000174
2767, 0.000247, 0.000182, 0.000167
2768, 0.000245, 0.000146, 0.000132
2769, 0.000248, 0.000213, 0.000197
2770, 0.000249, 0.000148, 0.000134
2771, 0.000247, 0.000179, 0.000164
2772, 0.000245, 0.000186, 0.000170
2773, 0.000244, 0.000144, 0.000129
2774, 0.000247, 0.000228, 0.000209
2775, 0.000251, 0.000148, 0.000133
2776, 0.000245, 0.000166, 0.000151
2777, 0.000242, 0.000206, 0.000190
2778, 0.000245, 0.000140, 0.000127
2779, 0.000250, 0.000212, 0.000196
2780, 0.000246, 0.000160, 0.000146
2781, 0.000244, 0.000157, 0.000143
2782, 0.000242, 0.000222, 0.000205
2783, 0.000250, 0.000128, 0.000115
2784, 0.000258, 0.000246, 0.000228
2785, 0.000257, 0.000148, 0.000134
2786, 0.000244, 0.000162, 0.000146
2787, 0.000242, 0.000218, 0.000201
2788, 0.000247, 0.000131, 0.000118
2789, 0.000254, 0.000240, 0.000222
2790, 0.000253, 0.000139, 0.000124
2791, 0.000248, 0.000188, 0.000172
2792, 0.000241, 0.000186, 0.000170
2793, 0.000242, 0.000142, 0.000128
2794, 0.000244, 0.000218, 0.000202
2795, 0.000247, 0.000132, 0.000119
2796, 0.000248, 0.000213, 0.000197
2797, 0.000246, 0.000150, 0.000137
2798, 0.000240, 0.000164, 0.000150
2799, 0.000237, 0.000191, 0.000176
2800, 0.000240, 0.000139, 0.000126
2801, 0.000242, 0.000211, 0.000194
2802, 0.000243, 0.000147, 0.000134
2803, 0.000238, 0.000172, 0.000158
2804, 0.000237, 0.000176, 0.000161
2805, 0.000237, 0.000156, 0.000142
2806, 0.000238, 0.000183, 0.000169
2807, 0.000237, 0.000152, 0.000140
2808, 0.000236, 0.000191, 0.000177
2809, 0.000237, 0.000157, 0.000144
2810, 0.000234, 0.000159, 0.000146
2811, 0.000237, 0.000197, 0.000181
2812, 0.000237, 0.000133, 0.000120
2813, 0.000244, 0.000220, 0.000204
2814, 0.000242, 0.000147, 0.000133
2815, 0.000237, 0.000162, 0.000147
2816, 0.000236, 0.000203, 0.000187
2817, 0.000240, 0.000132, 0.000119
2818, 0.000242, 0.000220, 0.000204
2819, 0.000243, 0.000144, 0.000132
2820, 0.000236, 0.000160, 0.000147
2821, 0.000232, 0.000208, 0.000193
2822, 0.000238, 0.000132, 0.000120
2823, 0.000241, 0.000220, 0.000206
2824, 0.000240, 0.000146, 0.000134
2825, 0.000234, 0.000167, 0.000153
2826, 0.000231, 0.000208, 0.000193
2827, 0.000237, 0.000127, 0.000114
2828, 0.000242, 0.000225, 0.000209
2829, 0.000240, 0.000142, 0.000129
2830, 0.000236, 0.000166, 0.000150
2831, 0.000230, 0.000186, 0.000170
2832, 0.000233, 0.000139, 0.000126
2833, 0.000238, 0.000220, 0.000202
2834, 0.000239, 0.000139, 0.000125
2835, 0.000235, 0.000182, 0.000168
2836, 0.000232, 0.000173, 0.000158
2837, 0.000230, 0.000138, 0.000125
2838, 0.000233, 0.000209, 0.000195
2839, 0.000237, 0.000141, 0.000129
2840, 0.000230, 0.000163, 0.000149
2841, 0.000229, 0.000181, 0.000168
2842, 0.000231, 0.000140, 0.000128
2843, 0.000230, 0.000193, 0.000178
2844, 0.000232, 0.000155, 0.000142
2845, 0.000230, 0.000162, 0.000149
2846, 0.000226, 0.000172, 0.000158
2847, 0.000229, 0.000153, 0.000140
2848, 0.000227, 0.000183, 0.000168
2849, 0.000228, 0.000152, 0.000138
2850, 0.000230, 0.000172, 0.000157
2851, 0.000227, 0.000157, 0.000143
2852, 0.000224, 0.000165, 0.000151
2853, 0.000228, 0.000181, 0.000167
2854, 0.000228, 0.000135, 0.000122
2855, 0.000228, 0.000210, 0.000194
2856, 0.000233, 0.000138, 0.000126
2857, 0.000229, 0.000174, 0.000160
2858, 0.000225, 0.000178, 0.000164
2859, 0.000224, 0.000131, 0.000119
2860, 0.000231, 0.000218, 0.000203
2861, 0.000231, 0.000139, 0.000127
2862, 0.000230, 0.000169, 0.000156
2863, 0.000224, 0.000186, 0.000172
2864, 0.000225, 0.000134, 0.000122
2865, 0.000230, 0.000204, 0.000190
2866, 0.000229, 0.000134, 0.000122
2867, 0.000225, 0.000179, 0.000165
2868, 0.000224, 0.000158, 0.000145
2869, 0.000223, 0.000149, 0.000135
2870, 0.000222, 0.000179, 0.000164
2871, 0.000221, 0.000154, 0.000140
2872, 0.000222, 0.000153, 0.000139
2873, 0.000220, 0.000193, 0.000178
2874, 0.000224, 0.000130, 0.000119
2875, 0.000227, 0.000216, 0.000201
2876, 0.000228, 0.000130, 0.000118
2877, 0.000228, 0.000196, 0.000182
2878, 0.000223, 0.000152, 0.000139
2879, 0.000219, 0.000147, 0.000134
2880, 0.000221, 0.000181, 0.000167
2881, 0.000222, 0.000146, 0.000133
2882, 0.000219, 0.000165, 0.000152
2883, 0.000220, 0.000164, 0.000152
2884, 0.000219, 0.000155, 0.000142
2885, 0.000218, 0.000160, 0.000146
2886, 0.000219, 0.000172, 0.000159
2887, 0.000220, 0.000152, 0.000139
2888, 0.000216, 0.000169, 0.000156
2889, 0.000217, 0.000149, 0.000138
2890, 0.000218, 0.000173, 0.000159
2891, 0.000218, 0.000140, 0.000127
2892, 0.000218, 0.000183, 0.000169
2893, 0.000217, 0.000144, 0.000131
2894, 0.000216, 0.000162, 0.000149
2895, 0.000214, 0.000156, 0.000143
2896, 0.000212, 0.000161, 0.000149
2897, 0.000215, 0.000146, 0.000133
2898, 0.000216, 0.000181, 0.000168
2899, 0.000214, 0.000140, 0.000128
2900, 0.000215, 0.000177, 0.000163
2901, 0.000215, 0.000156, 0.000143
2902, 0.000214, 0.000153, 0.000141
2903, 0.000216, 0.000174, 0.000160
2904, 0.000216, 0.000145, 0.000133
2905, 0.000213, 0.000165, 0.000152
2906, 0.000214, 0.000152, 0.000139
2907, 0.000211, 0.000153, 0.000141
2908, 0.000212, 0.000165, 0.000153
2909, 0.000211, 0.000162, 0.000150
2910, 0.000212, 0.000151, 0.000140
2911, 0.000210, 0.000163, 0.000152
2912, 0.000209, 0.000155, 0.000144
2913, 0.000211, 0.000152, 0.000140
2914, 0.000213, 0.000174, 0.000162
2915, 0.000211, 0.000134, 0.000123
2916, 0.000212, 0.000185, 0.000172
2917, 0.000212, 0.000133, 0.000122
2918, 0.000213, 0.000183, 0.000170
2919, 0.000211, 0.000136, 0.000125
2920, 0.000212, 0.000170, 0.000156
2921, 0.000210, 0.000165, 0.000151
2922, 0.000207, 0.000138, 0.000126
2923, 0.000212, 0.000194, 0.000180
2924, 0.000212, 0.000132, 0.000120
2925, 0.000213, 0.000186, 0.000174
2926, 0.000210, 0.000146, 0.000134
2927, 0.000207, 0.000150, 0.000139
2928, 0.000207, 0.000191, 0.000179
2929, 0.000212, 0.000115, 0.000105
2930, 0.000221, 0.000266, 0.000251
2931, 0.000233, 0.000100, 0.000091
2932, 0.000246, 0.000315, 0.000298
2933, 0.000253, 0.000101, 0.000091
2934, 0.000249, 0.000273, 0.000257
2935, 0.000234, 0.000114, 0.000104
2936, 0.000218, 0.000159, 0.000147
2937, 0.000206, 0.000190, 0.000177
2938, 0.000210, 0.000108, 0.000098
2939, 0.000220, 0.000230, 0.000216
2940, 0.000221, 0.000118, 0.000108
2941, 0.000209, 0.000155, 0.000143
2942, 0.000205, 0.000184, 0.000171
2943, 0.000208, 0.000114, 0.000104
2944, 0.000212, 0.000191, 0.000179
2945, 0.000209, 0.000136, 0.000125
2946, 0.000206, 0.000134, 0.000123
2947, 0.000206, 0.000195, 0.000182
2948, 0.000213, 0.000107, 0.000096
2949, 0.000220, 0.000234, 0.000219
2950, 0.000224, 0.000107, 0.000097
2951, 0.000215, 0.000179, 0.000166
2952, 0.000207, 0.000147, 0.000136
2953, 0.000201, 0.000128, 0.000118
2954, 0.000205, 0.000190, 0.000176
2955, 0.000207, 0.000121, 0.000110
2956, 0.000206, 0.000150, 0.000139
2957, 0.000202, 0.000163, 0.000151
2958, 0.000202, 0.000119, 0.000109
2959, 0.000205, 0.000176, 0.000164
2960, 0.000204, 0.000138, 0.000127
2961, 0.000201, 0.000125, 0.000115
2962, 0.000202, 0.000202, 0.000189
2963, 0.000210, 0.000108, 0.000098
2964, 0.000214, 0.000196, 0.000183
2965, 0.000206, 0.000139, 0.000129
2966, 0.000199, 0.000115, 0.000105
2967, 0.000208, 0.000235, 0.000221
2968, 0.000220, 0.000097, 0.000088
2969, 0.000222, 0.000209, 0.000194
2970, 0.000212, 0.000135, 0.000124
2971, 0.000199, 0.000121, 0.000110
2972, 0.000200, 0.000201, 0.000188
2973, 0.000209, 0.000109, 0.000100
2974, 0.000208, 0.000171, 0.000160
2975, 0.000200, 0.000133, 0.000123
2976, 0.000196, 0.000128, 0.000119
2977, 0.000197, 0.000184, 0.000173
2978, 0.000202, 0.000107, 0.000098
2979, 0.000206, 0.000193, 0.000181
2980, 0.000204, 0.000125, 0.000115
2981, 0.000198, 0.000125, 0.000114
2982, 0.000197, 0.000208, 0.000194
2983, 0.000208, 0.000099, 0.000090
2984, 0.000211, 0.000187, 0.000174
2985, 0.000200, 0.000137, 0.000126
2986, 0.000195, 0.000110, 0.000100
2987, 0.000200, 0.000205, 0.000191
2988, 0.000206, 0.000111, 0.000101
2989, 0.000198, 0.000148, 0.000135
2990, 0.000195, 0.000155, 0.000142
2991, 0.000194, 0.000121, 0.000111
2992, 0.000195, 0.000153, 0.000141
2993, 0.000194, 0.000140, 0.000129
2994, 0.000193, 0.000130, 0.000119
2995, 0.000195, 0.000158, 0.000146
2996, 0.000194, 0.000123, 0.000113
2997, 0.000194, 0.000146, 0.000136
2998, 0.000193, 0.000147, 0.000136
2999, 0.000190, 0.000120, 0.000110
3000, 0.000193, 0.000167, 0.000155
3001, 0.000195, 0.000120, 0.000109
3002, 0.000195, 0.000145, 0.000134
3003, 0.000190, 0.000161, 0.000149
3004, 0.000192, 0.000109, 0.000099
3005, 0.000196, 0.000195, 0.000183
3006, 0.000200, 0.000109, 0.000100
3007, 0.000197, 0.000148, 0.000137
3008, 0.000192, 0.000153, 0.000142
3009, 0.000192, 0.000116, 0.000106
3010, 0.000193, 0.000161, 0.000150
3011, 0.000192, 0.000131, 0.000120
3012, 0.000189, 0.000123, 0.000113
3013, 0.000190, 0.000170, 0.000158
3014, 0.000192, 0.000117, 0.000107
3015, 0.000190, 0.000146, 0.000134
3016, 0.000189, 0.000157, 0.000144
3017, 0.000189, 0.000120, 0.000110
3018, 0.000189, 0.000150, 0.000138
3019, 0.000188, 0.000131, 0.000121
3020, 0.000187, 0.000139, 0.000128
3021, 0.000187, 0.000135, 0.000125
3022, 0.000186, 0.000140, 0.000130
3023, 0.000186, 0.000129, 0.000119
3024, 0.000187, 0.000137, 0.000128
3025, 0.000186, 0.000129, 0.000120
3026, 0.000187, 0.000156, 0.000146
3027, 0.000188, 0.000113, 0.000104
3028, 0.000188, 0.000163, 0.000152
3029, 0.000187, 0.000129, 0.000119
3030, 0.000186, 0.000136, 0.000126
3031, 0.000186, 0.000149, 0.000138
3032, 0.000184, 0.000122, 0.000112
3033, 0.000186, 0.000156, 0.000146
3034, 0.000188, 0.000123, 0.000113
3035, 0.000185, 0.000154, 0.000143
3036, 0.000186, 0.000121, 0.000112
3037, 0.000187, 0.000141, 0.000131
3038, 0.000185, 0.000143, 0.000132
3039, 0.000183, 0.000120, 0.000112
3040, 0.000187, 0.000166, 0.000155
3041, 0.000186, 0.000107, 0.000099
3042, 0.000189, 0.000178, 0.000169
3043, 0.000189, 0.000113, 0.000105
3044, 0.000184, 0.000136, 0.000127
3045, 0.000183, 0.000160, 0.000150
3046, 0.000184, 0.000100, 0.000091
3047, 0.000191, 0.000199, 0.000186
3048, 0.000191, 0.000103, 0.000095
3049, 0.000187, 0.000161, 0.000150
3050, 0.000183, 0.000136, 0.000126
3051, 0.000182, 0.000119, 0.000111
3052, 0.000183, 0.000170, 0.000160
3053, 0.000187, 0.000098, 0.000089
3054, 0.000189, 0.000201, 0.000190
3055, 0.000192, 0.000099, 0.000091
3056, 0.000187, 0.000157, 0.000147
3057, 0.000182, 0.000146, 0.000137
3058, 0.000178, 0.000099, 0.000091
3059, 0.000189, 0.000216, 0.000205
3060, 0.000196, 0.000088, 0.000081
3061, 0.000194, 0.000185, 0.000175
3062, 0.000187, 0.000120, 0.000111
3063, 0.000179, 0.000119, 0.000110
3064, 0.000179, 0.000174, 0.000163
3065, 0.000187, 0.000093, 0.000085
3066, 0.000192, 0.000195, 0.000184
3067, 0.000188, 0.000106, 0.000098
3068, 0.000182, 0.000123, 0.000114
3069, 0.000177, 0.000183, 0.000172
3070, 0.000185, 0.000094, 0.000086
3071, 0.000187, 0.000186, 0.000174
3072, 0.000187, 0.000099, 0.000091
3073, 0.000185, 0.000155, 0.000145
3074, 0.000177, 0.000124, 0.000114
3075, 0.000177, 0.000125, 0.000116
3076, 0.000177, 0.000147, 0.000136
3077, 0.000177, 0.000107, 0.000098
3078, 0.000180, 0.000154, 0.000144
3079, 0.000180, 0.000109, 0.000100
3080, 0.000178, 0.000143, 0.000133
3081, 0.000176, 0.000125, 0.000117
3082, 0.000175, 0.000114, 0.000106
3083, 0.000174, 0.000157, 0.000147
3084, 0.000177, 0.000106, 0.000097
3085, 0.000177, 0.000151, 0.000141
3086, 0.000177, 0.000117, 0.000108
3087, 0.000174, 0.000121, 0.000112
3088, 0.000173, 0.000154, 0.000143
3089, 0.000176, 0.000107, 0.000099
3090, 0.000174, 0.000157, 0.000148
3091, 0.000179, 0.000100, 0.000092
3092, 0.000178, 0.000168, 0.000159
3093, 0.000177, 0.000104, 0.000097
3094, 0.000175, 0.000141, 0.000132
3095, 0.000175, 0.000135, 0.000126
3096, 0.000173, 0.000104, 0.000096
3097, 0.000174, 0.000168, 0.000157
3098, 0.000177, 0.000097, 0.000089
3099, 0.000176, 0.000152, 0.000142
3100, 0.000174, 0.000118, 0.000109
3101, 0.000171, 0.000124, 0.000115
3102, 0.000171, 0.000140, 0.000131
3103, 0.000170, 0.000114, 0.000106
3104, 0.000170, 0.000144, 0.000135
3105, 0.000171, 0.000113, 0.000105
3106, 0.000172, 0.000152, 0.000142
3107, 0.000171, 0.000107, 0.000098
3108, 0.000172, 0.000147, 0.000137
3109, 0.000171, 0.000120, 0.000111
3110, 0.000169, 0.000121, 0.000112
3111, 0.000168, 0.000135, 0.000125
3112, 0.000172, 0.000106, 0.000098
3113, 0.000171, 0.000155, 0.000145
3114, 0.000172, 0.000109, 0.000101
3115, 0.000173, 0.000145, 0.000135
3116, 0.000170, 0.000110, 0.000102
3117, 0.000169, 0.000149, 0.000139
3118, 0.000170, 0.000105, 0.000098
3119, 0.000170, 0.000141, 0.000132
3120, 0.000169, 0.000118, 0.000110
3121, 0.000168, 0.000118, 0.000109
3122, 0.000169, 0.000140, 0.000130
3123, 0.000170, 0.000106, 0.000097
3124, 0.000170, 0.000152, 0.000141
3125, 0.000170, 0.000102, 0.000094
3126, 0.000169, 0.000143, 0.000133
3127, 0.000168, 0.000131, 0.000122
3128, 0.000166, 0.000112, 0.000104
3129, 0.000169, 0.000171, 0.000161
3130, 0.000174, 0.000086, 0.000079
3131, 0.000177, 0.000194, 0.000182
3132, 0.000177, 0.000090, 0.000083
3133, 0.000173, 0.000153, 0.000143
3134, 0.000169, 0.000117, 0.000109
3135, 0.000164, 0.000100, 0.000093
3136, 0.000165, 0.000164, 0.000154
3137, 0.000172, 0.000087, 0.000081
3138, 0.000173, 0.000179, 0.000169
3139, 0.000173, 0.000095, 0.000087
3140, 0.000170, 0.000149, 0.000139
3141, 0.000166, 0.000111, 0.000103
3142, 0.000164, 0.000123, 0.000113
3143, 0.000165, 0.000142, 0.000133
3144, 0.000165, 0.000095, 0.000088
3145, 0.000168, 0.000171, 0.000162
3146, 0.000171, 0.000085, 0.000079
3147, 0.000172, 0.000170, 0.000161
3148, 0.000169, 0.000097, 0.000090
3149, 0.000166, 0.000122, 0.000114
3150, 0.000163, 0.000142, 0.000132
3151, 0.000164, 0.000099, 0.000091
3152, 0.000165, 0.000146, 0.000136
3153, 0.000164, 0.000113, 0.000104
3154, 0.000162, 0.000132, 0.000123
3155, 0.000161, 0.000111, 0.000104
3156, 0.000162, 0.000125, 0.000116
3157, 0.000161, 0.000128, 0.000120
3158, 0.000164, 0.000112, 0.000104
3159, 0.000161, 0.000122, 0.000114
3160, 0.000163, 0.000120, 0.000112
3161, 0.000161, 0.000114, 0.000107
3162, 0.000161, 0.000113, 0.000106
3163, 0.000162, 0.000157, 0.000148
3164, 0.000165, 0.000083, 0.000077
3165, 0.000174, 0.000223, 0.000212
3166, 0.000186, 0.000069, 0.000064
3167, 0.000194, 0.000251, 0.000238
3168, 0.000196, 0.000070, 0.000065
3169, 0.000185, 0.000177, 0.000166
3170, 0.000170, 0.000101, 0.000093
3171, 0.000160, 0.000095, 0.000087
3172, 0.000161, 0.000169, 0.000158
3173, 0.000168, 0.000083, 0.000077
3174, 0.000167, 0.000146, 0.000139
3175, 0.000161, 0.000121, 0.000114
3176, 0.000159, 0.000086, 0.000081
3177, 0.000165, 0.000171, 0.000163
3178, 0.000168, 0.000086, 0.000079
3179, 0.000168, 0.000140, 0.000132
3180, 0.000163, 0.000109, 0.000101
3181, 0.000160, 0.000105, 0.000097
3182, 0.000159, 0.000134, 0.000126
3183, 0.000159, 0.000098, 0.000091
3184, 0.000161, 0.000136, 0.000127
3185, 0.000160, 0.000104, 0.000097
3186, 0.000158, 0.000123, 0.000114
3187, 0.000157, 0.000133, 0.000124
3188, 0.000159, 0.000084, 0.000077
3189, 0.000164, 0.000180, 0.000169
3190, 0.000168, 0.000080, 0.000075
3191, 0.000164, 0.000129, 0.000121
3192, 0.000157, 0.000127, 0.000119
3193, 0.000157, 0.000084, 0.000078
3194, 0.000161, 0.000152, 0.000144
3195, 0.000161, 0.000093, 0.000087
3196, 0.000160, 0.000125, 0.000119
3197, 0.000158, 0.000115, 0.000108
3198, 0.000155, 0.000104, 0.000097
3199, 0.000156, 0.000128, 0.000120
3200, 0.000157, 0.000101, 0.000094
3201, 0.000155, 0.000125, 0.000116
3202, 0.000155, 0.000098, 0.000091
3203, 0.000156, 0.000130, 0.000121
3204, 0.000155, 0.000101, 0.000093
3205, 0.000155, 0.000125, 0.000117
3206, 0.000157, 0.000108, 0.000100
3207, 0.000155, 0.000110, 0.000103
3208, 0.000156, 0.000132, 0.000125
3209, 0.000156, 0.000088, 0.000083
3210, 0.000156, 0.000148, 0.000140
3211, 0.000159, 0.000092, 0.000086
3212, 0.000156, 0.000123, 0.000116
3213, 0.000153, 0.000115, 0.000108
3214, 0.000154, 0.000094, 0.000088
3215, 0.000154, 0.000141, 0.000133
3216, 0.000156, 0.000092, 0.000086
3217, 0.000154, 0.000130, 0.000122
3218, 0.000154, 0.000110, 0.000104
3219, 0.000151, 0.000103, 0.000097
3220, 0.000152, 0.000134, 0.000126
3221, 0.000152, 0.000091, 0.000085
3222, 0.000154, 0.000142, 0.000135
3223, 0.000154, 0.000097, 0.000091
3224, 0.000152, 0.000111, 0.000104
3225, 0.000152, 0.000133, 0.000126
3226, 0.000153, 0.000088, 0.000082
3227, 0.000152, 0.000137, 0.000129
3228, 0.000152, 0.000102, 0.000095
3229, 0.000152, 0.000111, 0.000103
3230, 0.000151, 0.000117, 0.000109
3231, 0.000150, 0.000110, 0.000103
3232, 0.000149, 0.000113, 0.000107
3233, 0.000148, 0.000106, 0.000100
3234, 0.000150, 0.000126, 0.000120
3235, 0.000151, 0.000091, 0.000085
3236, 0.000151, 0.000142, 0.000134
3237, 0.000154, 0.000083, 0.000077
3238, 0.000155, 0.000146, 0.000138
3239, 0.000152, 0.000095, 0.000089
3240, 0.000150, 0.000114, 0.000107
3241, 0.000149, 0.000117, 0.000111
3242, 0.000149, 0.000107, 0.000100
3243, 0.000148, 0.000112, 0.000106
3244, 0.000149, 0.000108, 0.000101
3245, 0.000149, 0.000123, 0.000116
3246, 0.000149, 0.000090, 0.000084
3247, 0.000150, 0.000133, 0.000126
3248, 0.000150, 0.000092, 0.000086
3249, 0.000150, 0.000128, 0.000122
3250, 0.000149, 0.000110, 0.000104
3251, 0.000149, 0.000108, 0.000102
3252, 0.000147, 0.000117, 0.000110
3253, 0.000146, 0.000103, 0.000097
3254, 0.000147, 0.000112, 0.000104
3255, 0.000147, 0.000121, 0.000113
3256, 0.000147, 0.000092, 0.000086
3257, 0.000149, 0.000136, 0.000128
3258, 0.000149, 0.000087, 0.000081
3259, 0.000150, 0.000140, 0.000132
3260, 0.000149, 0.000087, 0.000081
3261, 0.000149, 0.000143, 0.000134
3262, 0.000150, 0.000085, 0.000079
3263, 0.000148, 0.000143, 0.000134
3264, 0.000149, 0.000089, 0.000082
3265, 0.000150, 0.000158, 0.000149
3266, 0.000154, 0.000077, 0.000071
3267, 0.000155, 0.000168, 0.000160
3268, 0.000156, 0.000071, 0.000066
3269, 0.000156, 0.000163, 0.000154
3270, 0.000154, 0.000084, 0.000079
3271, 0.000149, 0.000126, 0.000118
3272, 0.000146, 0.000110, 0.000104
3273, 0.000146, 0.000105, 0.000099
3274, 0.000145, 0.000110, 0.000103
3275, 0.000146, 0.000112, 0.000106
3276, 0.000147, 0.000097, 0.000091
3277, 0.000145, 0.000123, 0.000114
3278, 0.000146, 0.000109, 0.000102
3279, 0.000149, 0.000114, 0.000106
3280, 0.000144, 0.000099, 0.000093
3281, 0.000143, 0.000114, 0.000108
3282, 0.000145, 0.000105, 0.000098
3283, 0.000144, 0.000105, 0.000099
3284, 0.000144, 0.000113, 0.000106
3285, 0.000144, 0.000100, 0.000093
3286, 0.000143, 0.000119, 0.000112
3287, 0.000144, 0.000102, 0.000095
3288, 0.000144, 0.000111, 0.000103
3289, 0.000144, 0.000097, 0.000090
3290, 0.000143, 0.000120, 0.000112
3291, 0.000144, 0.000089, 0.000083
3292, 0.000145, 0.000138, 0.000130
3293, 0.000145, 0.000080, 0.000074
3294, 0.000146, 0.000144, 0.000135
3295, 0.000147, 0.000081, 0.000074
3296, 0.000147, 0.000166, 0.000156
3297, 0.000153, 0.000064, 0.000059
3298, 0.000160, 0.000219, 0.000208
3299, 0.000169, 0.000057, 0.000053
3300, 0.000176, 0.000222, 0.000212
3301, 0.000170, 0.000066, 0.000061
3302, 0.000153, 0.000122, 0.000115
3303, 0.000142, 0.000123, 0.000115
3304, 0.000144, 0.000072, 0.000067
3305, 0.000149, 0.000189, 0.000179
3306, 0.000159, 0.000061, 0.000056
3307, 0.000164, 0.000198, 0.000188
3308, 0.000162, 0.000068, 0.000062
3309, 0.000152, 0.000122, 0.000115
3310, 0.000143, 0.000128, 0.000121
3311, 0.000143, 0.000058, 0.000054
3312, 0.000160, 0.000233, 0.000221
3313, 0.000179, 0.000057, 0.000053
3314, 0.000177, 0.000205, 0.000194
3315, 0.000164, 0.000075, 0.000069
3316, 0.000146, 0.000093, 0.000088
3317, 0.000140, 0.000151, 0.000145
3318, 0.000148, 0.000061, 0.000057
3319, 0.000156, 0.000164, 0.000159
3320, 0.000151, 0.000085, 0.000080
3321, 0.000140, 0.000082, 0.000077
3322, 0.000141, 0.000145, 0.000137
3323, 0.000146, 0.000071, 0.000065
3324, 0.000145, 0.000122, 0.000113
3325, 0.000142, 0.000101, 0.000093
3326, 0.000139, 0.000082, 0.000075
3327, 0.000139, 0.000134, 0.000126
3328, 0.000144, 0.000073, 0.000068
3329, 0.000145, 0.000130, 0.000124
3330, 0.000143, 0.000079, 0.000075
3331, 0.000142, 0.000105, 0.000099
3332, 0.000139, 0.000113, 0.000107
3333, 0.000139, 0.000073, 0.000069
3334, 0.000144, 0.000132, 0.000124
3335, 0.000143, 0.000087, 0.000082
3336, 0.000138, 0.000086, 0.000080
3337, 0.000139, 0.000130, 0.000124
3338, 0.000141, 0.000067, 0.000062
3339, 0.000147, 0.000149, 0.000142
3340, 0.000143, 0.000082, 0.000077
3341, 0.000139, 0.000095, 0.000089
3342, 0.000137, 0.000106, 0.000100
3343, 0.000138, 0.000081, 0.000075
3344, 0.000136, 0.000116, 0.000108
3345, 0.000139, 0.000080, 0.000074
3346, 0.000139, 0.000106, 0.000100
3347, 0.000137, 0.000108, 0.000103
3348, 0.000137, 0.000082, 0.000078
3349, 0.000138, 0.000108, 0.000103
3350, 0.000137, 0.000097, 0.000092
3351, 0.000136, 0.000092, 0.000086
3352, 0.000137, 0.000110, 0.000104
3353, 0.000136, 0.000092, 0.000085
3354, 0.000134, 0.000093, 0.000087
3355, 0.000136, 0.000099, 0.000092
3356, 0.000136, 0.000090, 0.000083
3357, 0.000135, 0.000108, 0.000101
3358, 0.000136, 0.000087, 0.000081
3359, 0.000137, 0.000110, 0.000103
3360, 0.000136, 0.000090, 0.000084
3361, 0.000135, 0.000095, 0.000089
3362, 0.000137, 0.000097, 0.000091
3363, 0.000135, 0.000096, 0.000091
3364, 0.000135, 0.000095, 0.000090
3365, 0.000136, 0.000105, 0.000100
3366, 0.000136, 0.000080, 0.000075
3367, 0.000135, 0.000117, 0.000110
3368, 0.000137, 0.000093, 0.000087
3369, 0.000135, 0.000089, 0.000082
3370, 0.000134, 0.000119, 0.000112
3371, 0.000137, 0.000067, 0.000064
3372, 0.000140, 0.000139, 0.000133
3373, 0.000142, 0.000066, 0.000063
3374, 0.000140, 0.000124, 0.000118
3375, 0.000137, 0.000083, 0.000079
3376, 0.000134, 0.000099, 0.000094
3377, 0.000133, 0.000095, 0.000088
3378, 0.000133, 0.000099, 0.000092
3379, 0.000136, 0.000106, 0.000099
3380, 0.000133, 0.000084, 0.000079
3381, 0.000134, 0.000111, 0.000104
3382, 0.000135, 0.000087, 0.000081
3383, 0.000132, 0.000085, 0.000080
3384, 0.000133, 0.000120, 0.000113
3385, 0.000134, 0.000067, 0.000062
3386, 0.000139, 0.000139, 0.000129
3387, 0.000139, 0.000071, 0.000066
3388, 0.000136, 0.000131, 0.000123
3389, 0.000134, 0.000091, 0.000085
3390, 0.000133, 0.000080, 0.000075
3391, 0.000132, 0.000129, 0.000122
3392, 0.000136, 0.000067, 0.000063
3393, 0.000138, 0.000137, 0.000131
3394, 0.000139, 0.000074, 0.000069
3395, 0.000133, 0.000095, 0.000089
3396, 0.000131, 0.000119, 0.000113
3397, 0.000134, 0.000064, 0.000060
3398, 0.000141, 0.000160, 0.000153
3399, 0.000145, 0.000064, 0.000060
3400, 0.000145, 0.000145, 0.000138
3401, 0.000139, 0.000076, 0.000073
3402, 0.000135, 0.000099, 0.000095
3403, 0.000132, 0.000121, 0.000116
3404, 0.000134, 0.000056, 0.000054
3405, 0.000152, 0.000206, 0.000198
3406, 0.000165, 0.000053, 0.000050
3407, 0.000161, 0.000185, 0.000176
3408, 0.000154, 0.000061, 0.000057
3409, 0.000142, 0.000101, 0.000095
3410, 0.000131, 0.000115, 0.000109
3411, 0.000132, 0.000062, 0.000058
3412, 0.000138, 0.000134, 0.000126
3413, 0.000136, 0.000075, 0.000070
3414, 0.000131, 0.000085, 0.000079
3415, 0.000132, 0.000119, 0.000111
3416, 0.000133, 0.000062, 0.000058
3417, 0.000136, 0.000126, 0.000119
3418, 0.000135, 0.000081, 0.000075
3419, 0.000130, 0.000078, 0.000073
3420, 0.000129, 0.000125, 0.000117
3421, 0.000133, 0.000063, 0.000059
3422, 0.000133, 0.000100, 0.000093
3423, 0.000131, 0.000094, 0.000088
3424, 0.000129, 0.000077, 0.000071
3425, 0.000131, 0.000114, 0.000107
3426, 0.000132, 0.000076, 0.000072
3427, 0.000129, 0.000089, 0.000084
3428, 0.000128, 0.000107, 0.000101
3429, 0.000130, 0.000064, 0.000060
3430, 0.000134, 0.000140, 0.000133
3431, 0.000137, 0.000060, 0.000056
3432, 0.000136, 0.000122, 0.000115
3433, 0.000131, 0.000080, 0.000074
3434, 0.000129, 0.000077, 0.000072
3435, 0.000130, 0.000123, 0.000117
3436, 0.000134, 0.000059, 0.000055
3437, 0.000136, 0.000135, 0.000129
3438, 0.000136, 0.000069, 0.000066
3439, 0.000131, 0.000085, 0.000080
3440, 0.000130, 0.000123, 0.000117
3441, 0.000132, 0.000058, 0.000054
3442, 0.000139, 0.000154, 0.000143
3443, 0.000141, 0.000065, 0.000061
3444, 0.000132, 0.000090, 0.000084
3445, 0.000128, 0.000122, 0.000114
3446, 0.000130, 0.000057, 0.000054
3447, 0.000137, 0.000141, 0.000133
3448, 0.000138, 0.000066, 0.000062
3449, 0.000131, 0.000095, 0.000089
3450, 0.000127, 0.000100, 0.000093
3451, 0.000127, 0.000070, 0.000065
3452, 0.000128, 0.000115, 0.000107
3453, 0.000129, 0.000079, 0.000074
3454, 0.000127, 0.000079, 0.000074
3455, 0.000128, 0.000114, 0.000107
3456, 0.000129, 0.000062, 0.000058
3457, 0.000134, 0.000138, 0.000129
3458, 0.000136, 0.000064, 0.000059
3459, 0.000132, 0.000104, 0.000097
3460, 0.000129, 0.000093, 0.000086
3461, 0.000126, 0.000069, 0.000064
3462, 0.000130, 0.000132, 0.000124
3463, 0.000134, 0.000062, 0.000058
3464, 0.000134, 0.000118, 0.000112
3465, 0.000129, 0.000084, 0.000079
3466, 0.000125, 0.000074, 0.000068
3467, 0.000129, 0.000129, 0.000122
3468, 0.000133, 0.000055, 0.000052
3469, 0.000136, 0.000134, 0.000125
3470, 0.000134, 0.000078, 0.000073
3471, 0.000127, 0.000076, 0.000070
3472, 0.000128, 0.000126, 0.000118
3473, 0.000131, 0.000061, 0.000057
3474, 0.000135, 0.000132, 0.000123
3475, 0.000134, 0.000062, 0.000057
3476, 0.000128, 0.000087, 0.000081
3477, 0.000123, 0.000112, 0.000105
3478, 0.000127, 0.000058, 0.000053
3479, 0.000134, 0.000151, 0.000142
3480, 0.000139, 0.000057, 0.000052
3481, 0.000134, 0.000110, 0.000103
3482, 0.000126, 0.000088, 0.000082
3483, 0.000123, 0.000060, 0.000056
3484, 0.000131, 0.000162, 0.000152
3485, 0.000141, 0.000053, 0.000049
3486, 0.000142, 0.000130, 0.000122
3487, 0.000131, 0.000081, 0.000075
3488, 0.000125, 0.000062, 0.000057
3489, 0.000128, 0.000153, 0.000145
3490, 0.000140, 0.000052, 0.000048
3491, 0.000140, 0.000129, 0.000122
3492, 0.000132, 0.000076, 0.000071
3493, 0.000124, 0.000064, 0.000059
3494, 0.000126, 0.000155, 0.000146
3495, 0.000141, 0.000052, 0.000048
3496, 0.000147, 0.000150, 0.000140
3497, 0.000137, 0.000068, 0.000063
3498, 0.000124, 0.000067, 0.000062
3499, 0.000124, 0.000138, 0.000130
3500, 0.000135, 0.000055, 0.000051
3501, 0.000132, 0.000105, 0.000098
3502, 0.000126, 0.000085, 0.000079
3503, 0.000123, 0.000057, 0.000053
3504, 0.000129, 0.000151, 0.000141
3505, 0.000137, 0.000056, 0.000053
3506, 0.000129, 0.000091, 0.000084
3507, 0.000121, 0.000113, 0.000105
3508, 0.000128, 0.000056, 0.000052
3509, 0.000131, 0.000119, 0.000111
3510, 0.000129, 0.000067, 0.000062
3511, 0.000124, 0.000070, 0.000065
3512, 0.000121, 0.000111, 0.000104
3513, 0.000127, 0.000055, 0.000051
3514, 0.000132, 0.000120, 0.000112
3515, 0.000128, 0.000065, 0.000061
3516, 0.000122, 0.000074, 0.000068
3517, 0.000120, 0.000124, 0.000115
3518, 0.000127, 0.000055, 0.000051
3519, 0.000131, 0.000118, 0.000109
3520, 0.000128, 0.000076, 0.000070
3521, 0.000120, 0.000062, 0.000058
3522, 0.000125, 0.000123, 0.000116
3523, 0.000129, 0.000062, 0.000058
3524, 0.000123, 0.000077, 0.000073
3525, 0.000121, 0.000109, 0.000104
3526, 0.000125, 0.000059, 0.000056
3527, 0.000125, 0.000109, 0.000101
3528, 0.000125, 0.000078, 0.000072
3529, 0.000119, 0.000076, 0.000070
3530, 0.000121, 0.000095, 0.000088
3531, 0.000123, 0.000067, 0.000062
3532, 0.000121, 0.000086, 0.000081
3533, 0.000121, 0.000087, 0.000082
3534, 0.000122, 0.000065, 0.000061
3535, 0.000123, 0.000115, 0.000107
3536, 0.000125, 0.000070, 0.000064
3537, 0.000123, 0.000087, 0.000080
3538, 0.000121, 0.000091, 0.000084
3539, 0.000120, 0.000068, 0.000064
3540, 0.000122, 0.000095, 0.000091
3541, 0.000123, 0.000076, 0.000072
3542, 0.000122, 0.000076, 0.000074
3543, 0.000122, 0.000097, 0.000092
3544, 0.000119, 0.000071, 0.000066
3545, 0.000120, 0.000080, 0.000076
3546, 0.000122, 0.000096, 0.000089
3547, 0.000120, 0.000057, 0.000053
3548, 0.000123, 0.000108, 0.000101
3549, 0.000123, 0.000080, 0.000074
3550, 0.000119, 0.000064, 0.000059
3551, 0.000123, 0.000139, 0.000130
3552, 0.000130, 0.000055, 0.000051
3553, 0.000129, 0.000116, 0.000108
3554, 0.000123, 0.000074, 0.000070
3555, 0.000119, 0.000065, 0.000061
3556, 0.000119, 0.000124, 0.000117
3557, 0.000129, 0.000049, 0.000046
3558, 0.000134, 0.000124, 0.000117
3559, 0.000128, 0.000064, 0.000061
3560, 0.000119, 0.000069, 0.000065
3561, 0.000118, 0.000128, 0.000121
3562, 0.000126, 0.000055, 0.000052
3563, 0.000127, 0.000107, 0.000101
3564, 0.000123, 0.000072, 0.000067
3565, 0.000118, 0.000067, 0.000063
3566, 0.000120, 0.000109, 0.000102
3567, 0.000122, 0.000057, 0.000054
3568, 0.000124, 0.000108, 0.000101
3569, 0.000122, 0.000068, 0.000064
3570, 0.000118, 0.000072, 0.000068
3571, 0.000117, 0.000093, 0.000087
3572, 0.000119, 0.000066, 0.000062
3573, 0.000117, 0.000085, 0.000080
3574, 0.000118, 0.000072, 0.000068
3575, 0.000118, 0.000085, 0.000081
3576, 0.000116, 0.000074, 0.000070
3577, 0.000117, 0.000072, 0.000068
3578, 0.000116, 0.000082, 0.000077
3579, 0.000118, 0.000072, 0.000067
3580, 0.000118, 0.000078, 0.000073
3581, 0.000117, 0.000084, 0.000078
3582, 0.000117, 0.000068, 0.000063
3583, 0.000117, 0.000091, 0.000086
3584, 0.000117, 0.000071, 0.000067
3585, 0.000118, 0.000084, 0.000079
3586, 0.000117, 0.000067, 0.000063
3587, 0.000118, 0.000093, 0.000086
3588, 0.000118, 0.000064, 0.000059
3589, 0.000117, 0.000094, 0.000088
3590, 0.000118, 0.000073, 0.000067
3591, 0.000115, 0.000066, 0.000062
3592, 0.000118, 0.000115, 0.000110
3593, 0.000123, 0.000049, 0.000047
3594, 0.000129, 0.000130, 0.000125
3595, 0.000127, 0.000057, 0.000055
3596, 0.000120, 0.000086, 0.000082
3597, 0.000116, 0.000091, 0.000086
3598, 0.000117, 0.000059, 0.000054
3599, 0.000121, 0.000111, 0.000104
3600, 0.000122, 0.000059, 0.000054
3601, 0.000118, 0.000089, 0.000082
3602, 0.000117, 0.000079, 0.000074
3603, 0.000115, 0.000061, 0.000057
3604, 0.000117, 0.000103, 0.000097
3605, 0.000119, 0.000062, 0.000058
3606, 0.000118, 0.000081, 0.000075
3607, 0.000114, 0.000099, 0.000092
3608, 0.000117, 0.000054, 0.000049
3609, 0.000127, 0.000142, 0.000134
3610, 0.000131, 0.000051, 0.000048
3611, 0.000127, 0.000117, 0.000109
3612, 0.000121, 0.000065, 0.000061
3613, 0.000115, 0.000063, 0.000058
3614, 0.000116, 0.000115, 0.000109
3615, 0.000122, 0.000048, 0.000046
3616, 0.000129, 0.000134, 0.000127
3617, 0.000128, 0.000053, 0.000050
3618, 0.000123, 0.000083, 0.000077
3619, 0.000115, 0.000095, 0.000087
3620, 0.000116, 0.000052, 0.000048
3621, 0.000124, 0.000136, 0.000127
3622, 0.000128, 0.000053, 0.000049
3623, 0.000123, 0.000094, 0.000088
3624, 0.000115, 0.000078, 0.000073
3625, 0.000113, 0.000062, 0.000057
3626, 0.000116, 0.000105, 0.000098
3627, 0.000118, 0.000057, 0.000053
3628, 0.000118, 0.000086, 0.000079
3629, 0.000114, 0.000080, 0.000074
3630, 0.000114, 0.000056, 0.000052
3631, 0.000116, 0.000116, 0.000108
3632, 0.000122, 0.000054, 0.000051
3633, 0.000119, 0.000085, 0.000079
3634, 0.000116, 0.000079, 0.000073
3635, 0.000113, 0.000055, 0.000051
3636, 0.000116, 0.000107, 0.000100
3637, 0.000119, 0.000054, 0.000050
3638, 0.000120, 0.000094, 0.000088
3639, 0.000115, 0.000069, 0.000064
3640, 0.000112, 0.000060, 0.000056
3641, 0.000113, 0.000098, 0.000092
3642, 0.000115, 0.000061, 0.000056
3643, 0.000115, 0.000082, 0.000076
3644, 0.000112, 0.000072, 0.000067
3645, 0.000113, 0.000064, 0.000060
3646, 0.000113, 0.000084, 0.000080
3647, 0.000113, 0.000056, 0.000052
3648, 0.000116, 0.000102, 0.000095
3649, 0.000115, 0.000060, 0.000056
3650, 0.000113, 0.000077, 0.000072
3651, 0.000112, 0.000086, 0.000080
3652, 0.000112, 0.000057, 0.000054
3653, 0.000115, 0.000097, 0.000090
3654, 0.000115, 0.000061, 0.000057
3655, 0.000113, 0.000071, 0.000067
3656, 0.000111, 0.000083, 0.000079
3657, 0.000112, 0.000061, 0.000057
3658, 0.000113, 0.000084, 0.000078
3659, 0.000111, 0.000067, 0.000062
3660, 0.000111, 0.000079, 0.000073
3661, 0.000112, 0.000064, 0.000059
3662, 0.000112, 0.000090, 0.000084
3663, 0.000114, 0.000062, 0.000057
3664, 0.000114, 0.000083, 0.000078
3665, 0.000112, 0.000067, 0.000062
3666, 0.000112, 0.000079, 0.000072
3667, 0.000113, 0.000071, 0.000067
3668, 0.000112, 0.000079, 0.000073
3669, 0.000111, 0.000065, 0.000060
3670, 0.000112, 0.000079, 0.000075
3671, 0.000110, 0.000071, 0.000066
3672, 0.000112, 0.000069, 0.000065
3673, 0.000112, 0.000078, 0.000073
3674, 0.000112, 0.000066, 0.000061
3675, 0.000114, 0.000081, 0.000076
3676, 0.000112, 0.000060, 0.000057
3677, 0.000112, 0.000088, 0.000083
3678, 0.000111, 0.000066, 0.000062
3679, 0.000111, 0.000066, 0.000062
3680, 0.000110, 0.000101, 0.000096
3681, 0.000116, 0.000049, 0.000046
3682, 0.000121, 0.000128, 0.000122
3683, 0.000122, 0.000052, 0.000049
3684, 0.000116, 0.000082, 0.000078
3685, 0.000112, 0.000073, 0.000068
3686, 0.000112, 0.000067, 0.000064
3687, 0.000110, 0.000077, 0.000073
3688, 0.000108, 0.000069, 0.000065
3689, 0.000111, 0.000085, 0.000081
3690, 0.000112, 0.000058, 0.000054
3691, 0.000114, 0.000096, 0.000090
3692, 0.000114, 0.000058, 0.000055
3693, 0.000112, 0.000092, 0.000087
3694, 0.000114, 0.000055, 0.000052
3695, 0.000116, 0.000096, 0.000090
3696, 0.000113, 0.000057, 0.000052
3697, 0.000112, 0.000077, 0.000072
3698, 0.000112, 0.000087, 0.000081
3699, 0.000110, 0.000058, 0.000054
3700, 0.000111, 0.000092, 0.000086
3701, 0.000113, 0.000061, 0.000058
3702, 0.000111, 0.000081, 0.000078
3703, 0.000111, 0.000063, 0.000060
3704, 0.000111, 0.000073, 0.000070
3705, 0.000109, 0.000077, 0.000074
3706, 0.000108, 0.000060, 0.000056
3707, 0.000111, 0.000081, 0.000076
3708, 0.000110, 0.000067, 0.000062
3709, 0.000109, 0.000073, 0.000068
3710, 0.000108, 0.000078, 0.000073
3711, 0.000108, 0.000060, 0.000057
3712, 0.000110, 0.000095, 0.000089
3713, 0.000112, 0.000050, 0.000047
3714, 0.000120, 0.000139, 0.000131
3715, 0.000126, 0.000047, 0.000045
3716, 0.000127, 0.000130, 0.000124
3717, 0.000123, 0.000050, 0.000048
3718, 0.000115, 0.000076, 0.000072
3719, 0.000109, 0.000093, 0.000087
3720, 0.000110, 0.000049, 0.000047
3721, 0.000117, 0.000125, 0.000118
3722, 0.000121, 0.000053, 0.000049
3723, 0.000116, 0.000085, 0.000080
3724, 0.000109, 0.000075, 0.000070
3725, 0.000109, 0.000052, 0.000049
3726, 0.000113, 0.000110, 0.000105
3727, 0.000116, 0.000049, 0.000046
3728, 0.000117, 0.000095, 0.000090
3729, 0.000111, 0.000064, 0.000059
3730, 0.000107, 0.000064, 0.000059
3731, 0.000108, 0.000093, 0.000087
3732, 0.000112, 0.000051, 0.000047
3733, 0.000118, 0.000113, 0.000106
3734, 0.000118, 0.000052, 0.000049
3735, 0.000112, 0.000082, 0.000076
3736, 0.000109, 0.000076, 0.000071
3737, 0.000109, 0.000058, 0.000053
3738, 0.000110, 0.000097, 0.000090
3739, 0.000112, 0.000053, 0.000050
3740, 0.000116, 0.000122, 0.000114
3741, 0.000122, 0.000050, 0.000048
3742, 0.000120, 0.000100, 0.000094
3743, 0.000113, 0.000059, 0.000055
3744, 0.000106, 0.000058, 0.000054
3745, 0.000107, 0.000104, 0.000097
3746, 0.000115, 0.000047, 0.000045
3747, 0.000120, 0.000112, 0.000106
3748, 0.000116, 0.000055, 0.000052
3749, 0.000112, 0.000076, 0.000072
3750, 0.000107, 0.000075, 0.000071
3751, 0.000106, 0.000056, 0.000053
3752, 0.000108, 0.000088, 0.000083
3753, 0.000108, 0.000057, 0.000053
3754, 0.000108, 0.000076, 0.000071
3755, 0.000106, 0.000068, 0.000063
3756, 0.000105, 0.000057, 0.000053
3757, 0.000108, 0.000097, 0.000091
3758, 0.000112, 0.000048, 0.000046
3759, 0.000114, 0.000110, 0.000104
3760, 0.000117, 0.000052, 0.000049
3761, 0.000110, 0.000076, 0.000071
3762, 0.000106, 0.000073, 0.000068
3763, 0.000106, 0.000054, 0.000050
3764, 0.000109, 0.000100, 0.000093
3765, 0.000112, 0.000050, 0.000047
3766, 0.000112, 0.000095, 0.000088
3767, 0.000110, 0.000052, 0.000048
3768, 0.000112, 0.000084, 0.000079
3769, 0.000109, 0.000057, 0.000052
3770, 0.000108, 0.000074, 0.000069
3771, 0.000106, 0.000071, 0.000066
3772, 0.000106, 0.000058, 0.000053
3773, 0.000108, 0.000079, 0.000074
3774, 0.000107, 0.000058, 0.000054
3775, 0.000107, 0.000067, 0.000064
3776, 0.000104, 0.000073, 0.000069
3777, 0.000105, 0.000053, 0.000050
3778, 0.000105, 0.000084, 0.000079
3779, 0.000108, 0.000056, 0.000052
3780, 0.000106, 0.000074, 0.000069
3781, 0.000105, 0.000061, 0.000057
3782, 0.000105, 0.000070, 0.000065
3783, 0.000105, 0.000061, 0.000057
3784, 0.000105, 0.000077, 0.000072
3785, 0.000106, 0.000053, 0.000050
3786, 0.000107, 0.000081, 0.000077
3787, 0.000106, 0.000054, 0.000051
3788, 0.000105, 0.000068, 0.000065
3789, 0.000104, 0.000065, 0.000061
3790, 0.000104, 0.000059, 0.000055
3791, 0.000105, 0.000085, 0.000081
3792, 0.000109, 0.000050, 0.000048
3793, 0.000116, 0.000123, 0.000118
3794, 0.000121, 0.000048, 0.000045
3795, 0.000116, 0.000095, 0.000089
3796, 0.000109, 0.000059, 0.000055
3797, 0.000104, 0.000056, 0.000052
3798, 0.000106, 0.000084, 0.000079
3799, 0.000108, 0.000053, 0.000049
3800, 0.000107, 0.000078, 0.000073
3801, 0.000104, 0.000064, 0.000061
3802, 0.000104, 0.000058, 0.000054
3803, 0.000105, 0.000076, 0.000072
3804, 0.000103, 0.000056, 0.000053
3805, 0.000106, 0.000078, 0.000074
3806, 0.000107, 0.000058, 0.000056
3807, 0.000105, 0.000061, 0.000058
3808, 0.000103, 0.000072, 0.000068
3809, 0.000104, 0.000054, 0.000052
3810, 0.000106, 0.000090, 0.000085
3811, 0.000108, 0.000049, 0.000047
3812, 0.000111, 0.000109, 0.000103
3813, 0.000113, 0.000047, 0.000045
3814, 0.000116, 0.000100, 0.000095
3815, 0.000112, 0.000058, 0.000054
3816, 0.000104, 0.000056, 0.000052
3817, 0.000103, 0.000101, 0.000095
3818, 0.000111, 0.000049, 0.000045
3819, 0.000115, 0.000105, 0.000100
3820, 0.000114, 0.000047, 0.000044
3821, 0.000107, 0.000069, 0.000065
3822, 0.000102, 0.000075, 0.000071
3823, 0.000104, 0.000049, 0.000046
3824, 0.000108, 0.000101, 0.000094
3825, 0.000110, 0.000049, 0.000046
3826, 0.000112, 0.000093, 0.000086
3827, 0.000108, 0.000051, 0.000048
3828, 0.000105, 0.000068, 0.000064
3829, 0.000103, 0.000065, 0.000060
3830, 0.000103, 0.000053, 0.000051
3831, 0.000104, 0.000088, 0.000082
3832, 0.000106, 0.000050, 0.000047
3833, 0.000107, 0.000084, 0.000079
3834, 0.000106, 0.000051, 0.000048
3835, 0.000106, 0.000072, 0.000067
3836, 0.000103, 0.000062, 0.000058
3837, 0.000102, 0.000055, 0.000052
3838, 0.000101, 0.000069, 0.000064
3839, 0.000102, 0.000060, 0.000055
3840, 0.000101, 0.000065, 0.000060
3841, 0.000100, 0.000057, 0.000053
3842, 0.000100, 0.000066, 0.000062
3843, 0.000101, 0.000063, 0.000059
3844, 0.000101, 0.000057, 0.000054
3845, 0.000103, 0.000070, 0.000066
3846, 0.000102, 0.000061, 0.000058
3847, 0.000101, 0.000059, 0.000055
3848, 0.000101, 0.000069, 0.000066
3849, 0.000101, 0.000054, 0.000052
3850, 0.000102, 0.000074, 0.000070
3851, 0.000103, 0.000047, 0.000045
3852, 0.000105, 0.000088, 0.000083
3853, 0.000106, 0.000050, 0.000046
3854, 0.000105, 0.000070, 0.000066
3855, 0.000103, 0.000059, 0.000055
3856, 0.000101, 0.000061, 0.000057
3857, 0.000100, 0.000070, 0.000066
3858, 0.000101, 0.000053, 0.000050
3859, 0.000105, 0.000087, 0.000081
3860, 0.000105, 0.000050, 0.000046
3861, 0.000106, 0.000080, 0.000074
3862, 0.000103, 0.000056, 0.000052
3863, 0.000100, 0.000055, 0.000051
3864, 0.000101, 0.000083, 0.000077
3865, 0.000102, 0.000047, 0.000046
3866, 0.000107, 0.000094, 0.000087
3867, 0.000108, 0.000048, 0.000045
3868, 0.000103, 0.000067, 0.000062
3869, 0.000102, 0.000073, 0.000068
3870, 0.000102, 0.000047, 0.000046
3871, 0.000114, 0.000133, 0.000126
3872, 0.000126, 0.000051, 0.000050
3873, 0.000127, 0.000117, 0.000111
3874, 0.000120, 0.000047, 0.000044
3875, 0.000106, 0.000064, 0.000060
3876, 0.000099, 0.000080, 0.000075
3877, 0.000103, 0.000049, 0.000046
3878, 0.000114, 0.000123, 0.000115
3879, 0.000120, 0.000047, 0.000045
3880, 0.000111, 0.000077, 0.000071
3881, 0.000102, 0.000062, 0.000058
3882, 0.000100, 0.000048, 0.000046
3883, 0.000104, 0.000094, 0.000089
3884, 0.000109, 0.000047, 0.000045
3885, 0.000109, 0.000083, 0.000078
3886, 0.000103, 0.000061, 0.000058
3887, 0.000098, 0.000047, 0.000045
3888, 0.000104, 0.000104, 0.000098
3889, 0.000112, 0.000046, 0.000044
3890, 0.000111, 0.000085, 0.000080
3891, 0.000102, 0.000062, 0.000058
3892, 0.000099, 0.000047, 0.000045
3893, 0.000105, 0.000101, 0.000094
3894, 0.000111, 0.000047, 0.000045
3895, 0.000110, 0.000086, 0.000080
3896, 0.000104, 0.000053, 0.000050
3897, 0.000099, 0.000054, 0.000050
3898, 0.000098, 0.000067, 0.000063
3899, 0.000099, 0.000052, 0.000048
3900, 0.000099, 0.000061, 0.000057
3901, 0.000099, 0.000069, 0.000064
3902, 0.000098, 0.000048, 0.000045
3903, 0.000105, 0.000093, 0.000088
3904, 0.000108, 0.000047, 0.000045
3905, 0.000104, 0.000075, 0.000070
3906, 0.000100, 0.000060, 0.000057
3907, 0.000100, 0.000048, 0.000046
3908, 0.000101, 0.000088, 0.000082
3909, 0.000106, 0.000047, 0.000045
3910, 0.000105, 0.000069, 0.000063
3911, 0.000100, 0.000064, 0.000059
3912, 0.000098, 0.000049, 0.000046
3913, 0.000101, 0.000083, 0.000078
3914, 0.000102, 0.000053, 0.000050
3915, 0.000099, 0.000056, 0.000053
3916, 0.000096, 0.000063, 0.000059
3917, 0.000099, 0.000050, 0.000048
3918, 0.000100, 0.000068, 0.000063
3919, 0.000099, 0.000056, 0.000053
3920, 0.000098, 0.000056, 0.000053
3921, 0.000097, 0.000068, 0.000063
3922, 0.000098, 0.000049, 0.000047
3923, 0.000101, 0.000076, 0.000071
3924, 0.000101, 0.000048, 0.000044
3925, 0.000100, 0.000063, 0.000058
3926, 0.000098, 0.000056, 0.000051
3927, 0.000096, 0.000052, 0.000048
3928, 0.000097, 0.000067, 0.000062
3929, 0.000098, 0.000051, 0.000048
3930, 0.000098, 0.000065, 0.000061
3931, 0.000097, 0.000061, 0.000057
3932, 0.000097, 0.000050, 0.000046
3933, 0.000099, 0.000090, 0.000083
3934, 0.000106, 0.000046, 0.000044
3935, 0.000109, 0.000092, 0.000086
3936, 0.000107, 0.000048, 0.000045
3937, 0.000102, 0.000062, 0.000059
3938, 0.000099, 0.000070, 0.000066
3939, 0.000099, 0.000047, 0.000045
3940, 0.000105, 0.000102, 0.000096
3941, 0.000112, 0.000050, 0.000047
3942, 0.000112, 0.000086, 0.000081
3943, 0.000105, 0.000054, 0.000050
3944, 0.000098, 0.000052, 0.000048
3945, 0.000097, 0.000082, 0.000076
3946, 0.000103, 0.000048, 0.000045
3947, 0.000102, 0.000069, 0.000065
3948, 0.000097, 0.000056, 0.000053
3949, 0.000097, 0.000056, 0.000053
3950, 0.000097, 0.000062, 0.000058
3951, 0.000096, 0.000056, 0.000052
3952, 0.000096, 0.000058, 0.000053
3953, 0.000096, 0.000060, 0.000055
3954, 0.000096, 0.000049, 0.000045
3955, 0.000097, 0.000071, 0.000066
3956, 0.000098, 0.000054, 0.000051
3957, 0.000096, 0.000057, 0.000054
3958, 0.000096, 0.000060, 0.000057
3959, 0.000095, 0.000052, 0.000050
3960, 0.000096, 0.000059, 0.000055
3961, 0.000095, 0.000054, 0.000051
3962, 0.000095, 0.000061, 0.000057
3963, 0.000096, 0.000053, 0.000050
3964, 0.000096, 0.000061, 0.000058
3965, 0.000096, 0.000054, 0.000051
3966, 0.000095, 0.000062, 0.000058
3967, 0.000096, 0.000054, 0.000051
3968, 0.000096, 0.000067, 0.000062
3969, 0.000097, 0.000053, 0.000049
3970, 0.000097, 0.000060, 0.000056
3971, 0.000096, 0.000059, 0.000055
3972, 0.000096, 0.000053, 0.000051
3973, 0.000096, 0.000063, 0.000059
3974, 0.000094, 0.000054, 0.000050
3975, 0.000097, 0.000063, 0.000060
3976, 0.000098, 0.000056, 0.000053
3977, 0.000096, 0.000057, 0.000054
3978, 0.000094, 0.000066, 0.000063
3979, 0.000097, 0.000049, 0.000046
3980, 0.000100, 0.000080, 0.000075
3981, 0.000101, 0.000046, 0.000045
3982, 0.000098, 0.000068, 0.000064
3983, 0.000098, 0.000058, 0.000056
3984, 0.000098, 0.000049, 0.000046
3985, 0.000099, 0.000080, 0.000075
3986, 0.000099, 0.000049, 0.000048
3987, 0.000099, 0.000071, 0.000066
3988, 0.000100, 0.000054, 0.000052
3989, 0.000095, 0.000054, 0.000051
3990, 0.000095, 0.000072, 0.000067
3991, 0.000097, 0.000050, 0.000048
3992, 0.000100, 0.000073, 0.000069
3993, 0.000097, 0.000048, 0.000046
3994, 0.000097, 0.000067, 0.000063
3995, 0.000096, 0.000056, 0.000053
3996, 0.000094, 0.000054, 0.000051
3997, 0.000094, 0.000071, 0.000068
3998, 0.000096, 0.000048, 0.000046
3999, 0.000099, 0.000087, 0.000083
4000, 0.000105, 0.000047, 0.000046
4001, 0.000107, 0.000093, 0.000088
4002, 0.000104, 0.000046, 0.000043
4003, 0.000101, 0.000066, 0.000062
4004, 0.000096, 0.000056, 0.000052
4005, 0.000094, 0.000049, 0.000047
4006, 0.000094, 0.000086, 0.000081
4007, 0.000101, 0.000047, 0.000046
4008, 0.000103, 0.000080, 0.000076
4009, 0.000100, 0.000047, 0.000045
4010, 0.000098, 0.000066, 0.000062
4011, 0.000094, 0.000054, 0.000051
4012, 0.000093, 0.000049, 0.000046
4013, 0.000094, 0.000076, 0.000071
4014, 0.000097, 0.000046, 0.000045
4015, 0.000100, 0.000079, 0.000074
4016, 0.000099, 0.000048, 0.000047
4017, 0.000097, 0.000059, 0.000057
4018, 0.000093, 0.000061, 0.000058
4019, 0.000093, 0.000047, 0.000045
4020, 0.000098, 0.000085, 0.000080
4021, 0.000103, 0.000046, 0.000044
4022, 0.000105, 0.000085, 0.000080
4023, 0.000102, 0.000047, 0.000044
4024, 0.000098, 0.000062, 0.000058
4025, 0.000093, 0.000057, 0.000054
4026, 0.000093, 0.000052, 0.000049
4027, 0.000094, 0.000067, 0.000063
4028, 0.000094, 0.000049, 0.000047
4029, 0.000097, 0.000070, 0.000065
4030, 0.000096, 0.000048, 0.000046
4031, 0.000094, 0.000063, 0.000059
4032, 0.000093, 0.000051, 0.000048
4033, 0.000093, 0.000058, 0.000055
4034, 0.000093, 0.000054, 0.000050
4035, 0.000092, 0.000057, 0.000053
4036, 0.000092, 0.000050, 0.000048
4037, 0.000093, 0.000061, 0.000056
4038, 0.000092, 0.000052, 0.000048
4039, 0.000092, 0.000052, 0.000048
4040, 0.000092, 0.000059, 0.000054
4041, 0.000093, 0.000051, 0.000047
4042, 0.000092, 0.000053, 0.000049
4043, 0.000092, 0.000063, 0.000059
4044, 0.000093, 0.000047, 0.000045
4045, 0.000095, 0.000067, 0.000063
4046, 0.000095, 0.000048, 0.000046
4047, 0.000094, 0.000067, 0.000063
4048, 0.000094, 0.000049, 0.000046
4049, 0.000095, 0.000060, 0.000056
4050, 0.000092, 0.000057, 0.000054
4051, 0.000092, 0.000048, 0.000046
4052, 0.000094, 0.000071, 0.000067
4053, 0.000096, 0.000047, 0.000044
4054, 0.000102, 0.000091, 0.000085
4055, 0.000106, 0.000050, 0.000047
4056, 0.000106, 0.000084, 0.000078
4057, 0.000102, 0.000047, 0.000046
4058, 0.000098, 0.000071, 0.000066
4059, 0.000096, 0.000051, 0.000049
4060, 0.000092, 0.000047, 0.000045
4061, 0.000092, 0.000078, 0.000073
4062, 0.000098, 0.000049, 0.000047
4063, 0.000104, 0.000088, 0.000081
4064, 0.000104, 0.000046, 0.000044
4065, 0.000099, 0.000065, 0.000062
4066, 0.000093, 0.000052, 0.000049
4067, 0.000093, 0.000049, 0.000047
4068, 0.000092, 0.000071, 0.000066
4069, 0.000096, 0.000049, 0.000047
4070, 0.000099, 0.000077, 0.000073
4071, 0.000098, 0.000047, 0.000044
4072, 0.000092, 0.000054, 0.000051
4073, 0.000090, 0.000063, 0.000060
4074, 0.000094, 0.000046, 0.000044
4075, 0.000096, 0.000073, 0.000070
4076, 0.000097, 0.000046, 0.000045
4077, 0.000097, 0.000071, 0.000067
4078, 0.000096, 0.000048, 0.000046
4079, 0.000092, 0.000056, 0.000053
4080, 0.000090, 0.000054, 0.000051
4081, 0.000092, 0.000051, 0.000049
4082, 0.000091, 0.000055, 0.000051
4083, 0.000090, 0.000049, 0.000047
4084, 0.000090, 0.000056, 0.000054
4085, 0.000091, 0.000055, 0.000052
4086, 0.000094, 0.000057, 0.000055
4087, 0.000091, 0.000051, 0.000048
4088, 0.000090, 0.000052, 0.000048
4089, 0.000091, 0.000063, 0.000060
4090, 0.000093, 0.000047, 0.000045
4091, 0.000094, 0.000069, 0.000065
4092, 0.000094, 0.000046, 0.000044
4093, 0.000092, 0.000059, 0.000055
4094, 0.000090, 0.000051, 0.000048
4095, 0.000090, 0.000050, 0.000047
4096, 0.000090, 0.000052, 0.000050
4097, 0.000090, 0.000049, 0.000047
4098, 0.000090, 0.000058, 0.000055
4099, 0.000090, 0.000053, 0.000050
4100, 0.000089, 0.000050, 0.000048
4101, 0.000090, 0.000059, 0.000055
4102, 0.000090, 0.000049, 0.000046
4103, 0.000091, 0.000061, 0.000058
4104, 0.000091, 0.000048, 0.000045
4105, 0.000092, 0.000065, 0.000061
4106, 0.000093, 0.000046, 0.000044
4107, 0.000094, 0.000069, 0.000065
4108, 0.000094, 0.000046, 0.000044
4109, 0.000094, 0.000065, 0.000061
4110, 0.000092, 0.000047, 0.000044
4111, 0.000091, 0.000056, 0.000052
4112, 0.000090, 0.000050, 0.000047
4113, 0.000089, 0.000054, 0.000052
4114, 0.000089, 0.000054, 0.000052
4115, 0.000090, 0.000048, 0.000046
4116, 0.000090, 0.000059, 0.000056
4117, 0.000091, 0.000047, 0.000044
4118, 0.000091, 0.000057, 0.000053
4119, 0.000090, 0.000051, 0.000049
4120, 0.000090, 0.000051, 0.000048
4121, 0.000091, 0.000061, 0.000059
4122, 0.000091, 0.000045, 0.000044
4123, 0.000093, 0.000069, 0.000065
4124, 0.000093, 0.000048, 0.000047
4125, 0.000095, 0.000069, 0.000063
4126, 0.000093, 0.000050, 0.000047
4127, 0.000089, 0.000051, 0.000048
4128, 0.000090, 0.000063, 0.000059
4129, 0.000093, 0.000046, 0.000046
4130, 0.000093, 0.000073, 0.000070
4131, 0.000095, 0.000051, 0.000050
4132, 0.000096, 0.000073, 0.000069
4133, 0.000095, 0.000046, 0.000045
4134, 0.000091, 0.000059, 0.000055
4135, 0.000090, 0.000050, 0.000048
4136, 0.000089, 0.000046, 0.000044
4137, 0.000089, 0.000071, 0.000067
4138, 0.000095, 0.000047, 0.000047
4139, 0.000098, 0.000084, 0.000080
4140, 0.000101, 0.000048, 0.000047
4141, 0.000099, 0.000075, 0.000070
4142, 0.000095, 0.000048, 0.000046
4143, 0.000092, 0.000053, 0.000051
4144, 0.000089, 0.000056, 0.000053
4145, 0.000088, 0.000045, 0.000044
4146, 0.000093, 0.000072, 0.000068
4147, 0.000097, 0.000049, 0.000047
4148, 0.000098, 0.000079, 0.000074
4149, 0.000097, 0.000047, 0.000046
4150, 0.000092, 0.000058, 0.000054
4151, 0.000090, 0.000061, 0.000057
4152, 0.000089, 0.000047, 0.000046
4153, 0.000093, 0.000079, 0.000074
4154, 0.000098, 0.000048, 0.000047
4155, 0.000097, 0.000068, 0.000063
4156, 0.000092, 0.000047, 0.000045
4157, 0.000088, 0.000047, 0.000046
4158, 0.000089, 0.000069, 0.000066
4159, 0.000094, 0.000048, 0.000047
4160, 0.000095, 0.000074, 0.000070
4161, 0.000096, 0.000049, 0.000047
4162, 0.000095, 0.000059, 0.000057
4163, 0.000090, 0.000051, 0.000048
4164, 0.000087, 0.000047, 0.000046
4165, 0.000088, 0.000065, 0.000061
4166, 0.000092, 0.000049, 0.000047
4167, 0.000095, 0.000074, 0.000069
4168, 0.000095, 0.000049, 0.000046
4169, 0.000092, 0.000060, 0.000055
4170, 0.000088, 0.000051, 0.000048
4171, 0.000088, 0.000048, 0.000046
4172, 0.000090, 0.000073, 0.000069
4173, 0.000095, 0.000047, 0.000046
4174, 0.000099, 0.000076, 0.000070
4175, 0.000096, 0.000047, 0.000046
4176, 0.000091, 0.000053, 0.000050
4177, 0.000088, 0.000052, 0.000050
4178, 0.000086, 0.000044, 0.000043
4179, 0.000091, 0.000071, 0.000067
4180, 0.000095, 0.000049, 0.000048
4181, 0.000098, 0.000076, 0.000072
4182, 0.000097, 0.000048, 0.000046
4183, 0.000093, 0.000055, 0.000052
4184, 0.000088, 0.000049, 0.000047
4185, 0.000086, 0.000047, 0.000044
4186, 0.000087, 0.000056, 0.000053
4187, 0.000087, 0.000046, 0.000044
4188, 0.000087, 0.000053, 0.000051
4189, 0.000087, 0.000051, 0.000049
4190, 0.000086, 0.000046, 0.000045
4191, 0.000087, 0.000064, 0.000062
4192, 0.000092, 0.000049, 0.000048
4193, 0.000094, 0.000062, 0.000059
4194, 0.000090, 0.000046, 0.000045
4195, 0.000086, 0.000050, 0.000048
4196, 0.000087, 0.000058, 0.000056
4197, 0.000089, 0.000047, 0.000046
4198, 0.000090, 0.000059, 0.000056
4199, 0.000087, 0.000046, 0.000045
4200, 0.000086, 0.000047, 0.000046
4201, 0.000085, 0.000061, 0.000058
4202, 0.000089, 0.000046, 0.000045
4203, 0.000092, 0.000067, 0.000063
4204, 0.000093, 0.000049, 0.000046
4205, 0.000093, 0.000055, 0.000051
4206, 0.000088, 0.000051, 0.000047
4207, 0.000087, 0.000047, 0.000045
4208, 0.000087, 0.000057, 0.000054
4209, 0.000087, 0.000049, 0.000047
4210, 0.000087, 0.000055, 0.000053
4211, 0.000087, 0.000050, 0.000047
4212, 0.000085, 0.000046, 0.000044
4213, 0.000087, 0.000058, 0.000056
4214, 0.000090, 0.000049, 0.000046
4215, 0.000089, 0.000056, 0.000053
4216, 0.000086, 0.000048, 0.000047
4217, 0.000086, 0.000053, 0.000050
4218, 0.000086, 0.000050, 0.000048
4219, 0.000085, 0.000047, 0.000046
4220, 0.000086, 0.000057, 0.000054
4221, 0.000086, 0.000047, 0.000046
4222, 0.000088, 0.000051, 0.000049
4223, 0.000086, 0.000050, 0.000048
4224, 0.000085, 0.000046, 0.000045
4225, 0.000088, 0.000063, 0.000059
4226, 0.000090, 0.000048, 0.000047
4227, 0.000088, 0.000057, 0.000054
4228, 0.000086, 0.000049, 0.000047
4229, 0.000085, 0.000051, 0.000049
4230, 0.000085, 0.000052, 0.000049
4231, 0.000084, 0.000048, 0.000046
4232, 0.000085, 0.000048, 0.000046
4233, 0.000084, 0.000050, 0.000048
4234, 0.000086, 0.000051, 0.000050
4235, 0.000085, 0.000047, 0.000045
4236, 0.000083, 0.000046, 0.000044
4237, 0.000084, 0.000060, 0.000058
4238, 0.000089, 0.000049, 0.000048
4239, 0.000091, 0.000069, 0.000065
4240, 0.000089, 0.000047, 0.000046
4241, 0.000087, 0.000052, 0.000050
4242, 0.000085, 0.000057, 0.000053
4243, 0.000086, 0.000048, 0.000046
4244, 0.000092, 0.000080, 0.000075
4245, 0.000098, 0.000052, 0.000051
4246, 0.000098, 0.000072, 0.000069
4247, 0.000095, 0.000047, 0.000045
4248, 0.000089, 0.000050, 0.000048
4249, 0.000087, 0.000055, 0.000052
4250, 0.000086, 0.000047, 0.000045
4251, 0.000086, 0.000061, 0.000057
4252, 0.000089, 0.000052, 0.000049
4253, 0.000088, 0.000056, 0.000054
4254, 0.000087, 0.000047, 0.000047
4255, 0.000086, 0.000057, 0.000055
4256, 0.000087, 0.000047, 0.000046
4257, 0.000084, 0.000051, 0.000048
4258, 0.000083, 0.000053, 0.000050
4259, 0.000085, 0.000047, 0.000045
4260, 0.000085, 0.000059, 0.000056
4261, 0.000086, 0.000048, 0.000047
4262, 0.000087, 0.000055, 0.000054
4263, 0.000086, 0.000048, 0.000047
4264, 0.000083, 0.000048, 0.000046
4265, 0.000086, 0.000064, 0.000060
4266, 0.000091, 0.000051, 0.000048
4267, 0.000091, 0.000065, 0.000061
4268, 0.000089, 0.000047, 0.000046
4269, 0.000087, 0.000059, 0.000056
4270, 0.000088, 0.000048, 0.000047
4271, 0.000087, 0.000050, 0.000048
4272, 0.000084, 0.000050, 0.000048
4273, 0.000082, 0.000047, 0.000045
4274, 0.000085, 0.000057, 0.000052
4275, 0.000085, 0.000047, 0.000045
4276, 0.000083, 0.000052, 0.000050
4277, 0.000083, 0.000052, 0.000050
4278, 0.000083, 0.000047, 0.000047
4279, 0.000083, 0.000058, 0.000055
4280, 0.000085, 0.000049, 0.000047
4281, 0.000087, 0.000064, 0.000061
4282, 0.000089, 0.000047, 0.000045
4283, 0.000086, 0.000055, 0.000053
4284, 0.000084, 0.000046, 0.000045
4285, 0.000084, 0.000050, 0.000048
4286, 0.000083, 0.000049, 0.000047
4287, 0.000082, 0.000048, 0.000046
4288, 0.000082, 0.000054, 0.000051
4289, 0.000083, 0.000047, 0.000045
4290, 0.000084, 0.000054, 0.000051
4291, 0.000085, 0.000045, 0.000043
4292, 0.000083, 0.000051, 0.000048
4293, 0.000083, 0.000048, 0.000046
4294, 0.000084, 0.000050, 0.000048
4295, 0.000083, 0.000048, 0.000045
4296, 0.000083, 0.000054, 0.000051
4297, 0.000083, 0.000049, 0.000047
4298, 0.000083, 0.000049, 0.000047
4299, 0.000083, 0.000050, 0.000048
4300, 0.000083, 0.000049, 0.000047
4301, 0.000082, 0.000046, 0.000044
4302, 0.000082, 0.000053, 0.000051
4303, 0.000084, 0.000046, 0.000045
4304, 0.000086, 0.000059, 0.000057
4305, 0.000086, 0.000048, 0.000047
4306, 0.000086, 0.000065, 0.000060
4307, 0.000087, 0.000048, 0.000046
4308, 0.000087, 0.000062, 0.000058
4309, 0.000087, 0.000049, 0.000048
4310, 0.000086, 0.000056, 0.000054
4311, 0.000084, 0.000048, 0.000047
4312, 0.000083, 0.000045, 0.000045
4313, 0.000083, 0.000060, 0.000057
4314, 0.000087, 0.000051, 0.000049
4315, 0.000093, 0.000080, 0.000076
4316, 0.000102, 0.000067, 0.000066
4317, 0.000112, 0.000124, 0.000117
4318, 0.000127, 0.000085, 0.000087
4319, 0.000130, 0.000115, 0.000108
4320, 0.000120, 0.000053, 0.000052
4321, 0.000094, 0.000046, 0.000044
4322, 0.000081, 0.000073, 0.000067
4323, 0.000095, 0.000067, 0.000066
4324, 0.000110, 0.000095, 0.000089
4325, 0.000111, 0.000058, 0.000057
4326, 0.000096, 0.000054, 0.000052
4327, 0.000085, 0.000057, 0.000053
4328, 0.000083, 0.000055, 0.000054
4329, 0.000093, 0.000075, 0.000070
4330, 0.000099, 0.000052, 0.000051
4331, 0.000092, 0.000051, 0.000048
4332, 0.000082, 0.000051, 0.000049
4333, 0.000082, 0.000051, 0.000051
4334, 0.000091, 0.000076, 0.000072
4335, 0.000098, 0.000056, 0.000057
4336, 0.000095, 0.000061, 0.000057
4337, 0.000087, 0.000048, 0.000046
4338, 0.000082, 0.000049, 0.000048
4339, 0.000088, 0.000075, 0.000071
4340, 0.000095, 0.000049, 0.000048
4341, 0.000089, 0.000047, 0.000046
4342, 0.000081, 0.000052, 0.000049
4343, 0.000083, 0.000048, 0.000047
4344, 0.000088, 0.000063, 0.000058
4345, 0.000086, 0.000047, 0.000045
4346, 0.000084, 0.000047, 0.000044
4347, 0.000080, 0.000051, 0.000048
4348, 0.000082, 0.000048, 0.000046
4349, 0.000081, 0.000050, 0.000048
4350, 0.000083, 0.000048, 0.000046
4351, 0.000081, 0.000046, 0.000043
4352, 0.000080, 0.000046, 0.000044
4353, 0.000080, 0.000046, 0.000043
4354, 0.000081, 0.000045, 0.000044
4355, 0.000081, 0.000053, 0.000051
4356, 0.000083, 0.000049, 0.000047
4357, 0.000083, 0.000049, 0.000047
4358, 0.000080, 0.000050, 0.000048
4359, 0.000082, 0.000049, 0.000047
4360, 0.000083, 0.000052, 0.000051
4361, 0.000084, 0.000046, 0.000045
4362, 0.000083, 0.000050, 0.000048
4363, 0.000081, 0.000048, 0.000046
4364, 0.000081, 0.000046, 0.000045
4365, 0.000082, 0.000053, 0.000050
4366, 0.000082, 0.000046, 0.000046
4367, 0.000081, 0.000049, 0.000047
4368, 0.000081, 0.000047, 0.000045
4369, 0.000080, 0.000047, 0.000046
4370, 0.000080, 0.000050, 0.000048
4371, 0.000080, 0.000046, 0.000045
4372, 0.000080, 0.000047, 0.000045
4373, 0.000080, 0.000050, 0.000047
4374, 0.000081, 0.000049, 0.000047
4375, 0.000081, 0.000047, 0.000046
4376, 0.000081, 0.000050, 0.000048
4377, 0.000080, 0.000046, 0.000045
4378, 0.000079, 0.000047, 0.000046
4379, 0.000081, 0.000051, 0.000048
4380, 0.000081, 0.000046, 0.000045
4381, 0.000082, 0.000056, 0.000053
4382, 0.000084, 0.000047, 0.000046
4383, 0.000083, 0.000049, 0.000046
4384, 0.000079, 0.000049, 0.000048
4385, 0.000082, 0.000047, 0.000046
4386, 0.000081, 0.000054, 0.000051
4387, 0.000081, 0.000048, 0.000048
4388, 0.000082, 0.000048, 0.000046
4389, 0.000080, 0.000046, 0.000044
4390, 0.000079, 0.000045, 0.000045
4391, 0.000081, 0.000049, 0.000047
4392, 0.000080, 0.000045, 0.000044
4393, 0.000079, 0.000048, 0.000046
4394, 0.000079, 0.000047, 0.000045
4395, 0.000079, 0.000046, 0.000045
4396, 0.000079, 0.000049, 0.000047
4397, 0.000080, 0.000048, 0.000046
4398, 0.000081, 0.000047, 0.000045
4399, 0.000079, 0.000050, 0.000048
4400, 0.000081, 0.000049, 0.000048
4401, 0.000081, 0.000046, 0.000044
4402, 0.000079, 0.000048, 0.000046
4403, 0.000080, 0.000048, 0.000047
4404, 0.000082, 0.000050, 0.000048
4405, 0.000080, 0.000047, 0.000045
4406, 0.000078, 0.000049, 0.000047
4407, 0.000080, 0.000049, 0.000047
4408, 0.000079, 0.000049, 0.000048
4409, 0.000079, 0.000048, 0.000046
4410, 0.000079, 0.000050, 0.000048
4411, 0.000079, 0.000047, 0.000046
4412, 0.000079, 0.000048, 0.000047
4413, 0.000080, 0.000049, 0.000048
4414, 0.000079, 0.000046, 0.000045
4415, 0.000080, 0.000051, 0.000049
4416, 0.000081, 0.000047, 0.000046
4417, 0.000079, 0.000047, 0.000045
4418, 0.000079, 0.000057, 0.000054
4419, 0.000083, 0.000053, 0.000053
4420, 0.000088, 0.000068, 0.000065
4421, 0.000089, 0.000054, 0.000054
4422, 0.000087, 0.000054, 0.000053
4423, 0.000083, 0.000048, 0.000045
4424, 0.000079, 0.000052, 0.000050
4425, 0.000085, 0.000076, 0.000072
4426, 0.000101, 0.000070, 0.000070
4427, 0.000104, 0.000071, 0.000067
4428, 0.000093, 0.000046, 0.000046
4429, 0.000079, 0.000049, 0.000049
4430, 0.000082, 0.000072, 0.000069
4431, 0.000093, 0.000060, 0.000060
4432, 0.000095, 0.000063, 0.000059
4433, 0.000087, 0.000048, 0.000048
4434, 0.000080, 0.000047, 0.000046
4435, 0.000079, 0.000060, 0.000057
4436, 0.000086, 0.000056, 0.000056
4437, 0.000089, 0.000058, 0.000055
4438, 0.000087, 0.000048, 0.000045
4439, 0.000080, 0.000047, 0.000045
4440, 0.000078, 0.000051, 0.000049
4441, 0.000079, 0.000050, 0.000049
4442, 0.000084, 0.000059, 0.000056
4443, 0.000085, 0.000047, 0.000047
4444, 0.000080, 0.000048, 0.000046
4445, 0.000079, 0.000053, 0.000050
4446, 0.000080, 0.000052, 0.000051
4447, 0.000086, 0.000062, 0.000059
4448, 0.000088, 0.000051, 0.000051
4449, 0.000084, 0.000049, 0.000048
4450, 0.000078, 0.000048, 0.000047
4451, 0.000078, 0.000048, 0.000048
4452, 0.000081, 0.000053, 0.000050
4453, 0.000080, 0.000047, 0.000046
4454, 0.000078, 0.000048, 0.000046
4455, 0.000077, 0.000054, 0.000051
4456, 0.000080, 0.000049, 0.000048
4457, 0.000080, 0.000054, 0.000051
4458, 0.000080, 0.000047, 0.000046
4459, 0.000078, 0.000048, 0.000047
4460, 0.000078, 0.000053, 0.000050
4461, 0.000079, 0.000047, 0.000046
4462, 0.000078, 0.000049, 0.000046
4463, 0.000078, 0.000049, 0.000047
4464, 0.000078, 0.000046, 0.000045
4465, 0.000078, 0.000048, 0.000047
4466, 0.000078, 0.000048, 0.000048
4467, 0.000078, 0.000051, 0.000050
4468, 0.000079, 0.000047, 0.000046
4469, 0.000078, 0.000051, 0.000048
4470, 0.000079, 0.000046, 0.000045
4471, 0.000078, 0.000048, 0.000045
4472, 0.000078, 0.000046, 0.000044
4473, 0.000076, 0.000045, 0.000045
4474, 0.000079, 0.000051, 0.000048
4475, 0.000078, 0.000047, 0.000046
4476, 0.000079, 0.000051, 0.000049
4477, 0.000079, 0.000051, 0.000050
4478, 0.000080, 0.000052, 0.000050
4479, 0.000079, 0.000046, 0.000045
4480, 0.000077, 0.000050, 0.000047
4481, 0.000078, 0.000047, 0.000045
4482, 0.000077, 0.000047, 0.000045
4483, 0.000076, 0.000049, 0.000046
4484, 0.000077, 0.000047, 0.000046
4485, 0.000077, 0.000047, 0.000046
4486, 0.000077, 0.000050, 0.000048
4487, 0.000077, 0.000046, 0.000046
4488, 0.000078, 0.000047, 0.000045
4489, 0.000075, 0.000046, 0.000045
4490, 0.000075, 0.000046, 0.000045
4491, 0.000078, 0.000051, 0.000049
4492, 0.000078, 0.000047, 0.000046
4493, 0.000078, 0.000050, 0.000048
4494, 0.000077, 0.000048, 0.000046
4495, 0.000076, 0.000047, 0.000046
4496, 0.000077, 0.000051, 0.000049
4497, 0.000078, 0.000049, 0.000049
4498, 0.000081, 0.000052, 0.000051
4499, 0.000081, 0.000047, 0.000046
4500, 0.000079, 0.000047, 0.000045
4501, 0.000077, 0.000047, 0.000045
4502, 0.000077, 0.000049, 0.000048
4503, 0.000078, 0.000054, 0.000051
4504, 0.000081, 0.000049, 0.000048
4505, 0.000078, 0.000050, 0.000047
4506, 0.000076, 0.000047, 0.000045
4507, 0.000078, 0.000047, 0.000046
4508, 0.000077, 0.000054, 0.000051
4509, 0.000079, 0.000053, 0.000052
4510, 0.000084, 0.000061, 0.000057
4511, 0.000084, 0.000050, 0.000049
4512, 0.000080, 0.000049, 0.000046
4513, 0.000077, 0.000053, 0.000050
4514, 0.000079, 0.000050, 0.000049
4515, 0.000079, 0.000062, 0.000058
4516, 0.000085, 0.000057, 0.000056
4517, 0.000086, 0.000054, 0.000052
4518, 0.000081, 0.000047, 0.000046
4519, 0.000077, 0.000050, 0.000048
4520, 0.000076, 0.000050, 0.000048
4521, 0.000077, 0.000050, 0.000049
4522, 0.000079, 0.000056, 0.000053
4523, 0.000080, 0.000051, 0.000051
4524, 0.000081, 0.000052, 0.000050
4525, 0.000079, 0.000047, 0.000047
4526, 0.000076, 0.000046, 0.000046
4527, 0.000074, 0.000053, 0.000051
4528, 0.000077, 0.000049, 0.000049
4529, 0.000078, 0.000048, 0.000047
4530, 0.000076, 0.000048, 0.000047
4531, 0.000075, 0.000049, 0.000049
4532, 0.000078, 0.000058, 0.000056
4533, 0.000083, 0.000054, 0.000053
4534, 0.000081, 0.000053, 0.000051
4535, 0.000078, 0.000047, 0.000046
4536, 0.000074, 0.000046, 0.000046
4537, 0.000075, 0.000048, 0.000047
4538, 0.000077, 0.000049, 0.000049
4539, 0.000079, 0.000057, 0.000054
4540, 0.000081, 0.000054, 0.000055
4541, 0.000083, 0.000058, 0.000054
4542, 0.000079, 0.000047, 0.000045
4543, 0.000076, 0.000047, 0.000045
4544, 0.000075, 0.000052, 0.000049
4545, 0.000078, 0.000050, 0.000049
4546, 0.000079, 0.000051, 0.000049
4547, 0.000077, 0.000045, 0.000045
4548, 0.000075, 0.000045, 0.000045
4549, 0.000075, 0.000048, 0.000046
4550, 0.000074, 0.000047, 0.000046
4551, 0.000073, 0.000047, 0.000046
4552, 0.000075, 0.000049, 0.000048
4553, 0.000075, 0.000048, 0.000047
4554, 0.000076, 0.000047, 0.000047
4555, 0.000077, 0.000050, 0.000048
4556, 0.000076, 0.000046, 0.000045
4557, 0.000075, 0.000048, 0.000047
4558, 0.000074, 0.000047, 0.000046
4559, 0.000074, 0.000047, 0.000046
4560, 0.000074, 0.000050, 0.000049
4561, 0.000076, 0.000046, 0.000046
4562, 0.000075, 0.000048, 0.000046
4563, 0.000075, 0.000047, 0.000046
4564, 0.000075, 0.000046, 0.000044
4565, 0.000075, 0.000050, 0.000048
4566, 0.000075, 0.000047, 0.000046
4567, 0.000075, 0.000048, 0.000047
4568, 0.000075, 0.000051, 0.000049
4569, 0.000074, 0.000049, 0.000049
4570, 0.000077, 0.000056, 0.000053
4571, 0.000080, 0.000055, 0.000055
4572, 0.000082, 0.000058, 0.000057
4573, 0.000082, 0.000048, 0.000047
4574, 0.000076, 0.000047, 0.000046
4575, 0.000073, 0.000050, 0.000050
4576, 0.000076, 0.000051, 0.000050
4577, 0.000077, 0.000051, 0.000049
4578, 0.000077, 0.000048, 0.000048
4579, 0.000075, 0.000051, 0.000048
4580, 0.000077, 0.000048, 0.000046
4581, 0.000074, 0.000047, 0.000046
4582, 0.000075, 0.000051, 0.000049
4583, 0.000076, 0.000047, 0.000047
4584, 0.000076, 0.000049, 0.000048
4585, 0.000074, 0.000046, 0.000044
4586, 0.000073, 0.000047, 0.000047
4587, 0.000074, 0.000054, 0.000052
4588, 0.000076, 0.000049, 0.000049
4589, 0.000076, 0.000047, 0.000046
4590, 0.000074, 0.000050, 0.000049
4591, 0.000074, 0.000050, 0.000049
4592, 0.000076, 0.000053, 0.000051
4593, 0.000079, 0.000050, 0.000050
4594, 0.000077, 0.000048, 0.000047
4595, 0.000074, 0.000046, 0.000045
4596, 0.000072, 0.000047, 0.000047
4597, 0.000074, 0.000050, 0.000048
4598, 0.000075, 0.000049, 0.000048
4599, 0.000073, 0.000050, 0.000048
4600, 0.000074, 0.000047, 0.000046
4601, 0.000074, 0.000047, 0.000047
4602, 0.000075, 0.000052, 0.000051
4603, 0.000078, 0.000051, 0.000052
4604, 0.000080, 0.000059, 0.000057
4605, 0.000081, 0.000053, 0.000054
4606, 0.000079, 0.000052, 0.000050
4607, 0.000076, 0.000048, 0.000046
4608, 0.000073, 0.000049, 0.000050
4609, 0.000076, 0.000061, 0.000058
4610, 0.000082, 0.000059, 0.000060
4611, 0.000087, 0.000062, 0.000060
4612, 0.000087, 0.000054, 0.000053
4613, 0.000080, 0.000048, 0.000046
4614, 0.000071, 0.000054, 0.000052
4615, 0.000076, 0.000059, 0.000058
4616, 0.000083, 0.000060, 0.000057
4617, 0.000081, 0.000052, 0.000052
4618, 0.000078, 0.000047, 0.000046
4619, 0.000073, 0.000048, 0.000047
4620, 0.000073, 0.000053, 0.000054
4621, 0.000079, 0.000059, 0.000055
4622, 0.000081, 0.000052, 0.000051
4623, 0.000078, 0.000049, 0.000047
4624, 0.000073, 0.000047, 0.000045
4625, 0.000073, 0.000050, 0.000051
4626, 0.000075, 0.000055, 0.000054
4627, 0.000078, 0.000052, 0.000053
4628, 0.000078, 0.000050, 0.000049
4629, 0.000075, 0.000045, 0.000045
4630, 0.000072, 0.000047, 0.000045
4631, 0.000072, 0.000047, 0.000046
4632, 0.000072, 0.000048, 0.000048
4633, 0.000073, 0.000049, 0.000047
4634, 0.000073, 0.000046, 0.000046
4635, 0.000072, 0.000046, 0.000046
4636, 0.000072, 0.000048, 0.000046
4637, 0.000073, 0.000046, 0.000045
4638, 0.000072, 0.000046, 0.000045
4639, 0.000073, 0.000047, 0.000046
4640, 0.000072, 0.000047, 0.000046
4641, 0.000072, 0.000047, 0.000046
4642, 0.000071, 0.000048, 0.000046
4643, 0.000072, 0.000050, 0.000048
4644, 0.000072, 0.000047, 0.000046
4645, 0.000072, 0.000046, 0.000045
4646, 0.000073, 0.000049, 0.000047
4647, 0.000073, 0.000046, 0.000046
4648, 0.000073, 0.000047, 0.000045
4649, 0.000072, 0.000050, 0.000049
4650, 0.000073, 0.000048, 0.000047
4651, 0.000073, 0.000049, 0.000047
4652, 0.000072, 0.000049, 0.000049
4653, 0.000074, 0.000052, 0.000050
4654, 0.000076, 0.000049, 0.000048
4655, 0.000076, 0.000047, 0.000046
4656, 0.000073, 0.000046, 0.000045
4657, 0.000072, 0.000046, 0.000045
4658, 0.000070, 0.000047, 0.000046
4659, 0.000071, 0.000048, 0.000046
4660, 0.000071, 0.000049, 0.000047
4661, 0.000071, 0.000046, 0.000045
4662, 0.000072, 0.000045, 0.000044
4663, 0.000071, 0.000046, 0.000045
4664, 0.000071, 0.000047, 0.000046
4665, 0.000071, 0.000047, 0.000046
4666, 0.000071, 0.000048, 0.000048
4667, 0.000072, 0.000050, 0.000048
4668, 0.000072, 0.000048, 0.000047
4669, 0.000071, 0.000047, 0.000046
4670, 0.000071, 0.000048, 0.000046
4671, 0.000071, 0.000048, 0.000048
4672, 0.000072, 0.000050, 0.000049
4673, 0.000073, 0.000046, 0.000047
4674, 0.000073, 0.000046, 0.000045
4675, 0.000071, 0.000045, 0.000045
4676, 0.000071, 0.000046, 0.000046
4677, 0.000070, 0.000049, 0.000048
4678, 0.000072, 0.000047, 0.000047
