Epoch, Train Loss, Valid Loss, Test Loss
1, 0.416592, 0.542117, 0.543767
2, 0.358331, 0.475937, 0.478249
3, 0.313842, 0.417479, 0.420672
4, 0.280721, 0.369391, 0.373168
5, 0.255541, 0.331331, 0.335635
6, 0.235920, 0.307083, 0.311454
7, 0.222639, 0.287322, 0.291693
8, 0.210802, 0.270039, 0.274300
9, 0.199424, 0.252846, 0.256751
10, 0.187479, 0.235901, 0.239482
11, 0.175352, 0.219366, 0.222608
12, 0.163120, 0.203308, 0.206161
13, 0.150965, 0.188454, 0.190954
14, 0.139586, 0.174363, 0.176583
15, 0.128908, 0.160772, 0.162759
16, 0.118736, 0.147845, 0.149629
17, 0.109108, 0.135454, 0.137055
18, 0.099928, 0.123381, 0.124827
19, 0.091049, 0.111561, 0.112885
20, 0.082428, 0.100099, 0.101328
21, 0.074126, 0.089171, 0.090319
22, 0.066240, 0.078991, 0.080062
23, 0.058875, 0.069738, 0.070730
24, 0.052135, 0.061454, 0.062363
25, 0.046071, 0.054098, 0.054927
26, 0.040674, 0.047616, 0.048374
27, 0.035892, 0.041945, 0.042642
28, 0.031687, 0.037028, 0.037671
29, 0.028019, 0.032731, 0.033325
30, 0.024806, 0.028912, 0.029463
31, 0.021991, 0.025528, 0.026039
32, 0.019475, 0.022568, 0.023042
33, 0.017309, 0.020018, 0.020459
34, 0.015416, 0.017832, 0.018242
35, 0.013794, 0.015968, 0.016351
36, 0.012417, 0.014385, 0.014746
37, 0.011245, 0.013051, 0.013395
38, 0.010261, 0.011921, 0.012250
39, 0.009421, 0.010952, 0.011268
40, 0.008694, 0.010100, 0.010404
41, 0.008050, 0.009325, 0.009618
42, 0.007488, 0.008605, 0.008889
43, 0.006963, 0.007966, 0.008238
44, 0.006502, 0.007392, 0.007653
45, 0.006086, 0.006877, 0.007128
46, 0.005711, 0.006414, 0.006656
47, 0.005387, 0.005996, 0.006231
48, 0.005095, 0.005629, 0.005858
49, 0.004843, 0.005315, 0.005538
50, 0.004622, 0.005052, 0.005269
51, 0.004433, 0.004826, 0.005035
52, 0.004259, 0.004623, 0.004824
53, 0.004102, 0.004440, 0.004633
54, 0.003966, 0.004271, 0.004457
55, 0.003843, 0.004122, 0.004303
56, 0.003728, 0.003991, 0.004166
57, 0.003629, 0.003870, 0.004040
58, 0.003542, 0.003765, 0.003931
59, 0.003469, 0.003681, 0.003841
60, 0.003409, 0.003613, 0.003769
61, 0.003351, 0.003548, 0.003699
62, 0.003297, 0.003481, 0.003628
63, 0.003257, 0.003416, 0.003560
64, 0.003217, 0.003354, 0.003493
65, 0.003177, 0.003305, 0.003440
66, 0.003136, 0.003261, 0.003392
67, 0.003094, 0.003223, 0.003350
68, 0.003075, 0.003178, 0.003302
69, 0.003042, 0.003137, 0.003257
70, 0.003025, 0.003105, 0.003222
71, 0.002994, 0.003084, 0.003198
72, 0.002971, 0.003061, 0.003172
73, 0.002957, 0.003036, 0.003144
74, 0.002938, 0.003011, 0.003116
75, 0.002924, 0.002988, 0.003091
76, 0.002903, 0.002970, 0.003070
77, 0.002895, 0.002956, 0.003054
78, 0.002882, 0.002948, 0.003042
79, 0.002870, 0.002935, 0.003026
80, 0.002856, 0.002917, 0.003006
81, 0.002847, 0.002900, 0.002987
82, 0.002839, 0.002885, 0.002970
83, 0.002831, 0.002880, 0.002962
84, 0.002819, 0.002881, 0.002961
85, 0.002817, 0.002871, 0.002947
86, 0.002804, 0.002860, 0.002934
87, 0.002797, 0.002847, 0.002919
88, 0.002792, 0.002837, 0.002908
89, 0.002785, 0.002831, 0.002900
90, 0.002783, 0.002824, 0.002891
91, 0.002771, 0.002815, 0.002880
92, 0.002770, 0.002812, 0.002874
93, 0.002770, 0.002812, 0.002871
94, 0.002760, 0.002808, 0.002865
95, 0.002754, 0.002801, 0.002856
96, 0.002744, 0.002793, 0.002847
97, 0.002745, 0.002785, 0.002837
98, 0.002740, 0.002780, 0.002830
99, 0.002731, 0.002782, 0.002831
100, 0.002732, 0.002784, 0.002831
101, 0.002728, 0.002781, 0.002827
102, 0.002718, 0.002772, 0.002817
103, 0.002719, 0.002762, 0.002806
104, 0.002717, 0.002759, 0.002801
105, 0.002710, 0.002762, 0.002802
106, 0.002706, 0.002766, 0.002804
107, 0.002707, 0.002761, 0.002799
108, 0.002698, 0.002753, 0.002789
109, 0.002694, 0.002745, 0.002780
110, 0.002694, 0.002745, 0.002778
111, 0.002692, 0.002749, 0.002780
112, 0.002692, 0.002744, 0.002774
113, 0.002685, 0.002739, 0.002769
114, 0.002682, 0.002735, 0.002764
115, 0.002685, 0.002734, 0.002762
116, 0.002670, 0.002733, 0.002761
117, 0.002669, 0.002729, 0.002756
118, 0.002666, 0.002726, 0.002752
119, 0.002666, 0.002727, 0.002751
120, 0.002665, 0.002726, 0.002750
121, 0.002659, 0.002724, 0.002747
122, 0.002661, 0.002721, 0.002743
123, 0.002659, 0.002720, 0.002740
124, 0.002655, 0.002717, 0.002736
125, 0.002654, 0.002718, 0.002736
126, 0.002649, 0.002716, 0.002734
127, 0.002647, 0.002707, 0.002724
128, 0.002647, 0.002704, 0.002721
129, 0.002646, 0.002705, 0.002721
130, 0.002640, 0.002711, 0.002725
131, 0.002639, 0.002710, 0.002722
132, 0.002633, 0.002705, 0.002717
133, 0.002629, 0.002700, 0.002712
134, 0.002627, 0.002698, 0.002710
135, 0.002622, 0.002698, 0.002708
136, 0.002625, 0.002697, 0.002706
137, 0.002624, 0.002699, 0.002707
138, 0.002618, 0.002696, 0.002704
139, 0.002616, 0.002695, 0.002702
140, 0.002611, 0.002689, 0.002696
141, 0.002607, 0.002688, 0.002694
142, 0.002604, 0.002687, 0.002693
143, 0.002601, 0.002688, 0.002694
144, 0.002603, 0.002689, 0.002694
145, 0.002599, 0.002690, 0.002694
146, 0.002594, 0.002687, 0.002690
147, 0.002596, 0.002682, 0.002685
148, 0.002588, 0.002678, 0.002681
149, 0.002597, 0.002676, 0.002679
150, 0.002588, 0.002675, 0.002678
151, 0.002583, 0.002677, 0.002678
152, 0.002585, 0.002676, 0.002676
153, 0.002576, 0.002676, 0.002676
154, 0.002583, 0.002673, 0.002672
155, 0.002577, 0.002671, 0.002671
156, 0.002574, 0.002671, 0.002670
157, 0.002573, 0.002672, 0.002670
158, 0.002569, 0.002670, 0.002667
159, 0.002568, 0.002672, 0.002668
160, 0.002566, 0.002667, 0.002663
161, 0.002565, 0.002668, 0.002664
162, 0.002556, 0.002664, 0.002660
163, 0.002562, 0.002662, 0.002657
164, 0.002557, 0.002661, 0.002655
165, 0.002553, 0.002662, 0.002656
166, 0.002554, 0.002662, 0.002656
167, 0.002547, 0.002664, 0.002656
168, 0.002549, 0.002661, 0.002654
169, 0.002544, 0.002659, 0.002651
170, 0.002550, 0.002656, 0.002648
171, 0.002544, 0.002656, 0.002647
172, 0.002541, 0.002653, 0.002644
173, 0.002536, 0.002652, 0.002644
174, 0.002538, 0.002652, 0.002643
175, 0.002534, 0.002651, 0.002642
176, 0.002534, 0.002651, 0.002641
177, 0.002526, 0.002650, 0.002640
178, 0.002529, 0.002649, 0.002639
179, 0.002525, 0.002649, 0.002639
180, 0.002521, 0.002647, 0.002637
181, 0.002523, 0.002647, 0.002636
182, 0.002517, 0.002645, 0.002634
183, 0.002516, 0.002642, 0.002630
184, 0.002515, 0.002640, 0.002628
185, 0.002512, 0.002641, 0.002628
186, 0.002511, 0.002643, 0.002630
187, 0.002511, 0.002641, 0.002628
188, 0.002506, 0.002640, 0.002627
189, 0.002506, 0.002637, 0.002623
190, 0.002507, 0.002639, 0.002625
191, 0.002503, 0.002637, 0.002623
192, 0.002500, 0.002634, 0.002621
193, 0.002497, 0.002631, 0.002618
194, 0.002498, 0.002630, 0.002616
195, 0.002497, 0.002631, 0.002615
196, 0.002494, 0.002630, 0.002614
197, 0.002492, 0.002628, 0.002613
198, 0.002488, 0.002626, 0.002611
199, 0.002486, 0.002625, 0.002609
200, 0.002487, 0.002625, 0.002609
201, 0.002481, 0.002625, 0.002608
202, 0.002481, 0.002622, 0.002606
203, 0.002477, 0.002620, 0.002604
204, 0.002480, 0.002618, 0.002602
205, 0.002473, 0.002619, 0.002602
206, 0.002473, 0.002620, 0.002603
207, 0.002471, 0.002618, 0.002601
208, 0.002469, 0.002616, 0.002599
209, 0.002466, 0.002615, 0.002597
210, 0.002466, 0.002613, 0.002595
211, 0.002464, 0.002612, 0.002594
212, 0.002461, 0.002612, 0.002593
213, 0.002463, 0.002611, 0.002593
214, 0.002458, 0.002611, 0.002593
215, 0.002459, 0.002608, 0.002590
216, 0.002454, 0.002606, 0.002587
217, 0.002451, 0.002605, 0.002585
218, 0.002454, 0.002603, 0.002584
219, 0.002450, 0.002604, 0.002585
220, 0.002449, 0.002604, 0.002584
221, 0.002449, 0.002603, 0.002584
222, 0.002443, 0.002600, 0.002580
223, 0.002442, 0.002599, 0.002579
224, 0.002443, 0.002598, 0.002577
225, 0.002442, 0.002596, 0.002575
226, 0.002437, 0.002594, 0.002574
227, 0.002437, 0.002593, 0.002573
228, 0.002436, 0.002592, 0.002572
229, 0.002431, 0.002591, 0.002570
230, 0.002433, 0.002589, 0.002568
231, 0.002427, 0.002587, 0.002566
232, 0.002429, 0.002587, 0.002566
233, 0.002426, 0.002587, 0.002566
234, 0.002424, 0.002586, 0.002565
235, 0.002421, 0.002584, 0.002563
236, 0.002423, 0.002579, 0.002558
237, 0.002417, 0.002577, 0.002555
238, 0.002415, 0.002575, 0.002554
239, 0.002416, 0.002577, 0.002555
240, 0.002412, 0.002577, 0.002555
241, 0.002412, 0.002576, 0.002555
242, 0.002410, 0.002573, 0.002551
243, 0.002411, 0.002570, 0.002548
244, 0.002409, 0.002567, 0.002544
245, 0.002407, 0.002566, 0.002544
246, 0.002406, 0.002567, 0.002544
247, 0.002407, 0.002565, 0.002542
248, 0.002400, 0.002562, 0.002539
249, 0.002397, 0.002560, 0.002537
250, 0.002397, 0.002560, 0.002537
251, 0.002395, 0.002560, 0.002536
252, 0.002391, 0.002558, 0.002535
253, 0.002393, 0.002555, 0.002531
254, 0.002391, 0.002552, 0.002528
255, 0.002392, 0.002550, 0.002525
256, 0.002385, 0.002548, 0.002524
257, 0.002386, 0.002548, 0.002523
258, 0.002382, 0.002548, 0.002523
259, 0.002381, 0.002546, 0.002520
260, 0.002383, 0.002544, 0.002519
261, 0.002379, 0.002543, 0.002519
262, 0.002375, 0.002540, 0.002515
263, 0.002371, 0.002538, 0.002512
264, 0.002372, 0.002536, 0.002511
265, 0.002373, 0.002536, 0.002512
266, 0.002366, 0.002534, 0.002509
267, 0.002370, 0.002531, 0.002505
268, 0.002368, 0.002530, 0.002504
269, 0.002362, 0.002529, 0.002505
270, 0.002363, 0.002527, 0.002503
271, 0.002362, 0.002523, 0.002498
272, 0.002359, 0.002519, 0.002494
273, 0.002359, 0.002519, 0.002494
274, 0.002355, 0.002521, 0.002496
275, 0.002354, 0.002520, 0.002494
276, 0.002352, 0.002516, 0.002489
277, 0.002351, 0.002513, 0.002488
278, 0.002350, 0.002513, 0.002488
279, 0.002345, 0.002508, 0.002482
280, 0.002346, 0.002507, 0.002480
281, 0.002346, 0.002507, 0.002481
282, 0.002343, 0.002510, 0.002484
283, 0.002344, 0.002504, 0.002477
284, 0.002338, 0.002500, 0.002472
285, 0.002338, 0.002502, 0.002474
286, 0.002339, 0.002502, 0.002475
287, 0.002334, 0.002496, 0.002469
288, 0.002335, 0.002493, 0.002466
289, 0.002332, 0.002494, 0.002467
290, 0.002334, 0.002494, 0.002467
291, 0.002331, 0.002491, 0.002463
292, 0.002328, 0.002491, 0.002463
293, 0.002325, 0.002492, 0.002464
294, 0.002326, 0.002486, 0.002458
295, 0.002321, 0.002482, 0.002454
296, 0.002322, 0.002486, 0.002458
297, 0.002319, 0.002486, 0.002458
298, 0.002321, 0.002480, 0.002451
299, 0.002319, 0.002481, 0.002452
300, 0.002316, 0.002485, 0.002456
301, 0.002315, 0.002478, 0.002449
302, 0.002316, 0.002472, 0.002443
303, 0.002315, 0.002475, 0.002446
304, 0.002310, 0.002479, 0.002451
305, 0.002315, 0.002471, 0.002443
306, 0.002311, 0.002471, 0.002443
307, 0.002308, 0.002479, 0.002451
308, 0.002311, 0.002473, 0.002444
309, 0.002311, 0.002464, 0.002435
310, 0.002309, 0.002466, 0.002438
311, 0.002308, 0.002473, 0.002445
312, 0.002307, 0.002466, 0.002438
313, 0.002303, 0.002464, 0.002435
314, 0.002304, 0.002469, 0.002440
315, 0.002303, 0.002465, 0.002436
316, 0.002304, 0.002459, 0.002430
317, 0.002300, 0.002464, 0.002436
318, 0.002300, 0.002461, 0.002432
319, 0.002299, 0.002458, 0.002429
320, 0.002296, 0.002458, 0.002430
321, 0.002296, 0.002464, 0.002435
322, 0.002298, 0.002458, 0.002429
323, 0.002296, 0.002454, 0.002425
324, 0.002296, 0.002456, 0.002427
325, 0.002296, 0.002459, 0.002430
326, 0.002292, 0.002454, 0.002425
327, 0.002292, 0.002452, 0.002423
328, 0.002292, 0.002453, 0.002424
329, 0.002291, 0.002455, 0.002425
330, 0.002287, 0.002452, 0.002422
331, 0.002289, 0.002449, 0.002420
332, 0.002288, 0.002450, 0.002421
333, 0.002287, 0.002451, 0.002421
334, 0.002285, 0.002448, 0.002418
335, 0.002290, 0.002446, 0.002417
336, 0.002286, 0.002448, 0.002419
337, 0.002283, 0.002447, 0.002418
338, 0.002284, 0.002445, 0.002416
339, 0.002287, 0.002444, 0.002415
340, 0.002284, 0.002444, 0.002415
341, 0.002281, 0.002447, 0.002417
342, 0.002281, 0.002443, 0.002414
343, 0.002284, 0.002443, 0.002414
344, 0.002280, 0.002442, 0.002414
345, 0.002281, 0.002440, 0.002411
346, 0.002280, 0.002441, 0.002412
347, 0.002278, 0.002442, 0.002412
348, 0.002277, 0.002440, 0.002410
349, 0.002273, 0.002439, 0.002409
350, 0.002277, 0.002439, 0.002409
351, 0.002276, 0.002437, 0.002407
352, 0.002274, 0.002435, 0.002405
353, 0.002276, 0.002438, 0.002408
354, 0.002274, 0.002437, 0.002408
355, 0.002274, 0.002435, 0.002405
356, 0.002273, 0.002435, 0.002405
357, 0.002273, 0.002435, 0.002405
358, 0.002272, 0.002432, 0.002402
359, 0.002272, 0.002434, 0.002404
360, 0.002272, 0.002434, 0.002403
361, 0.002271, 0.002432, 0.002402
362, 0.002272, 0.002432, 0.002402
363, 0.002272, 0.002429, 0.002400
364, 0.002270, 0.002430, 0.002400
365, 0.002265, 0.002432, 0.002402
366, 0.002267, 0.002430, 0.002401
367, 0.002266, 0.002430, 0.002400
368, 0.002264, 0.002429, 0.002399
369, 0.002265, 0.002429, 0.002399
370, 0.002266, 0.002426, 0.002397
371, 0.002266, 0.002428, 0.002398
372, 0.002264, 0.002431, 0.002401
373, 0.002265, 0.002424, 0.002395
374, 0.002266, 0.002422, 0.002392
375, 0.002265, 0.002427, 0.002396
376, 0.002261, 0.002424, 0.002394
377, 0.002265, 0.002422, 0.002393
378, 0.002262, 0.002426, 0.002396
379, 0.002264, 0.002429, 0.002398
380, 0.002260, 0.002420, 0.002391
381, 0.002260, 0.002421, 0.002392
382, 0.002263, 0.002428, 0.002397
383, 0.002259, 0.002421, 0.002391
384, 0.002258, 0.002418, 0.002388
385, 0.002258, 0.002424, 0.002394
386, 0.002259, 0.002423, 0.002392
387, 0.002257, 0.002417, 0.002388
388, 0.002255, 0.002420, 0.002389
389, 0.002255, 0.002423, 0.002393
390, 0.002259, 0.002415, 0.002385
391, 0.002256, 0.002415, 0.002385
392, 0.002254, 0.002422, 0.002391
393, 0.002258, 0.002416, 0.002387
394, 0.002254, 0.002415, 0.002385
395, 0.002258, 0.002417, 0.002386
396, 0.002255, 0.002417, 0.002386
397, 0.002255, 0.002412, 0.002382
398, 0.002254, 0.002414, 0.002384
399, 0.002253, 0.002416, 0.002385
400, 0.002253, 0.002413, 0.002383
401, 0.002253, 0.002414, 0.002384
402, 0.002253, 0.002415, 0.002384
403, 0.002251, 0.002414, 0.002384
404, 0.002249, 0.002413, 0.002383
405, 0.002248, 0.002415, 0.002384
406, 0.002253, 0.002413, 0.002382
407, 0.002248, 0.002410, 0.002380
408, 0.002250, 0.002413, 0.002382
409, 0.002250, 0.002409, 0.002379
410, 0.002248, 0.002407, 0.002377
411, 0.002249, 0.002414, 0.002383
412, 0.002249, 0.002414, 0.002383
413, 0.002248, 0.002407, 0.002378
414, 0.002249, 0.002410, 0.002379
415, 0.002244, 0.002414, 0.002383
416, 0.002243, 0.002407, 0.002377
417, 0.002246, 0.002408, 0.002378
418, 0.002245, 0.002414, 0.002382
419, 0.002246, 0.002404, 0.002374
420, 0.002245, 0.002405, 0.002375
421, 0.002244, 0.002414, 0.002382
422, 0.002247, 0.002405, 0.002374
423, 0.002243, 0.002405, 0.002375
424, 0.002246, 0.002414, 0.002383
425, 0.002247, 0.002405, 0.002375
426, 0.002241, 0.002404, 0.002374
427, 0.002242, 0.002411, 0.002379
428, 0.002244, 0.002408, 0.002377
429, 0.002241, 0.002401, 0.002372
430, 0.002247, 0.002413, 0.002380
431, 0.002241, 0.002409, 0.002377
432, 0.002241, 0.002402, 0.002372
433, 0.002242, 0.002404, 0.002373
434, 0.002240, 0.002411, 0.002379
435, 0.002242, 0.002400, 0.002370
436, 0.002242, 0.002403, 0.002373
437, 0.002237, 0.002411, 0.002379
438, 0.002238, 0.002402, 0.002371
439, 0.002240, 0.002401, 0.002370
440, 0.002240, 0.002404, 0.002372
441, 0.002237, 0.002401, 0.002370
442, 0.002237, 0.002399, 0.002369
443, 0.002239, 0.002406, 0.002374
444, 0.002243, 0.002406, 0.002375
445, 0.002239, 0.002401, 0.002371
446, 0.002241, 0.002402, 0.002371
447, 0.002238, 0.002406, 0.002374
448, 0.002236, 0.002401, 0.002371
449, 0.002237, 0.002402, 0.002372
450, 0.002236, 0.002405, 0.002373
451, 0.002236, 0.002402, 0.002370
452, 0.002240, 0.002397, 0.002367
453, 0.002234, 0.002404, 0.002373
454, 0.002239, 0.002401, 0.002369
455, 0.002233, 0.002400, 0.002369
456, 0.002236, 0.002401, 0.002370
457, 0.002234, 0.002404, 0.002373
458, 0.002236, 0.002397, 0.002367
459, 0.002235, 0.002402, 0.002370
460, 0.002235, 0.002398, 0.002367
461, 0.002234, 0.002397, 0.002366
462, 0.002234, 0.002405, 0.002374
463, 0.002233, 0.002396, 0.002366
464, 0.002236, 0.002398, 0.002367
465, 0.002233, 0.002402, 0.002370
466, 0.002231, 0.002396, 0.002365
467, 0.002233, 0.002397, 0.002366
468, 0.002232, 0.002405, 0.002372
469, 0.002234, 0.002395, 0.002364
470, 0.002230, 0.002394, 0.002364
471, 0.002233, 0.002407, 0.002373
472, 0.002233, 0.002396, 0.002364
473, 0.002231, 0.002394, 0.002363
474, 0.002231, 0.002407, 0.002374
475, 0.002233, 0.002397, 0.002366
476, 0.002230, 0.002394, 0.002363
477, 0.002227, 0.002395, 0.002364
478, 0.002227, 0.002399, 0.002368
479, 0.002228, 0.002391, 0.002362
480, 0.002228, 0.002396, 0.002366
481, 0.002229, 0.002399, 0.002367
482, 0.002227, 0.002393, 0.002364
483, 0.002230, 0.002395, 0.002365
484, 0.002229, 0.002395, 0.002364
485, 0.002228, 0.002394, 0.002363
486, 0.002226, 0.002392, 0.002362
487, 0.002228, 0.002396, 0.002364
488, 0.002227, 0.002393, 0.002362
489, 0.002227, 0.002393, 0.002362
490, 0.002225, 0.002394, 0.002363
491, 0.002227, 0.002393, 0.002361
492, 0.002224, 0.002395, 0.002363
493, 0.002224, 0.002396, 0.002364
494, 0.002228, 0.002392, 0.002361
495, 0.002228, 0.002394, 0.002362
496, 0.002224, 0.002390, 0.002359
497, 0.002224, 0.002394, 0.002362
498, 0.002225, 0.002390, 0.002359
499, 0.002223, 0.002393, 0.002361
500, 0.002221, 0.002395, 0.002363
501, 0.002225, 0.002389, 0.002359
502, 0.002226, 0.002391, 0.002361
503, 0.002223, 0.002394, 0.002363
504, 0.002221, 0.002387, 0.002357
505, 0.002223, 0.002392, 0.002360
506, 0.002221, 0.002394, 0.002362
507, 0.002225, 0.002386, 0.002356
508, 0.002224, 0.002392, 0.002360
509, 0.002223, 0.002392, 0.002360
510, 0.002223, 0.002388, 0.002357
511, 0.002223, 0.002389, 0.002358
512, 0.002221, 0.002395, 0.002363
513, 0.002222, 0.002388, 0.002357
514, 0.002220, 0.002386, 0.002356
515, 0.002219, 0.002395, 0.002363
516, 0.002223, 0.002387, 0.002356
517, 0.002217, 0.002385, 0.002355
518, 0.002220, 0.002395, 0.002362
519, 0.002219, 0.002385, 0.002355
520, 0.002221, 0.002385, 0.002355
521, 0.002217, 0.002398, 0.002366
522, 0.002220, 0.002384, 0.002354
523, 0.002219, 0.002388, 0.002356
524, 0.002219, 0.002391, 0.002359
525, 0.002220, 0.002386, 0.002355
526, 0.002219, 0.002387, 0.002356
527, 0.002219, 0.002387, 0.002356
528, 0.002217, 0.002385, 0.002355
529, 0.002218, 0.002383, 0.002353
530, 0.002220, 0.002388, 0.002357
531, 0.002216, 0.002387, 0.002356
532, 0.002214, 0.002383, 0.002353
533, 0.002220, 0.002389, 0.002357
534, 0.002215, 0.002389, 0.002357
535, 0.002217, 0.002378, 0.002349
536, 0.002218, 0.002394, 0.002361
537, 0.002215, 0.002387, 0.002356
538, 0.002218, 0.002380, 0.002352
539, 0.002220, 0.002403, 0.002369
540, 0.002220, 0.002384, 0.002353
541, 0.002212, 0.002378, 0.002350
542, 0.002218, 0.002400, 0.002367
543, 0.002216, 0.002382, 0.002351
544, 0.002214, 0.002378, 0.002350
545, 0.002216, 0.002399, 0.002366
546, 0.002216, 0.002383, 0.002351
547, 0.002214, 0.002378, 0.002348
548, 0.002217, 0.002392, 0.002360
549, 0.002213, 0.002382, 0.002351
550, 0.002214, 0.002378, 0.002349
551, 0.002213, 0.002388, 0.002357
552, 0.002212, 0.002384, 0.002353
553, 0.002214, 0.002375, 0.002347
554, 0.002211, 0.002386, 0.002355
555, 0.002213, 0.002383, 0.002352
556, 0.002213, 0.002376, 0.002346
557, 0.002214, 0.002390, 0.002357
558, 0.002211, 0.002379, 0.002348
559, 0.002212, 0.002379, 0.002348
560, 0.002212, 0.002383, 0.002351
561, 0.002212, 0.002382, 0.002350
562, 0.002211, 0.002375, 0.002345
563, 0.002208, 0.002383, 0.002351
564, 0.002210, 0.002379, 0.002348
565, 0.002210, 0.002378, 0.002347
566, 0.002208, 0.002383, 0.002351
567, 0.002209, 0.002377, 0.002347
568, 0.002211, 0.002378, 0.002347
569, 0.002211, 0.002384, 0.002353
570, 0.002210, 0.002374, 0.002344
571, 0.002208, 0.002376, 0.002346
572, 0.002208, 0.002378, 0.002347
573, 0.002203, 0.002378, 0.002347
574, 0.002209, 0.002374, 0.002344
575, 0.002208, 0.002380, 0.002349
576, 0.002205, 0.002377, 0.002346
577, 0.002208, 0.002371, 0.002342
578, 0.002207, 0.002377, 0.002346
579, 0.002203, 0.002380, 0.002349
580, 0.002208, 0.002371, 0.002341
581, 0.002207, 0.002375, 0.002345
582, 0.002206, 0.002382, 0.002350
583, 0.002209, 0.002369, 0.002340
584, 0.002207, 0.002383, 0.002351
585, 0.002206, 0.002374, 0.002343
586, 0.002204, 0.002371, 0.002341
587, 0.002202, 0.002384, 0.002352
588, 0.002205, 0.002368, 0.002339
589, 0.002205, 0.002373, 0.002342
590, 0.002202, 0.002372, 0.002341
591, 0.002201, 0.002369, 0.002339
592, 0.002201, 0.002375, 0.002343
593, 0.002202, 0.002376, 0.002345
594, 0.002203, 0.002366, 0.002337
595, 0.002203, 0.002374, 0.002342
596, 0.002201, 0.002374, 0.002342
597, 0.002203, 0.002363, 0.002334
598, 0.002202, 0.002376, 0.002344
599, 0.002203, 0.002370, 0.002340
600, 0.002199, 0.002367, 0.002337
601, 0.002197, 0.002373, 0.002343
602, 0.002200, 0.002369, 0.002338
603, 0.002199, 0.002363, 0.002334
604, 0.002198, 0.002376, 0.002344
605, 0.002198, 0.002365, 0.002335
606, 0.002200, 0.002363, 0.002333
607, 0.002198, 0.002380, 0.002347
608, 0.002199, 0.002359, 0.002331
609, 0.002202, 0.002370, 0.002339
610, 0.002196, 0.002373, 0.002342
611, 0.002198, 0.002358, 0.002330
612, 0.002201, 0.002372, 0.002341
613, 0.002194, 0.002371, 0.002340
614, 0.002196, 0.002357, 0.002330
615, 0.002202, 0.002380, 0.002348
616, 0.002200, 0.002372, 0.002340
617, 0.002197, 0.002357, 0.002330
618, 0.002206, 0.002393, 0.002358
619, 0.002202, 0.002359, 0.002328
620, 0.002194, 0.002354, 0.002326
621, 0.002196, 0.002391, 0.002357
622, 0.002199, 0.002353, 0.002324
623, 0.002195, 0.002358, 0.002328
624, 0.002193, 0.002379, 0.002346
625, 0.002194, 0.002355, 0.002326
626, 0.002195, 0.002363, 0.002333
627, 0.002192, 0.002370, 0.002338
628, 0.002192, 0.002351, 0.002322
629, 0.002192, 0.002361, 0.002330
630, 0.002190, 0.002361, 0.002329
631, 0.002190, 0.002352, 0.002323
632, 0.002192, 0.002363, 0.002331
633, 0.002188, 0.002362, 0.002330
634, 0.002189, 0.002350, 0.002320
635, 0.002188, 0.002364, 0.002331
636, 0.002190, 0.002353, 0.002322
637, 0.002188, 0.002351, 0.002321
638, 0.002188, 0.002362, 0.002330
639, 0.002189, 0.002352, 0.002322
640, 0.002186, 0.002348, 0.002319
641, 0.002188, 0.002360, 0.002328
642, 0.002186, 0.002348, 0.002318
643, 0.002185, 0.002348, 0.002319
644, 0.002189, 0.002361, 0.002330
645, 0.002187, 0.002347, 0.002317
646, 0.002185, 0.002348, 0.002318
647, 0.002183, 0.002359, 0.002328
648, 0.002183, 0.002341, 0.002314
649, 0.002186, 0.002354, 0.002324
650, 0.002182, 0.002352, 0.002322
651, 0.002183, 0.002341, 0.002312
652, 0.002184, 0.002352, 0.002321
653, 0.002182, 0.002341, 0.002311
654, 0.002180, 0.002345, 0.002314
655, 0.002181, 0.002351, 0.002319
656, 0.002179, 0.002339, 0.002309
657, 0.002183, 0.002350, 0.002318
658, 0.002182, 0.002347, 0.002316
659, 0.002179, 0.002336, 0.002307
660, 0.002180, 0.002351, 0.002319
661, 0.002178, 0.002341, 0.002310
662, 0.002178, 0.002335, 0.002306
663, 0.002177, 0.002347, 0.002315
664, 0.002177, 0.002333, 0.002304
665, 0.002176, 0.002337, 0.002307
666, 0.002174, 0.002345, 0.002314
667, 0.002171, 0.002333, 0.002303
668, 0.002174, 0.002338, 0.002308
669, 0.002174, 0.002335, 0.002305
670, 0.002175, 0.002329, 0.002300
671, 0.002173, 0.002339, 0.002308
672, 0.002172, 0.002334, 0.002304
673, 0.002170, 0.002328, 0.002300
674, 0.002170, 0.002344, 0.002313
675, 0.002170, 0.002324, 0.002296
676, 0.002170, 0.002332, 0.002302
677, 0.002169, 0.002334, 0.002303
678, 0.002170, 0.002325, 0.002295
679, 0.002167, 0.002330, 0.002299
680, 0.002168, 0.002327, 0.002296
681, 0.002166, 0.002323, 0.002293
682, 0.002164, 0.002326, 0.002296
683, 0.002164, 0.002322, 0.002292
684, 0.002163, 0.002320, 0.002291
685, 0.002164, 0.002331, 0.002301
686, 0.002162, 0.002316, 0.002288
687, 0.002163, 0.002315, 0.002287
688, 0.002163, 0.002335, 0.002304
689, 0.002164, 0.002310, 0.002282
690, 0.002164, 0.002323, 0.002292
691, 0.002157, 0.002325, 0.002294
692, 0.002159, 0.002307, 0.002280
693, 0.002163, 0.002332, 0.002300
694, 0.002161, 0.002307, 0.002278
695, 0.002156, 0.002312, 0.002282
696, 0.002156, 0.002317, 0.002287
697, 0.002156, 0.002306, 0.002278
698, 0.002154, 0.002317, 0.002287
699, 0.002154, 0.002305, 0.002276
700, 0.002151, 0.002305, 0.002276
701, 0.002148, 0.002311, 0.002280
702, 0.002152, 0.002300, 0.002271
703, 0.002151, 0.002310, 0.002280
704, 0.002147, 0.002298, 0.002270
705, 0.002150, 0.002298, 0.002270
706, 0.002147, 0.002310, 0.002280
707, 0.002148, 0.002292, 0.002264
708, 0.002147, 0.002305, 0.002275
709, 0.002144, 0.002299, 0.002269
710, 0.002142, 0.002287, 0.002260
711, 0.002147, 0.002316, 0.002284
712, 0.002148, 0.002284, 0.002256
713, 0.002143, 0.002288, 0.002259
714, 0.002141, 0.002296, 0.002266
715, 0.002139, 0.002283, 0.002255
716, 0.002140, 0.002294, 0.002264
717, 0.002136, 0.002287, 0.002258
718, 0.002136, 0.002279, 0.002251
719, 0.002134, 0.002284, 0.002255
720, 0.002133, 0.002279, 0.002250
721, 0.002132, 0.002283, 0.002254
722, 0.002132, 0.002273, 0.002245
723, 0.002131, 0.002281, 0.002252
724, 0.002130, 0.002268, 0.002240
725, 0.002131, 0.002289, 0.002259
726, 0.002129, 0.002264, 0.002237
727, 0.002126, 0.002271, 0.002242
728, 0.002124, 0.002279, 0.002249
729, 0.002125, 0.002258, 0.002232
730, 0.002125, 0.002281, 0.002251
731, 0.002124, 0.002258, 0.002230
732, 0.002119, 0.002255, 0.002227
733, 0.002120, 0.002271, 0.002241
734, 0.002121, 0.002250, 0.002222
735, 0.002115, 0.002259, 0.002229
736, 0.002112, 0.002253, 0.002224
737, 0.002111, 0.002246, 0.002219
738, 0.002109, 0.002261, 0.002231
739, 0.002111, 0.002244, 0.002216
740, 0.002107, 0.002252, 0.002222
741, 0.002105, 0.002242, 0.002213
742, 0.002102, 0.002235, 0.002207
743, 0.002104, 0.002250, 0.002221
744, 0.002106, 0.002230, 0.002203
745, 0.002104, 0.002247, 0.002217
746, 0.002100, 0.002229, 0.002202
747, 0.002095, 0.002225, 0.002198
748, 0.002095, 0.002238, 0.002209
749, 0.002094, 0.002223, 0.002195
750, 0.002093, 0.002222, 0.002194
751, 0.002093, 0.002232, 0.002203
752, 0.002087, 0.002210, 0.002184
753, 0.002090, 0.002233, 0.002204
754, 0.002092, 0.002205, 0.002180
755, 0.002089, 0.002220, 0.002191
756, 0.002083, 0.002216, 0.002187
757, 0.002078, 0.002199, 0.002173
758, 0.002084, 0.002227, 0.002197
759, 0.002085, 0.002192, 0.002166
760, 0.002073, 0.002198, 0.002170
761, 0.002071, 0.002203, 0.002174
762, 0.002074, 0.002185, 0.002159
763, 0.002070, 0.002212, 0.002182
764, 0.002071, 0.002181, 0.002155
765, 0.002065, 0.002182, 0.002155
766, 0.002063, 0.002187, 0.002158
767, 0.002060, 0.002176, 0.002148
768, 0.002058, 0.002180, 0.002151
769, 0.002056, 0.002173, 0.002145
770, 0.002052, 0.002164, 0.002137
771, 0.002054, 0.002185, 0.002155
772, 0.002054, 0.002158, 0.002131
773, 0.002052, 0.002169, 0.002140
774, 0.002045, 0.002157, 0.002129
775, 0.002042, 0.002151, 0.002123
776, 0.002041, 0.002164, 0.002134
777, 0.002041, 0.002143, 0.002115
778, 0.002041, 0.002163, 0.002133
779, 0.002037, 0.002134, 0.002107
780, 0.002032, 0.002136, 0.002107
781, 0.002027, 0.002153, 0.002122
782, 0.002027, 0.002125, 0.002098
783, 0.002025, 0.002132, 0.002103
784, 0.002019, 0.002122, 0.002093
785, 0.002015, 0.002118, 0.002089
786, 0.002015, 0.002119, 0.002090
787, 0.002012, 0.002111, 0.002083
788, 0.002007, 0.002110, 0.002081
789, 0.002005, 0.002106, 0.002077
790, 0.002000, 0.002096, 0.002069
791, 0.002001, 0.002091, 0.002064
792, 0.001996, 0.002099, 0.002069
793, 0.001996, 0.002085, 0.002057
794, 0.001992, 0.002086, 0.002058
795, 0.001984, 0.002085, 0.002056
796, 0.001983, 0.002070, 0.002043
797, 0.001980, 0.002076, 0.002048
798, 0.001978, 0.002064, 0.002036
799, 0.001974, 0.002062, 0.002034
800, 0.001972, 0.002063, 0.002034
801, 0.001970, 0.002052, 0.002023
802, 0.001963, 0.002056, 0.002026
803, 0.001962, 0.002044, 0.002015
804, 0.001957, 0.002037, 0.002009
805, 0.001954, 0.002045, 0.002015
806, 0.001950, 0.002028, 0.002000
807, 0.001951, 0.002031, 0.002002
808, 0.001946, 0.002017, 0.001989
809, 0.001941, 0.002022, 0.001994
810, 0.001937, 0.002011, 0.001983
811, 0.001935, 0.002000, 0.001973
812, 0.001929, 0.002008, 0.001979
813, 0.001927, 0.001989, 0.001962
814, 0.001923, 0.001995, 0.001966
815, 0.001919, 0.001983, 0.001956
816, 0.001912, 0.001986, 0.001958
817, 0.001908, 0.001969, 0.001943
818, 0.001909, 0.001975, 0.001946
819, 0.001900, 0.001960, 0.001933
820, 0.001895, 0.001967, 0.001939
821, 0.001894, 0.001944, 0.001918
822, 0.001893, 0.001964, 0.001935
823, 0.001888, 0.001934, 0.001908
824, 0.001878, 0.001941, 0.001913
825, 0.001878, 0.001925, 0.001898
826, 0.001871, 0.001923, 0.001896
827, 0.001867, 0.001915, 0.001888
828, 0.001860, 0.001911, 0.001884
829, 0.001856, 0.001903, 0.001877
830, 0.001852, 0.001903, 0.001876
831, 0.001847, 0.001885, 0.001860
832, 0.001843, 0.001889, 0.001862
833, 0.001837, 0.001876, 0.001849
834, 0.001831, 0.001869, 0.001843
835, 0.001830, 0.001881, 0.001853
836, 0.001823, 0.001854, 0.001830
837, 0.001817, 0.001862, 0.001835
838, 0.001815, 0.001841, 0.001817
839, 0.001809, 0.001848, 0.001822
840, 0.001805, 0.001827, 0.001802
841, 0.001799, 0.001831, 0.001805
842, 0.001791, 0.001818, 0.001793
843, 0.001783, 0.001809, 0.001785
844, 0.001778, 0.001812, 0.001787
845, 0.001780, 0.001792, 0.001768
846, 0.001773, 0.001808, 0.001782
847, 0.001772, 0.001780, 0.001758
848, 0.001768, 0.001812, 0.001784
849, 0.001764, 0.001766, 0.001745
850, 0.001764, 0.001818, 0.001789
851, 0.001764, 0.001758, 0.001738
852, 0.001757, 0.001796, 0.001768
853, 0.001751, 0.001738, 0.001716
854, 0.001736, 0.001743, 0.001717
855, 0.001722, 0.001730, 0.001705
856, 0.001717, 0.001714, 0.001692
857, 0.001714, 0.001746, 0.001719
858, 0.001711, 0.001699, 0.001679
859, 0.001706, 0.001714, 0.001689
860, 0.001694, 0.001685, 0.001663
861, 0.001687, 0.001677, 0.001654
862, 0.001678, 0.001681, 0.001656
863, 0.001672, 0.001660, 0.001638
864, 0.001669, 0.001666, 0.001641
865, 0.001662, 0.001643, 0.001621
866, 0.001653, 0.001649, 0.001625
867, 0.001650, 0.001631, 0.001608
868, 0.001638, 0.001624, 0.001602
869, 0.001635, 0.001625, 0.001602
870, 0.001629, 0.001611, 0.001588
871, 0.001619, 0.001601, 0.001580
872, 0.001616, 0.001595, 0.001575
873, 0.001606, 0.001585, 0.001563
874, 0.001600, 0.001575, 0.001554
875, 0.001591, 0.001578, 0.001557
876, 0.001588, 0.001561, 0.001540
877, 0.001576, 0.001554, 0.001534
878, 0.001572, 0.001555, 0.001534
879, 0.001563, 0.001532, 0.001514
880, 0.001559, 0.001551, 0.001528
881, 0.001553, 0.001517, 0.001501
882, 0.001545, 0.001535, 0.001512
883, 0.001538, 0.001503, 0.001486
884, 0.001525, 0.001501, 0.001484
885, 0.001518, 0.001510, 0.001490
886, 0.001511, 0.001482, 0.001469
887, 0.001510, 0.001520, 0.001500
888, 0.001504, 0.001469, 0.001458
889, 0.001497, 0.001512, 0.001492
890, 0.001489, 0.001462, 0.001452
891, 0.001485, 0.001517, 0.001496
892, 0.001481, 0.001458, 0.001452
893, 0.001476, 0.001536, 0.001515
894, 0.001481, 0.001455, 0.001452
895, 0.001464, 0.001486, 0.001469
896, 0.001443, 0.001420, 0.001405
897, 0.001417, 0.001417, 0.001407
898, 0.001402, 0.001441, 0.001423
899, 0.001400, 0.001407, 0.001396
900, 0.001403, 0.001443, 0.001426
901, 0.001389, 0.001383, 0.001366
902, 0.001367, 0.001377, 0.001360
903, 0.001353, 0.001402, 0.001379
904, 0.001355, 0.001363, 0.001349
905, 0.001352, 0.001409, 0.001383
906, 0.001351, 0.001347, 0.001337
907, 0.001334, 0.001356, 0.001332
908, 0.001318, 0.001322, 0.001305
909, 0.001299, 0.001299, 0.001283
910, 0.001297, 0.001346, 0.001319
911, 0.001303, 0.001303, 0.001292
912, 0.001291, 0.001302, 0.001274
913, 0.001270, 0.001258, 0.001239
914, 0.001245, 0.001254, 0.001234
915, 0.001241, 0.001262, 0.001237
916, 0.001235, 0.001232, 0.001210
917, 0.001218, 0.001226, 0.001203
918, 0.001207, 0.001228, 0.001203
919, 0.001202, 0.001215, 0.001191
920, 0.001196, 0.001225, 0.001202
921, 0.001185, 0.001204, 0.001170
922, 0.001182, 0.001284, 0.001274
923, 0.001220, 0.001358, 0.001301
924, 0.001320, 0.001494, 0.001495
925, 0.001375, 0.001262, 0.001211
926, 0.001255, 0.001129, 0.001103
927, 0.001124, 0.001210, 0.001192
928, 0.001170, 0.001191, 0.001149
929, 0.001202, 0.001101, 0.001073
930, 0.001124, 0.001182, 0.001161
931, 0.001143, 0.001117, 0.001080
932, 0.001128, 0.001095, 0.001069
933, 0.001108, 0.001173, 0.001153
934, 0.001117, 0.001097, 0.001058
935, 0.001091, 0.001076, 0.001060
936, 0.001074, 0.001179, 0.001156
937, 0.001093, 0.001076, 0.001041
938, 0.001072, 0.001114, 0.001105
939, 0.001084, 0.001316, 0.001275
940, 0.001222, 0.001153, 0.001151
941, 0.001131, 0.001037, 0.001005
942, 0.001049, 0.001023, 0.001010
943, 0.001023, 0.001124, 0.001112
944, 0.001107, 0.001201, 0.001170
945, 0.001178, 0.001004, 0.000992
946, 0.000997, 0.001156, 0.001147
947, 0.001129, 0.001193, 0.001167
948, 0.001197, 0.000967, 0.000949
949, 0.000988, 0.001355, 0.001347
950, 0.001272, 0.001016, 0.000998
951, 0.001072, 0.001064, 0.001044
952, 0.001089, 0.001069, 0.001050
953, 0.001052, 0.000930, 0.000916
954, 0.000974, 0.000999, 0.000975
955, 0.001036, 0.000882, 0.000866
956, 0.000925, 0.001053, 0.001043
957, 0.001036, 0.000855, 0.000832
958, 0.000893, 0.000960, 0.000941
959, 0.000955, 0.000886, 0.000874
960, 0.000890, 0.000916, 0.000897
961, 0.000915, 0.000893, 0.000875
962, 0.000891, 0.000861, 0.000845
963, 0.000867, 0.000886, 0.000866
964, 0.000895, 0.000818, 0.000806
965, 0.000839, 0.000842, 0.000820
966, 0.000878, 0.000819, 0.000803
967, 0.000842, 0.000829, 0.000815
968, 0.000868, 0.000822, 0.000801
969, 0.000837, 0.000788, 0.000767
970, 0.000825, 0.000778, 0.000767
971, 0.000810, 0.000757, 0.000744
972, 0.000798, 0.000777, 0.000757
973, 0.000810, 0.000754, 0.000739
974, 0.000788, 0.000752, 0.000741
975, 0.000802, 0.000709, 0.000694
976, 0.000762, 0.000746, 0.000729
977, 0.000780, 0.000701, 0.000689
978, 0.000769, 0.000713, 0.000701
979, 0.000770, 0.000700, 0.000685
980, 0.000770, 0.000718, 0.000704
981, 0.000765, 0.000702, 0.000690
982, 0.000768, 0.000698, 0.000688
983, 0.000741, 0.000678, 0.000662
984, 0.000734, 0.000667, 0.000657
985, 0.000740, 0.000719, 0.000711
986, 0.000759, 0.000648, 0.000634
987, 0.000720, 0.000640, 0.000627
988, 0.000714, 0.000672, 0.000665
989, 0.000736, 0.000630, 0.000616
990, 0.000725, 0.000656, 0.000644
991, 0.000718, 0.000605, 0.000593
992, 0.000691, 0.000602, 0.000591
993, 0.000687, 0.000617, 0.000605
994, 0.000690, 0.000598, 0.000585
995, 0.000687, 0.000612, 0.000605
996, 0.000685, 0.000584, 0.000574
997, 0.000668, 0.000583, 0.000570
998, 0.000674, 0.000605, 0.000599
999, 0.000675, 0.000570, 0.000560
1000, 0.000661, 0.000565, 0.000553
1001, 0.000657, 0.000586, 0.000577
1002, 0.000665, 0.000555, 0.000545
1003, 0.000657, 0.000559, 0.000550
1004, 0.000651, 0.000554, 0.000543
1005, 0.000644, 0.000541, 0.000531
1006, 0.000641, 0.000545, 0.000538
1007, 0.000642, 0.000536, 0.000527
1008, 0.000633, 0.000540, 0.000529
1009, 0.000635, 0.000530, 0.000522
1010, 0.000630, 0.000525, 0.000517
1011, 0.000626, 0.000530, 0.000517
1012, 0.000626, 0.000524, 0.000516
1013, 0.000622, 0.000513, 0.000505
1014, 0.000624, 0.000511, 0.000500
1015, 0.000614, 0.000520, 0.000510
1016, 0.000613, 0.000497, 0.000488
1017, 0.000614, 0.000501, 0.000492
1018, 0.000608, 0.000509, 0.000500
1019, 0.000607, 0.000491, 0.000481
1020, 0.000606, 0.000497, 0.000489
1021, 0.000605, 0.000491, 0.000483
1022, 0.000598, 0.000485, 0.000475
1023, 0.000594, 0.000482, 0.000474
1024, 0.000592, 0.000480, 0.000474
1025, 0.000594, 0.000481, 0.000471
1026, 0.000593, 0.000470, 0.000462
1027, 0.000587, 0.000474, 0.000467
1028, 0.000584, 0.000473, 0.000464
1029, 0.000584, 0.000465, 0.000459
1030, 0.000585, 0.000464, 0.000455
1031, 0.000579, 0.000461, 0.000452
1032, 0.000575, 0.000457, 0.000450
1033, 0.000580, 0.000462, 0.000452
1034, 0.000579, 0.000455, 0.000447
1035, 0.000570, 0.000447, 0.000439
1036, 0.000566, 0.000460, 0.000451
1037, 0.000576, 0.000443, 0.000437
1038, 0.000568, 0.000444, 0.000436
1039, 0.000561, 0.000445, 0.000436
1040, 0.000561, 0.000435, 0.000428
1041, 0.000563, 0.000438, 0.000431
1042, 0.000556, 0.000435, 0.000427
1043, 0.000555, 0.000429, 0.000423
1044, 0.000555, 0.000431, 0.000424
1045, 0.000555, 0.000424, 0.000416
1046, 0.000551, 0.000423, 0.000416
1047, 0.000547, 0.000425, 0.000417
1048, 0.000548, 0.000415, 0.000407
1049, 0.000546, 0.000418, 0.000410
1050, 0.000544, 0.000420, 0.000412
1051, 0.000543, 0.000409, 0.000403
1052, 0.000542, 0.000414, 0.000406
1053, 0.000541, 0.000411, 0.000403
1054, 0.000536, 0.000403, 0.000397
1055, 0.000536, 0.000407, 0.000401
1056, 0.000534, 0.000409, 0.000401
1057, 0.000532, 0.000397, 0.000391
1058, 0.000536, 0.000401, 0.000394
1059, 0.000529, 0.000406, 0.000399
1060, 0.000533, 0.000394, 0.000388
1061, 0.000532, 0.000399, 0.000392
1062, 0.000530, 0.000395, 0.000387
1063, 0.000526, 0.000391, 0.000384
1064, 0.000527, 0.000400, 0.000394
1065, 0.000526, 0.000386, 0.000379
1066, 0.000520, 0.000387, 0.000380
1067, 0.000523, 0.000397, 0.000389
1068, 0.000521, 0.000383, 0.000376
1069, 0.000518, 0.000381, 0.000375
1070, 0.000518, 0.000388, 0.000380
1071, 0.000518, 0.000378, 0.000370
1072, 0.000515, 0.000379, 0.000372
1073, 0.000517, 0.000387, 0.000380
1074, 0.000513, 0.000375, 0.000368
1075, 0.000514, 0.000374, 0.000368
1076, 0.000511, 0.000377, 0.000369
1077, 0.000512, 0.000370, 0.000363
1078, 0.000511, 0.000371, 0.000365
1079, 0.000509, 0.000371, 0.000366
1080, 0.000507, 0.000367, 0.000360
1081, 0.000507, 0.000370, 0.000363
1082, 0.000507, 0.000370, 0.000366
1083, 0.000505, 0.000363, 0.000357
1084, 0.000503, 0.000365, 0.000359
1085, 0.000503, 0.000364, 0.000358
1086, 0.000501, 0.000361, 0.000355
1087, 0.000502, 0.000362, 0.000355
1088, 0.000500, 0.000364, 0.000358
1089, 0.000500, 0.000357, 0.000351
1090, 0.000500, 0.000364, 0.000356
1091, 0.000500, 0.000364, 0.000359
1092, 0.000499, 0.000352, 0.000347
1093, 0.000495, 0.000357, 0.000351
1094, 0.000494, 0.000357, 0.000353
1095, 0.000495, 0.000351, 0.000345
1096, 0.000496, 0.000359, 0.000352
1097, 0.000492, 0.000349, 0.000344
1098, 0.000493, 0.000349, 0.000344
1099, 0.000491, 0.000354, 0.000348
1100, 0.000492, 0.000345, 0.000340
1101, 0.000489, 0.000354, 0.000349
1102, 0.000487, 0.000349, 0.000343
1103, 0.000489, 0.000342, 0.000336
1104, 0.000492, 0.000364, 0.000360
1105, 0.000493, 0.000342, 0.000336
1106, 0.000488, 0.000341, 0.000334
1107, 0.000491, 0.000370, 0.000365
1108, 0.000495, 0.000338, 0.000332
1109, 0.000484, 0.000347, 0.000339
1110, 0.000494, 0.000379, 0.000374
1111, 0.000499, 0.000335, 0.000331
1112, 0.000484, 0.000344, 0.000337
1113, 0.000493, 0.000381, 0.000377
1114, 0.000500, 0.000333, 0.000330
1115, 0.000489, 0.000343, 0.000337
1116, 0.000486, 0.000374, 0.000369
1117, 0.000491, 0.000332, 0.000329
1118, 0.000489, 0.000340, 0.000333
1119, 0.000480, 0.000362, 0.000355
1120, 0.000487, 0.000328, 0.000325
1121, 0.000491, 0.000344, 0.000338
1122, 0.000478, 0.000352, 0.000345
1123, 0.000483, 0.000327, 0.000324
1124, 0.000486, 0.000347, 0.000343
1125, 0.000480, 0.000349, 0.000342
1126, 0.000481, 0.000325, 0.000320
1127, 0.000485, 0.000347, 0.000343
1128, 0.000480, 0.000339, 0.000332
1129, 0.000475, 0.000321, 0.000316
1130, 0.000476, 0.000339, 0.000335
1131, 0.000477, 0.000331, 0.000324
1132, 0.000475, 0.000322, 0.000317
1133, 0.000475, 0.000338, 0.000334
1134, 0.000476, 0.000326, 0.000320
1135, 0.000471, 0.000328, 0.000322
1136, 0.000474, 0.000335, 0.000331
1137, 0.000475, 0.000321, 0.000316
1138, 0.000470, 0.000327, 0.000321
1139, 0.000475, 0.000332, 0.000327
1140, 0.000472, 0.000319, 0.000314
1141, 0.000470, 0.000326, 0.000321
1142, 0.000471, 0.000329, 0.000323
1143, 0.000470, 0.000316, 0.000313
1144, 0.000472, 0.000330, 0.000325
1145, 0.000471, 0.000326, 0.000320
1146, 0.000470, 0.000318, 0.000316
1147, 0.000472, 0.000330, 0.000325
1148, 0.000470, 0.000321, 0.000314
1149, 0.000467, 0.000318, 0.000315
1150, 0.000466, 0.000320, 0.000316
1151, 0.000464, 0.000319, 0.000312
1152, 0.000467, 0.000321, 0.000318
1153, 0.000464, 0.000318, 0.000315
1154, 0.000461, 0.000317, 0.000310
1155, 0.000468, 0.000321, 0.000318
1156, 0.000463, 0.000316, 0.000312
1157, 0.000463, 0.000311, 0.000305
1158, 0.000465, 0.000326, 0.000322
1159, 0.000463, 0.000314, 0.000312
1160, 0.000462, 0.000313, 0.000307
1161, 0.000464, 0.000326, 0.000321
1162, 0.000460, 0.000311, 0.000307
1163, 0.000461, 0.000313, 0.000309
1164, 0.000462, 0.000323, 0.000318
1165, 0.000461, 0.000309, 0.000304
1166, 0.000459, 0.000311, 0.000307
1167, 0.000461, 0.000321, 0.000316
1168, 0.000458, 0.000308, 0.000303
1169, 0.000461, 0.000315, 0.000310
1170, 0.000457, 0.000312, 0.000308
1171, 0.000456, 0.000310, 0.000306
1172, 0.000458, 0.000313, 0.000308
1173, 0.000454, 0.000309, 0.000305
1174, 0.000458, 0.000306, 0.000303
1175, 0.000460, 0.000319, 0.000315
1176, 0.000454, 0.000307, 0.000302
1177, 0.000457, 0.000310, 0.000306
1178, 0.000458, 0.000318, 0.000313
1179, 0.000457, 0.000304, 0.000300
1180, 0.000455, 0.000306, 0.000302
1181, 0.000454, 0.000312, 0.000309
1182, 0.000453, 0.000308, 0.000303
1183, 0.000456, 0.000304, 0.000300
1184, 0.000452, 0.000313, 0.000308
1185, 0.000453, 0.000310, 0.000305
1186, 0.000457, 0.000306, 0.000302
1187, 0.000453, 0.000307, 0.000303
1188, 0.000453, 0.000312, 0.000308
1189, 0.000456, 0.000304, 0.000302
1190, 0.000451, 0.000308, 0.000304
1191, 0.000450, 0.000306, 0.000301
1192, 0.000452, 0.000304, 0.000302
1193, 0.000453, 0.000310, 0.000305
1194, 0.000453, 0.000301, 0.000297
1195, 0.000451, 0.000303, 0.000300
1196, 0.000451, 0.000312, 0.000308
1197, 0.000451, 0.000297, 0.000292
1198, 0.000451, 0.000306, 0.000303
1199, 0.000449, 0.000309, 0.000305
1200, 0.000449, 0.000300, 0.000295
1201, 0.000450, 0.000308, 0.000304
1202, 0.000451, 0.000305, 0.000301
1203, 0.000447, 0.000299, 0.000293
1204, 0.000450, 0.000308, 0.000304
1205, 0.000448, 0.000302, 0.000299
1206, 0.000446, 0.000299, 0.000293
1207, 0.000446, 0.000305, 0.000301
1208, 0.000447, 0.000299, 0.000295
1209, 0.000446, 0.000297, 0.000293
1210, 0.000445, 0.000306, 0.000303
1211, 0.000448, 0.000298, 0.000295
1212, 0.000446, 0.000295, 0.000291
1213, 0.000446, 0.000314, 0.000310
1214, 0.000450, 0.000294, 0.000292
1215, 0.000448, 0.000305, 0.000301
1216, 0.000444, 0.000306, 0.000301
1217, 0.000445, 0.000296, 0.000292
1218, 0.000446, 0.000304, 0.000301
1219, 0.000447, 0.000302, 0.000297
1220, 0.000444, 0.000296, 0.000293
1221, 0.000446, 0.000315, 0.000310
1222, 0.000445, 0.000296, 0.000292
1223, 0.000445, 0.000297, 0.000293
1224, 0.000447, 0.000316, 0.000312
1225, 0.000445, 0.000291, 0.000287
1226, 0.000444, 0.000299, 0.000295
1227, 0.000444, 0.000316, 0.000312
1228, 0.000446, 0.000289, 0.000286
1229, 0.000448, 0.000305, 0.000301
1230, 0.000442, 0.000306, 0.000301
1231, 0.000440, 0.000290, 0.000287
1232, 0.000444, 0.000303, 0.000299
1233, 0.000442, 0.000297, 0.000292
1234, 0.000443, 0.000292, 0.000289
1235, 0.000443, 0.000305, 0.000301
1236, 0.000443, 0.000298, 0.000294
1237, 0.000442, 0.000291, 0.000288
1238, 0.000443, 0.000313, 0.000308
1239, 0.000443, 0.000293, 0.000289
1240, 0.000442, 0.000292, 0.000289
1241, 0.000441, 0.000311, 0.000307
1242, 0.000444, 0.000288, 0.000285
1243, 0.000443, 0.000298, 0.000295
1244, 0.000440, 0.000306, 0.000302
1245, 0.000444, 0.000291, 0.000286
1246, 0.000441, 0.000295, 0.000292
1247, 0.000439, 0.000303, 0.000299
1248, 0.000440, 0.000286, 0.000282
1249, 0.000442, 0.000311, 0.000308
1250, 0.000443, 0.000294, 0.000290
1251, 0.000440, 0.000287, 0.000284
1252, 0.000445, 0.000323, 0.000319
1253, 0.000444, 0.000286, 0.000282
1254, 0.000439, 0.000290, 0.000285
1255, 0.000440, 0.000321, 0.000316
1256, 0.000446, 0.000284, 0.000282
1257, 0.000446, 0.000308, 0.000303
1258, 0.000440, 0.000307, 0.000302
1259, 0.000438, 0.000282, 0.000280
1260, 0.000445, 0.000317, 0.000313
1261, 0.000441, 0.000295, 0.000290
1262, 0.000440, 0.000286, 0.000283
1263, 0.000441, 0.000314, 0.000310
1264, 0.000441, 0.000293, 0.000288
1265, 0.000440, 0.000286, 0.000283
1266, 0.000437, 0.000307, 0.000304
1267, 0.000437, 0.000290, 0.000286
1268, 0.000438, 0.000286, 0.000282
1269, 0.000438, 0.000314, 0.000312
1270, 0.000443, 0.000282, 0.000278
1271, 0.000440, 0.000297, 0.000294
1272, 0.000437, 0.000301, 0.000299
1273, 0.000439, 0.000281, 0.000278
1274, 0.000439, 0.000301, 0.000296
1275, 0.000440, 0.000292, 0.000289
1276, 0.000435, 0.000290, 0.000285
1277, 0.000436, 0.000300, 0.000295
1278, 0.000439, 0.000291, 0.000288
1279, 0.000437, 0.000292, 0.000289
1280, 0.000436, 0.000298, 0.000294
1281, 0.000436, 0.000289, 0.000285
1282, 0.000436, 0.000295, 0.000292
1283, 0.000435, 0.000296, 0.000291
1284, 0.000433, 0.000292, 0.000287
1285, 0.000435, 0.000291, 0.000289
1286, 0.000435, 0.000291, 0.000288
1287, 0.000433, 0.000294, 0.000290
1288, 0.000436, 0.000285, 0.000282
1289, 0.000436, 0.000300, 0.000297
1290, 0.000434, 0.000288, 0.000284
1291, 0.000435, 0.000286, 0.000283
1292, 0.000433, 0.000300, 0.000295
1293, 0.000435, 0.000285, 0.000280
1294, 0.000435, 0.000296, 0.000292
1295, 0.000435, 0.000294, 0.000290
1296, 0.000433, 0.000290, 0.000286
1297, 0.000434, 0.000293, 0.000290
1298, 0.000435, 0.000294, 0.000291
1299, 0.000432, 0.000285, 0.000281
1300, 0.000433, 0.000302, 0.000298
1301, 0.000432, 0.000290, 0.000288
1302, 0.000433, 0.000285, 0.000282
1303, 0.000432, 0.000299, 0.000295
1304, 0.000433, 0.000286, 0.000284
1305, 0.000433, 0.000289, 0.000285
1306, 0.000434, 0.000303, 0.000298
1307, 0.000431, 0.000281, 0.000278
1308, 0.000433, 0.000298, 0.000294
1309, 0.000433, 0.000290, 0.000286
1310, 0.000431, 0.000282, 0.000279
1311, 0.000433, 0.000298, 0.000294
1312, 0.000433, 0.000285, 0.000282
1313, 0.000431, 0.000289, 0.000285
1314, 0.000430, 0.000292, 0.000289
1315, 0.000431, 0.000288, 0.000285
1316, 0.000430, 0.000293, 0.000289
1317, 0.000432, 0.000300, 0.000296
1318, 0.000431, 0.000281, 0.000278
1319, 0.000431, 0.000298, 0.000294
1320, 0.000431, 0.000294, 0.000290
1321, 0.000427, 0.000284, 0.000281
1322, 0.000432, 0.000301, 0.000297
1323, 0.000432, 0.000285, 0.000281
1324, 0.000431, 0.000289, 0.000286
1325, 0.000429, 0.000295, 0.000292
1326, 0.000428, 0.000283, 0.000279
1327, 0.000430, 0.000291, 0.000287
1328, 0.000429, 0.000297, 0.000294
1329, 0.000428, 0.000284, 0.000280
1330, 0.000429, 0.000295, 0.000291
1331, 0.000429, 0.000287, 0.000284
1332, 0.000430, 0.000281, 0.000276
1333, 0.000429, 0.000309, 0.000304
1334, 0.000430, 0.000281, 0.000278
1335, 0.000431, 0.000292, 0.000287
1336, 0.000425, 0.000296, 0.000292
1337, 0.000428, 0.000279, 0.000276
1338, 0.000429, 0.000308, 0.000304
1339, 0.000431, 0.000282, 0.000278
1340, 0.000429, 0.000289, 0.000286
1341, 0.000428, 0.000307, 0.000303
1342, 0.000429, 0.000281, 0.000278
1343, 0.000432, 0.000300, 0.000297
1344, 0.000429, 0.000292, 0.000288
1345, 0.000427, 0.000278, 0.000274
1346, 0.000430, 0.000317, 0.000312
1347, 0.000432, 0.000276, 0.000274
1348, 0.000431, 0.000289, 0.000285
1349, 0.000426, 0.000299, 0.000295
1350, 0.000427, 0.000275, 0.000273
1351, 0.000431, 0.000311, 0.000307
1352, 0.000430, 0.000283, 0.000279
1353, 0.000428, 0.000281, 0.000277
1354, 0.000428, 0.000311, 0.000307
1355, 0.000431, 0.000276, 0.000272
1356, 0.000435, 0.000311, 0.000307
1357, 0.000432, 0.000282, 0.000279
1358, 0.000427, 0.000285, 0.000280
1359, 0.000428, 0.000308, 0.000304
1360, 0.000428, 0.000279, 0.000277
1361, 0.000428, 0.000298, 0.000293
1362, 0.000428, 0.000291, 0.000287
1363, 0.000424, 0.000281, 0.000279
1364, 0.000427, 0.000299, 0.000295
1365, 0.000425, 0.000280, 0.000276
1366, 0.000423, 0.000284, 0.000281
1367, 0.000425, 0.000299, 0.000295
1368, 0.000425, 0.000275, 0.000271
1369, 0.000425, 0.000300, 0.000296
1370, 0.000424, 0.000285, 0.000281
1371, 0.000423, 0.000276, 0.000272
1372, 0.000425, 0.000306, 0.000301
1373, 0.000425, 0.000275, 0.000272
1374, 0.000424, 0.000284, 0.000280
1375, 0.000425, 0.000293, 0.000289
1376, 0.000424, 0.000275, 0.000272
1377, 0.000424, 0.000291, 0.000287
1378, 0.000422, 0.000286, 0.000283
1379, 0.000421, 0.000283, 0.000280
1380, 0.000420, 0.000287, 0.000284
1381, 0.000423, 0.000283, 0.000278
1382, 0.000424, 0.000292, 0.000288
1383, 0.000423, 0.000281, 0.000277
1384, 0.000424, 0.000288, 0.000283
1385, 0.000423, 0.000282, 0.000279
1386, 0.000421, 0.000287, 0.000284
1387, 0.000422, 0.000282, 0.000279
1388, 0.000422, 0.000282, 0.000279
1389, 0.000423, 0.000293, 0.000290
1390, 0.000421, 0.000279, 0.000275
1391, 0.000423, 0.000289, 0.000285
1392, 0.000421, 0.000285, 0.000281
1393, 0.000420, 0.000287, 0.000283
1394, 0.000422, 0.000282, 0.000278
1395, 0.000423, 0.000291, 0.000286
1396, 0.000420, 0.000282, 0.000278
1397, 0.000420, 0.000285, 0.000281
1398, 0.000420, 0.000288, 0.000284
1399, 0.000420, 0.000282, 0.000279
1400, 0.000421, 0.000282, 0.000279
1401, 0.000420, 0.000294, 0.000290
1402, 0.000420, 0.000274, 0.000271
1403, 0.000421, 0.000295, 0.000292
1404, 0.000420, 0.000279, 0.000276
1405, 0.000421, 0.000280, 0.000277
1406, 0.000420, 0.000297, 0.000293
1407, 0.000420, 0.000275, 0.000271
1408, 0.000419, 0.000290, 0.000287
1409, 0.000418, 0.000282, 0.000278
1410, 0.000421, 0.000283, 0.000279
1411, 0.000417, 0.000294, 0.000290
1412, 0.000418, 0.000276, 0.000273
1413, 0.000417, 0.000291, 0.000287
1414, 0.000420, 0.000280, 0.000276
1415, 0.000417, 0.000281, 0.000278
1416, 0.000418, 0.000285, 0.000281
1417, 0.000417, 0.000277, 0.000272
1418, 0.000420, 0.000294, 0.000291
1419, 0.000420, 0.000283, 0.000280
1420, 0.000417, 0.000275, 0.000270
1421, 0.000422, 0.000303, 0.000299
1422, 0.000422, 0.000271, 0.000268
1423, 0.000419, 0.000291, 0.000286
1424, 0.000418, 0.000296, 0.000292
1425, 0.000419, 0.000270, 0.000267
1426, 0.000419, 0.000308, 0.000302
1427, 0.000422, 0.000276, 0.000273
1428, 0.000419, 0.000283, 0.000279
1429, 0.000414, 0.000289, 0.000284
1430, 0.000418, 0.000275, 0.000272
1431, 0.000419, 0.000291, 0.000286
1432, 0.000417, 0.000279, 0.000275
1433, 0.000419, 0.000285, 0.000281
1434, 0.000418, 0.000291, 0.000286
1435, 0.000415, 0.000274, 0.000271
1436, 0.000416, 0.000294, 0.000290
1437, 0.000417, 0.000281, 0.000278
1438, 0.000415, 0.000276, 0.000273
1439, 0.000417, 0.000293, 0.000289
1440, 0.000416, 0.000272, 0.000269
1441, 0.000417, 0.000293, 0.000288
1442, 0.000416, 0.000277, 0.000273
1443, 0.000413, 0.000275, 0.000271
1444, 0.000414, 0.000292, 0.000286
1445, 0.000415, 0.000272, 0.000268
1446, 0.000416, 0.000284, 0.000279
1447, 0.000413, 0.000283, 0.000279
1448, 0.000414, 0.000275, 0.000272
1449, 0.000414, 0.000291, 0.000287
1450, 0.000415, 0.000275, 0.000271
1451, 0.000414, 0.000281, 0.000278
1452, 0.000414, 0.000283, 0.000279
1453, 0.000413, 0.000274, 0.000270
1454, 0.000413, 0.000282, 0.000279
1455, 0.000413, 0.000285, 0.000281
1456, 0.000414, 0.000274, 0.000270
1457, 0.000414, 0.000296, 0.000291
1458, 0.000412, 0.000272, 0.000268
1459, 0.000417, 0.000283, 0.000279
1460, 0.000413, 0.000288, 0.000283
1461, 0.000411, 0.000271, 0.000267
1462, 0.000414, 0.000290, 0.000286
1463, 0.000412, 0.000282, 0.000278
1464, 0.000411, 0.000274, 0.000270
1465, 0.000415, 0.000293, 0.000289
1466, 0.000412, 0.000273, 0.000270
1467, 0.000414, 0.000284, 0.000278
1468, 0.000413, 0.000282, 0.000278
1469, 0.000411, 0.000276, 0.000272
1470, 0.000411, 0.000292, 0.000285
1471, 0.000413, 0.000271, 0.000267
1472, 0.000410, 0.000283, 0.000280
1473, 0.000414, 0.000284, 0.000278
1474, 0.000411, 0.000274, 0.000271
1475, 0.000409, 0.000279, 0.000275
1476, 0.000412, 0.000288, 0.000283
1477, 0.000412, 0.000264, 0.000261
1478, 0.000414, 0.000310, 0.000305
1479, 0.000416, 0.000267, 0.000262
1480, 0.000415, 0.000286, 0.000281
1481, 0.000409, 0.000286, 0.000282
1482, 0.000410, 0.000270, 0.000265
1483, 0.000416, 0.000304, 0.000300
1484, 0.000415, 0.000266, 0.000263
1485, 0.000412, 0.000282, 0.000277
1486, 0.000410, 0.000297, 0.000294
1487, 0.000412, 0.000265, 0.000261
1488, 0.000413, 0.000310, 0.000304
1489, 0.000417, 0.000269, 0.000266
1490, 0.000413, 0.000281, 0.000276
1491, 0.000406, 0.000286, 0.000281
1492, 0.000410, 0.000270, 0.000267
1493, 0.000409, 0.000283, 0.000279
1494, 0.000410, 0.000272, 0.000267
1495, 0.000410, 0.000282, 0.000277
1496, 0.000410, 0.000283, 0.000278
1497, 0.000408, 0.000270, 0.000265
1498, 0.000410, 0.000287, 0.000283
1499, 0.000409, 0.000273, 0.000269
1500, 0.000408, 0.000282, 0.000277
1501, 0.000410, 0.000282, 0.000279
1502, 0.000407, 0.000268, 0.000263
1503, 0.000410, 0.000293, 0.000288
1504, 0.000409, 0.000271, 0.000268
1505, 0.000410, 0.000282, 0.000277
1506, 0.000407, 0.000283, 0.000280
1507, 0.000408, 0.000265, 0.000262
1508, 0.000409, 0.000302, 0.000297
1509, 0.000412, 0.000265, 0.000262
1510, 0.000410, 0.000283, 0.000280
1511, 0.000406, 0.000283, 0.000278
1512, 0.000405, 0.000263, 0.000260
1513, 0.000409, 0.000312, 0.000306
1514, 0.000413, 0.000261, 0.000256
1515, 0.000409, 0.000285, 0.000281
1516, 0.000408, 0.000289, 0.000283
1517, 0.000407, 0.000258, 0.000254
1518, 0.000414, 0.000319, 0.000314
1519, 0.000414, 0.000265, 0.000261
1520, 0.000406, 0.000268, 0.000263
1521, 0.000405, 0.000313, 0.000308
1522, 0.000414, 0.000257, 0.000255
1523, 0.000416, 0.000317, 0.000310
1524, 0.000416, 0.000270, 0.000266
1525, 0.000406, 0.000260, 0.000256
1526, 0.000407, 0.000335, 0.000327
1527, 0.000419, 0.000260, 0.000257
1528, 0.000422, 0.000313, 0.000307
1529, 0.000413, 0.000272, 0.000267
1530, 0.000402, 0.000262, 0.000258
1531, 0.000412, 0.000328, 0.000323
1532, 0.000418, 0.000258, 0.000254
1533, 0.000409, 0.000279, 0.000274
1534, 0.000407, 0.000298, 0.000293
1535, 0.000407, 0.000258, 0.000254
1536, 0.000413, 0.000303, 0.000296
1537, 0.000411, 0.000267, 0.000262
1538, 0.000402, 0.000263, 0.000258
1539, 0.000406, 0.000300, 0.000294
1540, 0.000409, 0.000259, 0.000254
1541, 0.000406, 0.000285, 0.000279
1542, 0.000404, 0.000270, 0.000266
1543, 0.000402, 0.000266, 0.000261
1544, 0.000401, 0.000276, 0.000271
1545, 0.000401, 0.000266, 0.000262
1546, 0.000403, 0.000273, 0.000268
1547, 0.000402, 0.000272, 0.000267
1548, 0.000401, 0.000259, 0.000255
1549, 0.000402, 0.000288, 0.000282
1550, 0.000403, 0.000264, 0.000259
1551, 0.000403, 0.000261, 0.000257
1552, 0.000401, 0.000296, 0.000289
1553, 0.000406, 0.000257, 0.000252
1554, 0.000405, 0.000286, 0.000280
1555, 0.000403, 0.000272, 0.000266
1556, 0.000399, 0.000261, 0.000257
1557, 0.000401, 0.000286, 0.000281
1558, 0.000405, 0.000266, 0.000262
1559, 0.000401, 0.000266, 0.000261
1560, 0.000402, 0.000285, 0.000280
1561, 0.000400, 0.000258, 0.000254
1562, 0.000402, 0.000279, 0.000274
1563, 0.000403, 0.000273, 0.000267
1564, 0.000399, 0.000262, 0.000258
1565, 0.000400, 0.000282, 0.000276
1566, 0.000401, 0.000265, 0.000259
1567, 0.000398, 0.000270, 0.000265
1568, 0.000399, 0.000272, 0.000266
1569, 0.000398, 0.000270, 0.000263
1570, 0.000398, 0.000266, 0.000261
1571, 0.000397, 0.000276, 0.000271
1572, 0.000397, 0.000264, 0.000258
1573, 0.000400, 0.000271, 0.000266
1574, 0.000397, 0.000270, 0.000265
1575, 0.000400, 0.000259, 0.000254
1576, 0.000399, 0.000279, 0.000274
1577, 0.000400, 0.000261, 0.000256
1578, 0.000398, 0.000271, 0.000264
1579, 0.000398, 0.000274, 0.000269
1580, 0.000397, 0.000266, 0.000261
1581, 0.000396, 0.000274, 0.000268
1582, 0.000396, 0.000270, 0.000265
1583, 0.000397, 0.000265, 0.000260
1584, 0.000397, 0.000271, 0.000265
1585, 0.000395, 0.000269, 0.000263
1586, 0.000397, 0.000266, 0.000261
1587, 0.000396, 0.000271, 0.000266
1588, 0.000396, 0.000264, 0.000259
1589, 0.000397, 0.000270, 0.000264
1590, 0.000394, 0.000273, 0.000269
1591, 0.000396, 0.000254, 0.000249
1592, 0.000397, 0.000287, 0.000281
1593, 0.000399, 0.000260, 0.000256
1594, 0.000394, 0.000266, 0.000261
1595, 0.000394, 0.000276, 0.000269
1596, 0.000395, 0.000257, 0.000252
1597, 0.000395, 0.000284, 0.000278
1598, 0.000394, 0.000262, 0.000257
1599, 0.000394, 0.000270, 0.000264
1600, 0.000395, 0.000270, 0.000265
1601, 0.000392, 0.000261, 0.000257
1602, 0.000394, 0.000270, 0.000265
1603, 0.000394, 0.000259, 0.000254
1604, 0.000394, 0.000271, 0.000267
1605, 0.000394, 0.000263, 0.000258
1606, 0.000393, 0.000268, 0.000263
1607, 0.000393, 0.000262, 0.000257
1608, 0.000392, 0.000268, 0.000263
1609, 0.000392, 0.000267, 0.000262
1610, 0.000391, 0.000264, 0.000258
1611, 0.000391, 0.000277, 0.000270
1612, 0.000392, 0.000257, 0.000252
1613, 0.000393, 0.000276, 0.000270
1614, 0.000391, 0.000265, 0.000258
1615, 0.000391, 0.000259, 0.000253
1616, 0.000391, 0.000282, 0.000275
1617, 0.000392, 0.000254, 0.000248
1618, 0.000393, 0.000283, 0.000277
1619, 0.000393, 0.000257, 0.000252
1620, 0.000393, 0.000268, 0.000262
1621, 0.000390, 0.000268, 0.000262
1622, 0.000391, 0.000262, 0.000256
1623, 0.000391, 0.000267, 0.000262
1624, 0.000389, 0.000267, 0.000261
1625, 0.000391, 0.000267, 0.000261
1626, 0.000389, 0.000263, 0.000257
1627, 0.000390, 0.000267, 0.000261
1628, 0.000389, 0.000272, 0.000266
1629, 0.000391, 0.000254, 0.000249
1630, 0.000392, 0.000290, 0.000283
1631, 0.000394, 0.000251, 0.000246
1632, 0.000394, 0.000275, 0.000268
1633, 0.000388, 0.000262, 0.000256
1634, 0.000388, 0.000260, 0.000254
1635, 0.000386, 0.000272, 0.000265
1636, 0.000388, 0.000254, 0.000249
1637, 0.000391, 0.000277, 0.000270
1638, 0.000387, 0.000261, 0.000254
1639, 0.000390, 0.000266, 0.000260
1640, 0.000388, 0.000266, 0.000259
1641, 0.000390, 0.000260, 0.000253
1642, 0.000391, 0.000278, 0.000271
1643, 0.000391, 0.000252, 0.000246
1644, 0.000390, 0.000279, 0.000271
1645, 0.000388, 0.000254, 0.000248
1646, 0.000388, 0.000263, 0.000256
1647, 0.000387, 0.000266, 0.000259
1648, 0.000386, 0.000254, 0.000248
1649, 0.000385, 0.000272, 0.000266
1650, 0.000387, 0.000267, 0.000261
1651, 0.000386, 0.000253, 0.000246
1652, 0.000385, 0.000281, 0.000273
1653, 0.000387, 0.000251, 0.000245
1654, 0.000388, 0.000265, 0.000258
1655, 0.000385, 0.000273, 0.000266
1656, 0.000387, 0.000248, 0.000243
1657, 0.000391, 0.000296, 0.000289
1658, 0.000392, 0.000245, 0.000239
1659, 0.000392, 0.000280, 0.000274
1660, 0.000390, 0.000254, 0.000248
1661, 0.000384, 0.000262, 0.000256
1662, 0.000383, 0.000271, 0.000265
1663, 0.000385, 0.000254, 0.000247
1664, 0.000386, 0.000284, 0.000276
1665, 0.000387, 0.000249, 0.000244
1666, 0.000387, 0.000278, 0.000269
1667, 0.000384, 0.000257, 0.000250
1668, 0.000384, 0.000259, 0.000254
1669, 0.000385, 0.000273, 0.000265
1670, 0.000384, 0.000246, 0.000240
1671, 0.000388, 0.000288, 0.000281
1672, 0.000388, 0.000255, 0.000248
1673, 0.000383, 0.000247, 0.000240
1674, 0.000384, 0.000298, 0.000291
1675, 0.000392, 0.000243, 0.000237
1676, 0.000389, 0.000276, 0.000269
1677, 0.000383, 0.000274, 0.000267
1678, 0.000385, 0.000242, 0.000237
1679, 0.000389, 0.000313, 0.000304
1680, 0.000395, 0.000242, 0.000238
1681, 0.000391, 0.000274, 0.000266
1682, 0.000382, 0.000266, 0.000259
1683, 0.000381, 0.000245, 0.000240
1684, 0.000386, 0.000287, 0.000278
1685, 0.000386, 0.000248, 0.000242
1686, 0.000380, 0.000255, 0.000249
1687, 0.000382, 0.000284, 0.000275
1688, 0.000385, 0.000243, 0.000238
1689, 0.000383, 0.000274, 0.000266
1690, 0.000381, 0.000257, 0.000249
1691, 0.000381, 0.000256, 0.000250
1692, 0.000381, 0.000268, 0.000261
1693, 0.000379, 0.000253, 0.000244
1694, 0.000382, 0.000257, 0.000250
1695, 0.000378, 0.000264, 0.000258
1696, 0.000381, 0.000252, 0.000245
1697, 0.000380, 0.000261, 0.000254
1698, 0.000377, 0.000261, 0.000254
1699, 0.000379, 0.000250, 0.000243
1700, 0.000379, 0.000267, 0.000260
1701, 0.000379, 0.000257, 0.000249
1702, 0.000379, 0.000252, 0.000245
1703, 0.000377, 0.000264, 0.000256
1704, 0.000378, 0.000253, 0.000246
1705, 0.000378, 0.000257, 0.000249
1706, 0.000379, 0.000265, 0.000256
1707, 0.000377, 0.000246, 0.000239
1708, 0.000377, 0.000268, 0.000260
1709, 0.000378, 0.000256, 0.000249
1710, 0.000378, 0.000252, 0.000245
1711, 0.000377, 0.000270, 0.000262
1712, 0.000378, 0.000246, 0.000240
1713, 0.000377, 0.000273, 0.000265
1714, 0.000381, 0.000255, 0.000247
1715, 0.000378, 0.000253, 0.000245
1716, 0.000377, 0.000272, 0.000264
1717, 0.000378, 0.000250, 0.000242
1718, 0.000378, 0.000257, 0.000249
1719, 0.000377, 0.000263, 0.000255
1720, 0.000375, 0.000247, 0.000239
1721, 0.000378, 0.000265, 0.000258
1722, 0.000378, 0.000250, 0.000243
1723, 0.000373, 0.000257, 0.000248
1724, 0.000376, 0.000264, 0.000257
1725, 0.000376, 0.000246, 0.000239
1726, 0.000374, 0.000267, 0.000258
1727, 0.000377, 0.000253, 0.000246
1728, 0.000375, 0.000249, 0.000241
1729, 0.000373, 0.000267, 0.000258
1730, 0.000375, 0.000248, 0.000241
1731, 0.000376, 0.000265, 0.000256
1732, 0.000374, 0.000253, 0.000244
1733, 0.000373, 0.000258, 0.000250
1734, 0.000371, 0.000249, 0.000241
1735, 0.000375, 0.000261, 0.000253
1736, 0.000373, 0.000248, 0.000240
1737, 0.000373, 0.000261, 0.000253
1738, 0.000375, 0.000246, 0.000239
1739, 0.000373, 0.000270, 0.000261
1740, 0.000375, 0.000244, 0.000236
1741, 0.000374, 0.000268, 0.000260
1742, 0.000372, 0.000253, 0.000245
1743, 0.000371, 0.000244, 0.000236
1744, 0.000374, 0.000276, 0.000267
1745, 0.000376, 0.000234, 0.000227
1746, 0.000375, 0.000281, 0.000271
1747, 0.000374, 0.000250, 0.000242
1748, 0.000372, 0.000235, 0.000227
1749, 0.000374, 0.000302, 0.000291
1750, 0.000380, 0.000231, 0.000223
1751, 0.000380, 0.000279, 0.000270
1752, 0.000374, 0.000249, 0.000241
1753, 0.000371, 0.000239, 0.000232
1754, 0.000373, 0.000294, 0.000285
1755, 0.000377, 0.000231, 0.000223
1756, 0.000381, 0.000290, 0.000280
1757, 0.000377, 0.000242, 0.000234
1758, 0.000371, 0.000249, 0.000240
1759, 0.000369, 0.000266, 0.000257
1760, 0.000370, 0.000240, 0.000233
1761, 0.000370, 0.000257, 0.000247
1762, 0.000370, 0.000252, 0.000243
1763, 0.000367, 0.000242, 0.000234
1764, 0.000371, 0.000267, 0.000258
1765, 0.000371, 0.000237, 0.000229
1766, 0.000371, 0.000258, 0.000251
1767, 0.000370, 0.000253, 0.000244
1768, 0.000367, 0.000237, 0.000229
1769, 0.000371, 0.000265, 0.000257
1770, 0.000372, 0.000238, 0.000230
1771, 0.000368, 0.000256, 0.000247
1772, 0.000368, 0.000250, 0.000242
1773, 0.000367, 0.000240, 0.000232
1774, 0.000370, 0.000272, 0.000262
1775, 0.000368, 0.000234, 0.000226
1776, 0.000368, 0.000260, 0.000251
1777, 0.000369, 0.000258, 0.000249
1778, 0.000368, 0.000232, 0.000225
1779, 0.000372, 0.000299, 0.000289
1780, 0.000378, 0.000226, 0.000219
1781, 0.000377, 0.000288, 0.000278
1782, 0.000373, 0.000230, 0.000221
1783, 0.000367, 0.000240, 0.000231
1784, 0.000366, 0.000288, 0.000277
1785, 0.000373, 0.000225, 0.000217
1786, 0.000375, 0.000276, 0.000266
1787, 0.000369, 0.000241, 0.000233
1788, 0.000364, 0.000236, 0.000227
1789, 0.000366, 0.000271, 0.000261
1790, 0.000367, 0.000229, 0.000222
1791, 0.000369, 0.000266, 0.000255
1792, 0.000366, 0.000245, 0.000237
1793, 0.000364, 0.000237, 0.000228
1794, 0.000364, 0.000267, 0.000256
1795, 0.000367, 0.000230, 0.000222
1796, 0.000368, 0.000259, 0.000250
1797, 0.000365, 0.000239, 0.000229
1798, 0.000362, 0.000238, 0.000230
1799, 0.000365, 0.000268, 0.000259
1800, 0.000370, 0.000229, 0.000220
1801, 0.000368, 0.000261, 0.000250
1802, 0.000366, 0.000251, 0.000242
1803, 0.000364, 0.000230, 0.000221
1804, 0.000370, 0.000290, 0.000278
1805, 0.000371, 0.000230, 0.000222
1806, 0.000367, 0.000252, 0.000242
1807, 0.000367, 0.000256, 0.000247
1808, 0.000366, 0.000232, 0.000223
1809, 0.000364, 0.000267, 0.000255
1810, 0.000368, 0.000233, 0.000225
1811, 0.000367, 0.000261, 0.000251
1812, 0.000360, 0.000238, 0.000228
1813, 0.000362, 0.000237, 0.000228
1814, 0.000359, 0.000259, 0.000249
1815, 0.000364, 0.000226, 0.000217
1816, 0.000365, 0.000271, 0.000259
1817, 0.000365, 0.000233, 0.000224
1818, 0.000362, 0.000244, 0.000232
1819, 0.000359, 0.000249, 0.000239
1820, 0.000359, 0.000229, 0.000221
1821, 0.000365, 0.000263, 0.000252
1822, 0.000364, 0.000230, 0.000221
1823, 0.000361, 0.000246, 0.000237
1824, 0.000359, 0.000248, 0.000238
1825, 0.000359, 0.000233, 0.000224
1826, 0.000361, 0.000248, 0.000238
1827, 0.000360, 0.000240, 0.000230
1828, 0.000359, 0.000238, 0.000228
1829, 0.000359, 0.000251, 0.000242
1830, 0.000359, 0.000228, 0.000218
1831, 0.000360, 0.000255, 0.000244
1832, 0.000359, 0.000234, 0.000225
1833, 0.000358, 0.000235, 0.000226
1834, 0.000357, 0.000252, 0.000242
1835, 0.000357, 0.000230, 0.000221
1836, 0.000357, 0.000255, 0.000245
1837, 0.000358, 0.000230, 0.000220
1838, 0.000359, 0.000249, 0.000238
1839, 0.000356, 0.000237, 0.000227
1840, 0.000358, 0.000238, 0.000227
1841, 0.000359, 0.000249, 0.000239
1842, 0.000355, 0.000232, 0.000222
1843, 0.000358, 0.000249, 0.000239
1844, 0.000357, 0.000236, 0.000228
1845, 0.000357, 0.000243, 0.000233
1846, 0.000354, 0.000231, 0.000221
1847, 0.000357, 0.000254, 0.000245
1848, 0.000359, 0.000227, 0.000217
1849, 0.000358, 0.000252, 0.000242
1850, 0.000355, 0.000240, 0.000231
1851, 0.000357, 0.000228, 0.000218
1852, 0.000356, 0.000259, 0.000248
1853, 0.000356, 0.000231, 0.000223
1854, 0.000357, 0.000245, 0.000234
1855, 0.000354, 0.000239, 0.000230
1856, 0.000355, 0.000237, 0.000228
1857, 0.000355, 0.000241, 0.000230
1858, 0.000353, 0.000244, 0.000234
1859, 0.000353, 0.000231, 0.000222
1860, 0.000355, 0.000241, 0.000230
1861, 0.000355, 0.000246, 0.000236
1862, 0.000354, 0.000226, 0.000217
1863, 0.000354, 0.000262, 0.000251
1864, 0.000358, 0.000221, 0.000212
1865, 0.000357, 0.000260, 0.000250
1866, 0.000356, 0.000231, 0.000221
1867, 0.000350, 0.000228, 0.000218
1868, 0.000354, 0.000263, 0.000251
1869, 0.000354, 0.000223, 0.000213
1870, 0.000355, 0.000251, 0.000240
1871, 0.000352, 0.000233, 0.000222
1872, 0.000352, 0.000231, 0.000221
1873, 0.000350, 0.000251, 0.000240
1874, 0.000353, 0.000226, 0.000216
1875, 0.000353, 0.000245, 0.000234
1876, 0.000352, 0.000242, 0.000232
1877, 0.000350, 0.000226, 0.000216
1878, 0.000351, 0.000260, 0.000248
1879, 0.000352, 0.000226, 0.000216
1880, 0.000351, 0.000240, 0.000230
1881, 0.000351, 0.000244, 0.000232
1882, 0.000352, 0.000222, 0.000213
1883, 0.000351, 0.000261, 0.000251
1884, 0.000352, 0.000230, 0.000219
1885, 0.000351, 0.000228, 0.000218
1886, 0.000348, 0.000255, 0.000245
1887, 0.000352, 0.000222, 0.000211
1888, 0.000351, 0.000249, 0.000238
1889, 0.000352, 0.000230, 0.000219
1890, 0.000348, 0.000238, 0.000227
1891, 0.000348, 0.000239, 0.000228
1892, 0.000348, 0.000232, 0.000222
1893, 0.000350, 0.000242, 0.000231
1894, 0.000349, 0.000227, 0.000216
1895, 0.000347, 0.000241, 0.000230
1896, 0.000347, 0.000232, 0.000221
1897, 0.000347, 0.000234, 0.000222
1898, 0.000347, 0.000238, 0.000226
1899, 0.000346, 0.000230, 0.000219
1900, 0.000346, 0.000238, 0.000227
1901, 0.000344, 0.000235, 0.000223
1902, 0.000346, 0.000235, 0.000225
1903, 0.000347, 0.000236, 0.000224
1904, 0.000348, 0.000239, 0.000228
1905, 0.000345, 0.000230, 0.000220
1906, 0.000347, 0.000245, 0.000233
1907, 0.000346, 0.000224, 0.000214
1908, 0.000346, 0.000242, 0.000231
1909, 0.000345, 0.000229, 0.000218
1910, 0.000345, 0.000240, 0.000229
1911, 0.000347, 0.000226, 0.000214
1912, 0.000345, 0.000241, 0.000229
1913, 0.000345, 0.000233, 0.000223
1914, 0.000346, 0.000226, 0.000215
1915, 0.000347, 0.000251, 0.000240
1916, 0.000345, 0.000220, 0.000210
1917, 0.000344, 0.000243, 0.000232
1918, 0.000346, 0.000228, 0.000216
1919, 0.000344, 0.000232, 0.000221
1920, 0.000343, 0.000244, 0.000232
1921, 0.000344, 0.000224, 0.000213
1922, 0.000345, 0.000255, 0.000243
1923, 0.000347, 0.000215, 0.000204
1924, 0.000346, 0.000260, 0.000247
1925, 0.000345, 0.000219, 0.000208
1926, 0.000345, 0.000235, 0.000223
1927, 0.000343, 0.000251, 0.000237
1928, 0.000344, 0.000213, 0.000202
1929, 0.000347, 0.000270, 0.000256
1930, 0.000348, 0.000212, 0.000201
1931, 0.000348, 0.000254, 0.000240
1932, 0.000346, 0.000216, 0.000205
1933, 0.000344, 0.000252, 0.000239
1934, 0.000344, 0.000222, 0.000209
1935, 0.000344, 0.000239, 0.000227
1936, 0.000342, 0.000234, 0.000221
1937, 0.000339, 0.000223, 0.000210
1938, 0.000345, 0.000256, 0.000244
1939, 0.000348, 0.000217, 0.000204
1940, 0.000346, 0.000260, 0.000245
1941, 0.000345, 0.000224, 0.000214
1942, 0.000345, 0.000228, 0.000216
1943, 0.000343, 0.000249, 0.000236
1944, 0.000343, 0.000215, 0.000205
1945, 0.000346, 0.000260, 0.000246
1946, 0.000346, 0.000214, 0.000203
1947, 0.000344, 0.000249, 0.000236
1948, 0.000343, 0.000223, 0.000210
1949, 0.000341, 0.000225, 0.000214
1950, 0.000341, 0.000254, 0.000242
1951, 0.000343, 0.000206, 0.000195
1952, 0.000347, 0.000271, 0.000259
1953, 0.000346, 0.000210, 0.000200
1954, 0.000344, 0.000237, 0.000224
1955, 0.000339, 0.000232, 0.000220
1956, 0.000339, 0.000220, 0.000208
1957, 0.000339, 0.000248, 0.000233
1958, 0.000343, 0.000214, 0.000203
1959, 0.000345, 0.000245, 0.000231
1960, 0.000340, 0.000228, 0.000214
1961, 0.000339, 0.000221, 0.000210
1962, 0.000342, 0.000257, 0.000243
1963, 0.000342, 0.000213, 0.000201
1964, 0.000347, 0.000257, 0.000246
1965, 0.000343, 0.000214, 0.000203
1966, 0.000337, 0.000232, 0.000218
1967, 0.000339, 0.000234, 0.000222
1968, 0.000338, 0.000213, 0.000202
1969, 0.000339, 0.000256, 0.000242
1970, 0.000343, 0.000211, 0.000200
1971, 0.000339, 0.000247, 0.000234
1972, 0.000339, 0.000221, 0.000209
1973, 0.000339, 0.000224, 0.000213
1974, 0.000338, 0.000247, 0.000235
1975, 0.000338, 0.000205, 0.000193
1976, 0.000345, 0.000270, 0.000256
1977, 0.000344, 0.000204, 0.000193
1978, 0.000341, 0.000240, 0.000227
1979, 0.000335, 0.000222, 0.000209
1980, 0.000335, 0.000209, 0.000197
1981, 0.000335, 0.000256, 0.000243
1982, 0.000338, 0.000205, 0.000193
1983, 0.000339, 0.000248, 0.000235
1984, 0.000336, 0.000218, 0.000206
1985, 0.000336, 0.000219, 0.000206
1986, 0.000334, 0.000238, 0.000226
1987, 0.000334, 0.000206, 0.000195
1988, 0.000335, 0.000249, 0.000236
1989, 0.000337, 0.000205, 0.000193
1990, 0.000337, 0.000245, 0.000230
1991, 0.000337, 0.000214, 0.000202
1992, 0.000332, 0.000213, 0.000201
1993, 0.000334, 0.000254, 0.000239
1994, 0.000339, 0.000205, 0.000194
1995, 0.000337, 0.000236, 0.000222
1996, 0.000334, 0.000228, 0.000214
1997, 0.000333, 0.000208, 0.000196
1998, 0.000336, 0.000256, 0.000241
1999, 0.000337, 0.000204, 0.000192
2000, 0.000336, 0.000233, 0.000219
2001, 0.000333, 0.000233, 0.000219
2002, 0.000332, 0.000200, 0.000188
2003, 0.000338, 0.000254, 0.000240
2004, 0.000337, 0.000207, 0.000195
2005, 0.000333, 0.000213, 0.000200
2006, 0.000334, 0.000263, 0.000248
2007, 0.000339, 0.000194, 0.000183
2008, 0.000347, 0.000285, 0.000268
2009, 0.000344, 0.000199, 0.000188
2010, 0.000335, 0.000216, 0.000203
2011, 0.000330, 0.000250, 0.000236
2012, 0.000336, 0.000197, 0.000185
2013, 0.000340, 0.000265, 0.000250
2014, 0.000337, 0.000206, 0.000192
2015, 0.000329, 0.000210, 0.000197
2016, 0.000330, 0.000250, 0.000235
2017, 0.000335, 0.000195, 0.000183
2018, 0.000338, 0.000259, 0.000243
2019, 0.000336, 0.000206, 0.000194
2020, 0.000330, 0.000209, 0.000196
2021, 0.000330, 0.000254, 0.000239
2022, 0.000335, 0.000195, 0.000183
2023, 0.000336, 0.000243, 0.000229
2024, 0.000333, 0.000214, 0.000200
2025, 0.000327, 0.000201, 0.000188
2026, 0.000331, 0.000270, 0.000254
2027, 0.000339, 0.000193, 0.000181
2028, 0.000338, 0.000230, 0.000215
2029, 0.000328, 0.000235, 0.000220
2030, 0.000330, 0.000194, 0.000181
2031, 0.000336, 0.000252, 0.000236
2032, 0.000335, 0.000203, 0.000190
2033, 0.000329, 0.000212, 0.000198
2034, 0.000326, 0.000227, 0.000214
2035, 0.000330, 0.000200, 0.000187
2036, 0.000329, 0.000216, 0.000203
2037, 0.000327, 0.000218, 0.000204
2038, 0.000327, 0.000203, 0.000190
2039, 0.000328, 0.000230, 0.000214
2040, 0.000329, 0.000209, 0.000195
2041, 0.000328, 0.000211, 0.000197
2042, 0.000325, 0.000228, 0.000213
2043, 0.000330, 0.000204, 0.000191
2044, 0.000327, 0.000216, 0.000202
2045, 0.000326, 0.000219, 0.000205
2046, 0.000327, 0.000204, 0.000191
2047, 0.000329, 0.000226, 0.000212
2048, 0.000326, 0.000210, 0.000196
2049, 0.000326, 0.000207, 0.000194
2050, 0.000326, 0.000225, 0.000210
2051, 0.000325, 0.000204, 0.000189
2052, 0.000327, 0.000220, 0.000206
2053, 0.000326, 0.000214, 0.000200
2054, 0.000323, 0.000209, 0.000195
2055, 0.000325, 0.000222, 0.000209
2056, 0.000324, 0.000202, 0.000189
2057, 0.000325, 0.000222, 0.000207
2058, 0.000327, 0.000214, 0.000201
2059, 0.000326, 0.000210, 0.000195
2060, 0.000323, 0.000229, 0.000213
2061, 0.000326, 0.000212, 0.000200
2062, 0.000329, 0.000213, 0.000197
2063, 0.000325, 0.000228, 0.000212
2064, 0.000325, 0.000206, 0.000193
2065, 0.000325, 0.000219, 0.000204
2066, 0.000326, 0.000214, 0.000199
2067, 0.000323, 0.000208, 0.000195
2068, 0.000325, 0.000219, 0.000205
2069, 0.000325, 0.000210, 0.000196
2070, 0.000323, 0.000211, 0.000198
2071, 0.000323, 0.000219, 0.000203
2072, 0.000322, 0.000214, 0.000199
2073, 0.000320, 0.000215, 0.000201
2074, 0.000323, 0.000215, 0.000200
2075, 0.000323, 0.000204, 0.000191
2076, 0.000322, 0.000223, 0.000209
2077, 0.000323, 0.000208, 0.000194
2078, 0.000321, 0.000204, 0.000191
2079, 0.000321, 0.000230, 0.000216
2080, 0.000322, 0.000205, 0.000191
2081, 0.000321, 0.000209, 0.000195
2082, 0.000321, 0.000222, 0.000208
2083, 0.000323, 0.000204, 0.000189
2084, 0.000322, 0.000216, 0.000202
2085, 0.000321, 0.000217, 0.000204
2086, 0.000322, 0.000207, 0.000193
2087, 0.000321, 0.000221, 0.000207
2088, 0.000320, 0.000207, 0.000194
2089, 0.000318, 0.000223, 0.000208
2090, 0.000322, 0.000204, 0.000191
2091, 0.000320, 0.000219, 0.000204
2092, 0.000319, 0.000220, 0.000204
2093, 0.000323, 0.000210, 0.000196
2094, 0.000321, 0.000219, 0.000203
2095, 0.000320, 0.000204, 0.000188
2096, 0.000321, 0.000228, 0.000213
2097, 0.000321, 0.000205, 0.000191
2098, 0.000318, 0.000211, 0.000195
2099, 0.000320, 0.000230, 0.000215
2100, 0.000320, 0.000196, 0.000183
2101, 0.000321, 0.000229, 0.000213
2102, 0.000320, 0.000208, 0.000194
2103, 0.000320, 0.000214, 0.000199
2104, 0.000320, 0.000222, 0.000207
2105, 0.000317, 0.000202, 0.000189
2106, 0.000321, 0.000226, 0.000210
2107, 0.000320, 0.000200, 0.000186
2108, 0.000317, 0.000211, 0.000198
2109, 0.000319, 0.000231, 0.000216
2110, 0.000322, 0.000189, 0.000176
2111, 0.000323, 0.000256, 0.000240
2112, 0.000325, 0.000190, 0.000176
2113, 0.000322, 0.000232, 0.000216
2114, 0.000318, 0.000203, 0.000189
2115, 0.000318, 0.000213, 0.000198
2116, 0.000316, 0.000223, 0.000209
2117, 0.000316, 0.000201, 0.000187
2118, 0.000314, 0.000219, 0.000203
2119, 0.000316, 0.000214, 0.000199
2120, 0.000316, 0.000202, 0.000187
2121, 0.000315, 0.000216, 0.000201
2122, 0.000316, 0.000215, 0.000200
2123, 0.000315, 0.000200, 0.000185
2124, 0.000317, 0.000233, 0.000217
2125, 0.000316, 0.000193, 0.000180
2126, 0.000317, 0.000223, 0.000209
2127, 0.000315, 0.000205, 0.000191
2128, 0.000314, 0.000202, 0.000188
2129, 0.000315, 0.000228, 0.000213
2130, 0.000317, 0.000193, 0.000178
2131, 0.000317, 0.000235, 0.000220
2132, 0.000316, 0.000202, 0.000188
2133, 0.000314, 0.000206, 0.000191
2134, 0.000313, 0.000220, 0.000205
2135, 0.000314, 0.000199, 0.000184
2136, 0.000316, 0.000216, 0.000200
2137, 0.000313, 0.000210, 0.000195
2138, 0.000312, 0.000210, 0.000194
2139, 0.000315, 0.000218, 0.000203
2140, 0.000312, 0.000205, 0.000191
2141, 0.000313, 0.000210, 0.000195
2142, 0.000314, 0.000213, 0.000197
2143, 0.000312, 0.000203, 0.000189
2144, 0.000314, 0.000214, 0.000199
2145, 0.000313, 0.000216, 0.000200
2146, 0.000312, 0.000202, 0.000187
2147, 0.000314, 0.000227, 0.000210
2148, 0.000315, 0.000199, 0.000184
2149, 0.000313, 0.000219, 0.000204
2150, 0.000312, 0.000200, 0.000185
2151, 0.000313, 0.000219, 0.000203
2152, 0.000310, 0.000212, 0.000198
2153, 0.000312, 0.000194, 0.000179
2154, 0.000315, 0.000248, 0.000230
2155, 0.000316, 0.000190, 0.000175
2156, 0.000318, 0.000229, 0.000212
2157, 0.000314, 0.000211, 0.000195
2158, 0.000310, 0.000198, 0.000183
2159, 0.000315, 0.000243, 0.000225
2160, 0.000317, 0.000188, 0.000174
2161, 0.000314, 0.000230, 0.000214
2162, 0.000313, 0.000211, 0.000196
2163, 0.000308, 0.000193, 0.000179
2164, 0.000312, 0.000236, 0.000220
2165, 0.000315, 0.000192, 0.000177
2166, 0.000313, 0.000215, 0.000200
2167, 0.000310, 0.000215, 0.000199
2168, 0.000311, 0.000203, 0.000186
2169, 0.000313, 0.000216, 0.000200
2170, 0.000311, 0.000206, 0.000189
2171, 0.000310, 0.000207, 0.000190
2172, 0.000312, 0.000232, 0.000215
2173, 0.000312, 0.000188, 0.000173
2174, 0.000312, 0.000227, 0.000209
2175, 0.000312, 0.000207, 0.000193
2176, 0.000311, 0.000194, 0.000179
2177, 0.000310, 0.000242, 0.000224
2178, 0.000315, 0.000189, 0.000177
2179, 0.000318, 0.000229, 0.000212
2180, 0.000313, 0.000204, 0.000188
2181, 0.000310, 0.000203, 0.000189
2182, 0.000311, 0.000228, 0.000211
2183, 0.000312, 0.000194, 0.000179
2184, 0.000311, 0.000241, 0.000225
2185, 0.000315, 0.000191, 0.000177
2186, 0.000315, 0.000221, 0.000205
2187, 0.000308, 0.000204, 0.000189
2188, 0.000307, 0.000207, 0.000191
2189, 0.000311, 0.000211, 0.000196
2190, 0.000307, 0.000196, 0.000182
2191, 0.000306, 0.000223, 0.000206
2192, 0.000309, 0.000194, 0.000180
2193, 0.000309, 0.000209, 0.000193
2194, 0.000305, 0.000214, 0.000197
2195, 0.000307, 0.000190, 0.000176
2196, 0.000309, 0.000225, 0.000209
2197, 0.000307, 0.000198, 0.000182
2198, 0.000307, 0.000211, 0.000196
2199, 0.000306, 0.000208, 0.000193
2200, 0.000307, 0.000198, 0.000182
2201, 0.000306, 0.000220, 0.000204
2202, 0.000306, 0.000191, 0.000177
2203, 0.000307, 0.000221, 0.000204
2204, 0.000306, 0.000200, 0.000185
2205, 0.000304, 0.000199, 0.000183
2206, 0.000305, 0.000225, 0.000208
2207, 0.000308, 0.000185, 0.000170
2208, 0.000309, 0.000242, 0.000225
2209, 0.000312, 0.000185, 0.000170
2210, 0.000311, 0.000230, 0.000214
2211, 0.000309, 0.000192, 0.000176
2212, 0.000306, 0.000210, 0.000193
2213, 0.000306, 0.000216, 0.000200
2214, 0.000307, 0.000188, 0.000172
2215, 0.000307, 0.000233, 0.000215
2216, 0.000307, 0.000186, 0.000171
2217, 0.000307, 0.000211, 0.000195
2218, 0.000303, 0.000194, 0.000179
2219, 0.000304, 0.000205, 0.000190
2220, 0.000303, 0.000214, 0.000197
2221, 0.000302, 0.000197, 0.000181
2222, 0.000302, 0.000207, 0.000192
2223, 0.000304, 0.000206, 0.000190
2224, 0.000303, 0.000196, 0.000180
2225, 0.000303, 0.000208, 0.000192
2226, 0.000302, 0.000204, 0.000188
2227, 0.000303, 0.000195, 0.000180
2228, 0.000302, 0.000215, 0.000199
2229, 0.000303, 0.000190, 0.000174
2230, 0.000303, 0.000217, 0.000201
2231, 0.000304, 0.000189, 0.000174
2232, 0.000305, 0.000224, 0.000206
2233, 0.000303, 0.000189, 0.000173
2234, 0.000303, 0.000209, 0.000193
2235, 0.000302, 0.000208, 0.000190
2236, 0.000301, 0.000191, 0.000175
2237, 0.000302, 0.000225, 0.000207
2238, 0.000302, 0.000197, 0.000180
2239, 0.000301, 0.000205, 0.000188
2240, 0.000299, 0.000210, 0.000193
2241, 0.000298, 0.000191, 0.000175
2242, 0.000301, 0.000223, 0.000206
2243, 0.000302, 0.000183, 0.000168
2244, 0.000303, 0.000227, 0.000209
2245, 0.000302, 0.000185, 0.000170
2246, 0.000301, 0.000209, 0.000192
2247, 0.000300, 0.000215, 0.000197
2248, 0.000300, 0.000187, 0.000172
2249, 0.000303, 0.000222, 0.000204
2250, 0.000300, 0.000191, 0.000175
2251, 0.000299, 0.000205, 0.000189
2252, 0.000299, 0.000205, 0.000188
2253, 0.000297, 0.000195, 0.000179
2254, 0.000298, 0.000210, 0.000193
2255, 0.000298, 0.000200, 0.000184
2256, 0.000298, 0.000196, 0.000180
2257, 0.000300, 0.000216, 0.000198
2258, 0.000299, 0.000187, 0.000171
2259, 0.000300, 0.000225, 0.000208
2260, 0.000300, 0.000184, 0.000168
2261, 0.000300, 0.000220, 0.000203
2262, 0.000300, 0.000196, 0.000180
2263, 0.000297, 0.000197, 0.000181
2264, 0.000298, 0.000220, 0.000204
2265, 0.000299, 0.000181, 0.000166
2266, 0.000303, 0.000241, 0.000224
2267, 0.000304, 0.000181, 0.000167
2268, 0.000302, 0.000216, 0.000199
2269, 0.000298, 0.000208, 0.000191
2270, 0.000295, 0.000184, 0.000169
2271, 0.000298, 0.000232, 0.000214
2272, 0.000300, 0.000184, 0.000169
2273, 0.000300, 0.000215, 0.000199
2274, 0.000299, 0.000198, 0.000181
2275, 0.000295, 0.000202, 0.000186
2276, 0.000296, 0.000205, 0.000188
2277, 0.000297, 0.000200, 0.000184
2278, 0.000296, 0.000194, 0.000179
2279, 0.000295, 0.000218, 0.000200
2280, 0.000297, 0.000186, 0.000171
2281, 0.000297, 0.000212, 0.000196
2282, 0.000296, 0.000194, 0.000178
2283, 0.000295, 0.000202, 0.000187
2284, 0.000295, 0.000204, 0.000189
2285, 0.000294, 0.000189, 0.000174
2286, 0.000296, 0.000221, 0.000205
2287, 0.000296, 0.000189, 0.000173
2288, 0.000294, 0.000205, 0.000189
2289, 0.000296, 0.000197, 0.000182
2290, 0.000296, 0.000201, 0.000185
2291, 0.000293, 0.000200, 0.000184
2292, 0.000294, 0.000209, 0.000193
2293, 0.000294, 0.000184, 0.000168
2294, 0.000295, 0.000227, 0.000209
2295, 0.000298, 0.000187, 0.000172
2296, 0.000298, 0.000215, 0.000199
2297, 0.000294, 0.000199, 0.000182
2298, 0.000293, 0.000195, 0.000180
2299, 0.000293, 0.000216, 0.000199
2300, 0.000296, 0.000193, 0.000176
2301, 0.000294, 0.000203, 0.000187
2302, 0.000293, 0.000202, 0.000185
2303, 0.000294, 0.000202, 0.000185
2304, 0.000294, 0.000192, 0.000177
2305, 0.000295, 0.000220, 0.000202
2306, 0.000294, 0.000191, 0.000175
2307, 0.000292, 0.000208, 0.000192
2308, 0.000296, 0.000201, 0.000185
2309, 0.000293, 0.000202, 0.000185
2310, 0.000293, 0.000203, 0.000187
2311, 0.000292, 0.000196, 0.000179
2312, 0.000288, 0.000212, 0.000196
2313, 0.000294, 0.000183, 0.000168
2314, 0.000293, 0.000223, 0.000206
2315, 0.000293, 0.000179, 0.000163
2316, 0.000294, 0.000226, 0.000209
2317, 0.000294, 0.000183, 0.000168
2318, 0.000292, 0.000213, 0.000195
2319, 0.000291, 0.000200, 0.000182
2320, 0.000289, 0.000196, 0.000178
2321, 0.000290, 0.000218, 0.000199
2322, 0.000292, 0.000183, 0.000166
2323, 0.000292, 0.000215, 0.000196
2324, 0.000290, 0.000193, 0.000176
2325, 0.000289, 0.000199, 0.000182
2326, 0.000289, 0.000208, 0.000191
2327, 0.000290, 0.000181, 0.000165
2328, 0.000289, 0.000235, 0.000218
2329, 0.000292, 0.000173, 0.000158
2330, 0.000297, 0.000254, 0.000241
2331, 0.000320, 0.000223, 0.000203
2332, 0.000311, 0.000196, 0.000179
2333, 0.000293, 0.000250, 0.000235
2334, 0.000310, 0.000197, 0.000177
2335, 0.000308, 0.000245, 0.000225
2336, 0.000295, 0.000201, 0.000186
2337, 0.000300, 0.000204, 0.000185
2338, 0.000299, 0.000231, 0.000212
2339, 0.000293, 0.000174, 0.000160
2340, 0.000301, 0.000283, 0.000264
2341, 0.000312, 0.000166, 0.000152
2342, 0.000302, 0.000247, 0.000231
2343, 0.000298, 0.000188, 0.000172
2344, 0.000291, 0.000185, 0.000169
2345, 0.000287, 0.000231, 0.000215
2346, 0.000294, 0.000170, 0.000154
2347, 0.000298, 0.000239, 0.000220
2348, 0.000294, 0.000178, 0.000162
2349, 0.000290, 0.000195, 0.000178
2350, 0.000286, 0.000216, 0.000198
2351, 0.000290, 0.000171, 0.000157
2352, 0.000295, 0.000228, 0.000209
2353, 0.000291, 0.000178, 0.000162
2354, 0.000289, 0.000197, 0.000180
2355, 0.000286, 0.000208, 0.000191
2356, 0.000286, 0.000173, 0.000157
2357, 0.000292, 0.000234, 0.000217
2358, 0.000294, 0.000170, 0.000154
2359, 0.000291, 0.000210, 0.000193
2360, 0.000287, 0.000194, 0.000177
2361, 0.000286, 0.000181, 0.000165
2362, 0.000286, 0.000214, 0.000195
2363, 0.000287, 0.000179, 0.000163
2364, 0.000287, 0.000204, 0.000185
2365, 0.000286, 0.000194, 0.000175
2366, 0.000285, 0.000184, 0.000168
2367, 0.000288, 0.000214, 0.000195
2368, 0.000285, 0.000182, 0.000165
2369, 0.000287, 0.000199, 0.000182
2370, 0.000287, 0.000198, 0.000181
2371, 0.000285, 0.000187, 0.000170
2372, 0.000284, 0.000202, 0.000186
2373, 0.000288, 0.000192, 0.000175
2374, 0.000283, 0.000186, 0.000169
2375, 0.000284, 0.000206, 0.000189
2376, 0.000286, 0.000182, 0.000165
2377, 0.000283, 0.000207, 0.000187
2378, 0.000285, 0.000195, 0.000179
2379, 0.000287, 0.000182, 0.000165
2380, 0.000285, 0.000216, 0.000195
2381, 0.000289, 0.000193, 0.000176
2382, 0.000288, 0.000196, 0.000178
2383, 0.000283, 0.000205, 0.000186
2384, 0.000291, 0.000194, 0.000178
2385, 0.000286, 0.000189, 0.000172
2386, 0.000283, 0.000203, 0.000185
2387, 0.000288, 0.000197, 0.000181
2388, 0.000285, 0.000184, 0.000168
2389, 0.000286, 0.000214, 0.000195
2390, 0.000291, 0.000181, 0.000164
2391, 0.000284, 0.000205, 0.000187
2392, 0.000287, 0.000191, 0.000172
2393, 0.000285, 0.000201, 0.000183
2394, 0.000280, 0.000193, 0.000177
2395, 0.000285, 0.000190, 0.000172
2396, 0.000283, 0.000210, 0.000192
2397, 0.000282, 0.000177, 0.000160
2398, 0.000282, 0.000217, 0.000198
2399, 0.000282, 0.000188, 0.000170
2400, 0.000281, 0.000190, 0.000173
2401, 0.000278, 0.000203, 0.000186
2402, 0.000284, 0.000181, 0.000165
2403, 0.000285, 0.000210, 0.000193
2404, 0.000280, 0.000178, 0.000162
2405, 0.000282, 0.000203, 0.000186
2406, 0.000279, 0.000189, 0.000172
2407, 0.000279, 0.000187, 0.000170
2408, 0.000283, 0.000210, 0.000193
2409, 0.000281, 0.000188, 0.000170
2410, 0.000281, 0.000197, 0.000179
2411, 0.000282, 0.000196, 0.000179
2412, 0.000280, 0.000183, 0.000165
2413, 0.000280, 0.000211, 0.000193
2414, 0.000282, 0.000179, 0.000163
2415, 0.000280, 0.000204, 0.000186
2416, 0.000279, 0.000193, 0.000175
2417, 0.000280, 0.000179, 0.000162
2418, 0.000278, 0.000215, 0.000196
2419, 0.000282, 0.000183, 0.000165
2420, 0.000279, 0.000192, 0.000175
2421, 0.000279, 0.000204, 0.000186
2422, 0.000278, 0.000181, 0.000164
2423, 0.000278, 0.000217, 0.000198
2424, 0.000280, 0.000174, 0.000157
2425, 0.000280, 0.000211, 0.000191
2426, 0.000280, 0.000187, 0.000170
2427, 0.000276, 0.000185, 0.000167
2428, 0.000277, 0.000216, 0.000196
2429, 0.000279, 0.000172, 0.000156
2430, 0.000280, 0.000209, 0.000190
2431, 0.000276, 0.000193, 0.000175
2432, 0.000277, 0.000184, 0.000168
2433, 0.000276, 0.000209, 0.000192
2434, 0.000278, 0.000185, 0.000168
2435, 0.000277, 0.000199, 0.000181
2436, 0.000276, 0.000192, 0.000175
2437, 0.000277, 0.000191, 0.000172
2438, 0.000277, 0.000198, 0.000180
2439, 0.000276, 0.000182, 0.000165
2440, 0.000276, 0.000207, 0.000188
2441, 0.000275, 0.000179, 0.000161
2442, 0.000277, 0.000208, 0.000190
2443, 0.000275, 0.000178, 0.000162
2444, 0.000274, 0.000210, 0.000192
2445, 0.000276, 0.000181, 0.000166
2446, 0.000275, 0.000201, 0.000184
2447, 0.000274, 0.000196, 0.000179
2448, 0.000272, 0.000184, 0.000169
2449, 0.000274, 0.000208, 0.000192
2450, 0.000276, 0.000174, 0.000158
2451, 0.000278, 0.000223, 0.000205
2452, 0.000277, 0.000168, 0.000152
2453, 0.000278, 0.000214, 0.000195
2454, 0.000274, 0.000175, 0.000158
2455, 0.000275, 0.000201, 0.000183
2456, 0.000273, 0.000198, 0.000180
2457, 0.000272, 0.000172, 0.000155
2458, 0.000274, 0.000226, 0.000208
2459, 0.000277, 0.000164, 0.000148
2460, 0.000280, 0.000234, 0.000215
2461, 0.000278, 0.000172, 0.000157
2462, 0.000278, 0.000212, 0.000193
2463, 0.000273, 0.000192, 0.000174
2464, 0.000272, 0.000175, 0.000159
2465, 0.000273, 0.000216, 0.000196
2466, 0.000273, 0.000179, 0.000161
2467, 0.000272, 0.000196, 0.000178
2468, 0.000273, 0.000206, 0.000187
2469, 0.000274, 0.000167, 0.000150
2470, 0.000277, 0.000234, 0.000215
2471, 0.000279, 0.000166, 0.000150
2472, 0.000275, 0.000215, 0.000196
2473, 0.000274, 0.000201, 0.000185
2474, 0.000281, 0.000185, 0.000167
2475, 0.000272, 0.000218, 0.000196
2476, 0.000277, 0.000185, 0.000170
2477, 0.000280, 0.000195, 0.000178
2478, 0.000271, 0.000212, 0.000194
2479, 0.000278, 0.000184, 0.000170
2480, 0.000277, 0.000201, 0.000186
2481, 0.000273, 0.000196, 0.000179
2482, 0.000277, 0.000195, 0.000180
2483, 0.000277, 0.000185, 0.000168
2484, 0.000270, 0.000204, 0.000184
2485, 0.000276, 0.000193, 0.000177
2486, 0.000279, 0.000195, 0.000177
2487, 0.000269, 0.000197, 0.000178
2488, 0.000278, 0.000204, 0.000188
2489, 0.000274, 0.000185, 0.000169
2490, 0.000269, 0.000202, 0.000184
2491, 0.000274, 0.000194, 0.000178
2492, 0.000273, 0.000189, 0.000173
2493, 0.000268, 0.000210, 0.000191
2494, 0.000276, 0.000175, 0.000159
2495, 0.000271, 0.000204, 0.000187
2496, 0.000269, 0.000202, 0.000183
2497, 0.000274, 0.000167, 0.000152
2498, 0.000270, 0.000244, 0.000226
2499, 0.000278, 0.000160, 0.000145
2500, 0.000278, 0.000232, 0.000214
2501, 0.000272, 0.000166, 0.000151
2502, 0.000268, 0.000186, 0.000169
2503, 0.000266, 0.000211, 0.000192
2504, 0.000267, 0.000168, 0.000153
2505, 0.000271, 0.000223, 0.000204
2506, 0.000271, 0.000167, 0.000150
2507, 0.000271, 0.000214, 0.000196
2508, 0.000269, 0.000174, 0.000158
2509, 0.000268, 0.000195, 0.000177
2510, 0.000266, 0.000188, 0.000172
2511, 0.000268, 0.000177, 0.000161
2512, 0.000264, 0.000203, 0.000185
2513, 0.000267, 0.000176, 0.000160
2514, 0.000266, 0.000196, 0.000178
2515, 0.000265, 0.000188, 0.000169
2516, 0.000264, 0.000185, 0.000167
2517, 0.000263, 0.000182, 0.000166
2518, 0.000266, 0.000192, 0.000174
2519, 0.000265, 0.000191, 0.000173
2520, 0.000264, 0.000176, 0.000160
2521, 0.000265, 0.000211, 0.000192
2522, 0.000266, 0.000173, 0.000156
2523, 0.000265, 0.000197, 0.000179
2524, 0.000265, 0.000189, 0.000171
2525, 0.000260, 0.000179, 0.000161
2526, 0.000265, 0.000209, 0.000191
2527, 0.000266, 0.000165, 0.000149
2528, 0.000264, 0.000203, 0.000184
2529, 0.000263, 0.000182, 0.000166
2530, 0.000261, 0.000172, 0.000157
2531, 0.000260, 0.000211, 0.000193
2532, 0.000265, 0.000174, 0.000157
2533, 0.000264, 0.000187, 0.000170
2534, 0.000261, 0.000204, 0.000185
2535, 0.000264, 0.000167, 0.000150
2536, 0.000262, 0.000212, 0.000193
2537, 0.000262, 0.000171, 0.000154
2538, 0.000260, 0.000191, 0.000172
2539, 0.000259, 0.000188, 0.000171
2540, 0.000261, 0.000170, 0.000154
2541, 0.000262, 0.000222, 0.000204
2542, 0.000265, 0.000155, 0.000141
2543, 0.000270, 0.000238, 0.000220
2544, 0.000268, 0.000158, 0.000142
2545, 0.000267, 0.000220, 0.000201
2546, 0.000265, 0.000168, 0.000151
2547, 0.000260, 0.000187, 0.000168
2548, 0.000259, 0.000194, 0.000176
2549, 0.000258, 0.000173, 0.000156
2550, 0.000260, 0.000192, 0.000174
2551, 0.000258, 0.000184, 0.000167
2552, 0.000258, 0.000172, 0.000156
2553, 0.000261, 0.000210, 0.000193
2554, 0.000260, 0.000163, 0.000147
2555, 0.000259, 0.000216, 0.000197
2556, 0.000262, 0.000163, 0.000147
2557, 0.000261, 0.000207, 0.000188
2558, 0.000260, 0.000172, 0.000154
2559, 0.000257, 0.000195, 0.000176
2560, 0.000259, 0.000184, 0.000166
2561, 0.000255, 0.000180, 0.000163
2562, 0.000256, 0.000195, 0.000177
2563, 0.000257, 0.000168, 0.000152
2564, 0.000258, 0.000215, 0.000197
2565, 0.000260, 0.000164, 0.000149
2566, 0.000259, 0.000197, 0.000179
2567, 0.000255, 0.000186, 0.000168
2568, 0.000256, 0.000169, 0.000153
2569, 0.000256, 0.000202, 0.000184
2570, 0.000258, 0.000169, 0.000152
2571, 0.000258, 0.000193, 0.000175
2572, 0.000253, 0.000182, 0.000166
2573, 0.000256, 0.000184, 0.000167
2574, 0.000257, 0.000186, 0.000169
2575, 0.000255, 0.000181, 0.000165
2576, 0.000253, 0.000189, 0.000172
2577, 0.000254, 0.000174, 0.000158
2578, 0.000255, 0.000190, 0.000172
2579, 0.000253, 0.000186, 0.000169
2580, 0.000255, 0.000179, 0.000161
2581, 0.000254, 0.000199, 0.000181
2582, 0.000255, 0.000163, 0.000147
2583, 0.000257, 0.000219, 0.000200
2584, 0.000257, 0.000161, 0.000145
2585, 0.000256, 0.000201, 0.000184
2586, 0.000254, 0.000173, 0.000156
2587, 0.000252, 0.000183, 0.000167
2588, 0.000252, 0.000173, 0.000157
2589, 0.000254, 0.000193, 0.000176
2590, 0.000254, 0.000179, 0.000163
2591, 0.000250, 0.000184, 0.000168
2592, 0.000252, 0.000178, 0.000161
2593, 0.000252, 0.000198, 0.000179
2594, 0.000254, 0.000174, 0.000157
2595, 0.000252, 0.000183, 0.000166
2596, 0.000250, 0.000203, 0.000185
2597, 0.000252, 0.000157, 0.000141
2598, 0.000254, 0.000232, 0.000213
2599, 0.000258, 0.000150, 0.000135
2600, 0.000256, 0.000224, 0.000206
2601, 0.000255, 0.000168, 0.000153
2602, 0.000252, 0.000178, 0.000162
2603, 0.000250, 0.000204, 0.000187
2604, 0.000253, 0.000161, 0.000146
2605, 0.000252, 0.000204, 0.000186
2606, 0.000252, 0.000171, 0.000155
2607, 0.000249, 0.000174, 0.000158
2608, 0.000249, 0.000213, 0.000195
2609, 0.000250, 0.000151, 0.000136
2610, 0.000253, 0.000225, 0.000208
2611, 0.000253, 0.000161, 0.000146
2612, 0.000250, 0.000192, 0.000175
2613, 0.000250, 0.000187, 0.000171
2614, 0.000249, 0.000169, 0.000153
2615, 0.000249, 0.000213, 0.000194
2616, 0.000251, 0.000149, 0.000134
2617, 0.000255, 0.000240, 0.000222
2618, 0.000257, 0.000152, 0.000138
2619, 0.000254, 0.000196, 0.000181
2620, 0.000248, 0.000186, 0.000172
2621, 0.000247, 0.000158, 0.000144
2622, 0.000253, 0.000231, 0.000215
2623, 0.000253, 0.000148, 0.000134
2624, 0.000253, 0.000210, 0.000192
2625, 0.000249, 0.000188, 0.000171
2626, 0.000247, 0.000158, 0.000142
2627, 0.000248, 0.000223, 0.000203
2628, 0.000253, 0.000150, 0.000134
2629, 0.000252, 0.000217, 0.000200
2630, 0.000253, 0.000160, 0.000144
2631, 0.000250, 0.000197, 0.000180
2632, 0.000245, 0.000175, 0.000160
2633, 0.000245, 0.000172, 0.000157
2634, 0.000246, 0.000185, 0.000169
2635, 0.000245, 0.000176, 0.000161
2636, 0.000243, 0.000173, 0.000157
2637, 0.000244, 0.000185, 0.000170
2638, 0.000243, 0.000163, 0.000148
2639, 0.000245, 0.000191, 0.000175
2640, 0.000244, 0.000168, 0.000152
2641, 0.000243, 0.000181, 0.000164
2642, 0.000245, 0.000184, 0.000166
2643, 0.000243, 0.000162, 0.000146
2644, 0.000242, 0.000199, 0.000180
2645, 0.000244, 0.000167, 0.000149
2646, 0.000243, 0.000183, 0.000164
2647, 0.000240, 0.000188, 0.000170
2648, 0.000241, 0.000157, 0.000141
2649, 0.000244, 0.000219, 0.000201
2650, 0.000247, 0.000141, 0.000127
2651, 0.000252, 0.000250, 0.000233
2652, 0.000255, 0.000136, 0.000123
2653, 0.000256, 0.000225, 0.000208
2654, 0.000250, 0.000158, 0.000144
2655, 0.000243, 0.000176, 0.000160
2656, 0.000240, 0.000199, 0.000182
2657, 0.000242, 0.000151, 0.000135
2658, 0.000246, 0.000236, 0.000217
2659, 0.000251, 0.000141, 0.000127
2660, 0.000252, 0.000229, 0.000210
2661, 0.000247, 0.000157, 0.000142
2662, 0.000241, 0.000168, 0.000153
2663, 0.000239, 0.000198, 0.000181
2664, 0.000242, 0.000145, 0.000130
2665, 0.000245, 0.000223, 0.000206
2666, 0.000246, 0.000145, 0.000130
2667, 0.000244, 0.000198, 0.000182
2668, 0.000241, 0.000161, 0.000147
2669, 0.000240, 0.000168, 0.000153
2670, 0.000239, 0.000190, 0.000174
2671, 0.000240, 0.000155, 0.000141
2672, 0.000240, 0.000189, 0.000174
2673, 0.000240, 0.000165, 0.000150
2674, 0.000238, 0.000180, 0.000164
2675, 0.000239, 0.000167, 0.000152
2676, 0.000237, 0.000174, 0.000158
2677, 0.000238, 0.000189, 0.000173
2678, 0.000238, 0.000154, 0.000139
2679, 0.000239, 0.000205, 0.000188
2680, 0.000242, 0.000149, 0.000136
2681, 0.000241, 0.000203, 0.000187
2682, 0.000239, 0.000162, 0.000146
2683, 0.000238, 0.000184, 0.000168
2684, 0.000237, 0.000168, 0.000153
2685, 0.000234, 0.000173, 0.000157
2686, 0.000237, 0.000182, 0.000166
2687, 0.000237, 0.000153, 0.000138
2688, 0.000236, 0.000200, 0.000183
2689, 0.000237, 0.000153, 0.000139
2690, 0.000238, 0.000195, 0.000179
2691, 0.000238, 0.000160, 0.000145
2692, 0.000236, 0.000171, 0.000156
2693, 0.000235, 0.000189, 0.000174
2694, 0.000235, 0.000149, 0.000135
2695, 0.000238, 0.000215, 0.000199
2696, 0.000239, 0.000140, 0.000127
2697, 0.000242, 0.000210, 0.000193
2698, 0.000238, 0.000149, 0.000135
2699, 0.000235, 0.000180, 0.000166
2700, 0.000233, 0.000174, 0.000159
2701, 0.000234, 0.000166, 0.000152
2702, 0.000230, 0.000179, 0.000165
2703, 0.000234, 0.000161, 0.000146
2704, 0.000234, 0.000183, 0.000167
2705, 0.000232, 0.000170, 0.000155
2706, 0.000232, 0.000160, 0.000145
2707, 0.000231, 0.000193, 0.000177
2708, 0.000233, 0.000146, 0.000132
2709, 0.000234, 0.000204, 0.000188
2710, 0.000233, 0.000153, 0.000139
2711, 0.000233, 0.000185, 0.000170
2712, 0.000230, 0.000164, 0.000150
2713, 0.000229, 0.000165, 0.000152
2714, 0.000232, 0.000194, 0.000179
2715, 0.000230, 0.000142, 0.000128
2716, 0.000232, 0.000212, 0.000195
2717, 0.000234, 0.000142, 0.000129
2718, 0.000233, 0.000192, 0.000176
2719, 0.000231, 0.000158, 0.000145
2720, 0.000230, 0.000166, 0.000151
2721, 0.000230, 0.000194, 0.000177
2722, 0.000231, 0.000140, 0.000127
2723, 0.000234, 0.000225, 0.000208
2724, 0.000236, 0.000137, 0.000123
2725, 0.000237, 0.000211, 0.000197
2726, 0.000234, 0.000145, 0.000132
2727, 0.000229, 0.000175, 0.000161
2728, 0.000228, 0.000178, 0.000164
2729, 0.000227, 0.000152, 0.000138
2730, 0.000228, 0.000194, 0.000177
2731, 0.000231, 0.000155, 0.000142
2732, 0.000229, 0.000182, 0.000166
2733, 0.000226, 0.000168, 0.000152
2734, 0.000229, 0.000167, 0.000153
2735, 0.000228, 0.000170, 0.000155
2736, 0.000224, 0.000164, 0.000149
2737, 0.000229, 0.000174, 0.000159
2738, 0.000226, 0.000164, 0.000149
2739, 0.000224, 0.000164, 0.000148
2740, 0.000228, 0.000181, 0.000166
2741, 0.000226, 0.000151, 0.000137
2742, 0.000227, 0.000195, 0.000178
2743, 0.000228, 0.000140, 0.000127
2744, 0.000230, 0.000207, 0.000190
2745, 0.000228, 0.000148, 0.000134
2746, 0.000230, 0.000189, 0.000174
2747, 0.000228, 0.000163, 0.000149
2748, 0.000224, 0.000171, 0.000156
2749, 0.000229, 0.000187, 0.000174
2750, 0.000235, 0.000148, 0.000134
2751, 0.000222, 0.000210, 0.000193
2752, 0.000232, 0.000149, 0.000138
2753, 0.000232, 0.000175, 0.000160
2754, 0.000223, 0.000186, 0.000169
2755, 0.000231, 0.000164, 0.000153
2756, 0.000237, 0.000184, 0.000169
2757, 0.000223, 0.000176, 0.000158
2758, 0.000240, 0.000210, 0.000199
2759, 0.000260, 0.000172, 0.000157
2760, 0.000223, 0.000200, 0.000183
2761, 0.000255, 0.000227, 0.000217
2762, 0.000270, 0.000152, 0.000139
2763, 0.000222, 0.000254, 0.000232
2764, 0.000273, 0.000249, 0.000244
2765, 0.000325, 0.000195, 0.000180
2766, 0.000227, 0.000270, 0.000250
2767, 0.000320, 0.000286, 0.000280
2768, 0.000336, 0.000188, 0.000176
2769, 0.000239, 0.000304, 0.000287
2770, 0.000346, 0.000228, 0.000216
2771, 0.000254, 0.000192, 0.000184
2772, 0.000287, 0.000250, 0.000231
2773, 0.000269, 0.000195, 0.000178
2774, 0.000236, 0.000175, 0.000166
2775, 0.000270, 0.000192, 0.000179
2776, 0.000228, 0.000200, 0.000186
2777, 0.000277, 0.000194, 0.000186
2778, 0.000258, 0.000194, 0.000186
2779, 0.000253, 0.000207, 0.000190
2780, 0.000256, 0.000203, 0.000186
2781, 0.000244, 0.000179, 0.000170
2782, 0.000253, 0.000151, 0.000141
2783, 0.000232, 0.000210, 0.000196
2784, 0.000244, 0.000159, 0.000147
2785, 0.000223, 0.000163, 0.000153
2786, 0.000244, 0.000163, 0.000150
2787, 0.000221, 0.000185, 0.000168
2788, 0.000242, 0.000164, 0.000150
2789, 0.000219, 0.000167, 0.000156
2790, 0.000233, 0.000155, 0.000141
2791, 0.000220, 0.000181, 0.000165
2792, 0.000228, 0.000154, 0.000141
2793, 0.000216, 0.000147, 0.000135
2794, 0.000226, 0.000158, 0.000146
2795, 0.000218, 0.000171, 0.000159
2796, 0.000224, 0.000145, 0.000134
2797, 0.000216, 0.000149, 0.000138
2798, 0.000221, 0.000160, 0.000147
2799, 0.000213, 0.000152, 0.000138
2800, 0.000220, 0.000159, 0.000145
2801, 0.000216, 0.000151, 0.000139
2802, 0.000219, 0.000132, 0.000120
2803, 0.000215, 0.000186, 0.000170
2804, 0.000219, 0.000136, 0.000123
2805, 0.000214, 0.000145, 0.000133
2806, 0.000216, 0.000178, 0.000164
2807, 0.000215, 0.000130, 0.000118
2808, 0.000218, 0.000170, 0.000157
2809, 0.000214, 0.000140, 0.000128
2810, 0.000212, 0.000136, 0.000123
2811, 0.000211, 0.000170, 0.000155
2812, 0.000211, 0.000141, 0.000128
2813, 0.000211, 0.000144, 0.000132
2814, 0.000212, 0.000167, 0.000153
2815, 0.000211, 0.000133, 0.000121
2816, 0.000213, 0.000169, 0.000155
2817, 0.000212, 0.000141, 0.000129
2818, 0.000212, 0.000151, 0.000138
2819, 0.000208, 0.000159, 0.000145
2820, 0.000209, 0.000143, 0.000131
2821, 0.000209, 0.000145, 0.000132
2822, 0.000209, 0.000159, 0.000145
2823, 0.000208, 0.000140, 0.000127
2824, 0.000210, 0.000160, 0.000147
2825, 0.000209, 0.000137, 0.000126
2826, 0.000209, 0.000151, 0.000139
2827, 0.000207, 0.000160, 0.000147
2828, 0.000208, 0.000131, 0.000120
2829, 0.000208, 0.000175, 0.000162
2830, 0.000208, 0.000129, 0.000117
2831, 0.000209, 0.000164, 0.000151
2832, 0.000206, 0.000142, 0.000130
2833, 0.000206, 0.000144, 0.000131
2834, 0.000204, 0.000164, 0.000150
2835, 0.000208, 0.000141, 0.000128
2836, 0.000206, 0.000145, 0.000132
2837, 0.000205, 0.000164, 0.000150
2838, 0.000205, 0.000144, 0.000130
2839, 0.000204, 0.000148, 0.000134
2840, 0.000206, 0.000173, 0.000158
2841, 0.000206, 0.000119, 0.000107
2842, 0.000209, 0.000213, 0.000197
2843, 0.000212, 0.000114, 0.000104
2844, 0.000211, 0.000161, 0.000149
2845, 0.000204, 0.000170, 0.000157
2846, 0.000205, 0.000121, 0.000110
2847, 0.000208, 0.000191, 0.000178
2848, 0.000206, 0.000131, 0.000119
2849, 0.000203, 0.000163, 0.000150
2850, 0.000204, 0.000155, 0.000143
2851, 0.000200, 0.000130, 0.000118
2852, 0.000205, 0.000171, 0.000157
2853, 0.000203, 0.000137, 0.000125
2854, 0.000203, 0.000153, 0.000141
2855, 0.000202, 0.000147, 0.000136
2856, 0.000198, 0.000141, 0.000129
2857, 0.000200, 0.000160, 0.000147
2858, 0.000200, 0.000147, 0.000135
2859, 0.000199, 0.000138, 0.000127
2860, 0.000201, 0.000162, 0.000149
2861, 0.000201, 0.000128, 0.000117
2862, 0.000200, 0.000176, 0.000163
2863, 0.000203, 0.000130, 0.000119
2864, 0.000201, 0.000159, 0.000146
2865, 0.000199, 0.000148, 0.000136
2866, 0.000200, 0.000144, 0.000133
2867, 0.000198, 0.000155, 0.000143
2868, 0.000197, 0.000142, 0.000130
2869, 0.000199, 0.000151, 0.000139
2870, 0.000197, 0.000150, 0.000138
2871, 0.000198, 0.000133, 0.000122
2872, 0.000198, 0.000173, 0.000160
2873, 0.000200, 0.000124, 0.000113
2874, 0.000198, 0.000169, 0.000156
2875, 0.000197, 0.000145, 0.000133
2876, 0.000197, 0.000135, 0.000124
2877, 0.000195, 0.000167, 0.000154
2878, 0.000198, 0.000129, 0.000118
2879, 0.000195, 0.000161, 0.000149
2880, 0.000197, 0.000138, 0.000126
2881, 0.000196, 0.000151, 0.000139
2882, 0.000195, 0.000147, 0.000134
2883, 0.000197, 0.000142, 0.000130
2884, 0.000195, 0.000147, 0.000134
2885, 0.000195, 0.000148, 0.000136
2886, 0.000194, 0.000147, 0.000135
2887, 0.000193, 0.000142, 0.000131
2888, 0.000195, 0.000165, 0.000154
2889, 0.000193, 0.000126, 0.000115
2890, 0.000194, 0.000174, 0.000162
2891, 0.000195, 0.000125, 0.000115
2892, 0.000194, 0.000170, 0.000158
2893, 0.000194, 0.000133, 0.000122
2894, 0.000193, 0.000155, 0.000143
2895, 0.000191, 0.000142, 0.000130
2896, 0.000192, 0.000147, 0.000135
2897, 0.000192, 0.000153, 0.000141
2898, 0.000192, 0.000132, 0.000121
2899, 0.000193, 0.000170, 0.000157
2900, 0.000195, 0.000123, 0.000112
2901, 0.000192, 0.000180, 0.000165
2902, 0.000194, 0.000122, 0.000111
2903, 0.000196, 0.000194, 0.000180
2904, 0.000197, 0.000115, 0.000105
2905, 0.000196, 0.000179, 0.000167
2906, 0.000192, 0.000138, 0.000127
2907, 0.000189, 0.000130, 0.000120
2908, 0.000193, 0.000199, 0.000186
2909, 0.000197, 0.000101, 0.000092
2910, 0.000206, 0.000246, 0.000231
2911, 0.000210, 0.000099, 0.000090
2912, 0.000207, 0.000222, 0.000206
2913, 0.000201, 0.000119, 0.000108
2914, 0.000191, 0.000143, 0.000131
2915, 0.000187, 0.000184, 0.000170
2916, 0.000194, 0.000100, 0.000092
2917, 0.000202, 0.000245, 0.000232
2918, 0.000210, 0.000099, 0.000091
2919, 0.000207, 0.000199, 0.000188
2920, 0.000196, 0.000137, 0.000128
2921, 0.000188, 0.000108, 0.000099
2922, 0.000192, 0.000240, 0.000225
2923, 0.000207, 0.000096, 0.000088
2924, 0.000208, 0.000203, 0.000189
2925, 0.000196, 0.000136, 0.000124
2926, 0.000188, 0.000114, 0.000104
2927, 0.000190, 0.000202, 0.000188
2928, 0.000196, 0.000101, 0.000092
2929, 0.000197, 0.000190, 0.000177
2930, 0.000193, 0.000130, 0.000120
2931, 0.000187, 0.000119, 0.000109
2932, 0.000188, 0.000187, 0.000174
2933, 0.000191, 0.000106, 0.000097
2934, 0.000193, 0.000155, 0.000143
2935, 0.000186, 0.000151, 0.000139
2936, 0.000183, 0.000107, 0.000097
2937, 0.000191, 0.000193, 0.000179
2938, 0.000193, 0.000107, 0.000097
2939, 0.000190, 0.000156, 0.000144
2940, 0.000185, 0.000144, 0.000132
2941, 0.000183, 0.000109, 0.000100
2942, 0.000188, 0.000185, 0.000173
2943, 0.000190, 0.000105, 0.000096
2944, 0.000190, 0.000161, 0.000149
2945, 0.000182, 0.000140, 0.000129
2946, 0.000182, 0.000108, 0.000099
2947, 0.000186, 0.000179, 0.000165
2948, 0.000188, 0.000108, 0.000098
2949, 0.000186, 0.000152, 0.000139
2950, 0.000184, 0.000147, 0.000134
2951, 0.000183, 0.000117, 0.000105
2952, 0.000181, 0.000154, 0.000142
2953, 0.000181, 0.000128, 0.000117
2954, 0.000182, 0.000124, 0.000113
2955, 0.000182, 0.000160, 0.000147
2956, 0.000183, 0.000112, 0.000103
2957, 0.000183, 0.000150, 0.000138
2958, 0.000181, 0.000142, 0.000131
2959, 0.000180, 0.000113, 0.000104
2960, 0.000182, 0.000180, 0.000169
2961, 0.000185, 0.000105, 0.000097
2962, 0.000185, 0.000155, 0.000144
2963, 0.000180, 0.000134, 0.000124
2964, 0.000178, 0.000120, 0.000110
2965, 0.000180, 0.000166, 0.000154
2966, 0.000182, 0.000111, 0.000101
2967, 0.000180, 0.000153, 0.000141
2968, 0.000178, 0.000138, 0.000127
2969, 0.000179, 0.000116, 0.000107
2970, 0.000178, 0.000166, 0.000155
2971, 0.000181, 0.000116, 0.000107
2972, 0.000179, 0.000152, 0.000142
2973, 0.000179, 0.000121, 0.000112
2974, 0.000180, 0.000141, 0.000132
2975, 0.000179, 0.000136, 0.000127
2976, 0.000175, 0.000131, 0.000121
2977, 0.000178, 0.000150, 0.000140
2978, 0.000177, 0.000119, 0.000110
2979, 0.000179, 0.000152, 0.000141
2980, 0.000178, 0.000115, 0.000106
2981, 0.000178, 0.000153, 0.000142
2982, 0.000178, 0.000125, 0.000115
2983, 0.000176, 0.000145, 0.000135
2984, 0.000176, 0.000122, 0.000113
2985, 0.000177, 0.000131, 0.000121
2986, 0.000174, 0.000149, 0.000138
2987, 0.000177, 0.000110, 0.000102
2988, 0.000179, 0.000178, 0.000167
2989, 0.000178, 0.000109, 0.000100
2990, 0.000180, 0.000152, 0.000143
2991, 0.000175, 0.000143, 0.000135
2992, 0.000174, 0.000106, 0.000098
2993, 0.000177, 0.000189, 0.000178
2994, 0.000182, 0.000094, 0.000087
2995, 0.000182, 0.000176, 0.000165
2996, 0.000179, 0.000119, 0.000110
2997, 0.000173, 0.000115, 0.000107
2998, 0.000173, 0.000198, 0.000186
2999, 0.000181, 0.000094, 0.000086
3000, 0.000182, 0.000184, 0.000173
3001, 0.000179, 0.000118, 0.000110
3002, 0.000171, 0.000117, 0.000108
3003, 0.000173, 0.000186, 0.000176
3004, 0.000179, 0.000091, 0.000084
3005, 0.000182, 0.000180, 0.000170
3006, 0.000179, 0.000120, 0.000111
3007, 0.000173, 0.000111, 0.000102
3008, 0.000173, 0.000189, 0.000178
3009, 0.000180, 0.000092, 0.000085
3010, 0.000182, 0.000169, 0.000158
3011, 0.000173, 0.000129, 0.000119
3012, 0.000169, 0.000117, 0.000109
3013, 0.000171, 0.000160, 0.000150
3014, 0.000172, 0.000109, 0.000101
3015, 0.000171, 0.000146, 0.000137
3016, 0.000170, 0.000136, 0.000127
3017, 0.000170, 0.000111, 0.000103
3018, 0.000170, 0.000161, 0.000151
3019, 0.000171, 0.000107, 0.000099
3020, 0.000172, 0.000144, 0.000135
3021, 0.000169, 0.000124, 0.000116
3022, 0.000168, 0.000123, 0.000115
3023, 0.000168, 0.000152, 0.000142
3024, 0.000170, 0.000105, 0.000097
3025, 0.000169, 0.000156, 0.000146
3026, 0.000168, 0.000124, 0.000115
3027, 0.000167, 0.000117, 0.000108
3028, 0.000168, 0.000158, 0.000149
3029, 0.000169, 0.000110, 0.000102
3030, 0.000168, 0.000144, 0.000135
3031, 0.000167, 0.000117, 0.000108
3032, 0.000167, 0.000130, 0.000120
3033, 0.000165, 0.000125, 0.000115
3034, 0.000166, 0.000145, 0.000134
3035, 0.000166, 0.000117, 0.000107
3036, 0.000165, 0.000147, 0.000137
3037, 0.000168, 0.000117, 0.000108
3038, 0.000165, 0.000156, 0.000146
3039, 0.000167, 0.000110, 0.000103
3040, 0.000168, 0.000143, 0.000135
3041, 0.000167, 0.000118, 0.000111
3042, 0.000163, 0.000129, 0.000121
3043, 0.000164, 0.000142, 0.000133
3044, 0.000164, 0.000104, 0.000097
3045, 0.000166, 0.000170, 0.000160
3046, 0.000170, 0.000104, 0.000097
3047, 0.000167, 0.000143, 0.000133
3048, 0.000165, 0.000135, 0.000125
3049, 0.000162, 0.000116, 0.000107
3050, 0.000165, 0.000164, 0.000153
3051, 0.000166, 0.000109, 0.000100
3052, 0.000166, 0.000150, 0.000140
3053, 0.000163, 0.000130, 0.000121
3054, 0.000163, 0.000108, 0.000100
3055, 0.000166, 0.000164, 0.000154
3056, 0.000166, 0.000097, 0.000090
3057, 0.000166, 0.000171, 0.000161
3058, 0.000168, 0.000099, 0.000092
3059, 0.000166, 0.000154, 0.000145
3060, 0.000164, 0.000115, 0.000107
3061, 0.000162, 0.000138, 0.000130
3062, 0.000162, 0.000122, 0.000115
3063, 0.000161, 0.000137, 0.000129
3064, 0.000162, 0.000118, 0.000112
3065, 0.000162, 0.000167, 0.000157
3066, 0.000164, 0.000096, 0.000090
3067, 0.000168, 0.000187, 0.000177
3068, 0.000166, 0.000106, 0.000099
3069, 0.000162, 0.000127, 0.000118
3070, 0.000159, 0.000144, 0.000135
3071, 0.000161, 0.000105, 0.000097
3072, 0.000162, 0.000155, 0.000146
3073, 0.000162, 0.000098, 0.000091
3074, 0.000164, 0.000170, 0.000161
3075, 0.000164, 0.000098, 0.000092
3076, 0.000163, 0.000157, 0.000149
3077, 0.000161, 0.000123, 0.000115
3078, 0.000158, 0.000113, 0.000105
3079, 0.000158, 0.000158, 0.000149
3080, 0.000160, 0.000106, 0.000099
3081, 0.000160, 0.000138, 0.000129
3082, 0.000158, 0.000125, 0.000117
3083, 0.000158, 0.000118, 0.000110
3084, 0.000157, 0.000147, 0.000138
3085, 0.000158, 0.000099, 0.000092
3086, 0.000162, 0.000185, 0.000175
3087, 0.000165, 0.000084, 0.000077
3088, 0.000170, 0.000205, 0.000195
3089, 0.000169, 0.000086, 0.000080
3090, 0.000165, 0.000170, 0.000162
3091, 0.000163, 0.000112, 0.000105
3092, 0.000158, 0.000117, 0.000111
3093, 0.000158, 0.000158, 0.000150
3094, 0.000160, 0.000094, 0.000088
3095, 0.000161, 0.000168, 0.000159
3096, 0.000162, 0.000096, 0.000089
3097, 0.000158, 0.000140, 0.000131
3098, 0.000156, 0.000127, 0.000119
3099, 0.000153, 0.000120, 0.000112
3100, 0.000155, 0.000139, 0.000131
3101, 0.000154, 0.000109, 0.000102
3102, 0.000153, 0.000131, 0.000124
3103, 0.000154, 0.000117, 0.000110
3104, 0.000155, 0.000130, 0.000122
3105, 0.000154, 0.000117, 0.000109
3106, 0.000154, 0.000125, 0.000117
3107, 0.000153, 0.000113, 0.000106
3108, 0.000155, 0.000143, 0.000135
3109, 0.000154, 0.000106, 0.000099
3110, 0.000155, 0.000133, 0.000126
3111, 0.000153, 0.000129, 0.000122
3112, 0.000152, 0.000105, 0.000098
3113, 0.000155, 0.000153, 0.000144
3114, 0.000155, 0.000102, 0.000095
3115, 0.000154, 0.000142, 0.000134
3116, 0.000152, 0.000123, 0.000115
3117, 0.000153, 0.000116, 0.000108
3118, 0.000153, 0.000149, 0.000140
3119, 0.000154, 0.000094, 0.000087
3120, 0.000159, 0.000200, 0.000188
3121, 0.000164, 0.000076, 0.000070
3122, 0.000174, 0.000249, 0.000238
3123, 0.000180, nan, nan
