Epoch, Train Loss, Valid Loss, Test Loss
1, 0.496169, 0.542078, 0.543722
2, 0.428283, 0.475904, 0.478210
3, 0.376120, 0.417829, 0.420958
4, 0.336824, 0.369590, 0.373254
5, 0.306923, 0.331168, 0.335384
6, 0.283366, 0.306493, 0.310791
7, 0.267106, 0.286190, 0.290492
8, 0.252355, 0.268487, 0.272688
9, 0.238070, 0.251007, 0.254842
10, 0.223065, 0.233927, 0.237417
11, 0.207916, 0.217431, 0.220577
12, 0.192787, 0.201537, 0.204299
13, 0.177877, 0.186886, 0.189296
14, 0.163955, 0.173028, 0.175156
15, 0.150983, 0.159591, 0.161489
16, 0.138686, 0.146724, 0.148428
17, 0.127095, 0.134301, 0.135837
18, 0.116064, 0.122124, 0.123515
19, 0.105417, 0.110187, 0.111464
20, 0.095125, 0.098644, 0.099832
21, 0.085285, 0.087705, 0.088819
22, 0.076016, 0.077575, 0.078620
23, 0.067416, 0.068420, 0.069393
24, 0.059595, 0.060275, 0.061171
25, 0.052604, 0.053076, 0.053894
26, 0.046411, 0.046749, 0.047499
27, 0.040944, 0.041226, 0.041916
28, 0.036145, 0.036441, 0.037079
29, 0.031958, 0.032274, 0.032863
30, 0.028299, 0.028570, 0.029117
31, 0.025100, 0.025271, 0.025780
32, 0.022237, 0.022371, 0.022844
33, 0.019767, 0.019874, 0.020314
34, 0.017608, 0.017736, 0.018147
35, 0.015760, 0.015917, 0.016301
36, 0.014192, 0.014368, 0.014731
37, 0.012855, 0.013057, 0.013402
38, 0.011732, 0.011940, 0.012272
39, 0.010769, 0.010978, 0.011298
40, 0.009932, 0.010134, 0.010441
41, 0.009189, 0.009368, 0.009665
42, 0.008542, 0.008651, 0.008939
43, 0.007936, 0.008010, 0.008287
44, 0.007400, 0.007438, 0.007703
45, 0.006917, 0.006926, 0.007181
46, 0.006481, 0.006466, 0.006711
47, 0.006105, 0.006048, 0.006286
48, 0.005764, 0.005678, 0.005909
49, 0.005468, 0.005358, 0.005584
50, 0.005209, 0.005089, 0.005308
51, 0.004985, 0.004860, 0.005072
52, 0.004779, 0.004654, 0.004858
53, 0.004591, 0.004466, 0.004662
54, 0.004429, 0.004292, 0.004481
55, 0.004282, 0.004139, 0.004321
56, 0.004146, 0.004005, 0.004182
57, 0.004028, 0.003883, 0.004055
58, 0.003924, 0.003778, 0.003945
59, 0.003836, 0.003690, 0.003852
60, 0.003765, 0.003617, 0.003775
61, 0.003696, 0.003550, 0.003703
62, 0.003632, 0.003482, 0.003631
63, 0.003583, 0.003418, 0.003563
64, 0.003536, 0.003356, 0.003496
65, 0.003489, 0.003307, 0.003442
66, 0.003441, 0.003262, 0.003393
67, 0.003392, 0.003224, 0.003352
68, 0.003370, 0.003179, 0.003303
69, 0.003331, 0.003138, 0.003259
70, 0.003310, 0.003106, 0.003223
71, 0.003274, 0.003085, 0.003199
72, 0.003247, 0.003061, 0.003172
73, 0.003230, 0.003036, 0.003144
74, 0.003208, 0.003011, 0.003116
75, 0.003191, 0.002988, 0.003090
76, 0.003167, 0.002969, 0.003069
77, 0.003157, 0.002955, 0.003052
78, 0.003142, 0.002946, 0.003040
79, 0.003127, 0.002932, 0.003023
80, 0.003110, 0.002915, 0.003004
81, 0.003100, 0.002898, 0.002985
82, 0.003090, 0.002883, 0.002968
83, 0.003081, 0.002877, 0.002960
84, 0.003067, 0.002878, 0.002957
85, 0.003065, 0.002868, 0.002944
86, 0.003050, 0.002857, 0.002930
87, 0.003042, 0.002844, 0.002916
88, 0.003035, 0.002834, 0.002904
89, 0.003027, 0.002828, 0.002897
90, 0.003025, 0.002820, 0.002887
91, 0.003010, 0.002812, 0.002876
92, 0.003010, 0.002809, 0.002871
93, 0.003010, 0.002809, 0.002868
94, 0.002997, 0.002804, 0.002861
95, 0.002990, 0.002797, 0.002851
96, 0.002978, 0.002789, 0.002843
97, 0.002980, 0.002781, 0.002833
98, 0.002974, 0.002776, 0.002826
99, 0.002964, 0.002779, 0.002826
100, 0.002965, 0.002780, 0.002827
101, 0.002960, 0.002777, 0.002822
102, 0.002948, 0.002768, 0.002812
103, 0.002949, 0.002758, 0.002802
104, 0.002947, 0.002756, 0.002797
105, 0.002939, 0.002759, 0.002798
106, 0.002934, 0.002762, 0.002799
107, 0.002935, 0.002757, 0.002793
108, 0.002924, 0.002749, 0.002784
109, 0.002919, 0.002741, 0.002775
110, 0.002920, 0.002742, 0.002774
111, 0.002917, 0.002745, 0.002776
112, 0.002918, 0.002740, 0.002770
113, 0.002909, 0.002735, 0.002764
114, 0.002906, 0.002730, 0.002759
115, 0.002910, 0.002730, 0.002758
116, 0.002891, 0.002729, 0.002756
117, 0.002891, 0.002725, 0.002751
118, 0.002887, 0.002722, 0.002746
119, 0.002887, 0.002722, 0.002746
120, 0.002886, 0.002722, 0.002745
121, 0.002879, 0.002720, 0.002742
122, 0.002880, 0.002717, 0.002738
123, 0.002878, 0.002715, 0.002734
124, 0.002874, 0.002712, 0.002731
125, 0.002872, 0.002714, 0.002731
126, 0.002867, 0.002712, 0.002728
127, 0.002864, 0.002701, 0.002718
128, 0.002865, 0.002699, 0.002715
129, 0.002863, 0.002701, 0.002716
130, 0.002857, 0.002707, 0.002720
131, 0.002856, 0.002705, 0.002717
132, 0.002847, 0.002700, 0.002711
133, 0.002843, 0.002694, 0.002706
134, 0.002841, 0.002693, 0.002704
135, 0.002835, 0.002693, 0.002703
136, 0.002838, 0.002692, 0.002701
137, 0.002838, 0.002694, 0.002701
138, 0.002830, 0.002691, 0.002698
139, 0.002828, 0.002690, 0.002697
140, 0.002822, 0.002684, 0.002690
141, 0.002818, 0.002682, 0.002688
142, 0.002814, 0.002682, 0.002687
143, 0.002811, 0.002683, 0.002688
144, 0.002812, 0.002683, 0.002688
145, 0.002807, 0.002685, 0.002688
146, 0.002802, 0.002681, 0.002683
147, 0.002804, 0.002677, 0.002679
148, 0.002795, 0.002672, 0.002675
149, 0.002805, 0.002670, 0.002672
150, 0.002795, 0.002669, 0.002671
151, 0.002789, 0.002672, 0.002672
152, 0.002791, 0.002670, 0.002670
153, 0.002781, 0.002670, 0.002669
154, 0.002789, 0.002667, 0.002666
155, 0.002782, 0.002666, 0.002665
156, 0.002778, 0.002665, 0.002664
157, 0.002776, 0.002666, 0.002664
158, 0.002772, 0.002665, 0.002661
159, 0.002771, 0.002666, 0.002662
160, 0.002769, 0.002661, 0.002656
161, 0.002767, 0.002661, 0.002657
162, 0.002757, 0.002658, 0.002653
163, 0.002764, 0.002656, 0.002650
164, 0.002758, 0.002654, 0.002648
165, 0.002753, 0.002655, 0.002648
166, 0.002755, 0.002656, 0.002648
167, 0.002746, 0.002657, 0.002649
168, 0.002748, 0.002654, 0.002647
169, 0.002742, 0.002652, 0.002644
170, 0.002749, 0.002650, 0.002641
171, 0.002743, 0.002649, 0.002640
172, 0.002739, 0.002646, 0.002637
173, 0.002733, 0.002645, 0.002636
174, 0.002735, 0.002645, 0.002636
175, 0.002731, 0.002644, 0.002634
176, 0.002730, 0.002644, 0.002634
177, 0.002722, 0.002643, 0.002632
178, 0.002725, 0.002642, 0.002631
179, 0.002720, 0.002642, 0.002631
180, 0.002716, 0.002640, 0.002629
181, 0.002718, 0.002639, 0.002628
182, 0.002711, 0.002637, 0.002626
183, 0.002710, 0.002634, 0.002622
184, 0.002708, 0.002633, 0.002620
185, 0.002705, 0.002634, 0.002620
186, 0.002704, 0.002636, 0.002622
187, 0.002704, 0.002633, 0.002620
188, 0.002697, 0.002633, 0.002619
189, 0.002698, 0.002630, 0.002615
190, 0.002698, 0.002632, 0.002617
191, 0.002692, 0.002630, 0.002615
192, 0.002690, 0.002626, 0.002612
193, 0.002685, 0.002623, 0.002609
194, 0.002683, 0.002621, 0.002606
195, 0.002682, 0.002622, 0.002606
196, 0.002682, 0.002621, 0.002606
197, 0.002683, 0.002622, 0.002606
198, 0.002678, 0.002619, 0.002603
199, 0.002670, 0.002617, 0.002600
200, 0.002671, 0.002615, 0.002598
201, 0.002665, 0.002615, 0.002599
202, 0.002665, 0.002617, 0.002601
203, 0.002666, 0.002617, 0.002600
204, 0.002659, 0.002613, 0.002596
205, 0.002665, 0.002611, 0.002592
206, 0.002660, 0.002609, 0.002590
207, 0.002656, 0.002607, 0.002589
208, 0.002654, 0.002607, 0.002590
209, 0.002653, 0.002606, 0.002588
210, 0.002645, 0.002606, 0.002587
211, 0.002649, 0.002604, 0.002584
212, 0.002648, 0.002605, 0.002585
213, 0.002645, 0.002603, 0.002584
214, 0.002637, 0.002601, 0.002582
215, 0.002642, 0.002598, 0.002580
216, 0.002638, 0.002597, 0.002578
217, 0.002636, 0.002596, 0.002576
218, 0.002636, 0.002597, 0.002577
219, 0.002630, 0.002594, 0.002574
220, 0.002629, 0.002593, 0.002573
221, 0.002628, 0.002590, 0.002571
222, 0.002628, 0.002589, 0.002569
223, 0.002624, 0.002588, 0.002568
224, 0.002622, 0.002588, 0.002567
225, 0.002617, 0.002587, 0.002566
226, 0.002614, 0.002585, 0.002565
227, 0.002614, 0.002583, 0.002563
228, 0.002616, 0.002581, 0.002560
229, 0.002608, 0.002581, 0.002559
230, 0.002607, 0.002581, 0.002558
231, 0.002606, 0.002579, 0.002557
232, 0.002603, 0.002576, 0.002555
233, 0.002601, 0.002576, 0.002554
234, 0.002599, 0.002576, 0.002553
235, 0.002599, 0.002573, 0.002551
236, 0.002598, 0.002570, 0.002549
237, 0.002598, 0.002568, 0.002547
238, 0.002595, 0.002568, 0.002546
239, 0.002589, 0.002569, 0.002546
240, 0.002592, 0.002566, 0.002544
241, 0.002585, 0.002562, 0.002540
242, 0.002585, 0.002559, 0.002537
243, 0.002585, 0.002559, 0.002535
244, 0.002579, 0.002559, 0.002535
245, 0.002577, 0.002558, 0.002534
246, 0.002577, 0.002556, 0.002533
247, 0.002571, 0.002554, 0.002530
248, 0.002570, 0.002551, 0.002527
249, 0.002572, 0.002550, 0.002526
250, 0.002567, 0.002547, 0.002523
251, 0.002566, 0.002547, 0.002524
252, 0.002563, 0.002546, 0.002522
253, 0.002562, 0.002544, 0.002520
254, 0.002567, 0.002542, 0.002517
255, 0.002556, 0.002539, 0.002515
256, 0.002556, 0.002538, 0.002514
257, 0.002556, 0.002538, 0.002513
258, 0.002549, 0.002538, 0.002512
259, 0.002552, 0.002535, 0.002510
260, 0.002548, 0.002530, 0.002505
261, 0.002544, 0.002528, 0.002503
262, 0.002542, 0.002528, 0.002503
263, 0.002540, 0.002528, 0.002502
264, 0.002540, 0.002526, 0.002500
265, 0.002535, 0.002523, 0.002498
266, 0.002536, 0.002519, 0.002494
267, 0.002532, 0.002517, 0.002491
268, 0.002533, 0.002516, 0.002490
269, 0.002527, 0.002517, 0.002491
270, 0.002527, 0.002515, 0.002489
271, 0.002527, 0.002512, 0.002485
272, 0.002525, 0.002510, 0.002484
273, 0.002520, 0.002508, 0.002481
274, 0.002520, 0.002504, 0.002477
275, 0.002514, 0.002505, 0.002478
276, 0.002512, 0.002506, 0.002479
277, 0.002513, 0.002502, 0.002474
278, 0.002510, 0.002500, 0.002472
279, 0.002511, 0.002499, 0.002471
280, 0.002505, 0.002497, 0.002469
281, 0.002506, 0.002492, 0.002464
282, 0.002507, 0.002493, 0.002466
283, 0.002504, 0.002494, 0.002467
284, 0.002502, 0.002492, 0.002465
285, 0.002499, 0.002489, 0.002461
286, 0.002498, 0.002487, 0.002460
287, 0.002497, 0.002482, 0.002455
288, 0.002489, 0.002481, 0.002454
289, 0.002492, 0.002482, 0.002454
290, 0.002491, 0.002481, 0.002453
291, 0.002490, 0.002480, 0.002452
292, 0.002483, 0.002480, 0.002452
293, 0.002486, 0.002478, 0.002450
294, 0.002486, 0.002474, 0.002446
295, 0.002481, 0.002474, 0.002446
296, 0.002477, 0.002474, 0.002446
297, 0.002480, 0.002474, 0.002446
298, 0.002477, 0.002469, 0.002441
299, 0.002473, 0.002467, 0.002439
300, 0.002474, 0.002469, 0.002441
301, 0.002475, 0.002467, 0.002438
302, 0.002472, 0.002465, 0.002437
303, 0.002470, 0.002468, 0.002439
304, 0.002473, 0.002466, 0.002437
305, 0.002471, 0.002461, 0.002432
306, 0.002466, 0.002460, 0.002431
307, 0.002464, 0.002465, 0.002436
308, 0.002465, 0.002458, 0.002429
309, 0.002463, 0.002457, 0.002428
310, 0.002459, 0.002460, 0.002432
311, 0.002461, 0.002457, 0.002429
312, 0.002460, 0.002456, 0.002427
313, 0.002459, 0.002459, 0.002431
314, 0.002458, 0.002455, 0.002427
315, 0.002456, 0.002452, 0.002424
316, 0.002455, 0.002455, 0.002426
317, 0.002452, 0.002450, 0.002422
318, 0.002454, 0.002449, 0.002420
319, 0.002452, 0.002451, 0.002423
320, 0.002453, 0.002450, 0.002422
321, 0.002452, 0.002447, 0.002419
322, 0.002449, 0.002450, 0.002422
323, 0.002451, 0.002451, 0.002423
324, 0.002450, 0.002447, 0.002419
325, 0.002447, 0.002446, 0.002417
326, 0.002444, 0.002443, 0.002414
327, 0.002445, 0.002443, 0.002414
328, 0.002441, 0.002445, 0.002416
329, 0.002446, 0.002444, 0.002415
330, 0.002445, 0.002442, 0.002413
331, 0.002440, 0.002445, 0.002415
332, 0.002442, 0.002442, 0.002413
333, 0.002439, 0.002442, 0.002413
334, 0.002439, 0.002439, 0.002410
335, 0.002435, 0.002439, 0.002410
336, 0.002436, 0.002444, 0.002415
337, 0.002436, 0.002438, 0.002409
338, 0.002437, 0.002434, 0.002405
339, 0.002435, 0.002438, 0.002409
340, 0.002436, 0.002438, 0.002410
341, 0.002433, 0.002434, 0.002406
342, 0.002430, 0.002438, 0.002409
343, 0.002433, 0.002440, 0.002410
344, 0.002428, 0.002430, 0.002401
345, 0.002428, 0.002430, 0.002401
346, 0.002428, 0.002437, 0.002407
347, 0.002428, 0.002431, 0.002401
348, 0.002428, 0.002430, 0.002401
349, 0.002430, 0.002436, 0.002406
350, 0.002428, 0.002429, 0.002400
351, 0.002425, 0.002427, 0.002399
352, 0.002426, 0.002433, 0.002403
353, 0.002425, 0.002427, 0.002398
354, 0.002422, 0.002428, 0.002400
355, 0.002425, 0.002431, 0.002402
356, 0.002422, 0.002427, 0.002397
357, 0.002423, 0.002423, 0.002394
358, 0.002419, 0.002428, 0.002399
359, 0.002417, 0.002427, 0.002397
360, 0.002421, 0.002426, 0.002397
361, 0.002419, 0.002424, 0.002395
362, 0.002421, 0.002423, 0.002394
363, 0.002419, 0.002421, 0.002391
364, 0.002414, 0.002421, 0.002391
365, 0.002417, 0.002421, 0.002391
366, 0.002417, 0.002421, 0.002392
367, 0.002413, 0.002422, 0.002392
368, 0.002411, 0.002419, 0.002390
369, 0.002414, 0.002420, 0.002390
370, 0.002413, 0.002420, 0.002391
371, 0.002414, 0.002418, 0.002388
372, 0.002415, 0.002418, 0.002389
373, 0.002412, 0.002420, 0.002390
374, 0.002411, 0.002415, 0.002386
375, 0.002409, 0.002418, 0.002388
376, 0.002407, 0.002421, 0.002392
377, 0.002410, 0.002414, 0.002386
378, 0.002412, 0.002417, 0.002387
379, 0.002412, 0.002418, 0.002387
380, 0.002408, 0.002412, 0.002384
381, 0.002407, 0.002419, 0.002389
382, 0.002405, 0.002416, 0.002386
383, 0.002405, 0.002411, 0.002382
384, 0.002411, 0.002417, 0.002387
385, 0.002407, 0.002417, 0.002387
386, 0.002403, 0.002410, 0.002380
387, 0.002407, 0.002413, 0.002382
388, 0.002403, 0.002412, 0.002382
389, 0.002401, 0.002412, 0.002382
390, 0.002403, 0.002413, 0.002382
391, 0.002402, 0.002411, 0.002381
392, 0.002401, 0.002412, 0.002382
393, 0.002403, 0.002408, 0.002378
394, 0.002400, 0.002410, 0.002379
395, 0.002396, 0.002409, 0.002379
396, 0.002398, 0.002412, 0.002382
397, 0.002397, 0.002410, 0.002380
398, 0.002398, 0.002409, 0.002379
399, 0.002399, 0.002407, 0.002377
400, 0.002399, 0.002405, 0.002376
401, 0.002395, 0.002407, 0.002377
402, 0.002392, 0.002407, 0.002377
403, 0.002396, 0.002409, 0.002380
404, 0.002396, 0.002406, 0.002377
405, 0.002393, 0.002405, 0.002375
406, 0.002394, 0.002406, 0.002375
407, 0.002395, 0.002404, 0.002374
408, 0.002392, 0.002405, 0.002374
409, 0.002393, 0.002404, 0.002373
410, 0.002391, 0.002407, 0.002376
411, 0.002390, 0.002403, 0.002374
412, 0.002391, 0.002403, 0.002373
413, 0.002393, 0.002403, 0.002372
414, 0.002390, 0.002403, 0.002372
415, 0.002387, 0.002404, 0.002374
416, 0.002394, 0.002403, 0.002373
417, 0.002387, 0.002403, 0.002372
418, 0.002387, 0.002399, 0.002370
419, 0.002391, 0.002406, 0.002376
420, 0.002385, 0.002405, 0.002375
421, 0.002385, 0.002399, 0.002370
422, 0.002392, 0.002402, 0.002372
423, 0.002386, 0.002410, 0.002378
424, 0.002389, 0.002398, 0.002369
425, 0.002392, 0.002399, 0.002368
426, 0.002387, 0.002417, 0.002383
427, 0.002387, 0.002399, 0.002370
428, 0.002392, 0.002398, 0.002368
429, 0.002387, 0.002411, 0.002378
430, 0.002393, 0.002396, 0.002367
431, 0.002385, 0.002398, 0.002369
432, 0.002385, 0.002408, 0.002376
433, 0.002387, 0.002397, 0.002366
434, 0.002385, 0.002396, 0.002367
435, 0.002383, 0.002413, 0.002381
436, 0.002384, 0.002400, 0.002370
437, 0.002380, 0.002396, 0.002367
438, 0.002385, 0.002405, 0.002373
439, 0.002382, 0.002396, 0.002366
440, 0.002381, 0.002393, 0.002364
441, 0.002381, 0.002404, 0.002372
442, 0.002385, 0.002396, 0.002365
443, 0.002382, 0.002395, 0.002366
444, 0.002381, 0.002406, 0.002375
445, 0.002378, 0.002396, 0.002365
446, 0.002379, 0.002392, 0.002363
447, 0.002381, 0.002399, 0.002367
448, 0.002380, 0.002400, 0.002368
449, 0.002378, 0.002392, 0.002363
450, 0.002378, 0.002397, 0.002366
451, 0.002377, 0.002398, 0.002368
452, 0.002378, 0.002391, 0.002362
453, 0.002375, 0.002394, 0.002363
454, 0.002379, 0.002397, 0.002366
455, 0.002377, 0.002394, 0.002364
456, 0.002376, 0.002396, 0.002365
457, 0.002373, 0.002397, 0.002365
458, 0.002376, 0.002391, 0.002361
459, 0.002381, 0.002401, 0.002369
460, 0.002377, 0.002395, 0.002364
461, 0.002376, 0.002389, 0.002359
462, 0.002377, 0.002395, 0.002363
463, 0.002376, 0.002393, 0.002363
464, 0.002373, 0.002391, 0.002361
465, 0.002373, 0.002394, 0.002363
466, 0.002373, 0.002390, 0.002360
467, 0.002375, 0.002391, 0.002361
468, 0.002373, 0.002396, 0.002364
469, 0.002374, 0.002389, 0.002359
470, 0.002376, 0.002391, 0.002360
471, 0.002370, 0.002394, 0.002362
472, 0.002375, 0.002389, 0.002359
473, 0.002371, 0.002391, 0.002360
474, 0.002369, 0.002391, 0.002360
475, 0.002374, 0.002388, 0.002358
476, 0.002374, 0.002390, 0.002360
477, 0.002366, 0.002393, 0.002362
478, 0.002370, 0.002387, 0.002357
479, 0.002373, 0.002390, 0.002359
480, 0.002369, 0.002390, 0.002359
481, 0.002370, 0.002385, 0.002355
482, 0.002368, 0.002391, 0.002360
483, 0.002368, 0.002389, 0.002358
484, 0.002367, 0.002389, 0.002358
485, 0.002367, 0.002387, 0.002357
486, 0.002371, 0.002392, 0.002360
487, 0.002370, 0.002386, 0.002356
488, 0.002368, 0.002387, 0.002356
489, 0.002368, 0.002392, 0.002360
490, 0.002369, 0.002386, 0.002355
491, 0.002365, 0.002385, 0.002355
492, 0.002367, 0.002388, 0.002357
493, 0.002365, 0.002386, 0.002355
494, 0.002367, 0.002385, 0.002355
495, 0.002365, 0.002391, 0.002360
496, 0.002368, 0.002387, 0.002357
497, 0.002368, 0.002384, 0.002355
498, 0.002365, 0.002390, 0.002359
499, 0.002366, 0.002384, 0.002354
500, 0.002365, 0.002382, 0.002353
501, 0.002363, 0.002393, 0.002362
502, 0.002366, 0.002383, 0.002353
503, 0.002365, 0.002382, 0.002352
504, 0.002363, 0.002389, 0.002358
505, 0.002362, 0.002383, 0.002353
506, 0.002364, 0.002380, 0.002351
507, 0.002367, 0.002394, 0.002362
508, 0.002365, 0.002384, 0.002354
509, 0.002363, 0.002382, 0.002354
510, 0.002363, 0.002395, 0.002363
511, 0.002365, 0.002383, 0.002353
512, 0.002364, 0.002380, 0.002350
513, 0.002365, 0.002398, 0.002366
514, 0.002366, 0.002380, 0.002352
515, 0.002364, 0.002381, 0.002351
516, 0.002361, 0.002392, 0.002360
517, 0.002358, 0.002381, 0.002351
518, 0.002362, 0.002381, 0.002351
519, 0.002360, 0.002394, 0.002361
520, 0.002364, 0.002380, 0.002350
521, 0.002362, 0.002382, 0.002351
522, 0.002358, 0.002395, 0.002361
523, 0.002362, 0.002378, 0.002348
524, 0.002363, 0.002381, 0.002350
525, 0.002356, 0.002390, 0.002357
526, 0.002361, 0.002377, 0.002348
527, 0.002360, 0.002386, 0.002354
528, 0.002358, 0.002389, 0.002357
529, 0.002358, 0.002377, 0.002349
530, 0.002361, 0.002385, 0.002354
531, 0.002356, 0.002391, 0.002359
532, 0.002358, 0.002377, 0.002350
533, 0.002366, 0.002391, 0.002359
534, 0.002359, 0.002381, 0.002351
535, 0.002356, 0.002377, 0.002348
536, 0.002359, 0.002388, 0.002357
537, 0.002359, 0.002377, 0.002347
538, 0.002361, 0.002377, 0.002347
539, 0.002357, 0.002384, 0.002352
540, 0.002355, 0.002379, 0.002348
541, 0.002354, 0.002378, 0.002347
542, 0.002354, 0.002379, 0.002348
543, 0.002357, 0.002376, 0.002346
544, 0.002356, 0.002378, 0.002348
545, 0.002351, 0.002379, 0.002349
546, 0.002352, 0.002375, 0.002346
547, 0.002354, 0.002375, 0.002346
548, 0.002350, 0.002385, 0.002353
549, 0.002355, 0.002375, 0.002345
550, 0.002352, 0.002378, 0.002347
551, 0.002352, 0.002383, 0.002351
552, 0.002351, 0.002371, 0.002343
553, 0.002357, 0.002386, 0.002355
554, 0.002353, 0.002374, 0.002344
555, 0.002354, 0.002374, 0.002344
556, 0.002348, 0.002378, 0.002347
557, 0.002350, 0.002375, 0.002345
558, 0.002351, 0.002374, 0.002344
559, 0.002347, 0.002376, 0.002346
560, 0.002350, 0.002375, 0.002345
561, 0.002351, 0.002375, 0.002346
562, 0.002347, 0.002375, 0.002345
563, 0.002349, 0.002377, 0.002347
564, 0.002352, 0.002369, 0.002341
565, 0.002351, 0.002377, 0.002347
566, 0.002348, 0.002376, 0.002345
567, 0.002347, 0.002371, 0.002341
568, 0.002349, 0.002378, 0.002347
569, 0.002350, 0.002373, 0.002343
570, 0.002344, 0.002368, 0.002338
571, 0.002347, 0.002374, 0.002343
572, 0.002345, 0.002370, 0.002340
573, 0.002342, 0.002373, 0.002342
574, 0.002344, 0.002376, 0.002345
575, 0.002347, 0.002367, 0.002338
576, 0.002347, 0.002377, 0.002346
577, 0.002349, 0.002374, 0.002344
578, 0.002344, 0.002367, 0.002338
579, 0.002349, 0.002377, 0.002346
580, 0.002346, 0.002369, 0.002339
581, 0.002347, 0.002367, 0.002338
582, 0.002344, 0.002373, 0.002343
583, 0.002345, 0.002372, 0.002341
584, 0.002345, 0.002369, 0.002338
585, 0.002344, 0.002370, 0.002339
586, 0.002342, 0.002372, 0.002341
587, 0.002344, 0.002365, 0.002336
588, 0.002344, 0.002374, 0.002342
589, 0.002345, 0.002365, 0.002335
590, 0.002342, 0.002369, 0.002339
591, 0.002342, 0.002373, 0.002342
592, 0.002341, 0.002367, 0.002337
593, 0.002340, 0.002369, 0.002339
594, 0.002339, 0.002368, 0.002339
595, 0.002338, 0.002363, 0.002334
596, 0.002344, 0.002375, 0.002344
597, 0.002340, 0.002363, 0.002334
598, 0.002341, 0.002367, 0.002337
599, 0.002337, 0.002368, 0.002338
600, 0.002339, 0.002365, 0.002335
601, 0.002341, 0.002360, 0.002331
602, 0.002339, 0.002368, 0.002338
603, 0.002341, 0.002364, 0.002334
604, 0.002338, 0.002363, 0.002333
605, 0.002333, 0.002375, 0.002343
606, 0.002339, 0.002361, 0.002332
607, 0.002337, 0.002364, 0.002334
608, 0.002334, 0.002369, 0.002338
609, 0.002336, 0.002359, 0.002330
610, 0.002340, 0.002370, 0.002339
611, 0.002335, 0.002368, 0.002337
612, 0.002335, 0.002356, 0.002328
613, 0.002339, 0.002380, 0.002347
614, 0.002338, 0.002356, 0.002328
615, 0.002336, 0.002361, 0.002332
616, 0.002332, 0.002369, 0.002338
617, 0.002339, 0.002356, 0.002327
618, 0.002334, 0.002365, 0.002334
619, 0.002333, 0.002362, 0.002332
620, 0.002331, 0.002355, 0.002326
621, 0.002333, 0.002366, 0.002335
622, 0.002332, 0.002355, 0.002326
623, 0.002334, 0.002361, 0.002332
624, 0.002335, 0.002364, 0.002334
625, 0.002332, 0.002354, 0.002325
626, 0.002332, 0.002367, 0.002336
627, 0.002329, 0.002353, 0.002325
628, 0.002329, 0.002354, 0.002325
629, 0.002331, 0.002373, 0.002341
630, 0.002331, 0.002353, 0.002323
631, 0.002330, 0.002354, 0.002324
632, 0.002327, 0.002373, 0.002341
633, 0.002334, 0.002349, 0.002321
634, 0.002330, 0.002361, 0.002330
635, 0.002327, 0.002356, 0.002326
636, 0.002327, 0.002346, 0.002319
637, 0.002330, 0.002367, 0.002335
638, 0.002329, 0.002352, 0.002323
639, 0.002327, 0.002349, 0.002321
640, 0.002325, 0.002370, 0.002339
641, 0.002327, 0.002346, 0.002319
642, 0.002326, 0.002352, 0.002322
643, 0.002326, 0.002360, 0.002329
644, 0.002325, 0.002343, 0.002317
645, 0.002333, 0.002371, 0.002339
646, 0.002328, 0.002347, 0.002318
647, 0.002322, 0.002347, 0.002318
648, 0.002323, 0.002362, 0.002331
649, 0.002322, 0.002342, 0.002314
650, 0.002325, 0.002353, 0.002322
651, 0.002322, 0.002344, 0.002315
652, 0.002322, 0.002347, 0.002317
653, 0.002317, 0.002350, 0.002320
654, 0.002317, 0.002342, 0.002313
655, 0.002320, 0.002346, 0.002316
656, 0.002319, 0.002349, 0.002319
657, 0.002316, 0.002339, 0.002310
658, 0.002318, 0.002350, 0.002320
659, 0.002317, 0.002348, 0.002318
660, 0.002317, 0.002336, 0.002308
661, 0.002318, 0.002352, 0.002321
662, 0.002317, 0.002335, 0.002307
663, 0.002317, 0.002346, 0.002316
664, 0.002317, 0.002342, 0.002313
665, 0.002316, 0.002337, 0.002309
666, 0.002315, 0.002347, 0.002317
667, 0.002316, 0.002339, 0.002310
668, 0.002309, 0.002335, 0.002306
669, 0.002309, 0.002343, 0.002313
670, 0.002311, 0.002334, 0.002305
671, 0.002311, 0.002343, 0.002313
672, 0.002309, 0.002333, 0.002304
673, 0.002308, 0.002339, 0.002309
674, 0.002312, 0.002331, 0.002302
675, 0.002309, 0.002331, 0.002303
676, 0.002309, 0.002340, 0.002311
677, 0.002308, 0.002329, 0.002301
678, 0.002307, 0.002341, 0.002311
679, 0.002308, 0.002330, 0.002303
680, 0.002306, 0.002335, 0.002306
681, 0.002306, 0.002329, 0.002301
682, 0.002308, 0.002326, 0.002297
683, 0.002305, 0.002330, 0.002301
684, 0.002305, 0.002324, 0.002296
685, 0.002302, 0.002335, 0.002305
686, 0.002304, 0.002331, 0.002301
687, 0.002300, 0.002320, 0.002293
688, 0.002302, 0.002342, 0.002311
689, 0.002305, 0.002320, 0.002292
690, 0.002300, 0.002320, 0.002292
691, 0.002298, 0.002338, 0.002308
692, 0.002305, 0.002314, 0.002288
693, 0.002304, 0.002345, 0.002314
694, 0.002302, 0.002315, 0.002288
695, 0.002300, 0.002318, 0.002290
696, 0.002291, 0.002331, 0.002301
697, 0.002301, 0.002310, 0.002285
698, 0.002299, 0.002345, 0.002314
699, 0.002301, 0.002313, 0.002284
700, 0.002293, 0.002314, 0.002285
701, 0.002293, 0.002327, 0.002296
702, 0.002291, 0.002307, 0.002280
703, 0.002294, 0.002334, 0.002303
704, 0.002294, 0.002307, 0.002280
705, 0.002288, 0.002307, 0.002279
706, 0.002291, 0.002326, 0.002296
707, 0.002292, 0.002302, 0.002276
708, 0.002291, 0.002322, 0.002292
709, 0.002287, 0.002305, 0.002277
710, 0.002283, 0.002299, 0.002272
711, 0.002285, 0.002331, 0.002300
712, 0.002291, 0.002296, 0.002270
713, 0.002286, 0.002310, 0.002280
714, 0.002282, 0.002303, 0.002275
715, 0.002276, 0.002296, 0.002269
716, 0.002277, 0.002307, 0.002277
717, 0.002276, 0.002296, 0.002268
718, 0.002277, 0.002296, 0.002267
719, 0.002277, 0.002298, 0.002270
720, 0.002274, 0.002295, 0.002267
721, 0.002274, 0.002297, 0.002268
722, 0.002271, 0.002289, 0.002262
723, 0.002270, 0.002295, 0.002267
724, 0.002274, 0.002286, 0.002259
725, 0.002269, 0.002284, 0.002257
726, 0.002269, 0.002301, 0.002272
727, 0.002268, 0.002279, 0.002254
728, 0.002270, 0.002296, 0.002266
729, 0.002266, 0.002282, 0.002254
730, 0.002266, 0.002277, 0.002249
731, 0.002261, 0.002296, 0.002266
732, 0.002267, 0.002273, 0.002246
733, 0.002263, 0.002284, 0.002254
734, 0.002258, 0.002283, 0.002253
735, 0.002257, 0.002268, 0.002242
736, 0.002262, 0.002291, 0.002261
737, 0.002262, 0.002265, 0.002238
738, 0.002256, 0.002270, 0.002242
739, 0.002249, 0.002278, 0.002250
740, 0.002255, 0.002261, 0.002235
741, 0.002255, 0.002280, 0.002251
742, 0.002253, 0.002260, 0.002233
743, 0.002249, 0.002260, 0.002233
744, 0.002247, 0.002271, 0.002242
745, 0.002249, 0.002252, 0.002226
746, 0.002250, 0.002273, 0.002243
747, 0.002246, 0.002253, 0.002226
748, 0.002239, 0.002251, 0.002224
749, 0.002238, 0.002260, 0.002231
750, 0.002236, 0.002245, 0.002218
751, 0.002234, 0.002251, 0.002223
752, 0.002234, 0.002251, 0.002222
753, 0.002232, 0.002239, 0.002212
754, 0.002234, 0.002255, 0.002226
755, 0.002231, 0.002239, 0.002212
756, 0.002228, 0.002237, 0.002210
757, 0.002225, 0.002245, 0.002216
758, 0.002232, 0.002228, 0.002203
759, 0.002227, 0.002250, 0.002222
760, 0.002226, 0.002225, 0.002199
761, 0.002221, 0.002236, 0.002207
762, 0.002220, 0.002232, 0.002203
763, 0.002217, 0.002218, 0.002193
764, 0.002223, 0.002258, 0.002226
765, 0.002226, 0.002213, 0.002188
766, 0.002217, 0.002217, 0.002189
767, 0.002211, 0.002241, 0.002212
768, 0.002213, 0.002206, 0.002182
769, 0.002216, 0.002236, 0.002207
770, 0.002211, 0.002202, 0.002177
771, 0.002202, 0.002212, 0.002185
772, 0.002198, 0.002209, 0.002181
773, 0.002196, 0.002196, 0.002169
774, 0.002199, 0.002212, 0.002182
775, 0.002195, 0.002191, 0.002164
776, 0.002193, 0.002196, 0.002167
777, 0.002190, 0.002189, 0.002161
778, 0.002184, 0.002191, 0.002163
779, 0.002185, 0.002186, 0.002159
780, 0.002180, 0.002182, 0.002155
781, 0.002182, 0.002183, 0.002155
782, 0.002178, 0.002176, 0.002150
783, 0.002175, 0.002174, 0.002147
784, 0.002170, 0.002175, 0.002147
785, 0.002170, 0.002167, 0.002140
786, 0.002166, 0.002164, 0.002137
787, 0.002161, 0.002160, 0.002133
788, 0.002159, 0.002169, 0.002140
789, 0.002162, 0.002151, 0.002125
790, 0.002160, 0.002155, 0.002127
791, 0.002157, 0.002161, 0.002132
792, 0.002154, 0.002143, 0.002119
793, 0.002162, 0.002190, 0.002160
794, 0.002164, 0.002136, 0.002112
795, 0.002154, 0.002146, 0.002117
796, 0.002144, 0.002141, 0.002112
797, 0.002137, 0.002125, 0.002100
798, 0.002136, 0.002140, 0.002111
799, 0.002134, 0.002119, 0.002093
800, 0.002128, 0.002120, 0.002092
801, 0.002128, 0.002116, 0.002090
802, 0.002124, 0.002111, 0.002084
803, 0.002116, 0.002109, 0.002082
804, 0.002117, 0.002100, 0.002074
805, 0.002113, 0.002108, 0.002081
806, 0.002109, 0.002096, 0.002069
807, 0.002106, 0.002098, 0.002069
808, 0.002103, 0.002088, 0.002061
809, 0.002098, 0.002084, 0.002057
810, 0.002094, 0.002078, 0.002051
811, 0.002091, 0.002084, 0.002056
812, 0.002090, 0.002070, 0.002043
813, 0.002082, 0.002067, 0.002040
814, 0.002084, 0.002075, 0.002046
815, 0.002080, 0.002055, 0.002030
816, 0.002083, 0.002073, 0.002043
817, 0.002077, 0.002045, 0.002020
818, 0.002069, 0.002056, 0.002028
819, 0.002063, 0.002039, 0.002013
820, 0.002060, 0.002036, 0.002009
821, 0.002052, 0.002043, 0.002015
822, 0.002052, 0.002023, 0.001998
823, 0.002054, 0.002043, 0.002014
824, 0.002047, 0.002015, 0.001989
825, 0.002038, 0.002013, 0.001985
826, 0.002031, 0.002019, 0.001990
827, 0.002032, 0.001999, 0.001974
828, 0.002034, 0.002033, 0.002002
829, 0.002034, 0.001993, 0.001969
830, 0.002028, 0.002005, 0.001977
831, 0.002016, 0.001986, 0.001958
832, 0.002010, 0.001973, 0.001948
833, 0.002010, 0.002009, 0.001979
834, 0.002018, 0.001967, 0.001944
835, 0.002014, 0.001997, 0.001967
836, 0.002006, 0.001956, 0.001931
837, 0.002000, 0.001968, 0.001940
838, 0.001982, 0.001944, 0.001918
839, 0.001973, 0.001936, 0.001910
840, 0.001972, 0.001959, 0.001929
841, 0.001974, 0.001924, 0.001901
842, 0.001977, 0.001953, 0.001924
843, 0.001971, 0.001915, 0.001890
844, 0.001961, 0.001925, 0.001896
845, 0.001949, 0.001903, 0.001877
846, 0.001940, 0.001896, 0.001870
847, 0.001938, 0.001894, 0.001867
848, 0.001932, 0.001883, 0.001857
849, 0.001924, 0.001889, 0.001862
850, 0.001920, 0.001870, 0.001845
851, 0.001912, 0.001869, 0.001842
852, 0.001909, 0.001862, 0.001835
853, 0.001902, 0.001852, 0.001827
854, 0.001897, 0.001855, 0.001827
855, 0.001890, 0.001838, 0.001812
856, 0.001889, 0.001838, 0.001810
857, 0.001879, 0.001829, 0.001802
858, 0.001872, 0.001820, 0.001794
859, 0.001872, 0.001820, 0.001793
860, 0.001866, 0.001805, 0.001780
861, 0.001856, 0.001809, 0.001782
862, 0.001853, 0.001791, 0.001766
863, 0.001846, 0.001789, 0.001763
864, 0.001841, 0.001779, 0.001753
865, 0.001834, 0.001775, 0.001748
866, 0.001826, 0.001766, 0.001740
867, 0.001820, 0.001763, 0.001737
868, 0.001816, 0.001751, 0.001725
869, 0.001809, 0.001742, 0.001717
870, 0.001804, 0.001741, 0.001715
871, 0.001795, 0.001729, 0.001703
872, 0.001790, 0.001727, 0.001700
873, 0.001784, 0.001711, 0.001686
874, 0.001780, 0.001719, 0.001692
875, 0.001772, 0.001697, 0.001674
876, 0.001770, 0.001714, 0.001686
877, 0.001761, 0.001681, 0.001657
878, 0.001753, 0.001680, 0.001654
879, 0.001745, 0.001676, 0.001649
880, 0.001739, 0.001659, 0.001635
881, 0.001736, 0.001680, 0.001652
882, 0.001733, 0.001642, 0.001619
883, 0.001725, 0.001653, 0.001625
884, 0.001713, 0.001631, 0.001606
885, 0.001704, 0.001618, 0.001594
886, 0.001699, 0.001633, 0.001605
887, 0.001697, 0.001604, 0.001582
888, 0.001693, 0.001634, 0.001606
889, 0.001689, 0.001592, 0.001569
890, 0.001682, 0.001607, 0.001579
891, 0.001668, 0.001567, 0.001544
892, 0.001655, 0.001566, 0.001541
893, 0.001645, 0.001560, 0.001534
894, 0.001641, 0.001544, 0.001522
895, 0.001636, 0.001566, 0.001539
896, 0.001638, 0.001530, 0.001509
897, 0.001634, 0.001559, 0.001532
898, 0.001623, 0.001516, 0.001495
899, 0.001615, 0.001524, 0.001498
900, 0.001602, 0.001498, 0.001473
901, 0.001588, 0.001486, 0.001463
902, 0.001583, 0.001499, 0.001472
903, 0.001577, 0.001471, 0.001451
904, 0.001574, 0.001496, 0.001468
905, 0.001572, 0.001451, 0.001430
906, 0.001564, 0.001467, 0.001441
907, 0.001549, 0.001435, 0.001411
908, 0.001539, 0.001429, 0.001405
909, 0.001527, 0.001427, 0.001402
910, 0.001523, 0.001410, 0.001388
911, 0.001518, 0.001446, 0.001419
912, 0.001523, 0.001403, 0.001385
913, 0.001523, 0.001437, 0.001411
914, 0.001519, 0.001382, 0.001362
915, 0.001503, 0.001395, 0.001370
916, 0.001486, 0.001356, 0.001334
917, 0.001469, 0.001352, 0.001330
918, 0.001463, 0.001352, 0.001328
919, 0.001454, 0.001330, 0.001309
920, 0.001446, 0.001343, 0.001318
921, 0.001446, 0.001311, 0.001290
922, 0.001434, 0.001321, 0.001298
923, 0.001428, 0.001294, 0.001272
924, 0.001417, 0.001291, 0.001268
925, 0.001408, 0.001294, 0.001271
926, 0.001401, 0.001268, 0.001248
927, 0.001395, 0.001288, 0.001263
928, 0.001392, 0.001256, 0.001236
929, 0.001386, 0.001254, 0.001230
930, 0.001371, 0.001238, 0.001216
931, 0.001361, 0.001227, 0.001206
932, 0.001355, 0.001231, 0.001209
933, 0.001347, 0.001214, 0.001194
934, 0.001345, 0.001213, 0.001192
935, 0.001333, 0.001192, 0.001171
936, 0.001323, 0.001185, 0.001164
937, 0.001313, 0.001195, 0.001174
938, 0.001313, 0.001167, 0.001150
939, 0.001314, 0.001209, 0.001185
940, 0.001312, 0.001157, 0.001142
941, 0.001307, 0.001170, 0.001147
942, 0.001286, 0.001132, 0.001113
943, 0.001273, 0.001122, 0.001104
944, 0.001266, 0.001145, 0.001121
945, 0.001263, 0.001108, 0.001092
946, 0.001258, 0.001123, 0.001101
947, 0.001248, 0.001088, 0.001069
948, 0.001235, 0.001082, 0.001065
949, 0.001225, 0.001100, 0.001079
950, 0.001229, 0.001070, 0.001055
951, 0.001231, 0.001111, 0.001089
952, 0.001229, 0.001057, 0.001042
953, 0.001220, 0.001072, 0.001050
954, 0.001203, 0.001036, 0.001020
955, 0.001187, 0.001029, 0.001010
956, 0.001179, 0.001035, 0.001016
957, 0.001172, 0.001012, 0.000998
958, 0.001168, 0.001018, 0.000997
959, 0.001161, 0.000994, 0.000977
960, 0.001148, 0.000991, 0.000975
961, 0.001143, 0.000992, 0.000972
962, 0.001140, 0.000983, 0.000969
963, 0.001132, 0.000976, 0.000957
964, 0.001124, 0.000956, 0.000938
965, 0.001118, 0.000963, 0.000946
966, 0.001111, 0.000944, 0.000926
967, 0.001103, 0.000940, 0.000922
968, 0.001096, 0.000949, 0.000935
969, 0.001096, 0.000918, 0.000901
970, 0.001084, 0.000931, 0.000911
971, 0.001080, 0.000914, 0.000903
972, 0.001075, 0.000911, 0.000891
973, 0.001065, 0.000887, 0.000871
974, 0.001054, 0.000891, 0.000877
975, 0.001052, 0.000894, 0.000874
976, 0.001049, 0.000866, 0.000853
977, 0.001041, 0.000896, 0.000879
978, 0.001041, 0.000857, 0.000842
979, 0.001041, 0.000882, 0.000865
980, 0.001028, 0.000841, 0.000827
981, 0.001014, 0.000839, 0.000822
982, 0.001005, 0.000839, 0.000824
983, 0.000998, 0.000819, 0.000804
984, 0.000993, 0.000829, 0.000813
985, 0.000989, 0.000813, 0.000801
986, 0.000984, 0.000814, 0.000794
987, 0.000980, 0.000801, 0.000788
988, 0.000968, 0.000788, 0.000773
989, 0.000962, 0.000800, 0.000781
990, 0.000961, 0.000784, 0.000774
991, 0.000964, 0.000807, 0.000789
992, 0.000957, 0.000770, 0.000758
993, 0.000953, 0.000783, 0.000767
994, 0.000941, 0.000757, 0.000743
995, 0.000926, 0.000743, 0.000730
996, 0.000926, 0.000767, 0.000751
997, 0.000926, 0.000738, 0.000726
998, 0.000930, 0.000783, 0.000765
999, 0.000931, 0.000731, 0.000722
1000, 0.000925, 0.000758, 0.000739
1001, 0.000912, 0.000712, 0.000702
1002, 0.000900, 0.000719, 0.000703
1003, 0.000888, 0.000704, 0.000690
1004, 0.000886, 0.000710, 0.000700
1005, 0.000893, 0.000742, 0.000723
1006, 0.000906, 0.000722, 0.000714
1007, 0.000899, 0.000705, 0.000689
1008, 0.000888, 0.000728, 0.000712
1009, 0.000884, 0.000686, 0.000678
1010, 0.000889, 0.000741, 0.000722
1011, 0.000888, 0.000663, 0.000655
1012, 0.000864, 0.000667, 0.000654
1013, 0.000839, 0.000648, 0.000634
1014, 0.000839, 0.000645, 0.000637
1015, 0.000839, 0.000677, 0.000662
1016, 0.000838, 0.000629, 0.000619
1017, 0.000829, 0.000649, 0.000637
1018, 0.000820, 0.000626, 0.000611
1019, 0.000815, 0.000626, 0.000619
1020, 0.000814, 0.000633, 0.000617
1021, 0.000813, 0.000606, 0.000596
1022, 0.000803, 0.000611, 0.000599
1023, 0.000793, 0.000605, 0.000592
1024, 0.000790, 0.000591, 0.000582
1025, 0.000793, 0.000609, 0.000596
1026, 0.000787, 0.000582, 0.000572
1027, 0.000781, 0.000592, 0.000582
1028, 0.000776, 0.000576, 0.000565
1029, 0.000770, 0.000569, 0.000559
1030, 0.000769, 0.000600, 0.000591
1031, 0.000778, 0.000574, 0.000561
1032, 0.000778, 0.000591, 0.000583
1033, 0.000776, 0.000567, 0.000556
1034, 0.000766, 0.000567, 0.000559
1035, 0.000763, 0.000568, 0.000558
1036, 0.000758, 0.000544, 0.000536
1037, 0.000749, 0.000546, 0.000535
1038, 0.000742, 0.000536, 0.000530
1039, 0.000741, 0.000538, 0.000527
1040, 0.000734, 0.000530, 0.000522
1041, 0.000724, 0.000527, 0.000522
1042, 0.000732, 0.000552, 0.000539
1043, 0.000742, 0.000531, 0.000528
1044, 0.000739, 0.000539, 0.000528
1045, 0.000727, 0.000513, 0.000505
1046, 0.000718, 0.000509, 0.000502
1047, 0.000713, 0.000511, 0.000502
1048, 0.000708, 0.000503, 0.000495
1049, 0.000702, 0.000497, 0.000489
1050, 0.000703, 0.000495, 0.000485
1051, 0.000701, 0.000496, 0.000488
1052, 0.000696, 0.000486, 0.000480
1053, 0.000694, 0.000493, 0.000484
1054, 0.000690, 0.000481, 0.000475
1055, 0.000689, 0.000485, 0.000477
1056, 0.000685, 0.000482, 0.000475
1057, 0.000686, 0.000473, 0.000465
1058, 0.000683, 0.000478, 0.000471
1059, 0.000678, 0.000473, 0.000465
1060, 0.000675, 0.000469, 0.000463
1061, 0.000676, 0.000464, 0.000458
1062, 0.000674, 0.000466, 0.000457
1063, 0.000668, 0.000458, 0.000453
1064, 0.000668, 0.000460, 0.000451
1065, 0.000663, 0.000456, 0.000449
1066, 0.000662, 0.000446, 0.000441
1067, 0.000663, 0.000466, 0.000458
1068, 0.000661, 0.000443, 0.000438
1069, 0.000656, 0.000445, 0.000439
1070, 0.000653, 0.000448, 0.000440
1071, 0.000652, 0.000435, 0.000430
1072, 0.000652, 0.000452, 0.000446
1073, 0.000650, 0.000432, 0.000427
1074, 0.000646, 0.000437, 0.000429
1075, 0.000646, 0.000431, 0.000426
1076, 0.000642, 0.000435, 0.000426
1077, 0.000642, 0.000438, 0.000431
1078, 0.000641, 0.000426, 0.000420
1079, 0.000646, 0.000449, 0.000443
1080, 0.000644, 0.000420, 0.000414
1081, 0.000643, 0.000439, 0.000435
1082, 0.000637, 0.000412, 0.000406
1083, 0.000631, 0.000415, 0.000409
1084, 0.000629, 0.000423, 0.000418
1085, 0.000629, 0.000409, 0.000402
1086, 0.000630, 0.000426, 0.000420
1087, 0.000632, 0.000412, 0.000407
1088, 0.000629, 0.000408, 0.000402
1089, 0.000625, 0.000430, 0.000423
1090, 0.000623, 0.000395, 0.000391
1091, 0.000622, 0.000423, 0.000416
1092, 0.000622, 0.000400, 0.000395
1093, 0.000620, 0.000399, 0.000395
1094, 0.000611, 0.000413, 0.000404
1095, 0.000614, 0.000391, 0.000388
1096, 0.000620, 0.000419, 0.000411
1097, 0.000614, 0.000384, 0.000379
1098, 0.000608, 0.000396, 0.000392
1099, 0.000608, 0.000391, 0.000386
1100, 0.000604, 0.000385, 0.000381
1101, 0.000603, 0.000389, 0.000386
1102, 0.000599, 0.000381, 0.000376
1103, 0.000599, 0.000378, 0.000373
1104, 0.000597, 0.000394, 0.000389
1105, 0.000601, 0.000376, 0.000371
1106, 0.000601, 0.000410, 0.000402
1107, 0.000604, 0.000376, 0.000374
1108, 0.000607, 0.000396, 0.000389
1109, 0.000599, 0.000372, 0.000370
1110, 0.000592, 0.000379, 0.000375
1111, 0.000588, 0.000372, 0.000367
1112, 0.000586, 0.000366, 0.000363
1113, 0.000586, 0.000381, 0.000376
1114, 0.000588, 0.000364, 0.000361
1115, 0.000587, 0.000373, 0.000368
1116, 0.000584, 0.000366, 0.000362
1117, 0.000580, 0.000357, 0.000353
1118, 0.000582, 0.000384, 0.000379
1119, 0.000587, 0.000358, 0.000355
1120, 0.000589, 0.000396, 0.000389
1121, 0.000594, 0.000361, 0.000360
1122, 0.000594, 0.000380, 0.000374
1123, 0.000587, 0.000359, 0.000356
1124, 0.000574, 0.000351, 0.000349
1125, 0.000578, 0.000384, 0.000378
1126, 0.000586, 0.000356, 0.000355
1127, 0.000587, 0.000382, 0.000376
1128, 0.000578, 0.000344, 0.000339
1129, 0.000577, 0.000362, 0.000359
1130, 0.000572, 0.000356, 0.000351
1131, 0.000569, 0.000346, 0.000344
1132, 0.000574, 0.000381, 0.000376
1133, 0.000576, 0.000340, 0.000336
1134, 0.000572, 0.000357, 0.000353
1135, 0.000567, 0.000345, 0.000341
1136, 0.000561, 0.000338, 0.000334
1137, 0.000564, 0.000358, 0.000354
1138, 0.000564, 0.000339, 0.000337
1139, 0.000561, 0.000340, 0.000335
1140, 0.000560, 0.000356, 0.000353
1141, 0.000565, 0.000332, 0.000328
1142, 0.000564, 0.000344, 0.000339
1143, 0.000556, 0.000346, 0.000344
1144, 0.000559, 0.000329, 0.000326
1145, 0.000563, 0.000361, 0.000357
1146, 0.000562, 0.000332, 0.000331
1147, 0.000563, 0.000350, 0.000344
1148, 0.000561, 0.000341, 0.000339
1149, 0.000560, 0.000333, 0.000329
1150, 0.000554, 0.000339, 0.000335
1151, 0.000552, 0.000332, 0.000328
1152, 0.000551, 0.000332, 0.000328
1153, 0.000554, 0.000345, 0.000340
1154, 0.000554, 0.000325, 0.000321
1155, 0.000553, 0.000338, 0.000334
1156, 0.000549, 0.000330, 0.000326
1157, 0.000549, 0.000325, 0.000320
1158, 0.000550, 0.000344, 0.000340
1159, 0.000550, 0.000321, 0.000317
1160, 0.000548, 0.000340, 0.000336
1161, 0.000550, 0.000323, 0.000321
1162, 0.000546, 0.000327, 0.000322
1163, 0.000546, 0.000330, 0.000328
1164, 0.000546, 0.000321, 0.000319
1165, 0.000546, 0.000328, 0.000324
1166, 0.000548, 0.000330, 0.000328
1167, 0.000541, 0.000320, 0.000315
1168, 0.000545, 0.000333, 0.000329
1169, 0.000545, 0.000318, 0.000317
1170, 0.000543, 0.000329, 0.000325
1171, 0.000542, 0.000322, 0.000318
1172, 0.000541, 0.000316, 0.000313
1173, 0.000539, 0.000340, 0.000336
1174, 0.000543, 0.000312, 0.000310
1175, 0.000547, 0.000349, 0.000345
1176, 0.000545, 0.000312, 0.000310
1177, 0.000539, 0.000322, 0.000318
1178, 0.000536, 0.000328, 0.000325
1179, 0.000537, 0.000310, 0.000306
1180, 0.000535, 0.000329, 0.000325
1181, 0.000537, 0.000311, 0.000309
1182, 0.000538, 0.000323, 0.000318
1183, 0.000539, 0.000318, 0.000317
1184, 0.000538, 0.000311, 0.000308
1185, 0.000540, 0.000324, 0.000322
1186, 0.000535, 0.000310, 0.000309
1187, 0.000532, 0.000318, 0.000315
1188, 0.000533, 0.000320, 0.000318
1189, 0.000536, 0.000312, 0.000311
1190, 0.000529, 0.000314, 0.000310
1191, 0.000533, 0.000317, 0.000314
1192, 0.000532, 0.000319, 0.000317
1193, 0.000530, 0.000308, 0.000305
1194, 0.000531, 0.000321, 0.000318
1195, 0.000533, 0.000315, 0.000312
1196, 0.000530, 0.000309, 0.000306
1197, 0.000528, 0.000319, 0.000317
1198, 0.000532, 0.000313, 0.000310
1199, 0.000534, 0.000319, 0.000317
1200, 0.000527, 0.000308, 0.000306
1201, 0.000529, 0.000321, 0.000318
1202, 0.000531, 0.000307, 0.000306
1203, 0.000528, 0.000318, 0.000314
1204, 0.000527, 0.000305, 0.000303
1205, 0.000532, 0.000322, 0.000319
1206, 0.000530, 0.000304, 0.000299
1207, 0.000525, 0.000308, 0.000306
1208, 0.000524, 0.000316, 0.000313
1209, 0.000526, 0.000300, 0.000297
1210, 0.000526, 0.000312, 0.000311
1211, 0.000523, 0.000304, 0.000302
1212, 0.000523, 0.000302, 0.000300
1213, 0.000522, 0.000318, 0.000317
1214, 0.000524, 0.000299, 0.000297
1215, 0.000529, 0.000333, 0.000330
1216, 0.000527, 0.000299, 0.000298
1217, 0.000523, 0.000316, 0.000311
1218, 0.000525, 0.000300, 0.000298
1219, 0.000521, 0.000307, 0.000305
1220, 0.000520, 0.000311, 0.000307
1221, 0.000520, 0.000301, 0.000297
1222, 0.000522, 0.000309, 0.000306
1223, 0.000519, 0.000303, 0.000301
1224, 0.000522, 0.000305, 0.000302
1225, 0.000519, 0.000301, 0.000300
1226, 0.000517, 0.000297, 0.000295
1227, 0.000519, 0.000308, 0.000306
1228, 0.000519, 0.000305, 0.000304
1229, 0.000519, 0.000303, 0.000298
1230, 0.000522, 0.000299, 0.000296
1231, 0.000520, 0.000318, 0.000316
1232, 0.000520, 0.000292, 0.000290
1233, 0.000518, 0.000309, 0.000307
1234, 0.000518, 0.000299, 0.000298
1235, 0.000516, 0.000300, 0.000296
1236, 0.000519, 0.000312, 0.000311
1237, 0.000519, 0.000295, 0.000292
1238, 0.000515, 0.000309, 0.000303
1239, 0.000520, 0.000313, 0.000315
1240, 0.000531, 0.000327, 0.000322
1241, 0.000530, 0.000288, 0.000288
1242, 0.000523, 0.000341, 0.000339
1243, 0.000531, 0.000292, 0.000288
1244, 0.000528, 0.000308, 0.000307
1245, 0.000515, 0.000299, 0.000297
1246, 0.000510, 0.000294, 0.000290
1247, 0.000518, 0.000315, 0.000313
1248, 0.000517, 0.000292, 0.000289
1249, 0.000513, 0.000303, 0.000299
1250, 0.000515, 0.000303, 0.000304
1251, 0.000522, 0.000310, 0.000306
1252, 0.000517, 0.000287, 0.000285
1253, 0.000513, 0.000322, 0.000321
1254, 0.000521, 0.000297, 0.000293
1255, 0.000521, 0.000297, 0.000297
1256, 0.000513, 0.000308, 0.000306
1257, 0.000511, 0.000291, 0.000287
1258, 0.000516, 0.000305, 0.000303
1259, 0.000510, 0.000300, 0.000297
1260, 0.000510, 0.000288, 0.000285
1261, 0.000513, 0.000310, 0.000308
1262, 0.000511, 0.000289, 0.000287
1263, 0.000511, 0.000299, 0.000296
1264, 0.000510, 0.000298, 0.000297
1265, 0.000508, 0.000290, 0.000288
1266, 0.000508, 0.000302, 0.000299
1267, 0.000509, 0.000288, 0.000287
1268, 0.000507, 0.000302, 0.000300
1269, 0.000511, 0.000290, 0.000287
1270, 0.000507, 0.000292, 0.000290
1271, 0.000504, 0.000295, 0.000292
1272, 0.000507, 0.000288, 0.000285
1273, 0.000506, 0.000305, 0.000302
1274, 0.000506, 0.000286, 0.000285
1275, 0.000508, 0.000304, 0.000301
1276, 0.000507, 0.000290, 0.000289
1277, 0.000509, 0.000299, 0.000297
1278, 0.000510, 0.000291, 0.000289
1279, 0.000505, 0.000290, 0.000289
1280, 0.000505, 0.000305, 0.000301
1281, 0.000509, 0.000285, 0.000284
1282, 0.000510, 0.000310, 0.000306
1283, 0.000509, 0.000282, 0.000279
1284, 0.000506, 0.000295, 0.000293
1285, 0.000504, 0.000293, 0.000292
1286, 0.000502, 0.000281, 0.000279
1287, 0.000505, 0.000312, 0.000309
1288, 0.000509, 0.000285, 0.000284
1289, 0.000513, 0.000313, 0.000308
1290, 0.000511, 0.000285, 0.000285
1291, 0.000508, 0.000300, 0.000297
1292, 0.000502, 0.000289, 0.000287
1293, 0.000505, 0.000283, 0.000282
1294, 0.000506, 0.000309, 0.000306
1295, 0.000507, 0.000279, 0.000278
1296, 0.000509, 0.000319, 0.000316
1297, 0.000508, 0.000285, 0.000283
1298, 0.000502, 0.000288, 0.000284
1299, 0.000504, 0.000305, 0.000303
1300, 0.000504, 0.000283, 0.000279
1301, 0.000500, 0.000295, 0.000292
1302, 0.000501, 0.000292, 0.000291
1303, 0.000500, 0.000280, 0.000277
1304, 0.000503, 0.000299, 0.000296
1305, 0.000501, 0.000283, 0.000282
1306, 0.000503, 0.000293, 0.000290
1307, 0.000500, 0.000285, 0.000282
1308, 0.000500, 0.000287, 0.000286
1309, 0.000500, 0.000294, 0.000290
1310, 0.000500, 0.000285, 0.000283
1311, 0.000501, 0.000288, 0.000286
1312, 0.000496, 0.000286, 0.000284
1313, 0.000498, 0.000288, 0.000286
1314, 0.000499, 0.000294, 0.000291
1315, 0.000500, 0.000283, 0.000280
1316, 0.000496, 0.000295, 0.000292
1317, 0.000500, 0.000284, 0.000281
1318, 0.000499, 0.000294, 0.000291
1319, 0.000499, 0.000283, 0.000283
1320, 0.000503, 0.000307, 0.000304
1321, 0.000503, 0.000282, 0.000282
1322, 0.000505, 0.000310, 0.000306
1323, 0.000503, 0.000277, 0.000275
1324, 0.000497, 0.000293, 0.000291
1325, 0.000496, 0.000286, 0.000283
1326, 0.000497, 0.000287, 0.000283
1327, 0.000494, 0.000284, 0.000282
1328, 0.000499, 0.000290, 0.000288
1329, 0.000494, 0.000287, 0.000285
1330, 0.000495, 0.000284, 0.000282
1331, 0.000495, 0.000294, 0.000291
1332, 0.000498, 0.000280, 0.000277
1333, 0.000495, 0.000297, 0.000293
1334, 0.000496, 0.000280, 0.000279
1335, 0.000496, 0.000294, 0.000290
1336, 0.000495, 0.000280, 0.000278
1337, 0.000496, 0.000293, 0.000292
1338, 0.000498, 0.000281, 0.000279
1339, 0.000494, 0.000289, 0.000286
1340, 0.000495, 0.000288, 0.000285
1341, 0.000494, 0.000279, 0.000275
1342, 0.000498, 0.000296, 0.000293
1343, 0.000495, 0.000283, 0.000281
1344, 0.000495, 0.000287, 0.000283
1345, 0.000495, 0.000285, 0.000283
1346, 0.000495, 0.000284, 0.000282
1347, 0.000493, 0.000284, 0.000279
1348, 0.000495, 0.000291, 0.000289
1349, 0.000494, 0.000280, 0.000278
1350, 0.000492, 0.000289, 0.000286
1351, 0.000493, 0.000287, 0.000285
1352, 0.000494, 0.000284, 0.000281
1353, 0.000493, 0.000294, 0.000290
1354, 0.000497, 0.000279, 0.000279
1355, 0.000498, 0.000315, 0.000311
1356, 0.000502, 0.000275, 0.000273
1357, 0.000501, 0.000316, 0.000313
1358, 0.000501, 0.000274, 0.000271
1359, 0.000497, 0.000293, 0.000291
1360, 0.000492, 0.000285, 0.000284
1361, 0.000493, 0.000273, 0.000270
1362, 0.000497, 0.000316, 0.000313
1363, 0.000501, 0.000271, 0.000270
1364, 0.000502, 0.000317, 0.000312
1365, 0.000505, 0.000278, 0.000279
1366, 0.000500, 0.000297, 0.000293
1367, 0.000494, 0.000277, 0.000275
1368, 0.000493, 0.000289, 0.000289
1369, 0.000494, 0.000287, 0.000283
1370, 0.000495, 0.000275, 0.000273
1371, 0.000489, 0.000295, 0.000292
1372, 0.000491, 0.000278, 0.000274
1373, 0.000490, 0.000282, 0.000278
1374, 0.000489, 0.000289, 0.000285
1375, 0.000491, 0.000274, 0.000271
1376, 0.000490, 0.000295, 0.000292
1377, 0.000490, 0.000273, 0.000271
1378, 0.000491, 0.000289, 0.000286
1379, 0.000490, 0.000279, 0.000278
1380, 0.000488, 0.000276, 0.000274
1381, 0.000487, 0.000288, 0.000284
1382, 0.000489, 0.000276, 0.000273
1383, 0.000488, 0.000290, 0.000286
1384, 0.000490, 0.000274, 0.000272
1385, 0.000489, 0.000281, 0.000278
1386, 0.000486, 0.000279, 0.000277
1387, 0.000489, 0.000279, 0.000275
1388, 0.000489, 0.000290, 0.000286
1389, 0.000488, 0.000274, 0.000273
1390, 0.000487, 0.000294, 0.000290
1391, 0.000488, 0.000274, 0.000272
1392, 0.000489, 0.000287, 0.000284
1393, 0.000486, 0.000275, 0.000271
1394, 0.000484, 0.000282, 0.000279
1395, 0.000486, 0.000287, 0.000283
1396, 0.000484, 0.000275, 0.000272
1397, 0.000487, 0.000287, 0.000284
1398, 0.000486, 0.000278, 0.000275
1399, 0.000485, 0.000281, 0.000277
1400, 0.000484, 0.000285, 0.000281
1401, 0.000484, 0.000272, 0.000269
1402, 0.000487, 0.000298, 0.000294
1403, 0.000489, 0.000271, 0.000268
1404, 0.000487, 0.000296, 0.000292
1405, 0.000488, 0.000272, 0.000269
1406, 0.000486, 0.000284, 0.000280
1407, 0.000484, 0.000282, 0.000278
1408, 0.000481, 0.000274, 0.000273
1409, 0.000486, 0.000303, 0.000298
1410, 0.000491, 0.000268, 0.000266
1411, 0.000490, 0.000311, 0.000308
1412, 0.000491, 0.000267, 0.000264
1413, 0.000489, 0.000282, 0.000279
1414, 0.000481, 0.000286, 0.000283
1415, 0.000485, 0.000268, 0.000264
1416, 0.000488, 0.000307, 0.000303
1417, 0.000491, 0.000267, 0.000265
1418, 0.000490, 0.000299, 0.000294
1419, 0.000489, 0.000276, 0.000274
1420, 0.000486, 0.000280, 0.000276
1421, 0.000480, 0.000289, 0.000284
1422, 0.000485, 0.000271, 0.000270
1423, 0.000489, 0.000309, 0.000303
1424, 0.000491, 0.000266, 0.000263
1425, 0.000487, 0.000292, 0.000289
1426, 0.000483, 0.000279, 0.000276
1427, 0.000479, 0.000267, 0.000265
1428, 0.000483, 0.000306, 0.000302
1429, 0.000488, 0.000268, 0.000265
1430, 0.000492, 0.000301, 0.000296
1431, 0.000487, 0.000269, 0.000267
1432, 0.000481, 0.000274, 0.000270
1433, 0.000482, 0.000295, 0.000291
1434, 0.000485, 0.000268, 0.000267
1435, 0.000489, 0.000305, 0.000300
1436, 0.000487, 0.000265, 0.000263
1437, 0.000487, 0.000293, 0.000289
1438, 0.000482, 0.000271, 0.000267
1439, 0.000479, 0.000269, 0.000266
1440, 0.000483, 0.000300, 0.000295
1441, 0.000485, 0.000264, 0.000262
1442, 0.000488, 0.000298, 0.000294
1443, 0.000484, 0.000266, 0.000263
1444, 0.000481, 0.000270, 0.000267
1445, 0.000477, 0.000291, 0.000287
1446, 0.000480, 0.000265, 0.000263
1447, 0.000490, 0.000309, 0.000304
1448, 0.000487, 0.000266, 0.000264
1449, 0.000482, 0.000276, 0.000273
1450, 0.000476, 0.000291, 0.000288
1451, 0.000483, 0.000265, 0.000264
1452, 0.000487, 0.000311, 0.000306
1453, 0.000490, 0.000264, 0.000262
1454, 0.000482, 0.000276, 0.000272
1455, 0.000476, 0.000286, 0.000282
1456, 0.000479, 0.000263, 0.000259
1457, 0.000481, 0.000290, 0.000286
1458, 0.000481, 0.000267, 0.000265
1459, 0.000477, 0.000279, 0.000275
1460, 0.000478, 0.000276, 0.000273
1461, 0.000475, 0.000266, 0.000264
1462, 0.000475, 0.000283, 0.000279
1463, 0.000477, 0.000265, 0.000262
1464, 0.000479, 0.000280, 0.000276
1465, 0.000476, 0.000270, 0.000266
1466, 0.000476, 0.000268, 0.000266
1467, 0.000477, 0.000283, 0.000278
1468, 0.000478, 0.000263, 0.000260
1469, 0.000479, 0.000288, 0.000285
1470, 0.000481, 0.000266, 0.000262
1471, 0.000478, 0.000275, 0.000272
1472, 0.000475, 0.000280, 0.000276
1473, 0.000476, 0.000269, 0.000265
1474, 0.000475, 0.000285, 0.000281
1475, 0.000478, 0.000264, 0.000261
1476, 0.000478, 0.000292, 0.000286
1477, 0.000480, 0.000267, 0.000264
1478, 0.000476, 0.000279, 0.000276
1479, 0.000475, 0.000278, 0.000273
1480, 0.000476, 0.000263, 0.000261
1481, 0.000476, 0.000300, 0.000295
1482, 0.000479, 0.000264, 0.000260
1483, 0.000476, 0.000271, 0.000268
1484, 0.000471, 0.000284, 0.000280
1485, 0.000476, 0.000262, 0.000259
1486, 0.000475, 0.000282, 0.000277
1487, 0.000472, 0.000273, 0.000270
1488, 0.000472, 0.000266, 0.000262
1489, 0.000472, 0.000275, 0.000270
1490, 0.000474, 0.000274, 0.000271
1491, 0.000473, 0.000269, 0.000265
1492, 0.000470, 0.000273, 0.000268
1493, 0.000471, 0.000275, 0.000273
1494, 0.000470, 0.000270, 0.000265
1495, 0.000471, 0.000274, 0.000270
1496, 0.000469, 0.000268, 0.000266
1497, 0.000474, 0.000280, 0.000275
1498, 0.000473, 0.000264, 0.000260
1499, 0.000470, 0.000281, 0.000277
1500, 0.000470, 0.000271, 0.000265
1501, 0.000471, 0.000267, 0.000263
1502, 0.000470, 0.000282, 0.000278
1503, 0.000471, 0.000267, 0.000262
1504, 0.000471, 0.000269, 0.000265
1505, 0.000468, 0.000279, 0.000275
1506, 0.000471, 0.000266, 0.000261
1507, 0.000470, 0.000276, 0.000271
1508, 0.000466, 0.000273, 0.000269
1509, 0.000470, 0.000266, 0.000260
1510, 0.000468, 0.000278, 0.000272
1511, 0.000468, 0.000270, 0.000266
1512, 0.000470, 0.000269, 0.000264
1513, 0.000468, 0.000272, 0.000267
1514, 0.000469, 0.000272, 0.000268
1515, 0.000468, 0.000270, 0.000265
1516, 0.000467, 0.000274, 0.000269
1517, 0.000467, 0.000265, 0.000262
1518, 0.000468, 0.000275, 0.000270
1519, 0.000465, 0.000269, 0.000264
1520, 0.000469, 0.000272, 0.000268
1521, 0.000467, 0.000268, 0.000264
1522, 0.000466, 0.000270, 0.000265
1523, 0.000464, 0.000269, 0.000265
1524, 0.000469, 0.000270, 0.000265
1525, 0.000467, 0.000268, 0.000264
1526, 0.000465, 0.000266, 0.000263
1527, 0.000467, 0.000279, 0.000274
1528, 0.000468, 0.000259, 0.000256
1529, 0.000467, 0.000275, 0.000271
1530, 0.000466, 0.000265, 0.000261
1531, 0.000467, 0.000267, 0.000264
1532, 0.000465, 0.000276, 0.000272
1533, 0.000464, 0.000264, 0.000259
1534, 0.000466, 0.000279, 0.000275
1535, 0.000464, 0.000266, 0.000261
1536, 0.000463, 0.000268, 0.000262
1537, 0.000465, 0.000279, 0.000275
1538, 0.000466, 0.000258, 0.000254
1539, 0.000463, 0.000278, 0.000272
1540, 0.000466, 0.000266, 0.000263
1541, 0.000467, 0.000275, 0.000269
1542, 0.000466, 0.000264, 0.000260
1543, 0.000462, 0.000272, 0.000268
1544, 0.000462, 0.000266, 0.000261
1545, 0.000465, 0.000267, 0.000263
1546, 0.000465, 0.000265, 0.000263
1547, 0.000463, 0.000276, 0.000272
1548, 0.000465, 0.000259, 0.000256
1549, 0.000463, 0.000291, 0.000286
1550, 0.000467, 0.000256, 0.000253
1551, 0.000469, 0.000289, 0.000283
1552, 0.000467, 0.000264, 0.000260
1553, 0.000462, 0.000261, 0.000257
1554, 0.000462, 0.000296, 0.000290
1555, 0.000470, 0.000256, 0.000253
1556, 0.000472, 0.000314, 0.000306
1557, 0.000479, 0.000256, 0.000252
1558, 0.000469, 0.000275, 0.000269
1559, 0.000462, 0.000267, 0.000263
1560, 0.000461, 0.000259, 0.000255
1561, 0.000461, 0.000272, 0.000267
1562, 0.000463, 0.000261, 0.000257
1563, 0.000460, 0.000268, 0.000263
1564, 0.000457, 0.000265, 0.000260
1565, 0.000456, 0.000261, 0.000256
1566, 0.000459, 0.000275, 0.000269
1567, 0.000464, 0.000259, 0.000255
1568, 0.000460, 0.000273, 0.000268
1569, 0.000460, 0.000261, 0.000257
1570, 0.000462, 0.000278, 0.000272
1571, 0.000462, 0.000256, 0.000252
1572, 0.000462, 0.000278, 0.000273
1573, 0.000461, 0.000256, 0.000253
1574, 0.000460, 0.000271, 0.000265
1575, 0.000457, 0.000261, 0.000256
1576, 0.000458, 0.000262, 0.000258
1577, 0.000459, 0.000268, 0.000263
1578, 0.000456, 0.000256, 0.000251
1579, 0.000462, 0.000278, 0.000273
1580, 0.000462, 0.000255, 0.000251
1581, 0.000460, 0.000270, 0.000265
1582, 0.000458, 0.000261, 0.000257
1583, 0.000459, 0.000271, 0.000265
1584, 0.000458, 0.000260, 0.000255
1585, 0.000458, 0.000264, 0.000259
1586, 0.000456, 0.000267, 0.000262
1587, 0.000458, 0.000263, 0.000258
1588, 0.000456, 0.000257, 0.000253
1589, 0.000458, 0.000287, 0.000281
1590, 0.000461, 0.000253, 0.000249
1591, 0.000463, 0.000297, 0.000291
1592, 0.000465, 0.000249, 0.000245
1593, 0.000462, 0.000278, 0.000273
1594, 0.000456, 0.000265, 0.000259
1595, 0.000456, 0.000251, 0.000247
1596, 0.000456, 0.000291, 0.000284
1597, 0.000462, 0.000250, 0.000246
1598, 0.000463, 0.000283, 0.000276
1599, 0.000460, 0.000252, 0.000248
1600, 0.000453, 0.000261, 0.000256
1601, 0.000456, 0.000270, 0.000265
1602, 0.000453, 0.000251, 0.000247
1603, 0.000456, 0.000283, 0.000277
1604, 0.000457, 0.000251, 0.000245
1605, 0.000455, 0.000266, 0.000261
1606, 0.000454, 0.000264, 0.000258
1607, 0.000452, 0.000249, 0.000244
1608, 0.000453, 0.000284, 0.000278
1609, 0.000458, 0.000253, 0.000249
1610, 0.000458, 0.000268, 0.000262
1611, 0.000454, 0.000259, 0.000254
1612, 0.000452, 0.000261, 0.000257
1613, 0.000451, 0.000260, 0.000254
1614, 0.000454, 0.000266, 0.000260
1615, 0.000451, 0.000257, 0.000252
1616, 0.000452, 0.000265, 0.000258
1617, 0.000452, 0.000257, 0.000252
1618, 0.000454, 0.000262, 0.000257
1619, 0.000452, 0.000259, 0.000254
1620, 0.000452, 0.000255, 0.000250
1621, 0.000453, 0.000282, 0.000275
1622, 0.000453, 0.000247, 0.000243
1623, 0.000457, 0.000282, 0.000274
1624, 0.000454, 0.000251, 0.000246
1625, 0.000453, 0.000261, 0.000255
1626, 0.000449, 0.000274, 0.000268
1627, 0.000451, 0.000246, 0.000242
1628, 0.000454, 0.000291, 0.000283
1629, 0.000458, 0.000245, 0.000241
1630, 0.000456, 0.000274, 0.000267
1631, 0.000454, 0.000253, 0.000247
1632, 0.000451, 0.000253, 0.000247
1633, 0.000449, 0.000276, 0.000269
1634, 0.000451, 0.000246, 0.000242
1635, 0.000452, 0.000272, 0.000265
1636, 0.000453, 0.000251, 0.000245
1637, 0.000450, 0.000261, 0.000255
1638, 0.000447, 0.000266, 0.000260
1639, 0.000448, 0.000249, 0.000244
1640, 0.000449, 0.000271, 0.000266
1641, 0.000452, 0.000248, 0.000242
1642, 0.000448, 0.000263, 0.000256
1643, 0.000447, 0.000254, 0.000248
1644, 0.000447, 0.000257, 0.000251
1645, 0.000446, 0.000262, 0.000256
1646, 0.000448, 0.000253, 0.000248
1647, 0.000446, 0.000260, 0.000253
1648, 0.000448, 0.000256, 0.000250
1649, 0.000446, 0.000259, 0.000253
1650, 0.000447, 0.000256, 0.000249
1651, 0.000451, 0.000254, 0.000249
1652, 0.000445, 0.000271, 0.000263
1653, 0.000447, 0.000244, 0.000239
1654, 0.000451, 0.000279, 0.000272
1655, 0.000449, 0.000246, 0.000240
1656, 0.000442, 0.000256, 0.000248
1657, 0.000446, 0.000270, 0.000264
1658, 0.000448, 0.000245, 0.000239
1659, 0.000448, 0.000271, 0.000263
1660, 0.000447, 0.000254, 0.000249
1661, 0.000448, 0.000257, 0.000251
1662, 0.000444, 0.000259, 0.000253
1663, 0.000444, 0.000256, 0.000252
1664, 0.000447, 0.000260, 0.000253
1665, 0.000443, 0.000249, 0.000243
1666, 0.000444, 0.000265, 0.000259
1667, 0.000446, 0.000248, 0.000242
1668, 0.000442, 0.000252, 0.000245
1669, 0.000443, 0.000262, 0.000255
1670, 0.000444, 0.000243, 0.000237
1671, 0.000448, 0.000276, 0.000267
1672, 0.000449, 0.000241, 0.000235
1673, 0.000446, 0.000282, 0.000274
1674, 0.000451, 0.000243, 0.000238
1675, 0.000448, 0.000270, 0.000262
1676, 0.000442, 0.000253, 0.000246
1677, 0.000439, 0.000244, 0.000237
1678, 0.000442, 0.000278, 0.000270
1679, 0.000446, 0.000239, 0.000234
1680, 0.000448, 0.000286, 0.000277
1681, 0.000448, 0.000243, 0.000237
1682, 0.000444, 0.000251, 0.000245
1683, 0.000438, 0.000273, 0.000265
1684, 0.000445, 0.000236, 0.000231
1685, 0.000451, 0.000295, 0.000285
1686, 0.000451, 0.000241, 0.000236
1687, 0.000445, 0.000254, 0.000246
1688, 0.000438, 0.000264, 0.000257
1689, 0.000439, 0.000241, 0.000236
1690, 0.000443, 0.000282, 0.000273
1691, 0.000446, 0.000241, 0.000234
1692, 0.000440, 0.000255, 0.000247
1693, 0.000436, 0.000268, 0.000259
1694, 0.000440, 0.000239, 0.000232
1695, 0.000442, 0.000278, 0.000268
1696, 0.000442, 0.000237, 0.000231
1697, 0.000442, 0.000258, 0.000250
1698, 0.000438, 0.000252, 0.000244
1699, 0.000437, 0.000239, 0.000233
1700, 0.000440, 0.000272, 0.000263
1701, 0.000440, 0.000240, 0.000233
1702, 0.000438, 0.000258, 0.000249
1703, 0.000438, 0.000254, 0.000246
1704, 0.000437, 0.000240, 0.000233
1705, 0.000437, 0.000271, 0.000262
1706, 0.000438, 0.000239, 0.000233
1707, 0.000438, 0.000260, 0.000251
1708, 0.000437, 0.000246, 0.000238
1709, 0.000435, 0.000244, 0.000237
1710, 0.000434, 0.000260, 0.000251
1711, 0.000435, 0.000240, 0.000233
1712, 0.000434, 0.000253, 0.000245
1713, 0.000436, 0.000251, 0.000243
1714, 0.000433, 0.000243, 0.000236
1715, 0.000434, 0.000258, 0.000251
1716, 0.000434, 0.000245, 0.000238
1717, 0.000433, 0.000239, 0.000233
1718, 0.000435, 0.000273, 0.000265
1719, 0.000440, 0.000233, 0.000227
1720, 0.000444, 0.000282, 0.000273
1721, 0.000444, 0.000235, 0.000228
1722, 0.000435, 0.000244, 0.000236
1723, 0.000433, 0.000270, 0.000260
1724, 0.000436, 0.000234, 0.000228
1725, 0.000444, 0.000284, 0.000274
1726, 0.000443, 0.000235, 0.000228
1727, 0.000434, 0.000249, 0.000242
1728, 0.000433, 0.000259, 0.000250
1729, 0.000432, 0.000236, 0.000229
1730, 0.000433, 0.000272, 0.000263
1731, 0.000436, 0.000237, 0.000229
1732, 0.000436, 0.000259, 0.000250
1733, 0.000435, 0.000242, 0.000235
1734, 0.000430, 0.000243, 0.000235
1735, 0.000428, 0.000254, 0.000245
1736, 0.000430, 0.000237, 0.000231
1737, 0.000434, 0.000259, 0.000250
1738, 0.000432, 0.000235, 0.000228
1739, 0.000432, 0.000248, 0.000240
1740, 0.000428, 0.000249, 0.000241
1741, 0.000430, 0.000240, 0.000232
1742, 0.000428, 0.000244, 0.000236
1743, 0.000430, 0.000253, 0.000245
1744, 0.000428, 0.000240, 0.000231
1745, 0.000430, 0.000255, 0.000247
1746, 0.000429, 0.000243, 0.000235
1747, 0.000427, 0.000240, 0.000232
1748, 0.000430, 0.000256, 0.000248
1749, 0.000430, 0.000237, 0.000229
1750, 0.000429, 0.000259, 0.000249
1751, 0.000428, 0.000237, 0.000229
1752, 0.000427, 0.000251, 0.000242
1753, 0.000429, 0.000240, 0.000233
1754, 0.000427, 0.000240, 0.000232
1755, 0.000427, 0.000251, 0.000243
1756, 0.000426, 0.000238, 0.000231
1757, 0.000430, 0.000261, 0.000252
1758, 0.000430, 0.000232, 0.000224
1759, 0.000429, 0.000256, 0.000248
1760, 0.000428, 0.000243, 0.000234
1761, 0.000426, 0.000235, 0.000226
1762, 0.000426, 0.000263, 0.000254
1763, 0.000429, 0.000233, 0.000225
1764, 0.000428, 0.000257, 0.000247
1765, 0.000425, 0.000238, 0.000231
1766, 0.000427, 0.000246, 0.000236
1767, 0.000424, 0.000253, 0.000243
1768, 0.000426, 0.000229, 0.000222
1769, 0.000429, 0.000266, 0.000256
1770, 0.000429, 0.000229, 0.000221
1771, 0.000425, 0.000246, 0.000237
1772, 0.000424, 0.000246, 0.000237
1773, 0.000422, 0.000233, 0.000224
1774, 0.000425, 0.000256, 0.000246
1775, 0.000423, 0.000232, 0.000224
1776, 0.000424, 0.000255, 0.000245
1777, 0.000424, 0.000235, 0.000226
1778, 0.000423, 0.000245, 0.000237
1779, 0.000422, 0.000243, 0.000234
1780, 0.000422, 0.000238, 0.000231
1781, 0.000421, 0.000245, 0.000237
1782, 0.000423, 0.000235, 0.000226
1783, 0.000423, 0.000248, 0.000239
1784, 0.000421, 0.000235, 0.000227
1785, 0.000422, 0.000241, 0.000231
1786, 0.000424, 0.000245, 0.000236
1787, 0.000422, 0.000234, 0.000225
1788, 0.000421, 0.000251, 0.000240
1789, 0.000422, 0.000229, 0.000221
1790, 0.000421, 0.000253, 0.000243
1791, 0.000419, 0.000235, 0.000226
1792, 0.000420, 0.000233, 0.000225
1793, 0.000419, 0.000259, 0.000249
1794, 0.000421, 0.000227, 0.000218
1795, 0.000422, 0.000256, 0.000244
1796, 0.000421, 0.000230, 0.000221
1797, 0.000418, 0.000241, 0.000231
1798, 0.000416, 0.000251, 0.000240
1799, 0.000419, 0.000231, 0.000222
1800, 0.000421, 0.000263, 0.000252
1801, 0.000422, 0.000228, 0.000220
1802, 0.000418, 0.000244, 0.000234
1803, 0.000418, 0.000246, 0.000236
1804, 0.000419, 0.000231, 0.000222
1805, 0.000419, 0.000252, 0.000240
1806, 0.000419, 0.000231, 0.000222
1807, 0.000417, 0.000243, 0.000234
1808, 0.000417, 0.000241, 0.000231
1809, 0.000416, 0.000229, 0.000220
1810, 0.000418, 0.000254, 0.000243
1811, 0.000417, 0.000231, 0.000222
1812, 0.000416, 0.000240, 0.000230
1813, 0.000417, 0.000237, 0.000228
1814, 0.000416, 0.000241, 0.000232
1815, 0.000415, 0.000236, 0.000227
1816, 0.000417, 0.000247, 0.000238
1817, 0.000416, 0.000233, 0.000223
1818, 0.000416, 0.000246, 0.000236
1819, 0.000417, 0.000233, 0.000224
1820, 0.000412, 0.000236, 0.000226
1821, 0.000415, 0.000238, 0.000227
1822, 0.000414, 0.000232, 0.000222
1823, 0.000413, 0.000251, 0.000240
1824, 0.000415, 0.000230, 0.000220
1825, 0.000413, 0.000245, 0.000234
1826, 0.000412, 0.000238, 0.000228
1827, 0.000412, 0.000237, 0.000226
1828, 0.000411, 0.000244, 0.000233
1829, 0.000412, 0.000237, 0.000227
1830, 0.000415, 0.000236, 0.000225
1831, 0.000412, 0.000248, 0.000237
1832, 0.000415, 0.000222, 0.000214
1833, 0.000414, 0.000259, 0.000249
1834, 0.000417, 0.000222, 0.000212
1835, 0.000414, 0.000237, 0.000227
1836, 0.000411, 0.000247, 0.000237
1837, 0.000411, 0.000219, 0.000209
1838, 0.000419, 0.000275, 0.000262
1839, 0.000419, 0.000222, 0.000213
1840, 0.000416, 0.000250, 0.000238
1841, 0.000411, 0.000235, 0.000224
1842, 0.000410, 0.000228, 0.000219
1843, 0.000412, 0.000267, 0.000255
1844, 0.000416, 0.000220, 0.000211
1845, 0.000421, 0.000274, 0.000262
1846, 0.000421, 0.000216, 0.000207
1847, 0.000418, 0.000259, 0.000248
1848, 0.000414, 0.000230, 0.000220
1849, 0.000407, 0.000226, 0.000217
1850, 0.000413, 0.000272, 0.000260
1851, 0.000419, 0.000215, 0.000207
1852, 0.000421, 0.000280, 0.000268
1853, 0.000425, 0.000220, 0.000211
1854, 0.000417, 0.000245, 0.000234
1855, 0.000412, 0.000237, 0.000227
1856, 0.000408, 0.000222, 0.000213
1857, 0.000412, 0.000260, 0.000247
1858, 0.000413, 0.000218, 0.000209
1859, 0.000411, 0.000245, 0.000234
1860, 0.000409, 0.000235, 0.000223
1861, 0.000408, 0.000220, 0.000210
1862, 0.000409, 0.000264, 0.000253
1863, 0.000414, 0.000215, 0.000205
1864, 0.000413, 0.000252, 0.000240
1865, 0.000410, 0.000226, 0.000217
1866, 0.000407, 0.000224, 0.000213
1867, 0.000408, 0.000245, 0.000233
1868, 0.000408, 0.000219, 0.000210
1869, 0.000405, 0.000239, 0.000226
1870, 0.000408, 0.000227, 0.000216
1871, 0.000406, 0.000229, 0.000219
1872, 0.000406, 0.000234, 0.000223
1873, 0.000404, 0.000225, 0.000215
1874, 0.000406, 0.000242, 0.000231
1875, 0.000406, 0.000221, 0.000211
1876, 0.000406, 0.000235, 0.000224
1877, 0.000404, 0.000233, 0.000222
1878, 0.000405, 0.000215, 0.000205
1879, 0.000407, 0.000266, 0.000253
1880, 0.000412, 0.000210, 0.000201
1881, 0.000413, 0.000264, 0.000250
1882, 0.000410, 0.000216, 0.000206
1883, 0.000403, 0.000227, 0.000216
1884, 0.000401, 0.000239, 0.000226
1885, 0.000402, 0.000214, 0.000205
1886, 0.000407, 0.000251, 0.000239
1887, 0.000406, 0.000219, 0.000208
1888, 0.000402, 0.000225, 0.000215
1889, 0.000402, 0.000248, 0.000236
1890, 0.000404, 0.000213, 0.000204
1891, 0.000407, 0.000247, 0.000234
1892, 0.000404, 0.000219, 0.000208
1893, 0.000403, 0.000236, 0.000224
1894, 0.000402, 0.000220, 0.000210
1895, 0.000400, 0.000229, 0.000218
1896, 0.000402, 0.000224, 0.000213
1897, 0.000399, 0.000224, 0.000213
1898, 0.000401, 0.000230, 0.000219
1899, 0.000398, 0.000222, 0.000211
1900, 0.000398, 0.000230, 0.000219
1901, 0.000397, 0.000220, 0.000209
1902, 0.000399, 0.000239, 0.000227
1903, 0.000400, 0.000220, 0.000209
1904, 0.000400, 0.000228, 0.000217
1905, 0.000399, 0.000223, 0.000211
1906, 0.000395, 0.000227, 0.000216
1907, 0.000397, 0.000227, 0.000215
1908, 0.000396, 0.000220, 0.000208
1909, 0.000398, 0.000239, 0.000226
1910, 0.000398, 0.000214, 0.000203
1911, 0.000400, 0.000243, 0.000230
1912, 0.000399, 0.000218, 0.000206
1913, 0.000400, 0.000228, 0.000216
1914, 0.000395, 0.000232, 0.000219
1915, 0.000396, 0.000213, 0.000202
1916, 0.000397, 0.000245, 0.000231
1917, 0.000399, 0.000211, 0.000199
1918, 0.000399, 0.000237, 0.000223
1919, 0.000395, 0.000230, 0.000217
1920, 0.000396, 0.000211, 0.000200
1921, 0.000397, 0.000252, 0.000239
1922, 0.000400, 0.000208, 0.000198
1923, 0.000401, 0.000247, 0.000234
1924, 0.000399, 0.000214, 0.000202
1925, 0.000397, 0.000231, 0.000218
1926, 0.000395, 0.000227, 0.000214
1927, 0.000396, 0.000224, 0.000212
1928, 0.000391, 0.000218, 0.000206
1929, 0.000392, 0.000237, 0.000224
1930, 0.000394, 0.000213, 0.000201
1931, 0.000397, 0.000234, 0.000222
1932, 0.000395, 0.000225, 0.000213
1933, 0.000394, 0.000218, 0.000206
1934, 0.000395, 0.000230, 0.000218
1935, 0.000394, 0.000217, 0.000205
1936, 0.000391, 0.000222, 0.000210
1937, 0.000391, 0.000219, 0.000207
1938, 0.000391, 0.000225, 0.000213
1939, 0.000392, 0.000212, 0.000200
1940, 0.000392, 0.000234, 0.000221
1941, 0.000391, 0.000216, 0.000204
1942, 0.000390, 0.000232, 0.000219
1943, 0.000392, 0.000224, 0.000212
1944, 0.000389, 0.000215, 0.000203
1945, 0.000391, 0.000237, 0.000224
1946, 0.000394, 0.000211, 0.000200
1947, 0.000391, 0.000236, 0.000224
1948, 0.000389, 0.000218, 0.000206
1949, 0.000392, 0.000214, 0.000203
1950, 0.000390, 0.000244, 0.000231
1951, 0.000393, 0.000204, 0.000194
1952, 0.000398, 0.000260, 0.000246
1953, 0.000398, 0.000203, 0.000192
1954, 0.000399, 0.000249, 0.000236
1955, 0.000395, 0.000215, 0.000203
1956, 0.000388, 0.000215, 0.000202
1957, 0.000391, 0.000246, 0.000232
1958, 0.000392, 0.000205, 0.000194
1959, 0.000393, 0.000245, 0.000231
1960, 0.000392, 0.000210, 0.000198
1961, 0.000390, 0.000229, 0.000216
1962, 0.000386, 0.000220, 0.000207
1963, 0.000386, 0.000209, 0.000196
1964, 0.000389, 0.000249, 0.000234
1965, 0.000393, 0.000203, 0.000192
1966, 0.000392, 0.000239, 0.000225
1967, 0.000388, 0.000218, 0.000206
1968, 0.000386, 0.000206, 0.000195
1969, 0.000391, 0.000259, 0.000245
1970, 0.000395, 0.000200, 0.000189
1971, 0.000396, 0.000242, 0.000228
1972, 0.000389, 0.000222, 0.000209
1973, 0.000384, 0.000203, 0.000191
1974, 0.000390, 0.000261, 0.000245
1975, 0.000396, 0.000198, 0.000186
1976, 0.000397, 0.000256, 0.000242
1977, 0.000394, 0.000202, 0.000190
1978, 0.000387, 0.000225, 0.000213
1979, 0.000386, 0.000226, 0.000214
1980, 0.000385, 0.000202, 0.000190
1981, 0.000388, 0.000245, 0.000232
1982, 0.000390, 0.000204, 0.000193
1983, 0.000386, 0.000218, 0.000205
1984, 0.000384, 0.000225, 0.000211
1985, 0.000384, 0.000204, 0.000193
1986, 0.000387, 0.000233, 0.000219
1987, 0.000384, 0.000209, 0.000197
1988, 0.000384, 0.000220, 0.000208
1989, 0.000382, 0.000224, 0.000211
1990, 0.000386, 0.000208, 0.000196
1991, 0.000386, 0.000230, 0.000217
1992, 0.000381, 0.000210, 0.000196
1993, 0.000384, 0.000218, 0.000204
1994, 0.000383, 0.000229, 0.000215
1995, 0.000385, 0.000203, 0.000190
1996, 0.000388, 0.000240, 0.000226
1997, 0.000387, 0.000202, 0.000190
1998, 0.000383, 0.000225, 0.000212
1999, 0.000384, 0.000218, 0.000206
2000, 0.000381, 0.000205, 0.000193
2001, 0.000380, 0.000240, 0.000226
2002, 0.000383, 0.000203, 0.000190
2003, 0.000386, 0.000229, 0.000213
2004, 0.000381, 0.000214, 0.000200
2005, 0.000380, 0.000203, 0.000191
2006, 0.000381, 0.000236, 0.000222
2007, 0.000384, 0.000199, 0.000187
2008, 0.000382, 0.000227, 0.000214
2009, 0.000380, 0.000211, 0.000198
2010, 0.000382, 0.000210, 0.000197
2011, 0.000380, 0.000235, 0.000220
2012, 0.000382, 0.000199, 0.000186
2013, 0.000385, 0.000237, 0.000222
2014, 0.000384, 0.000204, 0.000190
2015, 0.000379, 0.000222, 0.000207
2016, 0.000377, 0.000221, 0.000207
2017, 0.000379, 0.000202, 0.000190
2018, 0.000381, 0.000244, 0.000229
2019, 0.000383, 0.000196, 0.000183
2020, 0.000381, 0.000233, 0.000218
2021, 0.000382, 0.000202, 0.000189
2022, 0.000379, 0.000217, 0.000203
2023, 0.000378, 0.000221, 0.000207
2024, 0.000379, 0.000200, 0.000188
2025, 0.000378, 0.000237, 0.000223
2026, 0.000380, 0.000203, 0.000190
2027, 0.000380, 0.000217, 0.000204
2028, 0.000375, 0.000206, 0.000194
2029, 0.000379, 0.000218, 0.000204
2030, 0.000377, 0.000210, 0.000197
2031, 0.000375, 0.000219, 0.000206
2032, 0.000374, 0.000210, 0.000196
2033, 0.000374, 0.000217, 0.000203
2034, 0.000373, 0.000206, 0.000193
2035, 0.000376, 0.000216, 0.000202
2036, 0.000374, 0.000209, 0.000196
2037, 0.000373, 0.000213, 0.000199
2038, 0.000374, 0.000222, 0.000208
2039, 0.000375, 0.000198, 0.000185
2040, 0.000378, 0.000241, 0.000225
2041, 0.000381, 0.000195, 0.000182
2042, 0.000380, 0.000234, 0.000218
2043, 0.000375, 0.000206, 0.000191
2044, 0.000377, 0.000211, 0.000197
2045, 0.000375, 0.000219, 0.000205
2046, 0.000372, 0.000201, 0.000187
2047, 0.000375, 0.000224, 0.000210
2048, 0.000374, 0.000208, 0.000195
2049, 0.000373, 0.000202, 0.000189
2050, 0.000370, 0.000230, 0.000215
2051, 0.000372, 0.000196, 0.000184
2052, 0.000376, 0.000234, 0.000218
2053, 0.000374, 0.000200, 0.000186
2054, 0.000375, 0.000227, 0.000212
2055, 0.000372, 0.000200, 0.000186
2056, 0.000372, 0.000223, 0.000208
2057, 0.000374, 0.000201, 0.000187
2058, 0.000372, 0.000224, 0.000210
2059, 0.000374, 0.000202, 0.000188
2060, 0.000373, 0.000222, 0.000207
2061, 0.000371, 0.000207, 0.000193
2062, 0.000370, 0.000207, 0.000193
2063, 0.000369, 0.000216, 0.000202
2064, 0.000368, 0.000202, 0.000188
2065, 0.000367, 0.000218, 0.000204
2066, 0.000368, 0.000207, 0.000193
2067, 0.000372, 0.000206, 0.000192
2068, 0.000371, 0.000223, 0.000208
2069, 0.000371, 0.000200, 0.000185
2070, 0.000367, 0.000217, 0.000202
2071, 0.000369, 0.000213, 0.000199
2072, 0.000372, 0.000204, 0.000190
2073, 0.000370, 0.000224, 0.000210
2074, 0.000369, 0.000205, 0.000193
2075, 0.000373, 0.000219, 0.000205
2076, 0.000370, 0.000211, 0.000197
2077, 0.000369, 0.000208, 0.000195
2078, 0.000372, 0.000215, 0.000199
2079, 0.000369, 0.000208, 0.000192
2080, 0.000367, 0.000210, 0.000195
2081, 0.000367, 0.000222, 0.000206
2082, 0.000368, 0.000197, 0.000183
2083, 0.000369, 0.000236, 0.000220
2084, 0.000373, 0.000195, 0.000182
2085, 0.000371, 0.000226, 0.000211
2086, 0.000368, 0.000208, 0.000194
2087, 0.000368, 0.000203, 0.000189
2088, 0.000367, 0.000221, 0.000207
2089, 0.000367, 0.000205, 0.000191
2090, 0.000365, 0.000210, 0.000195
2091, 0.000366, 0.000206, 0.000192
2092, 0.000365, 0.000208, 0.000193
2093, 0.000364, 0.000210, 0.000195
2094, 0.000363, 0.000203, 0.000189
2095, 0.000364, 0.000215, 0.000199
2096, 0.000363, 0.000204, 0.000189
2097, 0.000364, 0.000209, 0.000194
2098, 0.000364, 0.000212, 0.000197
2099, 0.000366, 0.000198, 0.000184
2100, 0.000366, 0.000228, 0.000213
2101, 0.000366, 0.000195, 0.000181
2102, 0.000366, 0.000234, 0.000218
2103, 0.000367, 0.000190, 0.000176
2104, 0.000369, 0.000242, 0.000225
2105, 0.000371, 0.000194, 0.000180
2106, 0.000367, 0.000226, 0.000211
2107, 0.000365, 0.000201, 0.000187
2108, 0.000361, 0.000203, 0.000188
2109, 0.000362, 0.000221, 0.000206
2110, 0.000365, 0.000197, 0.000183
2111, 0.000363, 0.000217, 0.000201
2112, 0.000363, 0.000205, 0.000189
2113, 0.000363, 0.000214, 0.000198
2114, 0.000362, 0.000205, 0.000189
2115, 0.000363, 0.000217, 0.000201
2116, 0.000362, 0.000207, 0.000191
2117, 0.000359, 0.000211, 0.000195
2118, 0.000362, 0.000206, 0.000191
2119, 0.000361, 0.000213, 0.000197
2120, 0.000361, 0.000201, 0.000185
2121, 0.000361, 0.000218, 0.000202
2122, 0.000357, 0.000201, 0.000185
2123, 0.000362, 0.000206, 0.000190
2124, 0.000360, 0.000207, 0.000192
2125, 0.000360, 0.000199, 0.000185
2126, 0.000360, 0.000221, 0.000206
2127, 0.000361, 0.000193, 0.000179
2128, 0.000361, 0.000232, 0.000216
2129, 0.000363, 0.000195, 0.000180
2130, 0.000361, 0.000224, 0.000207
2131, 0.000361, 0.000204, 0.000189
2132, 0.000361, 0.000205, 0.000189
2133, 0.000360, 0.000219, 0.000202
2134, 0.000360, 0.000193, 0.000178
2135, 0.000360, 0.000235, 0.000219
2136, 0.000362, 0.000186, 0.000172
2137, 0.000367, 0.000240, 0.000223
2138, 0.000363, 0.000185, 0.000171
2139, 0.000362, 0.000223, 0.000206
2140, 0.000358, 0.000210, 0.000194
2141, 0.000359, 0.000188, 0.000173
2142, 0.000363, 0.000260, 0.000242
2143, 0.000369, 0.000180, 0.000166
2144, 0.000372, 0.000268, 0.000251
2145, 0.000374, 0.000187, 0.000173
2146, 0.000366, 0.000225, 0.000209
2147, 0.000356, 0.000208, 0.000193
2148, 0.000356, 0.000189, 0.000174
2149, 0.000357, 0.000235, 0.000217
2150, 0.000360, 0.000186, 0.000171
2151, 0.000363, 0.000222, 0.000205
2152, 0.000357, 0.000199, 0.000183
2153, 0.000356, 0.000198, 0.000182
2154, 0.000354, 0.000212, 0.000196
2155, 0.000355, 0.000197, 0.000181
2156, 0.000353, 0.000202, 0.000187
2157, 0.000354, 0.000210, 0.000195
2158, 0.000356, 0.000190, 0.000175
2159, 0.000355, 0.000220, 0.000204
2160, 0.000355, 0.000191, 0.000176
2161, 0.000355, 0.000216, 0.000199
2162, 0.000357, 0.000194, 0.000178
2163, 0.000353, 0.000209, 0.000193
2164, 0.000354, 0.000208, 0.000191
2165, 0.000354, 0.000197, 0.000181
2166, 0.000352, 0.000213, 0.000197
2167, 0.000352, 0.000204, 0.000187
2168, 0.000355, 0.000196, 0.000181
2169, 0.000353, 0.000219, 0.000203
2170, 0.000355, 0.000189, 0.000174
2171, 0.000356, 0.000225, 0.000208
2172, 0.000355, 0.000189, 0.000174
2173, 0.000355, 0.000223, 0.000207
2174, 0.000355, 0.000191, 0.000176
2175, 0.000355, 0.000213, 0.000197
2176, 0.000353, 0.000198, 0.000183
2177, 0.000354, 0.000206, 0.000190
2178, 0.000350, 0.000203, 0.000187
2179, 0.000349, 0.000202, 0.000187
2180, 0.000353, 0.000200, 0.000183
2181, 0.000350, 0.000209, 0.000191
2182, 0.000352, 0.000194, 0.000178
2183, 0.000351, 0.000213, 0.000195
2184, 0.000352, 0.000188, 0.000172
2185, 0.000353, 0.000223, 0.000206
2186, 0.000352, 0.000191, 0.000176
2187, 0.000349, 0.000210, 0.000194
2188, 0.000348, 0.000205, 0.000189
2189, 0.000349, 0.000190, 0.000175
2190, 0.000351, 0.000223, 0.000206
2191, 0.000352, 0.000189, 0.000173
2192, 0.000352, 0.000220, 0.000203
2193, 0.000351, 0.000195, 0.000178
2194, 0.000352, 0.000200, 0.000184
2195, 0.000349, 0.000210, 0.000194
2196, 0.000349, 0.000195, 0.000179
2197, 0.000348, 0.000225, 0.000208
2198, 0.000352, 0.000182, 0.000167
2199, 0.000356, 0.000233, 0.000215
2200, 0.000353, 0.000185, 0.000170
2201, 0.000351, 0.000218, 0.000202
2202, 0.000352, 0.000196, 0.000179
2203, 0.000347, 0.000200, 0.000184
2204, 0.000347, 0.000214, 0.000198
2205, 0.000349, 0.000188, 0.000173
2206, 0.000350, 0.000233, 0.000215
2207, 0.000351, 0.000181, 0.000165
2208, 0.000353, 0.000246, 0.000227
2209, 0.000355, 0.000185, 0.000168
2210, 0.000350, 0.000216, 0.000198
2211, 0.000347, 0.000205, 0.000189
2212, 0.000350, 0.000186, 0.000170
2213, 0.000351, 0.000235, 0.000217
2214, 0.000352, 0.000177, 0.000163
2215, 0.000354, 0.000239, 0.000222
2216, 0.000354, 0.000178, 0.000163
2217, 0.000351, 0.000219, 0.000202
2218, 0.000347, 0.000203, 0.000187
2219, 0.000346, 0.000189, 0.000172
2220, 0.000349, 0.000235, 0.000216
2221, 0.000351, 0.000179, 0.000163
2222, 0.000352, 0.000235, 0.000216
2223, 0.000351, 0.000187, 0.000171
2224, 0.000349, 0.000213, 0.000196
2225, 0.000346, 0.000201, 0.000184
2226, 0.000344, 0.000192, 0.000176
2227, 0.000344, 0.000211, 0.000194
2228, 0.000345, 0.000189, 0.000172
2229, 0.000347, 0.000213, 0.000194
2230, 0.000344, 0.000189, 0.000173
2231, 0.000346, 0.000217, 0.000198
2232, 0.000344, 0.000185, 0.000169
2233, 0.000346, 0.000213, 0.000196
2234, 0.000346, 0.000194, 0.000177
2235, 0.000344, 0.000197, 0.000180
2236, 0.000343, 0.000219, 0.000202
2237, 0.000345, 0.000182, 0.000166
2238, 0.000347, 0.000231, 0.000213
2239, 0.000348, 0.000181, 0.000166
2240, 0.000348, 0.000212, 0.000195
2241, 0.000345, 0.000198, 0.000182
2242, 0.000340, 0.000187, 0.000171
2243, 0.000342, 0.000220, 0.000203
2244, 0.000346, 0.000184, 0.000169
2245, 0.000345, 0.000210, 0.000193
2246, 0.000343, 0.000204, 0.000187
2247, 0.000342, 0.000181, 0.000165
2248, 0.000344, 0.000244, 0.000225
2249, 0.000351, 0.000172, 0.000157
2250, 0.000354, 0.000245, 0.000227
2251, 0.000349, 0.000177, 0.000161
2252, 0.000350, 0.000223, 0.000206
2253, 0.000342, 0.000189, 0.000173
2254, 0.000339, 0.000193, 0.000177
2255, 0.000340, 0.000216, 0.000198
2256, 0.000341, 0.000178, 0.000163
2257, 0.000343, 0.000227, 0.000208
2258, 0.000342, 0.000185, 0.000169
2259, 0.000342, 0.000206, 0.000189
2260, 0.000339, 0.000195, 0.000179
2261, 0.000340, 0.000197, 0.000180
2262, 0.000338, 0.000203, 0.000186
2263, 0.000341, 0.000190, 0.000173
2264, 0.000337, 0.000191, 0.000174
2265, 0.000340, 0.000218, 0.000199
2266, 0.000340, 0.000183, 0.000166
2267, 0.000338, 0.000206, 0.000188
2268, 0.000337, 0.000193, 0.000176
2269, 0.000336, 0.000188, 0.000172
2270, 0.000338, 0.000210, 0.000194
2271, 0.000339, 0.000190, 0.000173
2272, 0.000336, 0.000205, 0.000188
2273, 0.000337, 0.000189, 0.000173
2274, 0.000337, 0.000201, 0.000183
2275, 0.000336, 0.000188, 0.000170
2276, 0.000337, 0.000206, 0.000188
2277, 0.000336, 0.000196, 0.000178
2278, 0.000336, 0.000201, 0.000184
2279, 0.000338, 0.000194, 0.000177
2280, 0.000334, 0.000193, 0.000177
2281, 0.000336, 0.000209, 0.000191
2282, 0.000335, 0.000180, 0.000164
2283, 0.000337, 0.000228, 0.000211
2284, 0.000339, 0.000177, 0.000162
2285, 0.000340, 0.000224, 0.000206
2286, 0.000339, 0.000180, 0.000164
2287, 0.000337, 0.000207, 0.000189
2288, 0.000335, 0.000197, 0.000179
2289, 0.000336, 0.000194, 0.000177
2290, 0.000335, 0.000206, 0.000188
2291, 0.000333, 0.000191, 0.000173
2292, 0.000334, 0.000199, 0.000181
2293, 0.000335, 0.000193, 0.000176
2294, 0.000334, 0.000200, 0.000182
2295, 0.000332, 0.000203, 0.000186
2296, 0.000335, 0.000188, 0.000172
2297, 0.000333, 0.000209, 0.000192
2298, 0.000337, 0.000186, 0.000170
2299, 0.000335, 0.000208, 0.000190
2300, 0.000333, 0.000185, 0.000169
2301, 0.000333, 0.000200, 0.000183
2302, 0.000333, 0.000202, 0.000184
2303, 0.000332, 0.000194, 0.000177
2304, 0.000332, 0.000197, 0.000180
2305, 0.000332, 0.000198, 0.000180
2306, 0.000333, 0.000211, 0.000193
2307, 0.000334, 0.000178, 0.000162
2308, 0.000335, 0.000249, 0.000230
2309, 0.000342, 0.000168, 0.000153
2310, 0.000343, 0.000254, 0.000236
2311, 0.000345, 0.000167, 0.000152
2312, 0.000341, 0.000232, 0.000213
2313, 0.000339, 0.000183, 0.000167
2314, 0.000332, 0.000193, 0.000176
2315, 0.000331, 0.000225, 0.000207
2316, 0.000336, 0.000169, 0.000154
2317, 0.000342, 0.000254, 0.000235
2318, 0.000345, 0.000165, 0.000150
2319, 0.000348, 0.000257, 0.000238
2320, 0.000346, 0.000171, 0.000155
2321, 0.000339, 0.000212, 0.000194
2322, 0.000332, 0.000198, 0.000181
2323, 0.000329, 0.000178, 0.000161
2324, 0.000334, 0.000225, 0.000206
2325, 0.000333, 0.000179, 0.000162
2326, 0.000331, 0.000203, 0.000184
2327, 0.000328, 0.000191, 0.000174
2328, 0.000329, 0.000194, 0.000176
2329, 0.000327, 0.000187, 0.000170
2330, 0.000329, 0.000197, 0.000180
2331, 0.000329, 0.000184, 0.000168
2332, 0.000328, 0.000192, 0.000175
2333, 0.000327, 0.000199, 0.000181
2334, 0.000329, 0.000184, 0.000167
2335, 0.000327, 0.000211, 0.000193
2336, 0.000330, 0.000178, 0.000161
2337, 0.000332, 0.000215, 0.000196
2338, 0.000332, 0.000181, 0.000164
2339, 0.000327, 0.000199, 0.000181
2340, 0.000327, 0.000196, 0.000178
2341, 0.000324, 0.000180, 0.000163
2342, 0.000329, 0.000225, 0.000207
2343, 0.000331, 0.000168, 0.000152
2344, 0.000334, 0.000239, 0.000220
2345, 0.000336, 0.000170, 0.000154
2346, 0.000331, 0.000202, 0.000184
2347, 0.000326, 0.000206, 0.000188
2348, 0.000326, 0.000171, 0.000154
2349, 0.000329, 0.000230, 0.000210
2350, 0.000332, 0.000170, 0.000154
2351, 0.000331, 0.000220, 0.000201
2352, 0.000331, 0.000172, 0.000156
2353, 0.000332, 0.000217, 0.000198
2354, 0.000328, 0.000174, 0.000158
2355, 0.000326, 0.000214, 0.000196
2356, 0.000327, 0.000178, 0.000161
2357, 0.000325, 0.000192, 0.000173
2358, 0.000322, 0.000199, 0.000181
2359, 0.000324, 0.000186, 0.000168
2360, 0.000325, 0.000195, 0.000176
2361, 0.000323, 0.000203, 0.000184
2362, 0.000324, 0.000173, 0.000157
2363, 0.000326, 0.000229, 0.000209
2364, 0.000329, 0.000169, 0.000153
2365, 0.000327, 0.000216, 0.000197
2366, 0.000327, 0.000174, 0.000157
2367, 0.000324, 0.000198, 0.000179
2368, 0.000322, 0.000188, 0.000171
2369, 0.000321, 0.000189, 0.000171
2370, 0.000323, 0.000195, 0.000177
2371, 0.000322, 0.000182, 0.000165
2372, 0.000322, 0.000202, 0.000184
2373, 0.000322, 0.000177, 0.000159
2374, 0.000323, 0.000212, 0.000193
2375, 0.000324, 0.000183, 0.000166
2376, 0.000322, 0.000187, 0.000168
2377, 0.000321, 0.000215, 0.000195
2378, 0.000323, 0.000171, 0.000155
2379, 0.000325, 0.000218, 0.000199
2380, 0.000325, 0.000173, 0.000156
2381, 0.000325, 0.000212, 0.000194
2382, 0.000320, 0.000186, 0.000169
2383, 0.000321, 0.000182, 0.000165
2384, 0.000322, 0.000218, 0.000198
2385, 0.000323, 0.000172, 0.000154
2386, 0.000325, 0.000223, 0.000202
2387, 0.000326, 0.000168, 0.000151
2388, 0.000325, 0.000208, 0.000188
2389, 0.000319, 0.000194, 0.000176
2390, 0.000320, 0.000176, 0.000159
2391, 0.000321, 0.000230, 0.000211
2392, 0.000325, 0.000166, 0.000150
2393, 0.000326, 0.000234, 0.000214
2394, 0.000328, 0.000175, 0.000158
2395, 0.000322, 0.000201, 0.000184
2396, 0.000319, 0.000188, 0.000171
2397, 0.000317, 0.000186, 0.000169
2398, 0.000318, 0.000189, 0.000173
2399, 0.000322, 0.000186, 0.000169
2400, 0.000317, 0.000200, 0.000182
2401, 0.000316, 0.000184, 0.000168
2402, 0.000318, 0.000190, 0.000172
2403, 0.000317, 0.000206, 0.000187
2404, 0.000321, 0.000176, 0.000160
2405, 0.000320, 0.000211, 0.000193
2406, 0.000318, 0.000183, 0.000166
2407, 0.000316, 0.000187, 0.000170
2408, 0.000316, 0.000206, 0.000189
2409, 0.000319, 0.000170, 0.000154
2410, 0.000316, 0.000218, 0.000199
2411, 0.000320, 0.000175, 0.000158
2412, 0.000319, 0.000199, 0.000182
2413, 0.000316, 0.000189, 0.000172
2414, 0.000317, 0.000185, 0.000168
2415, 0.000316, 0.000197, 0.000180
2416, 0.000316, 0.000184, 0.000167
2417, 0.000314, 0.000196, 0.000179
2418, 0.000314, 0.000193, 0.000176
2419, 0.000312, 0.000181, 0.000164
2420, 0.000312, 0.000198, 0.000180
2421, 0.000313, 0.000186, 0.000168
2422, 0.000313, 0.000183, 0.000165
2423, 0.000315, 0.000209, 0.000190
2424, 0.000316, 0.000178, 0.000161
2425, 0.000314, 0.000196, 0.000179
2426, 0.000313, 0.000178, 0.000162
2427, 0.000316, 0.000208, 0.000191
2428, 0.000316, 0.000173, 0.000157
2429, 0.000314, 0.000206, 0.000188
2430, 0.000311, 0.000187, 0.000170
2431, 0.000313, 0.000189, 0.000171
2432, 0.000312, 0.000204, 0.000185
2433, 0.000312, 0.000177, 0.000161
2434, 0.000315, 0.000204, 0.000186
2435, 0.000314, 0.000192, 0.000174
2436, 0.000312, 0.000184, 0.000167
2437, 0.000311, 0.000198, 0.000180
2438, 0.000312, 0.000188, 0.000170
2439, 0.000312, 0.000189, 0.000172
2440, 0.000311, 0.000185, 0.000168
2441, 0.000313, 0.000198, 0.000181
2442, 0.000311, 0.000186, 0.000168
2443, 0.000311, 0.000193, 0.000175
2444, 0.000312, 0.000188, 0.000169
2445, 0.000312, 0.000197, 0.000178
2446, 0.000310, 0.000185, 0.000167
2447, 0.000311, 0.000193, 0.000174
2448, 0.000308, 0.000189, 0.000170
2449, 0.000312, 0.000191, 0.000173
2450, 0.000309, 0.000196, 0.000178
2451, 0.000308, 0.000191, 0.000173
2452, 0.000311, 0.000191, 0.000174
2453, 0.000310, 0.000188, 0.000172
2454, 0.000309, 0.000192, 0.000174
2455, 0.000308, 0.000194, 0.000176
2456, 0.000309, 0.000179, 0.000162
2457, 0.000308, 0.000218, 0.000200
2458, 0.000311, 0.000163, 0.000146
2459, 0.000317, 0.000243, 0.000223
2460, 0.000317, 0.000157, 0.000141
2461, 0.000321, 0.000256, 0.000235
2462, 0.000321, 0.000161, 0.000144
2463, 0.000315, 0.000210, 0.000191
2464, 0.000309, 0.000194, 0.000175
2465, 0.000307, 0.000167, 0.000150
2466, 0.000311, 0.000263, 0.000242
2467, 0.000323, 0.000154, 0.000139
2468, 0.000340, 0.000314, 0.000293
2469, 0.000348, 0.000152, 0.000137
2470, 0.000342, 0.000263, 0.000243
2471, 0.000324, 0.000170, 0.000153
2472, 0.000307, 0.000167, 0.000151
2473, 0.000309, 0.000257, 0.000238
2474, 0.000323, 0.000153, 0.000137
2475, 0.000331, 0.000269, 0.000249
2476, 0.000328, 0.000163, 0.000146
2477, 0.000314, 0.000180, 0.000162
2478, 0.000305, 0.000222, 0.000203
2479, 0.000311, 0.000156, 0.000140
2480, 0.000320, 0.000238, 0.000218
2481, 0.000317, 0.000164, 0.000148
2482, 0.000308, 0.000176, 0.000159
2483, 0.000305, 0.000215, 0.000196
2484, 0.000308, 0.000156, 0.000141
2485, 0.000313, 0.000210, 0.000192
2486, 0.000308, 0.000179, 0.000161
2487, 0.000302, 0.000169, 0.000152
2488, 0.000304, 0.000205, 0.000187
2489, 0.000307, 0.000164, 0.000147
2490, 0.000304, 0.000185, 0.000167
2491, 0.000302, 0.000195, 0.000178
2492, 0.000302, 0.000163, 0.000146
2493, 0.000306, 0.000214, 0.000196
2494, 0.000305, 0.000165, 0.000149
2495, 0.000302, 0.000179, 0.000161
2496, 0.000303, 0.000190, 0.000172
2497, 0.000302, 0.000167, 0.000150
2498, 0.000301, 0.000187, 0.000169
2499, 0.000303, 0.000179, 0.000162
2500, 0.000299, 0.000175, 0.000157
2501, 0.000303, 0.000191, 0.000174
2502, 0.000301, 0.000168, 0.000152
2503, 0.000302, 0.000196, 0.000178
2504, 0.000303, 0.000175, 0.000159
2505, 0.000301, 0.000183, 0.000165
2506, 0.000300, 0.000182, 0.000164
2507, 0.000301, 0.000178, 0.000161
2508, 0.000299, 0.000179, 0.000161
2509, 0.000300, 0.000183, 0.000166
2510, 0.000299, 0.000174, 0.000157
2511, 0.000300, 0.000194, 0.000175
2512, 0.000297, 0.000166, 0.000149
2513, 0.000301, 0.000195, 0.000176
2514, 0.000303, 0.000176, 0.000158
2515, 0.000299, 0.000183, 0.000165
2516, 0.000298, 0.000184, 0.000167
2517, 0.000298, 0.000174, 0.000157
2518, 0.000297, 0.000184, 0.000166
2519, 0.000298, 0.000178, 0.000161
2520, 0.000296, 0.000173, 0.000156
2521, 0.000297, 0.000206, 0.000188
2522, 0.000300, 0.000164, 0.000148
2523, 0.000300, 0.000196, 0.000178
2524, 0.000298, 0.000191, 0.000173
2525, 0.000296, 0.000161, 0.000144
2526, 0.000299, 0.000217, 0.000197
2527, 0.000303, 0.000161, 0.000145
2528, 0.000299, 0.000190, 0.000172
2529, 0.000296, 0.000186, 0.000168
2530, 0.000296, 0.000169, 0.000153
2531, 0.000297, 0.000194, 0.000176
2532, 0.000295, 0.000173, 0.000156
2533, 0.000295, 0.000187, 0.000169
2534, 0.000294, 0.000176, 0.000158
2535, 0.000294, 0.000189, 0.000171
2536, 0.000296, 0.000170, 0.000153
2537, 0.000296, 0.000206, 0.000187
2538, 0.000294, 0.000167, 0.000150
2539, 0.000295, 0.000195, 0.000177
2540, 0.000297, 0.000185, 0.000167
2541, 0.000294, 0.000172, 0.000155
2542, 0.000293, 0.000208, 0.000190
2543, 0.000296, 0.000162, 0.000145
2544, 0.000297, 0.000202, 0.000183
2545, 0.000294, 0.000173, 0.000155
2546, 0.000292, 0.000171, 0.000154
2547, 0.000293, 0.000199, 0.000181
2548, 0.000292, 0.000170, 0.000153
2549, 0.000292, 0.000180, 0.000163
2550, 0.000292, 0.000200, 0.000182
2551, 0.000292, 0.000159, 0.000142
2552, 0.000298, 0.000228, 0.000209
2553, 0.000301, 0.000153, 0.000136
2554, 0.000301, 0.000222, 0.000203
2555, 0.000297, 0.000165, 0.000148
2556, 0.000292, 0.000179, 0.000162
2557, 0.000291, 0.000203, 0.000185
2558, 0.000292, 0.000157, 0.000141
2559, 0.000295, 0.000211, 0.000193
2560, 0.000293, 0.000169, 0.000153
2561, 0.000288, 0.000176, 0.000159
2562, 0.000290, 0.000205, 0.000187
2563, 0.000291, 0.000155, 0.000139
2564, 0.000297, 0.000227, 0.000208
2565, 0.000295, 0.000159, 0.000143
2566, 0.000293, 0.000195, 0.000178
2567, 0.000290, 0.000183, 0.000166
2568, 0.000288, 0.000161, 0.000145
2569, 0.000291, 0.000217, 0.000199
2570, 0.000294, 0.000153, 0.000137
2571, 0.000296, 0.000216, 0.000196
2572, 0.000291, 0.000172, 0.000155
2573, 0.000287, 0.000170, 0.000152
2574, 0.000287, 0.000219, 0.000200
2575, 0.000292, 0.000151, 0.000136
2576, 0.000296, 0.000222, 0.000204
2577, 0.000294, 0.000159, 0.000144
2578, 0.000289, 0.000190, 0.000173
2579, 0.000287, 0.000187, 0.000169
2580, 0.000285, 0.000167, 0.000150
2581, 0.000286, 0.000192, 0.000173
2582, 0.000286, 0.000171, 0.000154
2583, 0.000283, 0.000178, 0.000161
2584, 0.000284, 0.000180, 0.000163
2585, 0.000284, 0.000173, 0.000157
2586, 0.000282, 0.000176, 0.000160
2587, 0.000284, 0.000191, 0.000174
2588, 0.000286, 0.000165, 0.000149
2589, 0.000285, 0.000204, 0.000186
2590, 0.000289, 0.000156, 0.000140
2591, 0.000287, 0.000212, 0.000192
2592, 0.000289, 0.000164, 0.000147
2593, 0.000284, 0.000180, 0.000162
2594, 0.000283, 0.000196, 0.000177
2595, 0.000286, 0.000158, 0.000141
2596, 0.000287, 0.000218, 0.000199
2597, 0.000289, 0.000156, 0.000141
2598, 0.000285, 0.000189, 0.000172
2599, 0.000284, 0.000187, 0.000170
2600, 0.000281, 0.000163, 0.000147
2601, 0.000284, 0.000202, 0.000184
2602, 0.000283, 0.000162, 0.000145
2603, 0.000282, 0.000181, 0.000163
2604, 0.000281, 0.000187, 0.000168
2605, 0.000284, 0.000170, 0.000153
2606, 0.000280, 0.000194, 0.000176
2607, 0.000282, 0.000158, 0.000142
2608, 0.000281, 0.000195, 0.000177
2609, 0.000279, 0.000164, 0.000148
2610, 0.000282, 0.000183, 0.000165
2611, 0.000280, 0.000182, 0.000165
2612, 0.000280, 0.000162, 0.000146
2613, 0.000282, 0.000209, 0.000191
2614, 0.000282, 0.000158, 0.000142
2615, 0.000283, 0.000196, 0.000178
2616, 0.000280, 0.000177, 0.000159
2617, 0.000278, 0.000169, 0.000152
2618, 0.000279, 0.000188, 0.000170
2619, 0.000279, 0.000165, 0.000148
2620, 0.000278, 0.000185, 0.000166
2621, 0.000277, 0.000170, 0.000152
2622, 0.000278, 0.000185, 0.000167
2623, 0.000278, 0.000173, 0.000156
2624, 0.000276, 0.000182, 0.000165
2625, 0.000278, 0.000177, 0.000160
2626, 0.000278, 0.000174, 0.000158
2627, 0.000277, 0.000180, 0.000163
2628, 0.000277, 0.000184, 0.000167
2629, 0.000278, 0.000170, 0.000154
2630, 0.000276, 0.000175, 0.000159
2631, 0.000276, 0.000172, 0.000156
2632, 0.000275, 0.000176, 0.000159
2633, 0.000275, 0.000173, 0.000157
2634, 0.000277, 0.000180, 0.000163
2635, 0.000275, 0.000169, 0.000152
2636, 0.000274, 0.000194, 0.000177
2637, 0.000275, 0.000164, 0.000147
2638, 0.000276, 0.000192, 0.000174
2639, 0.000275, 0.000168, 0.000152
2640, 0.000275, 0.000189, 0.000172
2641, 0.000273, 0.000167, 0.000151
2642, 0.000271, 0.000176, 0.000160
2643, 0.000273, 0.000184, 0.000168
2644, 0.000271, 0.000156, 0.000141
2645, 0.000275, 0.000209, 0.000192
2646, 0.000277, 0.000148, 0.000133
2647, 0.000278, 0.000221, 0.000203
2648, 0.000277, 0.000155, 0.000140
2649, 0.000276, 0.000186, 0.000169
2650, 0.000273, 0.000200, 0.000182
2651, 0.000273, 0.000141, 0.000126
2652, 0.000286, 0.000294, 0.000271
2653, 0.000302, 0.000134, 0.000120
2654, 0.000315, 0.000316, 0.000293
2655, 0.000314, 0.000134, 0.000120
2656, 0.000298, 0.000219, 0.000201
2657, 0.000279, 0.000168, 0.000152
2658, 0.000269, 0.000148, 0.000133
2659, 0.000276, 0.000254, 0.000235
2660, 0.000288, 0.000134, 0.000121
2661, 0.000293, 0.000241, 0.000223
2662, 0.000285, 0.000154, 0.000139
2663, 0.000269, 0.000154, 0.000139
2664, 0.000272, 0.000236, 0.000218
2665, 0.000283, 0.000135, 0.000121
2666, 0.000289, 0.000224, 0.000205
2667, 0.000277, 0.000158, 0.000142
2668, 0.000268, 0.000158, 0.000142
2669, 0.000267, 0.000189, 0.000173
2670, 0.000268, 0.000148, 0.000133
2671, 0.000269, 0.000180, 0.000164
2672, 0.000266, 0.000163, 0.000148
2673, 0.000265, 0.000159, 0.000144
2674, 0.000268, 0.000179, 0.000163
2675, 0.000267, 0.000161, 0.000146
2676, 0.000266, 0.000174, 0.000158
2677, 0.000265, 0.000156, 0.000141
2678, 0.000267, 0.000173, 0.000157
2679, 0.000265, 0.000171, 0.000154
2680, 0.000265, 0.000150, 0.000134
2681, 0.000264, 0.000186, 0.000167
2682, 0.000267, 0.000155, 0.000139
2683, 0.000266, 0.000162, 0.000146
2684, 0.000264, 0.000184, 0.000167
2685, 0.000264, 0.000151, 0.000137
2686, 0.000266, 0.000180, 0.000164
2687, 0.000265, 0.000158, 0.000143
2688, 0.000265, 0.000166, 0.000150
2689, 0.000260, 0.000175, 0.000159
2690, 0.000263, 0.000152, 0.000137
2691, 0.000263, 0.000189, 0.000172
2692, 0.000263, 0.000151, 0.000136
2693, 0.000265, 0.000163, 0.000147
2694, 0.000263, 0.000180, 0.000163
2695, 0.000262, 0.000149, 0.000134
2696, 0.000263, 0.000195, 0.000178
2697, 0.000264, 0.000148, 0.000133
2698, 0.000265, 0.000195, 0.000178
2699, 0.000261, 0.000153, 0.000138
2700, 0.000262, 0.000164, 0.000149
2701, 0.000260, 0.000174, 0.000157
2702, 0.000259, 0.000154, 0.000139
2703, 0.000259, 0.000177, 0.000161
2704, 0.000260, 0.000160, 0.000145
2705, 0.000258, 0.000156, 0.000141
2706, 0.000259, 0.000182, 0.000167
2707, 0.000260, 0.000151, 0.000137
2708, 0.000260, 0.000170, 0.000154
2709, 0.000258, 0.000173, 0.000157
2710, 0.000261, 0.000148, 0.000133
2711, 0.000262, 0.000196, 0.000178
2712, 0.000262, 0.000142, 0.000128
2713, 0.000264, 0.000201, 0.000184
2714, 0.000263, 0.000143, 0.000129
2715, 0.000260, 0.000180, 0.000165
2716, 0.000255, 0.000172, 0.000157
2717, 0.000254, 0.000145, 0.000131
2718, 0.000260, 0.000202, 0.000187
2719, 0.000264, 0.000131, 0.000118
2720, 0.000267, 0.000219, 0.000201
2721, 0.000266, 0.000142, 0.000128
2722, 0.000258, 0.000175, 0.000158
2723, 0.000255, 0.000185, 0.000168
2724, 0.000256, 0.000136, 0.000122
2725, 0.000264, 0.000232, 0.000213
2726, 0.000269, 0.000132, 0.000118
2727, 0.000268, 0.000206, 0.000189
2728, 0.000264, 0.000146, 0.000131
2729, 0.000257, 0.000164, 0.000149
2730, 0.000254, 0.000189, 0.000173
2731, 0.000256, 0.000132, 0.000118
2732, 0.000261, 0.000221, 0.000204
2733, 0.000266, 0.000139, 0.000125
2734, 0.000257, 0.000168, 0.000154
2735, 0.000251, 0.000189, 0.000174
2736, 0.000254, 0.000131, 0.000118
2737, 0.000260, 0.000199, 0.000183
2738, 0.000255, 0.000145, 0.000131
2739, 0.000252, 0.000155, 0.000139
2740, 0.000251, 0.000194, 0.000177
2741, 0.000256, 0.000131, 0.000117
2742, 0.000261, 0.000215, 0.000197
2743, 0.000258, 0.000146, 0.000132
2744, 0.000252, 0.000154, 0.000139
2745, 0.000251, 0.000198, 0.000181
2746, 0.000254, 0.000128, 0.000115
2747, 0.000263, 0.000225, 0.000207
2748, 0.000264, 0.000131, 0.000118
2749, 0.000257, 0.000172, 0.000157
2750, 0.000250, 0.000172, 0.000157
2751, 0.000250, 0.000128, 0.000115
2752, 0.000259, 0.000231, 0.000214
2753, 0.000265, 0.000124, 0.000111
2754, 0.000258, 0.000180, 0.000164
2755, 0.000249, 0.000169, 0.000153
2756, 0.000245, 0.000130, 0.000116
2757, 0.000255, 0.000213, 0.000194
2758, 0.000257, 0.000128, 0.000114
2759, 0.000254, 0.000177, 0.000161
2760, 0.000246, 0.000163, 0.000148
2761, 0.000245, 0.000137, 0.000124
2762, 0.000246, 0.000180, 0.000166
2763, 0.000247, 0.000145, 0.000131
2764, 0.000245, 0.000147, 0.000134
2765, 0.000246, 0.000183, 0.000168
2766, 0.000249, 0.000130, 0.000117
2767, 0.000251, 0.000185, 0.000170
2768, 0.000249, 0.000139, 0.000126
2769, 0.000245, 0.000145, 0.000131
2770, 0.000243, 0.000179, 0.000164
2771, 0.000246, 0.000130, 0.000117
2772, 0.000248, 0.000177, 0.000161
2773, 0.000244, 0.000142, 0.000128
2774, 0.000242, 0.000155, 0.000140
2775, 0.000242, 0.000171, 0.000154
2776, 0.000243, 0.000129, 0.000115
2777, 0.000247, 0.000192, 0.000176
2778, 0.000247, 0.000136, 0.000124
2779, 0.000244, 0.000152, 0.000139
2780, 0.000240, 0.000176, 0.000162
2781, 0.000245, 0.000128, 0.000115
2782, 0.000246, 0.000193, 0.000178
2783, 0.000248, 0.000127, 0.000114
2784, 0.000246, 0.000170, 0.000155
2785, 0.000244, 0.000165, 0.000150
2786, 0.000240, 0.000126, 0.000113
2787, 0.000247, 0.000201, 0.000185
2788, 0.000249, 0.000127, 0.000114
2789, 0.000246, 0.000172, 0.000156
2790, 0.000240, 0.000147, 0.000133
2791, 0.000238, 0.000146, 0.000132
2792, 0.000239, 0.000168, 0.000154
2793, 0.000240, 0.000139, 0.000126
2794, 0.000239, 0.000158, 0.000145
2795, 0.000238, 0.000140, 0.000128
2796, 0.000236, 0.000160, 0.000146
2797, 0.000238, 0.000139, 0.000126
2798, 0.000237, 0.000161, 0.000147
2799, 0.000236, 0.000140, 0.000127
2800, 0.000236, 0.000150, 0.000136
2801, 0.000235, 0.000160, 0.000146
2802, 0.000235, 0.000134, 0.000122
2803, 0.000236, 0.000173, 0.000159
2804, 0.000238, 0.000132, 0.000120
2805, 0.000237, 0.000170, 0.000156
2806, 0.000236, 0.000145, 0.000133
2807, 0.000234, 0.000139, 0.000127
2808, 0.000234, 0.000191, 0.000177
2809, 0.000240, 0.000124, 0.000112
2810, 0.000238, 0.000174, 0.000160
2811, 0.000237, 0.000151, 0.000137
2812, 0.000232, 0.000124, 0.000111
2813, 0.000238, 0.000204, 0.000189
2814, 0.000242, 0.000122, 0.000110
2815, 0.000241, 0.000165, 0.000151
2816, 0.000235, 0.000160, 0.000147
2817, 0.000235, 0.000123, 0.000111
2818, 0.000238, 0.000203, 0.000188
2819, 0.000243, 0.000122, 0.000111
2820, 0.000239, 0.000165, 0.000152
2821, 0.000231, 0.000157, 0.000144
2822, 0.000231, 0.000129, 0.000118
2823, 0.000232, 0.000187, 0.000174
2824, 0.000237, 0.000122, 0.000111
2825, 0.000234, 0.000168, 0.000155
2826, 0.000229, 0.000155, 0.000142
2827, 0.000231, 0.000124, 0.000112
2828, 0.000232, 0.000191, 0.000176
2829, 0.000235, 0.000122, 0.000111
2830, 0.000236, 0.000170, 0.000155
2831, 0.000230, 0.000144, 0.000130
2832, 0.000228, 0.000132, 0.000120
2833, 0.000230, 0.000195, 0.000180
2834, 0.000238, 0.000117, 0.000105
2835, 0.000238, 0.000186, 0.000172
2836, 0.000233, 0.000135, 0.000123
2837, 0.000228, 0.000131, 0.000119
2838, 0.000229, 0.000189, 0.000175
2839, 0.000235, 0.000118, 0.000107
2840, 0.000233, 0.000165, 0.000152
2841, 0.000228, 0.000143, 0.000132
2842, 0.000227, 0.000131, 0.000120
2843, 0.000227, 0.000167, 0.000153
2844, 0.000230, 0.000134, 0.000122
2845, 0.000229, 0.000157, 0.000145
2846, 0.000227, 0.000139, 0.000127
2847, 0.000227, 0.000143, 0.000131
2848, 0.000225, 0.000164, 0.000150
2849, 0.000227, 0.000131, 0.000118
2850, 0.000230, 0.000165, 0.000152
2851, 0.000227, 0.000132, 0.000119
2852, 0.000223, 0.000153, 0.000139
2853, 0.000226, 0.000160, 0.000149
2854, 0.000227, 0.000119, 0.000108
2855, 0.000227, 0.000192, 0.000178
2856, 0.000233, 0.000119, 0.000110
2857, 0.000230, 0.000157, 0.000145
2858, 0.000223, 0.000156, 0.000143
2859, 0.000222, 0.000116, 0.000105
2860, 0.000229, 0.000200, 0.000187
2861, 0.000231, 0.000120, 0.000109
2862, 0.000231, 0.000159, 0.000148
2863, 0.000223, 0.000153, 0.000141
2864, 0.000221, 0.000123, 0.000113
2865, 0.000227, 0.000174, 0.000163
2866, 0.000226, 0.000120, 0.000109
2867, 0.000222, 0.000157, 0.000144
2868, 0.000222, 0.000139, 0.000127
2869, 0.000220, 0.000132, 0.000120
2870, 0.000219, 0.000156, 0.000142
2871, 0.000219, 0.000137, 0.000125
2872, 0.000219, 0.000136, 0.000124
2873, 0.000217, 0.000165, 0.000152
2874, 0.000222, 0.000119, 0.000109
2875, 0.000223, 0.000187, 0.000174
2876, 0.000225, 0.000115, 0.000104
2877, 0.000227, 0.000177, 0.000165
2878, 0.000222, 0.000127, 0.000116
2879, 0.000216, 0.000135, 0.000123
2880, 0.000219, 0.000153, 0.000142
2881, 0.000218, 0.000129, 0.000118
2882, 0.000216, 0.000147, 0.000136
2883, 0.000218, 0.000139, 0.000128
2884, 0.000215, 0.000139, 0.000128
2885, 0.000216, 0.000139, 0.000127
2886, 0.000217, 0.000150, 0.000139
2887, 0.000217, 0.000131, 0.000120
2888, 0.000213, 0.000146, 0.000135
2889, 0.000214, 0.000131, 0.000121
2890, 0.000214, 0.000149, 0.000138
2891, 0.000214, 0.000123, 0.000113
2892, 0.000216, 0.000156, 0.000144
2893, 0.000214, 0.000131, 0.000120
2894, 0.000213, 0.000134, 0.000122
2895, 0.000210, 0.000145, 0.000133
2896, 0.000208, 0.000136, 0.000125
2897, 0.000212, 0.000127, 0.000116
2898, 0.000213, 0.000161, 0.000149
2899, 0.000212, 0.000120, 0.000110
2900, 0.000213, 0.000161, 0.000148
2901, 0.000214, 0.000129, 0.000119
2902, 0.000212, 0.000136, 0.000126
2903, 0.000213, 0.000153, 0.000141
2904, 0.000213, 0.000123, 0.000112
2905, 0.000211, 0.000152, 0.000141
2906, 0.000212, 0.000126, 0.000115
2907, 0.000209, 0.000137, 0.000127
2908, 0.000208, 0.000145, 0.000135
2909, 0.000208, 0.000138, 0.000128
2910, 0.000209, 0.000135, 0.000126
2911, 0.000207, 0.000136, 0.000127
2912, 0.000207, 0.000142, 0.000132
2913, 0.000208, 0.000124, 0.000114
2914, 0.000210, 0.000156, 0.000145
2915, 0.000209, 0.000116, 0.000106
2916, 0.000209, 0.000154, 0.000143
2917, 0.000208, 0.000122, 0.000112
2918, 0.000208, 0.000149, 0.000139
2919, 0.000206, 0.000123, 0.000113
2920, 0.000207, 0.000140, 0.000130
2921, 0.000206, 0.000150, 0.000138
2922, 0.000205, 0.000121, 0.000110
2923, 0.000209, 0.000163, 0.000151
2924, 0.000208, 0.000120, 0.000110
2925, 0.000208, 0.000147, 0.000136
2926, 0.000205, 0.000143, 0.000132
2927, 0.000204, 0.000113, 0.000104
2928, 0.000207, 0.000193, 0.000181
2929, 0.000216, 0.000096, 0.000088
2930, 0.000224, 0.000242, 0.000228
2931, 0.000233, 0.000092, 0.000084
2932, 0.000242, 0.000257, 0.000243
2933, 0.000239, 0.000095, 0.000087
2934, 0.000229, 0.000185, 0.000175
2935, 0.000211, 0.000120, 0.000112
2936, 0.000205, 0.000118, 0.000109
2937, 0.000204, 0.000179, 0.000169
2938, 0.000210, 0.000098, 0.000090
2939, 0.000214, 0.000177, 0.000166
2940, 0.000211, 0.000122, 0.000112
2941, 0.000201, 0.000117, 0.000108
2942, 0.000204, 0.000177, 0.000166
2943, 0.000208, 0.000102, 0.000094
2944, 0.000208, 0.000154, 0.000145
2945, 0.000203, 0.000134, 0.000124
2946, 0.000202, 0.000106, 0.000097
2947, 0.000207, 0.000189, 0.000178
2948, 0.000215, 0.000093, 0.000085
2949, 0.000221, 0.000204, 0.000193
2950, 0.000221, 0.000098, 0.000090
2951, 0.000208, 0.000149, 0.000139
2952, 0.000202, 0.000137, 0.000128
2953, 0.000199, 0.000112, 0.000104
2954, 0.000201, 0.000161, 0.000151
2955, 0.000202, 0.000112, 0.000104
2956, 0.000202, 0.000123, 0.000114
2957, 0.000198, 0.000148, 0.000138
2958, 0.000200, 0.000106, 0.000097
2959, 0.000202, 0.000148, 0.000138
2960, 0.000199, 0.000124, 0.000115
2961, 0.000198, 0.000110, 0.000102
2962, 0.000200, 0.000176, 0.000165
2963, 0.000205, 0.000098, 0.000090
2964, 0.000208, 0.000169, 0.000159
2965, 0.000202, 0.000119, 0.000111
2966, 0.000196, 0.000105, 0.000097
2967, 0.000204, 0.000200, 0.000189
2968, 0.000215, 0.000087, 0.000079
2969, 0.000220, 0.000192, 0.000180
2970, 0.000212, 0.000112, 0.000104
2971, 0.000198, 0.000113, 0.000104
2972, 0.000196, 0.000173, 0.000162
2973, 0.000205, 0.000094, 0.000087
2974, 0.000209, 0.000167, 0.000157
2975, 0.000201, 0.000106, 0.000098
2976, 0.000196, 0.000120, 0.000112
2977, 0.000193, 0.000159, 0.000150
2978, 0.000199, 0.000091, 0.000084
2979, 0.000208, 0.000191, 0.000181
2980, 0.000207, 0.000101, 0.000093
2981, 0.000196, 0.000113, 0.000105
2982, 0.000193, 0.000190, 0.000180
2983, 0.000207, 0.000086, 0.000079
2984, 0.000214, 0.000175, 0.000164
2985, 0.000201, 0.000114, 0.000106
2986, 0.000191, 0.000097, 0.000089
2987, 0.000195, 0.000181, 0.000169
2988, 0.000204, 0.000095, 0.000086
2989, 0.000197, 0.000135, 0.000124
2990, 0.000192, 0.000126, 0.000116
2991, 0.000189, 0.000107, 0.000099
2992, 0.000191, 0.000135, 0.000125
2993, 0.000192, 0.000117, 0.000108
2994, 0.000190, 0.000118, 0.000110
2995, 0.000192, 0.000132, 0.000122
2996, 0.000191, 0.000106, 0.000097
2997, 0.000191, 0.000134, 0.000124
2998, 0.000190, 0.000121, 0.000111
2999, 0.000187, 0.000106, 0.000097
3000, 0.000189, 0.000147, 0.000136
3001, 0.000193, 0.000101, 0.000092
3002, 0.000192, 0.000129, 0.000119
3003, 0.000187, 0.000141, 0.000131
3004, 0.000189, 0.000094, 0.000087
3005, 0.000194, 0.000172, 0.000161
3006, 0.000197, 0.000097, 0.000090
3007, 0.000194, 0.000124, 0.000115
3008, 0.000188, 0.000135, 0.000125
3009, 0.000189, 0.000102, 0.000094
3010, 0.000190, 0.000134, 0.000124
3011, 0.000188, 0.000118, 0.000109
3012, 0.000185, 0.000101, 0.000093
3013, 0.000189, 0.000152, 0.000142
3014, 0.000190, 0.000104, 0.000097
3015, 0.000185, 0.000118, 0.000110
3016, 0.000186, 0.000146, 0.000136
3017, 0.000188, 0.000100, 0.000092
3018, 0.000188, 0.000134, 0.000125
3019, 0.000185, 0.000115, 0.000107
3020, 0.000184, 0.000112, 0.000104
3021, 0.000184, 0.000131, 0.000123
3022, 0.000184, 0.000107, 0.000100
3023, 0.000184, 0.000120, 0.000112
3024, 0.000184, 0.000117, 0.000110
3025, 0.000184, 0.000107, 0.000100
3026, 0.000184, 0.000147, 0.000138
3027, 0.000187, 0.000092, 0.000085
3028, 0.000188, 0.000151, 0.000142
3029, 0.000187, 0.000109, 0.000100
3030, 0.000183, 0.000114, 0.000106
3031, 0.000183, 0.000137, 0.000127
3032, 0.000183, 0.000100, 0.000092
3033, 0.000184, 0.000140, 0.000130
3034, 0.000186, 0.000107, 0.000099
3035, 0.000182, 0.000124, 0.000115
3036, 0.000181, 0.000113, 0.000105
3037, 0.000183, 0.000115, 0.000107
3038, 0.000183, 0.000125, 0.000117
3039, 0.000181, 0.000107, 0.000100
3040, 0.000183, 0.000131, 0.000122
3041, 0.000182, 0.000106, 0.000099
3042, 0.000182, 0.000127, 0.000120
3043, 0.000181, 0.000111, 0.000104
3044, 0.000179, 0.000111, 0.000104
3045, 0.000180, 0.000132, 0.000124
3046, 0.000179, 0.000096, 0.000089
3047, 0.000183, 0.000145, 0.000135
3048, 0.000182, 0.000106, 0.000098
3049, 0.000179, 0.000124, 0.000115
3050, 0.000178, 0.000125, 0.000116
3051, 0.000180, 0.000106, 0.000099
3052, 0.000180, 0.000140, 0.000132
3053, 0.000183, 0.000091, 0.000085
3054, 0.000182, 0.000163, 0.000153
3055, 0.000185, 0.000091, 0.000085
3056, 0.000181, 0.000130, 0.000122
3057, 0.000178, 0.000127, 0.000120
3058, 0.000175, 0.000090, 0.000084
3059, 0.000184, 0.000172, 0.000164
3060, 0.000187, 0.000083, 0.000078
3061, 0.000186, 0.000155, 0.000147
3062, 0.000182, 0.000104, 0.000097
3063, 0.000176, 0.000109, 0.000102
3064, 0.000175, 0.000143, 0.000135
3065, 0.000182, 0.000083, 0.000076
3066, 0.000189, 0.000184, 0.000175
3067, 0.000190, 0.000084, 0.000078
3068, 0.000184, 0.000126, 0.000118
3069, 0.000175, 0.000139, 0.000131
3070, 0.000177, 0.000089, 0.000082
3071, 0.000180, 0.000169, 0.000159
3072, 0.000185, 0.000082, 0.000076
3073, 0.000187, 0.000158, 0.000149
3074, 0.000180, 0.000096, 0.000089
3075, 0.000176, 0.000121, 0.000114
3076, 0.000174, 0.000124, 0.000116
3077, 0.000173, 0.000096, 0.000088
3078, 0.000177, 0.000139, 0.000130
3079, 0.000178, 0.000090, 0.000083
3080, 0.000177, 0.000139, 0.000130
3081, 0.000176, 0.000100, 0.000094
3082, 0.000173, 0.000107, 0.000100
3083, 0.000170, 0.000133, 0.000125
3084, 0.000173, 0.000091, 0.000085
3085, 0.000175, 0.000137, 0.000129
3086, 0.000175, 0.000100, 0.000092
3087, 0.000172, 0.000106, 0.000098
3088, 0.000170, 0.000134, 0.000125
3089, 0.000173, 0.000093, 0.000086
3090, 0.000172, 0.000138, 0.000130
3091, 0.000176, 0.000090, 0.000084
3092, 0.000176, 0.000145, 0.000137
3093, 0.000174, 0.000090, 0.000085
3094, 0.000172, 0.000126, 0.000119
3095, 0.000172, 0.000118, 0.000111
3096, 0.000171, 0.000091, 0.000085
3097, 0.000171, 0.000150, 0.000141
3098, 0.000175, 0.000085, 0.000079
3099, 0.000174, 0.000133, 0.000125
3100, 0.000172, 0.000105, 0.000098
3101, 0.000168, 0.000105, 0.000098
3102, 0.000169, 0.000124, 0.000116
3103, 0.000168, 0.000097, 0.000092
3104, 0.000168, 0.000132, 0.000125
3105, 0.000170, 0.000097, 0.000091
3106, 0.000171, 0.000134, 0.000126
3107, 0.000169, 0.000095, 0.000088
3108, 0.000170, 0.000123, 0.000114
3109, 0.000167, 0.000111, 0.000103
3110, 0.000166, 0.000100, 0.000092
3111, 0.000165, 0.000123, 0.000114
3112, 0.000170, 0.000089, 0.000082
3113, 0.000169, 0.000144, 0.000134
3114, 0.000170, 0.000091, 0.000084
3115, 0.000172, 0.000137, 0.000128
3116, 0.000170, 0.000090, 0.000084
3117, 0.000168, 0.000132, 0.000124
3118, 0.000169, 0.000094, 0.000088
3119, 0.000168, 0.000115, 0.000108
3120, 0.000166, 0.000113, 0.000106
3121, 0.000166, 0.000092, 0.000086
3122, 0.000168, 0.000142, 0.000133
3123, 0.000171, 0.000084, 0.000078
3124, 0.000170, 0.000133, 0.000124
3125, 0.000168, 0.000093, 0.000086
3126, 0.000166, 0.000112, 0.000104
3127, 0.000165, 0.000125, 0.000116
3128, 0.000165, 0.000096, 0.000089
3129, 0.000167, 0.000142, 0.000133
3130, 0.000169, 0.000084, 0.000078
3131, 0.000169, 0.000138, 0.000129
3132, 0.000167, 0.000095, 0.000089
3133, 0.000164, 0.000105, 0.000098
3134, 0.000165, 0.000127, 0.000119
3135, 0.000165, 0.000078, 0.000073
3136, 0.000168, 0.000151, 0.000142
3137, 0.000171, 0.000080, 0.000075
3138, 0.000169, 0.000132, 0.000125
3139, 0.000166, 0.000104, 0.000097
3140, 0.000163, 0.000100, 0.000093
3141, 0.000161, 0.000123, 0.000115
3142, 0.000163, 0.000092, 0.000085
3143, 0.000166, 0.000139, 0.000131
3144, 0.000165, 0.000085, 0.000080
3145, 0.000166, 0.000133, 0.000126
3146, 0.000164, 0.000087, 0.000082
3147, 0.000164, 0.000119, 0.000113
3148, 0.000161, 0.000100, 0.000095
3149, 0.000161, 0.000100, 0.000094
3150, 0.000161, 0.000121, 0.000113
3151, 0.000163, 0.000091, 0.000085
3152, 0.000162, 0.000123, 0.000115
3153, 0.000162, 0.000099, 0.000092
3154, 0.000161, 0.000124, 0.000117
3155, 0.000160, 0.000087, 0.000082
3156, 0.000161, 0.000128, 0.000121
3157, 0.000161, 0.000093, 0.000088
3158, 0.000163, 0.000118, 0.000111
3159, 0.000160, 0.000090, 0.000084
3160, 0.000162, 0.000120, 0.000113
3161, 0.000160, 0.000091, 0.000085
3162, 0.000160, 0.000109, 0.000102
3163, 0.000159, 0.000131, 0.000124
3164, 0.000161, 0.000077, 0.000071
3165, 0.000172, 0.000197, 0.000188
3166, 0.000184, 0.000067, 0.000063
3167, 0.000194, 0.000236, 0.000224
3168, 0.000200, 0.000065, 0.000062
3169, 0.000193, 0.000182, 0.000172
3170, 0.000179, 0.000075, 0.000069
3171, 0.000163, 0.000097, 0.000090
3172, 0.000157, 0.000136, 0.000129
3173, 0.000163, 0.000073, 0.000069
3174, 0.000168, 0.000148, 0.000142
3175, 0.000165, 0.000087, 0.000083
3176, 0.000159, 0.000095, 0.000091
3177, 0.000160, 0.000124, 0.000118
3178, 0.000161, 0.000081, 0.000076
3179, 0.000163, 0.000131, 0.000124
3180, 0.000164, 0.000083, 0.000077
3181, 0.000161, 0.000111, 0.000104
3182, 0.000158, 0.000099, 0.000093
3183, 0.000156, 0.000093, 0.000087
3184, 0.000157, 0.000117, 0.000110
3185, 0.000158, 0.000088, 0.000082
3186, 0.000157, 0.000122, 0.000114
3187, 0.000156, 0.000098, 0.000092
3188, 0.000156, 0.000086, 0.000080
3189, 0.000157, 0.000144, 0.000136
3190, 0.000161, 0.000073, 0.000069
3191, 0.000162, 0.000120, 0.000113
3192, 0.000156, 0.000095, 0.000090
3193, 0.000153, 0.000085, 0.000080
3194, 0.000155, 0.000115, 0.000109
3195, 0.000157, 0.000083, 0.000078
3196, 0.000157, 0.000117, 0.000111
3197, 0.000157, 0.000088, 0.000083
3198, 0.000155, 0.000109, 0.000102
3199, 0.000154, 0.000096, 0.000089
3200, 0.000154, 0.000096, 0.000090
3201, 0.000153, 0.000113, 0.000106
3202, 0.000153, 0.000075, 0.000070
3203, 0.000157, 0.000137, 0.000129
3204, 0.000159, 0.000075, 0.000070
3205, 0.000157, 0.000121, 0.000114
3206, 0.000156, 0.000092, 0.000087
3207, 0.000153, 0.000088, 0.000083
3208, 0.000154, 0.000127, 0.000121
3209, 0.000155, 0.000072, 0.000068
3210, 0.000158, 0.000138, 0.000132
3211, 0.000159, 0.000079, 0.000075
3212, 0.000155, 0.000103, 0.000097
3213, 0.000151, 0.000106, 0.000101
3214, 0.000153, 0.000080, 0.000075
3215, 0.000154, 0.000124, 0.000118
3216, 0.000154, 0.000080, 0.000076
3217, 0.000152, 0.000109, 0.000103
3218, 0.000152, 0.000102, 0.000097
3219, 0.000150, 0.000083, 0.000079
3220, 0.000152, 0.000121, 0.000115
3221, 0.000151, 0.000081, 0.000077
3222, 0.000152, 0.000116, 0.000109
3223, 0.000151, 0.000093, 0.000088
3224, 0.000150, 0.000090, 0.000085
3225, 0.000151, 0.000114, 0.000108
3226, 0.000151, 0.000083, 0.000077
3227, 0.000149, 0.000108, 0.000101
3228, 0.000149, 0.000100, 0.000094
3229, 0.000150, 0.000088, 0.000083
3230, 0.000149, 0.000105, 0.000099
3231, 0.000149, 0.000094, 0.000089
3232, 0.000148, 0.000098, 0.000093
3233, 0.000146, 0.000094, 0.000089
3234, 0.000149, 0.000105, 0.000100
3235, 0.000149, 0.000082, 0.000078
3236, 0.000150, 0.000119, 0.000114
3237, 0.000152, 0.000074, 0.000069
3238, 0.000154, 0.000128, 0.000121
3239, 0.000151, 0.000082, 0.000077
3240, 0.000149, 0.000101, 0.000095
3241, 0.000148, 0.000102, 0.000096
3242, 0.000148, 0.000094, 0.000088
3243, 0.000147, 0.000101, 0.000095
3244, 0.000148, 0.000089, 0.000084
3245, 0.000148, 0.000113, 0.000107
3246, 0.000149, 0.000074, 0.000069
3247, 0.000151, 0.000125, 0.000118
3248, 0.000150, 0.000076, 0.000072
3249, 0.000150, 0.000117, 0.000111
3250, 0.000150, 0.000092, 0.000087
3251, 0.000149, 0.000095, 0.000089
3252, 0.000145, 0.000103, 0.000097
3253, 0.000146, 0.000084, 0.000079
3254, 0.000148, 0.000107, 0.000100
3255, 0.000147, 0.000094, 0.000087
3256, 0.000146, 0.000089, 0.000083
3257, 0.000146, 0.000104, 0.000098
3258, 0.000147, 0.000082, 0.000078
3259, 0.000148, 0.000116, 0.000110
3260, 0.000148, 0.000075, 0.000070
3261, 0.000149, 0.000132, 0.000124
3262, 0.000151, 0.000070, 0.000065
3263, 0.000151, 0.000141, 0.000132
3264, 0.000153, 0.000070, 0.000065
3265, 0.000153, 0.000152, 0.000143
3266, 0.000157, 0.000065, 0.000060
3267, 0.000155, 0.000146, 0.000137
3268, 0.000154, 0.000068, 0.000063
3269, 0.000152, 0.000126, 0.000118
3270, 0.000149, 0.000082, 0.000077
3271, 0.000145, 0.000094, 0.000088
3272, 0.000144, 0.000114, 0.000107
3273, 0.000146, 0.000079, 0.000075
3274, 0.000145, 0.000108, 0.000102
3275, 0.000146, 0.000084, 0.000079
3276, 0.000146, 0.000098, 0.000091
3277, 0.000144, 0.000095, 0.000089
3278, 0.000143, 0.000098, 0.000092
3279, 0.000146, 0.000102, 0.000096
3280, 0.000145, 0.000080, 0.000076
3281, 0.000144, 0.000117, 0.000111
3282, 0.000146, 0.000073, 0.000069
3283, 0.000146, 0.000118, 0.000112
3284, 0.000147, 0.000080, 0.000075
3285, 0.000146, 0.000104, 0.000098
3286, 0.000143, 0.000091, 0.000085
3287, 0.000143, 0.000095, 0.000089
3288, 0.000144, 0.000097, 0.000092
3289, 0.000144, 0.000084, 0.000078
3290, 0.000142, 0.000107, 0.000100
3291, 0.000144, 0.000076, 0.000072
3292, 0.000147, 0.000123, 0.000115
3293, 0.000146, 0.000070, 0.000065
3294, 0.000146, 0.000123, 0.000115
3295, 0.000146, 0.000073, 0.000068
3296, 0.000147, 0.000133, 0.000125
3297, 0.000151, 0.000064, 0.000060
3298, 0.000153, nan, nan
