Epoch, Train Loss, Valid Loss, Test Loss
1, 0.427064, 0.542092, 0.543739
2, 0.369907, 0.475979, 0.478289
3, 0.325649, 0.418789, 0.421813
4, 0.292149, 0.370607, 0.374127
5, 0.266523, 0.331855, 0.335953
6, 0.246068, 0.306785, 0.310999
7, 0.231739, 0.286033, 0.290255
8, 0.218591, 0.267998, 0.272141
9, 0.205800, 0.250319, 0.254098
10, 0.192348, 0.233178, 0.236591
11, 0.178815, 0.216743, 0.219810
12, 0.165405, 0.200979, 0.203668
13, 0.152266, 0.186444, 0.188781
14, 0.139998, 0.172749, 0.174802
15, 0.128632, 0.159411, 0.161234
16, 0.117904, 0.146554, 0.148189
17, 0.107828, 0.134080, 0.135556
18, 0.098278, 0.121789, 0.123130
19, 0.089078, 0.109721, 0.110955
20, 0.080209, 0.098072, 0.099222
21, 0.071775, 0.087070, 0.088151
22, 0.063877, 0.076919, 0.077940
23, 0.056584, 0.067776, 0.068734
24, 0.049973, 0.059687, 0.060575
25, 0.044092, 0.052575, 0.053389
26, 0.038915, 0.046344, 0.047091
27, 0.034362, 0.040913, 0.041601
28, 0.030373, 0.036218, 0.036853
29, 0.026894, 0.032148, 0.032737
30, 0.023865, 0.028551, 0.029097
31, 0.021230, 0.025336, 0.025844
32, 0.018871, 0.022489, 0.022962
33, 0.016831, 0.020030, 0.020470
34, 0.015046, 0.017926, 0.018338
35, 0.013520, 0.016135, 0.016522
36, 0.012224, 0.014606, 0.014971
37, 0.011116, 0.013304, 0.013652
38, 0.010182, 0.012187, 0.012522
39, 0.009380, 0.011218, 0.011541
40, 0.008677, 0.010364, 0.010675
41, 0.008049, 0.009591, 0.009890
42, 0.007499, 0.008864, 0.009154
43, 0.006983, 0.008205, 0.008485
44, 0.006522, 0.007616, 0.007884
45, 0.006105, 0.007089, 0.007347
46, 0.005727, 0.006618, 0.006866
47, 0.005400, 0.006190, 0.006430
48, 0.005102, 0.005805, 0.006039
49, 0.004843, 0.005468, 0.005697
50, 0.004617, 0.005180, 0.005403
51, 0.004420, 0.004938, 0.005154
52, 0.004240, 0.004725, 0.004932
53, 0.004076, 0.004532, 0.004731
54, 0.003935, 0.004351, 0.004543
55, 0.003807, 0.004191, 0.004376
56, 0.003689, 0.004050, 0.004229
57, 0.003585, 0.003923, 0.004097
58, 0.003494, 0.003814, 0.003984
59, 0.003417, 0.003722, 0.003886
60, 0.003354, 0.003643, 0.003804
61, 0.003293, 0.003571, 0.003727
62, 0.003239, 0.003500, 0.003652
63, 0.003195, 0.003436, 0.003583
64, 0.003155, 0.003373, 0.003516
65, 0.003114, 0.003324, 0.003462
66, 0.003073, 0.003276, 0.003410
67, 0.003031, 0.003237, 0.003367
68, 0.003012, 0.003192, 0.003318
69, 0.002978, 0.003150, 0.003273
70, 0.002959, 0.003116, 0.003235
71, 0.002928, 0.003094, 0.003210
72, 0.002905, 0.003070, 0.003182
73, 0.002890, 0.003044, 0.003154
74, 0.002872, 0.003019, 0.003126
75, 0.002857, 0.002996, 0.003100
76, 0.002836, 0.002976, 0.003077
77, 0.002828, 0.002960, 0.003059
78, 0.002815, 0.002950, 0.003045
79, 0.002802, 0.002936, 0.003028
80, 0.002787, 0.002920, 0.003010
81, 0.002778, 0.002904, 0.002991
82, 0.002770, 0.002889, 0.002974
83, 0.002763, 0.002882, 0.002965
84, 0.002750, 0.002882, 0.002962
85, 0.002748, 0.002871, 0.002948
86, 0.002736, 0.002861, 0.002935
87, 0.002728, 0.002848, 0.002921
88, 0.002722, 0.002838, 0.002909
89, 0.002716, 0.002832, 0.002902
90, 0.002715, 0.002824, 0.002891
91, 0.002701, 0.002815, 0.002880
92, 0.002701, 0.002813, 0.002875
93, 0.002701, 0.002813, 0.002872
94, 0.002691, 0.002808, 0.002865
95, 0.002685, 0.002800, 0.002855
96, 0.002674, 0.002792, 0.002846
97, 0.002676, 0.002785, 0.002837
98, 0.002671, 0.002780, 0.002830
99, 0.002662, 0.002781, 0.002830
100, 0.002663, 0.002782, 0.002830
101, 0.002658, 0.002779, 0.002826
102, 0.002649, 0.002771, 0.002816
103, 0.002649, 0.002762, 0.002805
104, 0.002648, 0.002759, 0.002800
105, 0.002641, 0.002762, 0.002802
106, 0.002636, 0.002764, 0.002803
107, 0.002637, 0.002759, 0.002797
108, 0.002629, 0.002752, 0.002788
109, 0.002624, 0.002744, 0.002779
110, 0.002624, 0.002744, 0.002777
111, 0.002622, 0.002748, 0.002779
112, 0.002623, 0.002743, 0.002773
113, 0.002615, 0.002738, 0.002767
114, 0.002613, 0.002733, 0.002762
115, 0.002616, 0.002732, 0.002760
116, 0.002600, 0.002732, 0.002759
117, 0.002600, 0.002728, 0.002754
118, 0.002597, 0.002724, 0.002749
119, 0.002597, 0.002724, 0.002748
120, 0.002596, 0.002724, 0.002748
121, 0.002590, 0.002722, 0.002745
122, 0.002591, 0.002719, 0.002740
123, 0.002589, 0.002717, 0.002737
124, 0.002585, 0.002715, 0.002734
125, 0.002584, 0.002716, 0.002734
126, 0.002580, 0.002714, 0.002731
127, 0.002577, 0.002703, 0.002720
128, 0.002578, 0.002701, 0.002717
129, 0.002576, 0.002703, 0.002718
130, 0.002571, 0.002710, 0.002723
131, 0.002570, 0.002707, 0.002719
132, 0.002563, 0.002701, 0.002713
133, 0.002559, 0.002696, 0.002708
134, 0.002557, 0.002696, 0.002707
135, 0.002552, 0.002696, 0.002705
136, 0.002555, 0.002694, 0.002703
137, 0.002555, 0.002695, 0.002703
138, 0.002548, 0.002693, 0.002701
139, 0.002546, 0.002692, 0.002699
140, 0.002541, 0.002686, 0.002692
141, 0.002537, 0.002684, 0.002690
142, 0.002534, 0.002683, 0.002688
143, 0.002532, 0.002685, 0.002690
144, 0.002533, 0.002685, 0.002690
145, 0.002528, 0.002687, 0.002690
146, 0.002524, 0.002683, 0.002685
147, 0.002526, 0.002678, 0.002681
148, 0.002518, 0.002674, 0.002676
149, 0.002527, 0.002672, 0.002674
150, 0.002518, 0.002671, 0.002673
151, 0.002513, 0.002673, 0.002674
152, 0.002515, 0.002672, 0.002671
153, 0.002506, 0.002672, 0.002670
154, 0.002513, 0.002669, 0.002668
155, 0.002507, 0.002668, 0.002666
156, 0.002504, 0.002666, 0.002665
157, 0.002502, 0.002668, 0.002665
158, 0.002499, 0.002665, 0.002662
159, 0.002498, 0.002668, 0.002663
160, 0.002496, 0.002662, 0.002657
161, 0.002494, 0.002662, 0.002658
162, 0.002486, 0.002659, 0.002654
163, 0.002491, 0.002658, 0.002652
164, 0.002486, 0.002655, 0.002649
165, 0.002482, 0.002656, 0.002649
166, 0.002484, 0.002656, 0.002649
167, 0.002476, 0.002658, 0.002651
168, 0.002479, 0.002655, 0.002647
169, 0.002473, 0.002653, 0.002645
170, 0.002479, 0.002651, 0.002642
171, 0.002474, 0.002650, 0.002641
172, 0.002470, 0.002646, 0.002637
173, 0.002465, 0.002646, 0.002637
174, 0.002467, 0.002646, 0.002637
175, 0.002463, 0.002645, 0.002635
176, 0.002463, 0.002644, 0.002634
177, 0.002456, 0.002643, 0.002633
178, 0.002458, 0.002642, 0.002632
179, 0.002454, 0.002643, 0.002632
180, 0.002451, 0.002641, 0.002629
181, 0.002452, 0.002640, 0.002628
182, 0.002446, 0.002638, 0.002626
183, 0.002446, 0.002635, 0.002623
184, 0.002444, 0.002633, 0.002620
185, 0.002441, 0.002634, 0.002620
186, 0.002440, 0.002637, 0.002623
187, 0.002441, 0.002634, 0.002620
188, 0.002434, 0.002632, 0.002619
189, 0.002435, 0.002630, 0.002616
190, 0.002435, 0.002633, 0.002617
191, 0.002430, 0.002630, 0.002615
192, 0.002428, 0.002626, 0.002612
193, 0.002424, 0.002623, 0.002609
194, 0.002422, 0.002621, 0.002606
195, 0.002421, 0.002622, 0.002606
196, 0.002421, 0.002621, 0.002606
197, 0.002422, 0.002621, 0.002606
198, 0.002418, 0.002619, 0.002603
199, 0.002410, 0.002616, 0.002600
200, 0.002412, 0.002615, 0.002598
201, 0.002406, 0.002615, 0.002598
202, 0.002406, 0.002616, 0.002600
203, 0.002408, 0.002616, 0.002599
204, 0.002402, 0.002613, 0.002595
205, 0.002407, 0.002610, 0.002591
206, 0.002402, 0.002608, 0.002589
207, 0.002399, 0.002606, 0.002588
208, 0.002397, 0.002606, 0.002589
209, 0.002396, 0.002606, 0.002587
210, 0.002389, 0.002605, 0.002586
211, 0.002393, 0.002603, 0.002583
212, 0.002392, 0.002603, 0.002584
213, 0.002389, 0.002602, 0.002583
214, 0.002382, 0.002600, 0.002581
215, 0.002387, 0.002597, 0.002579
216, 0.002383, 0.002596, 0.002577
217, 0.002381, 0.002594, 0.002575
218, 0.002381, 0.002596, 0.002576
219, 0.002375, 0.002593, 0.002573
220, 0.002375, 0.002592, 0.002572
221, 0.002374, 0.002589, 0.002570
222, 0.002374, 0.002588, 0.002568
223, 0.002370, 0.002586, 0.002566
224, 0.002368, 0.002586, 0.002564
225, 0.002364, 0.002585, 0.002564
226, 0.002363, 0.002584, 0.002563
227, 0.002362, 0.002581, 0.002561
228, 0.002363, 0.002579, 0.002558
229, 0.002356, 0.002579, 0.002556
230, 0.002355, 0.002579, 0.002556
231, 0.002355, 0.002577, 0.002555
232, 0.002351, 0.002574, 0.002553
233, 0.002350, 0.002573, 0.002551
234, 0.002349, 0.002573, 0.002550
235, 0.002348, 0.002571, 0.002549
236, 0.002347, 0.002567, 0.002546
237, 0.002346, 0.002565, 0.002543
238, 0.002344, 0.002565, 0.002543
239, 0.002339, 0.002567, 0.002544
240, 0.002341, 0.002564, 0.002541
241, 0.002335, 0.002559, 0.002536
242, 0.002335, 0.002556, 0.002533
243, 0.002335, 0.002555, 0.002531
244, 0.002330, 0.002556, 0.002532
245, 0.002329, 0.002555, 0.002531
246, 0.002328, 0.002553, 0.002529
247, 0.002323, 0.002550, 0.002525
248, 0.002322, 0.002548, 0.002523
249, 0.002323, 0.002546, 0.002522
250, 0.002319, 0.002543, 0.002519
251, 0.002318, 0.002543, 0.002519
252, 0.002316, 0.002542, 0.002517
253, 0.002314, 0.002540, 0.002515
254, 0.002320, 0.002538, 0.002513
255, 0.002309, 0.002535, 0.002511
256, 0.002309, 0.002534, 0.002509
257, 0.002309, 0.002533, 0.002508
258, 0.002304, 0.002533, 0.002507
259, 0.002306, 0.002530, 0.002505
260, 0.002302, 0.002525, 0.002500
261, 0.002299, 0.002523, 0.002498
262, 0.002297, 0.002523, 0.002497
263, 0.002295, 0.002523, 0.002496
264, 0.002295, 0.002521, 0.002495
265, 0.002290, 0.002519, 0.002494
266, 0.002291, 0.002514, 0.002488
267, 0.002288, 0.002512, 0.002485
268, 0.002289, 0.002512, 0.002485
269, 0.002284, 0.002513, 0.002487
270, 0.002284, 0.002510, 0.002483
271, 0.002283, 0.002507, 0.002480
272, 0.002283, 0.002507, 0.002480
273, 0.002278, 0.002502, 0.002475
274, 0.002277, 0.002498, 0.002471
275, 0.002273, 0.002501, 0.002474
276, 0.002271, 0.002503, 0.002477
277, 0.002272, 0.002497, 0.002469
278, 0.002269, 0.002495, 0.002466
279, 0.002270, 0.002496, 0.002468
280, 0.002265, 0.002493, 0.002465
281, 0.002266, 0.002488, 0.002460
282, 0.002267, 0.002489, 0.002462
283, 0.002264, 0.002491, 0.002463
284, 0.002263, 0.002489, 0.002461
285, 0.002260, 0.002485, 0.002457
286, 0.002258, 0.002485, 0.002458
287, 0.002258, 0.002479, 0.002451
288, 0.002251, 0.002479, 0.002450
289, 0.002254, 0.002479, 0.002451
290, 0.002253, 0.002477, 0.002449
291, 0.002252, 0.002478, 0.002450
292, 0.002246, 0.002478, 0.002449
293, 0.002249, 0.002475, 0.002447
294, 0.002249, 0.002472, 0.002444
295, 0.002245, 0.002472, 0.002444
296, 0.002242, 0.002472, 0.002444
297, 0.002244, 0.002473, 0.002444
298, 0.002242, 0.002468, 0.002440
299, 0.002238, 0.002466, 0.002437
300, 0.002239, 0.002468, 0.002439
301, 0.002240, 0.002466, 0.002438
302, 0.002237, 0.002464, 0.002436
303, 0.002235, 0.002466, 0.002438
304, 0.002238, 0.002465, 0.002436
305, 0.002236, 0.002461, 0.002432
306, 0.002232, 0.002460, 0.002431
307, 0.002230, 0.002464, 0.002435
308, 0.002232, 0.002457, 0.002429
309, 0.002231, 0.002458, 0.002429
310, 0.002226, 0.002460, 0.002431
311, 0.002228, 0.002457, 0.002429
312, 0.002227, 0.002456, 0.002427
313, 0.002226, 0.002459, 0.002431
314, 0.002226, 0.002455, 0.002427
315, 0.002224, 0.002453, 0.002424
316, 0.002223, 0.002456, 0.002427
317, 0.002220, 0.002451, 0.002422
318, 0.002223, 0.002449, 0.002421
319, 0.002222, 0.002452, 0.002423
320, 0.002223, 0.002452, 0.002423
321, 0.002221, 0.002447, 0.002419
322, 0.002218, 0.002451, 0.002422
323, 0.002220, 0.002453, 0.002424
324, 0.002220, 0.002448, 0.002419
325, 0.002217, 0.002447, 0.002418
326, 0.002215, 0.002444, 0.002415
327, 0.002215, 0.002443, 0.002414
328, 0.002212, 0.002446, 0.002417
329, 0.002216, 0.002445, 0.002416
330, 0.002216, 0.002442, 0.002413
331, 0.002211, 0.002445, 0.002415
332, 0.002213, 0.002444, 0.002414
333, 0.002210, 0.002443, 0.002414
334, 0.002210, 0.002440, 0.002411
335, 0.002207, 0.002439, 0.002410
336, 0.002208, 0.002445, 0.002416
337, 0.002208, 0.002440, 0.002411
338, 0.002209, 0.002434, 0.002406
339, 0.002208, 0.002438, 0.002409
340, 0.002207, 0.002440, 0.002412
341, 0.002206, 0.002435, 0.002407
342, 0.002203, 0.002437, 0.002408
343, 0.002206, 0.002442, 0.002411
344, 0.002201, 0.002431, 0.002402
345, 0.002201, 0.002430, 0.002401
346, 0.002202, 0.002438, 0.002407
347, 0.002201, 0.002433, 0.002403
348, 0.002201, 0.002431, 0.002402
349, 0.002203, 0.002436, 0.002406
350, 0.002201, 0.002431, 0.002402
351, 0.002198, 0.002428, 0.002399
352, 0.002201, 0.002432, 0.002402
353, 0.002198, 0.002429, 0.002400
354, 0.002196, 0.002428, 0.002400
355, 0.002199, 0.002431, 0.002401
356, 0.002197, 0.002428, 0.002398
357, 0.002197, 0.002424, 0.002396
358, 0.002194, 0.002428, 0.002398
359, 0.002193, 0.002430, 0.002399
360, 0.002195, 0.002427, 0.002397
361, 0.002194, 0.002425, 0.002396
362, 0.002196, 0.002425, 0.002395
363, 0.002195, 0.002422, 0.002392
364, 0.002190, 0.002421, 0.002392
365, 0.002192, 0.002423, 0.002393
366, 0.002192, 0.002422, 0.002393
367, 0.002189, 0.002422, 0.002393
368, 0.002187, 0.002421, 0.002391
369, 0.002190, 0.002421, 0.002391
370, 0.002189, 0.002421, 0.002391
371, 0.002190, 0.002420, 0.002390
372, 0.002191, 0.002419, 0.002390
373, 0.002188, 0.002420, 0.002390
374, 0.002187, 0.002417, 0.002388
375, 0.002186, 0.002419, 0.002389
376, 0.002184, 0.002421, 0.002392
377, 0.002187, 0.002417, 0.002388
378, 0.002188, 0.002418, 0.002387
379, 0.002189, 0.002418, 0.002387
380, 0.002185, 0.002414, 0.002385
381, 0.002184, 0.002419, 0.002389
382, 0.002183, 0.002417, 0.002387
383, 0.002183, 0.002413, 0.002384
384, 0.002187, 0.002418, 0.002387
385, 0.002184, 0.002418, 0.002388
386, 0.002181, 0.002412, 0.002382
387, 0.002183, 0.002413, 0.002383
388, 0.002181, 0.002414, 0.002384
389, 0.002180, 0.002415, 0.002385
390, 0.002181, 0.002414, 0.002383
391, 0.002180, 0.002413, 0.002383
392, 0.002180, 0.002416, 0.002385
393, 0.002181, 0.002410, 0.002380
394, 0.002179, 0.002412, 0.002381
395, 0.002175, 0.002412, 0.002382
396, 0.002178, 0.002414, 0.002384
397, 0.002176, 0.002412, 0.002382
398, 0.002177, 0.002412, 0.002381
399, 0.002178, 0.002409, 0.002380
400, 0.002178, 0.002407, 0.002378
401, 0.002175, 0.002410, 0.002379
402, 0.002173, 0.002409, 0.002379
403, 0.002175, 0.002412, 0.002383
404, 0.002176, 0.002409, 0.002379
405, 0.002174, 0.002407, 0.002376
406, 0.002174, 0.002408, 0.002378
407, 0.002174, 0.002407, 0.002377
408, 0.002172, 0.002407, 0.002376
409, 0.002174, 0.002407, 0.002376
410, 0.002172, 0.002409, 0.002378
411, 0.002171, 0.002406, 0.002376
412, 0.002172, 0.002406, 0.002376
413, 0.002173, 0.002406, 0.002375
414, 0.002171, 0.002405, 0.002375
415, 0.002169, 0.002407, 0.002377
416, 0.002175, 0.002406, 0.002375
417, 0.002169, 0.002405, 0.002374
418, 0.002169, 0.002401, 0.002372
419, 0.002172, 0.002409, 0.002380
420, 0.002167, 0.002408, 0.002377
421, 0.002167, 0.002402, 0.002372
422, 0.002173, 0.002405, 0.002374
423, 0.002168, 0.002413, 0.002381
424, 0.002170, 0.002401, 0.002372
425, 0.002173, 0.002402, 0.002371
426, 0.002168, 0.002419, 0.002386
427, 0.002168, 0.002402, 0.002374
428, 0.002173, 0.002402, 0.002371
429, 0.002169, 0.002413, 0.002380
430, 0.002174, 0.002399, 0.002370
431, 0.002167, 0.002402, 0.002373
432, 0.002167, 0.002412, 0.002379
433, 0.002169, 0.002399, 0.002369
434, 0.002167, 0.002399, 0.002369
435, 0.002165, 0.002417, 0.002385
436, 0.002167, 0.002403, 0.002372
437, 0.002163, 0.002399, 0.002369
438, 0.002166, 0.002409, 0.002377
439, 0.002165, 0.002398, 0.002368
440, 0.002164, 0.002396, 0.002368
441, 0.002163, 0.002408, 0.002376
442, 0.002168, 0.002398, 0.002368
443, 0.002165, 0.002398, 0.002369
444, 0.002163, 0.002410, 0.002379
445, 0.002162, 0.002398, 0.002368
446, 0.002162, 0.002395, 0.002366
447, 0.002163, 0.002403, 0.002371
448, 0.002163, 0.002402, 0.002371
449, 0.002161, 0.002395, 0.002366
450, 0.002161, 0.002400, 0.002369
451, 0.002160, 0.002401, 0.002370
452, 0.002161, 0.002394, 0.002365
453, 0.002158, 0.002398, 0.002367
454, 0.002162, 0.002400, 0.002368
455, 0.002161, 0.002397, 0.002367
456, 0.002160, 0.002400, 0.002369
457, 0.002157, 0.002399, 0.002367
458, 0.002159, 0.002394, 0.002364
459, 0.002164, 0.002405, 0.002373
460, 0.002161, 0.002398, 0.002367
461, 0.002160, 0.002392, 0.002363
462, 0.002160, 0.002400, 0.002368
463, 0.002160, 0.002396, 0.002365
464, 0.002157, 0.002394, 0.002364
465, 0.002157, 0.002399, 0.002367
466, 0.002157, 0.002393, 0.002363
467, 0.002159, 0.002395, 0.002364
468, 0.002157, 0.002400, 0.002369
469, 0.002158, 0.002392, 0.002362
470, 0.002160, 0.002396, 0.002365
471, 0.002155, 0.002397, 0.002366
472, 0.002159, 0.002392, 0.002362
473, 0.002156, 0.002396, 0.002365
474, 0.002154, 0.002394, 0.002364
475, 0.002158, 0.002391, 0.002361
476, 0.002159, 0.002395, 0.002364
477, 0.002152, 0.002397, 0.002366
478, 0.002155, 0.002390, 0.002360
479, 0.002158, 0.002394, 0.002363
480, 0.002155, 0.002394, 0.002363
481, 0.002155, 0.002388, 0.002359
482, 0.002154, 0.002396, 0.002365
483, 0.002154, 0.002392, 0.002362
484, 0.002153, 0.002392, 0.002361
485, 0.002152, 0.002392, 0.002361
486, 0.002155, 0.002395, 0.002363
487, 0.002155, 0.002390, 0.002359
488, 0.002154, 0.002392, 0.002361
489, 0.002153, 0.002395, 0.002363
490, 0.002154, 0.002390, 0.002359
491, 0.002151, 0.002390, 0.002359
492, 0.002152, 0.002391, 0.002360
493, 0.002151, 0.002389, 0.002359
494, 0.002153, 0.002390, 0.002359
495, 0.002151, 0.002395, 0.002363
496, 0.002153, 0.002391, 0.002361
497, 0.002153, 0.002388, 0.002359
498, 0.002151, 0.002394, 0.002363
499, 0.002152, 0.002388, 0.002358
500, 0.002151, 0.002386, 0.002357
501, 0.002149, 0.002397, 0.002365
502, 0.002152, 0.002386, 0.002357
503, 0.002151, 0.002386, 0.002357
504, 0.002150, 0.002392, 0.002361
505, 0.002149, 0.002387, 0.002357
506, 0.002150, 0.002385, 0.002355
507, 0.002152, 0.002397, 0.002365
508, 0.002150, 0.002387, 0.002357
509, 0.002150, 0.002386, 0.002357
510, 0.002149, 0.002398, 0.002366
511, 0.002151, 0.002387, 0.002356
512, 0.002150, 0.002385, 0.002355
513, 0.002151, 0.002400, 0.002369
514, 0.002152, 0.002384, 0.002356
515, 0.002151, 0.002387, 0.002357
516, 0.002147, 0.002394, 0.002362
517, 0.002145, 0.002384, 0.002355
518, 0.002149, 0.002388, 0.002357
519, 0.002147, 0.002395, 0.002363
520, 0.002149, 0.002383, 0.002354
521, 0.002149, 0.002389, 0.002358
522, 0.002146, 0.002395, 0.002362
523, 0.002148, 0.002382, 0.002352
524, 0.002149, 0.002388, 0.002356
525, 0.002144, 0.002390, 0.002358
526, 0.002146, 0.002382, 0.002352
527, 0.002147, 0.002395, 0.002363
528, 0.002146, 0.002388, 0.002357
529, 0.002144, 0.002380, 0.002352
530, 0.002147, 0.002394, 0.002362
531, 0.002145, 0.002389, 0.002359
532, 0.002144, 0.002381, 0.002353
533, 0.002151, 0.002401, 0.002369
534, 0.002149, 0.002381, 0.002352
535, 0.002145, 0.002384, 0.002354
536, 0.002145, 0.002395, 0.002363
537, 0.002147, 0.002380, 0.002351
538, 0.002150, 0.002386, 0.002355
539, 0.002145, 0.002387, 0.002356
540, 0.002143, 0.002381, 0.002351
541, 0.002143, 0.002387, 0.002355
542, 0.002143, 0.002381, 0.002351
543, 0.002145, 0.002380, 0.002350
544, 0.002145, 0.002388, 0.002357
545, 0.002141, 0.002381, 0.002351
546, 0.002140, 0.002380, 0.002350
547, 0.002143, 0.002383, 0.002353
548, 0.002138, 0.002386, 0.002355
549, 0.002142, 0.002381, 0.002351
550, 0.002140, 0.002385, 0.002354
551, 0.002141, 0.002384, 0.002353
552, 0.002139, 0.002375, 0.002347
553, 0.002144, 0.002395, 0.002362
554, 0.002142, 0.002376, 0.002347
555, 0.002144, 0.002382, 0.002351
556, 0.002137, 0.002383, 0.002352
557, 0.002139, 0.002378, 0.002348
558, 0.002141, 0.002383, 0.002352
559, 0.002136, 0.002380, 0.002350
560, 0.002139, 0.002380, 0.002350
561, 0.002140, 0.002383, 0.002353
562, 0.002137, 0.002378, 0.002349
563, 0.002139, 0.002383, 0.002353
564, 0.002141, 0.002374, 0.002346
565, 0.002139, 0.002381, 0.002351
566, 0.002137, 0.002382, 0.002351
567, 0.002137, 0.002377, 0.002347
568, 0.002138, 0.002383, 0.002352
569, 0.002139, 0.002380, 0.002349
570, 0.002134, 0.002373, 0.002344
571, 0.002137, 0.002379, 0.002348
572, 0.002135, 0.002376, 0.002346
573, 0.002132, 0.002378, 0.002348
574, 0.002134, 0.002382, 0.002351
575, 0.002136, 0.002373, 0.002344
576, 0.002137, 0.002384, 0.002353
577, 0.002139, 0.002378, 0.002348
578, 0.002134, 0.002373, 0.002344
579, 0.002138, 0.002383, 0.002352
580, 0.002136, 0.002373, 0.002344
581, 0.002137, 0.002375, 0.002345
582, 0.002134, 0.002378, 0.002348
583, 0.002135, 0.002378, 0.002347
584, 0.002135, 0.002376, 0.002345
585, 0.002135, 0.002375, 0.002344
586, 0.002133, 0.002379, 0.002348
587, 0.002135, 0.002372, 0.002342
588, 0.002135, 0.002378, 0.002347
589, 0.002135, 0.002372, 0.002342
590, 0.002133, 0.002376, 0.002345
591, 0.002133, 0.002378, 0.002347
592, 0.002132, 0.002373, 0.002344
593, 0.002131, 0.002376, 0.002346
594, 0.002131, 0.002373, 0.002344
595, 0.002130, 0.002371, 0.002342
596, 0.002135, 0.002382, 0.002351
597, 0.002132, 0.002368, 0.002340
598, 0.002133, 0.002377, 0.002347
599, 0.002130, 0.002372, 0.002343
600, 0.002130, 0.002371, 0.002341
601, 0.002132, 0.002369, 0.002339
602, 0.002130, 0.002372, 0.002342
603, 0.002132, 0.002372, 0.002342
604, 0.002129, 0.002371, 0.002341
605, 0.002126, 0.002378, 0.002347
606, 0.002130, 0.002369, 0.002340
607, 0.002128, 0.002371, 0.002341
608, 0.002127, 0.002374, 0.002343
609, 0.002128, 0.002367, 0.002338
610, 0.002131, 0.002376, 0.002345
611, 0.002128, 0.002374, 0.002344
612, 0.002128, 0.002364, 0.002335
613, 0.002131, 0.002385, 0.002352
614, 0.002130, 0.002363, 0.002335
615, 0.002129, 0.002372, 0.002342
616, 0.002126, 0.002373, 0.002342
617, 0.002131, 0.002364, 0.002335
618, 0.002127, 0.002376, 0.002345
619, 0.002127, 0.002366, 0.002337
620, 0.002125, 0.002365, 0.002336
621, 0.002125, 0.002372, 0.002342
622, 0.002126, 0.002362, 0.002334
623, 0.002128, 0.002375, 0.002345
624, 0.002129, 0.002367, 0.002338
625, 0.002125, 0.002363, 0.002334
626, 0.002125, 0.002378, 0.002347
627, 0.002124, 0.002359, 0.002331
628, 0.002125, 0.002367, 0.002337
629, 0.002124, 0.002376, 0.002344
630, 0.002124, 0.002360, 0.002331
631, 0.002125, 0.002369, 0.002338
632, 0.002121, 0.002371, 0.002340
633, 0.002125, 0.002358, 0.002329
634, 0.002123, 0.002373, 0.002341
635, 0.002123, 0.002360, 0.002330
636, 0.002122, 0.002358, 0.002329
637, 0.002122, 0.002371, 0.002340
638, 0.002123, 0.002359, 0.002330
639, 0.002122, 0.002362, 0.002333
640, 0.002120, 0.002370, 0.002340
641, 0.002120, 0.002356, 0.002328
642, 0.002121, 0.002366, 0.002336
643, 0.002123, 0.002360, 0.002330
644, 0.002119, 0.002353, 0.002325
645, 0.002124, 0.002379, 0.002347
646, 0.002123, 0.002354, 0.002326
647, 0.002121, 0.002367, 0.002337
648, 0.002120, 0.002361, 0.002331
649, 0.002116, 0.002353, 0.002325
650, 0.002121, 0.002370, 0.002339
651, 0.002121, 0.002350, 0.002323
652, 0.002123, 0.002372, 0.002340
653, 0.002117, 0.002354, 0.002325
654, 0.002115, 0.002353, 0.002324
655, 0.002117, 0.002365, 0.002334
656, 0.002118, 0.002350, 0.002322
657, 0.002114, 0.002356, 0.002326
658, 0.002115, 0.002358, 0.002328
659, 0.002115, 0.002355, 0.002326
660, 0.002114, 0.002353, 0.002323
661, 0.002115, 0.002354, 0.002324
662, 0.002113, 0.002348, 0.002320
663, 0.002114, 0.002362, 0.002332
664, 0.002117, 0.002348, 0.002320
665, 0.002115, 0.002356, 0.002326
666, 0.002113, 0.002354, 0.002324
667, 0.002114, 0.002351, 0.002321
668, 0.002109, 0.002352, 0.002322
669, 0.002109, 0.002348, 0.002319
670, 0.002110, 0.002351, 0.002321
671, 0.002110, 0.002354, 0.002324
672, 0.002109, 0.002344, 0.002316
673, 0.002109, 0.002360, 0.002328
674, 0.002114, 0.002340, 0.002312
675, 0.002111, 0.002350, 0.002321
676, 0.002109, 0.002352, 0.002322
677, 0.002108, 0.002341, 0.002313
678, 0.002110, 0.002366, 0.002335
679, 0.002113, 0.002341, 0.002314
680, 0.002112, 0.002359, 0.002329
681, 0.002110, 0.002341, 0.002312
682, 0.002109, 0.002338, 0.002310
683, 0.002107, 0.002352, 0.002322
684, 0.002108, 0.002335, 0.002308
685, 0.002108, 0.002359, 0.002327
686, 0.002109, 0.002342, 0.002313
687, 0.002103, 0.002335, 0.002308
688, 0.002105, 0.002367, 0.002335
689, 0.002112, 0.002332, 0.002305
690, 0.002107, 0.002343, 0.002314
691, 0.002102, 0.002349, 0.002318
692, 0.002106, 0.002330, 0.002304
693, 0.002110, 0.002378, 0.002346
694, 0.002113, 0.002330, 0.002304
695, 0.002110, 0.002344, 0.002314
696, 0.002098, 0.002343, 0.002313
697, 0.002104, 0.002328, 0.002302
698, 0.002106, 0.002378, 0.002345
699, 0.002112, 0.002327, 0.002300
700, 0.002103, 0.002336, 0.002306
701, 0.002099, 0.002344, 0.002313
702, 0.002098, 0.002325, 0.002299
703, 0.002104, 0.002363, 0.002332
704, 0.002105, 0.002324, 0.002296
705, 0.002097, 0.002327, 0.002298
706, 0.002098, 0.002348, 0.002318
707, 0.002101, 0.002321, 0.002296
708, 0.002102, 0.002348, 0.002317
709, 0.002098, 0.002323, 0.002295
710, 0.002092, 0.002319, 0.002292
711, 0.002094, 0.002357, 0.002325
712, 0.002102, 0.002316, 0.002291
713, 0.002097, 0.002332, 0.002302
714, 0.002093, 0.002325, 0.002296
715, 0.002087, 0.002316, 0.002289
716, 0.002089, 0.002333, 0.002303
717, 0.002089, 0.002316, 0.002288
718, 0.002089, 0.002317, 0.002289
719, 0.002089, 0.002321, 0.002292
720, 0.002086, 0.002316, 0.002288
721, 0.002087, 0.002321, 0.002292
722, 0.002085, 0.002312, 0.002284
723, 0.002084, 0.002316, 0.002288
724, 0.002087, 0.002312, 0.002284
725, 0.002083, 0.002306, 0.002279
726, 0.002084, 0.002325, 0.002296
727, 0.002083, 0.002305, 0.002279
728, 0.002084, 0.002316, 0.002287
729, 0.002080, 0.002310, 0.002282
730, 0.002082, 0.002301, 0.002274
731, 0.002079, 0.002321, 0.002290
732, 0.002083, 0.002301, 0.002273
733, 0.002079, 0.002306, 0.002277
734, 0.002076, 0.002314, 0.002284
735, 0.002077, 0.002295, 0.002269
736, 0.002081, 0.002318, 0.002288
737, 0.002080, 0.002294, 0.002268
738, 0.002075, 0.002296, 0.002268
739, 0.002070, 0.002310, 0.002281
740, 0.002076, 0.002290, 0.002264
741, 0.002076, 0.002307, 0.002278
742, 0.002073, 0.002293, 0.002265
743, 0.002070, 0.002289, 0.002262
744, 0.002071, 0.002304, 0.002275
745, 0.002072, 0.002283, 0.002257
746, 0.002072, 0.002299, 0.002269
747, 0.002068, 0.002289, 0.002261
748, 0.002064, 0.002282, 0.002256
749, 0.002065, 0.002295, 0.002266
750, 0.002062, 0.002280, 0.002252
751, 0.002061, 0.002282, 0.002254
752, 0.002061, 0.002292, 0.002262
753, 0.002061, 0.002273, 0.002247
754, 0.002063, 0.002292, 0.002263
755, 0.002060, 0.002276, 0.002249
756, 0.002057, 0.002272, 0.002245
757, 0.002056, 0.002286, 0.002257
758, 0.002063, 0.002266, 0.002240
759, 0.002059, 0.002290, 0.002261
760, 0.002057, 0.002265, 0.002238
761, 0.002054, 0.002272, 0.002243
762, 0.002053, 0.002276, 0.002246
763, 0.002053, 0.002258, 0.002233
764, 0.002058, 0.002300, 0.002269
765, 0.002060, 0.002255, 0.002229
766, 0.002051, 0.002257, 0.002229
767, 0.002049, 0.002291, 0.002261
768, 0.002053, 0.002251, 0.002227
769, 0.002055, 0.002280, 0.002251
770, 0.002049, 0.002248, 0.002222
771, 0.002041, 0.002252, 0.002226
772, 0.002038, 0.002262, 0.002233
773, 0.002040, 0.002242, 0.002216
774, 0.002042, 0.002260, 0.002230
775, 0.002038, 0.002242, 0.002214
776, 0.002036, 0.002241, 0.002214
777, 0.002034, 0.002242, 0.002214
778, 0.002030, 0.002239, 0.002212
779, 0.002032, 0.002237, 0.002210
780, 0.002027, 0.002236, 0.002209
781, 0.002031, 0.002233, 0.002206
782, 0.002027, 0.002232, 0.002205
783, 0.002026, 0.002227, 0.002200
784, 0.002022, 0.002229, 0.002201
785, 0.002022, 0.002224, 0.002197
786, 0.002019, 0.002219, 0.002192
787, 0.002015, 0.002218, 0.002191
788, 0.002015, 0.002227, 0.002198
789, 0.002018, 0.002210, 0.002184
790, 0.002017, 0.002216, 0.002188
791, 0.002014, 0.002220, 0.002192
792, 0.002013, 0.002201, 0.002177
793, 0.002018, 0.002248, 0.002218
794, 0.002021, 0.002198, 0.002174
795, 0.002014, 0.002210, 0.002182
796, 0.002007, 0.002204, 0.002176
797, 0.002001, 0.002190, 0.002164
798, 0.002001, 0.002206, 0.002177
799, 0.002000, 0.002187, 0.002160
800, 0.001996, 0.002189, 0.002161
801, 0.001997, 0.002184, 0.002157
802, 0.001993, 0.002181, 0.002155
803, 0.001988, 0.002180, 0.002153
804, 0.001989, 0.002173, 0.002147
805, 0.001987, 0.002181, 0.002154
806, 0.001984, 0.002168, 0.002142
807, 0.001983, 0.002173, 0.002145
808, 0.001981, 0.002165, 0.002138
809, 0.001977, 0.002162, 0.002135
810, 0.001975, 0.002155, 0.002129
811, 0.001973, 0.002162, 0.002135
812, 0.001973, 0.002151, 0.002124
813, 0.001967, 0.002148, 0.002121
814, 0.001969, 0.002158, 0.002130
815, 0.001967, 0.002138, 0.002112
816, 0.001970, 0.002158, 0.002128
817, 0.001965, 0.002132, 0.002106
818, 0.001960, 0.002143, 0.002115
819, 0.001956, 0.002127, 0.002101
820, 0.001954, 0.002125, 0.002098
821, 0.001948, 0.002134, 0.002106
822, 0.001948, 0.002114, 0.002089
823, 0.001950, 0.002134, 0.002104
824, 0.001945, 0.002110, 0.002083
825, 0.001939, 0.002108, 0.002080
826, 0.001935, 0.002117, 0.002088
827, 0.001936, 0.002095, 0.002070
828, 0.001938, 0.002128, 0.002097
829, 0.001938, 0.002090, 0.002066
830, 0.001933, 0.002102, 0.002073
831, 0.001925, 0.002091, 0.002063
832, 0.001923, 0.002077, 0.002052
833, 0.001923, 0.002112, 0.002081
834, 0.001929, 0.002071, 0.002047
835, 0.001925, 0.002097, 0.002067
836, 0.001919, 0.002063, 0.002038
837, 0.001916, 0.002079, 0.002050
838, 0.001904, 0.002055, 0.002029
839, 0.001898, 0.002048, 0.002022
840, 0.001896, 0.002069, 0.002039
841, 0.001897, 0.002038, 0.002014
842, 0.001902, 0.002071, 0.002041
843, 0.001900, 0.002031, 0.002007
844, 0.001893, 0.002050, 0.002020
845, 0.001885, 0.002022, 0.001996
846, 0.001877, 0.002020, 0.001993
847, 0.001875, 0.002016, 0.001989
848, 0.001870, 0.002006, 0.001980
849, 0.001865, 0.002019, 0.001991
850, 0.001863, 0.001996, 0.001971
851, 0.001858, 0.002000, 0.001973
852, 0.001856, 0.001989, 0.001963
853, 0.001851, 0.001983, 0.001957
854, 0.001847, 0.001988, 0.001960
855, 0.001842, 0.001970, 0.001944
856, 0.001843, 0.001975, 0.001947
857, 0.001835, 0.001962, 0.001936
858, 0.001830, 0.001959, 0.001933
859, 0.001831, 0.001957, 0.001930
860, 0.001826, 0.001944, 0.001920
861, 0.001820, 0.001952, 0.001925
862, 0.001818, 0.001933, 0.001908
863, 0.001813, 0.001935, 0.001909
864, 0.001809, 0.001923, 0.001898
865, 0.001805, 0.001922, 0.001895
866, 0.001798, 0.001913, 0.001887
867, 0.001794, 0.001911, 0.001885
868, 0.001792, 0.001902, 0.001876
869, 0.001786, 0.001893, 0.001868
870, 0.001784, 0.001896, 0.001870
871, 0.001777, 0.001880, 0.001856
872, 0.001773, 0.001882, 0.001855
873, 0.001769, 0.001868, 0.001843
874, 0.001766, 0.001874, 0.001848
875, 0.001760, 0.001854, 0.001831
876, 0.001759, 0.001870, 0.001843
877, 0.001751, 0.001843, 0.001819
878, 0.001747, 0.001840, 0.001815
879, 0.001741, 0.001839, 0.001813
880, 0.001736, 0.001825, 0.001801
881, 0.001736, 0.001843, 0.001815
882, 0.001732, 0.001809, 0.001787
883, 0.001728, 0.001820, 0.001793
884, 0.001717, 0.001799, 0.001774
885, 0.001709, 0.001788, 0.001765
886, 0.001709, 0.001808, 0.001781
887, 0.001707, 0.001778, 0.001756
888, 0.001705, 0.001812, 0.001783
889, 0.001702, 0.001763, 0.001742
890, 0.001695, 0.001780, 0.001753
891, 0.001682, 0.001744, 0.001720
892, 0.001672, 0.001740, 0.001716
893, 0.001666, 0.001741, 0.001717
894, 0.001664, 0.001723, 0.001701
895, 0.001660, 0.001753, 0.001725
896, 0.001664, 0.001711, 0.001692
897, 0.001660, 0.001737, 0.001710
898, 0.001648, 0.001698, 0.001676
899, 0.001641, 0.001701, 0.001677
900, 0.001629, 0.001685, 0.001662
901, 0.001620, 0.001671, 0.001649
902, 0.001621, 0.001695, 0.001668
903, 0.001617, 0.001661, 0.001642
904, 0.001617, 0.001689, 0.001661
905, 0.001612, 0.001638, 0.001617
906, 0.001600, 0.001651, 0.001627
907, 0.001589, 0.001625, 0.001602
908, 0.001579, 0.001615, 0.001594
909, 0.001575, 0.001640, 0.001614
910, 0.001578, 0.001601, 0.001582
911, 0.001572, 0.001650, 0.001623
912, 0.001575, 0.001593, 0.001575
913, 0.001566, 0.001610, 0.001586
914, 0.001553, 0.001570, 0.001550
915, 0.001540, 0.001565, 0.001544
916, 0.001527, 0.001564, 0.001543
917, 0.001523, 0.001552, 0.001532
918, 0.001526, 0.001564, 0.001541
919, 0.001514, 0.001527, 0.001509
920, 0.001503, 0.001536, 0.001514
921, 0.001501, 0.001508, 0.001488
922, 0.001485, 0.001501, 0.001481
923, 0.001479, 0.001499, 0.001478
924, 0.001474, 0.001483, 0.001464
925, 0.001468, 0.001492, 0.001471
926, 0.001459, 0.001465, 0.001449
927, 0.001454, 0.001488, 0.001467
928, 0.001452, 0.001449, 0.001432
929, 0.001441, 0.001445, 0.001425
930, 0.001425, 0.001438, 0.001419
931, 0.001420, 0.001425, 0.001408
932, 0.001417, 0.001439, 0.001419
933, 0.001408, 0.001406, 0.001391
934, 0.001403, 0.001426, 0.001406
935, 0.001394, 0.001391, 0.001375
936, 0.001384, 0.001389, 0.001372
937, 0.001370, 0.001394, 0.001375
938, 0.001367, 0.001370, 0.001356
939, 0.001369, 0.001420, 0.001400
940, 0.001368, 0.001367, 0.001357
941, 0.001365, 0.001400, 0.001379
942, 0.001349, 0.001346, 0.001335
943, 0.001333, 0.001347, 0.001329
944, 0.001318, 0.001338, 0.001319
945, 0.001305, 0.001324, 0.001311
946, 0.001296, 0.001325, 0.001309
947, 0.001288, 0.001314, 0.001298
948, 0.001280, 0.001305, 0.001294
949, 0.001270, 0.001312, 0.001295
950, 0.001265, 0.001289, 0.001276
951, 0.001259, 0.001315, 0.001299
952, 0.001256, 0.001285, 0.001268
953, 0.001253, 0.001301, 0.001284
954, 0.001243, 0.001260, 0.001244
955, 0.001228, 0.001257, 0.001238
956, 0.001213, 0.001230, 0.001213
957, 0.001199, 0.001229, 0.001209
958, 0.001190, 0.001214, 0.001195
959, 0.001183, 0.001209, 0.001188
960, 0.001172, 0.001197, 0.001180
961, 0.001165, 0.001193, 0.001169
962, 0.001155, 0.001195, 0.001178
963, 0.001148, 0.001191, 0.001166
964, 0.001146, 0.001200, 0.001175
965, 0.001149, 0.001210, 0.001183
966, 0.001145, 0.001222, 0.001197
967, 0.001158, 0.001219, 0.001187
968, 0.001148, 0.001230, 0.001213
969, 0.001158, 0.001179, 0.001144
970, 0.001118, 0.001147, 0.001130
971, 0.001087, 0.001118, 0.001083
972, 0.001065, 0.001128, 0.001111
973, 0.001067, 0.001171, 0.001124
974, 0.001129, 0.001259, 0.001252
975, 0.001181, 0.001347, 0.001300
976, 0.001264, 0.001193, 0.001175
977, 0.001135, 0.001057, 0.001034
978, 0.001065, 0.001025, 0.001000
979, 0.001060, 0.001060, 0.001041
980, 0.001057, 0.001034, 0.001025
981, 0.001042, 0.001010, 0.000984
982, 0.001040, 0.000978, 0.000959
983, 0.000981, 0.001077, 0.001077
984, 0.001039, 0.001074, 0.001042
985, 0.001061, 0.000982, 0.000969
986, 0.000953, 0.001005, 0.000999
987, 0.000973, 0.001051, 0.001013
988, 0.001030, 0.000956, 0.000947
989, 0.000943, 0.000952, 0.000938
990, 0.000932, 0.000936, 0.000908
991, 0.000953, 0.000984, 0.000983
992, 0.000969, 0.000957, 0.000929
993, 0.000932, 0.000903, 0.000885
994, 0.000909, 0.000938, 0.000924
995, 0.000902, 0.000903, 0.000874
996, 0.000904, 0.000955, 0.000953
997, 0.000940, 0.000931, 0.000904
998, 0.000909, 0.000921, 0.000901
999, 0.000915, 0.000909, 0.000894
1000, 0.000924, 0.000918, 0.000892
1001, 0.000891, 0.000833, 0.000811
1002, 0.000868, 0.000868, 0.000855
1003, 0.000863, 0.000814, 0.000791
1004, 0.000838, 0.000816, 0.000806
1005, 0.000849, 0.000838, 0.000819
1006, 0.000842, 0.000812, 0.000798
1007, 0.000831, 0.000794, 0.000780
1008, 0.000841, 0.000910, 0.000893
1009, 0.000881, 0.000778, 0.000763
1010, 0.000816, 0.000769, 0.000757
1011, 0.000796, 0.000802, 0.000782
1012, 0.000799, 0.000747, 0.000737
1013, 0.000787, 0.000745, 0.000730
1014, 0.000779, 0.000762, 0.000747
1015, 0.000792, 0.000784, 0.000780
1016, 0.000824, 0.000756, 0.000740
1017, 0.000794, 0.000732, 0.000723
1018, 0.000769, 0.000693, 0.000680
1019, 0.000752, 0.000714, 0.000699
1020, 0.000747, 0.000716, 0.000708
1021, 0.000764, 0.000697, 0.000685
1022, 0.000756, 0.000702, 0.000689
1023, 0.000740, 0.000662, 0.000653
1024, 0.000717, 0.000663, 0.000649
1025, 0.000728, 0.000706, 0.000695
1026, 0.000747, 0.000656, 0.000643
1027, 0.000723, 0.000641, 0.000631
1028, 0.000706, 0.000644, 0.000631
1029, 0.000699, 0.000635, 0.000624
1030, 0.000706, 0.000671, 0.000664
1031, 0.000730, 0.000645, 0.000631
1032, 0.000701, 0.000616, 0.000611
1033, 0.000690, 0.000613, 0.000602
1034, 0.000678, 0.000616, 0.000604
1035, 0.000680, 0.000609, 0.000604
1036, 0.000686, 0.000603, 0.000590
1037, 0.000673, 0.000586, 0.000575
1038, 0.000663, 0.000587, 0.000582
1039, 0.000674, 0.000599, 0.000585
1040, 0.000671, 0.000573, 0.000566
1041, 0.000652, 0.000566, 0.000562
1042, 0.000656, 0.000593, 0.000581
1043, 0.000665, 0.000565, 0.000561
1044, 0.000655, 0.000556, 0.000550
1045, 0.000643, 0.000579, 0.000567
1046, 0.000650, 0.000550, 0.000544
1047, 0.000643, 0.000546, 0.000539
1048, 0.000636, 0.000571, 0.000557
1049, 0.000640, 0.000537, 0.000531
1050, 0.000636, 0.000534, 0.000525
1051, 0.000632, 0.000559, 0.000545
1052, 0.000636, 0.000527, 0.000523
1053, 0.000630, 0.000531, 0.000522
1054, 0.000618, 0.000544, 0.000534
1055, 0.000628, 0.000519, 0.000515
1056, 0.000623, 0.000522, 0.000513
1057, 0.000611, 0.000514, 0.000504
1058, 0.000609, 0.000508, 0.000503
1059, 0.000615, 0.000530, 0.000519
1060, 0.000611, 0.000496, 0.000487
1061, 0.000601, 0.000498, 0.000494
1062, 0.000611, 0.000530, 0.000519
1063, 0.000612, 0.000483, 0.000475
1064, 0.000593, 0.000482, 0.000476
1065, 0.000592, 0.000516, 0.000505
1066, 0.000605, 0.000477, 0.000471
1067, 0.000591, 0.000476, 0.000470
1068, 0.000582, 0.000496, 0.000485
1069, 0.000589, 0.000470, 0.000463
1070, 0.000588, 0.000475, 0.000468
1071, 0.000578, 0.000482, 0.000472
1072, 0.000583, 0.000462, 0.000457
1073, 0.000582, 0.000473, 0.000466
1074, 0.000574, 0.000466, 0.000457
1075, 0.000574, 0.000453, 0.000448
1076, 0.000573, 0.000465, 0.000457
1077, 0.000568, 0.000457, 0.000448
1078, 0.000568, 0.000446, 0.000441
1079, 0.000569, 0.000467, 0.000460
1080, 0.000565, 0.000441, 0.000435
1081, 0.000560, 0.000438, 0.000433
1082, 0.000559, 0.000453, 0.000447
1083, 0.000560, 0.000431, 0.000425
1084, 0.000554, 0.000431, 0.000424
1085, 0.000553, 0.000441, 0.000434
1086, 0.000552, 0.000425, 0.000417
1087, 0.000551, 0.000431, 0.000425
1088, 0.000554, 0.000436, 0.000430
1089, 0.000553, 0.000423, 0.000416
1090, 0.000543, 0.000427, 0.000421
1091, 0.000547, 0.000433, 0.000428
1092, 0.000552, 0.000420, 0.000413
1093, 0.000542, 0.000420, 0.000414
1094, 0.000542, 0.000433, 0.000426
1095, 0.000547, 0.000413, 0.000406
1096, 0.000536, 0.000409, 0.000403
1097, 0.000539, 0.000434, 0.000427
1098, 0.000548, 0.000411, 0.000404
1099, 0.000535, 0.000406, 0.000401
1100, 0.000539, 0.000445, 0.000439
1101, 0.000554, 0.000400, 0.000395
1102, 0.000526, 0.000406, 0.000402
1103, 0.000540, 0.000441, 0.000434
1104, 0.000554, 0.000400, 0.000394
1105, 0.000527, 0.000409, 0.000403
1106, 0.000544, 0.000457, 0.000448
1107, 0.000559, 0.000394, 0.000389
1108, 0.000522, 0.000412, 0.000406
1109, 0.000547, 0.000445, 0.000439
1110, 0.000553, 0.000394, 0.000389
1111, 0.000516, 0.000416, 0.000411
1112, 0.000550, 0.000432, 0.000426
1113, 0.000546, 0.000388, 0.000382
1114, 0.000515, 0.000419, 0.000413
1115, 0.000555, 0.000447, 0.000443
1116, 0.000557, 0.000402, 0.000393
1117, 0.000519, 0.000433, 0.000424
1118, 0.000570, 0.000437, 0.000435
1119, 0.000550, 0.000412, 0.000404
1120, 0.000525, 0.000430, 0.000422
1121, 0.000565, 0.000400, 0.000399
1122, 0.000527, 0.000421, 0.000412
1123, 0.000534, 0.000395, 0.000388
1124, 0.000534, 0.000382, 0.000382
1125, 0.000515, 0.000421, 0.000413
1126, 0.000532, 0.000367, 0.000360
1127, 0.000510, 0.000376, 0.000374
1128, 0.000510, 0.000388, 0.000379
1129, 0.000513, 0.000364, 0.000357
1130, 0.000506, 0.000375, 0.000372
1131, 0.000509, 0.000367, 0.000361
1132, 0.000498, 0.000363, 0.000357
1133, 0.000503, 0.000364, 0.000360
1134, 0.000500, 0.000357, 0.000353
1135, 0.000495, 0.000361, 0.000356
1136, 0.000499, 0.000357, 0.000354
1137, 0.000493, 0.000355, 0.000351
1138, 0.000497, 0.000357, 0.000351
1139, 0.000493, 0.000355, 0.000350
1140, 0.000488, 0.000352, 0.000349
1141, 0.000494, 0.000346, 0.000340
1142, 0.000490, 0.000350, 0.000347
1143, 0.000488, 0.000350, 0.000347
1144, 0.000488, 0.000342, 0.000339
1145, 0.000489, 0.000345, 0.000341
1146, 0.000484, 0.000346, 0.000344
1147, 0.000486, 0.000340, 0.000336
1148, 0.000485, 0.000342, 0.000338
1149, 0.000484, 0.000345, 0.000342
1150, 0.000482, 0.000336, 0.000333
1151, 0.000483, 0.000345, 0.000338
1152, 0.000484, 0.000340, 0.000337
1153, 0.000483, 0.000340, 0.000335
1154, 0.000480, 0.000339, 0.000333
1155, 0.000482, 0.000333, 0.000330
1156, 0.000479, 0.000343, 0.000339
1157, 0.000479, 0.000333, 0.000329
1158, 0.000478, 0.000332, 0.000329
1159, 0.000476, 0.000342, 0.000337
1160, 0.000476, 0.000330, 0.000325
1161, 0.000477, 0.000331, 0.000327
1162, 0.000475, 0.000334, 0.000330
1163, 0.000474, 0.000330, 0.000326
1164, 0.000475, 0.000327, 0.000324
1165, 0.000474, 0.000327, 0.000325
1166, 0.000475, 0.000333, 0.000329
1167, 0.000471, 0.000326, 0.000322
1168, 0.000473, 0.000328, 0.000324
1169, 0.000473, 0.000329, 0.000324
1170, 0.000471, 0.000326, 0.000322
1171, 0.000469, 0.000329, 0.000325
1172, 0.000471, 0.000321, 0.000317
1173, 0.000468, 0.000328, 0.000324
1174, 0.000468, 0.000322, 0.000318
1175, 0.000467, 0.000322, 0.000318
1176, 0.000465, 0.000326, 0.000322
1177, 0.000466, 0.000319, 0.000315
1178, 0.000465, 0.000322, 0.000319
1179, 0.000465, 0.000328, 0.000324
1180, 0.000465, 0.000315, 0.000313
1181, 0.000466, 0.000321, 0.000317
1182, 0.000464, 0.000320, 0.000317
1183, 0.000465, 0.000316, 0.000313
1184, 0.000466, 0.000323, 0.000320
1185, 0.000467, 0.000315, 0.000312
1186, 0.000463, 0.000315, 0.000312
1187, 0.000462, 0.000320, 0.000318
1188, 0.000460, 0.000317, 0.000314
1189, 0.000463, 0.000317, 0.000315
1190, 0.000459, 0.000312, 0.000310
1191, 0.000461, 0.000316, 0.000312
1192, 0.000460, 0.000320, 0.000318
1193, 0.000460, 0.000311, 0.000308
1194, 0.000459, 0.000314, 0.000309
1195, 0.000458, 0.000314, 0.000311
1196, 0.000457, 0.000312, 0.000309
1197, 0.000458, 0.000316, 0.000312
1198, 0.000458, 0.000310, 0.000307
1199, 0.000457, 0.000312, 0.000309
1200, 0.000455, 0.000313, 0.000310
1201, 0.000458, 0.000313, 0.000311
1202, 0.000456, 0.000310, 0.000308
1203, 0.000454, 0.000313, 0.000309
1204, 0.000457, 0.000307, 0.000304
1205, 0.000457, 0.000313, 0.000310
1206, 0.000455, 0.000310, 0.000306
1207, 0.000453, 0.000306, 0.000303
1208, 0.000453, 0.000312, 0.000308
1209, 0.000454, 0.000307, 0.000304
1210, 0.000454, 0.000306, 0.000304
1211, 0.000452, 0.000310, 0.000308
1212, 0.000452, 0.000302, 0.000300
1213, 0.000454, 0.000312, 0.000310
1214, 0.000452, 0.000304, 0.000303
1215, 0.000453, 0.000311, 0.000309
1216, 0.000453, 0.000314, 0.000311
1217, 0.000451, 0.000301, 0.000298
1218, 0.000453, 0.000308, 0.000304
1219, 0.000452, 0.000309, 0.000306
1220, 0.000451, 0.000304, 0.000302
1221, 0.000450, 0.000313, 0.000308
1222, 0.000453, 0.000302, 0.000299
1223, 0.000450, 0.000308, 0.000306
1224, 0.000450, 0.000310, 0.000307
1225, 0.000450, 0.000298, 0.000296
1226, 0.000448, 0.000302, 0.000300
1227, 0.000448, 0.000303, 0.000301
1228, 0.000448, 0.000304, 0.000302
1229, 0.000450, 0.000303, 0.000300
1230, 0.000449, 0.000298, 0.000294
1231, 0.000449, 0.000307, 0.000304
1232, 0.000446, 0.000302, 0.000300
1233, 0.000446, 0.000300, 0.000297
1234, 0.000447, 0.000304, 0.000302
1235, 0.000446, 0.000297, 0.000294
1236, 0.000446, 0.000303, 0.000300
1237, 0.000447, 0.000303, 0.000301
1238, 0.000446, 0.000301, 0.000296
1239, 0.000445, 0.000298, 0.000295
1240, 0.000445, 0.000303, 0.000300
1241, 0.000447, 0.000295, 0.000293
1242, 0.000445, 0.000306, 0.000304
1243, 0.000447, 0.000297, 0.000295
1244, 0.000446, 0.000294, 0.000291
1245, 0.000444, 0.000307, 0.000304
1246, 0.000443, 0.000299, 0.000296
1247, 0.000443, 0.000293, 0.000289
1248, 0.000442, 0.000307, 0.000303
1249, 0.000444, 0.000297, 0.000294
1250, 0.000442, 0.000294, 0.000291
1251, 0.000443, 0.000307, 0.000303
1252, 0.000444, 0.000292, 0.000291
1253, 0.000441, 0.000301, 0.000298
1254, 0.000441, 0.000298, 0.000295
1255, 0.000442, 0.000293, 0.000292
1256, 0.000444, 0.000305, 0.000302
1257, 0.000441, 0.000292, 0.000289
1258, 0.000440, 0.000294, 0.000292
1259, 0.000439, 0.000312, 0.000308
1260, 0.000444, 0.000289, 0.000287
1261, 0.000443, 0.000301, 0.000298
1262, 0.000441, 0.000298, 0.000295
1263, 0.000440, 0.000291, 0.000290
1264, 0.000443, 0.000311, 0.000308
1265, 0.000443, 0.000290, 0.000288
1266, 0.000440, 0.000297, 0.000295
1267, 0.000440, 0.000302, 0.000300
1268, 0.000439, 0.000288, 0.000287
1269, 0.000443, 0.000311, 0.000307
1270, 0.000442, 0.000290, 0.000287
1271, 0.000437, 0.000288, 0.000286
1272, 0.000438, 0.000304, 0.000300
1273, 0.000438, 0.000290, 0.000288
1274, 0.000437, 0.000294, 0.000292
1275, 0.000437, 0.000297, 0.000294
1276, 0.000437, 0.000288, 0.000287
1277, 0.000439, 0.000301, 0.000299
1278, 0.000439, 0.000290, 0.000288
1279, 0.000437, 0.000291, 0.000289
1280, 0.000436, 0.000301, 0.000299
1281, 0.000438, 0.000286, 0.000284
1282, 0.000439, 0.000299, 0.000296
1283, 0.000437, 0.000292, 0.000289
1284, 0.000435, 0.000286, 0.000283
1285, 0.000437, 0.000304, 0.000301
1286, 0.000437, 0.000285, 0.000283
1287, 0.000436, 0.000298, 0.000295
1288, 0.000437, 0.000290, 0.000289
1289, 0.000436, 0.000289, 0.000287
1290, 0.000434, 0.000298, 0.000295
1291, 0.000436, 0.000288, 0.000286
1292, 0.000435, 0.000296, 0.000294
1293, 0.000436, 0.000286, 0.000284
1294, 0.000435, 0.000288, 0.000286
1295, 0.000433, 0.000290, 0.000287
1296, 0.000432, 0.000288, 0.000285
1297, 0.000434, 0.000303, 0.000300
1298, 0.000435, 0.000286, 0.000283
1299, 0.000436, 0.000293, 0.000291
1300, 0.000433, 0.000298, 0.000295
1301, 0.000432, 0.000282, 0.000280
1302, 0.000437, 0.000310, 0.000307
1303, 0.000437, 0.000283, 0.000282
1304, 0.000436, 0.000288, 0.000285
1305, 0.000432, 0.000301, 0.000298
1306, 0.000436, 0.000285, 0.000283
1307, 0.000436, 0.000301, 0.000297
1308, 0.000436, 0.000283, 0.000281
1309, 0.000432, 0.000289, 0.000288
1310, 0.000434, 0.000304, 0.000301
1311, 0.000436, 0.000282, 0.000279
1312, 0.000434, 0.000300, 0.000297
1313, 0.000433, 0.000288, 0.000285
1314, 0.000431, 0.000285, 0.000282
1315, 0.000433, 0.000300, 0.000296
1316, 0.000430, 0.000284, 0.000282
1317, 0.000434, 0.000295, 0.000291
1318, 0.000432, 0.000291, 0.000288
1319, 0.000430, 0.000283, 0.000282
1320, 0.000437, 0.000313, 0.000310
1321, 0.000436, 0.000280, 0.000279
1322, 0.000435, 0.000295, 0.000293
1323, 0.000430, 0.000294, 0.000291
1324, 0.000428, 0.000278, 0.000276
1325, 0.000432, 0.000303, 0.000300
1326, 0.000433, 0.000284, 0.000281
1327, 0.000427, 0.000279, 0.000276
1328, 0.000433, 0.000307, 0.000304
1329, 0.000431, 0.000281, 0.000279
1330, 0.000430, 0.000287, 0.000285
1331, 0.000428, 0.000298, 0.000295
1332, 0.000432, 0.000280, 0.000279
1333, 0.000431, 0.000304, 0.000300
1334, 0.000432, 0.000282, 0.000279
1335, 0.000428, 0.000284, 0.000281
1336, 0.000426, 0.000295, 0.000292
1337, 0.000430, 0.000280, 0.000279
1338, 0.000432, 0.000291, 0.000289
1339, 0.000427, 0.000288, 0.000285
1340, 0.000428, 0.000281, 0.000279
1341, 0.000428, 0.000288, 0.000285
1342, 0.000430, 0.000285, 0.000281
1343, 0.000427, 0.000288, 0.000286
1344, 0.000429, 0.000282, 0.000279
1345, 0.000425, 0.000285, 0.000282
1346, 0.000427, 0.000287, 0.000286
1347, 0.000427, 0.000280, 0.000277
1348, 0.000426, 0.000292, 0.000290
1349, 0.000427, 0.000280, 0.000279
1350, 0.000426, 0.000286, 0.000283
1351, 0.000426, 0.000288, 0.000285
1352, 0.000426, 0.000282, 0.000281
1353, 0.000429, 0.000300, 0.000296
1354, 0.000433, 0.000276, 0.000274
1355, 0.000428, 0.000295, 0.000293
1356, 0.000427, 0.000284, 0.000281
1357, 0.000425, 0.000280, 0.000278
1358, 0.000425, 0.000290, 0.000288
1359, 0.000424, 0.000280, 0.000278
1360, 0.000424, 0.000284, 0.000282
1361, 0.000425, 0.000280, 0.000277
1362, 0.000424, 0.000285, 0.000283
1363, 0.000425, 0.000280, 0.000277
1364, 0.000424, 0.000281, 0.000278
1365, 0.000424, 0.000285, 0.000283
1366, 0.000423, 0.000282, 0.000279
1367, 0.000424, 0.000279, 0.000276
1368, 0.000424, 0.000292, 0.000290
1369, 0.000426, 0.000278, 0.000275
1370, 0.000425, 0.000285, 0.000282
1371, 0.000422, 0.000284, 0.000281
1372, 0.000423, 0.000284, 0.000281
1373, 0.000422, 0.000281, 0.000277
1374, 0.000423, 0.000284, 0.000281
1375, 0.000423, 0.000282, 0.000279
1376, 0.000422, 0.000283, 0.000280
1377, 0.000421, 0.000280, 0.000278
1378, 0.000422, 0.000283, 0.000281
1379, 0.000421, 0.000279, 0.000277
1380, 0.000421, 0.000276, 0.000274
1381, 0.000421, 0.000285, 0.000283
1382, 0.000421, 0.000279, 0.000276
1383, 0.000421, 0.000283, 0.000280
1384, 0.000422, 0.000281, 0.000279
1385, 0.000422, 0.000277, 0.000274
1386, 0.000421, 0.000282, 0.000280
1387, 0.000423, 0.000279, 0.000276
1388, 0.000422, 0.000285, 0.000282
1389, 0.000421, 0.000279, 0.000277
1390, 0.000420, 0.000286, 0.000283
1391, 0.000420, 0.000281, 0.000278
1392, 0.000422, 0.000281, 0.000279
1393, 0.000420, 0.000278, 0.000274
1394, 0.000417, 0.000281, 0.000278
1395, 0.000420, 0.000286, 0.000283
1396, 0.000418, 0.000279, 0.000276
1397, 0.000420, 0.000280, 0.000277
1398, 0.000419, 0.000286, 0.000283
1399, 0.000419, 0.000277, 0.000275
1400, 0.000419, 0.000286, 0.000282
1401, 0.000419, 0.000276, 0.000273
1402, 0.000419, 0.000287, 0.000284
1403, 0.000420, 0.000277, 0.000273
1404, 0.000418, 0.000285, 0.000283
1405, 0.000418, 0.000276, 0.000274
1406, 0.000418, 0.000280, 0.000276
1407, 0.000418, 0.000283, 0.000280
1408, 0.000416, 0.000276, 0.000275
1409, 0.000419, 0.000294, 0.000289
1410, 0.000422, 0.000272, 0.000270
1411, 0.000419, 0.000292, 0.000290
1412, 0.000418, 0.000276, 0.000273
1413, 0.000419, 0.000273, 0.000271
1414, 0.000416, 0.000294, 0.000291
1415, 0.000421, 0.000270, 0.000267
1416, 0.000421, 0.000291, 0.000288
1417, 0.000419, 0.000274, 0.000271
1418, 0.000416, 0.000276, 0.000272
1419, 0.000417, 0.000292, 0.000290
1420, 0.000418, 0.000272, 0.000270
1421, 0.000416, 0.000290, 0.000286
1422, 0.000419, 0.000273, 0.000271
1423, 0.000417, 0.000281, 0.000278
1424, 0.000416, 0.000280, 0.000275
1425, 0.000416, 0.000273, 0.000270
1426, 0.000417, 0.000293, 0.000290
1427, 0.000415, 0.000270, 0.000266
1428, 0.000416, 0.000285, 0.000282
1429, 0.000415, 0.000276, 0.000274
1430, 0.000416, 0.000277, 0.000273
1431, 0.000414, 0.000279, 0.000276
1432, 0.000414, 0.000272, 0.000269
1433, 0.000415, 0.000288, 0.000285
1434, 0.000417, 0.000274, 0.000271
1435, 0.000416, 0.000283, 0.000280
1436, 0.000413, 0.000274, 0.000271
1437, 0.000415, 0.000284, 0.000280
1438, 0.000414, 0.000274, 0.000272
1439, 0.000414, 0.000276, 0.000272
1440, 0.000417, 0.000285, 0.000282
1441, 0.000414, 0.000269, 0.000267
1442, 0.000416, 0.000287, 0.000283
1443, 0.000415, 0.000272, 0.000270
1444, 0.000415, 0.000275, 0.000272
1445, 0.000412, 0.000280, 0.000276
1446, 0.000411, 0.000268, 0.000266
1447, 0.000416, 0.000296, 0.000292
1448, 0.000415, 0.000269, 0.000265
1449, 0.000415, 0.000280, 0.000277
1450, 0.000411, 0.000286, 0.000283
1451, 0.000415, 0.000268, 0.000266
1452, 0.000418, 0.000309, 0.000306
1453, 0.000421, 0.000266, 0.000264
1454, 0.000417, 0.000284, 0.000280
1455, 0.000412, 0.000281, 0.000278
1456, 0.000413, 0.000269, 0.000265
1457, 0.000412, 0.000286, 0.000281
1458, 0.000414, 0.000269, 0.000267
1459, 0.000414, 0.000290, 0.000286
1460, 0.000415, 0.000271, 0.000268
1461, 0.000410, 0.000275, 0.000273
1462, 0.000410, 0.000281, 0.000277
1463, 0.000410, 0.000265, 0.000262
1464, 0.000414, 0.000292, 0.000289
1465, 0.000414, 0.000267, 0.000263
1466, 0.000413, 0.000277, 0.000273
1467, 0.000411, 0.000278, 0.000275
1468, 0.000412, 0.000265, 0.000261
1469, 0.000413, 0.000295, 0.000292
1470, 0.000418, 0.000266, 0.000263
1471, 0.000415, 0.000285, 0.000281
1472, 0.000411, 0.000274, 0.000271
1473, 0.000410, 0.000274, 0.000270
1474, 0.000410, 0.000288, 0.000283
1475, 0.000412, 0.000265, 0.000262
1476, 0.000415, 0.000301, 0.000296
1477, 0.000417, 0.000264, 0.000261
1478, 0.000413, 0.000287, 0.000284
1479, 0.000412, 0.000278, 0.000275
1480, 0.000409, 0.000263, 0.000260
1481, 0.000413, 0.000306, 0.000303
1482, 0.000416, 0.000265, 0.000262
1483, 0.000411, 0.000274, 0.000270
1484, 0.000408, 0.000283, 0.000280
1485, 0.000410, 0.000264, 0.000262
1486, 0.000409, 0.000284, 0.000280
1487, 0.000409, 0.000272, 0.000270
1488, 0.000407, 0.000273, 0.000270
1489, 0.000409, 0.000275, 0.000270
1490, 0.000410, 0.000271, 0.000269
1491, 0.000408, 0.000275, 0.000272
1492, 0.000407, 0.000271, 0.000267
1493, 0.000407, 0.000277, 0.000275
1494, 0.000407, 0.000270, 0.000267
1495, 0.000406, 0.000275, 0.000271
1496, 0.000406, 0.000271, 0.000269
1497, 0.000409, 0.000275, 0.000271
1498, 0.000407, 0.000268, 0.000264
1499, 0.000407, 0.000283, 0.000280
1500, 0.000407, 0.000269, 0.000264
1501, 0.000406, 0.000270, 0.000266
1502, 0.000406, 0.000286, 0.000284
1503, 0.000408, 0.000266, 0.000262
1504, 0.000407, 0.000274, 0.000269
1505, 0.000405, 0.000279, 0.000277
1506, 0.000409, 0.000268, 0.000265
1507, 0.000404, 0.000277, 0.000271
1508, 0.000405, 0.000276, 0.000274
1509, 0.000408, 0.000272, 0.000267
1510, 0.000403, 0.000271, 0.000265
1511, 0.000406, 0.000276, 0.000273
1512, 0.000406, 0.000271, 0.000268
1513, 0.000406, 0.000273, 0.000268
1514, 0.000406, 0.000273, 0.000270
1515, 0.000405, 0.000270, 0.000267
1516, 0.000405, 0.000280, 0.000276
1517, 0.000404, 0.000265, 0.000261
1518, 0.000408, 0.000277, 0.000273
1519, 0.000402, 0.000271, 0.000267
1520, 0.000404, 0.000271, 0.000267
1521, 0.000404, 0.000271, 0.000267
1522, 0.000402, 0.000269, 0.000265
1523, 0.000403, 0.000273, 0.000270
1524, 0.000406, 0.000268, 0.000263
1525, 0.000403, 0.000271, 0.000267
1526, 0.000403, 0.000269, 0.000266
1527, 0.000403, 0.000274, 0.000269
1528, 0.000403, 0.000262, 0.000258
1529, 0.000403, 0.000276, 0.000274
1530, 0.000404, 0.000269, 0.000264
1531, 0.000404, 0.000264, 0.000260
1532, 0.000402, 0.000283, 0.000281
1533, 0.000405, 0.000266, 0.000261
1534, 0.000402, 0.000273, 0.000268
1535, 0.000400, 0.000272, 0.000268
1536, 0.000400, 0.000267, 0.000262
1537, 0.000401, 0.000276, 0.000271
1538, 0.000401, 0.000261, 0.000258
1539, 0.000400, 0.000277, 0.000272
1540, 0.000402, 0.000264, 0.000260
1541, 0.000400, 0.000269, 0.000265
1542, 0.000402, 0.000270, 0.000265
1543, 0.000399, 0.000267, 0.000264
1544, 0.000398, 0.000267, 0.000263
1545, 0.000401, 0.000267, 0.000263
1546, 0.000402, 0.000265, 0.000262
1547, 0.000400, 0.000279, 0.000275
1548, 0.000401, 0.000259, 0.000255
1549, 0.000401, 0.000291, 0.000287
1550, 0.000404, 0.000258, 0.000255
1551, 0.000404, 0.000284, 0.000279
1552, 0.000401, 0.000265, 0.000261
1553, 0.000398, 0.000261, 0.000257
1554, 0.000400, 0.000295, 0.000290
1555, 0.000406, 0.000257, 0.000253
1556, 0.000407, 0.000300, 0.000296
1557, 0.000408, 0.000258, 0.000254
1558, 0.000399, 0.000262, 0.000257
1559, 0.000397, 0.000278, 0.000273
1560, 0.000399, 0.000257, 0.000253
1561, 0.000400, 0.000270, 0.000266
1562, 0.000399, 0.000266, 0.000262
1563, 0.000396, 0.000261, 0.000257
1564, 0.000397, 0.000276, 0.000271
1565, 0.000395, 0.000258, 0.000253
1566, 0.000398, 0.000275, 0.000269
1567, 0.000401, 0.000263, 0.000259
1568, 0.000396, 0.000263, 0.000258
1569, 0.000396, 0.000269, 0.000264
1570, 0.000399, 0.000271, 0.000267
1571, 0.000397, 0.000258, 0.000254
1572, 0.000397, 0.000276, 0.000271
1573, 0.000398, 0.000256, 0.000253
1574, 0.000398, 0.000275, 0.000271
1575, 0.000395, 0.000259, 0.000253
1576, 0.000395, 0.000263, 0.000259
1577, 0.000395, 0.000270, 0.000266
1578, 0.000394, 0.000255, 0.000250
1579, 0.000400, 0.000283, 0.000279
1580, 0.000400, 0.000255, 0.000252
1581, 0.000397, 0.000268, 0.000263
1582, 0.000395, 0.000262, 0.000258
1583, 0.000395, 0.000265, 0.000261
1584, 0.000394, 0.000264, 0.000259
1585, 0.000395, 0.000260, 0.000255
1586, 0.000393, 0.000267, 0.000262
1587, 0.000395, 0.000265, 0.000259
1588, 0.000393, 0.000255, 0.000251
1589, 0.000397, 0.000290, 0.000284
1590, 0.000399, 0.000253, 0.000249
1591, 0.000398, 0.000285, 0.000280
1592, 0.000397, 0.000252, 0.000247
1593, 0.000394, 0.000261, 0.000258
1594, 0.000391, 0.000274, 0.000269
1595, 0.000395, 0.000251, 0.000247
1596, 0.000396, 0.000286, 0.000280
1597, 0.000397, 0.000255, 0.000251
1598, 0.000395, 0.000263, 0.000258
1599, 0.000393, 0.000263, 0.000257
1600, 0.000390, 0.000256, 0.000252
1601, 0.000393, 0.000269, 0.000264
1602, 0.000391, 0.000255, 0.000251
1603, 0.000391, 0.000266, 0.000262
1604, 0.000390, 0.000260, 0.000254
1605, 0.000391, 0.000257, 0.000252
1606, 0.000392, 0.000268, 0.000264
1607, 0.000391, 0.000252, 0.000247
1608, 0.000390, 0.000269, 0.000263
1609, 0.000392, 0.000260, 0.000257
1610, 0.000392, 0.000258, 0.000253
1611, 0.000391, 0.000263, 0.000258
1612, 0.000390, 0.000262, 0.000257
1613, 0.000390, 0.000259, 0.000253
1614, 0.000394, 0.000273, 0.000267
1615, 0.000389, 0.000255, 0.000250
1616, 0.000393, 0.000269, 0.000262
1617, 0.000391, 0.000258, 0.000253
1618, 0.000390, 0.000258, 0.000254
1619, 0.000390, 0.000265, 0.000259
1620, 0.000390, 0.000251, 0.000246
1621, 0.000391, 0.000285, 0.000280
1622, 0.000392, 0.000248, 0.000243
1623, 0.000393, 0.000271, 0.000265
1624, 0.000389, 0.000257, 0.000252
1625, 0.000389, 0.000252, 0.000246
1626, 0.000388, 0.000284, 0.000277
1627, 0.000391, 0.000248, 0.000244
1628, 0.000394, 0.000282, 0.000275
1629, 0.000392, 0.000249, 0.000244
1630, 0.000389, 0.000260, 0.000255
1631, 0.000389, 0.000263, 0.000256
1632, 0.000389, 0.000249, 0.000244
1633, 0.000388, 0.000272, 0.000266
1634, 0.000388, 0.000252, 0.000246
1635, 0.000387, 0.000255, 0.000249
1636, 0.000388, 0.000261, 0.000255
1637, 0.000386, 0.000251, 0.000247
1638, 0.000387, 0.000268, 0.000263
1639, 0.000387, 0.000252, 0.000247
1640, 0.000386, 0.000261, 0.000256
1641, 0.000387, 0.000256, 0.000250
1642, 0.000385, 0.000253, 0.000247
1643, 0.000384, 0.000258, 0.000253
1644, 0.000385, 0.000256, 0.000250
1645, 0.000384, 0.000258, 0.000252
1646, 0.000386, 0.000256, 0.000251
1647, 0.000383, 0.000254, 0.000248
1648, 0.000386, 0.000261, 0.000256
1649, 0.000385, 0.000254, 0.000248
1650, 0.000386, 0.000255, 0.000248
1651, 0.000389, 0.000256, 0.000251
1652, 0.000383, 0.000265, 0.000259
1653, 0.000384, 0.000248, 0.000241
1654, 0.000386, 0.000269, 0.000263
1655, 0.000384, 0.000251, 0.000245
1656, 0.000380, 0.000254, 0.000247
1657, 0.000385, 0.000266, 0.000260
1658, 0.000385, 0.000249, 0.000243
1659, 0.000384, 0.000258, 0.000251
1660, 0.000384, 0.000259, 0.000254
1661, 0.000384, 0.000252, 0.000246
1662, 0.000383, 0.000261, 0.000254
1663, 0.000382, 0.000257, 0.000252
1664, 0.000385, 0.000254, 0.000248
1665, 0.000381, 0.000256, 0.000249
1666, 0.000381, 0.000256, 0.000250
1667, 0.000383, 0.000254, 0.000248
1668, 0.000382, 0.000250, 0.000244
1669, 0.000380, 0.000257, 0.000250
1670, 0.000382, 0.000248, 0.000241
1671, 0.000383, 0.000261, 0.000254
1672, 0.000383, 0.000247, 0.000240
1673, 0.000381, 0.000266, 0.000259
1674, 0.000383, 0.000247, 0.000242
1675, 0.000385, 0.000272, 0.000265
1676, 0.000381, 0.000246, 0.000240
1677, 0.000379, 0.000252, 0.000246
1678, 0.000380, 0.000263, 0.000256
1679, 0.000380, 0.000243, 0.000236
1680, 0.000383, 0.000278, 0.000270
1681, 0.000384, 0.000243, 0.000237
1682, 0.000382, 0.000257, 0.000250
1683, 0.000377, 0.000261, 0.000254
1684, 0.000380, 0.000240, 0.000235
1685, 0.000385, 0.000286, 0.000277
1686, 0.000386, 0.000241, 0.000235
1687, 0.000384, 0.000262, 0.000254
1688, 0.000379, 0.000255, 0.000248
1689, 0.000377, 0.000246, 0.000240
1690, 0.000378, 0.000271, 0.000263
1691, 0.000382, 0.000242, 0.000236
1692, 0.000380, 0.000261, 0.000253
1693, 0.000376, 0.000257, 0.000249
1694, 0.000378, 0.000244, 0.000237
1695, 0.000378, 0.000269, 0.000261
1696, 0.000379, 0.000239, 0.000233
1697, 0.000381, 0.000264, 0.000255
1698, 0.000378, 0.000245, 0.000238
1699, 0.000376, 0.000245, 0.000238
1700, 0.000377, 0.000262, 0.000255
1701, 0.000377, 0.000244, 0.000237
1702, 0.000377, 0.000261, 0.000253
1703, 0.000378, 0.000245, 0.000238
1704, 0.000377, 0.000249, 0.000241
1705, 0.000375, 0.000254, 0.000247
1706, 0.000374, 0.000244, 0.000237
1707, 0.000375, 0.000259, 0.000251
1708, 0.000375, 0.000242, 0.000235
1709, 0.000376, 0.000253, 0.000245
1710, 0.000373, 0.000248, 0.000240
1711, 0.000373, 0.000246, 0.000238
1712, 0.000373, 0.000250, 0.000243
1713, 0.000375, 0.000248, 0.000241
1714, 0.000373, 0.000249, 0.000242
1715, 0.000373, 0.000250, 0.000244
1716, 0.000373, 0.000253, 0.000246
1717, 0.000374, 0.000238, 0.000232
1718, 0.000377, 0.000275, 0.000267
1719, 0.000379, 0.000236, 0.000229
1720, 0.000382, 0.000278, 0.000270
1721, 0.000381, 0.000236, 0.000229
1722, 0.000375, 0.000245, 0.000238
1723, 0.000373, 0.000263, 0.000255
1724, 0.000374, 0.000236, 0.000230
1725, 0.000380, 0.000279, 0.000270
1726, 0.000381, 0.000235, 0.000229
1727, 0.000375, 0.000256, 0.000249
1728, 0.000374, 0.000250, 0.000242
1729, 0.000371, 0.000239, 0.000232
1730, 0.000371, 0.000268, 0.000261
1731, 0.000375, 0.000237, 0.000229
1732, 0.000376, 0.000265, 0.000257
1733, 0.000376, 0.000239, 0.000233
1734, 0.000373, 0.000254, 0.000245
1735, 0.000369, 0.000244, 0.000236
1736, 0.000370, 0.000241, 0.000235
1737, 0.000373, 0.000262, 0.000253
1738, 0.000373, 0.000232, 0.000225
1739, 0.000375, 0.000261, 0.000254
1740, 0.000372, 0.000240, 0.000233
1741, 0.000372, 0.000246, 0.000238
1742, 0.000369, 0.000243, 0.000236
1743, 0.000370, 0.000248, 0.000241
1744, 0.000369, 0.000246, 0.000238
1745, 0.000369, 0.000246, 0.000238
1746, 0.000370, 0.000249, 0.000241
1747, 0.000367, 0.000239, 0.000232
1748, 0.000370, 0.000252, 0.000245
1749, 0.000370, 0.000243, 0.000235
1750, 0.000368, 0.000247, 0.000239
1751, 0.000368, 0.000243, 0.000236
1752, 0.000367, 0.000245, 0.000237
1753, 0.000369, 0.000238, 0.000232
1754, 0.000368, 0.000248, 0.000240
1755, 0.000367, 0.000240, 0.000231
1756, 0.000367, 0.000245, 0.000238
1757, 0.000369, 0.000254, 0.000246
1758, 0.000369, 0.000232, 0.000223
1759, 0.000371, 0.000267, 0.000259
1760, 0.000372, 0.000234, 0.000226
1761, 0.000369, 0.000243, 0.000235
1762, 0.000366, 0.000250, 0.000242
1763, 0.000367, 0.000237, 0.000228
1764, 0.000367, 0.000258, 0.000249
1765, 0.000367, 0.000234, 0.000227
1766, 0.000370, 0.000259, 0.000249
1767, 0.000367, 0.000241, 0.000233
1768, 0.000366, 0.000234, 0.000226
1769, 0.000367, 0.000263, 0.000254
1770, 0.000370, 0.000228, 0.000221
1771, 0.000369, 0.000260, 0.000251
1772, 0.000368, 0.000232, 0.000224
1773, 0.000365, 0.000241, 0.000232
1774, 0.000364, 0.000246, 0.000237
1775, 0.000363, 0.000230, 0.000222
1776, 0.000366, 0.000264, 0.000254
1777, 0.000368, 0.000228, 0.000221
1778, 0.000369, 0.000262, 0.000252
1779, 0.000366, 0.000231, 0.000223
1780, 0.000364, 0.000243, 0.000235
1781, 0.000362, 0.000246, 0.000238
1782, 0.000365, 0.000229, 0.000221
1783, 0.000366, 0.000262, 0.000253
1784, 0.000367, 0.000229, 0.000221
1785, 0.000367, 0.000249, 0.000239
1786, 0.000367, 0.000239, 0.000230
1787, 0.000363, 0.000231, 0.000222
1788, 0.000363, 0.000257, 0.000246
1789, 0.000366, 0.000227, 0.000220
1790, 0.000367, 0.000263, 0.000253
1791, 0.000365, 0.000230, 0.000223
1792, 0.000362, 0.000232, 0.000224
1793, 0.000361, 0.000263, 0.000254
1794, 0.000365, 0.000225, 0.000217
1795, 0.000368, 0.000263, 0.000253
1796, 0.000366, 0.000226, 0.000218
1797, 0.000361, 0.000239, 0.000229
1798, 0.000358, 0.000251, 0.000241
1799, 0.000362, 0.000227, 0.000218
1800, 0.000365, 0.000268, 0.000257
1801, 0.000367, 0.000226, 0.000219
1802, 0.000362, 0.000241, 0.000231
1803, 0.000360, 0.000247, 0.000237
1804, 0.000361, 0.000226, 0.000218
1805, 0.000363, 0.000256, 0.000244
1806, 0.000364, 0.000227, 0.000218
1807, 0.000360, 0.000242, 0.000233
1808, 0.000359, 0.000240, 0.000229
1809, 0.000359, 0.000227, 0.000218
1810, 0.000361, 0.000251, 0.000241
1811, 0.000360, 0.000230, 0.000220
1812, 0.000358, 0.000234, 0.000225
1813, 0.000359, 0.000236, 0.000227
1814, 0.000358, 0.000233, 0.000224
1815, 0.000358, 0.000234, 0.000224
1816, 0.000358, 0.000242, 0.000233
1817, 0.000358, 0.000230, 0.000221
1818, 0.000358, 0.000245, 0.000235
1819, 0.000358, 0.000229, 0.000221
1820, 0.000356, 0.000233, 0.000223
1821, 0.000357, 0.000235, 0.000226
1822, 0.000356, 0.000228, 0.000219
1823, 0.000356, 0.000246, 0.000235
1824, 0.000357, 0.000228, 0.000219
1825, 0.000355, 0.000237, 0.000227
1826, 0.000355, 0.000235, 0.000225
1827, 0.000354, 0.000232, 0.000222
1828, 0.000353, 0.000237, 0.000226
1829, 0.000354, 0.000235, 0.000225
1830, 0.000356, 0.000231, 0.000221
1831, 0.000355, 0.000243, 0.000233
1832, 0.000357, 0.000222, 0.000213
1833, 0.000356, 0.000247, 0.000237
1834, 0.000357, 0.000225, 0.000216
1835, 0.000355, 0.000227, 0.000218
1836, 0.000354, 0.000247, 0.000237
1837, 0.000355, 0.000219, 0.000209
1838, 0.000362, 0.000261, 0.000249
1839, 0.000360, 0.000223, 0.000213
1840, 0.000354, 0.000234, 0.000223
1841, 0.000352, 0.000242, 0.000231
1842, 0.000353, 0.000222, 0.000213
1843, 0.000357, 0.000266, 0.000254
1844, 0.000360, 0.000220, 0.000212
1845, 0.000360, 0.000251, 0.000240
1846, 0.000357, 0.000224, 0.000214
1847, 0.000354, 0.000233, 0.000223
1848, 0.000352, 0.000242, 0.000231
1849, 0.000353, 0.000220, 0.000211
1850, 0.000357, 0.000262, 0.000251
1851, 0.000359, 0.000218, 0.000209
1852, 0.000357, 0.000244, 0.000233
1853, 0.000355, 0.000230, 0.000221
1854, 0.000352, 0.000222, 0.000213
1855, 0.000354, 0.000246, 0.000235
1856, 0.000353, 0.000222, 0.000214
1857, 0.000356, 0.000242, 0.000231
1858, 0.000352, 0.000226, 0.000215
1859, 0.000351, 0.000231, 0.000221
1860, 0.000353, 0.000242, 0.000230
1861, 0.000352, 0.000219, 0.000209
1862, 0.000355, 0.000252, 0.000242
1863, 0.000353, 0.000220, 0.000211
1864, 0.000352, 0.000233, 0.000223
1865, 0.000351, 0.000234, 0.000224
1866, 0.000351, 0.000220, 0.000210
1867, 0.000354, 0.000245, 0.000234
1868, 0.000352, 0.000221, 0.000210
1869, 0.000348, 0.000231, 0.000220
1870, 0.000350, 0.000230, 0.000220
1871, 0.000350, 0.000225, 0.000215
1872, 0.000349, 0.000234, 0.000223
1873, 0.000349, 0.000224, 0.000215
1874, 0.000350, 0.000238, 0.000227
1875, 0.000350, 0.000221, 0.000210
1876, 0.000349, 0.000233, 0.000223
1877, 0.000348, 0.000232, 0.000220
1878, 0.000349, 0.000215, 0.000205
1879, 0.000351, 0.000265, 0.000253
1880, 0.000356, 0.000213, 0.000204
1881, 0.000358, 0.000264, 0.000251
1882, 0.000355, 0.000214, 0.000204
1883, 0.000349, 0.000230, 0.000218
1884, 0.000346, 0.000232, 0.000220
1885, 0.000346, 0.000215, 0.000205
1886, 0.000350, 0.000249, 0.000237
1887, 0.000351, 0.000217, 0.000207
1888, 0.000346, 0.000225, 0.000215
1889, 0.000346, 0.000245, 0.000233
1890, 0.000348, 0.000214, 0.000204
1891, 0.000351, 0.000248, 0.000236
1892, 0.000350, 0.000217, 0.000206
1893, 0.000349, 0.000240, 0.000228
1894, 0.000348, 0.000218, 0.000207
1895, 0.000344, 0.000227, 0.000216
1896, 0.000347, 0.000224, 0.000212
1897, 0.000344, 0.000221, 0.000211
1898, 0.000345, 0.000229, 0.000218
1899, 0.000343, 0.000219, 0.000208
1900, 0.000343, 0.000227, 0.000216
1901, 0.000343, 0.000220, 0.000209
1902, 0.000344, 0.000233, 0.000221
1903, 0.000344, 0.000219, 0.000209
1904, 0.000344, 0.000227, 0.000216
1905, 0.000344, 0.000219, 0.000208
1906, 0.000341, 0.000227, 0.000216
1907, 0.000343, 0.000225, 0.000214
1908, 0.000341, 0.000218, 0.000206
1909, 0.000344, 0.000236, 0.000224
1910, 0.000344, 0.000215, 0.000204
1911, 0.000345, 0.000236, 0.000224
1912, 0.000343, 0.000218, 0.000206
1913, 0.000344, 0.000222, 0.000210
1914, 0.000341, 0.000233, 0.000221
1915, 0.000343, 0.000211, 0.000200
1916, 0.000344, 0.000242, 0.000228
1917, 0.000345, 0.000210, 0.000199
1918, 0.000343, 0.000226, 0.000214
1919, 0.000340, 0.000236, 0.000223
1920, 0.000343, 0.000210, 0.000200
1921, 0.000345, 0.000253, 0.000240
1922, 0.000346, 0.000209, 0.000198
1923, 0.000345, 0.000233, 0.000220
1924, 0.000341, 0.000221, 0.000209
1925, 0.000341, 0.000218, 0.000206
1926, 0.000340, 0.000231, 0.000218
1927, 0.000342, 0.000220, 0.000208
1928, 0.000337, 0.000214, 0.000203
1929, 0.000340, 0.000244, 0.000230
1930, 0.000343, 0.000207, 0.000196
1931, 0.000345, 0.000241, 0.000229
1932, 0.000342, 0.000219, 0.000207
1933, 0.000340, 0.000214, 0.000203
1934, 0.000341, 0.000235, 0.000223
1935, 0.000341, 0.000209, 0.000199
1936, 0.000339, 0.000228, 0.000217
1937, 0.000338, 0.000213, 0.000201
1938, 0.000338, 0.000223, 0.000211
1939, 0.000338, 0.000213, 0.000202
1940, 0.000338, 0.000224, 0.000211
1941, 0.000337, 0.000217, 0.000205
1942, 0.000336, 0.000222, 0.000210
1943, 0.000337, 0.000223, 0.000211
1944, 0.000336, 0.000211, 0.000200
1945, 0.000338, 0.000230, 0.000218
1946, 0.000339, 0.000211, 0.000200
1947, 0.000336, 0.000225, 0.000214
1948, 0.000335, 0.000221, 0.000210
1949, 0.000338, 0.000208, 0.000197
1950, 0.000338, 0.000242, 0.000231
1951, 0.000340, 0.000206, 0.000195
1952, 0.000342, 0.000242, 0.000230
1953, 0.000340, 0.000207, 0.000196
1954, 0.000340, 0.000227, 0.000215
1955, 0.000337, 0.000224, 0.000213
1956, 0.000335, 0.000207, 0.000196
1957, 0.000339, 0.000240, 0.000226
1958, 0.000338, 0.000209, 0.000198
1959, 0.000337, 0.000222, 0.000210
1960, 0.000334, 0.000222, 0.000209
1961, 0.000335, 0.000214, 0.000202
1962, 0.000333, 0.000224, 0.000211
1963, 0.000334, 0.000210, 0.000196
1964, 0.000336, 0.000230, 0.000217
1965, 0.000336, 0.000211, 0.000199
1966, 0.000335, 0.000219, 0.000206
1967, 0.000333, 0.000222, 0.000210
1968, 0.000333, 0.000205, 0.000193
1969, 0.000338, 0.000243, 0.000231
1970, 0.000338, 0.000204, 0.000193
1971, 0.000336, 0.000222, 0.000209
1972, 0.000333, 0.000230, 0.000217
1973, 0.000333, 0.000202, 0.000190
1974, 0.000339, 0.000252, 0.000237
1975, 0.000342, 0.000203, 0.000193
1976, 0.000345, 0.000249, 0.000235
1977, 0.000340, 0.000203, 0.000191
1978, 0.000335, 0.000225, 0.000215
1979, 0.000335, 0.000225, 0.000213
1980, 0.000334, 0.000203, 0.000191
1981, 0.000336, 0.000238, 0.000226
1982, 0.000337, 0.000206, 0.000194
1983, 0.000334, 0.000213, 0.000201
1984, 0.000331, 0.000222, 0.000209
1985, 0.000332, 0.000204, 0.000193
1986, 0.000335, 0.000232, 0.000219
1987, 0.000333, 0.000206, 0.000194
1988, 0.000335, 0.000221, 0.000210
1989, 0.000330, 0.000218, 0.000206
1990, 0.000334, 0.000210, 0.000198
1991, 0.000333, 0.000225, 0.000212
1992, 0.000329, 0.000209, 0.000197
1993, 0.000333, 0.000217, 0.000204
1994, 0.000330, 0.000223, 0.000209
1995, 0.000333, 0.000204, 0.000192
1996, 0.000334, 0.000235, 0.000222
1997, 0.000334, 0.000200, 0.000188
1998, 0.000333, 0.000222, 0.000209
1999, 0.000331, 0.000214, 0.000202
2000, 0.000329, 0.000203, 0.000191
2001, 0.000329, 0.000236, 0.000221
2002, 0.000331, 0.000203, 0.000192
2003, 0.000336, 0.000226, 0.000211
2004, 0.000330, 0.000209, 0.000196
2005, 0.000328, 0.000204, 0.000192
2006, 0.000329, 0.000231, 0.000217
2007, 0.000332, 0.000201, 0.000189
2008, 0.000331, 0.000224, 0.000211
2009, 0.000328, 0.000209, 0.000196
2010, 0.000330, 0.000207, 0.000195
2011, 0.000329, 0.000230, 0.000215
2012, 0.000331, 0.000197, 0.000185
2013, 0.000334, 0.000235, 0.000221
2014, 0.000332, 0.000202, 0.000188
2015, 0.000328, 0.000215, 0.000202
2016, 0.000326, 0.000220, 0.000207
2017, 0.000328, 0.000200, 0.000187
2018, 0.000329, 0.000238, 0.000223
2019, 0.000331, 0.000197, 0.000184
2020, 0.000329, 0.000222, 0.000209
2021, 0.000329, 0.000201, 0.000188
2022, 0.000326, 0.000209, 0.000195
2023, 0.000326, 0.000219, 0.000205
2024, 0.000328, 0.000199, 0.000186
2025, 0.000327, 0.000231, 0.000218
2026, 0.000328, 0.000201, 0.000188
2027, 0.000328, 0.000211, 0.000198
2028, 0.000324, 0.000204, 0.000192
2029, 0.000327, 0.000210, 0.000197
2030, 0.000325, 0.000210, 0.000197
2031, 0.000324, 0.000211, 0.000198
2032, 0.000324, 0.000209, 0.000195
2033, 0.000323, 0.000212, 0.000199
2034, 0.000323, 0.000204, 0.000190
2035, 0.000325, 0.000212, 0.000198
2036, 0.000323, 0.000208, 0.000195
2037, 0.000323, 0.000210, 0.000197
2038, 0.000323, 0.000216, 0.000203
2039, 0.000324, 0.000199, 0.000187
2040, 0.000327, 0.000228, 0.000213
2041, 0.000327, 0.000197, 0.000184
2042, 0.000327, 0.000220, 0.000205
2043, 0.000322, 0.000206, 0.000191
2044, 0.000325, 0.000206, 0.000192
2045, 0.000324, 0.000213, 0.000199
2046, 0.000322, 0.000200, 0.000187
2047, 0.000323, 0.000212, 0.000198
2048, 0.000322, 0.000210, 0.000197
2049, 0.000323, 0.000198, 0.000185
2050, 0.000321, 0.000225, 0.000210
2051, 0.000323, 0.000197, 0.000184
2052, 0.000323, 0.000218, 0.000204
2053, 0.000322, 0.000204, 0.000191
2054, 0.000322, 0.000208, 0.000195
2055, 0.000320, 0.000206, 0.000192
2056, 0.000321, 0.000210, 0.000196
2057, 0.000323, 0.000200, 0.000186
2058, 0.000321, 0.000221, 0.000206
2059, 0.000324, 0.000197, 0.000184
2060, 0.000324, 0.000224, 0.000209
2061, 0.000323, 0.000199, 0.000185
2062, 0.000321, 0.000210, 0.000196
2063, 0.000319, 0.000210, 0.000195
2064, 0.000319, 0.000198, 0.000184
2065, 0.000318, 0.000222, 0.000207
2066, 0.000320, 0.000197, 0.000183
2067, 0.000322, 0.000209, 0.000195
2068, 0.000321, 0.000215, 0.000200
2069, 0.000321, 0.000195, 0.000181
2070, 0.000319, 0.000218, 0.000203
2071, 0.000320, 0.000203, 0.000190
2072, 0.000321, 0.000204, 0.000190
2073, 0.000319, 0.000213, 0.000200
2074, 0.000319, 0.000204, 0.000192
2075, 0.000321, 0.000216, 0.000202
2076, 0.000320, 0.000205, 0.000191
2077, 0.000320, 0.000206, 0.000193
2078, 0.000322, 0.000212, 0.000197
2079, 0.000320, 0.000201, 0.000187
2080, 0.000317, 0.000210, 0.000196
2081, 0.000317, 0.000211, 0.000196
2082, 0.000319, 0.000199, 0.000185
2083, 0.000318, 0.000222, 0.000207
2084, 0.000321, 0.000195, 0.000181
2085, 0.000322, 0.000222, 0.000208
2086, 0.000320, 0.000203, 0.000188
2087, 0.000318, 0.000201, 0.000187
2088, 0.000317, 0.000216, 0.000202
2089, 0.000318, 0.000202, 0.000188
2090, 0.000316, 0.000205, 0.000190
2091, 0.000317, 0.000202, 0.000189
2092, 0.000318, 0.000209, 0.000194
2093, 0.000316, 0.000199, 0.000185
2094, 0.000315, 0.000206, 0.000193
2095, 0.000316, 0.000209, 0.000193
2096, 0.000316, 0.000198, 0.000184
2097, 0.000315, 0.000207, 0.000192
2098, 0.000316, 0.000203, 0.000188
2099, 0.000317, 0.000200, 0.000186
2100, 0.000316, 0.000214, 0.000200
2101, 0.000316, 0.000198, 0.000183
2102, 0.000317, 0.000220, 0.000205
2103, 0.000317, 0.000189, 0.000175
2104, 0.000317, 0.000229, 0.000212
2105, 0.000321, 0.000194, 0.000181
2106, 0.000321, 0.000225, 0.000210
2107, 0.000318, 0.000194, 0.000180
2108, 0.000314, 0.000204, 0.000190
2109, 0.000313, 0.000210, 0.000194
2110, 0.000315, 0.000195, 0.000181
2111, 0.000314, 0.000210, 0.000195
2112, 0.000315, 0.000202, 0.000186
2113, 0.000315, 0.000206, 0.000191
2114, 0.000313, 0.000201, 0.000186
2115, 0.000314, 0.000212, 0.000196
2116, 0.000314, 0.000202, 0.000187
2117, 0.000311, 0.000204, 0.000190
2118, 0.000313, 0.000206, 0.000191
2119, 0.000313, 0.000203, 0.000189
2120, 0.000313, 0.000200, 0.000185
2121, 0.000312, 0.000208, 0.000193
2122, 0.000310, 0.000197, 0.000183
2123, 0.000314, 0.000204, 0.000189
2124, 0.000313, 0.000196, 0.000181
2125, 0.000312, 0.000201, 0.000187
2126, 0.000311, 0.000203, 0.000189
2127, 0.000311, 0.000194, 0.000179
2128, 0.000312, 0.000212, 0.000197
2129, 0.000313, 0.000200, 0.000184
2130, 0.000312, 0.000205, 0.000188
2131, 0.000312, 0.000208, 0.000193
2132, 0.000313, 0.000200, 0.000184
2133, 0.000313, 0.000209, 0.000193
2134, 0.000311, 0.000193, 0.000179
2135, 0.000311, 0.000219, 0.000204
2136, 0.000313, 0.000187, 0.000173
2137, 0.000314, 0.000222, 0.000206
2138, 0.000312, 0.000187, 0.000173
2139, 0.000313, 0.000210, 0.000195
2140, 0.000310, 0.000208, 0.000192
2141, 0.000312, 0.000185, 0.000170
2142, 0.000318, 0.000256, 0.000239
2143, 0.000323, 0.000181, 0.000167
2144, 0.000324, 0.000256, 0.000239
2145, 0.000325, 0.000189, 0.000176
2146, 0.000320, 0.000216, 0.000200
2147, 0.000309, 0.000202, 0.000187
2148, 0.000309, 0.000189, 0.000175
2149, 0.000311, 0.000224, 0.000207
2150, 0.000311, 0.000186, 0.000171
2151, 0.000314, 0.000212, 0.000196
2152, 0.000310, 0.000198, 0.000183
2153, 0.000308, 0.000191, 0.000175
2154, 0.000308, 0.000207, 0.000192
2155, 0.000309, 0.000196, 0.000180
2156, 0.000307, 0.000193, 0.000178
2157, 0.000307, 0.000211, 0.000196
2158, 0.000310, 0.000186, 0.000172
2159, 0.000309, 0.000212, 0.000198
2160, 0.000308, 0.000190, 0.000176
2161, 0.000307, 0.000205, 0.000189
2162, 0.000310, 0.000193, 0.000179
2163, 0.000307, 0.000202, 0.000186
2164, 0.000307, 0.000200, 0.000183
2165, 0.000309, 0.000198, 0.000183
2166, 0.000307, 0.000202, 0.000186
2167, 0.000305, 0.000204, 0.000188
2168, 0.000310, 0.000190, 0.000176
2169, 0.000308, 0.000219, 0.000203
2170, 0.000310, 0.000184, 0.000170
2171, 0.000310, 0.000220, 0.000203
2172, 0.000309, 0.000188, 0.000174
2173, 0.000308, 0.000210, 0.000194
2174, 0.000307, 0.000190, 0.000175
2175, 0.000307, 0.000199, 0.000184
2176, 0.000306, 0.000198, 0.000183
2177, 0.000307, 0.000197, 0.000182
2178, 0.000303, 0.000195, 0.000180
2179, 0.000304, 0.000202, 0.000187
2180, 0.000307, 0.000189, 0.000174
2181, 0.000305, 0.000207, 0.000190
2182, 0.000306, 0.000186, 0.000171
2183, 0.000306, 0.000209, 0.000192
2184, 0.000306, 0.000185, 0.000169
2185, 0.000307, 0.000211, 0.000195
2186, 0.000305, 0.000191, 0.000176
2187, 0.000303, 0.000197, 0.000182
2188, 0.000302, 0.000203, 0.000188
2189, 0.000304, 0.000184, 0.000170
2190, 0.000308, 0.000222, 0.000205
2191, 0.000308, 0.000183, 0.000168
2192, 0.000307, 0.000212, 0.000197
2193, 0.000305, 0.000194, 0.000178
2194, 0.000306, 0.000186, 0.000171
2195, 0.000304, 0.000217, 0.000201
2196, 0.000305, 0.000185, 0.000170
2197, 0.000305, 0.000220, 0.000204
2198, 0.000307, 0.000181, 0.000166
2199, 0.000308, 0.000212, 0.000196
2200, 0.000304, 0.000189, 0.000173
2201, 0.000303, 0.000196, 0.000180
2202, 0.000304, 0.000199, 0.000183
2203, 0.000302, 0.000189, 0.000174
2204, 0.000301, 0.000206, 0.000190
2205, 0.000304, 0.000187, 0.000172
2206, 0.000304, 0.000211, 0.000194
2207, 0.000303, 0.000184, 0.000168
2208, 0.000304, 0.000218, 0.000200
2209, 0.000303, 0.000189, 0.000173
2210, 0.000302, 0.000196, 0.000179
2211, 0.000301, 0.000205, 0.000188
2212, 0.000303, 0.000181, 0.000166
2213, 0.000307, 0.000221, 0.000204
2214, 0.000305, 0.000178, 0.000164
2215, 0.000304, 0.000211, 0.000196
2216, 0.000304, 0.000183, 0.000168
2217, 0.000301, 0.000194, 0.000178
2218, 0.000300, 0.000204, 0.000188
2219, 0.000301, 0.000182, 0.000167
2220, 0.000303, 0.000216, 0.000198
2221, 0.000302, 0.000184, 0.000168
2222, 0.000302, 0.000203, 0.000186
2223, 0.000301, 0.000197, 0.000180
2224, 0.000301, 0.000196, 0.000180
2225, 0.000300, 0.000199, 0.000183
2226, 0.000299, 0.000186, 0.000172
2227, 0.000303, 0.000212, 0.000194
2228, 0.000302, 0.000180, 0.000164
2229, 0.000303, 0.000216, 0.000198
2230, 0.000302, 0.000183, 0.000167
2231, 0.000302, 0.000213, 0.000195
2232, 0.000301, 0.000183, 0.000168
2233, 0.000302, 0.000201, 0.000185
2234, 0.000300, 0.000195, 0.000179
2235, 0.000299, 0.000184, 0.000170
2236, 0.000301, 0.000225, 0.000209
2237, 0.000304, 0.000174, 0.000160
2238, 0.000306, 0.000236, 0.000219
2239, 0.000307, 0.000176, 0.000161
2240, 0.000303, 0.000203, 0.000186
2241, 0.000299, 0.000199, 0.000183
2242, 0.000297, 0.000176, 0.000161
2243, 0.000300, 0.000223, 0.000206
2244, 0.000304, 0.000175, 0.000161
2245, 0.000305, 0.000211, 0.000193
2246, 0.000301, 0.000193, 0.000177
2247, 0.000298, 0.000180, 0.000165
2248, 0.000299, 0.000228, 0.000209
2249, 0.000304, 0.000175, 0.000161
2250, 0.000308, 0.000226, 0.000209
2251, 0.000302, 0.000178, 0.000163
2252, 0.000303, 0.000206, 0.000192
2253, 0.000299, 0.000197, 0.000181
2254, 0.000296, 0.000178, 0.000162
2255, 0.000298, 0.000222, 0.000205
2256, 0.000302, 0.000174, 0.000160
2257, 0.000300, 0.000206, 0.000189
2258, 0.000297, 0.000195, 0.000179
2259, 0.000298, 0.000183, 0.000168
2260, 0.000296, 0.000204, 0.000187
2261, 0.000297, 0.000188, 0.000172
2262, 0.000295, 0.000193, 0.000177
2263, 0.000298, 0.000193, 0.000177
2264, 0.000294, 0.000178, 0.000163
2265, 0.000299, 0.000223, 0.000204
2266, 0.000301, 0.000175, 0.000161
2267, 0.000299, 0.000205, 0.000188
2268, 0.000295, 0.000187, 0.000171
2269, 0.000295, 0.000179, 0.000165
2270, 0.000296, 0.000216, 0.000199
2271, 0.000299, 0.000178, 0.000162
2272, 0.000296, 0.000204, 0.000187
2273, 0.000296, 0.000187, 0.000171
2274, 0.000294, 0.000182, 0.000166
2275, 0.000293, 0.000194, 0.000177
2276, 0.000295, 0.000184, 0.000167
2277, 0.000293, 0.000197, 0.000180
2278, 0.000294, 0.000192, 0.000176
2279, 0.000295, 0.000185, 0.000169
2280, 0.000292, 0.000192, 0.000176
2281, 0.000293, 0.000191, 0.000175
2282, 0.000292, 0.000182, 0.000166
2283, 0.000293, 0.000204, 0.000188
2284, 0.000293, 0.000178, 0.000163
2285, 0.000295, 0.000207, 0.000190
2286, 0.000295, 0.000177, 0.000162
2287, 0.000293, 0.000194, 0.000178
2288, 0.000292, 0.000193, 0.000176
2289, 0.000294, 0.000184, 0.000168
2290, 0.000293, 0.000197, 0.000180
2291, 0.000290, 0.000186, 0.000169
2292, 0.000292, 0.000186, 0.000170
2293, 0.000292, 0.000190, 0.000174
2294, 0.000292, 0.000189, 0.000172
2295, 0.000290, 0.000193, 0.000176
2296, 0.000292, 0.000186, 0.000170
2297, 0.000290, 0.000191, 0.000175
2298, 0.000293, 0.000190, 0.000175
2299, 0.000292, 0.000187, 0.000171
2300, 0.000290, 0.000186, 0.000170
2301, 0.000290, 0.000187, 0.000172
2302, 0.000292, 0.000193, 0.000176
2303, 0.000290, 0.000189, 0.000172
2304, 0.000290, 0.000184, 0.000168
2305, 0.000290, 0.000197, 0.000179
2306, 0.000290, 0.000192, 0.000175
2307, 0.000290, 0.000177, 0.000162
2308, 0.000291, 0.000226, 0.000209
2309, 0.000296, 0.000168, 0.000153
2310, 0.000297, 0.000231, 0.000214
2311, 0.000299, 0.000168, 0.000153
2312, 0.000295, 0.000209, 0.000192
2313, 0.000293, 0.000185, 0.000169
2314, 0.000289, 0.000178, 0.000162
2315, 0.000291, 0.000224, 0.000206
2316, 0.000297, 0.000167, 0.000152
2317, 0.000300, 0.000231, 0.000213
2318, 0.000298, 0.000169, 0.000154
2319, 0.000294, 0.000206, 0.000190
2320, 0.000291, 0.000187, 0.000171
2321, 0.000289, 0.000177, 0.000162
2322, 0.000288, 0.000209, 0.000191
2323, 0.000291, 0.000171, 0.000155
2324, 0.000292, 0.000200, 0.000183
2325, 0.000288, 0.000191, 0.000173
2326, 0.000287, 0.000177, 0.000159
2327, 0.000287, 0.000203, 0.000185
2328, 0.000288, 0.000179, 0.000163
2329, 0.000286, 0.000181, 0.000164
2330, 0.000287, 0.000200, 0.000183
2331, 0.000288, 0.000169, 0.000154
2332, 0.000290, 0.000199, 0.000182
2333, 0.000287, 0.000183, 0.000166
2334, 0.000287, 0.000178, 0.000162
2335, 0.000286, 0.000212, 0.000193
2336, 0.000291, 0.000167, 0.000151
2337, 0.000294, 0.000223, 0.000203
2338, 0.000295, 0.000171, 0.000155
2339, 0.000287, 0.000193, 0.000176
2340, 0.000286, 0.000193, 0.000176
2341, 0.000284, 0.000170, 0.000154
2342, 0.000289, 0.000222, 0.000205
2343, 0.000292, 0.000165, 0.000150
2344, 0.000293, 0.000219, 0.000201
2345, 0.000292, 0.000172, 0.000156
2346, 0.000286, 0.000182, 0.000165
2347, 0.000284, 0.000209, 0.000190
2348, 0.000288, 0.000165, 0.000149
2349, 0.000290, 0.000218, 0.000199
2350, 0.000290, 0.000171, 0.000155
2351, 0.000286, 0.000189, 0.000172
2352, 0.000285, 0.000182, 0.000166
2353, 0.000285, 0.000185, 0.000168
2354, 0.000284, 0.000177, 0.000161
2355, 0.000283, 0.000200, 0.000182
2356, 0.000285, 0.000170, 0.000154
2357, 0.000285, 0.000197, 0.000179
2358, 0.000283, 0.000179, 0.000163
2359, 0.000283, 0.000188, 0.000170
2360, 0.000284, 0.000184, 0.000167
2361, 0.000283, 0.000189, 0.000172
2362, 0.000283, 0.000175, 0.000158
2363, 0.000283, 0.000198, 0.000180
2364, 0.000284, 0.000174, 0.000157
2365, 0.000281, 0.000188, 0.000171
2366, 0.000284, 0.000175, 0.000159
2367, 0.000283, 0.000190, 0.000172
2368, 0.000282, 0.000176, 0.000159
2369, 0.000281, 0.000190, 0.000173
2370, 0.000283, 0.000180, 0.000163
2371, 0.000282, 0.000180, 0.000164
2372, 0.000281, 0.000194, 0.000176
2373, 0.000282, 0.000172, 0.000154
2374, 0.000284, 0.000203, 0.000185
2375, 0.000284, 0.000178, 0.000161
2376, 0.000281, 0.000178, 0.000160
2377, 0.000281, 0.000207, 0.000189
2378, 0.000283, 0.000168, 0.000152
2379, 0.000285, 0.000205, 0.000187
2380, 0.000285, 0.000170, 0.000155
2381, 0.000284, 0.000199, 0.000183
2382, 0.000279, 0.000181, 0.000165
2383, 0.000280, 0.000175, 0.000159
2384, 0.000283, 0.000214, 0.000194
2385, 0.000284, 0.000167, 0.000151
2386, 0.000285, 0.000212, 0.000193
2387, 0.000285, 0.000167, 0.000151
2388, 0.000282, 0.000184, 0.000167
2389, 0.000279, 0.000199, 0.000182
2390, 0.000283, 0.000164, 0.000148
2391, 0.000284, 0.000224, 0.000205
2392, 0.000286, 0.000166, 0.000151
2393, 0.000287, 0.000211, 0.000192
2394, 0.000284, 0.000176, 0.000159
2395, 0.000280, 0.000182, 0.000167
2396, 0.000280, 0.000191, 0.000174
2397, 0.000278, 0.000170, 0.000154
2398, 0.000279, 0.000186, 0.000171
2399, 0.000282, 0.000179, 0.000163
2400, 0.000279, 0.000185, 0.000168
2401, 0.000276, 0.000185, 0.000169
2402, 0.000278, 0.000175, 0.000158
2403, 0.000279, 0.000203, 0.000184
2404, 0.000282, 0.000171, 0.000155
2405, 0.000281, 0.000192, 0.000175
2406, 0.000278, 0.000188, 0.000172
2407, 0.000277, 0.000170, 0.000155
2408, 0.000279, 0.000207, 0.000190
2409, 0.000281, 0.000163, 0.000149
2410, 0.000280, 0.000200, 0.000183
2411, 0.000280, 0.000175, 0.000159
2412, 0.000276, 0.000178, 0.000163
2413, 0.000277, 0.000190, 0.000173
2414, 0.000278, 0.000172, 0.000156
2415, 0.000277, 0.000187, 0.000170
2416, 0.000277, 0.000180, 0.000164
2417, 0.000275, 0.000178, 0.000162
2418, 0.000276, 0.000194, 0.000177
2419, 0.000275, 0.000169, 0.000153
2420, 0.000274, 0.000191, 0.000173
2421, 0.000275, 0.000179, 0.000162
2422, 0.000275, 0.000171, 0.000155
2423, 0.000277, 0.000202, 0.000184
2424, 0.000278, 0.000171, 0.000155
2425, 0.000275, 0.000183, 0.000167
2426, 0.000274, 0.000176, 0.000160
2427, 0.000276, 0.000185, 0.000169
2428, 0.000276, 0.000174, 0.000158
2429, 0.000273, 0.000186, 0.000169
2430, 0.000273, 0.000181, 0.000166
2431, 0.000276, 0.000183, 0.000166
2432, 0.000274, 0.000183, 0.000166
2433, 0.000273, 0.000181, 0.000165
2434, 0.000276, 0.000186, 0.000169
2435, 0.000275, 0.000181, 0.000167
2436, 0.000286, 0.000223, 0.000204
2437, 0.000285, 0.000162, 0.000146
2438, 0.000285, 0.000237, 0.000220
2439, 0.000290, 0.000169, 0.000153
2440, 0.000281, 0.000184, 0.000167
2441, 0.000275, 0.000208, 0.000191
2442, 0.000282, 0.000167, 0.000151
2443, 0.000284, 0.000208, 0.000190
2444, 0.000278, 0.000169, 0.000152
2445, 0.000276, 0.000188, 0.000169
2446, 0.000275, 0.000186, 0.000169
2447, 0.000275, 0.000172, 0.000155
2448, 0.000272, 0.000199, 0.000180
2449, 0.000278, 0.000170, 0.000154
2450, 0.000275, 0.000195, 0.000177
2451, 0.000272, 0.000178, 0.000160
2452, 0.000276, 0.000175, 0.000159
2453, 0.000273, 0.000190, 0.000174
2454, 0.000272, 0.000168, 0.000152
2455, 0.000275, 0.000198, 0.000181
2456, 0.000274, 0.000165, 0.000150
2457, 0.000273, 0.000198, 0.000181
2458, 0.000274, 0.000166, 0.000150
2459, 0.000273, 0.000187, 0.000171
2460, 0.000269, 0.000175, 0.000159
2461, 0.000271, 0.000178, 0.000162
2462, 0.000270, 0.000182, 0.000165
2463, 0.000271, 0.000171, 0.000154
2464, 0.000273, 0.000198, 0.000180
2465, 0.000272, 0.000165, 0.000149
2466, 0.000273, 0.000211, 0.000192
2467, 0.000275, 0.000162, 0.000147
2468, 0.000274, 0.000199, 0.000183
2469, 0.000274, 0.000168, 0.000152
2470, 0.000272, 0.000177, 0.000161
2471, 0.000269, 0.000187, 0.000170
2472, 0.000269, 0.000162, 0.000147
2473, 0.000273, 0.000209, 0.000190
2474, 0.000272, 0.000161, 0.000145
2475, 0.000272, 0.000195, 0.000177
2476, 0.000270, 0.000176, 0.000160
2477, 0.000268, 0.000166, 0.000150
2478, 0.000268, 0.000200, 0.000182
2479, 0.000269, 0.000163, 0.000147
2480, 0.000270, 0.000194, 0.000176
2481, 0.000270, 0.000167, 0.000152
2482, 0.000269, 0.000180, 0.000163
2483, 0.000268, 0.000180, 0.000163
2484, 0.000267, 0.000172, 0.000156
2485, 0.000268, 0.000182, 0.000166
2486, 0.000266, 0.000175, 0.000158
2487, 0.000265, 0.000180, 0.000164
2488, 0.000266, 0.000173, 0.000158
2489, 0.000267, 0.000177, 0.000160
2490, 0.000265, 0.000170, 0.000154
2491, 0.000266, 0.000190, 0.000174
2492, 0.000267, 0.000166, 0.000151
2493, 0.000266, 0.000193, 0.000175
2494, 0.000266, 0.000167, 0.000152
2495, 0.000266, 0.000184, 0.000166
2496, 0.000266, 0.000171, 0.000154
2497, 0.000267, 0.000183, 0.000166
2498, 0.000264, 0.000170, 0.000154
2499, 0.000266, 0.000179, 0.000162
2500, 0.000263, 0.000177, 0.000161
2501, 0.000267, 0.000175, 0.000159
2502, 0.000264, 0.000174, 0.000157
2503, 0.000264, 0.000185, 0.000168
2504, 0.000266, 0.000170, 0.000155
2505, 0.000268, 0.000194, 0.000176
2506, 0.000266, 0.000161, 0.000146
2507, 0.000270, 0.000209, 0.000191
2508, 0.000269, 0.000159, 0.000143
2509, 0.000268, 0.000196, 0.000179
2510, 0.000266, 0.000169, 0.000153
2511, 0.000265, 0.000181, 0.000163
2512, 0.000261, 0.000173, 0.000156
2513, 0.000265, 0.000176, 0.000158
2514, 0.000265, 0.000176, 0.000159
2515, 0.000262, 0.000175, 0.000158
2516, 0.000262, 0.000179, 0.000163
2517, 0.000262, 0.000171, 0.000155
2518, 0.000262, 0.000176, 0.000160
2519, 0.000262, 0.000176, 0.000160
2520, 0.000260, 0.000166, 0.000150
2521, 0.000262, 0.000202, 0.000184
2522, 0.000265, 0.000155, 0.000140
2523, 0.000267, 0.000206, 0.000187
2524, 0.000266, 0.000168, 0.000152
2525, 0.000260, 0.000165, 0.000149
2526, 0.000260, 0.000205, 0.000186
2527, 0.000265, 0.000154, 0.000139
2528, 0.000265, 0.000206, 0.000189
2529, 0.000265, 0.000158, 0.000143
2530, 0.000264, 0.000188, 0.000172
2531, 0.000261, 0.000169, 0.000154
2532, 0.000259, 0.000173, 0.000156
2533, 0.000260, 0.000183, 0.000166
2534, 0.000259, 0.000158, 0.000143
2535, 0.000261, 0.000200, 0.000182
2536, 0.000264, 0.000154, 0.000139
2537, 0.000265, 0.000209, 0.000191
2538, 0.000262, 0.000157, 0.000141
2539, 0.000261, 0.000187, 0.000170
2540, 0.000261, 0.000177, 0.000160
2541, 0.000259, 0.000159, 0.000144
2542, 0.000260, 0.000213, 0.000196
2543, 0.000264, 0.000149, 0.000135
2544, 0.000267, 0.000213, 0.000195
2545, 0.000264, 0.000152, 0.000138
2546, 0.000260, 0.000175, 0.000158
2547, 0.000257, 0.000178, 0.000161
2548, 0.000256, 0.000165, 0.000149
2549, 0.000257, 0.000175, 0.000158
2550, 0.000257, 0.000180, 0.000163
2551, 0.000256, 0.000159, 0.000143
2552, 0.000259, 0.000199, 0.000182
2553, 0.000261, 0.000150, 0.000135
2554, 0.000262, 0.000208, 0.000191
2555, 0.000261, 0.000154, 0.000139
2556, 0.000259, 0.000179, 0.000163
2557, 0.000257, 0.000176, 0.000160
2558, 0.000254, 0.000157, 0.000142
2559, 0.000256, 0.000185, 0.000169
2560, 0.000256, 0.000163, 0.000147
2561, 0.000253, 0.000169, 0.000154
2562, 0.000255, 0.000179, 0.000163
2563, 0.000254, 0.000155, 0.000140
2564, 0.000258, 0.000202, 0.000185
2565, 0.000257, 0.000153, 0.000138
2566, 0.000257, 0.000191, 0.000175
2567, 0.000257, 0.000164, 0.000149
2568, 0.000253, 0.000159, 0.000144
2569, 0.000254, 0.000194, 0.000177
2570, 0.000257, 0.000149, 0.000134
2571, 0.000258, 0.000199, 0.000180
2572, 0.000255, 0.000159, 0.000143
2573, 0.000253, 0.000169, 0.000152
2574, 0.000251, 0.000187, 0.000170
2575, 0.000253, 0.000150, 0.000135
2576, 0.000255, 0.000197, 0.000181
2577, 0.000256, 0.000152, 0.000137
2578, 0.000254, 0.000182, 0.000166
2579, 0.000253, 0.000169, 0.000153
2580, 0.000251, 0.000164, 0.000148
2581, 0.000251, 0.000173, 0.000156
2582, 0.000251, 0.000165, 0.000149
2583, 0.000250, 0.000170, 0.000153
2584, 0.000250, 0.000164, 0.000148
2585, 0.000250, 0.000171, 0.000154
2586, 0.000249, 0.000159, 0.000144
2587, 0.000251, 0.000183, 0.000168
2588, 0.000252, 0.000155, 0.000141
2589, 0.000252, 0.000191, 0.000175
2590, 0.000254, 0.000149, 0.000135
2591, 0.000254, 0.000202, 0.000184
2592, 0.000255, 0.000151, 0.000135
2593, 0.000252, 0.000180, 0.000164
2594, 0.000250, 0.000173, 0.000157
2595, 0.000251, 0.000154, 0.000139
2596, 0.000250, 0.000198, 0.000181
2597, 0.000253, 0.000147, 0.000133
2598, 0.000253, 0.000188, 0.000173
2599, 0.000252, 0.000160, 0.000145
2600, 0.000248, 0.000169, 0.000153
2601, 0.000249, 0.000173, 0.000156
2602, 0.000247, 0.000158, 0.000142
2603, 0.000248, 0.000174, 0.000158
2604, 0.000247, 0.000164, 0.000148
2605, 0.000250, 0.000172, 0.000155
2606, 0.000246, 0.000168, 0.000152
2607, 0.000248, 0.000156, 0.000141
2608, 0.000247, 0.000178, 0.000163
2609, 0.000245, 0.000151, 0.000136
2610, 0.000248, 0.000180, 0.000164
2611, 0.000248, 0.000158, 0.000143
2612, 0.000247, 0.000164, 0.000148
2613, 0.000246, 0.000181, 0.000165
2614, 0.000246, 0.000152, 0.000138
2615, 0.000248, 0.000189, 0.000172
2616, 0.000247, 0.000155, 0.000139
2617, 0.000246, 0.000175, 0.000159
2618, 0.000247, 0.000158, 0.000142
2619, 0.000245, 0.000167, 0.000150
2620, 0.000244, 0.000163, 0.000147
2621, 0.000244, 0.000160, 0.000144
2622, 0.000243, 0.000172, 0.000154
2623, 0.000245, 0.000160, 0.000145
2624, 0.000244, 0.000173, 0.000157
2625, 0.000245, 0.000161, 0.000145
2626, 0.000245, 0.000167, 0.000152
2627, 0.000245, 0.000168, 0.000152
2628, 0.000244, 0.000166, 0.000150
2629, 0.000245, 0.000168, 0.000153
2630, 0.000243, 0.000156, 0.000142
2631, 0.000243, 0.000169, 0.000153
2632, 0.000243, 0.000153, 0.000139
2633, 0.000243, 0.000170, 0.000155
2634, 0.000243, 0.000158, 0.000143
2635, 0.000242, 0.000162, 0.000147
2636, 0.000241, 0.000176, 0.000160
2637, 0.000241, 0.000153, 0.000137
2638, 0.000243, 0.000178, 0.000161
2639, 0.000242, 0.000155, 0.000140
2640, 0.000243, 0.000178, 0.000162
2641, 0.000241, 0.000152, 0.000138
2642, 0.000239, 0.000172, 0.000157
2643, 0.000241, 0.000161, 0.000146
2644, 0.000239, 0.000154, 0.000140
2645, 0.000241, 0.000180, 0.000166
2646, 0.000241, 0.000142, 0.000128
2647, 0.000244, 0.000201, 0.000185
2648, 0.000244, 0.000142, 0.000128
2649, 0.000244, 0.000184, 0.000167
2650, 0.000241, 0.000168, 0.000151
2651, 0.000239, 0.000143, 0.000128
2652, 0.000242, 0.000231, 0.000212
2653, 0.000251, 0.000131, 0.000118
2654, 0.000260, 0.000262, 0.000243
2655, 0.000264, 0.000131, 0.000118
2656, 0.000262, 0.000226, 0.000209
2657, 0.000253, 0.000137, 0.000124
2658, 0.000243, 0.000168, 0.000152
2659, 0.000238, 0.000188, 0.000171
2660, 0.000239, 0.000132, 0.000119
2661, 0.000249, 0.000235, 0.000218
2662, 0.000255, 0.000133, 0.000121
2663, 0.000248, 0.000188, 0.000172
2664, 0.000240, 0.000163, 0.000149
2665, 0.000236, 0.000136, 0.000123
2666, 0.000241, 0.000209, 0.000192
2667, 0.000243, 0.000135, 0.000122
2668, 0.000243, 0.000192, 0.000175
2669, 0.000241, 0.000140, 0.000127
2670, 0.000237, 0.000165, 0.000149
2671, 0.000236, 0.000161, 0.000146
2672, 0.000234, 0.000142, 0.000128
2673, 0.000236, 0.000184, 0.000169
2674, 0.000240, 0.000139, 0.000125
2675, 0.000238, 0.000176, 0.000162
2676, 0.000236, 0.000152, 0.000138
2677, 0.000233, 0.000142, 0.000129
2678, 0.000235, 0.000186, 0.000170
2679, 0.000237, 0.000137, 0.000123
2680, 0.000237, 0.000165, 0.000148
2681, 0.000232, 0.000156, 0.000140
2682, 0.000234, 0.000144, 0.000129
2683, 0.000235, 0.000173, 0.000156
2684, 0.000234, 0.000146, 0.000132
2685, 0.000232, 0.000161, 0.000147
2686, 0.000233, 0.000154, 0.000141
2687, 0.000232, 0.000146, 0.000132
2688, 0.000233, 0.000168, 0.000154
2689, 0.000231, 0.000144, 0.000130
2690, 0.000232, 0.000158, 0.000144
2691, 0.000230, 0.000159, 0.000144
2692, 0.000230, 0.000142, 0.000128
2693, 0.000233, 0.000165, 0.000149
2694, 0.000233, 0.000144, 0.000129
2695, 0.000231, 0.000158, 0.000143
2696, 0.000229, 0.000163, 0.000147
2697, 0.000230, 0.000141, 0.000127
2698, 0.000232, 0.000195, 0.000179
2699, 0.000234, 0.000131, 0.000119
2700, 0.000237, 0.000182, 0.000166
2701, 0.000233, 0.000140, 0.000127
2702, 0.000229, 0.000150, 0.000136
2703, 0.000228, 0.000167, 0.000152
2704, 0.000229, 0.000136, 0.000123
2705, 0.000229, 0.000164, 0.000149
2706, 0.000228, 0.000150, 0.000136
2707, 0.000228, 0.000150, 0.000135
2708, 0.000227, 0.000157, 0.000142
2709, 0.000227, 0.000149, 0.000135
2710, 0.000229, 0.000155, 0.000141
2711, 0.000229, 0.000154, 0.000140
2712, 0.000227, 0.000145, 0.000131
2713, 0.000229, 0.000174, 0.000159
2714, 0.000230, 0.000129, 0.000117
2715, 0.000232, 0.000195, 0.000180
2716, 0.000230, 0.000135, 0.000122
2717, 0.000227, 0.000155, 0.000142
2718, 0.000226, 0.000162, 0.000149
2719, 0.000227, 0.000127, 0.000114
2720, 0.000234, 0.000216, 0.000199
2721, 0.000238, 0.000125, 0.000113
2722, 0.000234, 0.000186, 0.000169
2723, 0.000230, 0.000148, 0.000135
2724, 0.000225, 0.000135, 0.000122
2725, 0.000227, 0.000203, 0.000186
2726, 0.000236, 0.000127, 0.000116
2727, 0.000245, 0.000218, 0.000201
2728, 0.000241, 0.000130, 0.000116
2729, 0.000237, 0.000172, 0.000159
2730, 0.000228, 0.000160, 0.000146
2731, 0.000223, 0.000131, 0.000118
2732, 0.000234, 0.000209, 0.000195
2733, 0.000239, 0.000125, 0.000114
2734, 0.000228, 0.000167, 0.000153
2735, 0.000227, 0.000162, 0.000150
2736, 0.000228, 0.000132, 0.000119
2737, 0.000225, 0.000180, 0.000163
2738, 0.000228, 0.000137, 0.000125
2739, 0.000226, 0.000153, 0.000139
2740, 0.000224, 0.000171, 0.000156
2741, 0.000229, 0.000130, 0.000119
2742, 0.000232, 0.000197, 0.000182
2743, 0.000230, 0.000140, 0.000126
2744, 0.000231, 0.000154, 0.000142
2745, 0.000228, 0.000178, 0.000164
2746, 0.000225, 0.000132, 0.000118
2747, 0.000235, 0.000199, 0.000184
2748, 0.000234, 0.000127, 0.000115
2749, 0.000224, 0.000153, 0.000139
2750, 0.000222, 0.000162, 0.000150
2751, 0.000226, 0.000124, 0.000112
2752, 0.000226, 0.000194, 0.000179
2753, 0.000230, 0.000125, 0.000114
2754, 0.000228, 0.000157, 0.000143
2755, 0.000219, 0.000160, 0.000145
2756, 0.000220, 0.000126, 0.000114
2757, 0.000225, 0.000179, 0.000163
2758, 0.000223, 0.000129, 0.000116
2759, 0.000223, 0.000150, 0.000137
2760, 0.000218, 0.000155, 0.000142
2761, 0.000218, 0.000135, 0.000122
2762, 0.000219, 0.000150, 0.000138
2763, 0.000217, 0.000147, 0.000135
2764, 0.000217, 0.000132, 0.000120
2765, 0.000220, 0.000164, 0.000151
2766, 0.000221, 0.000127, 0.000115
2767, 0.000217, 0.000152, 0.000139
2768, 0.000216, 0.000138, 0.000126
2769, 0.000216, 0.000133, 0.000121
2770, 0.000215, 0.000155, 0.000141
2771, 0.000217, 0.000131, 0.000119
2772, 0.000215, 0.000147, 0.000134
2773, 0.000214, 0.000139, 0.000126
2774, 0.000215, 0.000143, 0.000130
2775, 0.000214, 0.000148, 0.000134
2776, 0.000213, 0.000129, 0.000117
2777, 0.000216, 0.000159, 0.000146
2778, 0.000215, 0.000132, 0.000121
2779, 0.000217, 0.000144, 0.000132
2780, 0.000214, 0.000151, 0.000138
2781, 0.000215, 0.000127, 0.000116
2782, 0.000218, 0.000176, 0.000161
2783, 0.000220, 0.000120, 0.000108
2784, 0.000217, 0.000160, 0.000147
2785, 0.000217, 0.000151, 0.000138
2786, 0.000212, 0.000119, 0.000108
2787, 0.000217, 0.000185, 0.000171
2788, 0.000221, 0.000117, 0.000107
2789, 0.000219, 0.000166, 0.000152
2790, 0.000214, 0.000133, 0.000120
2791, 0.000213, 0.000137, 0.000125
2792, 0.000211, 0.000159, 0.000145
2793, 0.000213, 0.000126, 0.000114
2794, 0.000213, 0.000154, 0.000141
2795, 0.000211, 0.000127, 0.000116
2796, 0.000210, 0.000147, 0.000135
2797, 0.000211, 0.000131, 0.000119
2798, 0.000209, 0.000142, 0.000130
2799, 0.000209, 0.000134, 0.000122
2800, 0.000208, 0.000136, 0.000124
2801, 0.000208, 0.000143, 0.000130
2802, 0.000208, 0.000130, 0.000119
2803, 0.000207, 0.000149, 0.000136
2804, 0.000208, 0.000126, 0.000115
2805, 0.000209, 0.000156, 0.000144
2806, 0.000209, 0.000131, 0.000120
2807, 0.000207, 0.000131, 0.000121
2808, 0.000206, 0.000173, 0.000161
2809, 0.000212, 0.000117, 0.000107
2810, 0.000213, 0.000170, 0.000157
2811, 0.000211, 0.000132, 0.000120
2812, 0.000205, 0.000121, 0.000109
2813, 0.000208, 0.000179, 0.000166
2814, 0.000212, 0.000115, 0.000104
2815, 0.000214, 0.000157, 0.000145
2816, 0.000208, 0.000138, 0.000126
2817, 0.000207, 0.000120, 0.000109
2818, 0.000209, 0.000175, 0.000161
2819, 0.000212, 0.000117, 0.000107
2820, 0.000211, 0.000158, 0.000145
2821, 0.000205, 0.000137, 0.000125
2822, 0.000204, 0.000129, 0.000118
2823, 0.000203, 0.000160, 0.000149
2824, 0.000206, 0.000117, 0.000107
2825, 0.000206, 0.000156, 0.000145
2826, 0.000204, 0.000132, 0.000121
2827, 0.000205, 0.000128, 0.000116
2828, 0.000201, 0.000156, 0.000142
2829, 0.000204, 0.000120, 0.000110
2830, 0.000207, 0.000158, 0.000144
2831, 0.000203, 0.000128, 0.000116
2832, 0.000203, 0.000132, 0.000121
2833, 0.000203, 0.000169, 0.000155
2834, 0.000207, 0.000111, 0.000101
2835, 0.000211, 0.000185, 0.000172
2836, 0.000208, 0.000119, 0.000109
2837, 0.000202, 0.000128, 0.000117
2838, 0.000202, 0.000167, 0.000156
2839, 0.000205, 0.000111, 0.000102
2840, 0.000206, 0.000159, 0.000146
2841, 0.000204, 0.000126, 0.000116
2842, 0.000201, 0.000134, 0.000123
2843, 0.000199, 0.000146, 0.000133
2844, 0.000203, 0.000128, 0.000117
2845, 0.000202, 0.000154, 0.000142
2846, 0.000201, 0.000123, 0.000111
2847, 0.000203, 0.000140, 0.000129
2848, 0.000200, 0.000149, 0.000137
2849, 0.000200, 0.000121, 0.000109
2850, 0.000204, 0.000158, 0.000146
2851, 0.000202, 0.000122, 0.000111
2852, 0.000197, 0.000143, 0.000130
2853, 0.000202, 0.000149, 0.000140
2854, 0.000206, 0.000119, 0.000109
2855, 0.000197, 0.000168, 0.000155
2856, 0.000208, 0.000131, 0.000124
2857, 0.000219, 0.000163, 0.000151
2858, 0.000200, 0.000141, 0.000128
2859, 0.000205, 0.000133, 0.000125
2860, 0.000211, 0.000170, 0.000157
2861, 0.000200, 0.000132, 0.000120
2862, 0.000217, 0.000170, 0.000161
2863, 0.000219, 0.000146, 0.000135
2864, 0.000197, 0.000145, 0.000133
2865, 0.000222, 0.000179, 0.000171
2866, 0.000227, 0.000132, 0.000122
2867, 0.000196, 0.000168, 0.000154
2868, 0.000222, 0.000163, 0.000156
2869, 0.000230, 0.000157, 0.000145
2870, 0.000200, 0.000167, 0.000154
2871, 0.000235, 0.000174, 0.000166
2872, 0.000222, 0.000138, 0.000129
2873, 0.000202, 0.000181, 0.000167
2874, 0.000233, 0.000143, 0.000137
2875, 0.000220, 0.000185, 0.000174
2876, 0.000211, 0.000153, 0.000140
2877, 0.000234, 0.000161, 0.000149
2878, 0.000199, 0.000145, 0.000137
2879, 0.000211, 0.000132, 0.000122
2880, 0.000205, 0.000157, 0.000146
2881, 0.000201, 0.000134, 0.000127
2882, 0.000212, 0.000128, 0.000118
2883, 0.000193, 0.000161, 0.000149
2884, 0.000211, 0.000133, 0.000127
2885, 0.000220, 0.000167, 0.000157
2886, 0.000200, 0.000150, 0.000138
2887, 0.000215, 0.000125, 0.000116
2888, 0.000191, 0.000163, 0.000155
2889, 0.000209, 0.000112, 0.000104
2890, 0.000199, 0.000173, 0.000160
2891, 0.000206, 0.000120, 0.000115
2892, 0.000211, 0.000135, 0.000125
2893, 0.000192, 0.000164, 0.000150
2894, 0.000209, 0.000103, 0.000096
2895, 0.000198, 0.000168, 0.000159
2896, 0.000200, 0.000129, 0.000119
2897, 0.000194, 0.000115, 0.000105
2898, 0.000197, 0.000181, 0.000171
2899, 0.000204, 0.000102, 0.000094
2900, 0.000195, 0.000148, 0.000136
2901, 0.000199, 0.000134, 0.000124
2902, 0.000190, 0.000107, 0.000100
2903, 0.000199, 0.000160, 0.000148
2904, 0.000195, 0.000119, 0.000109
2905, 0.000191, 0.000115, 0.000107
2906, 0.000191, 0.000146, 0.000136
2907, 0.000191, 0.000108, 0.000099
2908, 0.000194, 0.000136, 0.000126
2909, 0.000185, 0.000135, 0.000126
2910, 0.000189, 0.000105, 0.000097
2911, 0.000188, 0.000151, 0.000140
2912, 0.000189, 0.000112, 0.000104
2913, 0.000188, 0.000114, 0.000105
2914, 0.000187, 0.000147, 0.000135
2915, 0.000189, 0.000099, 0.000091
2916, 0.000188, 0.000142, 0.000132
2917, 0.000187, 0.000116, 0.000107
2918, 0.000186, 0.000117, 0.000108
2919, 0.000184, 0.000130, 0.000121
2920, 0.000186, 0.000107, 0.000099
2921, 0.000186, 0.000143, 0.000132
2922, 0.000185, 0.000112, 0.000103
2923, 0.000185, 0.000120, 0.000111
2924, 0.000184, 0.000137, 0.000126
2925, 0.000186, 0.000104, 0.000095
2926, 0.000185, 0.000147, 0.000136
2927, 0.000186, 0.000105, 0.000097
2928, 0.000184, 0.000132, 0.000122
2929, 0.000184, 0.000118, 0.000109
2930, 0.000184, 0.000125, 0.000115
2931, 0.000181, 0.000116, 0.000105
2932, 0.000187, 0.000134, 0.000124
2933, 0.000184, 0.000111, 0.000103
2934, 0.000184, 0.000135, 0.000124
2935, 0.000183, 0.000115, 0.000107
2936, 0.000182, 0.000126, 0.000117
2937, 0.000182, 0.000122, 0.000113
2938, 0.000181, 0.000114, 0.000105
2939, 0.000181, 0.000126, 0.000117
2940, 0.000182, 0.000122, 0.000113
2941, 0.000179, 0.000112, 0.000103
2942, 0.000181, 0.000138, 0.000129
2943, 0.000180, 0.000111, 0.000104
2944, 0.000180, 0.000115, 0.000107
2945, 0.000179, 0.000144, 0.000135
2946, 0.000182, 0.000096, 0.000089
2947, 0.000185, 0.000159, 0.000148
2948, 0.000186, 0.000099, 0.000090
2949, 0.000184, 0.000144, 0.000134
2950, 0.000183, 0.000109, 0.000101
2951, 0.000178, 0.000125, 0.000116
2952, 0.000179, 0.000124, 0.000116
2953, 0.000176, 0.000120, 0.000111
2954, 0.000178, 0.000129, 0.000120
2955, 0.000177, 0.000121, 0.000111
2956, 0.000178, 0.000113, 0.000104
2957, 0.000178, 0.000134, 0.000124
2958, 0.000177, 0.000112, 0.000102
2959, 0.000178, 0.000121, 0.000111
2960, 0.000176, 0.000134, 0.000124
2961, 0.000177, 0.000099, 0.000091
2962, 0.000180, 0.000160, 0.000149
2963, 0.000181, 0.000097, 0.000089
2964, 0.000179, 0.000142, 0.000132
2965, 0.000177, 0.000121, 0.000113
2966, 0.000175, 0.000098, 0.000091
2967, 0.000179, 0.000179, 0.000168
2968, 0.000186, 0.000086, 0.000079
2969, 0.000193, 0.000188, 0.000176
2970, 0.000188, 0.000097, 0.000089
2971, 0.000178, 0.000125, 0.000116
2972, 0.000174, 0.000138, 0.000127
2973, 0.000176, 0.000094, 0.000087
2974, 0.000182, 0.000170, 0.000159
2975, 0.000182, 0.000091, 0.000085
2976, 0.000181, 0.000147, 0.000137
2977, 0.000175, 0.000120, 0.000112
2978, 0.000172, 0.000094, 0.000087
2979, 0.000178, 0.000193, 0.000182
2980, 0.000187, 0.000086, 0.000080
2981, 0.000187, 0.000152, 0.000141
2982, 0.000174, 0.000134, 0.000124
2983, 0.000173, 0.000086, 0.000080
2984, 0.000183, 0.000189, 0.000177
2985, 0.000187, 0.000088, 0.000082
2986, 0.000182, 0.000137, 0.000127
2987, 0.000173, 0.000126, 0.000117
2988, 0.000172, 0.000098, 0.000090
2989, 0.000173, 0.000156, 0.000145
2990, 0.000177, 0.000091, 0.000084
2991, 0.000177, 0.000148, 0.000138
2992, 0.000175, 0.000103, 0.000095
2993, 0.000172, 0.000117, 0.000108
2994, 0.000170, 0.000136, 0.000126
2995, 0.000173, 0.000098, 0.000090
2996, 0.000174, 0.000131, 0.000122
2997, 0.000171, 0.000113, 0.000105
2998, 0.000170, 0.000112, 0.000103
2999, 0.000168, 0.000128, 0.000118
3000, 0.000169, 0.000108, 0.000100
3001, 0.000171, 0.000116, 0.000107
3002, 0.000170, 0.000120, 0.000110
3003, 0.000168, 0.000120, 0.000111
3004, 0.000168, 0.000109, 0.000101
3005, 0.000169, 0.000138, 0.000128
3006, 0.000171, 0.000096, 0.000089
3007, 0.000172, 0.000139, 0.000129
3008, 0.000172, 0.000104, 0.000096
3009, 0.000170, 0.000122, 0.000112
3010, 0.000168, 0.000116, 0.000107
3011, 0.000167, 0.000111, 0.000102
3012, 0.000166, 0.000112, 0.000104
3013, 0.000167, 0.000114, 0.000106
3014, 0.000168, 0.000121, 0.000112
3015, 0.000165, 0.000108, 0.000099
3016, 0.000167, 0.000133, 0.000124
3017, 0.000167, 0.000107, 0.000099
3018, 0.000166, 0.000113, 0.000104
3019, 0.000167, 0.000123, 0.000115
3020, 0.000167, 0.000107, 0.000099
3021, 0.000165, 0.000121, 0.000113
3022, 0.000166, 0.000113, 0.000107
3023, 0.000166, 0.000109, 0.000102
3024, 0.000165, 0.000119, 0.000111
3025, 0.000166, 0.000104, 0.000098
3026, 0.000167, 0.000143, 0.000134
3027, 0.000168, 0.000092, 0.000084
3028, 0.000171, 0.000151, 0.000141
3029, 0.000169, 0.000101, 0.000094
3030, 0.000166, 0.000119, 0.000110
3031, 0.000165, 0.000121, 0.000112
3032, 0.000163, 0.000101, 0.000094
3033, 0.000164, 0.000132, 0.000122
3034, 0.000166, 0.000099, 0.000092
3035, 0.000164, 0.000135, 0.000127
3036, 0.000165, 0.000096, 0.000089
3037, 0.000166, 0.000128, 0.000120
3038, 0.000165, 0.000106, 0.000099
3039, 0.000162, 0.000109, 0.000101
3040, 0.000162, 0.000123, 0.000115
3041, 0.000162, 0.000097, 0.000091
3042, 0.000164, 0.000135, 0.000127
3043, 0.000163, 0.000096, 0.000090
3044, 0.000162, 0.000123, 0.000116
3045, 0.000162, 0.000116, 0.000109
3046, 0.000160, 0.000096, 0.000089
3047, 0.000164, 0.000153, 0.000143
3048, 0.000166, 0.000088, 0.000081
3049, 0.000165, 0.000151, 0.000141
3050, 0.000164, 0.000094, 0.000088
3051, 0.000165, 0.000125, 0.000117
3052, 0.000161, 0.000120, 0.000113
3053, 0.000162, 0.000088, 0.000082
3054, 0.000164, 0.000179, 0.000169
3055, 0.000172, 0.000079, 0.000074
3056, 0.000175, 0.000175, 0.000166
3057, 0.000171, 0.000092, 0.000087
3058, 0.000161, 0.000108, 0.000102
3059, 0.000160, 0.000144, 0.000136
3060, 0.000163, 0.000081, 0.000076
3061, 0.000168, 0.000175, 0.000166
3062, 0.000171, 0.000083, 0.000077
3063, 0.000167, 0.000141, 0.000132
3064, 0.000161, 0.000109, 0.000102
3065, 0.000161, 0.000085, 0.000079
3066, 0.000166, 0.000184, 0.000174
3067, 0.000172, 0.000076, 0.000072
3068, 0.000173, 0.000154, 0.000144
3069, 0.000164, 0.000104, 0.000097
3070, 0.000158, 0.000103, 0.000096
3071, 0.000157, 0.000142, 0.000132
3072, 0.000162, 0.000080, 0.000074
3073, 0.000168, 0.000170, 0.000160
3074, 0.000167, 0.000080, 0.000074
3075, 0.000165, 0.000137, 0.000129
3076, 0.000159, 0.000107, 0.000101
3077, 0.000158, 0.000096, 0.000089
3078, 0.000159, 0.000139, 0.000130
3079, 0.000162, 0.000083, 0.000078
3080, 0.000164, 0.000147, 0.000137
3081, 0.000162, 0.000092, 0.000085
3082, 0.000158, 0.000107, 0.000100
3083, 0.000154, 0.000129, 0.000120
3084, 0.000156, 0.000087, 0.000080
3085, 0.000160, 0.000141, 0.000132
3086, 0.000160, 0.000093, 0.000086
3087, 0.000155, 0.000100, 0.000093
3088, 0.000154, 0.000133, 0.000125
3089, 0.000157, 0.000086, 0.000081
3090, 0.000158, 0.000138, 0.000129
3091, 0.000160, 0.000087, 0.000081
3092, 0.000159, 0.000133, 0.000125
3093, 0.000156, 0.000092, 0.000087
3094, 0.000154, 0.000112, 0.000105
3095, 0.000155, 0.000120, 0.000113
3096, 0.000155, 0.000086, 0.000081
3097, 0.000155, 0.000140, 0.000131
3098, 0.000157, 0.000087, 0.000081
3099, 0.000155, 0.000117, 0.000109
3100, 0.000154, 0.000107, 0.000100
3101, 0.000152, 0.000098, 0.000091
3102, 0.000152, 0.000118, 0.000111
3103, 0.000152, 0.000095, 0.000089
3104, 0.000152, 0.000120, 0.000113
3105, 0.000153, 0.000095, 0.000089
3106, 0.000153, 0.000121, 0.000114
3107, 0.000151, 0.000097, 0.000091
3108, 0.000153, 0.000116, 0.000108
3109, 0.000150, 0.000102, 0.000095
3110, 0.000150, 0.000103, 0.000096
3111, 0.000150, 0.000110, 0.000101
3112, 0.000153, 0.000094, 0.000087
3113, 0.000152, 0.000128, 0.000119
3114, 0.000152, 0.000091, 0.000084
3115, 0.000154, 0.000131, 0.000122
3116, 0.000153, 0.000087, 0.000082
3117, 0.000152, 0.000129, 0.000122
3118, 0.000153, 0.000088, 0.000082
3119, 0.000151, 0.000113, 0.000106
3120, 0.000151, 0.000107, 0.000100
3121, 0.000150, 0.000092, 0.000086
3122, 0.000151, 0.000132, 0.000123
3123, 0.000153, 0.000084, 0.000079
3124, 0.000153, 0.000129, 0.000121
3125, 0.000151, 0.000091, 0.000085
3126, 0.000151, 0.000111, 0.000104
3127, 0.000150, 0.000117, 0.000110
3128, 0.000149, 0.000091, 0.000085
3129, 0.000151, 0.000141, 0.000133
3130, 0.000154, 0.000079, 0.000074
3131, 0.000154, 0.000141, 0.000132
3132, 0.000153, 0.000088, 0.000083
3133, 0.000153, 0.000119, 0.000110
3134, 0.000151, 0.000108, 0.000100
3135, 0.000148, 0.000087, 0.000081
3136, 0.000149, 0.000134, 0.000126
3137, 0.000152, 0.000081, 0.000076
3138, 0.000152, 0.000130, 0.000123
3139, 0.000151, 0.000093, 0.000088
3140, 0.000148, 0.000106, 0.000099
3141, 0.000147, 0.000108, 0.000102
3142, 0.000147, 0.000097, 0.000091
3143, 0.000148, 0.000121, 0.000113
3144, 0.000146, 0.000091, 0.000086
3145, 0.000149, 0.000125, 0.000118
3146, 0.000147, 0.000086, 0.000081
3147, 0.000149, 0.000124, 0.000118
3148, 0.000147, 0.000090, 0.000086
3149, 0.000148, 0.000109, 0.000103
3150, 0.000146, 0.000103, 0.000097
3151, 0.000146, 0.000098, 0.000092
3152, 0.000146, 0.000109, 0.000101
3153, 0.000146, 0.000099, 0.000092
3154, 0.000145, 0.000126, 0.000118
3155, 0.000146, 0.000082, 0.000077
3156, 0.000147, 0.000133, 0.000125
3157, 0.000147, 0.000087, 0.000082
3158, 0.000150, 0.000127, 0.000120
3159, 0.000147, 0.000082, 0.000077
3160, 0.000149, 0.000130, 0.000123
3161, 0.000148, 0.000082, 0.000078
3162, 0.000146, 0.000115, 0.000108
3163, 0.000145, 0.000119, 0.000113
3164, 0.000147, 0.000078, 0.000073
3165, 0.000151, 0.000178, 0.000168
3166, 0.000161, 0.000069, 0.000066
3167, 0.000173, 0.000232, 0.000220
3168, 0.000180, 0.000068, 0.000065
3169, 0.000177, 0.000195, 0.000184
3170, 0.000167, 0.000068, 0.000064
3171, 0.000153, 0.000112, 0.000105
3172, 0.000144, 0.000112, 0.000106
3173, 0.000144, 0.000077, 0.000073
3174, 0.000148, 0.000138, 0.000133
3175, 0.000148, 0.000081, 0.000078
3176, 0.000144, 0.000103, 0.000098
3177, 0.000143, 0.000105, 0.000100
3178, 0.000143, 0.000089, 0.000084
3179, 0.000144, 0.000115, 0.000109
3180, 0.000144, 0.000081, 0.000076
3181, 0.000145, 0.000123, 0.000115
3182, 0.000145, 0.000081, 0.000077
3183, 0.000143, 0.000108, 0.000102
3184, 0.000142, 0.000100, 0.000094
3185, 0.000141, 0.000090, 0.000085
3186, 0.000141, 0.000122, 0.000114
3187, 0.000142, 0.000088, 0.000082
3188, 0.000142, 0.000094, 0.000089
3189, 0.000141, 0.000128, 0.000121
3190, 0.000143, 0.000074, 0.000070
3191, 0.000146, 0.000127, 0.000120
3192, 0.000144, 0.000086, 0.000081
3193, 0.000141, 0.000096, 0.000090
3194, 0.000141, 0.000101, 0.000095
3195, 0.000141, 0.000089, 0.000083
3196, 0.000143, 0.000120, 0.000113
3197, 0.000144, 0.000076, 0.000072
3198, 0.000144, 0.000137, 0.000129
3199, 0.000145, 0.000079, 0.000074
3200, 0.000144, 0.000115, 0.000108
3201, 0.000140, 0.000105, 0.000098
3202, 0.000138, 0.000075, 0.000070
3203, 0.000143, 0.000150, 0.000141
3204, 0.000149, 0.000069, 0.000065
3205, 0.000149, 0.000140, 0.000132
3206, 0.000147, 0.000080, 0.000075
3207, 0.000142, 0.000097, 0.000092
3208, 0.000140, 0.000119, 0.000114
3209, 0.000141, 0.000069, 0.000066
3210, 0.000145, 0.000152, 0.000145
3211, 0.000149, 0.000072, 0.000068
3212, 0.000145, 0.000117, 0.000110
3213, 0.000140, 0.000099, 0.000093
3214, 0.000139, 0.000079, 0.000074
3215, 0.000141, 0.000131, 0.000124
3216, 0.000142, 0.000075, 0.000071
3217, 0.000141, 0.000118, 0.000112
3218, 0.000141, 0.000091, 0.000087
3219, 0.000137, 0.000087, 0.000083
3220, 0.000138, 0.000117, 0.000111
3221, 0.000137, 0.000079, 0.000075
3222, 0.000139, 0.000120, 0.000114
3223, 0.000138, 0.000085, 0.000081
3224, 0.000137, 0.000093, 0.000088
3225, 0.000137, 0.000110, 0.000104
3226, 0.000137, 0.000083, 0.000078
3227, 0.000136, 0.000105, 0.000098
3228, 0.000136, 0.000100, 0.000094
3229, 0.000136, 0.000087, 0.000081
3230, 0.000136, 0.000101, 0.000094
3231, 0.000136, 0.000097, 0.000092
3232, 0.000135, 0.000093, 0.000088
3233, 0.000133, 0.000096, 0.000091
3234, 0.000137, 0.000103, 0.000099
3235, 0.000137, 0.000089, 0.000085
3236, 0.000135, 0.000104, 0.000099
3237, 0.000137, 0.000088, 0.000083
3238, 0.000138, 0.000106, 0.000099
3239, 0.000135, 0.000096, 0.000090
3240, 0.000135, 0.000088, 0.000083
3241, 0.000136, 0.000118, 0.000111
3242, 0.000136, 0.000082, 0.000077
3243, 0.000137, 0.000115, 0.000109
3244, 0.000138, 0.000083, 0.000079
3245, 0.000136, 0.000116, 0.000109
3246, 0.000137, 0.000078, 0.000074
3247, 0.000137, 0.000111, 0.000105
3248, 0.000135, 0.000090, 0.000084
3249, 0.000135, 0.000099, 0.000095
3250, 0.000137, 0.000116, 0.000110
3251, 0.000136, 0.000077, 0.000073
3252, 0.000136, 0.000131, 0.000125
3253, 0.000139, 0.000072, 0.000068
3254, 0.000138, 0.000122, 0.000115
3255, 0.000137, 0.000090, 0.000085
3256, 0.000135, 0.000086, 0.000081
3257, 0.000133, 0.000118, 0.000111
3258, 0.000138, 0.000076, 0.000073
3259, 0.000145, 0.000162, 0.000153
3260, 0.000146, 0.000065, 0.000061
3261, 0.000151, 0.000182, 0.000174
3262, 0.000155, 0.000063, 0.000059
3263, 0.000148, 0.000151, 0.000142
3264, 0.000144, 0.000081, 0.000078
3265, 0.000143, 0.000120, 0.000112
3266, 0.000135, 0.000092, 0.000086
3267, 0.000137, 0.000103, 0.000100
3268, 0.000145, 0.000116, 0.000109
3269, 0.000134, 0.000084, 0.000078
3270, 0.000143, 0.000137, 0.000132
3271, 0.000148, 0.000078, 0.000073
3272, 0.000133, 0.000118, 0.000111
3273, 0.000141, 0.000116, 0.000113
3274, 0.000149, 0.000080, 0.000075
3275, 0.000134, 0.000142, 0.000133
3276, 0.000150, 0.000110, 0.000111
3277, 0.000184, 0.000180, 0.000169
3278, 0.000150, 0.000097, 0.000091
3279, 0.000163, 0.000150, 0.000146
3280, 0.000159, 0.000096, 0.000091
3281, 0.000132, 0.000114, 0.000108
3282, 0.000170, 0.000184, 0.000181
3283, 0.000186, 0.000091, 0.000087
3284, 0.000136, 0.000169, 0.000160
3285, 0.000193, 0.000181, 0.000182
3286, 0.000209, 0.000134, 0.000127
3287, 0.000143, 0.000187, 0.000175
3288, 0.000213, 0.000124, 0.000121
3289, 0.000155, 0.000147, 0.000146
3290, 0.000172, 0.000132, 0.000125
3291, 0.000175, 0.000104, 0.000099
3292, 0.000135, 0.000131, 0.000129
3293, 0.000162, 0.000082, 0.000077
3294, 0.000134, 0.000142, 0.000133
3295, 0.000161, 0.000144, 0.000147
3296, 0.000202, 0.000176, 0.000169
3297, 0.000159, 0.000144, 0.000136
3298, 0.000196, 0.000117, 0.000111
3299, 0.000136, 0.000145, 0.000143
3300, 0.000171, 0.000072, 0.000070
3301, 0.000142, 0.000201, 0.000193
3302, 0.000180, 0.000101, 0.000102
3303, 0.000186, 0.000153, 0.000148
3304, 0.000157, 0.000150, 0.000142
3305, 0.000163, 0.000074, 0.000070
3306, 0.000150, 0.000190, 0.000185
3307, 0.000173, 0.000072, 0.000070
3308, 0.000141, 0.000121, 0.000114
3309, 0.000152, 0.000120, 0.000114
3310, 0.000134, 0.000086, 0.000084
3311, 0.000147, 0.000086, 0.000082
3312, 0.000130, 0.000135, 0.000127
3313, 0.000148, 0.000068, 0.000065
3314, 0.000136, 0.000132, 0.000127
3315, 0.000145, 0.000090, 0.000086
3316, 0.000132, 0.000094, 0.000090
3317, 0.000142, 0.000120, 0.000114
3318, 0.000134, 0.000079, 0.000077
3319, 0.000140, 0.000090, 0.000084
3320, 0.000129, 0.000138, 0.000130
3321, 0.000142, 0.000076, 0.000075
3322, 0.000152, 0.000128, 0.000123
3323, 0.000141, 0.000114, 0.000106
3324, 0.000137, 0.000079, 0.000074
3325, 0.000146, 0.000151, 0.000144
3326, 0.000145, 0.000078, 0.000075
3327, 0.000136, 0.000086, 0.000081
3328, 0.000134, 0.000136, 0.000128
3329, 0.000140, 0.000073, 0.000071
3330, 0.000140, 0.000094, 0.000090
3331, 0.000133, 0.000120, 0.000112
3332, 0.000136, 0.000078, 0.000073
3333, 0.000135, 0.000102, 0.000097
3334, 0.000133, 0.000090, 0.000085
3335, 0.000130, 0.000080, 0.000074
3336, 0.000130, 0.000103, 0.000095
3337, 0.000130, 0.000087, 0.000082
3338, 0.000128, 0.000078, 0.000073
3339, 0.000130, 0.000109, 0.000102
3340, 0.000128, 0.000085, 0.000080
3341, 0.000127, 0.000089, 0.000085
3342, 0.000128, 0.000086, 0.000082
3343, 0.000126, 0.000088, 0.000083
3344, 0.000126, 0.000089, 0.000082
3345, 0.000126, 0.000082, 0.000076
3346, 0.000126, 0.000090, 0.000084
3347, 0.000126, 0.000091, 0.000085
3348, 0.000125, 0.000083, 0.000078
3349, 0.000126, 0.000085, 0.000081
3350, 0.000126, 0.000092, 0.000087
3351, 0.000126, 0.000084, 0.000079
3352, 0.000125, 0.000084, 0.000079
3353, 0.000124, 0.000103, 0.000097
3354, 0.000126, 0.000070, 0.000066
3355, 0.000126, 0.000094, 0.000087
3356, 0.000125, 0.000090, 0.000084
3357, 0.000123, 0.000077, 0.000072
3358, 0.000125, 0.000095, 0.000088
3359, 0.000125, 0.000085, 0.000080
3360, 0.000123, 0.000081, 0.000076
3361, 0.000123, 0.000092, 0.000087
3362, 0.000124, 0.000073, 0.000069
3363, 0.000124, 0.000097, 0.000092
3364, 0.000125, 0.000082, 0.000077
3365, 0.000124, 0.000088, 0.000083
3366, 0.000124, 0.000083, 0.000078
3367, 0.000123, 0.000087, 0.000081
3368, 0.000124, 0.000094, 0.000088
3369, 0.000122, 0.000079, 0.000074
3370, 0.000122, 0.000093, 0.000086
3371, 0.000123, 0.000075, 0.000071
3372, 0.000123, 0.000089, 0.000085
3373, 0.000123, 0.000080, 0.000077
3374, 0.000122, 0.000085, 0.000081
3375, 0.000121, 0.000089, 0.000085
3376, 0.000122, 0.000086, 0.000082
3377, 0.000122, 0.000079, 0.000075
3378, 0.000123, 0.000103, 0.000096
3379, 0.000125, 0.000081, 0.000075
3380, 0.000122, 0.000092, 0.000085
3381, 0.000122, 0.000087, 0.000080
3382, 0.000123, 0.000084, 0.000078
3383, 0.000122, 0.000083, 0.000077
3384, 0.000122, 0.000088, 0.000083
3385, 0.000120, 0.000078, 0.000073
3386, 0.000122, 0.000090, 0.000084
3387, 0.000121, 0.000084, 0.000079
3388, 0.000120, 0.000093, 0.000088
3389, 0.000121, 0.000088, 0.000084
3390, 0.000121, 0.000079, 0.000075
3391, 0.000120, 0.000094, 0.000089
3392, 0.000121, 0.000082, 0.000077
3393, 0.000120, 0.000085, 0.000079
3394, 0.000122, 0.000094, 0.000087
3395, 0.000120, 0.000071, 0.000066
3396, 0.000122, 0.000106, 0.000099
3397, 0.000122, 0.000071, 0.000066
3398, 0.000121, 0.000091, 0.000085
3399, 0.000122, 0.000101, 0.000096
3400, 0.000121, 0.000065, 0.000063
3401, 0.000124, 0.000122, 0.000117
3402, 0.000126, 0.000067, 0.000064
3403, 0.000122, 0.000104, 0.000100
3404, 0.000122, 0.000072, 0.000069
3405, 0.000125, 0.000097, 0.000092
3406, 0.000120, 0.000080, 0.000075
3407, 0.000120, 0.000091, 0.000085
3408, 0.000120, 0.000077, 0.000073
3409, 0.000119, 0.000088, 0.000082
3410, 0.000121, 0.000086, 0.000081
3411, 0.000119, 0.000087, 0.000082
3412, 0.000119, 0.000075, 0.000071
3413, 0.000120, 0.000102, 0.000095
3414, 0.000119, 0.000072, 0.000069
3415, 0.000122, 0.000099, 0.000094
3416, 0.000119, 0.000074, 0.000070
3417, 0.000119, 0.000093, 0.000088
3418, 0.000118, 0.000089, 0.000084
3419, 0.000120, 0.000073, 0.000068
3420, 0.000119, 0.000113, 0.000105
3421, 0.000121, 0.000068, 0.000063
3422, 0.000120, 0.000089, 0.000083
3423, 0.000119, 0.000094, 0.000088
3424, 0.000118, 0.000077, 0.000072
3425, 0.000120, 0.000101, 0.000096
3426, 0.000121, 0.000081, 0.000077
3427, 0.000118, 0.000080, 0.000076
3428, 0.000118, 0.000105, 0.000099
3429, 0.000119, 0.000062, 0.000059
3430, 0.000123, 0.000130, 0.000124
3431, 0.000125, 0.000061, 0.000058
3432, 0.000124, 0.000117, 0.000112
3433, 0.000121, 0.000074, 0.000071
3434, 0.000120, 0.000081, 0.000077
3435, 0.000118, 0.000105, 0.000100
3436, 0.000119, 0.000063, 0.000060
3437, 0.000123, 0.000130, 0.000124
3438, 0.000125, 0.000062, 0.000059
3439, 0.000123, 0.000100, 0.000095
3440, 0.000119, 0.000091, 0.000087
3441, 0.000116, 0.000063, 0.000061
3442, 0.000122, 0.000139, 0.000131
3443, 0.000127, 0.000059, 0.000057
3444, 0.000127, 0.000126, 0.000118
3445, 0.000124, 0.000072, 0.000068
3446, 0.000117, 0.000078, 0.000073
3447, 0.000116, 0.000108, 0.000102
3448, 0.000119, 0.000061, 0.000058
3449, 0.000123, 0.000132, 0.000124
3450, 0.000125, 0.000059, 0.000056
3451, 0.000124, 0.000117, 0.000110
3452, 0.000120, 0.000070, 0.000066
3453, 0.000118, 0.000089, 0.000084
3454, 0.000115, 0.000087, 0.000083
3455, 0.000117, 0.000072, 0.000068
3456, 0.000117, 0.000103, 0.000097
3457, 0.000118, 0.000069, 0.000065
3458, 0.000117, 0.000099, 0.000093
3459, 0.000117, 0.000077, 0.000072
3460, 0.000117, 0.000084, 0.000079
3461, 0.000115, 0.000091, 0.000085
3462, 0.000116, 0.000072, 0.000068
3463, 0.000116, 0.000097, 0.000092
3464, 0.000116, 0.000071, 0.000068
3465, 0.000117, 0.000102, 0.000097
3466, 0.000116, 0.000067, 0.000063
3467, 0.000117, 0.000105, 0.000098
3468, 0.000118, 0.000065, 0.000061
3469, 0.000119, 0.000111, 0.000103
3470, 0.000119, 0.000071, 0.000066
3471, 0.000116, 0.000089, 0.000084
3472, 0.000116, 0.000086, 0.000081
3473, 0.000114, 0.000074, 0.000070
3474, 0.000116, 0.000104, 0.000099
3475, 0.000117, 0.000061, 0.000059
3476, 0.000118, 0.000105, 0.000099
3477, 0.000116, 0.000073, 0.000070
3478, 0.000115, 0.000086, 0.000081
3479, 0.000114, 0.000094, 0.000088
3480, 0.000115, 0.000067, 0.000063
3481, 0.000117, 0.000108, 0.000103
3482, 0.000117, 0.000063, 0.000060
3483, 0.000114, 0.000088, 0.000082
3484, 0.000114, 0.000096, 0.000091
3485, 0.000114, 0.000060, 0.000057
3486, 0.000118, 0.000128, 0.000121
3487, 0.000121, 0.000057, 0.000055
3488, 0.000123, 0.000117, 0.000111
3489, 0.000117, 0.000069, 0.000066
3490, 0.000115, 0.000078, 0.000074
3491, 0.000114, 0.000103, 0.000098
3492, 0.000116, 0.000060, 0.000057
3493, 0.000118, 0.000119, 0.000112
3494, 0.000117, 0.000068, 0.000065
3495, 0.000116, 0.000085, 0.000080
3496, 0.000113, 0.000107, 0.000100
3497, 0.000116, 0.000059, 0.000056
3498, 0.000121, 0.000134, 0.000127
3499, 0.000123, 0.000059, 0.000056
3500, 0.000125, 0.000128, 0.000121
3501, 0.000121, 0.000058, 0.000056
3502, 0.000120, 0.000108, 0.000101
3503, 0.000117, 0.000065, 0.000061
3504, 0.000114, 0.000095, 0.000090
3505, 0.000113, 0.000077, 0.000073
3506, 0.000111, 0.000078, 0.000073
3507, 0.000111, 0.000097, 0.000091
3508, 0.000115, 0.000071, 0.000067
3509, 0.000113, 0.000086, 0.000080
3510, 0.000112, 0.000083, 0.000077
3511, 0.000111, 0.000067, 0.000063
3512, 0.000111, 0.000101, 0.000095
3513, 0.000115, 0.000059, 0.000055
3514, 0.000119, 0.000121, 0.000114
3515, 0.000119, 0.000056, 0.000053
3516, 0.000119, 0.000110, 0.000103
3517, 0.000114, 0.000078, 0.000073
3518, 0.000111, 0.000071, 0.000067
3519, 0.000112, 0.000114, 0.000107
3520, 0.000116, 0.000060, 0.000056
3521, 0.000118, 0.000113, 0.000107
3522, 0.000117, 0.000062, 0.000059
3523, 0.000114, 0.000103, 0.000098
3524, 0.000115, 0.000061, 0.000058
3525, 0.000113, 0.000095, 0.000090
3526, 0.000112, 0.000078, 0.000074
3527, 0.000110, 0.000077, 0.000072
3528, 0.000111, 0.000097, 0.000090
3529, 0.000110, 0.000068, 0.000063
3530, 0.000112, 0.000097, 0.000091
3531, 0.000113, 0.000066, 0.000063
3532, 0.000110, 0.000092, 0.000088
3533, 0.000113, 0.000073, 0.000070
3534, 0.000111, 0.000071, 0.000068
3535, 0.000111, 0.000107, 0.000101
3536, 0.000113, 0.000063, 0.000060
3537, 0.000112, 0.000098, 0.000092
3538, 0.000112, 0.000073, 0.000068
3539, 0.000111, 0.000084, 0.000079
3540, 0.000111, 0.000081, 0.000077
3541, 0.000111, 0.000075, 0.000071
3542, 0.000110, 0.000079, 0.000076
3543, 0.000110, 0.000085, 0.000081
3544, 0.000108, 0.000074, 0.000071
3545, 0.000109, 0.000078, 0.000074
3546, 0.000109, 0.000083, 0.000079
3547, 0.000109, 0.000064, 0.000060
3548, 0.000112, 0.000107, 0.000100
3549, 0.000112, 0.000063, 0.000060
3550, 0.000111, 0.000093, 0.000086
3551, 0.000110, 0.000091, 0.000084
3552, 0.000109, 0.000062, 0.000058
3553, 0.000112, 0.000134, 0.000127
3554, 0.000120, 0.000052, 0.000049
3555, 0.000124, 0.000145, 0.000140
3556, 0.000124, 0.000054, 0.000052
3557, 0.000118, 0.000091, 0.000086
3558, 0.000110, 0.000084, 0.000080
3559, 0.000110, 0.000059, 0.000056
3560, 0.000113, 0.000130, 0.000124
3561, 0.000117, 0.000060, 0.000057
3562, 0.000118, 0.000114, 0.000108
3563, 0.000113, 0.000063, 0.000060
3564, 0.000111, 0.000082, 0.000078
3565, 0.000109, 0.000085, 0.000081
3566, 0.000110, 0.000065, 0.000063
3567, 0.000110, 0.000095, 0.000091
3568, 0.000111, 0.000069, 0.000065
3569, 0.000110, 0.000079, 0.000076
3570, 0.000108, 0.000081, 0.000078
3571, 0.000108, 0.000066, 0.000063
3572, 0.000110, 0.000102, 0.000097
3573, 0.000111, 0.000060, 0.000058
3574, 0.000113, 0.000096, 0.000092
3575, 0.000109, 0.000073, 0.000069
3576, 0.000108, 0.000074, 0.000071
3577, 0.000108, 0.000085, 0.000082
3578, 0.000108, 0.000065, 0.000061
3579, 0.000112, 0.000099, 0.000094
3580, 0.000111, 0.000062, 0.000060
3581, 0.000112, 0.000102, 0.000095
3582, 0.000111, 0.000063, 0.000059
3583, 0.000111, 0.000095, 0.000091
3584, 0.000109, 0.000069, 0.000066
3585, 0.000109, 0.000085, 0.000081
3586, 0.000108, 0.000066, 0.000063
3587, 0.000110, 0.000097, 0.000092
3588, 0.000110, 0.000060, 0.000056
3589, 0.000111, 0.000112, 0.000106
3590, 0.000113, 0.000059, 0.000057
3591, 0.000111, 0.000095, 0.000090
3592, 0.000108, 0.000080, 0.000075
3593, 0.000108, 0.000059, 0.000057
3594, 0.000110, 0.000124, 0.000119
3595, 0.000116, 0.000054, 0.000052
3596, 0.000122, 0.000142, 0.000138
3597, 0.000122, 0.000055, 0.000053
3598, 0.000119, 0.000109, 0.000103
3599, 0.000113, 0.000065, 0.000061
3600, 0.000108, 0.000075, 0.000071
3601, 0.000105, 0.000093, 0.000087
3602, 0.000109, 0.000059, 0.000055
3603, 0.000110, 0.000099, 0.000094
3604, 0.000109, 0.000059, 0.000056
3605, 0.000109, 0.000092, 0.000087
3606, 0.000109, 0.000068, 0.000064
3607, 0.000106, 0.000084, 0.000080
3608, 0.000107, 0.000066, 0.000062
3609, 0.000108, 0.000092, 0.000087
3610, 0.000107, 0.000067, 0.000064
3611, 0.000107, 0.000090, 0.000084
3612, 0.000107, 0.000065, 0.000061
3613, 0.000107, 0.000082, 0.000078
3614, 0.000105, 0.000071, 0.000067
3615, 0.000105, 0.000068, 0.000064
3616, 0.000105, 0.000096, 0.000091
3617, 0.000107, 0.000054, 0.000052
3618, 0.000112, 0.000110, 0.000104
3619, 0.000111, 0.000059, 0.000055
3620, 0.000108, 0.000081, 0.000077
3621, 0.000104, 0.000086, 0.000080
3622, 0.000105, 0.000059, 0.000055
3623, 0.000109, 0.000120, 0.000114
3624, 0.000113, 0.000053, 0.000050
3625, 0.000117, 0.000136, 0.000129
3626, 0.000119, 0.000053, 0.000051
3627, 0.000116, 0.000109, 0.000103
3628, 0.000112, 0.000057, 0.000053
3629, 0.000107, 0.000079, 0.000075
3630, 0.000104, 0.000073, 0.000069
3631, 0.000104, 0.000067, 0.000063
3632, 0.000104, 0.000087, 0.000082
3633, 0.000106, 0.000059, 0.000056
3634, 0.000107, 0.000095, 0.000090
3635, 0.000106, 0.000060, 0.000057
3636, 0.000105, 0.000080, 0.000076
3637, 0.000103, 0.000068, 0.000065
3638, 0.000105, 0.000073, 0.000069
3639, 0.000103, 0.000070, 0.000066
3640, 0.000103, 0.000068, 0.000065
3641, 0.000103, 0.000079, 0.000076
3642, 0.000103, 0.000070, 0.000066
3643, 0.000104, 0.000075, 0.000071
3644, 0.000103, 0.000076, 0.000073
3645, 0.000105, 0.000066, 0.000063
3646, 0.000103, 0.000081, 0.000077
3647, 0.000103, 0.000058, 0.000056
3648, 0.000105, 0.000093, 0.000088
3649, 0.000104, 0.000061, 0.000058
3650, 0.000105, 0.000082, 0.000078
3651, 0.000103, 0.000078, 0.000074
3652, 0.000103, 0.000060, 0.000057
3653, 0.000105, 0.000096, 0.000091
3654, 0.000106, 0.000056, 0.000053
3655, 0.000106, 0.000089, 0.000085
3656, 0.000105, 0.000061, 0.000059
3657, 0.000104, 0.000084, 0.000080
3658, 0.000104, 0.000067, 0.000063
3659, 0.000103, 0.000079, 0.000075
3660, 0.000102, 0.000075, 0.000070
3661, 0.000102, 0.000060, 0.000057
3662, 0.000106, 0.000114, 0.000109
3663, 0.000112, 0.000049, 0.000048
3664, 0.000116, 0.000131, 0.000125
3665, 0.000118, 0.000052, 0.000051
3666, 0.000118, 0.000119, 0.000111
3667, 0.000114, 0.000059, 0.000055
3668, 0.000108, 0.000088, 0.000082
3669, 0.000104, 0.000071, 0.000067
3670, 0.000102, 0.000062, 0.000058
3671, 0.000103, 0.000099, 0.000095
3672, 0.000107, 0.000055, 0.000053
3673, 0.000111, 0.000109, 0.000104
3674, 0.000110, 0.000056, 0.000053
3675, 0.000107, 0.000079, 0.000074
3676, 0.000102, 0.000074, 0.000069
3677, 0.000101, 0.000059, 0.000056
3678, 0.000103, 0.000104, 0.000099
3679, 0.000109, 0.000051, 0.000049
3680, 0.000115, 0.000141, 0.000136
3681, 0.000122, 0.000051, 0.000050
3682, 0.000120, 0.000118, 0.000115
3683, 0.000111, 0.000061, 0.000059
3684, 0.000102, 0.000057, 0.000055
3685, 0.000102, 0.000114, 0.000110
3686, 0.000112, 0.000050, 0.000048
3687, 0.000115, 0.000115, 0.000111
3688, 0.000110, 0.000054, 0.000052
3689, 0.000105, 0.000078, 0.000075
3690, 0.000101, 0.000071, 0.000067
3691, 0.000101, 0.000060, 0.000057
3692, 0.000101, 0.000087, 0.000082
3693, 0.000102, 0.000061, 0.000058
3694, 0.000102, 0.000070, 0.000066
3695, 0.000102, 0.000083, 0.000078
3696, 0.000101, 0.000059, 0.000056
3697, 0.000103, 0.000078, 0.000074
3698, 0.000102, 0.000070, 0.000067
3699, 0.000101, 0.000065, 0.000061
3700, 0.000100, 0.000071, 0.000068
3701, 0.000101, 0.000066, 0.000064
3702, 0.000100, 0.000075, 0.000073
3703, 0.000101, 0.000063, 0.000061
3704, 0.000101, 0.000076, 0.000075
3705, 0.000101, 0.000067, 0.000065
3706, 0.000099, 0.000063, 0.000059
3707, 0.000101, 0.000077, 0.000072
3708, 0.000099, 0.000064, 0.000060
3709, 0.000101, 0.000073, 0.000069
3710, 0.000100, 0.000074, 0.000070
3711, 0.000099, 0.000058, 0.000056
3712, 0.000102, 0.000097, 0.000092
3713, 0.000105, 0.000051, 0.000049
3714, 0.000110, 0.000121, 0.000115
3715, 0.000111, 0.000052, 0.000049
3716, 0.000109, 0.000101, 0.000096
3717, 0.000104, 0.000059, 0.000056
3718, 0.000100, 0.000063, 0.000061
3719, 0.000100, 0.000094, 0.000090
3720, 0.000102, 0.000052, 0.000050
3721, 0.000107, 0.000105, 0.000100
3722, 0.000106, 0.000057, 0.000055
3723, 0.000101, 0.000067, 0.000064
3724, 0.000100, 0.000092, 0.000087
3725, 0.000103, 0.000051, 0.000049
3726, 0.000108, 0.000109, 0.000103
3727, 0.000107, 0.000052, 0.000050
3728, 0.000106, 0.000081, 0.000077
3729, 0.000100, 0.000075, 0.000071
3730, 0.000099, 0.000053, 0.000051
3731, 0.000102, 0.000105, 0.000100
3732, 0.000107, 0.000051, 0.000049
3733, 0.000110, 0.000102, 0.000096
3734, 0.000105, 0.000059, 0.000056
3735, 0.000099, 0.000065, 0.000061
3736, 0.000099, 0.000094, 0.000088
3737, 0.000103, 0.000053, 0.000051
3738, 0.000105, 0.000100, 0.000094
3739, 0.000104, 0.000055, 0.000052
3740, 0.000102, 0.000085, 0.000081
3741, 0.000101, 0.000056, 0.000054
3742, 0.000098, 0.000074, 0.000071
3743, 0.000098, 0.000065, 0.000062
3744, 0.000098, 0.000060, 0.000056
3745, 0.000097, 0.000082, 0.000077
3746, 0.000100, 0.000056, 0.000053
3747, 0.000101, 0.000084, 0.000079
3748, 0.000100, 0.000060, 0.000057
3749, 0.000099, 0.000076, 0.000073
3750, 0.000099, 0.000063, 0.000060
3751, 0.000098, 0.000071, 0.000067
3752, 0.000098, 0.000070, 0.000066
3753, 0.000097, 0.000066, 0.000063
3754, 0.000099, 0.000069, 0.000065
3755, 0.000098, 0.000072, 0.000068
3756, 0.000098, 0.000057, 0.000055
3757, 0.000100, 0.000095, 0.000090
3758, 0.000102, 0.000053, 0.000051
3759, 0.000106, 0.000115, 0.000112
3760, 0.000111, 0.000052, 0.000050
3761, 0.000103, 0.000083, 0.000078
3762, 0.000099, 0.000069, 0.000066
3763, 0.000099, 0.000055, 0.000052
3764, 0.000099, 0.000107, 0.000101
3765, 0.000106, 0.000055, 0.000054
3766, 0.000112, 0.000112, 0.000106
3767, 0.000107, 0.000059, 0.000055
3768, 0.000111, 0.000086, 0.000082
3769, 0.000101, 0.000063, 0.000061
3770, 0.000098, 0.000064, 0.000059
3771, 0.000101, 0.000091, 0.000087
3772, 0.000102, 0.000053, 0.000051
3773, 0.000106, 0.000093, 0.000088
3774, 0.000102, 0.000059, 0.000056
3775, 0.000099, 0.000064, 0.000062
3776, 0.000099, 0.000085, 0.000082
3777, 0.000100, 0.000051, 0.000050
3778, 0.000104, 0.000105, 0.000100
3779, 0.000106, 0.000053, 0.000050
3780, 0.000101, 0.000075, 0.000070
3781, 0.000097, 0.000071, 0.000066
3782, 0.000096, 0.000056, 0.000053
3783, 0.000098, 0.000084, 0.000080
3784, 0.000099, 0.000058, 0.000056
3785, 0.000097, 0.000063, 0.000060
3786, 0.000096, 0.000075, 0.000072
3787, 0.000097, 0.000055, 0.000053
3788, 0.000098, 0.000081, 0.000077
3789, 0.000098, 0.000057, 0.000055
3790, 0.000097, 0.000066, 0.000063
3791, 0.000096, 0.000076, 0.000073
3792, 0.000098, 0.000051, 0.000049
3793, 0.000104, 0.000126, 0.000120
3794, 0.000112, 0.000050, 0.000049
3795, 0.000109, 0.000094, 0.000088
3796, 0.000101, 0.000060, 0.000057
3797, 0.000096, 0.000057, 0.000054
3798, 0.000097, 0.000078, 0.000074
3799, 0.000098, 0.000056, 0.000054
3800, 0.000097, 0.000071, 0.000068
3801, 0.000096, 0.000068, 0.000065
3802, 0.000095, 0.000055, 0.000053
3803, 0.000097, 0.000078, 0.000075
3804, 0.000096, 0.000059, 0.000057
3805, 0.000097, 0.000068, 0.000066
3806, 0.000096, 0.000066, 0.000064
3807, 0.000095, 0.000057, 0.000054
3808, 0.000097, 0.000075, 0.000071
3809, 0.000097, 0.000057, 0.000054
3810, 0.000096, 0.000076, 0.000071
3811, 0.000095, 0.000057, 0.000054
3812, 0.000096, 0.000079, 0.000075
3813, 0.000096, 0.000054, 0.000051
3814, 0.000098, 0.000079, 0.000075
3815, 0.000096, 0.000063, 0.000060
3816, 0.000094, 0.000057, 0.000054
3817, 0.000095, 0.000088, 0.000083
3818, 0.000098, 0.000053, 0.000051
3819, 0.000098, 0.000079, 0.000075
3820, 0.000096, 0.000055, 0.000053
3821, 0.000094, 0.000063, 0.000060
3822, 0.000094, 0.000069, 0.000066
3823, 0.000095, 0.000058, 0.000054
3824, 0.000094, 0.000071, 0.000066
3825, 0.000093, 0.000061, 0.000057
3826, 0.000095, 0.000075, 0.000070
3827, 0.000094, 0.000054, 0.000051
3828, 0.000096, 0.000083, 0.000079
3829, 0.000097, 0.000053, 0.000051
3830, 0.000096, 0.000075, 0.000071
3831, 0.000095, 0.000063, 0.000061
3832, 0.000095, 0.000065, 0.000061
3833, 0.000093, 0.000076, 0.000071
3834, 0.000094, 0.000055, 0.000053
3835, 0.000099, 0.000085, 0.000081
3836, 0.000098, 0.000056, 0.000053
3837, 0.000097, 0.000070, 0.000067
3838, 0.000094, 0.000062, 0.000059
3839, 0.000094, 0.000067, 0.000063
3840, 0.000094, 0.000071, 0.000067
3841, 0.000094, 0.000056, 0.000053
3842, 0.000094, 0.000076, 0.000072
3843, 0.000095, 0.000060, 0.000056
3844, 0.000094, 0.000068, 0.000065
3845, 0.000094, 0.000063, 0.000060
3846, 0.000094, 0.000069, 0.000066
3847, 0.000094, 0.000058, 0.000056
3848, 0.000094, 0.000068, 0.000065
3849, 0.000093, 0.000061, 0.000059
3850, 0.000094, 0.000069, 0.000067
3851, 0.000094, 0.000052, 0.000051
3852, 0.000095, 0.000089, 0.000084
3853, 0.000097, 0.000051, 0.000049
3854, 0.000099, 0.000086, 0.000082
3855, 0.000098, 0.000054, 0.000051
3856, 0.000096, 0.000074, 0.000070
3857, 0.000093, 0.000063, 0.000061
3858, 0.000092, 0.000058, 0.000056
3859, 0.000094, 0.000085, 0.000081
3860, 0.000096, 0.000055, 0.000054
3861, 0.000101, 0.000091, 0.000086
3862, 0.000097, 0.000055, 0.000052
3863, 0.000097, 0.000067, 0.000065
3864, 0.000095, 0.000072, 0.000068
3865, 0.000092, 0.000057, 0.000054
3866, 0.000095, 0.000080, 0.000076
3867, 0.000095, 0.000055, 0.000053
3868, 0.000093, 0.000065, 0.000060
3869, 0.000093, 0.000077, 0.000072
3870, 0.000094, 0.000050, 0.000049
3871, 0.000102, 0.000115, 0.000109
3872, 0.000107, 0.000053, 0.000051
3873, 0.000112, 0.000123, 0.000117
3874, 0.000111, 0.000050, 0.000048
3875, 0.000105, 0.000090, 0.000084
3876, 0.000097, 0.000058, 0.000055
3877, 0.000093, 0.000057, 0.000054
3878, 0.000093, 0.000095, 0.000089
3879, 0.000098, 0.000050, 0.000048
3880, 0.000100, 0.000089, 0.000084
3881, 0.000097, 0.000053, 0.000050
3882, 0.000094, 0.000065, 0.000062
3883, 0.000092, 0.000067, 0.000065
3884, 0.000092, 0.000052, 0.000050
3885, 0.000093, 0.000078, 0.000075
3886, 0.000093, 0.000056, 0.000055
3887, 0.000092, 0.000062, 0.000059
3888, 0.000091, 0.000075, 0.000070
3889, 0.000094, 0.000052, 0.000049
3890, 0.000094, 0.000082, 0.000076
3891, 0.000093, 0.000058, 0.000054
3892, 0.000092, 0.000060, 0.000057
3893, 0.000091, 0.000067, 0.000065
3894, 0.000092, 0.000057, 0.000055
3895, 0.000092, 0.000071, 0.000069
3896, 0.000091, 0.000056, 0.000054
3897, 0.000092, 0.000069, 0.000065
3898, 0.000092, 0.000055, 0.000052
3899, 0.000092, 0.000073, 0.000069
3900, 0.000092, 0.000056, 0.000053
3901, 0.000092, 0.000073, 0.000069
3902, 0.000090, 0.000056, 0.000053
3903, 0.000091, 0.000067, 0.000063
3904, 0.000091, 0.000057, 0.000054
3905, 0.000089, 0.000067, 0.000064
3906, 0.000090, 0.000060, 0.000057
3907, 0.000091, 0.000058, 0.000055
3908, 0.000090, 0.000074, 0.000069
3909, 0.000092, 0.000054, 0.000051
3910, 0.000093, 0.000074, 0.000069
3911, 0.000092, 0.000057, 0.000054
3912, 0.000090, 0.000061, 0.000058
3913, 0.000090, 0.000067, 0.000063
3914, 0.000090, 0.000059, 0.000056
3915, 0.000090, 0.000064, 0.000061
3916, 0.000089, 0.000055, 0.000052
3917, 0.000091, 0.000070, 0.000066
3918, 0.000092, 0.000054, 0.000051
3919, 0.000091, 0.000076, 0.000071
3920, 0.000091, 0.000056, 0.000053
3921, 0.000091, 0.000073, 0.000069
3922, 0.000091, 0.000052, 0.000050
3923, 0.000093, 0.000079, 0.000075
3924, 0.000093, 0.000049, 0.000046
3925, 0.000093, 0.000075, 0.000071
3926, 0.000092, 0.000054, 0.000050
3927, 0.000090, 0.000064, 0.000060
3928, 0.000089, 0.000063, 0.000058
3929, 0.000089, 0.000061, 0.000057
3930, 0.000090, 0.000067, 0.000063
3931, 0.000090, 0.000061, 0.000057
3932, 0.000089, 0.000060, 0.000056
3933, 0.000089, 0.000079, 0.000075
3934, 0.000092, 0.000049, 0.000047
3935, 0.000099, 0.000114, 0.000109
3936, 0.000107, 0.000055, 0.000054
3937, 0.000112, 0.000124, 0.000119
3938, 0.000111, 0.000052, 0.000050
3939, 0.000102, 0.000082, 0.000079
3940, 0.000093, 0.000060, 0.000057
3941, 0.000089, 0.000050, 0.000047
3942, 0.000094, 0.000106, 0.000102
3943, 0.000103, 0.000052, 0.000050
3944, 0.000107, 0.000110, 0.000103
3945, 0.000103, 0.000050, 0.000048
3946, 0.000096, 0.000071, 0.000066
3947, 0.000090, 0.000061, 0.000058
3948, 0.000088, 0.000050, 0.000048
3949, 0.000094, 0.000098, 0.000094
3950, 0.000102, 0.000051, 0.000050
3951, 0.000105, 0.000108, 0.000103
3952, 0.000103, 0.000051, 0.000049
3953, 0.000095, 0.000063, 0.000058
3954, 0.000089, 0.000066, 0.000061
3955, 0.000089, 0.000050, 0.000048
3956, 0.000093, 0.000089, 0.000085
3957, 0.000096, 0.000050, 0.000049
3958, 0.000096, 0.000073, 0.000070
3959, 0.000091, 0.000058, 0.000056
3960, 0.000088, 0.000049, 0.000047
3961, 0.000091, 0.000084, 0.000080
3962, 0.000094, 0.000050, 0.000048
3963, 0.000095, 0.000074, 0.000070
3964, 0.000091, 0.000056, 0.000053
3965, 0.000088, 0.000052, 0.000051
3966, 0.000089, 0.000083, 0.000079
3967, 0.000095, 0.000050, 0.000048
3968, 0.000098, 0.000093, 0.000087
3969, 0.000098, 0.000051, 0.000048
3970, 0.000092, 0.000057, 0.000054
3971, 0.000089, 0.000076, 0.000071
3972, 0.000092, 0.000049, 0.000047
3973, 0.000097, 0.000088, 0.000084
3974, 0.000095, 0.000050, 0.000048
3975, 0.000091, 0.000059, 0.000057
3976, 0.000089, 0.000067, 0.000064
3977, 0.000090, 0.000051, 0.000049
3978, 0.000091, 0.000087, 0.000083
3979, 0.000096, 0.000050, 0.000049
3980, 0.000098, 0.000081, 0.000077
3981, 0.000094, 0.000052, 0.000049
3982, 0.000087, 0.000051, 0.000048
3983, 0.000088, 0.000087, 0.000082
3984, 0.000097, 0.000051, 0.000049
3985, 0.000102, 0.000094, 0.000089
3986, 0.000097, 0.000052, 0.000050
3987, 0.000088, 0.000053, 0.000050
3988, 0.000089, 0.000085, 0.000081
3989, 0.000094, 0.000050, 0.000049
3990, 0.000097, 0.000081, 0.000077
3991, 0.000091, 0.000054, 0.000053
3992, 0.000087, 0.000049, 0.000047
3993, 0.000089, 0.000083, 0.000080
3994, 0.000095, 0.000050, 0.000048
3995, 0.000094, 0.000076, 0.000072
3996, 0.000090, 0.000056, 0.000054
3997, 0.000087, 0.000054, 0.000052
3998, 0.000087, 0.000070, 0.000068
3999, 0.000088, 0.000050, 0.000049
4000, 0.000088, 0.000058, 0.000055
4001, 0.000086, 0.000062, 0.000059
4002, 0.000086, 0.000049, 0.000047
4003, 0.000089, 0.000069, 0.000065
4004, 0.000090, 0.000052, 0.000050
4005, 0.000088, 0.000058, 0.000056
4006, 0.000085, 0.000069, 0.000066
4007, 0.000088, 0.000050, 0.000049
4008, 0.000090, 0.000076, 0.000075
4009, 0.000091, 0.000050, 0.000049
4010, 0.000089, 0.000065, 0.000063
4011, 0.000087, 0.000055, 0.000053
4012, 0.000087, 0.000051, 0.000048
4013, 0.000087, 0.000070, 0.000065
4014, 0.000088, 0.000049, 0.000048
4015, 0.000089, 0.000064, 0.000061
4016, 0.000087, 0.000057, 0.000055
4017, 0.000086, 0.000052, 0.000051
4018, 0.000087, 0.000073, 0.000071
4019, 0.000089, 0.000049, 0.000047
4020, 0.000092, 0.000074, 0.000071
4021, 0.000091, 0.000049, 0.000047
4022, 0.000088, 0.000060, 0.000057
4023, 0.000086, 0.000058, 0.000055
4024, 0.000086, 0.000051, 0.000050
4025, 0.000086, 0.000068, 0.000065
4026, 0.000087, 0.000054, 0.000052
4027, 0.000086, 0.000059, 0.000057
4028, 0.000085, 0.000059, 0.000057
4029, 0.000086, 0.000053, 0.000051
4030, 0.000087, 0.000065, 0.000062
4031, 0.000086, 0.000053, 0.000051
4032, 0.000085, 0.000055, 0.000053
4033, 0.000086, 0.000067, 0.000065
4034, 0.000088, 0.000050, 0.000048
4035, 0.000090, 0.000082, 0.000077
4036, 0.000093, 0.000049, 0.000048
4037, 0.000093, 0.000069, 0.000065
4038, 0.000087, 0.000057, 0.000053
4039, 0.000086, 0.000049, 0.000047
4040, 0.000088, 0.000078, 0.000073
4041, 0.000091, 0.000050, 0.000047
4042, 0.000088, 0.000059, 0.000055
4043, 0.000085, 0.000066, 0.000063
4044, 0.000087, 0.000048, 0.000047
4045, 0.000092, 0.000082, 0.000079
4046, 0.000093, 0.000050, 0.000049
4047, 0.000093, 0.000077, 0.000074
4048, 0.000089, 0.000052, 0.000050
4049, 0.000087, 0.000054, 0.000051
4050, 0.000085, 0.000077, 0.000074
4051, 0.000091, 0.000050, 0.000049
4052, 0.000097, 0.000093, 0.000088
4053, 0.000098, 0.000048, 0.000046
4054, 0.000094, 0.000067, 0.000064
4055, 0.000086, 0.000056, 0.000053
4056, 0.000086, 0.000051, 0.000049
4057, 0.000086, 0.000065, 0.000062
4058, 0.000086, 0.000052, 0.000049
4059, 0.000085, 0.000054, 0.000052
4060, 0.000084, 0.000054, 0.000053
4061, 0.000083, 0.000058, 0.000055
4062, 0.000084, 0.000053, 0.000051
4063, 0.000084, 0.000058, 0.000055
4064, 0.000085, 0.000053, 0.000050
4065, 0.000084, 0.000056, 0.000054
4066, 0.000084, 0.000055, 0.000053
4067, 0.000085, 0.000057, 0.000054
4068, 0.000084, 0.000057, 0.000054
4069, 0.000084, 0.000054, 0.000052
4070, 0.000084, 0.000060, 0.000056
4071, 0.000086, 0.000056, 0.000054
4072, 0.000084, 0.000053, 0.000051
4073, 0.000084, 0.000057, 0.000054
4074, 0.000085, 0.000053, 0.000052
4075, 0.000084, 0.000056, 0.000054
4076, 0.000083, 0.000054, 0.000051
4077, 0.000084, 0.000060, 0.000057
4078, 0.000084, 0.000052, 0.000049
4079, 0.000084, 0.000063, 0.000060
4080, 0.000085, 0.000051, 0.000049
4081, 0.000085, 0.000059, 0.000057
4082, 0.000085, 0.000050, 0.000049
4083, 0.000083, 0.000056, 0.000054
4084, 0.000083, 0.000054, 0.000053
4085, 0.000083, 0.000054, 0.000052
4086, 0.000083, 0.000058, 0.000055
4087, 0.000083, 0.000051, 0.000049
4088, 0.000083, 0.000055, 0.000052
4089, 0.000084, 0.000064, 0.000060
4090, 0.000085, 0.000050, 0.000047
4091, 0.000086, 0.000073, 0.000069
4092, 0.000087, 0.000048, 0.000047
4093, 0.000087, 0.000062, 0.000059
4094, 0.000083, 0.000053, 0.000051
4095, 0.000083, 0.000051, 0.000049
4096, 0.000083, 0.000057, 0.000054
4097, 0.000083, 0.000052, 0.000050
4098, 0.000083, 0.000056, 0.000054
4099, 0.000082, 0.000061, 0.000058
4100, 0.000082, 0.000051, 0.000049
4101, 0.000084, 0.000069, 0.000066
4102, 0.000085, 0.000050, 0.000048
4103, 0.000085, 0.000067, 0.000064
4104, 0.000085, 0.000050, 0.000049
4105, 0.000084, 0.000062, 0.000059
4106, 0.000084, 0.000050, 0.000048
4107, 0.000083, 0.000057, 0.000055
4108, 0.000083, 0.000055, 0.000053
4109, 0.000083, 0.000055, 0.000053
4110, 0.000082, 0.000056, 0.000053
4111, 0.000083, 0.000057, 0.000053
4112, 0.000083, 0.000054, 0.000051
4113, 0.000082, 0.000059, 0.000056
4114, 0.000082, 0.000054, 0.000052
4115, 0.000083, 0.000057, 0.000056
4116, 0.000083, 0.000049, 0.000047
4117, 0.000083, 0.000063, 0.000060
4118, 0.000084, 0.000050, 0.000048
4119, 0.000086, 0.000069, 0.000066
4120, 0.000085, 0.000048, 0.000047
4121, 0.000085, 0.000067, 0.000064
4122, 0.000083, 0.000049, 0.000047
4123, 0.000084, 0.000060, 0.000057
4124, 0.000082, 0.000056, 0.000053
4125, 0.000082, 0.000052, 0.000050
4126, 0.000084, 0.000074, 0.000069
4127, 0.000087, 0.000050, 0.000049
4128, 0.000090, 0.000082, 0.000078
4129, 0.000091, 0.000049, 0.000049
4130, 0.000090, 0.000072, 0.000070
4131, 0.000087, 0.000050, 0.000050
4132, 0.000083, 0.000056, 0.000055
4133, 0.000082, 0.000067, 0.000064
4134, 0.000084, 0.000049, 0.000049
4135, 0.000088, 0.000082, 0.000078
4136, 0.000090, 0.000050, 0.000049
4137, 0.000091, 0.000081, 0.000078
4138, 0.000090, 0.000049, 0.000047
4139, 0.000085, 0.000062, 0.000059
4140, 0.000082, 0.000055, 0.000052
4141, 0.000081, 0.000050, 0.000047
4142, 0.000082, 0.000067, 0.000063
4143, 0.000085, 0.000048, 0.000047
4144, 0.000087, 0.000076, 0.000073
4145, 0.000088, 0.000048, 0.000047
4146, 0.000087, 0.000065, 0.000062
4147, 0.000084, 0.000050, 0.000048
4148, 0.000082, 0.000057, 0.000054
4149, 0.000082, 0.000060, 0.000057
4150, 0.000081, 0.000050, 0.000047
4151, 0.000084, 0.000076, 0.000071
4152, 0.000086, 0.000050, 0.000049
4153, 0.000088, 0.000072, 0.000069
4154, 0.000087, 0.000048, 0.000047
4155, 0.000083, 0.000057, 0.000055
4156, 0.000081, 0.000057, 0.000055
4157, 0.000081, 0.000049, 0.000048
4158, 0.000085, 0.000075, 0.000073
4159, 0.000088, 0.000049, 0.000048
4160, 0.000086, 0.000067, 0.000064
4161, 0.000084, 0.000051, 0.000049
4162, 0.000081, 0.000051, 0.000049
4163, 0.000081, 0.000073, 0.000069
4164, 0.000086, 0.000052, 0.000052
4165, 0.000093, 0.000098, 0.000093
4166, 0.000098, 0.000052, 0.000052
4167, 0.000095, 0.000077, 0.000072
4168, 0.000087, 0.000049, 0.000047
4169, 0.000081, 0.000050, 0.000047
4170, 0.000082, 0.000074, 0.000069
4171, 0.000087, 0.000052, 0.000051
4172, 0.000093, 0.000090, 0.000084
4173, 0.000093, 0.000049, 0.000048
4174, 0.000087, 0.000060, 0.000057
4175, 0.000081, 0.000055, 0.000052
4176, 0.000080, 0.000049, 0.000048
4177, 0.000083, 0.000064, 0.000062
4178, 0.000083, 0.000048, 0.000046
4179, 0.000084, 0.000066, 0.000063
4180, 0.000083, 0.000049, 0.000048
4181, 0.000082, 0.000058, 0.000057
4182, 0.000081, 0.000052, 0.000051
4183, 0.000080, 0.000050, 0.000050
4184, 0.000080, 0.000053, 0.000051
4185, 0.000079, 0.000053, 0.000050
4186, 0.000080, 0.000051, 0.000048
4187, 0.000080, 0.000057, 0.000054
4188, 0.000081, 0.000050, 0.000048
4189, 0.000081, 0.000059, 0.000057
4190, 0.000080, 0.000048, 0.000048
4191, 0.000079, 0.000054, 0.000054
4192, 0.000080, 0.000051, 0.000050
4193, 0.000080, 0.000051, 0.000050
4194, 0.000079, 0.000057, 0.000055
4195, 0.000079, 0.000050, 0.000048
4196, 0.000081, 0.000061, 0.000059
4197, 0.000081, 0.000049, 0.000048
4198, 0.000080, 0.000054, 0.000052
4199, 0.000078, 0.000054, 0.000053
4200, 0.000080, 0.000048, 0.000047
4201, 0.000081, 0.000072, 0.000070
4202, 0.000085, 0.000049, 0.000048
4203, 0.000087, 0.000069, 0.000066
4204, 0.000086, 0.000049, 0.000047
4205, 0.000084, 0.000055, 0.000052
4206, 0.000080, 0.000057, 0.000054
4207, 0.000080, 0.000048, 0.000047
4208, 0.000082, 0.000065, 0.000062
4209, 0.000082, 0.000050, 0.000048
4210, 0.000081, 0.000060, 0.000058
4211, 0.000079, 0.000051, 0.000049
4212, 0.000078, 0.000050, 0.000048
4213, 0.000080, 0.000059, 0.000056
4214, 0.000080, 0.000049, 0.000048
4215, 0.000081, 0.000060, 0.000057
4216, 0.000081, 0.000049, 0.000048
4217, 0.000078, 0.000054, 0.000052
4218, 0.000080, 0.000054, 0.000052
4219, 0.000079, 0.000049, 0.000048
4220, 0.000080, 0.000062, 0.000060
4221, 0.000081, 0.000049, 0.000048
4222, 0.000081, 0.000060, 0.000057
4223, 0.000080, 0.000050, 0.000049
4224, 0.000080, 0.000053, 0.000051
4225, 0.000079, 0.000057, 0.000055
4226, 0.000081, 0.000050, 0.000049
4227, 0.000080, 0.000066, 0.000063
4228, 0.000082, 0.000050, 0.000049
4229, 0.000083, 0.000066, 0.000064
4230, 0.000082, 0.000048, 0.000047
4231, 0.000080, 0.000061, 0.000057
4232, 0.000080, 0.000049, 0.000048
4233, 0.000079, 0.000052, 0.000051
4234, 0.000078, 0.000059, 0.000057
4235, 0.000079, 0.000047, 0.000047
4236, 0.000080, 0.000061, 0.000059
4237, 0.000080, 0.000050, 0.000049
4238, 0.000078, 0.000051, 0.000050
4239, 0.000080, 0.000063, 0.000060
4240, 0.000079, 0.000049, 0.000048
4241, 0.000079, 0.000058, 0.000056
4242, 0.000079, 0.000051, 0.000048
4243, 0.000077, 0.000051, 0.000048
4244, 0.000079, 0.000059, 0.000056
4245, 0.000079, 0.000049, 0.000048
4246, 0.000079, 0.000061, 0.000059
4247, 0.000080, 0.000048, 0.000048
4248, 0.000078, 0.000051, 0.000050
4249, 0.000078, 0.000052, 0.000050
4250, 0.000078, 0.000053, 0.000051
4251, 0.000079, 0.000054, 0.000051
4252, 0.000078, 0.000057, 0.000053
4253, 0.000079, 0.000059, 0.000056
4254, 0.000080, 0.000049, 0.000049
4255, 0.000080, 0.000069, 0.000066
4256, 0.000082, 0.000048, 0.000048
4257, 0.000082, 0.000067, 0.000064
4258, 0.000081, 0.000049, 0.000047
4259, 0.000080, 0.000056, 0.000053
4260, 0.000078, 0.000052, 0.000050
4261, 0.000077, 0.000054, 0.000052
4262, 0.000078, 0.000053, 0.000053
4263, 0.000078, 0.000052, 0.000051
4264, 0.000076, 0.000052, 0.000050
4265, 0.000079, 0.000057, 0.000055
4266, 0.000080, 0.000051, 0.000048
4267, 0.000077, 0.000055, 0.000051
4268, 0.000078, 0.000055, 0.000053
4269, 0.000079, 0.000053, 0.000052
4270, 0.000079, 0.000053, 0.000052
4271, 0.000078, 0.000055, 0.000055
4272, 0.000078, 0.000049, 0.000048
4273, 0.000077, 0.000058, 0.000055
4274, 0.000079, 0.000049, 0.000047
4275, 0.000079, 0.000061, 0.000058
4276, 0.000078, 0.000050, 0.000048
4277, 0.000079, 0.000064, 0.000061
4278, 0.000079, 0.000049, 0.000049
4279, 0.000080, 0.000067, 0.000064
4280, 0.000080, 0.000049, 0.000049
4281, 0.000080, 0.000065, 0.000064
4282, 0.000081, 0.000049, 0.000048
4283, 0.000079, 0.000055, 0.000054
4284, 0.000077, 0.000051, 0.000050
4285, 0.000078, 0.000053, 0.000052
4286, 0.000077, 0.000055, 0.000053
4287, 0.000076, 0.000052, 0.000050
4288, 0.000078, 0.000059, 0.000056
4289, 0.000077, 0.000049, 0.000047
4290, 0.000077, 0.000057, 0.000053
4291, 0.000078, 0.000049, 0.000046
4292, 0.000078, 0.000054, 0.000051
4293, 0.000077, 0.000050, 0.000048
4294, 0.000077, 0.000055, 0.000053
4295, 0.000076, 0.000050, 0.000049
4296, 0.000077, 0.000061, 0.000058
4297, 0.000078, 0.000050, 0.000048
4298, 0.000077, 0.000057, 0.000055
4299, 0.000078, 0.000050, 0.000048
4300, 0.000077, 0.000057, 0.000055
4301, 0.000077, 0.000048, 0.000047
4302, 0.000079, 0.000068, 0.000065
4303, 0.000081, 0.000050, 0.000049
4304, 0.000086, 0.000086, 0.000083
4305, 0.000090, 0.000055, 0.000055
4306, 0.000090, 0.000083, 0.000078
4307, 0.000089, 0.000051, 0.000050
4308, 0.000084, 0.000071, 0.000066
4309, 0.000082, 0.000050, 0.000048
4310, 0.000078, 0.000053, 0.000051
4311, 0.000076, 0.000059, 0.000058
4312, 0.000079, 0.000050, 0.000050
4313, 0.000084, 0.000086, 0.000082
4314, 0.000091, 0.000060, 0.000059
4315, 0.000097, 0.000102, 0.000097
4316, 0.000104, 0.000067, 0.000068
4317, 0.000106, 0.000111, 0.000104
4318, 0.000105, 0.000058, 0.000059
4319, 0.000094, 0.000071, 0.000067
4320, 0.000082, 0.000051, 0.000048
4321, 0.000077, 0.000049, 0.000048
4322, 0.000082, 0.000093, 0.000086
4323, 0.000095, 0.000060, 0.000059
4324, 0.000097, 0.000077, 0.000072
4325, 0.000087, 0.000050, 0.000048
4326, 0.000077, 0.000050, 0.000050
4327, 0.000078, 0.000066, 0.000063
4328, 0.000080, 0.000050, 0.000050
4329, 0.000081, 0.000059, 0.000055
4330, 0.000079, 0.000049, 0.000047
4331, 0.000075, 0.000048, 0.000046
4332, 0.000077, 0.000066, 0.000063
4333, 0.000081, 0.000050, 0.000050
4334, 0.000082, 0.000065, 0.000063
4335, 0.000081, 0.000049, 0.000048
4336, 0.000077, 0.000053, 0.000050
4337, 0.000075, 0.000054, 0.000051
4338, 0.000076, 0.000049, 0.000047
4339, 0.000078, 0.000065, 0.000061
4340, 0.000079, 0.000047, 0.000046
4341, 0.000077, 0.000053, 0.000051
4342, 0.000075, 0.000051, 0.000049
4343, 0.000075, 0.000049, 0.000048
4344, 0.000076, 0.000058, 0.000054
4345, 0.000076, 0.000048, 0.000046
4346, 0.000077, 0.000056, 0.000052
4347, 0.000076, 0.000048, 0.000046
4348, 0.000077, 0.000055, 0.000053
4349, 0.000074, 0.000051, 0.000050
4350, 0.000075, 0.000050, 0.000049
4351, 0.000075, 0.000057, 0.000055
4352, 0.000076, 0.000047, 0.000047
4353, 0.000077, 0.000056, 0.000054
4354, 0.000078, 0.000049, 0.000047
4355, 0.000078, 0.000060, 0.000057
4356, 0.000078, 0.000049, 0.000047
4357, 0.000075, 0.000053, 0.000050
4358, 0.000076, 0.000058, 0.000055
4359, 0.000078, 0.000048, 0.000047
4360, 0.000077, 0.000061, 0.000059
4361, 0.000079, 0.000050, 0.000049
4362, 0.000079, 0.000056, 0.000054
4363, 0.000075, 0.000050, 0.000048
4364, 0.000074, 0.000048, 0.000046
4365, 0.000076, 0.000054, 0.000052
4366, 0.000075, 0.000048, 0.000047
4367, 0.000075, 0.000057, 0.000055
4368, 0.000077, 0.000049, 0.000048
4369, 0.000075, 0.000054, 0.000052
4370, 0.000074, 0.000050, 0.000048
4371, 0.000074, 0.000050, 0.000049
4372, 0.000075, 0.000055, 0.000052
4373, 0.000075, 0.000048, 0.000047
4374, 0.000076, 0.000057, 0.000054
4375, 0.000076, 0.000047, 0.000047
4376, 0.000076, 0.000055, 0.000052
4377, 0.000075, 0.000049, 0.000048
4378, 0.000073, 0.000048, 0.000047
4379, 0.000075, 0.000060, 0.000056
4380, 0.000076, 0.000049, 0.000048
4381, 0.000079, 0.000068, 0.000064
4382, 0.000081, 0.000049, 0.000048
4383, 0.000079, 0.000057, 0.000054
4384, 0.000076, 0.000050, 0.000050
4385, 0.000076, 0.000050, 0.000048
4386, 0.000074, 0.000063, 0.000058
4387, 0.000076, 0.000049, 0.000049
4388, 0.000077, 0.000056, 0.000054
4389, 0.000076, 0.000050, 0.000048
4390, 0.000076, 0.000048, 0.000047
4391, 0.000074, 0.000055, 0.000053
4392, 0.000075, 0.000050, 0.000048
4393, 0.000076, 0.000055, 0.000052
4394, 0.000075, 0.000049, 0.000048
4395, 0.000076, 0.000052, 0.000049
4396, 0.000074, 0.000052, 0.000049
4397, 0.000074, 0.000049, 0.000048
4398, 0.000076, 0.000057, 0.000055
4399, 0.000076, 0.000051, 0.000050
4400, 0.000078, 0.000056, 0.000055
4401, 0.000076, 0.000048, 0.000047
4402, 0.000073, 0.000051, 0.000048
4403, 0.000075, 0.000055, 0.000053
4404, 0.000076, 0.000049, 0.000048
4405, 0.000075, 0.000059, 0.000055
4406, 0.000075, 0.000049, 0.000047
4407, 0.000075, 0.000051, 0.000049
4408, 0.000073, 0.000054, 0.000051
4409, 0.000073, 0.000049, 0.000048
4410, 0.000075, 0.000063, 0.000061
4411, 0.000078, 0.000049, 0.000049
4412, 0.000076, 0.000053, 0.000051
4413, 0.000074, 0.000052, 0.000051
4414, 0.000074, 0.000048, 0.000047
4415, 0.000077, 0.000067, 0.000063
4416, 0.000081, 0.000052, 0.000052
4417, 0.000080, 0.000057, 0.000053
4418, 0.000074, 0.000058, 0.000054
4419, 0.000075, 0.000051, 0.000051
4420, 0.000079, 0.000074, 0.000072
4421, 0.000083, 0.000058, 0.000058
4422, 0.000086, 0.000064, 0.000062
4423, 0.000078, 0.000049, 0.000047
4424, 0.000073, 0.000052, 0.000050
4425, 0.000080, 0.000088, 0.000083
4426, 0.000095, 0.000071, 0.000072
4427, 0.000101, 0.000090, 0.000085
4428, 0.000092, 0.000049, 0.000049
4429, 0.000075, 0.000048, 0.000047
4430, 0.000074, 0.000074, 0.000070
4431, 0.000083, 0.000057, 0.000056
4432, 0.000086, 0.000067, 0.000063
4433, 0.000080, 0.000049, 0.000048
4434, 0.000075, 0.000048, 0.000047
4435, 0.000073, 0.000059, 0.000057
4436, 0.000077, 0.000052, 0.000053
4437, 0.000080, 0.000063, 0.000059
4438, 0.000079, 0.000049, 0.000046
4439, 0.000074, 0.000051, 0.000048
4440, 0.000073, 0.000056, 0.000052
4441, 0.000073, 0.000051, 0.000049
4442, 0.000080, 0.000071, 0.000067
4443, 0.000083, 0.000049, 0.000049
4444, 0.000078, 0.000052, 0.000050
4445, 0.000073, 0.000055, 0.000053
4446, 0.000074, 0.000051, 0.000051
4447, 0.000080, 0.000074, 0.000070
4448, 0.000085, 0.000053, 0.000053
4449, 0.000080, 0.000052, 0.000051
4450, 0.000072, 0.000053, 0.000051
4451, 0.000072, 0.000049, 0.000049
4452, 0.000075, 0.000058, 0.000055
4453, 0.000075, 0.000048, 0.000048
4454, 0.000074, 0.000051, 0.000048
4455, 0.000071, 0.000059, 0.000054
4456, 0.000074, 0.000050, 0.000049
4457, 0.000075, 0.000058, 0.000055
4458, 0.000074, 0.000049, 0.000048
4459, 0.000072, 0.000049, 0.000048
4460, 0.000072, 0.000054, 0.000052
4461, 0.000073, 0.000048, 0.000047
4462, 0.000072, 0.000053, 0.000050
4463, 0.000073, 0.000050, 0.000048
4464, 0.000072, 0.000050, 0.000049
4465, 0.000072, 0.000052, 0.000051
4466, 0.000072, 0.000050, 0.000050
4467, 0.000073, 0.000053, 0.000052
4468, 0.000072, 0.000047, 0.000046
4469, 0.000073, 0.000055, 0.000052
4470, 0.000074, 0.000046, 0.000044
4471, 0.000072, 0.000051, 0.000048
4472, 0.000073, 0.000049, 0.000047
4473, 0.000071, 0.000048, 0.000047
4474, 0.000072, 0.000058, 0.000055
4475, 0.000075, 0.000052, 0.000051
4476, 0.000078, 0.000064, 0.000061
4477, 0.000077, 0.000050, 0.000049
4478, 0.000073, 0.000051, 0.000049
4479, 0.000071, 0.000052, 0.000049
4480, 0.000072, 0.000047, 0.000046
4481, 0.000075, 0.000059, 0.000054
4482, 0.000074, 0.000049, 0.000047
4483, 0.000072, 0.000050, 0.000047
4484, 0.000071, 0.000055, 0.000051
4485, 0.000072, 0.000049, 0.000049
4486, 0.000075, 0.000059, 0.000057
4487, 0.000074, 0.000048, 0.000047
4488, 0.000072, 0.000048, 0.000047
4489, 0.000071, 0.000056, 0.000055
4490, 0.000073, 0.000049, 0.000048
4491, 0.000075, 0.000057, 0.000053
4492, 0.000072, 0.000049, 0.000047
4493, 0.000070, 0.000048, 0.000047
4494, 0.000072, 0.000063, 0.000059
4495, 0.000076, 0.000051, 0.000051
4496, 0.000077, 0.000060, 0.000058
4497, 0.000075, 0.000047, 0.000047
4498, 0.000073, 0.000047, 0.000047
4499, 0.000071, 0.000052, 0.000050
4500, 0.000071, 0.000049, 0.000047
4501, 0.000073, 0.000055, 0.000053
4502, 0.000073, 0.000049, 0.000047
4503, 0.000071, 0.000052, 0.000049
4504, 0.000071, 0.000052, 0.000049
4505, 0.000070, 0.000048, 0.000046
4506, 0.000071, 0.000051, 0.000048
4507, 0.000072, 0.000047, 0.000045
4508, 0.000070, 0.000051, 0.000049
4509, 0.000070, 0.000050, 0.000048
4510, 0.000072, 0.000054, 0.000051
4511, 0.000072, 0.000047, 0.000046
4512, 0.000070, 0.000050, 0.000048
4513, 0.000071, 0.000054, 0.000051
4514, 0.000073, 0.000049, 0.000048
4515, 0.000071, 0.000056, 0.000053
4516, 0.000071, 0.000050, 0.000049
4517, 0.000072, 0.000052, 0.000051
4518, 0.000071, 0.000047, 0.000046
4519, 0.000070, 0.000051, 0.000049
4520, 0.000071, 0.000051, 0.000049
4521, 0.000071, 0.000048, 0.000046
4522, 0.000071, 0.000059, 0.000055
4523, 0.000073, 0.000050, 0.000050
4524, 0.000074, 0.000055, 0.000053
4525, 0.000071, 0.000048, 0.000048
4526, 0.000070, 0.000050, 0.000049
4527, 0.000069, 0.000050, 0.000049
4528, 0.000069, 0.000048, 0.000047
4529, 0.000070, 0.000050, 0.000048
4530, 0.000070, 0.000050, 0.000048
4531, 0.000069, 0.000049, 0.000047
4532, 0.000072, 0.000060, 0.000057
4533, 0.000075, 0.000051, 0.000050
4534, 0.000074, 0.000057, 0.000054
4535, 0.000071, 0.000048, 0.000047
4536, 0.000069, 0.000049, 0.000048
4537, 0.000070, 0.000051, 0.000050
4538, 0.000071, 0.000047, 0.000047
4539, 0.000072, 0.000059, 0.000058
4540, 0.000074, 0.000049, 0.000049
4541, 0.000075, 0.000059, 0.000055
4542, 0.000072, 0.000048, 0.000046
4543, 0.000070, 0.000050, 0.000047
4544, 0.000070, 0.000055, 0.000051
4545, 0.000071, 0.000049, 0.000048
4546, 0.000071, 0.000051, 0.000049
4547, 0.000070, 0.000047, 0.000046
4548, 0.000069, 0.000048, 0.000048
4549, 0.000069, 0.000047, 0.000047
4550, 0.000069, 0.000054, 0.000052
4551, 0.000069, 0.000049, 0.000048
4552, 0.000070, 0.000052, 0.000050
4553, 0.000069, 0.000050, 0.000048
4554, 0.000069, 0.000047, 0.000047
4555, 0.000070, 0.000050, 0.000049
4556, 0.000069, 0.000050, 0.000048
4557, 0.000069, 0.000048, 0.000048
4558, 0.000068, 0.000049, 0.000048
4559, 0.000069, 0.000051, 0.000049
4560, 0.000069, 0.000050, 0.000049
4561, 0.000069, 0.000048, 0.000047
4562, 0.000070, 0.000055, 0.000051
4563, 0.000071, 0.000047, 0.000046
4564, 0.000070, 0.000049, 0.000047
4565, 0.000069, 0.000048, 0.000046
4566, 0.000069, 0.000048, 0.000046
4567, 0.000068, 0.000050, 0.000049
4568, 0.000069, 0.000053, 0.000052
4569, 0.000069, 0.000048, 0.000048
4570, 0.000070, 0.000056, 0.000054
4571, 0.000072, 0.000050, 0.000049
4572, 0.000074, 0.000067, 0.000064
4573, 0.000077, 0.000051, 0.000050
4574, 0.000075, 0.000061, 0.000058
4575, 0.000073, 0.000048, 0.000047
4576, 0.000071, 0.000050, 0.000049
4577, 0.000069, 0.000050, 0.000048
4578, 0.000070, 0.000048, 0.000047
4579, 0.000070, 0.000055, 0.000053
4580, 0.000071, 0.000050, 0.000048
4581, 0.000070, 0.000053, 0.000050
4582, 0.000069, 0.000046, 0.000046
4583, 0.000069, 0.000049, 0.000047
4584, 0.000069, 0.000049, 0.000048
4585, 0.000068, 0.000047, 0.000047
4586, 0.000068, 0.000052, 0.000051
4587, 0.000069, 0.000048, 0.000048
4588, 0.000068, 0.000051, 0.000050
4589, 0.000069, 0.000048, 0.000047
4590, 0.000069, 0.000053, 0.000052
4591, 0.000069, 0.000047, 0.000047
4592, 0.000068, 0.000050, 0.000048
4593, 0.000069, 0.000047, 0.000047
4594, 0.000068, 0.000048, 0.000048
4595, 0.000068, 0.000050, 0.000049
4596, 0.000068, 0.000050, 0.000048
4597, 0.000068, 0.000050, 0.000049
4598, 0.000070, 0.000053, 0.000050
4599, 0.000067, 0.000049, 0.000047
4600, 0.000068, 0.000050, 0.000049
4601, 0.000068, 0.000047, 0.000047
4602, 0.000069, 0.000051, 0.000051
4603, 0.000069, 0.000047, 0.000047
4604, 0.000069, 0.000056, 0.000056
4605, 0.000071, 0.000051, 0.000051
4606, 0.000072, 0.000062, 0.000059
4607, 0.000072, 0.000049, 0.000048
4608, 0.000069, 0.000050, 0.000048
4609, 0.000067, 0.000053, 0.000050
4610, 0.000068, 0.000048, 0.000047
4611, 0.000071, 0.000061, 0.000058
4612, 0.000073, 0.000051, 0.000051
4613, 0.000074, 0.000058, 0.000056
4614, 0.000070, 0.000049, 0.000048
4615, 0.000067, 0.000049, 0.000048
4616, 0.000068, 0.000057, 0.000055
4617, 0.000069, 0.000050, 0.000050
4618, 0.000074, 0.000062, 0.000058
4619, 0.000073, 0.000048, 0.000047
4620, 0.000071, 0.000053, 0.000050
4621, 0.000069, 0.000048, 0.000047
4622, 0.000067, 0.000052, 0.000049
4623, 0.000068, 0.000052, 0.000049
4624, 0.000068, 0.000048, 0.000047
4625, 0.000069, 0.000055, 0.000053
4626, 0.000068, 0.000049, 0.000049
4627, 0.000069, 0.000051, 0.000050
4628, 0.000068, 0.000048, 0.000048
4629, 0.000068, 0.000049, 0.000048
4630, 0.000068, 0.000052, 0.000050
4631, 0.000068, 0.000049, 0.000047
4632, 0.000068, 0.000054, 0.000051
4633, 0.000069, 0.000048, 0.000047
4634, 0.000068, 0.000056, 0.000053
4635, 0.000069, 0.000049, 0.000048
4636, 0.000070, 0.000055, 0.000053
4637, 0.000070, 0.000047, 0.000046
4638, 0.000067, 0.000048, 0.000046
4639, 0.000068, 0.000051, 0.000048
4640, 0.000067, 0.000048, 0.000046
4641, 0.000067, 0.000051, 0.000049
4642, 0.000067, 0.000049, 0.000047
4643, 0.000068, 0.000055, 0.000051
4644, 0.000068, 0.000048, 0.000046
4645, 0.000068, 0.000051, 0.000049
4646, 0.000068, 0.000048, 0.000047
4647, 0.000067, 0.000049, 0.000048
4648, 0.000067, 0.000050, 0.000049
4649, 0.000066, 0.000050, 0.000049
4650, 0.000067, 0.000055, 0.000052
4651, 0.000069, 0.000048, 0.000047
4652, 0.000068, 0.000052, 0.000050
4653, 0.000067, 0.000048, 0.000046
4654, 0.000066, 0.000048, 0.000046
4655, 0.000067, 0.000050, 0.000048
4656, 0.000067, 0.000049, 0.000048
4657, 0.000069, 0.000062, 0.000060
4658, 0.000072, 0.000054, 0.000055
4659, 0.000075, 0.000071, 0.000067
4660, 0.000077, 0.000052, 0.000052
4661, 0.000074, 0.000060, 0.000057
4662, 0.000072, 0.000048, 0.000046
4663, 0.000069, 0.000049, 0.000047
4664, 0.000066, 0.000051, 0.000050
4665, 0.000068, 0.000050, 0.000049
4666, 0.000067, 0.000054, 0.000053
4667, 0.000068, 0.000048, 0.000048
4668, 0.000068, 0.000053, 0.000051
4669, 0.000067, 0.000049, 0.000048
4670, 0.000068, 0.000053, 0.000051
4671, 0.000068, 0.000048, 0.000046
4672, 0.000066, 0.000050, 0.000048
4673, 0.000066, 0.000050, 0.000049
4674, 0.000068, 0.000048, 0.000048
4675, 0.000070, 0.000063, 0.000060
4676, 0.000073, 0.000051, 0.000052
4677, 0.000074, 0.000067, 0.000064
4678, 0.000075, 0.000052, 0.000052
4679, 0.000073, 0.000058, 0.000057
4680, 0.000071, 0.000048, 0.000049
4681, 0.000070, 0.000049, 0.000049
4682, 0.000065, 0.000048, 0.000047
4683, 0.000066, 0.000048, 0.000047
4684, 0.000068, 0.000053, 0.000050
4685, 0.000067, 0.000048, 0.000046
4686, 0.000068, 0.000052, 0.000050
4687, 0.000066, 0.000049, 0.000047
4688, 0.000065, 0.000048, 0.000047
4689, 0.000066, 0.000052, 0.000050
4690, 0.000067, 0.000048, 0.000048
4691, 0.000070, 0.000060, 0.000058
4692, 0.000072, 0.000054, 0.000054
4693, 0.000076, 0.000073, 0.000068
4694, 0.000078, 0.000054, 0.000054
4695, 0.000076, 0.000062, 0.000059
4696, 0.000071, 0.000050, 0.000049
4697, 0.000068, 0.000051, 0.000050
4698, 0.000065, 0.000050, 0.000050
4699, 0.000066, 0.000051, 0.000050
4700, 0.000068, 0.000057, 0.000055
4701, 0.000068, 0.000049, 0.000049
4702, 0.000067, 0.000055, 0.000052
4703, 0.000068, 0.000048, 0.000047
4704, 0.000067, 0.000056, 0.000053
4705, 0.000069, 0.000048, 0.000047
4706, 0.000068, 0.000050, 0.000048
4707, 0.000066, 0.000048, 0.000048
4708, 0.000066, 0.000048, 0.000048
4709, 0.000067, 0.000056, 0.000054
4710, 0.000068, 0.000048, 0.000048
4711, 0.000069, 0.000050, 0.000049
4712, 0.000067, 0.000048, 0.000046
4713, 0.000065, 0.000049, 0.000048
4714, 0.000065, 0.000050, 0.000048
4715, 0.000065, 0.000048, 0.000047
4716, 0.000065, 0.000051, 0.000050
4717, 0.000065, 0.000047, 0.000047
4718, 0.000065, 0.000049, 0.000048
4719, 0.000065, 0.000049, 0.000048
4720, 0.000065, 0.000049, 0.000048
4721, 0.000065, 0.000050, 0.000049
4722, 0.000065, 0.000049, 0.000048
4723, 0.000066, 0.000057, 0.000054
4724, 0.000067, 0.000050, 0.000049
4725, 0.000069, 0.000061, 0.000057
4726, 0.000070, 0.000049, 0.000048
4727, 0.000068, 0.000050, 0.000049
4728, 0.000065, 0.000047, 0.000046
4729, 0.000065, 0.000048, 0.000048
4730, 0.000068, 0.000063, 0.000061
4731, 0.000072, 0.000054, 0.000055
4732, 0.000073, 0.000065, 0.000062
4733, 0.000072, 0.000049, 0.000048
4734, 0.000067, 0.000048, 0.000046
4735, 0.000065, 0.000053, 0.000050
4736, 0.000065, 0.000049, 0.000049
4737, 0.000068, 0.000060, 0.000057
4738, 0.000069, 0.000049, 0.000049
4739, 0.000067, 0.000050, 0.000049
4740, 0.000065, 0.000051, 0.000050
4741, 0.000065, 0.000048, 0.000048
4742, 0.000068, 0.000061, 0.000059
4743, 0.000070, 0.000051, 0.000052
4744, 0.000072, 0.000060, 0.000057
4745, 0.000069, 0.000050, 0.000049
4746, 0.000068, 0.000054, 0.000052
4747, 0.000066, 0.000049, 0.000048
4748, 0.000065, 0.000048, 0.000049
4749, 0.000068, 0.000069, 0.000066
4750, 0.000075, 0.000057, 0.000059
4751, 0.000079, 0.000070, 0.000065
4752, 0.000078, 0.000050, 0.000050
4753, 0.000070, 0.000053, 0.000049
4754, 0.000065, 0.000051, 0.000048
4755, 0.000065, 0.000051, 0.000051
4756, 0.000068, 0.000065, 0.000062
4757, 0.000072, 0.000057, 0.000058
4758, 0.000076, 0.000067, 0.000065
4759, 0.000074, 0.000049, 0.000049
4760, 0.000069, 0.000049, 0.000047
4761, 0.000065, 0.000047, 0.000045
4762, 0.000064, 0.000048, 0.000047
4763, 0.000065, 0.000060, 0.000056
4764, 0.000067, 0.000051, 0.000050
4765, 0.000066, 0.000054, 0.000050
4766, 0.000064, 0.000049, 0.000047
4767, 0.000063, 0.000047, 0.000046
4768, 0.000063, 0.000048, 0.000046
4769, 0.000063, 0.000047, 0.000046
4770, 0.000064, 0.000050, 0.000049
4771, 0.000064, 0.000049, 0.000048
4772, 0.000063, 0.000048, 0.000047
4773, 0.000065, 0.000054, 0.000051
4774, 0.000066, 0.000050, 0.000049
4775, 0.000067, 0.000055, 0.000052
4776, 0.000066, 0.000048, 0.000046
4777, 0.000064, 0.000047, 0.000047
4778, 0.000063, 0.000053, 0.000050
4779, 0.000064, 0.000048, 0.000048
4780, 0.000067, 0.000055, 0.000052
4781, 0.000066, 0.000048, 0.000048
4782, 0.000064, 0.000049, 0.000048
4783, 0.000063, 0.000051, 0.000050
4784, 0.000065, 0.000049, 0.000048
4785, 0.000065, 0.000053, 0.000051
4786, 0.000066, 0.000047, 0.000046
4787, 0.000064, 0.000048, 0.000046
4788, 0.000064, 0.000049, 0.000047
4789, 0.000063, 0.000048, 0.000046
4790, 0.000063, 0.000048, 0.000047
4791, 0.000063, 0.000051, 0.000049
4792, 0.000063, 0.000048, 0.000047
4793, 0.000064, 0.000052, 0.000050
4794, 0.000065, 0.000048, 0.000048
4795, 0.000065, 0.000051, 0.000050
4796, 0.000065, 0.000046, 0.000045
4797, 0.000063, 0.000049, 0.000047
4798, 0.000064, 0.000050, 0.000047
4799, 0.000064, 0.000049, 0.000046
4800, 0.000062, 0.000049, 0.000047
4801, 0.000063, 0.000047, 0.000046
4802, 0.000064, 0.000050, 0.000048
4803, 0.000064, 0.000049, 0.000048
4804, 0.000063, 0.000050, 0.000048
4805, 0.000064, 0.000049, 0.000047
4806, 0.000063, 0.000049, 0.000047
4807, 0.000063, 0.000047, 0.000046
4808, 0.000063, 0.000049, 0.000048
4809, 0.000063, 0.000050, 0.000049
4810, 0.000063, 0.000048, 0.000047
4811, 0.000064, 0.000053, 0.000050
4812, 0.000065, 0.000047, 0.000046
4813, 0.000064, 0.000050, 0.000048
4814, 0.000063, 0.000047, 0.000046
4815, 0.000063, 0.000049, 0.000048
4816, 0.000062, 0.000050, 0.000049
4817, 0.000064, 0.000049, 0.000049
4818, 0.000063, 0.000052, 0.000050
4819, 0.000062, 0.000049, 0.000047
4820, 0.000063, 0.000050, 0.000048
4821, 0.000062, 0.000050, 0.000047
4822, 0.000062, 0.000048, 0.000047
4823, 0.000062, 0.000050, 0.000048
4824, 0.000062, 0.000046, 0.000046
4825, 0.000063, 0.000048, 0.000047
4826, 0.000061, 0.000049, 0.000048
4827, 0.000062, 0.000049, 0.000048
4828, 0.000064, 0.000055, 0.000053
4829, 0.000064, 0.000049, 0.000048
4830, 0.000065, 0.000054, 0.000051
4831, 0.000065, 0.000047, 0.000046
4832, 0.000063, 0.000051, 0.000047
4833, 0.000062, 0.000052, 0.000049
4834, 0.000063, 0.000048, 0.000048
4835, 0.000064, 0.000055, 0.000053
4836, 0.000065, 0.000048, 0.000048
4837, 0.000065, 0.000055, 0.000053
4838, 0.000065, 0.000050, 0.000049
4839, 0.000065, 0.000054, 0.000052
4840, 0.000064, 0.000048, 0.000047
4841, 0.000064, 0.000052, 0.000050
4842, 0.000063, 0.000048, 0.000048
4843, 0.000062, 0.000049, 0.000048
4844, 0.000062, 0.000049, 0.000049
4845, 0.000062, 0.000048, 0.000047
4846, 0.000062, 0.000051, 0.000049
4847, 0.000063, 0.000047, 0.000046
4848, 0.000063, 0.000053, 0.000050
4849, 0.000064, 0.000050, 0.000049
4850, 0.000066, 0.000061, 0.000059
4851, 0.000067, 0.000051, 0.000051
4852, 0.000067, 0.000060, 0.000056
4853, 0.000067, 0.000050, 0.000050
4854, 0.000066, 0.000051, 0.000049
4855, 0.000063, 0.000049, 0.000047
4856, 0.000062, 0.000048, 0.000047
4857, 0.000064, 0.000058, 0.000055
4858, 0.000066, 0.000052, 0.000052
4859, 0.000069, 0.000063, 0.000061
4860, 0.000069, 0.000051, 0.000052
4861, 0.000067, 0.000055, 0.000053
4862, 0.000064, 0.000050, 0.000048
4863, 0.000063, 0.000049, 0.000048
4864, 0.000065, 0.000064, 0.000061
4865, 0.000070, 0.000054, 0.000055
4866, 0.000072, 0.000063, 0.000061
4867, 0.000070, 0.000052, 0.000051
4868, 0.000067, 0.000054, 0.000052
4869, 0.000064, 0.000049, 0.000048
4870, 0.000062, 0.000048, 0.000047
4871, 0.000062, 0.000056, 0.000053
4872, 0.000065, 0.000054, 0.000053
4873, 0.000069, 0.000067, 0.000062
4874, 0.000071, 0.000056, 0.000056
4875, 0.000072, 0.000067, 0.000064
4876, 0.000072, 0.000052, 0.000051
4877, 0.000068, 0.000049, 0.000048
4878, 0.000062, 0.000048, 0.000047
4879, 0.000061, 0.000050, 0.000049
4880, 0.000064, 0.000053, 0.000051
4881, 0.000064, 0.000049, 0.000048
4882, 0.000063, 0.000057, 0.000053
4883, 0.000064, 0.000051, 0.000049
4884, 0.000063, 0.000050, 0.000048
4885, 0.000061, 0.000050, 0.000048
4886, 0.000063, 0.000050, 0.000049
4887, 0.000062, 0.000053, 0.000051
4888, 0.000063, 0.000047, 0.000047
4889, 0.000062, 0.000050, 0.000049
4890, 0.000062, 0.000047, 0.000047
4891, 0.000061, 0.000051, 0.000049
4892, 0.000062, 0.000050, 0.000049
4893, 0.000062, 0.000051, 0.000049
4894, 0.000062, 0.000047, 0.000046
4895, 0.000061, 0.000050, 0.000047
4896, 0.000061, 0.000051, 0.000049
4897, 0.000062, 0.000050, 0.000050
4898, 0.000066, 0.000068, 0.000064
4899, 0.000071, 0.000060, 0.000061
4900, 0.000074, 0.000066, 0.000062
4901, 0.000071, 0.000051, 0.000051
4902, 0.000066, 0.000050, 0.000049
4903, 0.000064, 0.000047, 0.000047
4904, 0.000062, 0.000050, 0.000048
4905, 0.000062, 0.000050, 0.000048
4906, 0.000062, 0.000050, 0.000049
4907, 0.000062, 0.000051, 0.000048
4908, 0.000062, 0.000047, 0.000045
4909, 0.000061, 0.000048, 0.000046
4910, 0.000062, 0.000047, 0.000045
4911, 0.000061, 0.000049, 0.000046
4912, 0.000060, 0.000048, 0.000047
4913, 0.000061, 0.000048, 0.000047
4914, 0.000061, 0.000051, 0.000048
4915, 0.000060, 0.000048, 0.000048
4916, 0.000061, 0.000052, 0.000049
4917, 0.000061, 0.000049, 0.000048
4918, 0.000062, 0.000050, 0.000048
4919, 0.000062, 0.000047, 0.000047
4920, 0.000060, 0.000048, 0.000048
4921, 0.000061, 0.000051, 0.000050
4922, 0.000061, 0.000048, 0.000048
4923, 0.000062, 0.000054, 0.000052
4924, 0.000063, 0.000048, 0.000047
4925, 0.000062, 0.000049, 0.000048
4926, 0.000061, 0.000048, 0.000046
4927, 0.000061, 0.000049, 0.000047
4928, 0.000061, 0.000050, 0.000048
4929, 0.000062, 0.000050, 0.000048
4930, 0.000060, 0.000052, 0.000050
4931, 0.000062, 0.000052, 0.000052
4932, 0.000066, 0.000053, 0.000051
4933, 0.000064, 0.000047, 0.000047
4934, 0.000061, 0.000050, 0.000049
4935, 0.000061, 0.000050, 0.000049
4936, 0.000065, 0.000054, 0.000052
4937, 0.000064, 0.000047, 0.000046
4938, 0.000062, 0.000051, 0.000048
4939, 0.000061, 0.000048, 0.000047
4940, 0.000061, 0.000051, 0.000049
4941, 0.000062, 0.000054, 0.000052
4942, 0.000062, 0.000050, 0.000050
4943, 0.000064, 0.000059, 0.000056
4944, 0.000066, 0.000053, 0.000053
4945, 0.000066, 0.000052, 0.000050
4946, 0.000062, 0.000048, 0.000046
4947, 0.000060, 0.000049, 0.000047
4948, 0.000061, 0.000054, 0.000051
4949, 0.000063, 0.000053, 0.000052
4950, 0.000067, 0.000066, 0.000063
4951, 0.000071, 0.000059, 0.000059
4952, 0.000071, 0.000063, 0.000061
4953, 0.000068, 0.000049, 0.000049
4954, 0.000063, 0.000050, 0.000048
4955, 0.000060, 0.000048, 0.000047
4956, 0.000060, 0.000048, 0.000047
4957, 0.000061, 0.000053, 0.000050
4958, 0.000062, 0.000049, 0.000050
4959, 0.000062, 0.000052, 0.000050
4960, 0.000061, 0.000048, 0.000047
4961, 0.000060, 0.000049, 0.000048
4962, 0.000060, 0.000049, 0.000047
4963, 0.000060, 0.000049, 0.000048
4964, 0.000062, 0.000056, 0.000054
4965, 0.000063, 0.000052, 0.000052
4966, 0.000065, 0.000057, 0.000055
4967, 0.000064, 0.000050, 0.000050
4968, 0.000062, 0.000052, 0.000050
4969, 0.000062, 0.000047, 0.000046
4970, 0.000060, 0.000048, 0.000046
4971, 0.000060, 0.000048, 0.000046
4972, 0.000060, 0.000047, 0.000045
4973, 0.000059, 0.000050, 0.000047
4974, 0.000059, 0.000048, 0.000047
4975, 0.000061, 0.000053, 0.000050
4976, 0.000062, 0.000050, 0.000050
4977, 0.000062, 0.000052, 0.000050
4978, 0.000061, 0.000050, 0.000049
4979, 0.000060, 0.000050, 0.000048
4980, 0.000060, 0.000050, 0.000047
4981, 0.000060, 0.000047, 0.000046
4982, 0.000060, 0.000050, 0.000047
4983, 0.000059, 0.000049, 0.000047
4984, 0.000060, 0.000047, 0.000046
4985, 0.000059, 0.000050, 0.000048
4986, 0.000060, 0.000050, 0.000049
4987, 0.000062, 0.000053, 0.000051
4988, 0.000062, 0.000049, 0.000049
4989, 0.000063, 0.000058, 0.000055
4990, 0.000064, 0.000053, 0.000053
4991, 0.000066, 0.000058, 0.000056
4992, 0.000065, 0.000048, 0.000048
4993, 0.000061, 0.000049, 0.000047
4994, 0.000059, 0.000049, 0.000047
4995, 0.000059, 0.000050, 0.000049
4996, 0.000062, 0.000061, 0.000059
4997, 0.000066, 0.000059, 0.000059
4998, 0.000071, 0.000073, 0.000070
4999, 0.000075, 0.000063, 0.000064
5000, 0.000073, 0.000062, 0.000060
