Epoch, Train Loss, Valid Loss, Test Loss
1, 0.561697, 0.542094, 0.543737
2, 0.482969, 0.475882, 0.478190
3, 0.422938, 0.417404, 0.420595
4, 0.378344, 0.369325, 0.373103
5, 0.344396, 0.331252, 0.335552
6, 0.317933, 0.307000, 0.311371
7, 0.300022, 0.287229, 0.291599
8, 0.284039, 0.269960, 0.274217
9, 0.268697, 0.252767, 0.256668
10, 0.252585, 0.235833, 0.239412
11, 0.236234, 0.219310, 0.222550
12, 0.219744, 0.203264, 0.206115
13, 0.203361, 0.188419, 0.190918
14, 0.188025, 0.174337, 0.176556
15, 0.173636, 0.160752, 0.162739
16, 0.159927, 0.147820, 0.149605
17, 0.146941, 0.135429, 0.137031
18, 0.134561, 0.123361, 0.124808
19, 0.122593, 0.111548, 0.112873
20, 0.110972, 0.100093, 0.101323
21, 0.099780, 0.089172, 0.090320
22, 0.089147, 0.078998, 0.080069
23, 0.079217, 0.069749, 0.070740
24, 0.070130, 0.061467, 0.062375
25, 0.061952, 0.054114, 0.054940
26, 0.054668, 0.047629, 0.048386
27, 0.048211, 0.041957, 0.042653
28, 0.042532, 0.037036, 0.037678
29, 0.037578, 0.032736, 0.033329
30, 0.033238, 0.028915, 0.029464
31, 0.029434, 0.025528, 0.026038
32, 0.026036, 0.022566, 0.023039
33, 0.023107, 0.020015, 0.020454
34, 0.020546, 0.017827, 0.018236
35, 0.018353, 0.015963, 0.016345
36, 0.016490, 0.014380, 0.014740
37, 0.014906, 0.013047, 0.013389
38, 0.013575, 0.011916, 0.012244
39, 0.012438, 0.010947, 0.011261
40, 0.011457, 0.010094, 0.010396
41, 0.010586, 0.009319, 0.009611
42, 0.009826, 0.008601, 0.008882
43, 0.009118, 0.007962, 0.008233
44, 0.008495, 0.007388, 0.007648
45, 0.007931, 0.006871, 0.007121
46, 0.007424, 0.006406, 0.006647
47, 0.006987, 0.005988, 0.006221
48, 0.006592, 0.005622, 0.005849
49, 0.006250, 0.005309, 0.005531
50, 0.005953, 0.005047, 0.005262
51, 0.005697, 0.004820, 0.005028
52, 0.005462, 0.004616, 0.004815
53, 0.005249, 0.004432, 0.004624
54, 0.005065, 0.004264, 0.004449
55, 0.004898, 0.004116, 0.004295
56, 0.004744, 0.003985, 0.004159
57, 0.004610, 0.003864, 0.004033
58, 0.004492, 0.003760, 0.003924
59, 0.004393, 0.003676, 0.003835
60, 0.004312, 0.003608, 0.003763
61, 0.004234, 0.003544, 0.003694
62, 0.004161, 0.003476, 0.003622
63, 0.004107, 0.003412, 0.003554
64, 0.004053, 0.003350, 0.003488
65, 0.003998, 0.003301, 0.003435
66, 0.003943, 0.003257, 0.003386
67, 0.003887, 0.003219, 0.003345
68, 0.003861, 0.003173, 0.003296
69, 0.003816, 0.003133, 0.003253
70, 0.003793, 0.003101, 0.003218
71, 0.003751, 0.003081, 0.003194
72, 0.003721, 0.003058, 0.003168
73, 0.003701, 0.003033, 0.003141
74, 0.003676, 0.003008, 0.003112
75, 0.003656, 0.002985, 0.003087
76, 0.003628, 0.002967, 0.003066
77, 0.003618, 0.002954, 0.003050
78, 0.003600, 0.002945, 0.003038
79, 0.003583, 0.002932, 0.003022
80, 0.003564, 0.002914, 0.003002
81, 0.003553, 0.002897, 0.002983
82, 0.003541, 0.002882, 0.002966
83, 0.003531, 0.002877, 0.002959
84, 0.003514, 0.002879, 0.002957
85, 0.003512, 0.002868, 0.002943
86, 0.003495, 0.002857, 0.002930
87, 0.003485, 0.002844, 0.002916
88, 0.003477, 0.002833, 0.002904
89, 0.003469, 0.002828, 0.002896
90, 0.003466, 0.002820, 0.002887
91, 0.003449, 0.002812, 0.002876
92, 0.003448, 0.002809, 0.002870
93, 0.003448, 0.002809, 0.002867
94, 0.003434, 0.002805, 0.002860
95, 0.003426, 0.002798, 0.002852
96, 0.003412, 0.002790, 0.002843
97, 0.003414, 0.002781, 0.002833
98, 0.003408, 0.002776, 0.002826
99, 0.003396, 0.002779, 0.002826
100, 0.003397, 0.002781, 0.002827
101, 0.003391, 0.002777, 0.002823
102, 0.003378, 0.002768, 0.002812
103, 0.003378, 0.002758, 0.002802
104, 0.003377, 0.002756, 0.002797
105, 0.003367, 0.002759, 0.002798
106, 0.003361, 0.002762, 0.002800
107, 0.003362, 0.002757, 0.002794
108, 0.003350, 0.002750, 0.002785
109, 0.003345, 0.002742, 0.002776
110, 0.003345, 0.002742, 0.002774
111, 0.003342, 0.002745, 0.002776
112, 0.003343, 0.002740, 0.002770
113, 0.003333, 0.002735, 0.002764
114, 0.003329, 0.002731, 0.002760
115, 0.003333, 0.002731, 0.002758
116, 0.003312, 0.002730, 0.002756
117, 0.003312, 0.002726, 0.002751
118, 0.003308, 0.002723, 0.002747
119, 0.003308, 0.002723, 0.002747
120, 0.003306, 0.002723, 0.002746
121, 0.003298, 0.002720, 0.002742
122, 0.003300, 0.002718, 0.002739
123, 0.003297, 0.002716, 0.002735
124, 0.003293, 0.002713, 0.002731
125, 0.003291, 0.002714, 0.002732
126, 0.003285, 0.002713, 0.002729
127, 0.003282, 0.002703, 0.002720
128, 0.003282, 0.002700, 0.002717
129, 0.003280, 0.002701, 0.002716
130, 0.003273, 0.002707, 0.002720
131, 0.003271, 0.002706, 0.002718
132, 0.003262, 0.002702, 0.002713
133, 0.003257, 0.002696, 0.002707
134, 0.003255, 0.002695, 0.002705
135, 0.003248, 0.002694, 0.002704
136, 0.003252, 0.002693, 0.002702
137, 0.003251, 0.002695, 0.002703
138, 0.003242, 0.002692, 0.002700
139, 0.003240, 0.002691, 0.002698
140, 0.003233, 0.002685, 0.002691
141, 0.003228, 0.002684, 0.002690
142, 0.003224, 0.002683, 0.002688
143, 0.003220, 0.002684, 0.002689
144, 0.003221, 0.002685, 0.002689
145, 0.003216, 0.002686, 0.002690
146, 0.003211, 0.002683, 0.002685
147, 0.003212, 0.002678, 0.002680
148, 0.003202, 0.002674, 0.002676
149, 0.003214, 0.002672, 0.002674
150, 0.003202, 0.002671, 0.002673
151, 0.003195, 0.002673, 0.002674
152, 0.003197, 0.002673, 0.002672
153, 0.003186, 0.002672, 0.002671
154, 0.003195, 0.002669, 0.002668
155, 0.003187, 0.002667, 0.002666
156, 0.003183, 0.002667, 0.002666
157, 0.003181, 0.002669, 0.002666
158, 0.003176, 0.002667, 0.002663
159, 0.003175, 0.002668, 0.002664
160, 0.003173, 0.002663, 0.002659
161, 0.003170, 0.002663, 0.002659
162, 0.003159, 0.002660, 0.002655
163, 0.003166, 0.002658, 0.002653
164, 0.003160, 0.002657, 0.002651
165, 0.003154, 0.002658, 0.002651
166, 0.003156, 0.002658, 0.002651
167, 0.003147, 0.002660, 0.002652
168, 0.003149, 0.002657, 0.002649
169, 0.003142, 0.002654, 0.002647
170, 0.003150, 0.002652, 0.002643
171, 0.003143, 0.002651, 0.002642
172, 0.003138, 0.002649, 0.002639
173, 0.003131, 0.002648, 0.002639
174, 0.003134, 0.002648, 0.002639
175, 0.003129, 0.002647, 0.002637
176, 0.003128, 0.002647, 0.002637
177, 0.003119, 0.002646, 0.002636
178, 0.003122, 0.002645, 0.002634
179, 0.003116, 0.002645, 0.002634
180, 0.003112, 0.002643, 0.002632
181, 0.003114, 0.002642, 0.002631
182, 0.003106, 0.002640, 0.002629
183, 0.003105, 0.002637, 0.002625
184, 0.003103, 0.002636, 0.002623
185, 0.003100, 0.002637, 0.002623
186, 0.003098, 0.002639, 0.002625
187, 0.003098, 0.002637, 0.002623
188, 0.003090, 0.002636, 0.002622
189, 0.003091, 0.002633, 0.002619
190, 0.003092, 0.002635, 0.002620
191, 0.003085, 0.002633, 0.002618
192, 0.003082, 0.002630, 0.002616
193, 0.003077, 0.002627, 0.002613
194, 0.003074, 0.002625, 0.002610
195, 0.003073, 0.002625, 0.002609
196, 0.003073, 0.002625, 0.002610
197, 0.003074, 0.002626, 0.002610
198, 0.003069, 0.002623, 0.002607
199, 0.003059, 0.002620, 0.002604
200, 0.003061, 0.002619, 0.002602
201, 0.003054, 0.002619, 0.002603
202, 0.003054, 0.002622, 0.002605
203, 0.003055, 0.002622, 0.002605
204, 0.003047, 0.002618, 0.002600
205, 0.003054, 0.002614, 0.002596
206, 0.003049, 0.002613, 0.002594
207, 0.003044, 0.002611, 0.002593
208, 0.003041, 0.002612, 0.002594
209, 0.003040, 0.002611, 0.002593
210, 0.003032, 0.002610, 0.002591
211, 0.003035, 0.002608, 0.002589
212, 0.003034, 0.002609, 0.002590
213, 0.003031, 0.002608, 0.002589
214, 0.003022, 0.002605, 0.002587
215, 0.003028, 0.002603, 0.002584
216, 0.003023, 0.002602, 0.002583
217, 0.003020, 0.002602, 0.002582
218, 0.003022, 0.002602, 0.002581
219, 0.003014, 0.002599, 0.002579
220, 0.003012, 0.002597, 0.002578
221, 0.003012, 0.002595, 0.002576
222, 0.003011, 0.002594, 0.002575
223, 0.003007, 0.002594, 0.002573
224, 0.003005, 0.002594, 0.002572
225, 0.003000, 0.002592, 0.002571
226, 0.002995, 0.002590, 0.002570
227, 0.002996, 0.002588, 0.002568
228, 0.002998, 0.002587, 0.002566
229, 0.002990, 0.002587, 0.002565
230, 0.002987, 0.002586, 0.002564
231, 0.002987, 0.002584, 0.002562
232, 0.002983, 0.002582, 0.002561
233, 0.002981, 0.002581, 0.002559
234, 0.002979, 0.002582, 0.002559
235, 0.002980, 0.002579, 0.002556
236, 0.002977, 0.002576, 0.002555
237, 0.002978, 0.002574, 0.002553
238, 0.002974, 0.002574, 0.002552
239, 0.002967, 0.002574, 0.002551
240, 0.002971, 0.002572, 0.002549
241, 0.002963, 0.002569, 0.002546
242, 0.002963, 0.002566, 0.002544
243, 0.002962, 0.002565, 0.002541
244, 0.002956, 0.002564, 0.002540
245, 0.002954, 0.002564, 0.002540
246, 0.002953, 0.002563, 0.002539
247, 0.002947, 0.002560, 0.002536
248, 0.002945, 0.002557, 0.002533
249, 0.002948, 0.002555, 0.002531
250, 0.002942, 0.002553, 0.002530
251, 0.002940, 0.002553, 0.002530
252, 0.002938, 0.002553, 0.002529
253, 0.002937, 0.002550, 0.002526
254, 0.002942, 0.002548, 0.002524
255, 0.002930, 0.002546, 0.002522
256, 0.002931, 0.002545, 0.002520
257, 0.002929, 0.002544, 0.002520
258, 0.002922, 0.002543, 0.002519
259, 0.002926, 0.002541, 0.002517
260, 0.002920, 0.002538, 0.002513
261, 0.002917, 0.002535, 0.002510
262, 0.002914, 0.002534, 0.002509
263, 0.002913, 0.002534, 0.002508
264, 0.002912, 0.002533, 0.002507
265, 0.002906, 0.002530, 0.002504
266, 0.002907, 0.002526, 0.002501
267, 0.002904, 0.002523, 0.002498
268, 0.002904, 0.002523, 0.002497
269, 0.002897, 0.002524, 0.002498
270, 0.002897, 0.002522, 0.002495
271, 0.002897, 0.002519, 0.002493
272, 0.002895, 0.002517, 0.002491
273, 0.002890, 0.002515, 0.002488
274, 0.002890, 0.002512, 0.002485
275, 0.002882, 0.002511, 0.002485
276, 0.002879, 0.002512, 0.002486
277, 0.002881, 0.002509, 0.002482
278, 0.002878, 0.002507, 0.002480
279, 0.002877, 0.002505, 0.002477
280, 0.002872, 0.002503, 0.002476
281, 0.002874, 0.002500, 0.002472
282, 0.002873, 0.002499, 0.002472
283, 0.002871, 0.002499, 0.002471
284, 0.002870, 0.002499, 0.002472
285, 0.002864, 0.002496, 0.002469
286, 0.002864, 0.002493, 0.002466
287, 0.002862, 0.002489, 0.002461
288, 0.002854, 0.002488, 0.002461
289, 0.002857, 0.002489, 0.002461
290, 0.002856, 0.002486, 0.002457
291, 0.002853, 0.002486, 0.002458
292, 0.002847, 0.002488, 0.002460
293, 0.002850, 0.002484, 0.002456
294, 0.002850, 0.002479, 0.002451
295, 0.002845, 0.002479, 0.002451
296, 0.002840, 0.002480, 0.002453
297, 0.002843, 0.002479, 0.002451
298, 0.002841, 0.002475, 0.002446
299, 0.002834, 0.002472, 0.002444
300, 0.002836, 0.002474, 0.002445
301, 0.002838, 0.002472, 0.002443
302, 0.002833, 0.002470, 0.002441
303, 0.002831, 0.002471, 0.002442
304, 0.002835, 0.002471, 0.002442
305, 0.002831, 0.002466, 0.002437
306, 0.002827, 0.002463, 0.002434
307, 0.002824, 0.002466, 0.002437
308, 0.002825, 0.002464, 0.002434
309, 0.002823, 0.002461, 0.002432
310, 0.002818, 0.002461, 0.002432
311, 0.002820, 0.002463, 0.002434
312, 0.002819, 0.002460, 0.002431
313, 0.002817, 0.002460, 0.002431
314, 0.002817, 0.002459, 0.002430
315, 0.002814, 0.002458, 0.002429
316, 0.002814, 0.002456, 0.002427
317, 0.002809, 0.002453, 0.002424
318, 0.002813, 0.002453, 0.002424
319, 0.002810, 0.002454, 0.002425
320, 0.002811, 0.002453, 0.002424
321, 0.002810, 0.002451, 0.002421
322, 0.002806, 0.002453, 0.002423
323, 0.002809, 0.002455, 0.002425
324, 0.002808, 0.002450, 0.002421
325, 0.002804, 0.002448, 0.002418
326, 0.002802, 0.002446, 0.002417
327, 0.002802, 0.002446, 0.002416
328, 0.002797, 0.002446, 0.002416
329, 0.002802, 0.002447, 0.002417
330, 0.002801, 0.002445, 0.002416
331, 0.002797, 0.002447, 0.002417
332, 0.002799, 0.002445, 0.002416
333, 0.002795, 0.002445, 0.002415
334, 0.002794, 0.002442, 0.002413
335, 0.002791, 0.002441, 0.002412
336, 0.002791, 0.002446, 0.002416
337, 0.002793, 0.002442, 0.002413
338, 0.002794, 0.002437, 0.002408
339, 0.002791, 0.002439, 0.002410
340, 0.002791, 0.002442, 0.002413
341, 0.002788, 0.002438, 0.002409
342, 0.002785, 0.002438, 0.002409
343, 0.002789, 0.002443, 0.002413
344, 0.002783, 0.002436, 0.002406
345, 0.002782, 0.002432, 0.002402
346, 0.002784, 0.002438, 0.002407
347, 0.002783, 0.002438, 0.002408
348, 0.002782, 0.002433, 0.002404
349, 0.002786, 0.002435, 0.002405
350, 0.002782, 0.002436, 0.002406
351, 0.002779, 0.002431, 0.002402
352, 0.002781, 0.002431, 0.002401
353, 0.002778, 0.002432, 0.002403
354, 0.002778, 0.002430, 0.002401
355, 0.002779, 0.002429, 0.002400
356, 0.002777, 0.002431, 0.002401
357, 0.002777, 0.002428, 0.002399
358, 0.002774, 0.002427, 0.002398
359, 0.002772, 0.002428, 0.002398
360, 0.002775, 0.002433, 0.002403
361, 0.002775, 0.002425, 0.002396
362, 0.002774, 0.002424, 0.002394
363, 0.002773, 0.002427, 0.002397
364, 0.002767, 0.002425, 0.002395
365, 0.002771, 0.002421, 0.002392
366, 0.002771, 0.002424, 0.002394
367, 0.002767, 0.002425, 0.002395
368, 0.002766, 0.002421, 0.002391
369, 0.002768, 0.002421, 0.002391
370, 0.002766, 0.002424, 0.002393
371, 0.002768, 0.002421, 0.002391
372, 0.002769, 0.002419, 0.002390
373, 0.002766, 0.002422, 0.002392
374, 0.002763, 0.002419, 0.002389
375, 0.002763, 0.002419, 0.002389
376, 0.002761, 0.002422, 0.002392
377, 0.002762, 0.002418, 0.002388
378, 0.002763, 0.002418, 0.002388
379, 0.002765, 0.002419, 0.002389
380, 0.002760, 0.002416, 0.002386
381, 0.002757, 0.002417, 0.002387
382, 0.002758, 0.002418, 0.002387
383, 0.002758, 0.002415, 0.002385
384, 0.002763, 0.002415, 0.002385
385, 0.002758, 0.002418, 0.002388
386, 0.002756, 0.002414, 0.002384
387, 0.002757, 0.002413, 0.002383
388, 0.002755, 0.002412, 0.002382
389, 0.002755, 0.002417, 0.002386
390, 0.002756, 0.002413, 0.002383
391, 0.002755, 0.002412, 0.002381
392, 0.002754, 0.002417, 0.002386
393, 0.002755, 0.002411, 0.002380
394, 0.002752, 0.002410, 0.002380
395, 0.002747, 0.002413, 0.002382
396, 0.002751, 0.002414, 0.002384
397, 0.002749, 0.002409, 0.002380
398, 0.002750, 0.002412, 0.002381
399, 0.002751, 0.002411, 0.002380
400, 0.002752, 0.002405, 0.002376
401, 0.002748, 0.002408, 0.002378
402, 0.002744, 0.002414, 0.002383
403, 0.002748, 0.002408, 0.002379
404, 0.002749, 0.002406, 0.002377
405, 0.002746, 0.002410, 0.002379
406, 0.002745, 0.002408, 0.002377
407, 0.002746, 0.002403, 0.002374
408, 0.002743, 0.002407, 0.002376
409, 0.002746, 0.002407, 0.002375
410, 0.002741, 0.002406, 0.002375
411, 0.002742, 0.002405, 0.002374
412, 0.002742, 0.002407, 0.002376
413, 0.002744, 0.002403, 0.002373
414, 0.002740, 0.002404, 0.002373
415, 0.002739, 0.002405, 0.002374
416, 0.002745, 0.002403, 0.002373
417, 0.002737, 0.002404, 0.002373
418, 0.002737, 0.002400, 0.002370
419, 0.002741, 0.002404, 0.002374
420, 0.002734, 0.002406, 0.002376
421, 0.002735, 0.002400, 0.002371
422, 0.002740, 0.002401, 0.002371
423, 0.002737, 0.002410, 0.002378
424, 0.002740, 0.002399, 0.002369
425, 0.002739, 0.002398, 0.002369
426, 0.002740, 0.002416, 0.002383
427, 0.002737, 0.002400, 0.002370
428, 0.002739, 0.002398, 0.002369
429, 0.002741, 0.002408, 0.002376
430, 0.002741, 0.002400, 0.002369
431, 0.002732, 0.002397, 0.002368
432, 0.002737, 0.002402, 0.002370
433, 0.002734, 0.002407, 0.002374
434, 0.002737, 0.002397, 0.002368
435, 0.002735, 0.002404, 0.002372
436, 0.002729, 0.002410, 0.002378
437, 0.002733, 0.002397, 0.002367
438, 0.002735, 0.002397, 0.002366
439, 0.002729, 0.002403, 0.002371
440, 0.002732, 0.002394, 0.002365
441, 0.002730, 0.002395, 0.002365
442, 0.002733, 0.002403, 0.002371
443, 0.002733, 0.002396, 0.002366
444, 0.002730, 0.002397, 0.002367
445, 0.002725, 0.002400, 0.002368
446, 0.002729, 0.002396, 0.002365
447, 0.002729, 0.002393, 0.002363
448, 0.002728, 0.002400, 0.002369
449, 0.002728, 0.002397, 0.002366
450, 0.002725, 0.002393, 0.002363
451, 0.002726, 0.002396, 0.002365
452, 0.002727, 0.002396, 0.002365
453, 0.002722, 0.002392, 0.002361
454, 0.002729, 0.002394, 0.002363
455, 0.002725, 0.002399, 0.002368
456, 0.002725, 0.002393, 0.002363
457, 0.002721, 0.002393, 0.002362
458, 0.002723, 0.002395, 0.002363
459, 0.002727, 0.002397, 0.002366
460, 0.002724, 0.002391, 0.002361
461, 0.002724, 0.002392, 0.002361
462, 0.002721, 0.002394, 0.002363
463, 0.002724, 0.002390, 0.002360
464, 0.002721, 0.002393, 0.002362
465, 0.002721, 0.002396, 0.002364
466, 0.002721, 0.002389, 0.002359
467, 0.002724, 0.002393, 0.002362
468, 0.002720, 0.002400, 0.002368
469, 0.002724, 0.002388, 0.002359
470, 0.002725, 0.002391, 0.002360
471, 0.002717, 0.002398, 0.002366
472, 0.002725, 0.002388, 0.002358
473, 0.002719, 0.002389, 0.002359
474, 0.002717, 0.002394, 0.002362
475, 0.002723, 0.002389, 0.002358
476, 0.002722, 0.002389, 0.002359
477, 0.002714, 0.002396, 0.002364
478, 0.002718, 0.002387, 0.002357
479, 0.002721, 0.002388, 0.002357
480, 0.002716, 0.002392, 0.002360
481, 0.002717, 0.002386, 0.002356
482, 0.002715, 0.002389, 0.002358
483, 0.002714, 0.002390, 0.002359
484, 0.002714, 0.002390, 0.002359
485, 0.002714, 0.002387, 0.002356
486, 0.002720, 0.002392, 0.002360
487, 0.002717, 0.002387, 0.002356
488, 0.002715, 0.002386, 0.002355
489, 0.002714, 0.002392, 0.002360
490, 0.002716, 0.002388, 0.002357
491, 0.002712, 0.002384, 0.002354
492, 0.002714, 0.002388, 0.002356
493, 0.002711, 0.002388, 0.002357
494, 0.002714, 0.002384, 0.002354
495, 0.002712, 0.002390, 0.002359
496, 0.002713, 0.002391, 0.002359
497, 0.002715, 0.002383, 0.002354
498, 0.002713, 0.002388, 0.002356
499, 0.002712, 0.002389, 0.002358
500, 0.002712, 0.002382, 0.002352
501, 0.002709, 0.002389, 0.002358
502, 0.002710, 0.002387, 0.002356
503, 0.002711, 0.002381, 0.002352
504, 0.002709, 0.002384, 0.002353
505, 0.002708, 0.002390, 0.002359
506, 0.002712, 0.002380, 0.002351
507, 0.002714, 0.002387, 0.002356
508, 0.002708, 0.002392, 0.002360
509, 0.002711, 0.002382, 0.002353
510, 0.002709, 0.002386, 0.002355
511, 0.002708, 0.002395, 0.002362
512, 0.002713, 0.002379, 0.002350
513, 0.002712, 0.002387, 0.002356
514, 0.002709, 0.002386, 0.002355
515, 0.002709, 0.002380, 0.002350
516, 0.002708, 0.002385, 0.002354
517, 0.002701, 0.002390, 0.002358
518, 0.002709, 0.002379, 0.002349
519, 0.002708, 0.002389, 0.002356
520, 0.002707, 0.002385, 0.002353
521, 0.002705, 0.002378, 0.002348
522, 0.002706, 0.002388, 0.002355
523, 0.002706, 0.002385, 0.002352
524, 0.002706, 0.002378, 0.002348
525, 0.002703, 0.002386, 0.002353
526, 0.002704, 0.002384, 0.002352
527, 0.002703, 0.002378, 0.002348
528, 0.002705, 0.002386, 0.002354
529, 0.002701, 0.002377, 0.002347
530, 0.002700, 0.002377, 0.002347
531, 0.002700, 0.002392, 0.002360
532, 0.002705, 0.002377, 0.002347
533, 0.002704, 0.002379, 0.002349
534, 0.002700, 0.002384, 0.002353
535, 0.002700, 0.002380, 0.002350
536, 0.002701, 0.002378, 0.002348
537, 0.002701, 0.002382, 0.002350
538, 0.002706, 0.002380, 0.002349
539, 0.002702, 0.002376, 0.002346
540, 0.002699, 0.002383, 0.002351
541, 0.002699, 0.002379, 0.002348
542, 0.002697, 0.002374, 0.002344
543, 0.002702, 0.002380, 0.002349
544, 0.002701, 0.002379, 0.002348
545, 0.002696, 0.002374, 0.002344
546, 0.002695, 0.002378, 0.002347
547, 0.002698, 0.002375, 0.002345
548, 0.002693, 0.002377, 0.002347
549, 0.002697, 0.002379, 0.002348
550, 0.002694, 0.002377, 0.002346
551, 0.002696, 0.002377, 0.002346
552, 0.002692, 0.002372, 0.002342
553, 0.002696, 0.002381, 0.002349
554, 0.002694, 0.002372, 0.002342
555, 0.002699, 0.002378, 0.002346
556, 0.002691, 0.002374, 0.002343
557, 0.002692, 0.002373, 0.002342
558, 0.002694, 0.002376, 0.002345
559, 0.002690, 0.002374, 0.002344
560, 0.002692, 0.002374, 0.002343
561, 0.002694, 0.002376, 0.002345
562, 0.002690, 0.002373, 0.002343
563, 0.002692, 0.002374, 0.002344
564, 0.002694, 0.002369, 0.002339
565, 0.002694, 0.002374, 0.002343
566, 0.002691, 0.002375, 0.002344
567, 0.002689, 0.002370, 0.002340
568, 0.002690, 0.002375, 0.002344
569, 0.002693, 0.002373, 0.002341
570, 0.002686, 0.002367, 0.002337
571, 0.002688, 0.002372, 0.002340
572, 0.002687, 0.002371, 0.002339
573, 0.002684, 0.002371, 0.002340
574, 0.002685, 0.002374, 0.002342
575, 0.002688, 0.002367, 0.002337
576, 0.002689, 0.002373, 0.002342
577, 0.002690, 0.002374, 0.002343
578, 0.002686, 0.002365, 0.002336
579, 0.002692, 0.002374, 0.002343
580, 0.002687, 0.002369, 0.002339
581, 0.002687, 0.002365, 0.002335
582, 0.002685, 0.002371, 0.002340
583, 0.002686, 0.002372, 0.002340
584, 0.002686, 0.002367, 0.002336
585, 0.002684, 0.002368, 0.002337
586, 0.002683, 0.002372, 0.002340
587, 0.002686, 0.002362, 0.002333
588, 0.002686, 0.002373, 0.002341
589, 0.002685, 0.002364, 0.002333
590, 0.002683, 0.002364, 0.002334
591, 0.002682, 0.002373, 0.002341
592, 0.002682, 0.002366, 0.002335
593, 0.002679, 0.002363, 0.002333
594, 0.002680, 0.002371, 0.002340
595, 0.002680, 0.002360, 0.002331
596, 0.002685, 0.002367, 0.002336
597, 0.002679, 0.002368, 0.002337
598, 0.002681, 0.002359, 0.002330
599, 0.002679, 0.002364, 0.002334
600, 0.002677, 0.002371, 0.002340
601, 0.002684, 0.002355, 0.002328
602, 0.002684, 0.002369, 0.002338
603, 0.002682, 0.002366, 0.002335
604, 0.002678, 0.002358, 0.002329
605, 0.002677, 0.002383, 0.002349
606, 0.002682, 0.002358, 0.002328
607, 0.002674, 0.002355, 0.002326
608, 0.002675, 0.002379, 0.002346
609, 0.002680, 0.002356, 0.002327
610, 0.002680, 0.002359, 0.002329
611, 0.002674, 0.002375, 0.002342
612, 0.002678, 0.002353, 0.002324
613, 0.002680, 0.002370, 0.002337
614, 0.002674, 0.002359, 0.002328
615, 0.002671, 0.002353, 0.002324
616, 0.002673, 0.002367, 0.002335
617, 0.002679, 0.002357, 0.002326
618, 0.002669, 0.002352, 0.002322
619, 0.002671, 0.002365, 0.002334
620, 0.002670, 0.002351, 0.002322
621, 0.002669, 0.002353, 0.002323
622, 0.002668, 0.002358, 0.002328
623, 0.002671, 0.002353, 0.002324
624, 0.002672, 0.002355, 0.002325
625, 0.002668, 0.002356, 0.002325
626, 0.002667, 0.002355, 0.002324
627, 0.002662, 0.002350, 0.002320
628, 0.002665, 0.002352, 0.002321
629, 0.002667, 0.002358, 0.002326
630, 0.002664, 0.002353, 0.002322
631, 0.002665, 0.002347, 0.002318
632, 0.002663, 0.002360, 0.002329
633, 0.002669, 0.002345, 0.002316
634, 0.002664, 0.002351, 0.002320
635, 0.002661, 0.002351, 0.002321
636, 0.002662, 0.002341, 0.002312
637, 0.002664, 0.002352, 0.002321
638, 0.002662, 0.002353, 0.002322
639, 0.002662, 0.002342, 0.002314
640, 0.002660, 0.002357, 0.002326
641, 0.002659, 0.002344, 0.002314
642, 0.002657, 0.002339, 0.002311
643, 0.002662, 0.002358, 0.002327
644, 0.002660, 0.002336, 0.002309
645, 0.002664, 0.002348, 0.002318
646, 0.002657, 0.002349, 0.002319
647, 0.002655, 0.002338, 0.002309
648, 0.002658, 0.002347, 0.002316
649, 0.002653, 0.002342, 0.002312
650, 0.002656, 0.002337, 0.002307
651, 0.002653, 0.002340, 0.002310
652, 0.002654, 0.002342, 0.002311
653, 0.002648, 0.002336, 0.002306
654, 0.002648, 0.002341, 0.002310
655, 0.002651, 0.002334, 0.002305
656, 0.002650, 0.002339, 0.002309
657, 0.002646, 0.002335, 0.002305
658, 0.002649, 0.002336, 0.002306
659, 0.002648, 0.002343, 0.002311
660, 0.002647, 0.002329, 0.002299
661, 0.002648, 0.002335, 0.002305
662, 0.002645, 0.002331, 0.002301
663, 0.002644, 0.002332, 0.002302
664, 0.002647, 0.002332, 0.002302
665, 0.002646, 0.002332, 0.002302
666, 0.002643, 0.002331, 0.002301
667, 0.002645, 0.002330, 0.002300
668, 0.002638, 0.002327, 0.002297
669, 0.002636, 0.002329, 0.002299
670, 0.002639, 0.002326, 0.002296
671, 0.002638, 0.002330, 0.002300
672, 0.002637, 0.002322, 0.002293
673, 0.002636, 0.002332, 0.002300
674, 0.002641, 0.002319, 0.002289
675, 0.002636, 0.002321, 0.002292
676, 0.002635, 0.002326, 0.002296
677, 0.002634, 0.002318, 0.002289
678, 0.002635, 0.002332, 0.002301
679, 0.002635, 0.002317, 0.002289
680, 0.002633, 0.002322, 0.002293
681, 0.002632, 0.002320, 0.002290
682, 0.002634, 0.002312, 0.002283
683, 0.002630, 0.002318, 0.002288
684, 0.002629, 0.002311, 0.002282
685, 0.002626, 0.002320, 0.002289
686, 0.002629, 0.002320, 0.002290
687, 0.002623, 0.002306, 0.002278
688, 0.002626, 0.002325, 0.002294
689, 0.002628, 0.002310, 0.002281
690, 0.002622, 0.002302, 0.002274
691, 0.002622, 0.002325, 0.002294
692, 0.002628, 0.002300, 0.002272
693, 0.002623, 0.002317, 0.002286
694, 0.002617, 0.002304, 0.002275
695, 0.002619, 0.002298, 0.002270
696, 0.002613, 0.002314, 0.002283
697, 0.002621, 0.002294, 0.002266
698, 0.002614, 0.002316, 0.002284
699, 0.002615, 0.002299, 0.002269
700, 0.002611, 0.002297, 0.002267
701, 0.002612, 0.002306, 0.002275
702, 0.002609, 0.002289, 0.002261
703, 0.002608, 0.002308, 0.002278
704, 0.002609, 0.002290, 0.002261
705, 0.002604, 0.002289, 0.002260
706, 0.002608, 0.002304, 0.002273
707, 0.002606, 0.002282, 0.002255
708, 0.002602, 0.002295, 0.002265
709, 0.002599, 0.002289, 0.002259
710, 0.002597, 0.002277, 0.002250
711, 0.002601, 0.002310, 0.002278
712, 0.002605, 0.002275, 0.002248
713, 0.002595, 0.002283, 0.002254
714, 0.002594, 0.002285, 0.002255
715, 0.002588, 0.002273, 0.002245
716, 0.002587, 0.002279, 0.002249
717, 0.002586, 0.002279, 0.002249
718, 0.002587, 0.002268, 0.002240
719, 0.002588, 0.002278, 0.002248
720, 0.002583, 0.002273, 0.002244
721, 0.002583, 0.002266, 0.002237
722, 0.002578, 0.002269, 0.002240
723, 0.002575, 0.002265, 0.002236
724, 0.002580, 0.002260, 0.002232
725, 0.002574, 0.002259, 0.002230
726, 0.002573, 0.002269, 0.002239
727, 0.002571, 0.002253, 0.002226
728, 0.002572, 0.002264, 0.002234
729, 0.002569, 0.002254, 0.002225
730, 0.002570, 0.002249, 0.002220
731, 0.002562, 0.002260, 0.002230
732, 0.002568, 0.002245, 0.002216
733, 0.002563, 0.002251, 0.002221
734, 0.002557, 0.002252, 0.002221
735, 0.002556, 0.002237, 0.002209
736, 0.002560, 0.002253, 0.002223
737, 0.002558, 0.002233, 0.002205
738, 0.002551, 0.002236, 0.002207
739, 0.002545, 0.002243, 0.002214
740, 0.002548, 0.002227, 0.002200
741, 0.002547, 0.002240, 0.002210
742, 0.002545, 0.002225, 0.002197
743, 0.002541, 0.002224, 0.002196
744, 0.002540, 0.002233, 0.002203
745, 0.002541, 0.002214, 0.002188
746, 0.002539, 0.002235, 0.002205
747, 0.002537, 0.002213, 0.002185
748, 0.002529, 0.002213, 0.002184
749, 0.002527, 0.002217, 0.002188
750, 0.002523, 0.002205, 0.002177
751, 0.002521, 0.002209, 0.002180
752, 0.002519, 0.002209, 0.002179
753, 0.002517, 0.002198, 0.002170
754, 0.002516, 0.002206, 0.002176
755, 0.002511, 0.002197, 0.002169
756, 0.002509, 0.002191, 0.002163
757, 0.002507, 0.002200, 0.002171
758, 0.002513, 0.002183, 0.002156
759, 0.002505, 0.002198, 0.002169
760, 0.002504, 0.002179, 0.002151
761, 0.002497, 0.002186, 0.002156
762, 0.002494, 0.002182, 0.002152
763, 0.002492, 0.002167, 0.002141
764, 0.002496, 0.002205, 0.002172
765, 0.002500, 0.002160, 0.002134
766, 0.002488, 0.002164, 0.002136
767, 0.002481, 0.002182, 0.002152
768, 0.002481, 0.002152, 0.002126
769, 0.002482, 0.002177, 0.002147
770, 0.002476, 0.002146, 0.002120
771, 0.002467, 0.002156, 0.002127
772, 0.002462, 0.002149, 0.002120
773, 0.002458, 0.002138, 0.002110
774, 0.002459, 0.002146, 0.002116
775, 0.002454, 0.002132, 0.002104
776, 0.002452, 0.002135, 0.002106
777, 0.002448, 0.002125, 0.002097
778, 0.002440, 0.002132, 0.002102
779, 0.002442, 0.002119, 0.002091
780, 0.002434, 0.002119, 0.002091
781, 0.002435, 0.002115, 0.002087
782, 0.002430, 0.002110, 0.002081
783, 0.002425, 0.002109, 0.002081
784, 0.002419, 0.002102, 0.002074
785, 0.002417, 0.002100, 0.002072
786, 0.002411, 0.002091, 0.002063
787, 0.002405, 0.002090, 0.002062
788, 0.002400, 0.002094, 0.002064
789, 0.002402, 0.002077, 0.002050
790, 0.002399, 0.002079, 0.002050
791, 0.002395, 0.002084, 0.002054
792, 0.002391, 0.002065, 0.002040
793, 0.002396, 0.002110, 0.002080
794, 0.002401, 0.002056, 0.002031
795, 0.002388, 0.002068, 0.002039
796, 0.002377, 0.002055, 0.002026
797, 0.002364, 0.002043, 0.002016
798, 0.002361, 0.002050, 0.002021
799, 0.002358, 0.002035, 0.002007
800, 0.002353, 0.002037, 0.002008
801, 0.002350, 0.002025, 0.001998
802, 0.002345, 0.002028, 0.001999
803, 0.002336, 0.002016, 0.001989
804, 0.002332, 0.002010, 0.001983
805, 0.002329, 0.002019, 0.001990
806, 0.002323, 0.002002, 0.001975
807, 0.002320, 0.002008, 0.001978
808, 0.002316, 0.001989, 0.001962
809, 0.002307, 0.001994, 0.001965
810, 0.002303, 0.001981, 0.001953
811, 0.002296, 0.001980, 0.001952
812, 0.002295, 0.001978, 0.001950
813, 0.002286, 0.001963, 0.001936
814, 0.002287, 0.001981, 0.001951
815, 0.002284, 0.001951, 0.001926
816, 0.002283, 0.001971, 0.001941
817, 0.002273, 0.001940, 0.001914
818, 0.002263, 0.001943, 0.001915
819, 0.002251, 0.001935, 0.001907
820, 0.002249, 0.001922, 0.001896
821, 0.002240, 0.001938, 0.001908
822, 0.002239, 0.001912, 0.001887
823, 0.002240, 0.001934, 0.001903
824, 0.002231, 0.001899, 0.001872
825, 0.002219, 0.001900, 0.001872
826, 0.002209, 0.001902, 0.001872
827, 0.002206, 0.001881, 0.001855
828, 0.002210, 0.001919, 0.001888
829, 0.002210, 0.001877, 0.001855
830, 0.002206, 0.001894, 0.001864
831, 0.002192, 0.001856, 0.001829
832, 0.002175, 0.001853, 0.001828
833, 0.002176, 0.001885, 0.001855
834, 0.002185, 0.001843, 0.001819
835, 0.002180, 0.001878, 0.001847
836, 0.002171, 0.001824, 0.001800
837, 0.002155, 0.001832, 0.001804
838, 0.002135, 0.001818, 0.001790
839, 0.002126, 0.001802, 0.001777
840, 0.002124, 0.001827, 0.001797
841, 0.002126, 0.001788, 0.001763
842, 0.002120, 0.001806, 0.001777
843, 0.002109, 0.001775, 0.001749
844, 0.002097, 0.001775, 0.001747
845, 0.002084, 0.001769, 0.001742
846, 0.002078, 0.001753, 0.001726
847, 0.002074, 0.001748, 0.001721
848, 0.002063, 0.001744, 0.001718
849, 0.002055, 0.001738, 0.001710
850, 0.002048, 0.001725, 0.001698
851, 0.002037, 0.001720, 0.001695
852, 0.002034, 0.001715, 0.001687
853, 0.002026, 0.001702, 0.001676
854, 0.002018, 0.001705, 0.001677
855, 0.002010, 0.001685, 0.001659
856, 0.002005, 0.001681, 0.001654
857, 0.001992, 0.001678, 0.001651
858, 0.001985, 0.001662, 0.001637
859, 0.001984, 0.001664, 0.001636
860, 0.001976, 0.001648, 0.001623
861, 0.001963, 0.001647, 0.001621
862, 0.001957, 0.001632, 0.001606
863, 0.001948, 0.001624, 0.001598
864, 0.001941, 0.001620, 0.001594
865, 0.001933, 0.001608, 0.001582
866, 0.001924, 0.001606, 0.001579
867, 0.001914, 0.001596, 0.001570
868, 0.001909, 0.001585, 0.001560
869, 0.001900, 0.001578, 0.001552
870, 0.001895, 0.001570, 0.001545
871, 0.001883, 0.001563, 0.001538
872, 0.001874, 0.001554, 0.001527
873, 0.001868, 0.001541, 0.001515
874, 0.001861, 0.001551, 0.001525
875, 0.001854, 0.001526, 0.001502
876, 0.001850, 0.001545, 0.001517
877, 0.001840, 0.001510, 0.001488
878, 0.001833, 0.001510, 0.001483
879, 0.001818, 0.001496, 0.001470
880, 0.001809, 0.001484, 0.001462
881, 0.001803, 0.001496, 0.001469
882, 0.001796, 0.001466, 0.001442
883, 0.001795, 0.001481, 0.001454
884, 0.001778, 0.001450, 0.001427
885, 0.001768, 0.001442, 0.001416
886, 0.001760, 0.001446, 0.001421
887, 0.001751, 0.001422, 0.001400
888, 0.001746, 0.001443, 0.001415
889, 0.001740, 0.001410, 0.001390
890, 0.001734, 0.001425, 0.001399
891, 0.001723, 0.001388, 0.001366
892, 0.001709, 0.001391, 0.001366
893, 0.001697, 0.001374, 0.001351
894, 0.001691, 0.001366, 0.001343
895, 0.001681, 0.001374, 0.001347
896, 0.001681, 0.001347, 0.001328
897, 0.001676, 0.001378, 0.001350
898, 0.001667, 0.001331, 0.001311
899, 0.001660, 0.001352, 0.001327
900, 0.001650, 0.001315, 0.001293
901, 0.001633, 0.001309, 0.001284
902, 0.001620, 0.001300, 0.001277
903, 0.001608, 0.001284, 0.001262
904, 0.001601, 0.001292, 0.001266
905, 0.001598, 0.001271, 0.001251
906, 0.001595, 0.001283, 0.001257
907, 0.001582, 0.001248, 0.001228
908, 0.001576, 0.001264, 0.001240
909, 0.001563, 0.001232, 0.001210
910, 0.001555, 0.001234, 0.001211
911, 0.001539, 0.001236, 0.001213
912, 0.001537, 0.001208, 0.001190
913, 0.001539, 0.001252, 0.001226
914, 0.001544, 0.001205, 0.001190
915, 0.001544, 0.001257, 0.001230
916, 0.001543, 0.001186, 0.001169
917, 0.001521, 0.001201, 0.001176
918, 0.001499, 0.001155, 0.001134
919, 0.001478, 0.001158, 0.001137
920, 0.001463, 0.001149, 0.001126
921, 0.001462, 0.001133, 0.001113
922, 0.001457, 0.001168, 0.001145
923, 0.001463, 0.001119, 0.001100
924, 0.001458, 0.001150, 0.001126
925, 0.001443, 0.001102, 0.001083
926, 0.001422, 0.001095, 0.001074
927, 0.001409, 0.001104, 0.001081
928, 0.001404, 0.001072, 0.001054
929, 0.001402, 0.001087, 0.001063
930, 0.001388, 0.001058, 0.001039
931, 0.001375, 0.001055, 0.001035
932, 0.001368, 0.001051, 0.001029
933, 0.001357, 0.001033, 0.001014
934, 0.001351, 0.001037, 0.001017
935, 0.001342, 0.001021, 0.001001
936, 0.001335, 0.001011, 0.000993
937, 0.001327, 0.001032, 0.001011
938, 0.001327, 0.000993, 0.000976
939, 0.001328, 0.001034, 0.001013
940, 0.001319, 0.000978, 0.000963
941, 0.001307, 0.000980, 0.000960
942, 0.001287, 0.000983, 0.000965
943, 0.001287, 0.000957, 0.000940
944, 0.001289, 0.000998, 0.000974
945, 0.001282, 0.000944, 0.000931
946, 0.001269, 0.000946, 0.000925
947, 0.001254, 0.000937, 0.000919
948, 0.001243, 0.000919, 0.000905
949, 0.001245, 0.000963, 0.000940
950, 0.001257, 0.000916, 0.000905
951, 0.001251, 0.000944, 0.000923
952, 0.001238, 0.000898, 0.000883
953, 0.001224, 0.000892, 0.000875
954, 0.001206, 0.000897, 0.000880
955, 0.001198, 0.000869, 0.000852
956, 0.001201, 0.000898, 0.000880
957, 0.001191, 0.000854, 0.000840
958, 0.001175, 0.000851, 0.000832
959, 0.001170, 0.000873, 0.000856
960, 0.001168, 0.000830, 0.000816
961, 0.001161, 0.000853, 0.000834
962, 0.001151, 0.000836, 0.000824
963, 0.001145, 0.000820, 0.000801
964, 0.001138, 0.000827, 0.000810
965, 0.001131, 0.000804, 0.000792
966, 0.001127, 0.000817, 0.000797
967, 0.001120, 0.000786, 0.000772
968, 0.001104, 0.000796, 0.000782
969, 0.001101, 0.000784, 0.000767
970, 0.001097, 0.000770, 0.000755
971, 0.001090, 0.000792, 0.000778
972, 0.001086, 0.000759, 0.000742
973, 0.001086, 0.000773, 0.000759
974, 0.001077, 0.000756, 0.000741
975, 0.001070, 0.000750, 0.000736
976, 0.001064, 0.000742, 0.000728
977, 0.001049, 0.000729, 0.000715
978, 0.001043, 0.000730, 0.000715
979, 0.001045, 0.000727, 0.000714
980, 0.001036, 0.000711, 0.000698
981, 0.001026, 0.000708, 0.000694
982, 0.001020, 0.000705, 0.000692
983, 0.001013, 0.000702, 0.000688
984, 0.001011, 0.000691, 0.000677
985, 0.001007, 0.000698, 0.000686
986, 0.001003, 0.000683, 0.000666
987, 0.001000, 0.000682, 0.000670
988, 0.000989, 0.000668, 0.000654
989, 0.000982, 0.000666, 0.000651
990, 0.000977, 0.000662, 0.000652
991, 0.000976, 0.000668, 0.000653
992, 0.000970, 0.000656, 0.000646
993, 0.000975, 0.000665, 0.000650
994, 0.000972, 0.000660, 0.000650
995, 0.000963, 0.000643, 0.000628
996, 0.000965, 0.000650, 0.000641
997, 0.000954, 0.000622, 0.000609
998, 0.000940, 0.000628, 0.000615
999, 0.000935, 0.000617, 0.000607
1000, 0.000932, 0.000620, 0.000606
1001, 0.000924, 0.000605, 0.000594
1002, 0.000923, 0.000619, 0.000607
1003, 0.000923, 0.000602, 0.000591
1004, 0.000916, 0.000591, 0.000579
1005, 0.000906, 0.000600, 0.000588
1006, 0.000901, 0.000583, 0.000572
1007, 0.000898, 0.000583, 0.000570
1008, 0.000891, 0.000583, 0.000572
1009, 0.000887, 0.000570, 0.000558
1010, 0.000883, 0.000579, 0.000566
1011, 0.000879, 0.000565, 0.000556
1012, 0.000876, 0.000564, 0.000552
1013, 0.000869, 0.000558, 0.000547
1014, 0.000870, 0.000554, 0.000544
1015, 0.000861, 0.000551, 0.000541
1016, 0.000855, 0.000548, 0.000538
1017, 0.000851, 0.000542, 0.000531
1018, 0.000849, 0.000536, 0.000526
1019, 0.000847, 0.000543, 0.000533
1020, 0.000845, 0.000527, 0.000517
1021, 0.000844, 0.000537, 0.000526
1022, 0.000838, 0.000519, 0.000511
1023, 0.000833, 0.000539, 0.000526
1024, 0.000835, 0.000513, 0.000505
1025, 0.000838, 0.000541, 0.000527
1026, 0.000830, 0.000505, 0.000497
1027, 0.000826, 0.000531, 0.000520
1028, 0.000824, 0.000499, 0.000490
1029, 0.000819, 0.000517, 0.000505
1030, 0.000818, 0.000523, 0.000518
1031, 0.000828, 0.000521, 0.000507
1032, 0.000831, 0.000534, 0.000527
1033, 0.000835, 0.000513, 0.000502
1034, 0.000832, 0.000536, 0.000526
1035, 0.000829, 0.000487, 0.000478
1036, 0.000812, 0.000508, 0.000497
1037, 0.000799, 0.000469, 0.000460
1038, 0.000790, 0.000480, 0.000471
1039, 0.000790, 0.000491, 0.000484
1040, 0.000793, 0.000478, 0.000466
1041, 0.000792, 0.000491, 0.000487
1042, 0.000793, 0.000476, 0.000465
1043, 0.000783, 0.000454, 0.000449
1044, 0.000774, 0.000491, 0.000482
1045, 0.000776, 0.000453, 0.000444
1046, 0.000778, 0.000478, 0.000470
1047, 0.000772, 0.000452, 0.000444
1048, 0.000763, 0.000452, 0.000443
1049, 0.000754, 0.000456, 0.000448
1050, 0.000759, 0.000452, 0.000442
1051, 0.000768, 0.000466, 0.000459
1052, 0.000760, 0.000434, 0.000426
1053, 0.000749, 0.000446, 0.000437
1054, 0.000744, 0.000444, 0.000438
1055, 0.000751, 0.000448, 0.000438
1056, 0.000752, 0.000441, 0.000437
1057, 0.000752, 0.000444, 0.000432
1058, 0.000745, 0.000419, 0.000414
1059, 0.000737, 0.000459, 0.000450
1060, 0.000739, 0.000417, 0.000410
1061, 0.000738, 0.000424, 0.000419
1062, 0.000731, 0.000433, 0.000423
1063, 0.000726, 0.000407, 0.000400
1064, 0.000729, 0.000440, 0.000431
1065, 0.000725, 0.000404, 0.000397
1066, 0.000721, 0.000410, 0.000402
1067, 0.000719, 0.000426, 0.000419
1068, 0.000717, 0.000401, 0.000394
1069, 0.000716, 0.000416, 0.000409
1070, 0.000712, 0.000404, 0.000397
1071, 0.000708, 0.000400, 0.000393
1072, 0.000710, 0.000409, 0.000404
1073, 0.000706, 0.000399, 0.000393
1074, 0.000705, 0.000405, 0.000397
1075, 0.000709, 0.000393, 0.000387
1076, 0.000701, 0.000405, 0.000397
1077, 0.000700, 0.000400, 0.000393
1078, 0.000707, 0.000405, 0.000396
1079, 0.000708, 0.000399, 0.000395
1080, 0.000701, 0.000394, 0.000387
1081, 0.000701, 0.000388, 0.000385
1082, 0.000695, 0.000393, 0.000387
1083, 0.000690, 0.000377, 0.000370
1084, 0.000692, 0.000394, 0.000389
1085, 0.000691, 0.000379, 0.000371
1086, 0.000685, 0.000374, 0.000368
1087, 0.000688, 0.000402, 0.000396
1088, 0.000695, 0.000368, 0.000363
1089, 0.000693, 0.000416, 0.000407
1090, 0.000690, 0.000374, 0.000372
1091, 0.000693, 0.000402, 0.000393
1092, 0.000690, 0.000368, 0.000364
1093, 0.000683, 0.000390, 0.000383
1094, 0.000678, 0.000371, 0.000364
1095, 0.000675, 0.000364, 0.000358
1096, 0.000672, 0.000374, 0.000367
1097, 0.000669, 0.000364, 0.000358
1098, 0.000672, 0.000374, 0.000368
1099, 0.000673, 0.000363, 0.000360
1100, 0.000672, 0.000386, 0.000379
1101, 0.000677, 0.000356, 0.000353
1102, 0.000676, 0.000398, 0.000392
1103, 0.000678, 0.000351, 0.000347
1104, 0.000682, 0.000404, 0.000397
1105, 0.000683, 0.000358, 0.000356
1106, 0.000678, 0.000399, 0.000388
1107, 0.000683, 0.000360, 0.000358
1108, 0.000678, 0.000377, 0.000369
1109, 0.000663, 0.000344, 0.000339
1110, 0.000662, 0.000377, 0.000373
1111, 0.000661, 0.000346, 0.000341
1112, 0.000652, 0.000343, 0.000338
1113, 0.000652, 0.000372, 0.000367
1114, 0.000656, 0.000338, 0.000334
1115, 0.000653, 0.000362, 0.000355
1116, 0.000651, 0.000348, 0.000344
1117, 0.000649, 0.000338, 0.000332
1118, 0.000647, 0.000362, 0.000355
1119, 0.000651, 0.000339, 0.000336
1120, 0.000656, 0.000379, 0.000369
1121, 0.000662, 0.000340, 0.000338
1122, 0.000666, 0.000373, 0.000365
1123, 0.000659, 0.000337, 0.000334
1124, 0.000642, 0.000334, 0.000331
1125, 0.000642, 0.000362, 0.000355
1126, 0.000650, 0.000336, 0.000335
1127, 0.000653, 0.000371, 0.000363
1128, 0.000647, 0.000326, 0.000321
1129, 0.000649, 0.000354, 0.000350
1130, 0.000641, 0.000335, 0.000329
1131, 0.000635, 0.000327, 0.000324
1132, 0.000640, 0.000376, 0.000369
1133, 0.000648, 0.000323, 0.000319
1134, 0.000651, 0.000361, 0.000354
1135, 0.000641, 0.000325, 0.000321
1136, 0.000630, 0.000326, 0.000320
1137, 0.000631, 0.000342, 0.000337
1138, 0.000630, 0.000324, 0.000322
1139, 0.000630, 0.000332, 0.000325
1140, 0.000630, 0.000336, 0.000334
1141, 0.000633, 0.000320, 0.000315
1142, 0.000629, 0.000323, 0.000318
1143, 0.000623, 0.000338, 0.000335
1144, 0.000629, 0.000317, 0.000312
1145, 0.000628, 0.000333, 0.000328
1146, 0.000623, 0.000324, 0.000321
1147, 0.000626, 0.000329, 0.000323
1148, 0.000628, 0.000329, 0.000326
1149, 0.000627, 0.000323, 0.000318
1150, 0.000621, 0.000318, 0.000314
1151, 0.000619, 0.000334, 0.000328
1152, 0.000622, 0.000315, 0.000311
1153, 0.000625, 0.000339, 0.000332
1154, 0.000623, 0.000313, 0.000309
1155, 0.000621, 0.000322, 0.000316
1156, 0.000618, 0.000325, 0.000320
1157, 0.000618, 0.000309, 0.000304
1158, 0.000620, 0.000338, 0.000333
1159, 0.000620, 0.000311, 0.000308
1160, 0.000618, 0.000328, 0.000322
1161, 0.000618, 0.000316, 0.000312
1162, 0.000615, 0.000311, 0.000307
1163, 0.000615, 0.000333, 0.000328
1164, 0.000619, 0.000311, 0.000310
1165, 0.000620, 0.000327, 0.000322
1166, 0.000619, 0.000316, 0.000312
1167, 0.000609, 0.000312, 0.000309
1168, 0.000617, 0.000331, 0.000325
1169, 0.000616, 0.000306, 0.000303
1170, 0.000618, 0.000338, 0.000333
1171, 0.000616, 0.000306, 0.000302
1172, 0.000612, 0.000312, 0.000307
1173, 0.000607, 0.000332, 0.000326
1174, 0.000611, 0.000302, 0.000299
1175, 0.000622, 0.000358, 0.000352
1176, 0.000623, 0.000302, 0.000299
1177, 0.000617, 0.000329, 0.000323
1178, 0.000610, 0.000315, 0.000312
1179, 0.000608, 0.000307, 0.000302
1180, 0.000607, 0.000327, 0.000321
1181, 0.000609, 0.000299, 0.000297
1182, 0.000611, 0.000332, 0.000326
1183, 0.000616, 0.000307, 0.000305
1184, 0.000611, 0.000308, 0.000303
1185, 0.000609, 0.000314, 0.000310
1186, 0.000605, 0.000304, 0.000303
1187, 0.000604, 0.000315, 0.000310
1188, 0.000604, 0.000307, 0.000304
1189, 0.000604, 0.000316, 0.000312
1190, 0.000600, 0.000300, 0.000296
1191, 0.000605, 0.000314, 0.000311
1192, 0.000601, 0.000310, 0.000307
1193, 0.000599, 0.000302, 0.000297
1194, 0.000605, 0.000321, 0.000317
1195, 0.000603, 0.000299, 0.000295
1196, 0.000599, 0.000315, 0.000310
1197, 0.000600, 0.000307, 0.000305
1198, 0.000602, 0.000308, 0.000302
1199, 0.000600, 0.000311, 0.000308
1200, 0.000594, 0.000302, 0.000300
1201, 0.000602, 0.000318, 0.000313
1202, 0.000603, 0.000299, 0.000298
1203, 0.000600, 0.000325, 0.000320
1204, 0.000604, 0.000293, 0.000289
1205, 0.000608, 0.000330, 0.000327
1206, 0.000604, 0.000295, 0.000290
1207, 0.000597, 0.000303, 0.000298
1208, 0.000593, 0.000313, 0.000310
1209, 0.000596, 0.000294, 0.000289
1210, 0.000599, 0.000309, 0.000306
1211, 0.000594, 0.000298, 0.000296
1212, 0.000592, 0.000299, 0.000294
1213, 0.000596, 0.000312, 0.000309
1214, 0.000595, 0.000293, 0.000291
1215, 0.000595, 0.000324, 0.000318
1216, 0.000600, 0.000300, 0.000298
1217, 0.000596, 0.000314, 0.000309
1218, 0.000595, 0.000294, 0.000289
1219, 0.000595, 0.000311, 0.000308
1220, 0.000594, 0.000306, 0.000302
1221, 0.000589, 0.000296, 0.000291
1222, 0.000594, 0.000313, 0.000310
1223, 0.000595, 0.000293, 0.000290
1224, 0.000592, 0.000306, 0.000301
1225, 0.000591, 0.000297, 0.000295
1226, 0.000591, 0.000301, 0.000297
1227, 0.000588, 0.000293, 0.000290
1228, 0.000590, 0.000314, 0.000312
1229, 0.000593, 0.000295, 0.000290
1230, 0.000593, 0.000293, 0.000289
1231, 0.000587, 0.000317, 0.000314
1232, 0.000590, 0.000289, 0.000285
1233, 0.000594, 0.000318, 0.000314
1234, 0.000592, 0.000293, 0.000290
1235, 0.000590, 0.000304, 0.000298
1236, 0.000591, 0.000305, 0.000303
1237, 0.000591, 0.000295, 0.000292
1238, 0.000585, 0.000307, 0.000300
1239, 0.000592, 0.000303, 0.000304
1240, 0.000601, 0.000332, 0.000325
1241, 0.000603, 0.000283, 0.000282
1242, 0.000599, 0.000353, 0.000350
1243, 0.000613, 0.000289, 0.000285
1244, 0.000607, 0.000315, 0.000312
1245, 0.000590, 0.000294, 0.000292
1246, 0.000585, 0.000301, 0.000295
1247, 0.000596, 0.000312, 0.000309
1248, 0.000589, 0.000288, 0.000284
1249, 0.000586, 0.000313, 0.000306
1250, 0.000594, 0.000301, 0.000301
1251, 0.000599, 0.000312, 0.000305
1252, 0.000591, 0.000285, 0.000282
1253, 0.000586, 0.000317, 0.000315
1254, 0.000593, 0.000297, 0.000291
1255, 0.000593, 0.000293, 0.000291
1256, 0.000586, 0.000309, 0.000306
1257, 0.000582, 0.000288, 0.000283
1258, 0.000591, 0.000307, 0.000305
1259, 0.000583, 0.000299, 0.000295
1260, 0.000580, 0.000285, 0.000280
1261, 0.000586, 0.000316, 0.000312
1262, 0.000586, 0.000287, 0.000284
1263, 0.000582, 0.000296, 0.000291
1264, 0.000583, 0.000304, 0.000302
1265, 0.000582, 0.000287, 0.000284
1266, 0.000581, 0.000306, 0.000300
1267, 0.000585, 0.000290, 0.000288
1268, 0.000580, 0.000298, 0.000295
1269, 0.000582, 0.000290, 0.000286
1270, 0.000580, 0.000294, 0.000290
1271, 0.000576, 0.000295, 0.000291
1272, 0.000578, 0.000284, 0.000280
1273, 0.000579, 0.000309, 0.000305
1274, 0.000579, 0.000284, 0.000281
1275, 0.000578, 0.000304, 0.000299
1276, 0.000581, 0.000291, 0.000289
1277, 0.000581, 0.000296, 0.000293
1278, 0.000580, 0.000290, 0.000287
1279, 0.000579, 0.000293, 0.000292
1280, 0.000579, 0.000303, 0.000298
1281, 0.000581, 0.000283, 0.000281
1282, 0.000580, 0.000306, 0.000302
1283, 0.000579, 0.000285, 0.000281
1284, 0.000577, 0.000289, 0.000286
1285, 0.000576, 0.000296, 0.000293
1286, 0.000575, 0.000280, 0.000277
1287, 0.000576, 0.000308, 0.000304
1288, 0.000579, 0.000284, 0.000282
1289, 0.000580, 0.000301, 0.000295
1290, 0.000580, 0.000289, 0.000287
1291, 0.000577, 0.000293, 0.000289
1292, 0.000573, 0.000295, 0.000290
1293, 0.000578, 0.000282, 0.000280
1294, 0.000579, 0.000308, 0.000303
1295, 0.000578, 0.000278, 0.000275
1296, 0.000579, 0.000319, 0.000315
1297, 0.000580, 0.000283, 0.000280
1298, 0.000575, 0.000294, 0.000290
1299, 0.000573, 0.000296, 0.000293
1300, 0.000574, 0.000288, 0.000283
1301, 0.000571, 0.000292, 0.000288
1302, 0.000572, 0.000294, 0.000291
1303, 0.000572, 0.000281, 0.000276
1304, 0.000576, 0.000297, 0.000294
1305, 0.000573, 0.000285, 0.000282
1306, 0.000574, 0.000292, 0.000288
1307, 0.000571, 0.000289, 0.000286
1308, 0.000572, 0.000285, 0.000282
1309, 0.000571, 0.000298, 0.000293
1310, 0.000572, 0.000286, 0.000283
1311, 0.000574, 0.000290, 0.000287
1312, 0.000568, 0.000286, 0.000282
1313, 0.000570, 0.000292, 0.000288
1314, 0.000572, 0.000294, 0.000290
1315, 0.000571, 0.000284, 0.000280
1316, 0.000567, 0.000301, 0.000297
1317, 0.000573, 0.000282, 0.000278
1318, 0.000574, 0.000307, 0.000303
1319, 0.000576, 0.000280, 0.000280
1320, 0.000580, 0.000327, 0.000322
1321, 0.000583, 0.000280, 0.000280
1322, 0.000585, 0.000326, 0.000321
1323, 0.000580, 0.000275, 0.000272
1324, 0.000573, 0.000301, 0.000297
1325, 0.000570, 0.000284, 0.000281
1326, 0.000570, 0.000290, 0.000285
1327, 0.000567, 0.000287, 0.000284
1328, 0.000571, 0.000287, 0.000284
1329, 0.000567, 0.000296, 0.000292
1330, 0.000568, 0.000282, 0.000279
1331, 0.000567, 0.000302, 0.000297
1332, 0.000572, 0.000279, 0.000276
1333, 0.000568, 0.000304, 0.000299
1334, 0.000569, 0.000279, 0.000276
1335, 0.000568, 0.000296, 0.000291
1336, 0.000566, 0.000284, 0.000281
1337, 0.000567, 0.000289, 0.000286
1338, 0.000569, 0.000286, 0.000282
1339, 0.000565, 0.000289, 0.000285
1340, 0.000567, 0.000289, 0.000285
1341, 0.000565, 0.000280, 0.000275
1342, 0.000570, 0.000299, 0.000294
1343, 0.000566, 0.000281, 0.000278
1344, 0.000567, 0.000290, 0.000285
1345, 0.000566, 0.000283, 0.000280
1346, 0.000565, 0.000289, 0.000286
1347, 0.000565, 0.000282, 0.000277
1348, 0.000564, 0.000293, 0.000290
1349, 0.000566, 0.000281, 0.000278
1350, 0.000565, 0.000292, 0.000288
1351, 0.000564, 0.000285, 0.000282
1352, 0.000564, 0.000284, 0.000281
1353, 0.000565, 0.000299, 0.000294
1354, 0.000568, 0.000275, 0.000273
1355, 0.000569, 0.000325, 0.000320
1356, 0.000576, 0.000273, 0.000270
1357, 0.000576, 0.000324, 0.000320
1358, 0.000575, 0.000270, 0.000268
1359, 0.000570, 0.000306, 0.000302
1360, 0.000566, 0.000280, 0.000278
1361, 0.000564, 0.000276, 0.000272
1362, 0.000564, 0.000313, 0.000308
1363, 0.000569, 0.000269, 0.000268
1364, 0.000575, 0.000331, 0.000325
1365, 0.000581, 0.000274, 0.000274
1366, 0.000579, 0.000323, 0.000318
1367, 0.000576, 0.000270, 0.000268
1368, 0.000571, 0.000299, 0.000297
1369, 0.000567, 0.000283, 0.000279
1370, 0.000564, 0.000274, 0.000271
1371, 0.000560, 0.000305, 0.000301
1372, 0.000566, 0.000274, 0.000269
1373, 0.000564, 0.000296, 0.000290
1374, 0.000563, 0.000280, 0.000276
1375, 0.000562, 0.000283, 0.000278
1376, 0.000560, 0.000288, 0.000284
1377, 0.000560, 0.000274, 0.000271
1378, 0.000563, 0.000296, 0.000291
1379, 0.000563, 0.000276, 0.000274
1380, 0.000561, 0.000281, 0.000277
1381, 0.000558, 0.000287, 0.000283
1382, 0.000559, 0.000278, 0.000274
1383, 0.000559, 0.000292, 0.000288
1384, 0.000561, 0.000274, 0.000271
1385, 0.000561, 0.000287, 0.000282
1386, 0.000558, 0.000279, 0.000276
1387, 0.000561, 0.000279, 0.000275
1388, 0.000559, 0.000297, 0.000292
1389, 0.000560, 0.000273, 0.000270
1390, 0.000560, 0.000302, 0.000297
1391, 0.000561, 0.000272, 0.000269
1392, 0.000562, 0.000295, 0.000291
1393, 0.000558, 0.000272, 0.000268
1394, 0.000557, 0.000289, 0.000285
1395, 0.000557, 0.000283, 0.000279
1396, 0.000555, 0.000278, 0.000275
1397, 0.000558, 0.000289, 0.000285
1398, 0.000556, 0.000276, 0.000272
1399, 0.000558, 0.000292, 0.000288
1400, 0.000557, 0.000277, 0.000272
1401, 0.000554, 0.000282, 0.000277
1402, 0.000556, 0.000289, 0.000286
1403, 0.000557, 0.000274, 0.000271
1404, 0.000555, 0.000295, 0.000290
1405, 0.000559, 0.000273, 0.000271
1406, 0.000558, 0.000290, 0.000286
1407, 0.000555, 0.000279, 0.000275
1408, 0.000552, 0.000282, 0.000280
1409, 0.000557, 0.000300, 0.000294
1410, 0.000562, 0.000268, 0.000265
1411, 0.000560, 0.000323, 0.000318
1412, 0.000565, 0.000266, 0.000262
1413, 0.000566, 0.000300, 0.000295
1414, 0.000555, 0.000279, 0.000276
1415, 0.000557, 0.000273, 0.000268
1416, 0.000557, 0.000303, 0.000298
1417, 0.000559, 0.000268, 0.000266
1418, 0.000561, 0.000314, 0.000308
1419, 0.000567, 0.000273, 0.000271
1420, 0.000563, 0.000298, 0.000294
1421, 0.000554, 0.000278, 0.000273
1422, 0.000557, 0.000277, 0.000275
1423, 0.000556, 0.000299, 0.000293
1424, 0.000556, 0.000267, 0.000262
1425, 0.000560, 0.000303, 0.000299
1426, 0.000558, 0.000272, 0.000268
1427, 0.000550, 0.000277, 0.000272
1428, 0.000552, 0.000296, 0.000293
1429, 0.000555, 0.000266, 0.000262
1430, 0.000558, 0.000313, 0.000306
1431, 0.000561, 0.000270, 0.000268
1432, 0.000562, 0.000299, 0.000293
1433, 0.000557, 0.000276, 0.000272
1434, 0.000551, 0.000275, 0.000272
1435, 0.000555, 0.000304, 0.000298
1436, 0.000556, 0.000263, 0.000260
1437, 0.000564, 0.000329, 0.000323
1438, 0.000567, 0.000263, 0.000260
1439, 0.000562, 0.000292, 0.000287
1440, 0.000554, 0.000286, 0.000282
1441, 0.000550, 0.000265, 0.000261
1442, 0.000556, 0.000314, 0.000308
1443, 0.000561, 0.000264, 0.000262
1444, 0.000564, 0.000302, 0.000296
1445, 0.000555, 0.000270, 0.000266
1446, 0.000547, 0.000269, 0.000266
1447, 0.000551, 0.000307, 0.000301
1448, 0.000555, 0.000263, 0.000260
1449, 0.000560, 0.000305, 0.000300
1450, 0.000552, 0.000271, 0.000268
1451, 0.000551, 0.000269, 0.000266
1452, 0.000549, 0.000309, 0.000305
1453, 0.000557, 0.000263, 0.000260
1454, 0.000559, 0.000306, 0.000300
1455, 0.000556, 0.000270, 0.000268
1456, 0.000552, 0.000273, 0.000268
1457, 0.000546, 0.000286, 0.000281
1458, 0.000549, 0.000267, 0.000265
1459, 0.000553, 0.000305, 0.000298
1460, 0.000556, 0.000264, 0.000261
1461, 0.000549, 0.000283, 0.000279
1462, 0.000546, 0.000279, 0.000274
1463, 0.000546, 0.000262, 0.000258
1464, 0.000551, 0.000302, 0.000297
1465, 0.000553, 0.000263, 0.000259
1466, 0.000551, 0.000281, 0.000277
1467, 0.000547, 0.000281, 0.000277
1468, 0.000548, 0.000263, 0.000258
1469, 0.000551, 0.000308, 0.000303
1470, 0.000559, 0.000263, 0.000259
1471, 0.000555, 0.000290, 0.000284
1472, 0.000547, 0.000274, 0.000270
1473, 0.000546, 0.000271, 0.000267
1474, 0.000545, 0.000298, 0.000292
1475, 0.000552, 0.000262, 0.000259
1476, 0.000559, 0.000321, 0.000313
1477, 0.000562, 0.000262, 0.000259
1478, 0.000552, 0.000285, 0.000280
1479, 0.000547, 0.000283, 0.000278
1480, 0.000547, 0.000261, 0.000258
1481, 0.000551, 0.000315, 0.000309
1482, 0.000556, 0.000262, 0.000258
1483, 0.000549, 0.000275, 0.000270
1484, 0.000542, 0.000293, 0.000289
1485, 0.000548, 0.000260, 0.000256
1486, 0.000549, 0.000297, 0.000290
1487, 0.000546, 0.000269, 0.000266
1488, 0.000544, 0.000268, 0.000263
1489, 0.000542, 0.000281, 0.000275
1490, 0.000545, 0.000270, 0.000266
1491, 0.000543, 0.000273, 0.000268
1492, 0.000540, 0.000275, 0.000269
1493, 0.000540, 0.000274, 0.000271
1494, 0.000539, 0.000272, 0.000268
1495, 0.000540, 0.000277, 0.000272
1496, 0.000539, 0.000267, 0.000264
1497, 0.000545, 0.000287, 0.000281
1498, 0.000543, 0.000262, 0.000258
1499, 0.000541, 0.000285, 0.000280
1500, 0.000541, 0.000272, 0.000265
1501, 0.000539, 0.000269, 0.000264
1502, 0.000540, 0.000282, 0.000277
1503, 0.000539, 0.000269, 0.000263
1504, 0.000541, 0.000269, 0.000264
1505, 0.000537, 0.000281, 0.000277
1506, 0.000542, 0.000268, 0.000263
1507, 0.000540, 0.000273, 0.000268
1508, 0.000536, 0.000279, 0.000275
1509, 0.000539, 0.000267, 0.000262
1510, 0.000539, 0.000279, 0.000273
1511, 0.000537, 0.000272, 0.000268
1512, 0.000539, 0.000268, 0.000263
1513, 0.000537, 0.000279, 0.000273
1514, 0.000538, 0.000268, 0.000265
1515, 0.000540, 0.000277, 0.000272
1516, 0.000536, 0.000272, 0.000266
1517, 0.000536, 0.000271, 0.000267
1518, 0.000537, 0.000279, 0.000274
1519, 0.000535, 0.000267, 0.000263
1520, 0.000538, 0.000281, 0.000276
1521, 0.000537, 0.000268, 0.000263
1522, 0.000536, 0.000271, 0.000266
1523, 0.000535, 0.000277, 0.000272
1524, 0.000541, 0.000267, 0.000261
1525, 0.000536, 0.000278, 0.000272
1526, 0.000536, 0.000266, 0.000262
1527, 0.000539, 0.000288, 0.000282
1528, 0.000540, 0.000259, 0.000255
1529, 0.000538, 0.000281, 0.000277
1530, 0.000537, 0.000269, 0.000264
1531, 0.000536, 0.000265, 0.000262
1532, 0.000535, 0.000286, 0.000282
1533, 0.000536, 0.000264, 0.000259
1534, 0.000537, 0.000285, 0.000280
1535, 0.000535, 0.000266, 0.000262
1536, 0.000532, 0.000271, 0.000265
1537, 0.000534, 0.000283, 0.000278
1538, 0.000535, 0.000259, 0.000255
1539, 0.000533, 0.000288, 0.000281
1540, 0.000537, 0.000263, 0.000260
1541, 0.000536, 0.000282, 0.000277
1542, 0.000535, 0.000265, 0.000259
1543, 0.000532, 0.000275, 0.000271
1544, 0.000530, 0.000269, 0.000264
1545, 0.000534, 0.000269, 0.000264
1546, 0.000534, 0.000272, 0.000269
1547, 0.000533, 0.000274, 0.000270
1548, 0.000534, 0.000264, 0.000260
1549, 0.000530, 0.000290, 0.000286
1550, 0.000536, 0.000257, 0.000253
1551, 0.000536, 0.000292, 0.000286
1552, 0.000536, 0.000265, 0.000261
1553, 0.000532, 0.000267, 0.000262
1554, 0.000531, 0.000289, 0.000282
1555, 0.000536, 0.000258, 0.000255
1556, 0.000537, 0.000305, 0.000298
1557, 0.000543, 0.000256, 0.000252
1558, 0.000535, 0.000279, 0.000273
1559, 0.000531, 0.000268, 0.000263
1560, 0.000530, 0.000266, 0.000261
1561, 0.000529, 0.000272, 0.000267
1562, 0.000530, 0.000267, 0.000262
1563, 0.000528, 0.000266, 0.000261
1564, 0.000526, 0.000272, 0.000267
1565, 0.000525, 0.000262, 0.000256
1566, 0.000528, 0.000280, 0.000273
1567, 0.000534, 0.000263, 0.000258
1568, 0.000529, 0.000280, 0.000273
1569, 0.000529, 0.000262, 0.000257
1570, 0.000531, 0.000290, 0.000284
1571, 0.000532, 0.000256, 0.000252
1572, 0.000533, 0.000292, 0.000285
1573, 0.000532, 0.000257, 0.000254
1574, 0.000532, 0.000282, 0.000277
1575, 0.000527, 0.000261, 0.000256
1576, 0.000527, 0.000269, 0.000264
1577, 0.000527, 0.000271, 0.000265
1578, 0.000524, 0.000257, 0.000251
1579, 0.000533, 0.000295, 0.000289
1580, 0.000535, 0.000253, 0.000248
1581, 0.000533, 0.000289, 0.000282
1582, 0.000530, 0.000260, 0.000256
1583, 0.000531, 0.000282, 0.000275
1584, 0.000528, 0.000265, 0.000259
1585, 0.000526, 0.000262, 0.000257
1586, 0.000525, 0.000282, 0.000275
1587, 0.000528, 0.000259, 0.000254
1588, 0.000525, 0.000264, 0.000259
1589, 0.000525, 0.000293, 0.000286
1590, 0.000531, 0.000250, 0.000246
1591, 0.000536, 0.000326, 0.000319
1592, 0.000546, 0.000248, 0.000244
1593, 0.000544, 0.000298, 0.000291
1594, 0.000530, 0.000263, 0.000258
1595, 0.000524, 0.000252, 0.000247
1596, 0.000525, 0.000305, 0.000297
1597, 0.000534, 0.000249, 0.000246
1598, 0.000540, 0.000304, 0.000296
1599, 0.000535, 0.000250, 0.000245
1600, 0.000525, 0.000265, 0.000260
1601, 0.000524, 0.000279, 0.000272
1602, 0.000523, 0.000250, 0.000246
1603, 0.000530, 0.000301, 0.000295
1604, 0.000531, 0.000250, 0.000244
1605, 0.000526, 0.000268, 0.000262
1606, 0.000522, 0.000274, 0.000268
1607, 0.000522, 0.000247, 0.000242
1608, 0.000525, 0.000295, 0.000288
1609, 0.000529, 0.000254, 0.000250
1610, 0.000527, 0.000264, 0.000258
1611, 0.000521, 0.000271, 0.000265
1612, 0.000522, 0.000258, 0.000254
1613, 0.000521, 0.000265, 0.000259
1614, 0.000522, 0.000269, 0.000263
1615, 0.000518, 0.000257, 0.000253
1616, 0.000524, 0.000278, 0.000270
1617, 0.000521, 0.000252, 0.000246
1618, 0.000523, 0.000275, 0.000270
1619, 0.000522, 0.000260, 0.000254
1620, 0.000520, 0.000252, 0.000246
1621, 0.000521, 0.000302, 0.000295
1622, 0.000528, 0.000245, 0.000240
1623, 0.000531, 0.000290, 0.000281
1624, 0.000524, 0.000257, 0.000252
1625, 0.000522, 0.000255, 0.000249
1626, 0.000517, 0.000292, 0.000283
1627, 0.000523, 0.000249, 0.000246
1628, 0.000531, 0.000295, 0.000287
1629, 0.000527, 0.000247, 0.000242
1630, 0.000520, 0.000263, 0.000258
1631, 0.000521, 0.000275, 0.000267
1632, 0.000521, 0.000246, 0.000240
1633, 0.000524, 0.000292, 0.000285
1634, 0.000525, 0.000248, 0.000242
1635, 0.000519, 0.000265, 0.000257
1636, 0.000519, 0.000263, 0.000257
1637, 0.000516, 0.000254, 0.000248
1638, 0.000515, 0.000274, 0.000267
1639, 0.000517, 0.000253, 0.000248
1640, 0.000514, 0.000262, 0.000256
1641, 0.000517, 0.000261, 0.000254
1642, 0.000515, 0.000255, 0.000249
1643, 0.000514, 0.000260, 0.000254
1644, 0.000514, 0.000260, 0.000254
1645, 0.000514, 0.000260, 0.000254
1646, 0.000515, 0.000261, 0.000255
1647, 0.000512, 0.000253, 0.000246
1648, 0.000516, 0.000269, 0.000263
1649, 0.000514, 0.000256, 0.000250
1650, 0.000515, 0.000261, 0.000254
1651, 0.000520, 0.000263, 0.000257
1652, 0.000512, 0.000262, 0.000255
1653, 0.000513, 0.000257, 0.000250
1654, 0.000515, 0.000265, 0.000260
1655, 0.000512, 0.000258, 0.000251
1656, 0.000507, 0.000254, 0.000247
1657, 0.000516, 0.000273, 0.000267
1658, 0.000516, 0.000251, 0.000245
1659, 0.000513, 0.000266, 0.000258
1660, 0.000513, 0.000262, 0.000257
1661, 0.000514, 0.000256, 0.000250
1662, 0.000512, 0.000271, 0.000264
1663, 0.000513, 0.000255, 0.000250
1664, 0.000516, 0.000268, 0.000261
1665, 0.000508, 0.000251, 0.000245
1666, 0.000512, 0.000268, 0.000262
1667, 0.000513, 0.000254, 0.000247
1668, 0.000509, 0.000255, 0.000248
1669, 0.000509, 0.000262, 0.000255
1670, 0.000510, 0.000249, 0.000242
1671, 0.000513, 0.000277, 0.000268
1672, 0.000515, 0.000243, 0.000238
1673, 0.000513, 0.000293, 0.000285
1674, 0.000519, 0.000242, 0.000236
1675, 0.000518, 0.000285, 0.000277
1676, 0.000512, 0.000254, 0.000248
1677, 0.000506, 0.000247, 0.000240
1678, 0.000509, 0.000284, 0.000275
1679, 0.000512, 0.000241, 0.000236
1680, 0.000515, 0.000289, 0.000281
1681, 0.000515, 0.000246, 0.000239
1682, 0.000509, 0.000257, 0.000251
1683, 0.000504, 0.000275, 0.000267
1684, 0.000510, 0.000238, 0.000232
1685, 0.000516, 0.000300, 0.000291
1686, 0.000517, 0.000241, 0.000235
1687, 0.000511, 0.000263, 0.000255
1688, 0.000506, 0.000266, 0.000259
1689, 0.000505, 0.000244, 0.000238
1690, 0.000507, 0.000285, 0.000276
1691, 0.000511, 0.000244, 0.000237
1692, 0.000507, 0.000260, 0.000252
1693, 0.000504, 0.000269, 0.000261
1694, 0.000505, 0.000243, 0.000237
1695, 0.000507, 0.000278, 0.000268
1696, 0.000506, 0.000241, 0.000235
1697, 0.000509, 0.000268, 0.000260
1698, 0.000504, 0.000250, 0.000242
1699, 0.000504, 0.000248, 0.000242
1700, 0.000504, 0.000272, 0.000264
1701, 0.000504, 0.000242, 0.000235
1702, 0.000505, 0.000272, 0.000263
1703, 0.000507, 0.000249, 0.000242
1704, 0.000504, 0.000251, 0.000243
1705, 0.000500, 0.000263, 0.000255
1706, 0.000501, 0.000246, 0.000239
1707, 0.000503, 0.000269, 0.000260
1708, 0.000503, 0.000247, 0.000239
1709, 0.000501, 0.000257, 0.000249
1710, 0.000500, 0.000256, 0.000247
1711, 0.000500, 0.000248, 0.000241
1712, 0.000499, 0.000258, 0.000251
1713, 0.000503, 0.000253, 0.000245
1714, 0.000500, 0.000254, 0.000247
1715, 0.000498, 0.000257, 0.000251
1716, 0.000501, 0.000256, 0.000248
1717, 0.000500, 0.000241, 0.000235
1718, 0.000502, 0.000278, 0.000270
1719, 0.000505, 0.000235, 0.000229
1720, 0.000508, 0.000284, 0.000275
1721, 0.000507, 0.000239, 0.000232
1722, 0.000501, 0.000256, 0.000247
1723, 0.000499, 0.000262, 0.000253
1724, 0.000499, 0.000242, 0.000235
1725, 0.000503, 0.000276, 0.000267
1726, 0.000502, 0.000240, 0.000233
1727, 0.000499, 0.000264, 0.000257
1728, 0.000500, 0.000248, 0.000240
1729, 0.000496, 0.000254, 0.000246
1730, 0.000493, 0.000261, 0.000254
1731, 0.000498, 0.000244, 0.000237
1732, 0.000499, 0.000274, 0.000265
1733, 0.000503, 0.000238, 0.000232
1734, 0.000502, 0.000277, 0.000268
1735, 0.000498, 0.000238, 0.000230
1736, 0.000497, 0.000258, 0.000250
1737, 0.000497, 0.000258, 0.000249
1738, 0.000495, 0.000238, 0.000230
1739, 0.000499, 0.000276, 0.000267
1740, 0.000499, 0.000237, 0.000230
1741, 0.000499, 0.000268, 0.000258
1742, 0.000498, 0.000241, 0.000234
1743, 0.000498, 0.000265, 0.000256
1744, 0.000494, 0.000250, 0.000241
1745, 0.000497, 0.000254, 0.000247
1746, 0.000496, 0.000261, 0.000252
1747, 0.000492, 0.000239, 0.000231
1748, 0.000501, 0.000280, 0.000272
1749, 0.000501, 0.000236, 0.000229
1750, 0.000496, 0.000273, 0.000262
1751, 0.000498, 0.000245, 0.000238
1752, 0.000494, 0.000253, 0.000244
1753, 0.000492, 0.000253, 0.000244
1754, 0.000492, 0.000240, 0.000232
1755, 0.000494, 0.000268, 0.000259
1756, 0.000493, 0.000236, 0.000228
1757, 0.000495, 0.000265, 0.000257
1758, 0.000494, 0.000242, 0.000234
1759, 0.000491, 0.000247, 0.000239
1760, 0.000490, 0.000260, 0.000252
1761, 0.000493, 0.000235, 0.000228
1762, 0.000492, 0.000268, 0.000259
1763, 0.000492, 0.000239, 0.000231
1764, 0.000492, 0.000259, 0.000250
1765, 0.000489, 0.000245, 0.000237
1766, 0.000491, 0.000249, 0.000239
1767, 0.000488, 0.000263, 0.000253
1768, 0.000493, 0.000231, 0.000224
1769, 0.000496, 0.000277, 0.000267
1770, 0.000495, 0.000232, 0.000224
1771, 0.000490, 0.000254, 0.000245
1772, 0.000488, 0.000253, 0.000244
1773, 0.000487, 0.000235, 0.000226
1774, 0.000490, 0.000270, 0.000259
1775, 0.000491, 0.000231, 0.000223
1776, 0.000493, 0.000275, 0.000264
1777, 0.000492, 0.000233, 0.000224
1778, 0.000489, 0.000256, 0.000247
1779, 0.000487, 0.000250, 0.000241
1780, 0.000485, 0.000241, 0.000233
1781, 0.000486, 0.000258, 0.000250
1782, 0.000489, 0.000234, 0.000226
1783, 0.000489, 0.000267, 0.000257
1784, 0.000489, 0.000233, 0.000225
1785, 0.000489, 0.000257, 0.000247
1786, 0.000490, 0.000242, 0.000233
1787, 0.000486, 0.000242, 0.000233
1788, 0.000486, 0.000258, 0.000247
1789, 0.000486, 0.000228, 0.000219
1790, 0.000488, 0.000271, 0.000262
1791, 0.000487, 0.000234, 0.000226
1792, 0.000485, 0.000243, 0.000234
1793, 0.000483, 0.000264, 0.000254
1794, 0.000484, 0.000228, 0.000220
1795, 0.000490, 0.000274, 0.000262
1796, 0.000490, 0.000228, 0.000220
1797, 0.000486, 0.000256, 0.000246
1798, 0.000482, 0.000247, 0.000237
1799, 0.000482, 0.000237, 0.000228
1800, 0.000484, 0.000273, 0.000261
1801, 0.000487, 0.000228, 0.000219
1802, 0.000485, 0.000261, 0.000251
1803, 0.000483, 0.000241, 0.000231
1804, 0.000484, 0.000243, 0.000233
1805, 0.000481, 0.000250, 0.000239
1806, 0.000481, 0.000240, 0.000230
1807, 0.000480, 0.000245, 0.000236
1808, 0.000481, 0.000245, 0.000235
1809, 0.000479, 0.000233, 0.000225
1810, 0.000480, 0.000255, 0.000245
1811, 0.000480, 0.000239, 0.000230
1812, 0.000478, 0.000239, 0.000229
1813, 0.000481, 0.000244, 0.000235
1814, 0.000480, 0.000245, 0.000236
1815, 0.000479, 0.000238, 0.000229
1816, 0.000480, 0.000258, 0.000248
1817, 0.000481, 0.000233, 0.000224
1818, 0.000480, 0.000255, 0.000244
1819, 0.000480, 0.000239, 0.000230
1820, 0.000476, 0.000239, 0.000229
1821, 0.000478, 0.000244, 0.000234
1822, 0.000477, 0.000238, 0.000229
1823, 0.000477, 0.000250, 0.000240
1824, 0.000476, 0.000238, 0.000228
1825, 0.000475, 0.000245, 0.000235
1826, 0.000475, 0.000246, 0.000236
1827, 0.000473, 0.000239, 0.000229
1828, 0.000474, 0.000252, 0.000241
1829, 0.000475, 0.000242, 0.000232
1830, 0.000479, 0.000240, 0.000229
1831, 0.000476, 0.000260, 0.000249
1832, 0.000480, 0.000224, 0.000215
1833, 0.000480, 0.000274, 0.000263
1834, 0.000482, 0.000224, 0.000215
1835, 0.000478, 0.000250, 0.000240
1836, 0.000474, 0.000249, 0.000239
1837, 0.000474, 0.000219, 0.000210
1838, 0.000485, 0.000299, 0.000286
1839, 0.000489, 0.000218, 0.000210
1840, 0.000488, 0.000283, 0.000270
1841, 0.000481, 0.000227, 0.000217
1842, 0.000476, 0.000238, 0.000229
1843, 0.000473, 0.000272, 0.000260
1844, 0.000477, 0.000220, 0.000211
1845, 0.000488, 0.000300, 0.000288
1846, 0.000494, 0.000214, 0.000206
1847, 0.000495, 0.000292, 0.000280
1848, 0.000488, 0.000222, 0.000213
1849, 0.000475, 0.000241, 0.000231
1850, 0.000474, 0.000262, 0.000250
1851, 0.000476, 0.000218, 0.000209
1852, 0.000485, 0.000302, 0.000289
1853, 0.000498, 0.000217, 0.000208
1854, 0.000489, 0.000269, 0.000257
1855, 0.000480, 0.000233, 0.000223
1856, 0.000472, 0.000224, 0.000215
1857, 0.000474, 0.000271, 0.000259
1858, 0.000478, 0.000219, 0.000208
1859, 0.000475, 0.000251, 0.000240
1860, 0.000472, 0.000239, 0.000227
1861, 0.000470, 0.000223, 0.000213
1862, 0.000473, 0.000267, 0.000256
1863, 0.000476, 0.000217, 0.000207
1864, 0.000475, 0.000253, 0.000242
1865, 0.000472, 0.000233, 0.000223
1866, 0.000470, 0.000224, 0.000214
1867, 0.000471, 0.000255, 0.000243
1868, 0.000472, 0.000222, 0.000213
1869, 0.000468, 0.000238, 0.000227
1870, 0.000468, 0.000237, 0.000225
1871, 0.000469, 0.000229, 0.000219
1872, 0.000470, 0.000239, 0.000228
1873, 0.000465, 0.000229, 0.000219
1874, 0.000466, 0.000240, 0.000230
1875, 0.000467, 0.000233, 0.000222
1876, 0.000466, 0.000227, 0.000217
1877, 0.000465, 0.000246, 0.000234
1878, 0.000468, 0.000218, 0.000208
1879, 0.000469, 0.000261, 0.000248
1880, 0.000471, 0.000217, 0.000207
1881, 0.000469, 0.000253, 0.000240
1882, 0.000464, 0.000225, 0.000214
1883, 0.000462, 0.000228, 0.000218
1884, 0.000463, 0.000242, 0.000230
1885, 0.000464, 0.000219, 0.000208
1886, 0.000466, 0.000247, 0.000237
1887, 0.000466, 0.000229, 0.000219
1888, 0.000462, 0.000221, 0.000211
1889, 0.000465, 0.000264, 0.000252
1890, 0.000468, 0.000215, 0.000205
1891, 0.000468, 0.000247, 0.000234
1892, 0.000463, 0.000229, 0.000218
1893, 0.000464, 0.000232, 0.000220
1894, 0.000463, 0.000233, 0.000221
1895, 0.000460, 0.000233, 0.000223
1896, 0.000464, 0.000226, 0.000215
1897, 0.000460, 0.000236, 0.000225
1898, 0.000462, 0.000227, 0.000216
1899, 0.000459, 0.000234, 0.000223
1900, 0.000459, 0.000231, 0.000220
1901, 0.000457, 0.000222, 0.000212
1902, 0.000460, 0.000249, 0.000237
1903, 0.000463, 0.000220, 0.000210
1904, 0.000461, 0.000242, 0.000230
1905, 0.000460, 0.000222, 0.000212
1906, 0.000458, 0.000237, 0.000225
1907, 0.000459, 0.000230, 0.000218
1908, 0.000455, 0.000223, 0.000212
1909, 0.000460, 0.000250, 0.000237
1910, 0.000461, 0.000215, 0.000204
1911, 0.000462, 0.000255, 0.000242
1912, 0.000461, 0.000220, 0.000209
1913, 0.000460, 0.000234, 0.000222
1914, 0.000456, 0.000241, 0.000228
1915, 0.000457, 0.000214, 0.000204
1916, 0.000459, 0.000255, 0.000241
1917, 0.000462, 0.000212, 0.000201
1918, 0.000460, 0.000246, 0.000233
1919, 0.000457, 0.000234, 0.000221
1920, 0.000457, 0.000214, 0.000203
1921, 0.000458, 0.000261, 0.000247
1922, 0.000462, 0.000211, 0.000200
1923, 0.000463, 0.000262, 0.000249
1924, 0.000461, 0.000214, 0.000203
1925, 0.000461, 0.000246, 0.000234
1926, 0.000458, 0.000226, 0.000214
1927, 0.000457, 0.000232, 0.000220
1928, 0.000452, 0.000224, 0.000212
1929, 0.000452, 0.000235, 0.000222
1930, 0.000453, 0.000223, 0.000211
1931, 0.000456, 0.000229, 0.000217
1932, 0.000454, 0.000238, 0.000225
1933, 0.000455, 0.000221, 0.000210
1934, 0.000455, 0.000233, 0.000221
1935, 0.000454, 0.000228, 0.000217
1936, 0.000452, 0.000223, 0.000212
1937, 0.000450, 0.000230, 0.000218
1938, 0.000451, 0.000225, 0.000213
1939, 0.000452, 0.000225, 0.000214
1940, 0.000452, 0.000231, 0.000218
1941, 0.000451, 0.000225, 0.000213
1942, 0.000450, 0.000235, 0.000222
1943, 0.000452, 0.000229, 0.000217
1944, 0.000449, 0.000219, 0.000208
1945, 0.000450, 0.000246, 0.000233
1946, 0.000455, 0.000212, 0.000201
1947, 0.000451, 0.000248, 0.000236
1948, 0.000450, 0.000218, 0.000208
1949, 0.000452, 0.000224, 0.000212
1950, 0.000450, 0.000249, 0.000237
1951, 0.000452, 0.000206, 0.000196
1952, 0.000460, 0.000281, 0.000266
1953, 0.000465, 0.000201, 0.000191
1954, 0.000468, 0.000278, 0.000265
1955, 0.000462, 0.000211, 0.000199
1956, 0.000450, 0.000226, 0.000213
1957, 0.000449, 0.000252, 0.000239
1958, 0.000452, 0.000204, 0.000193
1959, 0.000455, 0.000272, 0.000257
1960, 0.000459, 0.000205, 0.000194
1961, 0.000457, 0.000254, 0.000239
1962, 0.000450, 0.000216, 0.000203
1963, 0.000447, 0.000217, 0.000204
1964, 0.000448, 0.000255, 0.000240
1965, 0.000453, 0.000204, 0.000192
1966, 0.000456, 0.000255, 0.000241
1967, 0.000450, 0.000215, 0.000203
1968, 0.000446, 0.000215, 0.000203
1969, 0.000449, 0.000257, 0.000243
1970, 0.000452, 0.000202, 0.000192
1971, 0.000454, 0.000256, 0.000242
1972, 0.000449, 0.000219, 0.000206
1973, 0.000444, 0.000211, 0.000199
1974, 0.000446, 0.000256, 0.000241
1975, 0.000452, 0.000202, 0.000190
1976, 0.000454, 0.000260, 0.000246
1977, 0.000452, 0.000203, 0.000192
1978, 0.000447, 0.000235, 0.000223
1979, 0.000445, 0.000225, 0.000213
1980, 0.000443, 0.000209, 0.000197
1981, 0.000445, 0.000246, 0.000233
1982, 0.000448, 0.000207, 0.000196
1983, 0.000443, 0.000226, 0.000213
1984, 0.000444, 0.000225, 0.000212
1985, 0.000442, 0.000209, 0.000198
1986, 0.000443, 0.000235, 0.000222
1987, 0.000441, 0.000215, 0.000204
1988, 0.000443, 0.000222, 0.000211
1989, 0.000440, 0.000225, 0.000213
1990, 0.000443, 0.000215, 0.000203
1991, 0.000443, 0.000231, 0.000218
1992, 0.000439, 0.000216, 0.000203
1993, 0.000441, 0.000223, 0.000209
1994, 0.000441, 0.000231, 0.000217
1995, 0.000442, 0.000211, 0.000198
1996, 0.000443, 0.000234, 0.000220
1997, 0.000442, 0.000211, 0.000198
1998, 0.000440, 0.000234, 0.000220
1999, 0.000443, 0.000212, 0.000200
2000, 0.000439, 0.000221, 0.000208
2001, 0.000437, 0.000233, 0.000219
2002, 0.000439, 0.000207, 0.000194
2003, 0.000443, 0.000240, 0.000225
2004, 0.000440, 0.000212, 0.000199
2005, 0.000438, 0.000217, 0.000204
2006, 0.000437, 0.000230, 0.000216
2007, 0.000438, 0.000208, 0.000196
2008, 0.000439, 0.000238, 0.000224
2009, 0.000438, 0.000209, 0.000196
2010, 0.000441, 0.000228, 0.000215
2011, 0.000439, 0.000223, 0.000209
2012, 0.000437, 0.000211, 0.000198
2013, 0.000440, 0.000244, 0.000229
2014, 0.000440, 0.000204, 0.000191
2015, 0.000440, 0.000250, 0.000235
2016, 0.000439, 0.000209, 0.000196
2017, 0.000439, 0.000227, 0.000213
2018, 0.000436, 0.000230, 0.000216
2019, 0.000436, 0.000204, 0.000191
2020, 0.000437, 0.000254, 0.000238
2021, 0.000444, 0.000194, 0.000182
2022, 0.000448, 0.000269, 0.000252
2023, 0.000447, 0.000200, 0.000187
2024, 0.000442, 0.000229, 0.000215
2025, 0.000434, 0.000230, 0.000217
2026, 0.000434, 0.000203, 0.000191
2027, 0.000439, 0.000251, 0.000236
2028, 0.000441, 0.000194, 0.000183
2029, 0.000452, 0.000274, 0.000258
2030, 0.000448, 0.000197, 0.000185
2031, 0.000445, 0.000248, 0.000234
2032, 0.000437, 0.000210, 0.000197
2033, 0.000431, 0.000211, 0.000197
2034, 0.000431, 0.000233, 0.000219
2035, 0.000435, 0.000201, 0.000189
2036, 0.000434, 0.000239, 0.000224
2037, 0.000434, 0.000205, 0.000192
2038, 0.000434, 0.000235, 0.000221
2039, 0.000434, 0.000204, 0.000191
2040, 0.000434, 0.000228, 0.000212
2041, 0.000433, 0.000209, 0.000195
2042, 0.000432, 0.000217, 0.000203
2043, 0.000428, 0.000221, 0.000206
2044, 0.000432, 0.000209, 0.000195
2045, 0.000431, 0.000223, 0.000209
2046, 0.000429, 0.000211, 0.000198
2047, 0.000431, 0.000214, 0.000201
2048, 0.000430, 0.000227, 0.000213
2049, 0.000431, 0.000198, 0.000185
2050, 0.000430, 0.000245, 0.000230
2051, 0.000432, 0.000197, 0.000184
2052, 0.000432, 0.000232, 0.000216
2053, 0.000428, 0.000212, 0.000198
2054, 0.000430, 0.000217, 0.000202
2055, 0.000427, 0.000211, 0.000197
2056, 0.000427, 0.000219, 0.000204
2057, 0.000430, 0.000209, 0.000195
2058, 0.000428, 0.000231, 0.000216
2059, 0.000431, 0.000203, 0.000189
2060, 0.000430, 0.000233, 0.000217
2061, 0.000428, 0.000207, 0.000193
2062, 0.000426, 0.000216, 0.000202
2063, 0.000426, 0.000217, 0.000202
2064, 0.000424, 0.000208, 0.000194
2065, 0.000422, 0.000221, 0.000207
2066, 0.000424, 0.000211, 0.000197
2067, 0.000429, 0.000219, 0.000205
2068, 0.000428, 0.000215, 0.000200
2069, 0.000427, 0.000217, 0.000201
2070, 0.000423, 0.000209, 0.000195
2071, 0.000425, 0.000227, 0.000213
2072, 0.000429, 0.000206, 0.000191
2073, 0.000426, 0.000228, 0.000213
2074, 0.000425, 0.000211, 0.000198
2075, 0.000426, 0.000217, 0.000202
2076, 0.000425, 0.000224, 0.000209
2077, 0.000426, 0.000207, 0.000194
2078, 0.000427, 0.000222, 0.000206
2079, 0.000424, 0.000211, 0.000196
2080, 0.000423, 0.000213, 0.000199
2081, 0.000422, 0.000230, 0.000214
2082, 0.000422, 0.000197, 0.000184
2083, 0.000428, 0.000251, 0.000235
2084, 0.000431, 0.000196, 0.000182
2085, 0.000426, 0.000234, 0.000219
2086, 0.000425, 0.000214, 0.000200
2087, 0.000424, 0.000206, 0.000193
2088, 0.000420, 0.000226, 0.000212
2089, 0.000422, 0.000205, 0.000191
2090, 0.000420, 0.000230, 0.000215
2091, 0.000423, 0.000197, 0.000184
2092, 0.000423, 0.000233, 0.000217
2093, 0.000422, 0.000199, 0.000185
2094, 0.000421, 0.000222, 0.000207
2095, 0.000419, 0.000211, 0.000196
2096, 0.000418, 0.000210, 0.000195
2097, 0.000419, 0.000223, 0.000207
2098, 0.000419, 0.000204, 0.000189
2099, 0.000421, 0.000221, 0.000206
2100, 0.000421, 0.000213, 0.000199
2101, 0.000418, 0.000210, 0.000195
2102, 0.000419, 0.000236, 0.000220
2103, 0.000421, 0.000191, 0.000178
2104, 0.000426, 0.000264, 0.000246
2105, 0.000432, 0.000189, 0.000176
2106, 0.000430, 0.000258, 0.000242
2107, 0.000427, 0.000192, 0.000178
2108, 0.000422, 0.000224, 0.000209
2109, 0.000417, 0.000216, 0.000201
2110, 0.000420, 0.000203, 0.000188
2111, 0.000417, 0.000225, 0.000209
2112, 0.000418, 0.000202, 0.000187
2113, 0.000419, 0.000229, 0.000212
2114, 0.000419, 0.000202, 0.000187
2115, 0.000420, 0.000230, 0.000214
2116, 0.000418, 0.000205, 0.000190
2117, 0.000414, 0.000220, 0.000204
2118, 0.000418, 0.000212, 0.000197
2119, 0.000416, 0.000215, 0.000200
2120, 0.000415, 0.000212, 0.000196
2121, 0.000415, 0.000217, 0.000202
2122, 0.000411, 0.000209, 0.000194
2123, 0.000417, 0.000206, 0.000191
2124, 0.000416, 0.000215, 0.000200
2125, 0.000414, 0.000200, 0.000185
2126, 0.000416, 0.000227, 0.000211
2127, 0.000416, 0.000200, 0.000186
2128, 0.000415, 0.000229, 0.000213
2129, 0.000418, 0.000207, 0.000191
2130, 0.000414, 0.000224, 0.000207
2131, 0.000415, 0.000211, 0.000196
2132, 0.000417, 0.000212, 0.000196
2133, 0.000415, 0.000219, 0.000203
2134, 0.000413, 0.000204, 0.000190
2135, 0.000412, 0.000223, 0.000207
2136, 0.000411, 0.000201, 0.000186
2137, 0.000417, 0.000226, 0.000210
2138, 0.000412, 0.000199, 0.000184
2139, 0.000412, 0.000218, 0.000201
2140, 0.000412, 0.000229, 0.000213
2141, 0.000416, 0.000188, 0.000174
2142, 0.000420, 0.000278, 0.000259
2143, 0.000427, 0.000182, 0.000168
2144, 0.000429, 0.000280, 0.000262
2145, 0.000430, 0.000187, 0.000174
2146, 0.000424, 0.000244, 0.000228
2147, 0.000413, 0.000203, 0.000189
2148, 0.000412, 0.000202, 0.000187
2149, 0.000409, 0.000228, 0.000211
2150, 0.000411, 0.000194, 0.000180
2151, 0.000416, 0.000225, 0.000209
2152, 0.000410, 0.000204, 0.000188
2153, 0.000411, 0.000210, 0.000194
2154, 0.000409, 0.000211, 0.000196
2155, 0.000408, 0.000210, 0.000194
2156, 0.000407, 0.000206, 0.000191
2157, 0.000408, 0.000213, 0.000198
2158, 0.000409, 0.000199, 0.000185
2159, 0.000408, 0.000222, 0.000207
2160, 0.000407, 0.000197, 0.000182
2161, 0.000410, 0.000225, 0.000208
2162, 0.000412, 0.000194, 0.000179
2163, 0.000408, 0.000227, 0.000211
2164, 0.000411, 0.000203, 0.000187
2165, 0.000409, 0.000214, 0.000198
2166, 0.000405, 0.000207, 0.000192
2167, 0.000407, 0.000223, 0.000205
2168, 0.000410, 0.000197, 0.000181
2169, 0.000408, 0.000234, 0.000217
2170, 0.000410, 0.000192, 0.000177
2171, 0.000410, 0.000235, 0.000218
2172, 0.000410, 0.000191, 0.000177
2173, 0.000409, 0.000232, 0.000217
2174, 0.000408, 0.000194, 0.000178
2175, 0.000410, 0.000231, 0.000215
2176, 0.000408, 0.000193, 0.000179
2177, 0.000409, 0.000227, 0.000210
2178, 0.000404, 0.000198, 0.000183
2179, 0.000403, 0.000216, 0.000200
2180, 0.000408, 0.000205, 0.000189
2181, 0.000404, 0.000213, 0.000196
2182, 0.000405, 0.000207, 0.000191
2183, 0.000404, 0.000209, 0.000192
2184, 0.000404, 0.000202, 0.000185
2185, 0.000404, 0.000220, 0.000204
2186, 0.000403, 0.000198, 0.000182
2187, 0.000402, 0.000221, 0.000205
2188, 0.000402, 0.000204, 0.000189
2189, 0.000402, 0.000201, 0.000186
2190, 0.000402, 0.000223, 0.000207
2191, 0.000403, 0.000196, 0.000181
2192, 0.000404, 0.000227, 0.000210
2193, 0.000404, 0.000197, 0.000181
2194, 0.000407, 0.000219, 0.000202
2195, 0.000403, 0.000201, 0.000185
2196, 0.000402, 0.000215, 0.000198
2197, 0.000400, 0.000221, 0.000204
2198, 0.000402, 0.000188, 0.000173
2199, 0.000407, 0.000249, 0.000230
2200, 0.000409, 0.000182, 0.000167
2201, 0.000409, 0.000252, 0.000234
2202, 0.000413, 0.000184, 0.000169
2203, 0.000407, 0.000245, 0.000227
2204, 0.000405, 0.000190, 0.000175
2205, 0.000405, 0.000221, 0.000204
2206, 0.000400, 0.000215, 0.000199
2207, 0.000398, 0.000188, 0.000173
2208, 0.000403, 0.000263, 0.000244
2209, 0.000410, 0.000177, 0.000162
2210, 0.000414, 0.000269, 0.000250
2211, 0.000412, 0.000181, 0.000166
2212, 0.000409, 0.000228, 0.000210
2213, 0.000405, 0.000206, 0.000190
2214, 0.000398, 0.000192, 0.000177
2215, 0.000400, 0.000242, 0.000224
2216, 0.000405, 0.000176, 0.000162
2217, 0.000408, 0.000253, 0.000236
2218, 0.000408, 0.000188, 0.000172
2219, 0.000402, 0.000213, 0.000196
2220, 0.000398, 0.000219, 0.000202
2221, 0.000398, 0.000187, 0.000170
2222, 0.000400, 0.000240, 0.000221
2223, 0.000404, 0.000185, 0.000170
2224, 0.000405, 0.000237, 0.000220
2225, 0.000401, 0.000193, 0.000177
2226, 0.000397, 0.000208, 0.000191
2227, 0.000396, 0.000210, 0.000193
2228, 0.000396, 0.000192, 0.000176
2229, 0.000399, 0.000227, 0.000208
2230, 0.000398, 0.000184, 0.000169
2231, 0.000401, 0.000235, 0.000216
2232, 0.000399, 0.000185, 0.000169
2233, 0.000400, 0.000225, 0.000208
2234, 0.000398, 0.000196, 0.000179
2235, 0.000395, 0.000202, 0.000186
2236, 0.000396, 0.000227, 0.000210
2237, 0.000397, 0.000182, 0.000167
2238, 0.000399, 0.000252, 0.000233
2239, 0.000405, 0.000178, 0.000164
2240, 0.000406, 0.000233, 0.000216
2241, 0.000398, 0.000195, 0.000179
2242, 0.000393, 0.000197, 0.000182
2243, 0.000393, 0.000222, 0.000205
2244, 0.000394, 0.000190, 0.000174
2245, 0.000395, 0.000216, 0.000199
2246, 0.000393, 0.000206, 0.000189
2247, 0.000393, 0.000188, 0.000171
2248, 0.000394, 0.000244, 0.000225
2249, 0.000400, 0.000177, 0.000162
2250, 0.000403, 0.000246, 0.000227
2251, 0.000399, 0.000180, 0.000165
2252, 0.000402, 0.000240, 0.000223
2253, 0.000396, 0.000184, 0.000169
2254, 0.000394, 0.000215, 0.000198
2255, 0.000391, 0.000207, 0.000191
2256, 0.000389, 0.000189, 0.000174
2257, 0.000391, 0.000224, 0.000206
2258, 0.000390, 0.000191, 0.000175
2259, 0.000392, 0.000218, 0.000201
2260, 0.000392, 0.000193, 0.000177
2261, 0.000391, 0.000215, 0.000198
2262, 0.000388, 0.000198, 0.000181
2263, 0.000392, 0.000202, 0.000185
2264, 0.000388, 0.000195, 0.000179
2265, 0.000391, 0.000219, 0.000201
2266, 0.000389, 0.000196, 0.000179
2267, 0.000386, 0.000199, 0.000182
2268, 0.000387, 0.000211, 0.000193
2269, 0.000386, 0.000191, 0.000175
2270, 0.000389, 0.000217, 0.000200
2271, 0.000389, 0.000200, 0.000183
2272, 0.000385, 0.000206, 0.000189
2273, 0.000387, 0.000201, 0.000184
2274, 0.000387, 0.000202, 0.000185
2275, 0.000386, 0.000197, 0.000180
2276, 0.000388, 0.000212, 0.000194
2277, 0.000386, 0.000201, 0.000184
2278, 0.000387, 0.000211, 0.000194
2279, 0.000388, 0.000195, 0.000179
2280, 0.000386, 0.000210, 0.000193
2281, 0.000388, 0.000206, 0.000189
2282, 0.000384, 0.000192, 0.000176
2283, 0.000385, 0.000232, 0.000215
2284, 0.000388, 0.000185, 0.000169
2285, 0.000389, 0.000235, 0.000216
2286, 0.000391, 0.000185, 0.000169
2287, 0.000390, 0.000222, 0.000203
2288, 0.000385, 0.000200, 0.000182
2289, 0.000388, 0.000207, 0.000190
2290, 0.000385, 0.000211, 0.000193
2291, 0.000384, 0.000196, 0.000179
2292, 0.000385, 0.000213, 0.000195
2293, 0.000385, 0.000189, 0.000173
2294, 0.000385, 0.000224, 0.000206
2295, 0.000385, 0.000196, 0.000179
2296, 0.000386, 0.000210, 0.000193
2297, 0.000381, 0.000205, 0.000188
2298, 0.000387, 0.000198, 0.000181
2299, 0.000385, 0.000217, 0.000199
2300, 0.000383, 0.000189, 0.000173
2301, 0.000384, 0.000216, 0.000198
2302, 0.000384, 0.000200, 0.000182
2303, 0.000383, 0.000216, 0.000197
2304, 0.000384, 0.000190, 0.000173
2305, 0.000384, 0.000229, 0.000209
2306, 0.000384, 0.000200, 0.000183
2307, 0.000383, 0.000195, 0.000178
2308, 0.000383, 0.000249, 0.000231
2309, 0.000389, 0.000171, 0.000156
2310, 0.000393, 0.000280, 0.000261
2311, 0.000402, 0.000164, 0.000149
2312, 0.000406, 0.000297, 0.000276
2313, 0.000411, 0.000166, 0.000151
2314, 0.000403, 0.000265, 0.000245
2315, 0.000395, 0.000182, 0.000166
2316, 0.000386, 0.000200, 0.000184
2317, 0.000381, 0.000230, 0.000212
2318, 0.000385, 0.000169, 0.000154
2319, 0.000396, 0.000296, 0.000276
2320, 0.000409, 0.000165, 0.000150
2321, 0.000408, 0.000271, 0.000250
2322, 0.000397, 0.000178, 0.000162
2323, 0.000385, 0.000199, 0.000180
2324, 0.000381, 0.000225, 0.000205
2325, 0.000381, 0.000176, 0.000160
2326, 0.000385, 0.000236, 0.000215
2327, 0.000384, 0.000176, 0.000159
2328, 0.000384, 0.000221, 0.000203
2329, 0.000380, 0.000188, 0.000171
2330, 0.000378, 0.000193, 0.000177
2331, 0.000377, 0.000211, 0.000194
2332, 0.000380, 0.000177, 0.000162
2333, 0.000380, 0.000225, 0.000207
2334, 0.000383, 0.000184, 0.000168
2335, 0.000376, 0.000208, 0.000189
2336, 0.000378, 0.000196, 0.000178
2337, 0.000379, 0.000196, 0.000179
2338, 0.000378, 0.000202, 0.000184
2339, 0.000374, 0.000193, 0.000176
2340, 0.000375, 0.000202, 0.000185
2341, 0.000372, 0.000192, 0.000175
2342, 0.000376, 0.000213, 0.000195
2343, 0.000377, 0.000181, 0.000165
2344, 0.000377, 0.000225, 0.000206
2345, 0.000379, 0.000179, 0.000162
2346, 0.000375, 0.000207, 0.000189
2347, 0.000374, 0.000205, 0.000186
2348, 0.000375, 0.000184, 0.000166
2349, 0.000374, 0.000218, 0.000200
2350, 0.000375, 0.000181, 0.000164
2351, 0.000376, 0.000221, 0.000202
2352, 0.000377, 0.000175, 0.000160
2353, 0.000381, 0.000235, 0.000216
2354, 0.000380, 0.000173, 0.000157
2355, 0.000378, 0.000242, 0.000222
2356, 0.000382, 0.000175, 0.000159
2357, 0.000377, 0.000208, 0.000189
2358, 0.000371, 0.000202, 0.000184
2359, 0.000371, 0.000194, 0.000177
2360, 0.000373, 0.000201, 0.000183
2361, 0.000370, 0.000211, 0.000192
2362, 0.000372, 0.000180, 0.000163
2363, 0.000375, 0.000233, 0.000213
2364, 0.000376, 0.000177, 0.000160
2365, 0.000374, 0.000218, 0.000199
2366, 0.000373, 0.000186, 0.000169
2367, 0.000371, 0.000202, 0.000183
2368, 0.000370, 0.000200, 0.000182
2369, 0.000369, 0.000194, 0.000176
2370, 0.000372, 0.000205, 0.000186
2371, 0.000369, 0.000188, 0.000170
2372, 0.000371, 0.000209, 0.000190
2373, 0.000370, 0.000187, 0.000169
2374, 0.000370, 0.000215, 0.000196
2375, 0.000370, 0.000196, 0.000178
2376, 0.000369, 0.000193, 0.000176
2377, 0.000368, 0.000223, 0.000204
2378, 0.000370, 0.000179, 0.000162
2379, 0.000372, 0.000223, 0.000204
2380, 0.000371, 0.000183, 0.000165
2381, 0.000373, 0.000225, 0.000206
2382, 0.000367, 0.000190, 0.000172
2383, 0.000368, 0.000198, 0.000179
2384, 0.000369, 0.000214, 0.000195
2385, 0.000368, 0.000186, 0.000168
2386, 0.000368, 0.000223, 0.000203
2387, 0.000370, 0.000175, 0.000159
2388, 0.000374, 0.000226, 0.000207
2389, 0.000368, 0.000188, 0.000171
2390, 0.000370, 0.000205, 0.000187
2391, 0.000368, 0.000209, 0.000191
2392, 0.000366, 0.000186, 0.000169
2393, 0.000367, 0.000230, 0.000211
2394, 0.000373, 0.000183, 0.000165
2395, 0.000369, 0.000231, 0.000212
2396, 0.000370, 0.000177, 0.000160
2397, 0.000370, 0.000240, 0.000220
2398, 0.000372, 0.000172, 0.000156
2399, 0.000374, 0.000224, 0.000206
2400, 0.000367, 0.000201, 0.000183
2401, 0.000363, 0.000183, 0.000166
2402, 0.000365, 0.000223, 0.000204
2403, 0.000366, 0.000186, 0.000168
2404, 0.000369, 0.000217, 0.000199
2405, 0.000366, 0.000186, 0.000170
2406, 0.000364, 0.000223, 0.000204
2407, 0.000366, 0.000183, 0.000166
2408, 0.000365, 0.000221, 0.000203
2409, 0.000366, 0.000184, 0.000167
2410, 0.000362, 0.000208, 0.000190
2411, 0.000363, 0.000203, 0.000186
2412, 0.000362, 0.000184, 0.000167
2413, 0.000363, 0.000225, 0.000207
2414, 0.000367, 0.000183, 0.000167
2415, 0.000364, 0.000208, 0.000191
2416, 0.000363, 0.000204, 0.000187
2417, 0.000361, 0.000188, 0.000172
2418, 0.000362, 0.000225, 0.000208
2419, 0.000362, 0.000175, 0.000159
2420, 0.000362, 0.000226, 0.000207
2421, 0.000362, 0.000190, 0.000172
2422, 0.000361, 0.000192, 0.000174
2423, 0.000363, 0.000228, 0.000208
2424, 0.000365, 0.000179, 0.000161
2425, 0.000363, 0.000235, 0.000215
2426, 0.000366, 0.000171, 0.000155
2427, 0.000368, 0.000254, 0.000235
2428, 0.000373, 0.000169, 0.000153
2429, 0.000368, 0.000238, 0.000219
2430, 0.000361, 0.000186, 0.000169
2431, 0.000359, 0.000199, 0.000181
2432, 0.000359, 0.000221, 0.000202
2433, 0.000358, 0.000177, 0.000161
2434, 0.000363, 0.000231, 0.000212
2435, 0.000362, 0.000191, 0.000173
2436, 0.000359, 0.000200, 0.000182
2437, 0.000357, 0.000205, 0.000187
2438, 0.000358, 0.000192, 0.000174
2439, 0.000358, 0.000217, 0.000199
2440, 0.000359, 0.000174, 0.000158
2441, 0.000362, 0.000239, 0.000220
2442, 0.000363, 0.000177, 0.000160
2443, 0.000362, 0.000222, 0.000203
2444, 0.000360, 0.000187, 0.000169
2445, 0.000359, 0.000210, 0.000191
2446, 0.000356, 0.000198, 0.000180
2447, 0.000358, 0.000192, 0.000174
2448, 0.000354, 0.000216, 0.000197
2449, 0.000360, 0.000181, 0.000164
2450, 0.000357, 0.000229, 0.000210
2451, 0.000358, 0.000183, 0.000165
2452, 0.000361, 0.000222, 0.000203
2453, 0.000358, 0.000185, 0.000169
2454, 0.000356, 0.000205, 0.000187
2455, 0.000355, 0.000211, 0.000193
2456, 0.000355, 0.000177, 0.000160
2457, 0.000357, 0.000259, 0.000239
2458, 0.000366, 0.000158, 0.000142
2459, 0.000376, 0.000295, 0.000274
2460, 0.000381, 0.000156, 0.000140
2461, 0.000383, 0.000288, 0.000266
2462, 0.000375, 0.000165, 0.000149
2463, 0.000361, 0.000202, 0.000184
2464, 0.000354, 0.000233, 0.000213
2465, 0.000359, 0.000159, 0.000143
2466, 0.000374, 0.000313, 0.000290
2467, 0.000388, 0.000155, 0.000139
2468, 0.000393, 0.000294, 0.000273
2469, 0.000382, 0.000163, 0.000147
2470, 0.000364, 0.000207, 0.000189
2471, 0.000353, 0.000225, 0.000206
2472, 0.000356, 0.000157, 0.000142
2473, 0.000369, 0.000276, 0.000256
2474, 0.000374, 0.000161, 0.000145
2475, 0.000363, 0.000216, 0.000198
2476, 0.000355, 0.000207, 0.000188
2477, 0.000354, 0.000162, 0.000145
2478, 0.000359, 0.000249, 0.000228
2479, 0.000363, 0.000165, 0.000148
2480, 0.000358, 0.000208, 0.000189
2481, 0.000353, 0.000204, 0.000185
2482, 0.000352, 0.000165, 0.000149
2483, 0.000358, 0.000244, 0.000223
2484, 0.000359, 0.000167, 0.000150
2485, 0.000357, 0.000196, 0.000178
2486, 0.000349, 0.000215, 0.000197
2487, 0.000350, 0.000166, 0.000149
2488, 0.000354, 0.000221, 0.000203
2489, 0.000353, 0.000182, 0.000164
2490, 0.000349, 0.000176, 0.000159
2491, 0.000350, 0.000236, 0.000218
2492, 0.000356, 0.000165, 0.000149
2493, 0.000358, 0.000226, 0.000207
2494, 0.000351, 0.000183, 0.000165
2495, 0.000346, 0.000181, 0.000164
2496, 0.000351, 0.000208, 0.000189
2497, 0.000349, 0.000177, 0.000160
2498, 0.000347, 0.000193, 0.000175
2499, 0.000348, 0.000197, 0.000178
2500, 0.000345, 0.000179, 0.000162
2501, 0.000349, 0.000203, 0.000185
2502, 0.000348, 0.000180, 0.000163
2503, 0.000347, 0.000204, 0.000186
2504, 0.000347, 0.000185, 0.000168
2505, 0.000347, 0.000198, 0.000180
2506, 0.000345, 0.000183, 0.000166
2507, 0.000346, 0.000196, 0.000178
2508, 0.000345, 0.000184, 0.000166
2509, 0.000346, 0.000197, 0.000179
2510, 0.000343, 0.000189, 0.000171
2511, 0.000345, 0.000197, 0.000179
2512, 0.000342, 0.000184, 0.000166
2513, 0.000345, 0.000197, 0.000179
2514, 0.000347, 0.000192, 0.000174
2515, 0.000344, 0.000197, 0.000179
2516, 0.000343, 0.000188, 0.000171
2517, 0.000343, 0.000196, 0.000179
2518, 0.000342, 0.000186, 0.000169
2519, 0.000344, 0.000198, 0.000181
2520, 0.000342, 0.000181, 0.000164
2521, 0.000343, 0.000218, 0.000200
2522, 0.000345, 0.000179, 0.000162
2523, 0.000344, 0.000200, 0.000182
2524, 0.000344, 0.000215, 0.000195
2525, 0.000343, 0.000163, 0.000146
2526, 0.000348, 0.000243, 0.000223
2527, 0.000351, 0.000166, 0.000149
2528, 0.000346, 0.000207, 0.000189
2529, 0.000342, 0.000195, 0.000177
2530, 0.000341, 0.000179, 0.000162
2531, 0.000343, 0.000216, 0.000197
2532, 0.000341, 0.000177, 0.000159
2533, 0.000342, 0.000212, 0.000193
2534, 0.000341, 0.000178, 0.000161
2535, 0.000342, 0.000214, 0.000195
2536, 0.000343, 0.000174, 0.000157
2537, 0.000343, 0.000222, 0.000203
2538, 0.000340, 0.000177, 0.000160
2539, 0.000340, 0.000201, 0.000183
2540, 0.000341, 0.000200, 0.000182
2541, 0.000339, 0.000180, 0.000163
2542, 0.000339, 0.000228, 0.000209
2543, 0.000341, 0.000167, 0.000151
2544, 0.000343, 0.000221, 0.000202
2545, 0.000340, 0.000180, 0.000162
2546, 0.000336, 0.000185, 0.000168
2547, 0.000337, 0.000210, 0.000191
2548, 0.000336, 0.000179, 0.000162
2549, 0.000336, 0.000192, 0.000174
2550, 0.000337, 0.000216, 0.000198
2551, 0.000337, 0.000166, 0.000149
2552, 0.000344, 0.000258, 0.000239
2553, 0.000350, 0.000154, 0.000138
2554, 0.000354, 0.000260, 0.000240
2555, 0.000349, 0.000163, 0.000146
2556, 0.000343, 0.000207, 0.000188
2557, 0.000337, 0.000203, 0.000185
2558, 0.000334, 0.000167, 0.000150
2559, 0.000340, 0.000239, 0.000219
2560, 0.000342, 0.000163, 0.000147
2561, 0.000337, 0.000210, 0.000191
2562, 0.000334, 0.000196, 0.000178
2563, 0.000332, 0.000169, 0.000152
2564, 0.000337, 0.000243, 0.000223
2565, 0.000339, 0.000160, 0.000144
2566, 0.000340, 0.000232, 0.000213
2567, 0.000340, 0.000176, 0.000159
2568, 0.000334, 0.000185, 0.000169
2569, 0.000333, 0.000219, 0.000201
2570, 0.000336, 0.000160, 0.000143
2571, 0.000343, 0.000244, 0.000223
2572, 0.000340, 0.000170, 0.000153
2573, 0.000335, 0.000194, 0.000175
2574, 0.000331, 0.000220, 0.000200
2575, 0.000334, 0.000157, 0.000141
2576, 0.000340, 0.000252, 0.000233
2577, 0.000344, 0.000157, 0.000142
2578, 0.000340, 0.000226, 0.000208
2579, 0.000336, 0.000183, 0.000166
2580, 0.000330, 0.000181, 0.000164
2581, 0.000329, 0.000209, 0.000190
2582, 0.000330, 0.000170, 0.000153
2583, 0.000330, 0.000208, 0.000189
2584, 0.000329, 0.000180, 0.000163
2585, 0.000328, 0.000189, 0.000172
2586, 0.000326, 0.000188, 0.000172
2587, 0.000329, 0.000195, 0.000179
2588, 0.000329, 0.000180, 0.000163
2589, 0.000329, 0.000213, 0.000195
2590, 0.000332, 0.000165, 0.000149
2591, 0.000330, 0.000229, 0.000209
2592, 0.000334, 0.000169, 0.000151
2593, 0.000331, 0.000207, 0.000188
2594, 0.000328, 0.000191, 0.000172
2595, 0.000329, 0.000180, 0.000162
2596, 0.000329, 0.000214, 0.000196
2597, 0.000329, 0.000169, 0.000153
2598, 0.000328, 0.000203, 0.000186
2599, 0.000329, 0.000188, 0.000171
2600, 0.000324, 0.000187, 0.000170
2601, 0.000327, 0.000201, 0.000182
2602, 0.000324, 0.000181, 0.000163
2603, 0.000324, 0.000194, 0.000175
2604, 0.000325, 0.000189, 0.000171
2605, 0.000328, 0.000198, 0.000179
2606, 0.000322, 0.000189, 0.000172
2607, 0.000324, 0.000180, 0.000163
2608, 0.000323, 0.000205, 0.000187
2609, 0.000322, 0.000171, 0.000154
2610, 0.000326, 0.000209, 0.000191
2611, 0.000324, 0.000179, 0.000162
2612, 0.000324, 0.000186, 0.000170
2613, 0.000324, 0.000202, 0.000185
2614, 0.000322, 0.000178, 0.000161
2615, 0.000323, 0.000203, 0.000186
2616, 0.000323, 0.000186, 0.000169
2617, 0.000322, 0.000192, 0.000174
2618, 0.000323, 0.000188, 0.000170
2619, 0.000321, 0.000188, 0.000169
2620, 0.000320, 0.000190, 0.000171
2621, 0.000319, 0.000184, 0.000166
2622, 0.000320, 0.000204, 0.000185
2623, 0.000321, 0.000172, 0.000155
2624, 0.000321, 0.000220, 0.000202
2625, 0.000325, 0.000165, 0.000150
2626, 0.000325, 0.000223, 0.000206
2627, 0.000324, 0.000166, 0.000151
2628, 0.000325, 0.000228, 0.000210
2629, 0.000325, 0.000169, 0.000153
2630, 0.000321, 0.000196, 0.000179
2631, 0.000320, 0.000187, 0.000170
2632, 0.000319, 0.000182, 0.000165
2633, 0.000317, 0.000200, 0.000183
2634, 0.000321, 0.000181, 0.000164
2635, 0.000318, 0.000194, 0.000177
2636, 0.000317, 0.000193, 0.000176
2637, 0.000317, 0.000188, 0.000170
2638, 0.000318, 0.000194, 0.000176
2639, 0.000317, 0.000190, 0.000173
2640, 0.000317, 0.000198, 0.000181
2641, 0.000315, 0.000180, 0.000164
2642, 0.000313, 0.000193, 0.000177
2643, 0.000316, 0.000192, 0.000176
2644, 0.000314, 0.000178, 0.000162
2645, 0.000318, 0.000213, 0.000196
2646, 0.000319, 0.000163, 0.000148
2647, 0.000319, 0.000236, 0.000218
2648, 0.000320, 0.000163, 0.000147
2649, 0.000320, 0.000212, 0.000194
2650, 0.000317, 0.000200, 0.000182
2651, 0.000315, 0.000156, 0.000140
2652, 0.000323, 0.000296, 0.000274
2653, 0.000340, 0.000138, 0.000123
2654, 0.000364, 0.000379, 0.000354
2655, 0.000380, 0.000138, 0.000124
2656, 0.000380, 0.000331, 0.000308
2657, 0.000362, 0.000141, 0.000126
2658, 0.000332, 0.000207, 0.000189
2659, 0.000314, 0.000221, 0.000203
2660, 0.000317, 0.000140, 0.000126
2661, 0.000334, 0.000294, 0.000274
2662, 0.000344, 0.000144, 0.000129
2663, 0.000330, 0.000204, 0.000187
2664, 0.000315, 0.000211, 0.000194
2665, 0.000316, 0.000143, 0.000128
2666, 0.000330, 0.000261, 0.000241
2667, 0.000328, 0.000152, 0.000137
2668, 0.000319, 0.000190, 0.000173
2669, 0.000311, 0.000198, 0.000181
2670, 0.000310, 0.000150, 0.000135
2671, 0.000317, 0.000224, 0.000205
2672, 0.000317, 0.000158, 0.000142
2673, 0.000310, 0.000177, 0.000162
2674, 0.000311, 0.000203, 0.000186
2675, 0.000312, 0.000157, 0.000142
2676, 0.000313, 0.000211, 0.000194
2677, 0.000312, 0.000158, 0.000143
2678, 0.000312, 0.000184, 0.000167
2679, 0.000307, 0.000197, 0.000180
2680, 0.000310, 0.000151, 0.000135
2681, 0.000312, 0.000210, 0.000191
2682, 0.000313, 0.000166, 0.000149
2683, 0.000309, 0.000170, 0.000153
2684, 0.000307, 0.000209, 0.000192
2685, 0.000308, 0.000157, 0.000142
2686, 0.000309, 0.000195, 0.000179
2687, 0.000309, 0.000175, 0.000159
2688, 0.000307, 0.000169, 0.000154
2689, 0.000303, 0.000202, 0.000186
2690, 0.000309, 0.000156, 0.000141
2691, 0.000310, 0.000211, 0.000193
2692, 0.000307, 0.000167, 0.000151
2693, 0.000308, 0.000166, 0.000150
2694, 0.000307, 0.000211, 0.000193
2695, 0.000307, 0.000155, 0.000140
2696, 0.000307, 0.000204, 0.000187
2697, 0.000305, 0.000170, 0.000154
2698, 0.000304, 0.000184, 0.000167
2699, 0.000301, 0.000181, 0.000165
2700, 0.000304, 0.000168, 0.000152
2701, 0.000302, 0.000186, 0.000170
2702, 0.000301, 0.000179, 0.000163
2703, 0.000301, 0.000172, 0.000156
2704, 0.000302, 0.000198, 0.000181
2705, 0.000302, 0.000157, 0.000142
2706, 0.000304, 0.000204, 0.000187
2707, 0.000303, 0.000169, 0.000153
2708, 0.000300, 0.000169, 0.000153
2709, 0.000302, 0.000209, 0.000192
2710, 0.000307, 0.000149, 0.000134
2711, 0.000309, 0.000220, 0.000202
2712, 0.000307, 0.000156, 0.000141
2713, 0.000305, 0.000197, 0.000180
2714, 0.000301, 0.000174, 0.000159
2715, 0.000298, 0.000172, 0.000157
2716, 0.000297, 0.000207, 0.000191
2717, 0.000298, 0.000156, 0.000141
2718, 0.000303, 0.000204, 0.000188
2719, 0.000302, 0.000154, 0.000139
2720, 0.000301, 0.000207, 0.000190
2721, 0.000301, 0.000164, 0.000148
2722, 0.000297, 0.000189, 0.000172
2723, 0.000297, 0.000191, 0.000174
2724, 0.000297, 0.000157, 0.000142
2725, 0.000300, 0.000226, 0.000208
2726, 0.000304, 0.000149, 0.000135
2727, 0.000306, 0.000219, 0.000202
2728, 0.000304, 0.000158, 0.000143
2729, 0.000301, 0.000186, 0.000170
2730, 0.000296, 0.000196, 0.000180
2731, 0.000295, 0.000147, 0.000132
2732, 0.000301, 0.000240, 0.000223
2733, 0.000308, 0.000147, 0.000133
2734, 0.000301, 0.000199, 0.000183
2735, 0.000295, 0.000193, 0.000178
2736, 0.000294, 0.000146, 0.000132
2737, 0.000300, 0.000224, 0.000207
2738, 0.000300, 0.000149, 0.000135
2739, 0.000297, 0.000193, 0.000176
2740, 0.000294, 0.000185, 0.000168
2741, 0.000294, 0.000155, 0.000139
2742, 0.000296, 0.000222, 0.000204
2743, 0.000297, 0.000156, 0.000140
2744, 0.000295, 0.000193, 0.000176
2745, 0.000294, 0.000185, 0.000169
2746, 0.000291, 0.000154, 0.000139
2747, 0.000295, 0.000233, 0.000215
2748, 0.000301, 0.000139, 0.000125
2749, 0.000304, 0.000236, 0.000218
2750, 0.000302, 0.000152, 0.000137
2751, 0.000294, 0.000173, 0.000157
2752, 0.000291, 0.000224, 0.000206
2753, 0.000298, 0.000131, 0.000117
2754, 0.000307, 0.000265, 0.000245
2755, 0.000310, 0.000138, 0.000124
2756, 0.000297, 0.000191, 0.000174
2757, 0.000290, 0.000200, 0.000183
2758, 0.000291, 0.000134, 0.000119
2759, 0.000304, 0.000275, 0.000255
2760, 0.000312, 0.000135, 0.000121
2761, 0.000306, 0.000214, 0.000197
2762, 0.000293, 0.000171, 0.000156
2763, 0.000285, 0.000150, 0.000135
2764, 0.000289, 0.000216, 0.000199
2765, 0.000294, 0.000150, 0.000136
2766, 0.000291, 0.000178, 0.000163
2767, 0.000287, 0.000195, 0.000180
2768, 0.000288, 0.000139, 0.000126
2769, 0.000293, 0.000216, 0.000201
2770, 0.000292, 0.000151, 0.000137
2771, 0.000286, 0.000165, 0.000151
2772, 0.000285, 0.000201, 0.000185
2773, 0.000287, 0.000137, 0.000123
2774, 0.000292, 0.000229, 0.000211
2775, 0.000293, 0.000153, 0.000138
2776, 0.000283, 0.000153, 0.000138
2777, 0.000284, 0.000226, 0.000210
2778, 0.000292, 0.000135, 0.000122
2779, 0.000295, 0.000209, 0.000194
2780, 0.000287, 0.000169, 0.000155
2781, 0.000284, 0.000144, 0.000130
2782, 0.000286, 0.000243, 0.000226
2783, 0.000300, 0.000126, 0.000112
2784, 0.000305, 0.000232, 0.000215
2785, 0.000296, 0.000162, 0.000147
2786, 0.000281, 0.000142, 0.000128
2787, 0.000287, 0.000242, 0.000224
2788, 0.000297, 0.000129, 0.000116
2789, 0.000299, 0.000220, 0.000202
2790, 0.000288, 0.000154, 0.000139
2791, 0.000282, 0.000161, 0.000146
2792, 0.000280, 0.000205, 0.000189
2793, 0.000285, 0.000141, 0.000127
2794, 0.000285, 0.000194, 0.000179
2795, 0.000281, 0.000146, 0.000133
2796, 0.000280, 0.000180, 0.000166
2797, 0.000279, 0.000162, 0.000148
2798, 0.000278, 0.000164, 0.000150
2799, 0.000277, 0.000176, 0.000162
2800, 0.000278, 0.000152, 0.000138
2801, 0.000278, 0.000189, 0.000174
2802, 0.000278, 0.000154, 0.000140
2803, 0.000276, 0.000172, 0.000157
2804, 0.000276, 0.000166, 0.000151
2805, 0.000276, 0.000168, 0.000154
2806, 0.000276, 0.000172, 0.000158
2807, 0.000275, 0.000155, 0.000142
2808, 0.000275, 0.000196, 0.000182
2809, 0.000277, 0.000149, 0.000136
2810, 0.000275, 0.000169, 0.000156
2811, 0.000276, 0.000187, 0.000172
2812, 0.000274, 0.000134, 0.000121
2813, 0.000283, 0.000223, 0.000208
2814, 0.000283, 0.000142, 0.000129
2815, 0.000278, 0.000169, 0.000154
2816, 0.000275, 0.000196, 0.000181
2817, 0.000279, 0.000132, 0.000119
2818, 0.000282, 0.000224, 0.000209
2819, 0.000284, 0.000140, 0.000128
2820, 0.000276, 0.000163, 0.000150
2821, 0.000270, 0.000206, 0.000191
2822, 0.000277, 0.000131, 0.000119
2823, 0.000282, 0.000226, 0.000211
2824, 0.000282, 0.000143, 0.000130
2825, 0.000274, 0.000168, 0.000155
2826, 0.000269, 0.000208, 0.000194
2827, 0.000277, 0.000125, 0.000113
2828, 0.000283, 0.000231, 0.000215
2829, 0.000282, 0.000140, 0.000127
2830, 0.000276, 0.000165, 0.000151
2831, 0.000268, 0.000187, 0.000171
2832, 0.000272, 0.000138, 0.000125
2833, 0.000278, 0.000218, 0.000201
2834, 0.000278, 0.000141, 0.000127
2835, 0.000274, 0.000177, 0.000163
2836, 0.000270, 0.000177, 0.000163
2837, 0.000268, 0.000137, 0.000124
2838, 0.000273, 0.000207, 0.000193
2839, 0.000275, 0.000143, 0.000131
2840, 0.000268, 0.000159, 0.000145
2841, 0.000267, 0.000185, 0.000171
2842, 0.000270, 0.000139, 0.000127
2843, 0.000268, 0.000192, 0.000177
2844, 0.000271, 0.000158, 0.000146
2845, 0.000267, 0.000154, 0.000142
2846, 0.000264, 0.000181, 0.000167
2847, 0.000268, 0.000148, 0.000135
2848, 0.000265, 0.000185, 0.000170
2849, 0.000267, 0.000153, 0.000138
2850, 0.000268, 0.000168, 0.000154
2851, 0.000264, 0.000159, 0.000144
2852, 0.000262, 0.000165, 0.000150
2853, 0.000266, 0.000178, 0.000165
2854, 0.000264, 0.000136, 0.000124
2855, 0.000265, 0.000205, 0.000190
2856, 0.000271, 0.000139, 0.000127
2857, 0.000266, 0.000170, 0.000157
2858, 0.000262, 0.000179, 0.000165
2859, 0.000262, 0.000131, 0.000120
2860, 0.000269, 0.000215, 0.000201
2861, 0.000269, 0.000141, 0.000128
2862, 0.000267, 0.000165, 0.000152
2863, 0.000261, 0.000190, 0.000176
2864, 0.000263, 0.000131, 0.000119
2865, 0.000269, 0.000206, 0.000193
2866, 0.000268, 0.000132, 0.000121
2867, 0.000263, 0.000179, 0.000165
2868, 0.000262, 0.000159, 0.000145
2869, 0.000260, 0.000147, 0.000134
2870, 0.000259, 0.000179, 0.000164
2871, 0.000257, 0.000152, 0.000139
2872, 0.000258, 0.000154, 0.000141
2873, 0.000257, 0.000190, 0.000176
2874, 0.000261, 0.000130, 0.000119
2875, 0.000264, 0.000215, 0.000202
2876, 0.000266, 0.000128, 0.000117
2877, 0.000266, 0.000198, 0.000185
2878, 0.000260, 0.000149, 0.000137
2879, 0.000256, 0.000146, 0.000134
2880, 0.000257, 0.000181, 0.000168
2881, 0.000257, 0.000143, 0.000131
2882, 0.000256, 0.000165, 0.000152
2883, 0.000256, 0.000163, 0.000150
2884, 0.000254, 0.000155, 0.000143
2885, 0.000255, 0.000158, 0.000144
2886, 0.000255, 0.000173, 0.000160
2887, 0.000256, 0.000149, 0.000137
2888, 0.000252, 0.000169, 0.000156
2889, 0.000254, 0.000150, 0.000138
2890, 0.000253, 0.000168, 0.000155
2891, 0.000254, 0.000143, 0.000130
2892, 0.000254, 0.000178, 0.000164
2893, 0.000253, 0.000145, 0.000133
2894, 0.000252, 0.000161, 0.000147
2895, 0.000250, 0.000155, 0.000143
2896, 0.000247, 0.000162, 0.000150
2897, 0.000252, 0.000144, 0.000132
2898, 0.000253, 0.000182, 0.000170
2899, 0.000250, 0.000139, 0.000127
2900, 0.000251, 0.000176, 0.000163
2901, 0.000251, 0.000156, 0.000144
2902, 0.000249, 0.000150, 0.000138
2903, 0.000252, 0.000176, 0.000163
2904, 0.000252, 0.000142, 0.000130
2905, 0.000249, 0.000165, 0.000153
2906, 0.000250, 0.000152, 0.000140
2907, 0.000246, 0.000149, 0.000137
2908, 0.000247, 0.000168, 0.000157
2909, 0.000247, 0.000158, 0.000147
2910, 0.000247, 0.000151, 0.000141
2911, 0.000245, 0.000162, 0.000152
2912, 0.000244, 0.000154, 0.000142
2913, 0.000246, 0.000152, 0.000141
2914, 0.000248, 0.000170, 0.000159
2915, 0.000247, 0.000136, 0.000125
2916, 0.000246, 0.000179, 0.000167
2917, 0.000246, 0.000136, 0.000125
2918, 0.000247, 0.000177, 0.000164
2919, 0.000245, 0.000137, 0.000125
2920, 0.000246, 0.000168, 0.000155
2921, 0.000245, 0.000162, 0.000149
2922, 0.000242, 0.000139, 0.000127
2923, 0.000247, 0.000189, 0.000175
2924, 0.000246, 0.000133, 0.000122
2925, 0.000248, 0.000181, 0.000169
2926, 0.000244, 0.000147, 0.000136
2927, 0.000241, 0.000145, 0.000134
2928, 0.000242, 0.000196, 0.000184
2929, 0.000249, 0.000112, 0.000102
2930, 0.000259, 0.000270, 0.000256
2931, 0.000274, 0.000100, 0.000090
2932, 0.000288, 0.000310, 0.000294
2933, 0.000294, 0.000101, 0.000092
2934, 0.000287, 0.000259, 0.000244
2935, 0.000267, 0.000118, 0.000109
2936, 0.000250, 0.000149, 0.000138
2937, 0.000240, 0.000198, 0.000186
2938, 0.000247, 0.000107, 0.000097
2939, 0.000258, 0.000226, 0.000213
2940, 0.000257, 0.000121, 0.000110
2941, 0.000243, 0.000150, 0.000139
2942, 0.000240, 0.000187, 0.000174
2943, 0.000243, 0.000114, 0.000104
2944, 0.000247, 0.000188, 0.000176
2945, 0.000243, 0.000138, 0.000127
2946, 0.000240, 0.000132, 0.000121
2947, 0.000241, 0.000196, 0.000184
2948, 0.000249, 0.000107, 0.000096
2949, 0.000258, 0.000235, 0.000220
2950, 0.000262, 0.000107, 0.000097
2951, 0.000251, 0.000180, 0.000166
2952, 0.000242, 0.000147, 0.000136
2953, 0.000234, 0.000127, 0.000117
2954, 0.000239, 0.000191, 0.000178
2955, 0.000242, 0.000120, 0.000110
2956, 0.000240, 0.000150, 0.000139
2957, 0.000236, 0.000164, 0.000152
2958, 0.000236, 0.000119, 0.000108
2959, 0.000239, 0.000179, 0.000167
2960, 0.000239, 0.000138, 0.000126
2961, 0.000235, 0.000125, 0.000114
2962, 0.000235, 0.000205, 0.000194
2963, 0.000247, 0.000107, 0.000097
2964, 0.000251, 0.000201, 0.000189
2965, 0.000242, 0.000136, 0.000127
2966, 0.000234, 0.000116, 0.000106
2967, 0.000242, 0.000236, 0.000222
2968, 0.000256, 0.000097, 0.000088
2969, 0.000261, 0.000212, 0.000198
2970, 0.000248, 0.000133, 0.000122
2971, 0.000232, 0.000120, 0.000110
2972, 0.000234, 0.000203, 0.000190
2973, 0.000245, 0.000106, 0.000097
2974, 0.000243, 0.000174, 0.000164
2975, 0.000235, 0.000131, 0.000122
2976, 0.000229, 0.000126, 0.000117
2977, 0.000230, 0.000187, 0.000176
2978, 0.000237, 0.000106, 0.000097
2979, 0.000242, 0.000193, 0.000181
2980, 0.000238, 0.000124, 0.000114
2981, 0.000231, 0.000125, 0.000114
2982, 0.000229, 0.000204, 0.000191
2983, 0.000241, 0.000099, 0.000090
2984, 0.000244, 0.000184, 0.000172
2985, 0.000233, 0.000136, 0.000126
2986, 0.000227, 0.000111, 0.000101
2987, 0.000233, 0.000201, 0.000187
2988, 0.000238, 0.000112, 0.000102
2989, 0.000230, 0.000146, 0.000135
2990, 0.000227, 0.000152, 0.000140
2991, 0.000226, 0.000123, 0.000113
2992, 0.000226, 0.000149, 0.000138
2993, 0.000226, 0.000142, 0.000132
2994, 0.000225, 0.000128, 0.000118
2995, 0.000228, 0.000157, 0.000146
2996, 0.000226, 0.000124, 0.000115
2997, 0.000226, 0.000143, 0.000133
2998, 0.000225, 0.000150, 0.000139
2999, 0.000222, 0.000117, 0.000108
3000, 0.000226, 0.000167, 0.000156
3001, 0.000228, 0.000120, 0.000109
3002, 0.000227, 0.000143, 0.000132
3003, 0.000222, 0.000162, 0.000151
3004, 0.000224, 0.000108, 0.000099
3005, 0.000229, 0.000193, 0.000181
3006, 0.000233, 0.000110, 0.000102
3007, 0.000229, 0.000144, 0.000134
3008, 0.000224, 0.000156, 0.000146
3009, 0.000224, 0.000115, 0.000105
3010, 0.000225, 0.000160, 0.000148
3011, 0.000223, 0.000132, 0.000122
3012, 0.000220, 0.000121, 0.000111
3013, 0.000222, 0.000172, 0.000160
3014, 0.000224, 0.000116, 0.000106
3015, 0.000222, 0.000144, 0.000133
3016, 0.000220, 0.000157, 0.000145
3017, 0.000221, 0.000119, 0.000109
3018, 0.000221, 0.000149, 0.000138
3019, 0.000219, 0.000131, 0.000121
3020, 0.000218, 0.000139, 0.000128
3021, 0.000218, 0.000134, 0.000125
3022, 0.000217, 0.000140, 0.000131
3023, 0.000217, 0.000128, 0.000120
3024, 0.000219, 0.000134, 0.000126
3025, 0.000217, 0.000131, 0.000122
3026, 0.000218, 0.000153, 0.000143
3027, 0.000219, 0.000112, 0.000104
3028, 0.000219, 0.000163, 0.000153
3029, 0.000219, 0.000127, 0.000118
3030, 0.000218, 0.000135, 0.000126
3031, 0.000216, 0.000148, 0.000138
3032, 0.000214, 0.000121, 0.000111
3033, 0.000218, 0.000155, 0.000144
3034, 0.000219, 0.000123, 0.000113
3035, 0.000216, 0.000152, 0.000142
3036, 0.000217, 0.000122, 0.000113
3037, 0.000218, 0.000136, 0.000127
3038, 0.000216, 0.000147, 0.000137
3039, 0.000214, 0.000115, 0.000107
3040, 0.000219, 0.000170, 0.000160
3041, 0.000218, 0.000104, 0.000097
3042, 0.000222, 0.000179, 0.000171
3043, 0.000220, 0.000112, 0.000105
3044, 0.000215, 0.000135, 0.000126
3045, 0.000213, 0.000162, 0.000153
3046, 0.000215, 0.000097, 0.000089
3047, 0.000224, 0.000205, 0.000192
3048, 0.000226, 0.000100, 0.000092
3049, 0.000220, 0.000162, 0.000151
3050, 0.000213, 0.000136, 0.000127
3051, 0.000213, 0.000117, 0.000109
3052, 0.000214, 0.000172, 0.000162
3053, 0.000219, 0.000096, 0.000088
3054, 0.000222, 0.000201, 0.000190
3055, 0.000224, 0.000099, 0.000091
3056, 0.000217, 0.000153, 0.000144
3057, 0.000212, 0.000150, 0.000141
3058, 0.000209, 0.000095, 0.000088
3059, 0.000223, 0.000223, 0.000213
3060, 0.000233, 0.000087, 0.000080
3061, 0.000229, 0.000185, 0.000175
3062, 0.000219, 0.000121, 0.000112
3063, 0.000209, 0.000115, 0.000107
3064, 0.000209, 0.000176, 0.000165
3065, 0.000219, 0.000093, 0.000085
3066, 0.000225, 0.000191, 0.000181
3067, 0.000219, 0.000108, 0.000100
3068, 0.000212, 0.000119, 0.000109
3069, 0.000208, 0.000191, 0.000180
3070, 0.000219, 0.000092, 0.000083
3071, 0.000220, 0.000186, 0.000175
3072, 0.000219, 0.000100, 0.000092
3073, 0.000215, 0.000147, 0.000138
3074, 0.000206, 0.000128, 0.000119
3075, 0.000207, 0.000121, 0.000113
3076, 0.000207, 0.000143, 0.000134
3077, 0.000206, 0.000110, 0.000101
3078, 0.000209, 0.000147, 0.000137
3079, 0.000210, 0.000111, 0.000102
3080, 0.000207, 0.000142, 0.000132
3081, 0.000206, 0.000123, 0.000115
3082, 0.000204, 0.000115, 0.000107
3083, 0.000203, 0.000154, 0.000144
3084, 0.000207, 0.000104, 0.000097
3085, 0.000207, 0.000152, 0.000143
3086, 0.000207, 0.000115, 0.000106
3087, 0.000203, 0.000121, 0.000113
3088, 0.000202, 0.000151, 0.000142
3089, 0.000205, 0.000106, 0.000098
3090, 0.000203, 0.000156, 0.000147
3091, 0.000209, 0.000099, 0.000092
3092, 0.000208, 0.000165, 0.000156
3093, 0.000207, 0.000105, 0.000098
3094, 0.000204, 0.000136, 0.000128
3095, 0.000203, 0.000137, 0.000128
3096, 0.000202, 0.000102, 0.000094
3097, 0.000203, 0.000164, 0.000154
3098, 0.000206, 0.000098, 0.000090
3099, 0.000205, 0.000147, 0.000138
3100, 0.000203, 0.000121, 0.000112
3101, 0.000199, 0.000120, 0.000111
3102, 0.000200, 0.000141, 0.000132
3103, 0.000199, 0.000113, 0.000106
3104, 0.000199, 0.000141, 0.000132
3105, 0.000199, 0.000114, 0.000107
3106, 0.000200, 0.000146, 0.000136
3107, 0.000199, 0.000108, 0.000099
3108, 0.000200, 0.000143, 0.000133
3109, 0.000199, 0.000120, 0.000111
3110, 0.000197, 0.000119, 0.000110
3111, 0.000196, 0.000135, 0.000126
3112, 0.000201, 0.000104, 0.000096
3113, 0.000200, 0.000154, 0.000144
3114, 0.000201, 0.000109, 0.000100
3115, 0.000201, 0.000141, 0.000132
3116, 0.000198, 0.000112, 0.000104
3117, 0.000197, 0.000144, 0.000135
3118, 0.000198, 0.000106, 0.000099
3119, 0.000198, 0.000137, 0.000129
3120, 0.000197, 0.000117, 0.000109
3121, 0.000196, 0.000116, 0.000108
3122, 0.000197, 0.000137, 0.000128
3123, 0.000198, 0.000106, 0.000098
3124, 0.000198, 0.000147, 0.000137
3125, 0.000197, 0.000104, 0.000096
3126, 0.000197, 0.000137, 0.000127
3127, 0.000195, 0.000135, 0.000126
3128, 0.000194, 0.000107, 0.000100
3129, 0.000198, 0.000172, 0.000162
3130, 0.000204, 0.000085, 0.000079
3131, 0.000206, 0.000190, 0.000179
3132, 0.000206, 0.000091, 0.000084
3133, 0.000200, 0.000147, 0.000138
3134, 0.000196, 0.000119, 0.000111
3135, 0.000192, 0.000098, 0.000091
3136, 0.000193, 0.000162, 0.000154
3137, 0.000200, 0.000087, 0.000081
3138, 0.000201, 0.000172, 0.000163
3139, 0.000201, 0.000097, 0.000089
3140, 0.000197, 0.000143, 0.000134
3141, 0.000192, 0.000112, 0.000104
3142, 0.000191, 0.000122, 0.000113
3143, 0.000193, 0.000136, 0.000128
3144, 0.000191, 0.000098, 0.000091
3145, 0.000195, 0.000160, 0.000151
3146, 0.000197, 0.000087, 0.000082
3147, 0.000199, 0.000165, 0.000157
3148, 0.000196, 0.000095, 0.000089
3149, 0.000195, 0.000126, 0.000119
3150, 0.000190, 0.000130, 0.000121
3151, 0.000191, 0.000106, 0.000098
3152, 0.000191, 0.000136, 0.000127
3153, 0.000189, 0.000115, 0.000106
3154, 0.000189, 0.000133, 0.000125
3155, 0.000188, 0.000105, 0.000098
3156, 0.000190, 0.000135, 0.000126
3157, 0.000189, 0.000114, 0.000107
3158, 0.000191, 0.000121, 0.000114
3159, 0.000188, 0.000114, 0.000106
3160, 0.000190, 0.000122, 0.000114
3161, 0.000188, 0.000114, 0.000107
3162, 0.000188, 0.000109, 0.000101
3163, 0.000190, 0.000165, 0.000157
3164, 0.000195, 0.000079, 0.000073
3165, 0.000208, 0.000239, 0.000228
3166, 0.000224, 0.000069, 0.000064
3167, 0.000235, 0.000262, 0.000250
3168, 0.000237, 0.000069, 0.000064
3169, 0.000220, 0.000176, 0.000166
3170, 0.000199, 0.000103, 0.000095
3171, 0.000186, 0.000088, 0.000081
3172, 0.000189, 0.000178, 0.000168
3173, 0.000200, 0.000079, 0.000073
3174, 0.000198, 0.000146, 0.000140
3175, 0.000188, 0.000121, 0.000115
3176, 0.000185, 0.000080, 0.000076
3177, 0.000195, 0.000182, 0.000173
3178, 0.000201, 0.000082, 0.000075
3179, 0.000199, 0.000136, 0.000129
3180, 0.000189, 0.000112, 0.000104
3181, 0.000186, 0.000094, 0.000087
3182, 0.000188, 0.000146, 0.000138
3183, 0.000189, 0.000090, 0.000083
3184, 0.000189, 0.000135, 0.000126
3185, 0.000187, 0.000107, 0.000100
3186, 0.000184, 0.000109, 0.000101
3187, 0.000184, 0.000144, 0.000135
3188, 0.000188, 0.000079, 0.000073
3189, 0.000194, 0.000177, 0.000167
3190, 0.000196, 0.000083, 0.000077
3191, 0.000188, 0.000111, 0.000104
3192, 0.000182, 0.000140, 0.000132
3193, 0.000186, 0.000078, 0.000073
3194, 0.000191, 0.000148, 0.000141
3195, 0.000188, 0.000099, 0.000093
3196, 0.000185, 0.000108, 0.000102
3197, 0.000183, 0.000130, 0.000123
3198, 0.000182, 0.000093, 0.000087
3199, 0.000184, 0.000129, 0.000122
3200, 0.000184, 0.000103, 0.000097
3201, 0.000181, 0.000110, 0.000103
3202, 0.000181, 0.000110, 0.000103
3203, 0.000180, 0.000111, 0.000104
3204, 0.000180, 0.000109, 0.000101
3205, 0.000181, 0.000120, 0.000112
3206, 0.000182, 0.000101, 0.000095
3207, 0.000181, 0.000118, 0.000110
3208, 0.000182, 0.000117, 0.000111
3209, 0.000180, 0.000094, 0.000088
3210, 0.000180, 0.000136, 0.000129
3211, 0.000184, 0.000094, 0.000089
3212, 0.000182, 0.000121, 0.000114
3213, 0.000179, 0.000109, 0.000102
3214, 0.000179, 0.000097, 0.000091
3215, 0.000179, 0.000130, 0.000122
3216, 0.000181, 0.000095, 0.000089
3217, 0.000178, 0.000121, 0.000115
3218, 0.000179, 0.000112, 0.000105
3219, 0.000176, 0.000100, 0.000094
3220, 0.000178, 0.000130, 0.000123
3221, 0.000177, 0.000093, 0.000087
3222, 0.000179, 0.000132, 0.000125
3223, 0.000178, 0.000099, 0.000093
3224, 0.000176, 0.000106, 0.000100
3225, 0.000178, 0.000132, 0.000125
3226, 0.000179, 0.000086, 0.000080
3227, 0.000177, 0.000134, 0.000126
3228, 0.000178, 0.000103, 0.000097
3229, 0.000178, 0.000104, 0.000097
3230, 0.000176, 0.000119, 0.000112
3231, 0.000175, 0.000104, 0.000098
3232, 0.000175, 0.000115, 0.000108
3233, 0.000173, 0.000102, 0.000097
3234, 0.000175, 0.000123, 0.000118
3235, 0.000176, 0.000092, 0.000086
3236, 0.000175, 0.000132, 0.000126
3237, 0.000178, 0.000086, 0.000080
3238, 0.000179, 0.000134, 0.000127
3239, 0.000175, 0.000098, 0.000092
3240, 0.000174, 0.000107, 0.000101
3241, 0.000174, 0.000116, 0.000110
3242, 0.000173, 0.000107, 0.000101
3243, 0.000172, 0.000107, 0.000101
3244, 0.000174, 0.000112, 0.000105
3245, 0.000174, 0.000115, 0.000109
3246, 0.000173, 0.000092, 0.000086
3247, 0.000174, 0.000126, 0.000120
3248, 0.000174, 0.000093, 0.000088
3249, 0.000174, 0.000120, 0.000115
3250, 0.000174, 0.000111, 0.000106
3251, 0.000173, 0.000104, 0.000098
3252, 0.000172, 0.000116, 0.000110
3253, 0.000171, 0.000102, 0.000095
3254, 0.000172, 0.000108, 0.000101
3255, 0.000171, 0.000122, 0.000115
3256, 0.000172, 0.000088, 0.000082
3257, 0.000174, 0.000137, 0.000130
3258, 0.000175, 0.000084, 0.000078
3259, 0.000175, 0.000135, 0.000129
3260, 0.000173, 0.000089, 0.000084
3261, 0.000173, 0.000131, 0.000124
3262, 0.000173, 0.000090, 0.000084
3263, 0.000170, 0.000127, 0.000120
3264, 0.000172, 0.000096, 0.000089
3265, 0.000172, 0.000143, 0.000136
3266, 0.000176, 0.000080, 0.000074
3267, 0.000178, 0.000158, 0.000150
3268, 0.000180, 0.000072, 0.000067
3269, 0.000181, 0.000163, 0.000155
3270, 0.000181, 0.000079, 0.000075
3271, 0.000175, 0.000133, 0.000125
3272, 0.000172, 0.000099, 0.000093
3273, 0.000171, 0.000115, 0.000109
3274, 0.000169, 0.000097, 0.000091
3275, 0.000170, 0.000120, 0.000114
3276, 0.000171, 0.000090, 0.000085
3277, 0.000170, 0.000127, 0.000118
3278, 0.000171, 0.000105, 0.000099
3279, 0.000172, 0.000109, 0.000102
3280, 0.000167, 0.000102, 0.000096
3281, 0.000167, 0.000107, 0.000101
3282, 0.000169, 0.000110, 0.000103
3283, 0.000167, 0.000095, 0.000089
3284, 0.000168, 0.000123, 0.000117
3285, 0.000169, 0.000088, 0.000082
3286, 0.000169, 0.000134, 0.000126
3287, 0.000170, 0.000088, 0.000083
3288, 0.000170, 0.000123, 0.000116
3289, 0.000169, 0.000086, 0.000080
3290, 0.000168, 0.000130, 0.000122
3291, 0.000170, 0.000080, 0.000075
3292, 0.000172, 0.000149, 0.000141
3293, 0.000173, 0.000073, 0.000068
3294, 0.000173, 0.000155, 0.000146
3295, 0.000175, 0.000074, 0.000069
3296, 0.000175, 0.000173, 0.000163
3297, 0.000182, 0.000062, 0.000058
3298, 0.000190, 0.000215, 0.000205
3299, 0.000198, 0.000057, 0.000053
3300, 0.000200, 0.000195, 0.000187
3301, 0.000189, 0.000074, 0.000069
3302, 0.000170, 0.000097, 0.000091
3303, 0.000164, 0.000150, 0.000142
3304, 0.000175, 0.000063, 0.000059
3305, 0.000185, 0.000207, 0.000197
3306, 0.000195, 0.000060, 0.000055
3307, 0.000193, 0.000180, 0.000172
3308, 0.000184, 0.000075, 0.000070
3309, 0.000170, 0.000095, 0.000090
3310, 0.000166, 0.000156, 0.000149
3311, 0.000177, 0.000055, 0.000051
3312, 0.000201, 0.000240, 0.000230
3313, 0.000215, 0.000057, 0.000053
3314, 0.000200, 0.000167, 0.000158
3315, 0.000178, 0.000093, 0.000087
3316, 0.000164, 0.000073, 0.000068
3317, 0.000169, 0.000175, 0.000168
3318, 0.000183, 0.000060, 0.000056
3319, 0.000183, 0.000143, 0.000138
3320, 0.000170, 0.000103, 0.000098
3321, 0.000162, 0.000066, 0.000062
3322, 0.000173, 0.000166, 0.000158
3323, 0.000179, 0.000069, 0.000064
3324, 0.000169, 0.000104, 0.000096
3325, 0.000163, 0.000125, 0.000116
3326, 0.000165, 0.000067, 0.000062
3327, 0.000170, 0.000145, 0.000136
3328, 0.000172, 0.000074, 0.000069
3329, 0.000167, 0.000107, 0.000101
3330, 0.000162, 0.000095, 0.000090
3331, 0.000163, 0.000086, 0.000081
3332, 0.000162, 0.000116, 0.000110
3333, 0.000164, 0.000077, 0.000073
3334, 0.000166, 0.000106, 0.000100
3335, 0.000162, 0.000104, 0.000099
3336, 0.000161, 0.000074, 0.000069
3337, 0.000166, 0.000130, 0.000123
3338, 0.000165, 0.000071, 0.000067
3339, 0.000167, 0.000121, 0.000115
3340, 0.000161, 0.000097, 0.000091
3341, 0.000160, 0.000082, 0.000077
3342, 0.000162, 0.000105, 0.000099
3343, 0.000161, 0.000086, 0.000080
3344, 0.000158, 0.000099, 0.000092
3345, 0.000160, 0.000089, 0.000083
3346, 0.000160, 0.000096, 0.000091
3347, 0.000160, 0.000107, 0.000102
3348, 0.000160, 0.000085, 0.000081
3349, 0.000160, 0.000095, 0.000090
3350, 0.000159, 0.000108, 0.000103
3351, 0.000160, 0.000083, 0.000077
3352, 0.000161, 0.000111, 0.000105
3353, 0.000159, 0.000093, 0.000087
3354, 0.000157, 0.000084, 0.000079
3355, 0.000159, 0.000105, 0.000099
3356, 0.000160, 0.000082, 0.000076
3357, 0.000158, 0.000107, 0.000101
3358, 0.000159, 0.000088, 0.000082
3359, 0.000159, 0.000099, 0.000093
3360, 0.000157, 0.000094, 0.000089
3361, 0.000158, 0.000088, 0.000082
3362, 0.000159, 0.000096, 0.000090
3363, 0.000157, 0.000096, 0.000091
3364, 0.000157, 0.000089, 0.000084
3365, 0.000159, 0.000109, 0.000103
3366, 0.000159, 0.000075, 0.000070
3367, 0.000159, 0.000118, 0.000111
3368, 0.000160, 0.000092, 0.000086
3369, 0.000156, 0.000082, 0.000077
3370, 0.000157, 0.000125, 0.000118
3371, 0.000162, 0.000063, 0.000060
3372, 0.000165, 0.000140, 0.000135
3373, 0.000167, 0.000065, 0.000063
3374, 0.000163, 0.000114, 0.000109
3375, 0.000158, 0.000088, 0.000084
3376, 0.000155, 0.000089, 0.000084
3377, 0.000154, 0.000099, 0.000093
3378, 0.000155, 0.000094, 0.000087
3379, 0.000158, 0.000102, 0.000095
3380, 0.000155, 0.000087, 0.000082
3381, 0.000155, 0.000099, 0.000094
3382, 0.000156, 0.000095, 0.000090
3383, 0.000154, 0.000075, 0.000071
3384, 0.000157, 0.000126, 0.000119
3385, 0.000159, 0.000065, 0.000061
3386, 0.000163, 0.000127, 0.000119
3387, 0.000160, 0.000078, 0.000073
3388, 0.000155, 0.000108, 0.000102
3389, 0.000153, 0.000105, 0.000099
3390, 0.000155, 0.000070, 0.000066
3391, 0.000157, 0.000134, 0.000127
3392, 0.000161, 0.000068, 0.000064
3393, 0.000159, 0.000119, 0.000113
3394, 0.000158, 0.000085, 0.000080
3395, 0.000153, 0.000077, 0.000072
3396, 0.000155, 0.000136, 0.000130
3397, 0.000162, 0.000058, 0.000055
3398, 0.000169, 0.000160, 0.000154
3399, 0.000171, 0.000065, 0.000061
3400, 0.000166, 0.000125, 0.000119
3401, 0.000156, 0.000087, 0.000084
3402, 0.000155, 0.000082, 0.000078
3403, 0.000155, 0.000136, 0.000131
3404, 0.000162, 0.000055, 0.000053
3405, 0.000182, 0.000198, 0.000190
3406, 0.000190, 0.000053, 0.000050
3407, 0.000179, 0.000155, 0.000147
3408, 0.000169, 0.000068, 0.000064
3409, 0.000158, 0.000085, 0.000080
3410, 0.000152, 0.000125, 0.000119
3411, 0.000157, 0.000061, 0.000057
3412, 0.000161, 0.000123, 0.000116
3413, 0.000156, 0.000083, 0.000077
3414, 0.000151, 0.000073, 0.000069
3415, 0.000156, 0.000131, 0.000124
3416, 0.000159, 0.000059, 0.000055
3417, 0.000162, 0.000124, 0.000117
3418, 0.000157, 0.000083, 0.000078
3419, 0.000152, 0.000071, 0.000066
3420, 0.000152, 0.000132, 0.000124
3421, 0.000158, 0.000061, 0.000057
3422, 0.000157, 0.000098, 0.000092
3423, 0.000152, 0.000096, 0.000090
3424, 0.000150, 0.000072, 0.000067
3425, 0.000154, 0.000118, 0.000112
3426, 0.000156, 0.000071, 0.000067
3427, 0.000151, 0.000089, 0.000084
3428, 0.000149, 0.000104, 0.000099
3429, 0.000151, 0.000062, 0.000058
3430, 0.000157, 0.000141, 0.000134
3431, 0.000161, 0.000058, 0.000054
3432, 0.000160, 0.000124, 0.000117
3433, 0.000154, 0.000078, 0.000073
3434, 0.000151, 0.000075, 0.000070
3435, 0.000152, 0.000124, 0.000118
3436, 0.000157, 0.000057, 0.000054
3437, 0.000161, 0.000136, 0.000131
3438, 0.000160, 0.000067, 0.000064
3439, 0.000153, 0.000084, 0.000079
3440, 0.000152, 0.000123, 0.000117
3441, 0.000154, 0.000057, 0.000054
3442, 0.000164, 0.000155, 0.000144
3443, 0.000166, 0.000064, 0.000061
3444, 0.000154, 0.000086, 0.000080
3445, 0.000149, 0.000125, 0.000117
3446, 0.000154, 0.000056, 0.000053
3447, 0.000162, 0.000140, 0.000132
3448, 0.000162, 0.000065, 0.000061
3449, 0.000152, 0.000090, 0.000084
3450, 0.000148, 0.000104, 0.000097
3451, 0.000149, 0.000066, 0.000062
3452, 0.000151, 0.000115, 0.000108
3453, 0.000151, 0.000080, 0.000075
3454, 0.000148, 0.000072, 0.000068
3455, 0.000150, 0.000123, 0.000116
3456, 0.000154, 0.000058, 0.000054
3457, 0.000161, 0.000143, 0.000134
3458, 0.000162, 0.000063, 0.000058
3459, 0.000153, 0.000096, 0.000089
3460, 0.000149, 0.000100, 0.000093
3461, 0.000148, 0.000063, 0.000058
3462, 0.000155, 0.000136, 0.000128
3463, 0.000158, 0.000061, 0.000058
3464, 0.000154, 0.000104, 0.000099
3465, 0.000148, 0.000095, 0.000090
3466, 0.000146, 0.000063, 0.000059
3467, 0.000153, 0.000136, 0.000128
3468, 0.000158, 0.000055, 0.000052
3469, 0.000158, 0.000117, 0.000110
3470, 0.000152, 0.000089, 0.000084
3471, 0.000146, 0.000064, 0.000059
3472, 0.000153, 0.000138, 0.000130
3473, 0.000158, 0.000059, 0.000056
3474, 0.000156, 0.000114, 0.000107
3475, 0.000151, 0.000071, 0.000066
3476, 0.000145, 0.000070, 0.000065
3477, 0.000145, 0.000127, 0.000119
3478, 0.000153, 0.000056, 0.000052
3479, 0.000159, 0.000133, 0.000125
3480, 0.000157, 0.000065, 0.000060
3481, 0.000148, 0.000084, 0.000078
3482, 0.000144, 0.000107, 0.000101
3483, 0.000147, 0.000056, 0.000053
3484, 0.000158, 0.000151, 0.000142
3485, 0.000161, 0.000056, 0.000052
3486, 0.000154, 0.000097, 0.000090
3487, 0.000144, 0.000102, 0.000096
3488, 0.000148, 0.000055, 0.000051
3489, 0.000156, 0.000147, 0.000139
3490, 0.000162, 0.000056, 0.000052
3491, 0.000154, 0.000099, 0.000093
3492, 0.000146, 0.000092, 0.000087
3493, 0.000145, 0.000057, 0.000053
3494, 0.000152, 0.000151, 0.000143
3495, 0.000163, 0.000053, 0.000049
3496, 0.000163, 0.000121, 0.000113
3497, 0.000150, 0.000080, 0.000074
3498, 0.000142, 0.000060, 0.000056
3499, 0.000148, 0.000135, 0.000127
3500, 0.000156, 0.000058, 0.000054
3501, 0.000150, 0.000089, 0.000083
3502, 0.000144, 0.000096, 0.000089
3503, 0.000145, 0.000055, 0.000051
3504, 0.000154, 0.000147, 0.000138
3505, 0.000158, 0.000058, 0.000054
3506, 0.000149, 0.000084, 0.000078
3507, 0.000141, 0.000117, 0.000110
3508, 0.000152, 0.000055, 0.000051
3509, 0.000153, 0.000117, 0.000110
3510, 0.000150, 0.000066, 0.000062
3511, 0.000144, 0.000069, 0.000064
3512, 0.000141, 0.000111, 0.000104
3513, 0.000149, 0.000053, 0.000050
3514, 0.000155, 0.000123, 0.000116
3515, 0.000152, 0.000062, 0.000058
3516, 0.000144, 0.000075, 0.000070
3517, 0.000140, 0.000120, 0.000112
3518, 0.000148, 0.000054, 0.000050
3519, 0.000155, 0.000124, 0.000115
3520, 0.000151, 0.000070, 0.000064
3521, 0.000140, 0.000065, 0.000060
3522, 0.000145, 0.000120, 0.000113
3523, 0.000150, 0.000059, 0.000056
3524, 0.000145, 0.000082, 0.000078
3525, 0.000141, 0.000099, 0.000094
3526, 0.000143, 0.000059, 0.000056
3527, 0.000145, 0.000110, 0.000103
3528, 0.000147, 0.000072, 0.000066
3529, 0.000140, 0.000080, 0.000075
3530, 0.000141, 0.000089, 0.000083
3531, 0.000142, 0.000065, 0.000061
3532, 0.000141, 0.000088, 0.000084
3533, 0.000143, 0.000080, 0.000074
3534, 0.000142, 0.000068, 0.000063
3535, 0.000142, 0.000109, 0.000101
3536, 0.000145, 0.000068, 0.000062
3537, 0.000144, 0.000091, 0.000085
3538, 0.000141, 0.000082, 0.000076
3539, 0.000140, 0.000070, 0.000065
3540, 0.000142, 0.000094, 0.000090
3541, 0.000144, 0.000071, 0.000067
3542, 0.000142, 0.000080, 0.000077
3543, 0.000142, 0.000089, 0.000085
3544, 0.000138, 0.000070, 0.000066
3545, 0.000140, 0.000082, 0.000078
3546, 0.000141, 0.000086, 0.000080
3547, 0.000138, 0.000059, 0.000055
3548, 0.000142, 0.000104, 0.000097
3549, 0.000142, 0.000076, 0.000070
3550, 0.000139, 0.000066, 0.000061
3551, 0.000142, 0.000128, 0.000119
3552, 0.000148, 0.000055, 0.000051
3553, 0.000149, 0.000115, 0.000107
3554, 0.000144, 0.000070, 0.000065
3555, 0.000139, 0.000069, 0.000065
3556, 0.000138, 0.000112, 0.000107
3557, 0.000146, 0.000049, 0.000047
3558, 0.000154, 0.000124, 0.000118
3559, 0.000151, 0.000060, 0.000056
3560, 0.000140, 0.000074, 0.000070
3561, 0.000137, 0.000114, 0.000107
3562, 0.000144, 0.000056, 0.000053
3563, 0.000146, 0.000109, 0.000103
3564, 0.000144, 0.000063, 0.000060
3565, 0.000139, 0.000076, 0.000072
3566, 0.000139, 0.000095, 0.000089
3567, 0.000140, 0.000058, 0.000055
3568, 0.000143, 0.000111, 0.000104
3569, 0.000143, 0.000061, 0.000057
3570, 0.000140, 0.000082, 0.000077
3571, 0.000136, 0.000082, 0.000077
3572, 0.000137, 0.000067, 0.000063
3573, 0.000137, 0.000088, 0.000083
3574, 0.000139, 0.000064, 0.000060
3575, 0.000139, 0.000095, 0.000091
3576, 0.000137, 0.000065, 0.000062
3577, 0.000137, 0.000076, 0.000072
3578, 0.000136, 0.000080, 0.000075
3579, 0.000137, 0.000067, 0.000063
3580, 0.000138, 0.000083, 0.000078
3581, 0.000137, 0.000076, 0.000071
3582, 0.000137, 0.000070, 0.000066
3583, 0.000136, 0.000088, 0.000083
3584, 0.000136, 0.000069, 0.000065
3585, 0.000137, 0.000087, 0.000081
3586, 0.000137, 0.000062, 0.000058
3587, 0.000139, 0.000098, 0.000091
3588, 0.000139, 0.000060, 0.000056
3589, 0.000138, 0.000097, 0.000090
3590, 0.000138, 0.000070, 0.000065
3591, 0.000134, 0.000064, 0.000061
3592, 0.000137, 0.000117, 0.000111
3593, 0.000145, 0.000048, 0.000046
3594, 0.000154, 0.000141, 0.000136
3595, 0.000154, 0.000053, 0.000050
3596, 0.000144, 0.000092, 0.000087
3597, 0.000137, 0.000085, 0.000080
3598, 0.000136, 0.000057, 0.000053
3599, 0.000141, 0.000115, 0.000108
3600, 0.000144, 0.000055, 0.000050
3601, 0.000140, 0.000095, 0.000088
3602, 0.000138, 0.000073, 0.000068
3603, 0.000134, 0.000061, 0.000057
3604, 0.000136, 0.000103, 0.000096
3605, 0.000140, 0.000058, 0.000054
3606, 0.000139, 0.000085, 0.000079
3607, 0.000133, 0.000091, 0.000085
3608, 0.000135, 0.000054, 0.000050
3609, 0.000145, 0.000138, 0.000129
3610, 0.000152, 0.000050, 0.000047
3611, 0.000151, 0.000123, 0.000114
3612, 0.000145, 0.000060, 0.000056
3613, 0.000135, 0.000065, 0.000061
3614, 0.000134, 0.000108, 0.000103
3615, 0.000141, 0.000048, 0.000045
3616, 0.000151, 0.000137, 0.000131
3617, 0.000152, 0.000050, 0.000047
3618, 0.000146, 0.000089, 0.000082
3619, 0.000135, 0.000086, 0.000079
3620, 0.000134, 0.000052, 0.000048
3621, 0.000143, 0.000133, 0.000124
3622, 0.000150, 0.000051, 0.000047
3623, 0.000145, 0.000097, 0.000091
3624, 0.000136, 0.000073, 0.000068
3625, 0.000132, 0.000061, 0.000057
3626, 0.000135, 0.000104, 0.000097
3627, 0.000139, 0.000054, 0.000051
3628, 0.000139, 0.000090, 0.000082
3629, 0.000135, 0.000074, 0.000068
3630, 0.000132, 0.000056, 0.000052
3631, 0.000135, 0.000114, 0.000105
3632, 0.000142, 0.000053, 0.000050
3633, 0.000140, 0.000086, 0.000080
3634, 0.000136, 0.000075, 0.000070
3635, 0.000132, 0.000054, 0.000051
3636, 0.000136, 0.000107, 0.000100
3637, 0.000139, 0.000052, 0.000049
3638, 0.000140, 0.000093, 0.000087
3639, 0.000135, 0.000068, 0.000062
3640, 0.000131, 0.000058, 0.000055
3641, 0.000132, 0.000097, 0.000091
3642, 0.000134, 0.000059, 0.000054
3643, 0.000135, 0.000082, 0.000076
3644, 0.000131, 0.000068, 0.000063
3645, 0.000132, 0.000064, 0.000060
3646, 0.000132, 0.000081, 0.000077
3647, 0.000132, 0.000055, 0.000052
3648, 0.000135, 0.000100, 0.000093
3649, 0.000135, 0.000059, 0.000055
3650, 0.000133, 0.000076, 0.000070
3651, 0.000131, 0.000082, 0.000077
3652, 0.000131, 0.000056, 0.000053
3653, 0.000134, 0.000094, 0.000088
3654, 0.000134, 0.000060, 0.000056
3655, 0.000131, 0.000069, 0.000064
3656, 0.000130, 0.000083, 0.000078
3657, 0.000131, 0.000059, 0.000055
3658, 0.000132, 0.000083, 0.000078
3659, 0.000130, 0.000065, 0.000060
3660, 0.000130, 0.000076, 0.000070
3661, 0.000130, 0.000063, 0.000058
3662, 0.000131, 0.000085, 0.000079
3663, 0.000133, 0.000063, 0.000058
3664, 0.000132, 0.000078, 0.000072
3665, 0.000130, 0.000066, 0.000061
3666, 0.000130, 0.000077, 0.000070
3667, 0.000132, 0.000068, 0.000064
3668, 0.000131, 0.000078, 0.000073
3669, 0.000130, 0.000061, 0.000057
3670, 0.000131, 0.000081, 0.000077
3671, 0.000129, 0.000066, 0.000062
3672, 0.000130, 0.000069, 0.000064
3673, 0.000130, 0.000077, 0.000072
3674, 0.000131, 0.000063, 0.000058
3675, 0.000133, 0.000083, 0.000077
3676, 0.000131, 0.000057, 0.000053
3677, 0.000131, 0.000089, 0.000084
3678, 0.000131, 0.000063, 0.000059
3679, 0.000129, 0.000064, 0.000060
3680, 0.000129, 0.000100, 0.000095
3681, 0.000136, 0.000047, 0.000045
3682, 0.000143, 0.000129, 0.000123
3683, 0.000144, 0.000051, 0.000048
3684, 0.000137, 0.000082, 0.000078
3685, 0.000131, 0.000070, 0.000066
3686, 0.000131, 0.000065, 0.000062
3687, 0.000128, 0.000075, 0.000072
3688, 0.000127, 0.000066, 0.000062
3689, 0.000130, 0.000086, 0.000081
3690, 0.000131, 0.000055, 0.000052
3691, 0.000134, 0.000097, 0.000090
3692, 0.000134, 0.000056, 0.000053
3693, 0.000131, 0.000091, 0.000085
3694, 0.000133, 0.000054, 0.000051
3695, 0.000136, 0.000092, 0.000087
3696, 0.000132, 0.000056, 0.000052
3697, 0.000130, 0.000073, 0.000069
3698, 0.000131, 0.000087, 0.000081
3699, 0.000128, 0.000056, 0.000052
3700, 0.000131, 0.000091, 0.000086
3701, 0.000133, 0.000059, 0.000057
3702, 0.000129, 0.000078, 0.000075
3703, 0.000129, 0.000062, 0.000060
3704, 0.000129, 0.000068, 0.000066
3705, 0.000127, 0.000077, 0.000074
3706, 0.000127, 0.000057, 0.000054
3707, 0.000129, 0.000078, 0.000073
3708, 0.000128, 0.000067, 0.000062
3709, 0.000127, 0.000068, 0.000063
3710, 0.000126, 0.000080, 0.000075
3711, 0.000127, 0.000056, 0.000053
3712, 0.000129, 0.000093, 0.000087
3713, 0.000131, 0.000049, 0.000047
3714, 0.000139, 0.000129, 0.000122
3715, 0.000144, 0.000046, 0.000044
3716, 0.000144, 0.000115, 0.000109
3717, 0.000138, 0.000052, 0.000049
3718, 0.000130, 0.000068, 0.000064
3719, 0.000126, 0.000094, 0.000088
3720, 0.000129, 0.000049, 0.000046
3721, 0.000136, 0.000116, 0.000109
3722, 0.000138, 0.000053, 0.000050
3723, 0.000132, 0.000076, 0.000071
3724, 0.000125, 0.000078, 0.000074
3725, 0.000127, 0.000050, 0.000047
3726, 0.000133, 0.000108, 0.000102
3727, 0.000136, 0.000049, 0.000046
3728, 0.000135, 0.000088, 0.000082
3729, 0.000128, 0.000065, 0.000061
3730, 0.000125, 0.000060, 0.000055
3731, 0.000126, 0.000093, 0.000087
3732, 0.000131, 0.000049, 0.000046
3733, 0.000137, 0.000108, 0.000101
3734, 0.000136, 0.000051, 0.000048
3735, 0.000130, 0.000077, 0.000071
3736, 0.000127, 0.000075, 0.000071
3737, 0.000126, 0.000055, 0.000051
3738, 0.000128, 0.000097, 0.000089
3739, 0.000132, 0.000052, 0.000049
3740, 0.000136, 0.000120, 0.000112
3741, 0.000142, 0.000048, 0.000047
3742, 0.000139, 0.000099, 0.000094
3743, 0.000132, 0.000056, 0.000052
3744, 0.000125, 0.000058, 0.000054
3745, 0.000125, 0.000096, 0.000090
3746, 0.000132, 0.000047, 0.000045
3747, 0.000138, 0.000109, 0.000103
3748, 0.000136, 0.000053, 0.000050
3749, 0.000132, 0.000076, 0.000072
3750, 0.000125, 0.000071, 0.000067
3751, 0.000124, 0.000056, 0.000053
3752, 0.000125, 0.000084, 0.000079
3753, 0.000126, 0.000055, 0.000052
3754, 0.000126, 0.000076, 0.000071
3755, 0.000124, 0.000063, 0.000059
3756, 0.000122, 0.000058, 0.000054
3757, 0.000125, 0.000089, 0.000084
3758, 0.000129, 0.000048, 0.000046
3759, 0.000132, 0.000108, 0.000101
3760, 0.000136, 0.000050, 0.000048
3761, 0.000130, 0.000079, 0.000073
3762, 0.000125, 0.000067, 0.000062
3763, 0.000124, 0.000054, 0.000051
3764, 0.000126, 0.000095, 0.000088
3765, 0.000130, 0.000049, 0.000046
3766, 0.000131, 0.000097, 0.000090
3767, 0.000131, 0.000049, 0.000046
3768, 0.000134, 0.000092, 0.000086
3769, 0.000131, 0.000052, 0.000048
3770, 0.000129, 0.000078, 0.000072
3771, 0.000125, 0.000067, 0.000063
3772, 0.000124, 0.000056, 0.000052
3773, 0.000127, 0.000082, 0.000076
3774, 0.000126, 0.000053, 0.000050
3775, 0.000126, 0.000070, 0.000067
3776, 0.000122, 0.000068, 0.000064
3777, 0.000122, 0.000052, 0.000050
3778, 0.000123, 0.000084, 0.000078
3779, 0.000126, 0.000053, 0.000049
3780, 0.000125, 0.000076, 0.000070
3781, 0.000124, 0.000057, 0.000053
3782, 0.000123, 0.000070, 0.000065
3783, 0.000122, 0.000059, 0.000055
3784, 0.000122, 0.000074, 0.000069
3785, 0.000123, 0.000052, 0.000049
3786, 0.000125, 0.000076, 0.000072
3787, 0.000123, 0.000054, 0.000051
3788, 0.000122, 0.000064, 0.000061
3789, 0.000121, 0.000065, 0.000061
3790, 0.000122, 0.000057, 0.000053
3791, 0.000122, 0.000083, 0.000078
3792, 0.000127, 0.000049, 0.000047
3793, 0.000134, 0.000115, 0.000109
3794, 0.000138, 0.000047, 0.000045
3795, 0.000133, 0.000088, 0.000082
3796, 0.000126, 0.000059, 0.000056
3797, 0.000122, 0.000053, 0.000050
3798, 0.000123, 0.000082, 0.000077
3799, 0.000126, 0.000051, 0.000048
3800, 0.000125, 0.000075, 0.000070
3801, 0.000122, 0.000062, 0.000059
3802, 0.000121, 0.000055, 0.000052
3803, 0.000122, 0.000075, 0.000070
3804, 0.000121, 0.000054, 0.000051
3805, 0.000125, 0.000077, 0.000073
3806, 0.000125, 0.000055, 0.000053
3807, 0.000122, 0.000059, 0.000056
3808, 0.000120, 0.000070, 0.000066
3809, 0.000122, 0.000052, 0.000049
3810, 0.000124, 0.000090, 0.000084
3811, 0.000127, 0.000048, 0.000046
3812, 0.000131, 0.000110, 0.000104
3813, 0.000134, 0.000046, 0.000044
3814, 0.000138, 0.000100, 0.000094
3815, 0.000132, 0.000055, 0.000051
3816, 0.000121, 0.000055, 0.000050
3817, 0.000121, 0.000099, 0.000093
3818, 0.000130, 0.000048, 0.000045
3819, 0.000135, 0.000106, 0.000100
3820, 0.000134, 0.000046, 0.000044
3821, 0.000126, 0.000068, 0.000064
3822, 0.000120, 0.000073, 0.000069
3823, 0.000122, 0.000048, 0.000045
3824, 0.000127, 0.000101, 0.000094
3825, 0.000129, 0.000048, 0.000046
3826, 0.000131, 0.000087, 0.000081
3827, 0.000125, 0.000051, 0.000047
3828, 0.000121, 0.000061, 0.000057
3829, 0.000120, 0.000067, 0.000063
3830, 0.000121, 0.000051, 0.000049
3831, 0.000123, 0.000085, 0.000079
3832, 0.000124, 0.000050, 0.000047
3833, 0.000123, 0.000075, 0.000070
3834, 0.000121, 0.000052, 0.000049
3835, 0.000121, 0.000064, 0.000060
3836, 0.000119, 0.000064, 0.000059
3837, 0.000119, 0.000054, 0.000050
3838, 0.000118, 0.000064, 0.000059
3839, 0.000118, 0.000062, 0.000057
3840, 0.000118, 0.000058, 0.000053
3841, 0.000117, 0.000060, 0.000055
3842, 0.000117, 0.000060, 0.000056
3843, 0.000118, 0.000064, 0.000060
3844, 0.000118, 0.000055, 0.000052
3845, 0.000120, 0.000066, 0.000062
3846, 0.000118, 0.000063, 0.000059
3847, 0.000118, 0.000054, 0.000051
3848, 0.000118, 0.000073, 0.000069
3849, 0.000120, 0.000051, 0.000049
3850, 0.000120, 0.000072, 0.000068
3851, 0.000120, 0.000047, 0.000044
3852, 0.000122, 0.000080, 0.000075
3853, 0.000122, 0.000051, 0.000048
3854, 0.000121, 0.000063, 0.000059
3855, 0.000119, 0.000060, 0.000056
3856, 0.000117, 0.000057, 0.000054
3857, 0.000117, 0.000068, 0.000064
3858, 0.000118, 0.000052, 0.000050
3859, 0.000121, 0.000080, 0.000075
3860, 0.000121, 0.000050, 0.000047
3861, 0.000122, 0.000074, 0.000068
3862, 0.000118, 0.000055, 0.000052
3863, 0.000116, 0.000053, 0.000050
3864, 0.000118, 0.000078, 0.000073
3865, 0.000119, 0.000047, 0.000045
3866, 0.000123, 0.000086, 0.000080
3867, 0.000124, 0.000048, 0.000045
3868, 0.000119, 0.000064, 0.000059
3869, 0.000119, 0.000070, 0.000065
3870, 0.000119, 0.000046, 0.000045
3871, 0.000131, 0.000125, 0.000117
3872, 0.000144, 0.000050, 0.000050
3873, 0.000147, 0.000114, 0.000108
3874, 0.000140, 0.000046, 0.000043
3875, 0.000125, 0.000066, 0.000062
3876, 0.000116, 0.000073, 0.000068
3877, 0.000119, 0.000048, 0.000046
3878, 0.000130, 0.000115, 0.000107
3879, 0.000138, 0.000047, 0.000045
3880, 0.000131, 0.000081, 0.000074
3881, 0.000122, 0.000055, 0.000052
3882, 0.000117, 0.000049, 0.000046
3883, 0.000118, 0.000087, 0.000082
3884, 0.000125, 0.000046, 0.000045
3885, 0.000128, 0.000087, 0.000081
3886, 0.000122, 0.000054, 0.000051
3887, 0.000114, 0.000049, 0.000046
3888, 0.000118, 0.000091, 0.000086
3889, 0.000126, 0.000046, 0.000044
3890, 0.000129, 0.000090, 0.000084
3891, 0.000122, 0.000054, 0.000051
3892, 0.000116, 0.000049, 0.000046
3893, 0.000118, 0.000088, 0.000082
3894, 0.000125, 0.000046, 0.000045
3895, 0.000129, 0.000093, 0.000086
3896, 0.000126, 0.000048, 0.000045
3897, 0.000119, 0.000061, 0.000056
3898, 0.000115, 0.000058, 0.000054
3899, 0.000114, 0.000050, 0.000047
3900, 0.000115, 0.000064, 0.000060
3901, 0.000116, 0.000059, 0.000055
3902, 0.000113, 0.000049, 0.000046
3903, 0.000118, 0.000082, 0.000077
3904, 0.000122, 0.000047, 0.000045
3905, 0.000122, 0.000079, 0.000074
3906, 0.000119, 0.000053, 0.000050
3907, 0.000116, 0.000050, 0.000047
3908, 0.000115, 0.000078, 0.000072
3909, 0.000120, 0.000047, 0.000044
3910, 0.000123, 0.000073, 0.000067
3911, 0.000119, 0.000054, 0.000050
3912, 0.000114, 0.000052, 0.000049
3913, 0.000115, 0.000071, 0.000066
3914, 0.000116, 0.000053, 0.000051
3915, 0.000115, 0.000056, 0.000053
3916, 0.000112, 0.000055, 0.000052
3917, 0.000114, 0.000053, 0.000051
3918, 0.000116, 0.000061, 0.000057
3919, 0.000115, 0.000056, 0.000053
3920, 0.000114, 0.000056, 0.000052
3921, 0.000113, 0.000062, 0.000057
3922, 0.000114, 0.000051, 0.000048
3923, 0.000116, 0.000069, 0.000064
3924, 0.000116, 0.000047, 0.000044
3925, 0.000116, 0.000064, 0.000060
3926, 0.000115, 0.000051, 0.000046
3927, 0.000113, 0.000056, 0.000052
3928, 0.000113, 0.000058, 0.000054
3929, 0.000113, 0.000052, 0.000049
3930, 0.000114, 0.000063, 0.000059
3931, 0.000113, 0.000056, 0.000053
3932, 0.000113, 0.000052, 0.000048
3933, 0.000113, 0.000078, 0.000072
3934, 0.000119, 0.000046, 0.000044
3935, 0.000124, 0.000091, 0.000085
3936, 0.000125, 0.000046, 0.000044
3937, 0.000123, 0.000072, 0.000068
3938, 0.000118, 0.000056, 0.000053
3939, 0.000113, 0.000048, 0.000045
3940, 0.000116, 0.000090, 0.000085
3941, 0.000126, 0.000050, 0.000047
3942, 0.000133, 0.000100, 0.000094
3943, 0.000131, 0.000048, 0.000045
3944, 0.000120, 0.000064, 0.000058
3945, 0.000112, 0.000063, 0.000059
3946, 0.000114, 0.000048, 0.000045
3947, 0.000115, 0.000071, 0.000067
3948, 0.000115, 0.000048, 0.000046
3949, 0.000116, 0.000069, 0.000064
3950, 0.000115, 0.000049, 0.000046
3951, 0.000114, 0.000063, 0.000059
3952, 0.000113, 0.000053, 0.000049
3953, 0.000112, 0.000054, 0.000050
3954, 0.000111, 0.000052, 0.000048
3955, 0.000111, 0.000058, 0.000054
3956, 0.000112, 0.000060, 0.000057
3957, 0.000112, 0.000050, 0.000048
3958, 0.000113, 0.000060, 0.000057
3959, 0.000111, 0.000052, 0.000050
3960, 0.000112, 0.000053, 0.000050
3961, 0.000110, 0.000058, 0.000054
3962, 0.000111, 0.000053, 0.000050
3963, 0.000111, 0.000055, 0.000051
3964, 0.000112, 0.000057, 0.000054
3965, 0.000112, 0.000052, 0.000049
3966, 0.000111, 0.000065, 0.000060
3967, 0.000113, 0.000050, 0.000047
3968, 0.000114, 0.000073, 0.000067
3969, 0.000116, 0.000049, 0.000046
3970, 0.000116, 0.000064, 0.000060
3971, 0.000114, 0.000054, 0.000050
3972, 0.000113, 0.000053, 0.000051
3973, 0.000111, 0.000061, 0.000058
3974, 0.000110, 0.000050, 0.000047
3975, 0.000114, 0.000068, 0.000064
3976, 0.000115, 0.000051, 0.000048
3977, 0.000114, 0.000062, 0.000059
3978, 0.000110, 0.000058, 0.000055
3979, 0.000111, 0.000049, 0.000046
3980, 0.000114, 0.000075, 0.000070
3981, 0.000117, 0.000045, 0.000044
3982, 0.000115, 0.000073, 0.000068
3983, 0.000116, 0.000050, 0.000048
3984, 0.000114, 0.000052, 0.000049
3985, 0.000112, 0.000065, 0.000061
3986, 0.000111, 0.000050, 0.000048
3987, 0.000113, 0.000067, 0.000062
3988, 0.000115, 0.000050, 0.000048
3989, 0.000111, 0.000059, 0.000055
3990, 0.000111, 0.000059, 0.000056
3991, 0.000111, 0.000052, 0.000050
3992, 0.000113, 0.000064, 0.000060
3993, 0.000111, 0.000047, 0.000045
3994, 0.000113, 0.000068, 0.000064
3995, 0.000114, 0.000051, 0.000048
3996, 0.000111, 0.000059, 0.000056
3997, 0.000109, 0.000058, 0.000056
3998, 0.000109, 0.000049, 0.000048
3999, 0.000111, 0.000074, 0.000071
4000, 0.000118, 0.000047, 0.000045
4001, 0.000123, 0.000099, 0.000092
4002, 0.000126, 0.000047, 0.000045
4003, 0.000127, 0.000085, 0.000080
4004, 0.000122, 0.000046, 0.000044
4005, 0.000115, 0.000060, 0.000057
4006, 0.000108, 0.000063, 0.000060
4007, 0.000110, 0.000046, 0.000045
4008, 0.000114, 0.000078, 0.000073
4009, 0.000117, 0.000046, 0.000045
4010, 0.000121, 0.000088, 0.000083
4011, 0.000120, 0.000046, 0.000043
4012, 0.000117, 0.000064, 0.000060
4013, 0.000110, 0.000053, 0.000050
4014, 0.000108, 0.000048, 0.000046
4015, 0.000111, 0.000072, 0.000068
4016, 0.000114, 0.000047, 0.000046
4017, 0.000116, 0.000073, 0.000069
4018, 0.000115, 0.000048, 0.000045
4019, 0.000110, 0.000054, 0.000051
4020, 0.000109, 0.000062, 0.000058
4021, 0.000111, 0.000045, 0.000043
4022, 0.000115, 0.000081, 0.000076
4023, 0.000119, 0.000046, 0.000044
4024, 0.000119, 0.000075, 0.000070
4025, 0.000115, 0.000047, 0.000046
4026, 0.000113, 0.000062, 0.000058
4027, 0.000109, 0.000053, 0.000050
4028, 0.000107, 0.000050, 0.000048
4029, 0.000111, 0.000069, 0.000064
4030, 0.000113, 0.000046, 0.000044
4031, 0.000115, 0.000077, 0.000072
4032, 0.000116, 0.000046, 0.000045
4033, 0.000117, 0.000071, 0.000067
4034, 0.000114, 0.000047, 0.000045
4035, 0.000109, 0.000058, 0.000053
4036, 0.000108, 0.000050, 0.000047
4037, 0.000108, 0.000052, 0.000048
4038, 0.000107, 0.000059, 0.000054
4039, 0.000109, 0.000046, 0.000043
4040, 0.000110, 0.000067, 0.000062
4041, 0.000112, 0.000047, 0.000044
4042, 0.000108, 0.000052, 0.000049
4043, 0.000108, 0.000062, 0.000058
4044, 0.000108, 0.000045, 0.000044
4045, 0.000113, 0.000072, 0.000067
4046, 0.000114, 0.000046, 0.000044
4047, 0.000113, 0.000070, 0.000066
4048, 0.000113, 0.000047, 0.000045
4049, 0.000111, 0.000057, 0.000054
4050, 0.000107, 0.000056, 0.000053
4051, 0.000107, 0.000046, 0.000044
4052, 0.000112, 0.000074, 0.000069
4053, 0.000116, 0.000047, 0.000045
4054, 0.000121, 0.000090, 0.000083
4055, 0.000124, 0.000049, 0.000047
4056, 0.000122, 0.000074, 0.000068
4057, 0.000115, 0.000047, 0.000045
4058, 0.000110, 0.000058, 0.000054
4059, 0.000109, 0.000054, 0.000051
4060, 0.000107, 0.000045, 0.000043
4061, 0.000110, 0.000079, 0.000073
4062, 0.000117, 0.000048, 0.000047
4063, 0.000120, 0.000076, 0.000070
4064, 0.000117, 0.000045, 0.000043
4065, 0.000110, 0.000054, 0.000051
4066, 0.000106, 0.000054, 0.000051
4067, 0.000108, 0.000046, 0.000045
4068, 0.000109, 0.000070, 0.000065
4069, 0.000113, 0.000048, 0.000046
4070, 0.000114, 0.000065, 0.000061
4071, 0.000110, 0.000048, 0.000046
4072, 0.000105, 0.000049, 0.000046
4073, 0.000107, 0.000069, 0.000066
4074, 0.000114, 0.000046, 0.000045
4075, 0.000115, 0.000070, 0.000066
4076, 0.000113, 0.000046, 0.000045
4077, 0.000111, 0.000060, 0.000057
4078, 0.000108, 0.000050, 0.000048
4079, 0.000105, 0.000048, 0.000047
4080, 0.000105, 0.000055, 0.000052
4081, 0.000108, 0.000049, 0.000047
4082, 0.000107, 0.000050, 0.000048
4083, 0.000105, 0.000051, 0.000048
4084, 0.000104, 0.000051, 0.000049
4085, 0.000106, 0.000055, 0.000052
4086, 0.000108, 0.000051, 0.000049
4087, 0.000105, 0.000050, 0.000047
4088, 0.000105, 0.000050, 0.000047
4089, 0.000107, 0.000059, 0.000055
4090, 0.000108, 0.000046, 0.000044
4091, 0.000107, 0.000060, 0.000057
4092, 0.000107, 0.000046, 0.000045
4093, 0.000106, 0.000053, 0.000050
4094, 0.000104, 0.000050, 0.000047
4095, 0.000105, 0.000049, 0.000046
4096, 0.000104, 0.000049, 0.000046
4097, 0.000104, 0.000049, 0.000047
4098, 0.000104, 0.000053, 0.000050
4099, 0.000104, 0.000052, 0.000049
4100, 0.000103, 0.000048, 0.000046
4101, 0.000105, 0.000057, 0.000053
4102, 0.000105, 0.000048, 0.000045
4103, 0.000105, 0.000057, 0.000054
4104, 0.000105, 0.000048, 0.000045
4105, 0.000106, 0.000059, 0.000055
4106, 0.000107, 0.000045, 0.000044
4107, 0.000108, 0.000063, 0.000060
4108, 0.000109, 0.000045, 0.000044
4109, 0.000109, 0.000062, 0.000058
4110, 0.000107, 0.000046, 0.000043
4111, 0.000107, 0.000055, 0.000051
4112, 0.000105, 0.000048, 0.000045
4113, 0.000104, 0.000054, 0.000051
4114, 0.000104, 0.000051, 0.000049
4115, 0.000104, 0.000047, 0.000045
4116, 0.000105, 0.000056, 0.000053
4117, 0.000106, 0.000046, 0.000043
4118, 0.000106, 0.000056, 0.000053
4119, 0.000106, 0.000048, 0.000046
4120, 0.000105, 0.000050, 0.000048
4121, 0.000105, 0.000057, 0.000054
4122, 0.000105, 0.000044, 0.000044
4123, 0.000108, 0.000067, 0.000063
4124, 0.000109, 0.000048, 0.000048
4125, 0.000113, 0.000071, 0.000065
4126, 0.000111, 0.000047, 0.000045
4127, 0.000105, 0.000052, 0.000049
4128, 0.000105, 0.000055, 0.000052
4129, 0.000106, 0.000046, 0.000045
4130, 0.000106, 0.000066, 0.000063
4131, 0.000109, 0.000051, 0.000050
4132, 0.000112, 0.000072, 0.000068
4133, 0.000112, 0.000046, 0.000045
4134, 0.000109, 0.000062, 0.000058
4135, 0.000107, 0.000046, 0.000045
4136, 0.000104, 0.000046, 0.000045
4137, 0.000102, 0.000062, 0.000059
4138, 0.000108, 0.000047, 0.000047
4139, 0.000113, 0.000082, 0.000077
4140, 0.000118, 0.000049, 0.000049
4141, 0.000118, 0.000079, 0.000074
4142, 0.000115, 0.000048, 0.000047
4143, 0.000111, 0.000057, 0.000054
4144, 0.000105, 0.000049, 0.000047
4145, 0.000102, 0.000044, 0.000043
4146, 0.000105, 0.000066, 0.000062
4147, 0.000111, 0.000049, 0.000048
4148, 0.000115, 0.000081, 0.000075
4149, 0.000116, 0.000048, 0.000048
4150, 0.000111, 0.000060, 0.000056
4151, 0.000106, 0.000053, 0.000051
4152, 0.000102, 0.000046, 0.000044
4153, 0.000106, 0.000071, 0.000066
4154, 0.000112, 0.000047, 0.000047
4155, 0.000112, 0.000066, 0.000062
4156, 0.000108, 0.000045, 0.000044
4157, 0.000103, 0.000048, 0.000046
4158, 0.000103, 0.000060, 0.000058
4159, 0.000107, 0.000047, 0.000046
4160, 0.000108, 0.000066, 0.000062
4161, 0.000109, 0.000049, 0.000047
4162, 0.000110, 0.000058, 0.000056
4163, 0.000106, 0.000049, 0.000047
4164, 0.000102, 0.000047, 0.000046
4165, 0.000102, 0.000058, 0.000055
4166, 0.000105, 0.000048, 0.000046
4167, 0.000109, 0.000069, 0.000065
4168, 0.000110, 0.000049, 0.000047
4169, 0.000108, 0.000061, 0.000056
4170, 0.000105, 0.000047, 0.000045
4171, 0.000103, 0.000048, 0.000046
4172, 0.000103, 0.000065, 0.000061
4173, 0.000108, 0.000047, 0.000047
4174, 0.000114, 0.000077, 0.000071
4175, 0.000115, 0.000048, 0.000048
4176, 0.000111, 0.000057, 0.000054
4177, 0.000105, 0.000046, 0.000045
4178, 0.000100, 0.000044, 0.000043
4179, 0.000103, 0.000064, 0.000061
4180, 0.000109, 0.000051, 0.000050
4181, 0.000116, 0.000082, 0.000077
4182, 0.000119, 0.000051, 0.000050
4183, 0.000116, 0.000062, 0.000059
4184, 0.000108, 0.000046, 0.000044
4185, 0.000102, 0.000047, 0.000044
4186, 0.000101, 0.000054, 0.000051
4187, 0.000102, 0.000046, 0.000044
4188, 0.000103, 0.000057, 0.000054
4189, 0.000103, 0.000046, 0.000045
4190, 0.000100, 0.000046, 0.000045
4191, 0.000099, 0.000057, 0.000055
4192, 0.000105, 0.000049, 0.000048
4193, 0.000109, 0.000062, 0.000060
4194, 0.000107, 0.000045, 0.000044
4195, 0.000101, 0.000051, 0.000049
4196, 0.000101, 0.000052, 0.000050
4197, 0.000102, 0.000046, 0.000045
4198, 0.000103, 0.000055, 0.000053
4199, 0.000101, 0.000045, 0.000044
4200, 0.000101, 0.000047, 0.000046
4201, 0.000099, 0.000055, 0.000052
4202, 0.000101, 0.000045, 0.000044
4203, 0.000105, 0.000060, 0.000057
4204, 0.000106, 0.000048, 0.000047
4205, 0.000107, 0.000053, 0.000050
4206, 0.000102, 0.000048, 0.000045
4207, 0.000101, 0.000047, 0.000044
4208, 0.000101, 0.000053, 0.000050
4209, 0.000102, 0.000049, 0.000046
4210, 0.000102, 0.000053, 0.000051
4211, 0.000101, 0.000048, 0.000045
4212, 0.000099, 0.000046, 0.000044
4213, 0.000101, 0.000056, 0.000053
4214, 0.000104, 0.000048, 0.000046
4215, 0.000103, 0.000053, 0.000050
4216, 0.000100, 0.000047, 0.000046
4217, 0.000100, 0.000051, 0.000048
4218, 0.000101, 0.000049, 0.000047
4219, 0.000099, 0.000046, 0.000045
4220, 0.000100, 0.000055, 0.000052
4221, 0.000101, 0.000047, 0.000046
4222, 0.000103, 0.000049, 0.000047
4223, 0.000100, 0.000049, 0.000047
4224, 0.000099, 0.000045, 0.000045
4225, 0.000103, 0.000060, 0.000057
4226, 0.000105, 0.000047, 0.000047
4227, 0.000102, 0.000054, 0.000052
4228, 0.000100, 0.000049, 0.000047
4229, 0.000099, 0.000049, 0.000047
4230, 0.000099, 0.000050, 0.000047
4231, 0.000098, 0.000046, 0.000045
4232, 0.000098, 0.000046, 0.000045
4233, 0.000098, 0.000049, 0.000047
4234, 0.000100, 0.000048, 0.000047
4235, 0.000099, 0.000046, 0.000044
4236, 0.000097, 0.000045, 0.000043
4237, 0.000099, 0.000059, 0.000057
4238, 0.000105, 0.000049, 0.000048
4239, 0.000107, 0.000066, 0.000062
4240, 0.000104, 0.000047, 0.000046
4241, 0.000101, 0.000050, 0.000048
4242, 0.000099, 0.000056, 0.000053
4243, 0.000101, 0.000049, 0.000048
4244, 0.000110, 0.000081, 0.000076
4245, 0.000117, 0.000054, 0.000054
4246, 0.000117, 0.000072, 0.000068
4247, 0.000113, 0.000047, 0.000046
4248, 0.000105, 0.000048, 0.000047
4249, 0.000101, 0.000054, 0.000051
4250, 0.000100, 0.000047, 0.000045
4251, 0.000102, 0.000062, 0.000059
4252, 0.000106, 0.000052, 0.000050
4253, 0.000104, 0.000057, 0.000054
4254, 0.000102, 0.000047, 0.000047
4255, 0.000101, 0.000055, 0.000053
4256, 0.000101, 0.000047, 0.000045
4257, 0.000098, 0.000047, 0.000045
4258, 0.000098, 0.000055, 0.000051
4259, 0.000100, 0.000047, 0.000045
4260, 0.000102, 0.000060, 0.000057
4261, 0.000103, 0.000048, 0.000048
4262, 0.000102, 0.000051, 0.000050
4263, 0.000099, 0.000049, 0.000048
4264, 0.000098, 0.000048, 0.000047
4265, 0.000103, 0.000067, 0.000063
4266, 0.000110, 0.000053, 0.000051
4267, 0.000110, 0.000062, 0.000059
4268, 0.000104, 0.000046, 0.000046
4269, 0.000099, 0.000053, 0.000051
4270, 0.000101, 0.000049, 0.000048
4271, 0.000100, 0.000046, 0.000045
4272, 0.000099, 0.000052, 0.000050
4273, 0.000098, 0.000046, 0.000045
4274, 0.000101, 0.000054, 0.000050
4275, 0.000099, 0.000046, 0.000045
4276, 0.000096, 0.000047, 0.000047
4277, 0.000097, 0.000055, 0.000053
4278, 0.000099, 0.000047, 0.000047
4279, 0.000101, 0.000063, 0.000061
4280, 0.000105, 0.000051, 0.000050
4281, 0.000106, 0.000062, 0.000059
4282, 0.000104, 0.000046, 0.000045
4283, 0.000099, 0.000048, 0.000046
4284, 0.000096, 0.000048, 0.000047
4285, 0.000097, 0.000045, 0.000045
4286, 0.000098, 0.000052, 0.000051
4287, 0.000098, 0.000046, 0.000045
4288, 0.000098, 0.000053, 0.000050
4289, 0.000097, 0.000046, 0.000045
4290, 0.000097, 0.000048, 0.000046
4291, 0.000097, 0.000045, 0.000044
4292, 0.000096, 0.000044, 0.000043
4293, 0.000095, 0.000051, 0.000048
4294, 0.000098, 0.000046, 0.000044
4295, 0.000096, 0.000048, 0.000046
4296, 0.000097, 0.000051, 0.000048
4297, 0.000097, 0.000047, 0.000046
4298, 0.000097, 0.000048, 0.000046
4299, 0.000096, 0.000047, 0.000045
4300, 0.000096, 0.000050, 0.000048
4301, 0.000097, 0.000045, 0.000045
4302, 0.000098, 0.000055, 0.000053
4303, 0.000100, 0.000046, 0.000046
4304, 0.000102, 0.000056, 0.000054
4305, 0.000100, 0.000047, 0.000046
4306, 0.000098, 0.000054, 0.000051
4307, 0.000098, 0.000047, 0.000045
4308, 0.000096, 0.000050, 0.000047
4309, 0.000097, 0.000049, 0.000047
4310, 0.000096, 0.000047, 0.000047
4311, 0.000096, 0.000051, 0.000050
4312, 0.000097, 0.000046, 0.000047
4313, 0.000100, 0.000059, 0.000057
4314, 0.000103, 0.000049, 0.000048
4315, 0.000105, 0.000063, 0.000060
4316, 0.000109, 0.000054, 0.000053
4317, 0.000112, 0.000083, 0.000077
4318, 0.000119, 0.000062, 0.000064
4319, 0.000121, 0.000083, 0.000077
4320, 0.000117, 0.000049, 0.000048
4321, 0.000103, 0.000046, 0.000044
4322, 0.000093, 0.000059, 0.000054
4323, 0.000102, 0.000053, 0.000053
4324, 0.000111, 0.000074, 0.000069
4325, 0.000115, 0.000056, 0.000057
4326, 0.000110, 0.000060, 0.000057
4327, 0.000103, 0.000047, 0.000046
4328, 0.000094, 0.000046, 0.000045
4329, 0.000095, 0.000058, 0.000055
4330, 0.000103, 0.000053, 0.000053
4331, 0.000108, 0.000065, 0.000061
4332, 0.000107, 0.000047, 0.000047
4333, 0.000099, 0.000049, 0.000047
4334, 0.000095, 0.000055, 0.000052
4335, 0.000098, 0.000057, 0.000058
4336, 0.000111, 0.000087, 0.000081
4337, 0.000123, 0.000060, 0.000060
4338, 0.000116, 0.000058, 0.000054
4339, 0.000100, 0.000048, 0.000046
4340, 0.000094, 0.000046, 0.000046
4341, 0.000101, 0.000064, 0.000062
4342, 0.000106, 0.000050, 0.000050
4343, 0.000105, 0.000055, 0.000052
4344, 0.000099, 0.000047, 0.000045
4345, 0.000093, 0.000046, 0.000045
4346, 0.000097, 0.000058, 0.000054
4347, 0.000102, 0.000052, 0.000052
4348, 0.000106, 0.000062, 0.000059
4349, 0.000103, 0.000048, 0.000048
4350, 0.000099, 0.000047, 0.000046
4351, 0.000095, 0.000054, 0.000052
4352, 0.000099, 0.000050, 0.000050
4353, 0.000104, 0.000059, 0.000055
4354, 0.000104, 0.000048, 0.000047
4355, 0.000100, 0.000051, 0.000049
4356, 0.000095, 0.000049, 0.000047
4357, 0.000094, 0.000048, 0.000048
4358, 0.000098, 0.000061, 0.000058
4359, 0.000104, 0.000051, 0.000050
4360, 0.000102, 0.000051, 0.000049
4361, 0.000097, 0.000045, 0.000044
4362, 0.000094, 0.000047, 0.000045
4363, 0.000094, 0.000053, 0.000050
4364, 0.000098, 0.000048, 0.000047
4365, 0.000099, 0.000052, 0.000049
4366, 0.000095, 0.000046, 0.000045
4367, 0.000093, 0.000046, 0.000045
4368, 0.000095, 0.000047, 0.000046
4369, 0.000093, 0.000046, 0.000045
4370, 0.000094, 0.000049, 0.000047
4371, 0.000093, 0.000046, 0.000045
4372, 0.000093, 0.000045, 0.000044
4373, 0.000093, 0.000049, 0.000047
4374, 0.000094, 0.000047, 0.000045
4375, 0.000094, 0.000047, 0.000046
4376, 0.000094, 0.000050, 0.000048
4377, 0.000094, 0.000044, 0.000044
4378, 0.000093, 0.000047, 0.000046
4379, 0.000094, 0.000048, 0.000046
4380, 0.000093, 0.000046, 0.000045
4381, 0.000096, 0.000057, 0.000054
4382, 0.000100, 0.000049, 0.000049
4383, 0.000099, 0.000051, 0.000048
4384, 0.000094, 0.000047, 0.000046
4385, 0.000095, 0.000046, 0.000046
4386, 0.000094, 0.000055, 0.000052
4387, 0.000096, 0.000050, 0.000051
4388, 0.000099, 0.000050, 0.000047
4389, 0.000095, 0.000044, 0.000043
4390, 0.000092, 0.000045, 0.000045
4391, 0.000094, 0.000048, 0.000047
4392, 0.000093, 0.000045, 0.000044
4393, 0.000094, 0.000049, 0.000047
4394, 0.000093, 0.000045, 0.000044
4395, 0.000092, 0.000046, 0.000044
4396, 0.000092, 0.000049, 0.000047
4397, 0.000093, 0.000046, 0.000045
4398, 0.000093, 0.000047, 0.000046
4399, 0.000092, 0.000049, 0.000048
4400, 0.000095, 0.000049, 0.000048
4401, 0.000095, 0.000045, 0.000044
4402, 0.000093, 0.000047, 0.000045
4403, 0.000093, 0.000047, 0.000046
4404, 0.000095, 0.000048, 0.000047
4405, 0.000093, 0.000046, 0.000045
4406, 0.000091, 0.000047, 0.000046
4407, 0.000093, 0.000048, 0.000047
4408, 0.000092, 0.000049, 0.000047
4409, 0.000092, 0.000047, 0.000046
4410, 0.000092, 0.000050, 0.000047
4411, 0.000093, 0.000046, 0.000046
4412, 0.000093, 0.000047, 0.000046
4413, 0.000092, 0.000048, 0.000047
4414, 0.000091, 0.000045, 0.000046
4415, 0.000094, 0.000051, 0.000048
4416, 0.000095, 0.000046, 0.000046
4417, 0.000092, 0.000046, 0.000045
4418, 0.000092, 0.000054, 0.000051
4419, 0.000096, 0.000052, 0.000053
4420, 0.000101, 0.000065, 0.000062
4421, 0.000103, 0.000055, 0.000057
4422, 0.000104, 0.000055, 0.000053
4423, 0.000098, 0.000045, 0.000043
4424, 0.000091, 0.000050, 0.000048
4425, 0.000096, 0.000069, 0.000065
4426, 0.000114, 0.000071, 0.000072
4427, 0.000121, 0.000072, 0.000068
4428, 0.000112, 0.000047, 0.000048
4429, 0.000094, 0.000046, 0.000046
4430, 0.000093, 0.000063, 0.000060
4431, 0.000103, 0.000060, 0.000060
4432, 0.000109, 0.000064, 0.000060
4433, 0.000104, 0.000051, 0.000051
4434, 0.000096, 0.000046, 0.000045
4435, 0.000091, 0.000052, 0.000050
4436, 0.000096, 0.000054, 0.000055
4437, 0.000101, 0.000059, 0.000056
4438, 0.000104, 0.000050, 0.000049
4439, 0.000097, 0.000048, 0.000046
4440, 0.000092, 0.000047, 0.000045
4441, 0.000090, 0.000049, 0.000048
4442, 0.000096, 0.000058, 0.000055
4443, 0.000100, 0.000050, 0.000051
4444, 0.000097, 0.000049, 0.000047
4445, 0.000093, 0.000048, 0.000046
4446, 0.000091, 0.000050, 0.000050
4447, 0.000098, 0.000061, 0.000058
4448, 0.000104, 0.000055, 0.000056
4449, 0.000102, 0.000052, 0.000050
4450, 0.000094, 0.000045, 0.000045
4451, 0.000090, 0.000047, 0.000047
4452, 0.000093, 0.000053, 0.000051
4453, 0.000095, 0.000048, 0.000048
4454, 0.000094, 0.000049, 0.000046
4455, 0.000090, 0.000049, 0.000047
4456, 0.000091, 0.000048, 0.000048
4457, 0.000093, 0.000055, 0.000052
4458, 0.000095, 0.000048, 0.000048
4459, 0.000093, 0.000048, 0.000047
4460, 0.000091, 0.000050, 0.000048
4461, 0.000091, 0.000047, 0.000046
4462, 0.000090, 0.000048, 0.000046
4463, 0.000092, 0.000048, 0.000047
4464, 0.000091, 0.000046, 0.000045
4465, 0.000090, 0.000046, 0.000046
4466, 0.000090, 0.000048, 0.000049
4467, 0.000092, 0.000052, 0.000051
4468, 0.000094, 0.000049, 0.000049
4469, 0.000095, 0.000053, 0.000050
4470, 0.000095, 0.000046, 0.000046
4471, 0.000092, 0.000047, 0.000045
4472, 0.000090, 0.000046, 0.000044
4473, 0.000089, 0.000046, 0.000046
4474, 0.000093, 0.000051, 0.000049
4475, 0.000093, 0.000047, 0.000047
4476, 0.000092, 0.000049, 0.000047
4477, 0.000091, 0.000050, 0.000049
4478, 0.000092, 0.000048, 0.000047
4479, 0.000090, 0.000045, 0.000044
4480, 0.000089, 0.000048, 0.000046
4481, 0.000091, 0.000046, 0.000045
4482, 0.000090, 0.000046, 0.000044
4483, 0.000089, 0.000047, 0.000045
4484, 0.000090, 0.000047, 0.000046
4485, 0.000090, 0.000047, 0.000047
4486, 0.000090, 0.000049, 0.000048
4487, 0.000090, 0.000046, 0.000046
4488, 0.000090, 0.000045, 0.000044
4489, 0.000087, 0.000046, 0.000045
4490, 0.000088, 0.000046, 0.000045
4491, 0.000091, 0.000050, 0.000048
4492, 0.000091, 0.000046, 0.000046
4493, 0.000091, 0.000048, 0.000046
4494, 0.000089, 0.000048, 0.000046
4495, 0.000089, 0.000047, 0.000046
4496, 0.000089, 0.000050, 0.000048
4497, 0.000091, 0.000048, 0.000049
4498, 0.000093, 0.000050, 0.000048
4499, 0.000093, 0.000047, 0.000046
4500, 0.000091, 0.000045, 0.000044
4501, 0.000089, 0.000046, 0.000044
4502, 0.000089, 0.000049, 0.000048
4503, 0.000091, 0.000052, 0.000049
4504, 0.000094, 0.000049, 0.000048
4505, 0.000091, 0.000049, 0.000046
4506, 0.000089, 0.000046, 0.000045
4507, 0.000090, 0.000047, 0.000047
4508, 0.000090, 0.000053, 0.000050
4509, 0.000092, 0.000052, 0.000052
4510, 0.000097, 0.000058, 0.000053
4511, 0.000097, 0.000050, 0.000050
4512, 0.000092, 0.000047, 0.000046
4513, 0.000090, 0.000052, 0.000049
4514, 0.000091, 0.000050, 0.000050
4515, 0.000092, 0.000058, 0.000055
4516, 0.000099, 0.000057, 0.000057
4517, 0.000100, 0.000052, 0.000050
4518, 0.000094, 0.000046, 0.000046
4519, 0.000090, 0.000050, 0.000048
4520, 0.000089, 0.000049, 0.000047
4521, 0.000090, 0.000049, 0.000048
4522, 0.000091, 0.000053, 0.000051
4523, 0.000092, 0.000051, 0.000051
4524, 0.000094, 0.000050, 0.000048
4525, 0.000091, 0.000046, 0.000046
4526, 0.000088, 0.000045, 0.000046
4527, 0.000086, 0.000051, 0.000049
4528, 0.000090, 0.000048, 0.000049
4529, 0.000091, 0.000046, 0.000046
4530, 0.000088, 0.000047, 0.000046
4531, 0.000087, 0.000049, 0.000050
4532, 0.000091, 0.000056, 0.000054
4533, 0.000097, 0.000053, 0.000054
4534, 0.000094, 0.000050, 0.000049
4535, 0.000090, 0.000046, 0.000046
4536, 0.000086, 0.000046, 0.000046
4537, 0.000087, 0.000047, 0.000046
4538, 0.000089, 0.000049, 0.000050
4539, 0.000093, 0.000056, 0.000053
4540, 0.000095, 0.000055, 0.000056
4541, 0.000097, 0.000057, 0.000053
4542, 0.000093, 0.000046, 0.000046
4543, 0.000088, 0.000046, 0.000045
4544, 0.000088, 0.000052, 0.000049
4545, 0.000092, 0.000051, 0.000051
4546, 0.000093, 0.000050, 0.000049
4547, 0.000091, 0.000045, 0.000045
4548, 0.000087, 0.000044, 0.000044
4549, 0.000087, 0.000047, 0.000046
4550, 0.000086, 0.000046, 0.000046
4551, 0.000085, 0.000047, 0.000046
4552, 0.000087, 0.000048, 0.000048
4553, 0.000087, 0.000047, 0.000046
4554, 0.000088, 0.000047, 0.000048
4555, 0.000089, 0.000049, 0.000047
4556, 0.000088, 0.000045, 0.000045
4557, 0.000087, 0.000047, 0.000046
4558, 0.000086, 0.000046, 0.000045
4559, 0.000087, 0.000046, 0.000045
4560, 0.000086, 0.000048, 0.000048
4561, 0.000088, 0.000045, 0.000046
4562, 0.000086, 0.000046, 0.000046
4563, 0.000086, 0.000047, 0.000046
4564, 0.000087, 0.000045, 0.000044
4565, 0.000087, 0.000047, 0.000046
4566, 0.000087, 0.000046, 0.000046
4567, 0.000087, 0.000047, 0.000046
4568, 0.000087, 0.000049, 0.000048
4569, 0.000086, 0.000048, 0.000049
4570, 0.000090, 0.000053, 0.000051
4571, 0.000092, 0.000054, 0.000055
4572, 0.000094, 0.000055, 0.000054
4573, 0.000094, 0.000048, 0.000047
4574, 0.000088, 0.000046, 0.000046
4575, 0.000085, 0.000048, 0.000048
4576, 0.000088, 0.000050, 0.000050
4577, 0.000089, 0.000049, 0.000047
4578, 0.000089, 0.000048, 0.000048
4579, 0.000087, 0.000051, 0.000048
4580, 0.000089, 0.000047, 0.000045
4581, 0.000086, 0.000046, 0.000046
4582, 0.000087, 0.000050, 0.000047
4583, 0.000089, 0.000047, 0.000048
4584, 0.000089, 0.000048, 0.000047
4585, 0.000087, 0.000045, 0.000044
4586, 0.000084, 0.000046, 0.000046
4587, 0.000086, 0.000051, 0.000050
4588, 0.000088, 0.000049, 0.000049
4589, 0.000088, 0.000046, 0.000045
4590, 0.000086, 0.000049, 0.000049
4591, 0.000087, 0.000049, 0.000049
4592, 0.000088, 0.000051, 0.000050
4593, 0.000092, 0.000051, 0.000051
4594, 0.000090, 0.000047, 0.000046
4595, 0.000087, 0.000045, 0.000045
4596, 0.000084, 0.000046, 0.000047
4597, 0.000086, 0.000049, 0.000048
4598, 0.000087, 0.000050, 0.000050
4599, 0.000087, 0.000050, 0.000049
4600, 0.000087, 0.000046, 0.000046
4601, 0.000086, 0.000047, 0.000047
4602, 0.000087, 0.000050, 0.000050
4603, 0.000090, 0.000052, 0.000054
4604, 0.000094, 0.000059, 0.000057
4605, 0.000097, 0.000057, 0.000059
4606, 0.000096, 0.000053, 0.000050
4607, 0.000090, 0.000047, 0.000046
4608, 0.000085, 0.000048, 0.000048
4609, 0.000087, 0.000057, 0.000055
4610, 0.000094, 0.000060, 0.000062
4611, 0.000102, 0.000062, 0.000060
4612, 0.000104, 0.000057, 0.000058
4613, 0.000096, 0.000048, 0.000046
4614, 0.000084, 0.000051, 0.000049
4615, 0.000086, 0.000058, 0.000058
4616, 0.000095, 0.000059, 0.000056
4617, 0.000095, 0.000054, 0.000055
4618, 0.000093, 0.000048, 0.000047
4619, 0.000086, 0.000045, 0.000045
4620, 0.000084, 0.000052, 0.000053
4621, 0.000090, 0.000057, 0.000054
4622, 0.000094, 0.000052, 0.000053
4623, 0.000091, 0.000049, 0.000047
4624, 0.000086, 0.000046, 0.000045
4625, 0.000085, 0.000049, 0.000050
4626, 0.000086, 0.000053, 0.000052
4627, 0.000091, 0.000053, 0.000055
4628, 0.000091, 0.000050, 0.000049
4629, 0.000088, 0.000045, 0.000046
4630, 0.000085, 0.000046, 0.000045
4631, 0.000084, 0.000046, 0.000045
4632, 0.000083, 0.000047, 0.000048
4633, 0.000085, 0.000047, 0.000046
4634, 0.000085, 0.000046, 0.000046
4635, 0.000084, 0.000045, 0.000045
4636, 0.000084, 0.000046, 0.000045
4637, 0.000085, 0.000046, 0.000045
4638, 0.000083, 0.000046, 0.000045
4639, 0.000085, 0.000047, 0.000046
4640, 0.000084, 0.000047, 0.000046
4641, 0.000084, 0.000047, 0.000047
4642, 0.000084, 0.000047, 0.000046
4643, 0.000084, 0.000049, 0.000047
4644, 0.000084, 0.000046, 0.000046
4645, 0.000084, 0.000045, 0.000045
4646, 0.000085, 0.000047, 0.000047
4647, 0.000085, 0.000045, 0.000046
4648, 0.000084, 0.000046, 0.000044
4649, 0.000084, 0.000049, 0.000049
4650, 0.000084, 0.000047, 0.000046
4651, 0.000085, 0.000048, 0.000047
4652, 0.000083, 0.000049, 0.000049
4653, 0.000085, 0.000050, 0.000048
4654, 0.000087, 0.000048, 0.000048
4655, 0.000088, 0.000046, 0.000045
4656, 0.000085, 0.000045, 0.000045
4657, 0.000084, 0.000046, 0.000045
4658, 0.000082, 0.000047, 0.000046
4659, 0.000083, 0.000047, 0.000046
4660, 0.000083, 0.000047, 0.000046
4661, 0.000082, 0.000046, 0.000045
4662, 0.000084, 0.000044, 0.000043
4663, 0.000083, 0.000045, 0.000045
4664, 0.000083, 0.000046, 0.000046
4665, 0.000083, 0.000046, 0.000046
4666, 0.000082, 0.000047, 0.000047
4667, 0.000083, 0.000048, 0.000046
4668, 0.000084, 0.000047, 0.000047
4669, 0.000083, 0.000047, 0.000046
4670, 0.000082, 0.000047, 0.000046
4671, 0.000083, 0.000048, 0.000048
4672, 0.000084, 0.000049, 0.000047
4673, 0.000084, 0.000046, 0.000047
4674, 0.000085, 0.000045, 0.000045
4675, 0.000083, 0.000045, 0.000045
4676, 0.000082, 0.000045, 0.000045
4677, 0.000082, 0.000048, 0.000047
4678, 0.000084, 0.000046, 0.000047
4679, 0.000083, 0.000046, 0.000045
4680, 0.000083, 0.000046, 0.000046
4681, 0.000084, 0.000046, 0.000046
4682, 0.000081, 0.000045, 0.000045
4683, 0.000082, 0.000046, 0.000046
4684, 0.000083, 0.000045, 0.000045
4685, 0.000082, 0.000045, 0.000045
4686, 0.000083, 0.000047, 0.000048
4687, 0.000083, 0.000050, 0.000049
4688, 0.000085, 0.000049, 0.000050
4689, 0.000085, 0.000049, 0.000048
4690, 0.000085, 0.000047, 0.000047
4691, 0.000085, 0.000046, 0.000046
4692, 0.000084, 0.000049, 0.000049
4693, 0.000084, 0.000047, 0.000046
4694, 0.000082, 0.000045, 0.000045
4695, 0.000082, 0.000049, 0.000047
4696, 0.000082, 0.000047, 0.000046
4697, 0.000081, 0.000048, 0.000049
4698, 0.000083, 0.000050, 0.000049
4699, 0.000083, 0.000047, 0.000048
4700, 0.000083, 0.000047, 0.000047
4701, 0.000082, 0.000046, 0.000045
4702, 0.000080, 0.000046, 0.000045
4703, 0.000082, 0.000047, 0.000046
4704, 0.000081, 0.000045, 0.000045
4705, 0.000081, 0.000046, 0.000046
4706, 0.000082, 0.000045, 0.000045
4707, 0.000081, 0.000045, 0.000045
4708, 0.000080, 0.000047, 0.000047
4709, 0.000082, 0.000047, 0.000046
4710, 0.000082, 0.000047, 0.000046
4711, 0.000083, 0.000045, 0.000045
4712, 0.000083, 0.000046, 0.000046
4713, 0.000081, 0.000046, 0.000046
4714, 0.000080, 0.000046, 0.000045
4715, 0.000081, 0.000046, 0.000045
4716, 0.000080, 0.000045, 0.000045
4717, 0.000080, 0.000045, 0.000045
4718, 0.000081, 0.000046, 0.000046
4719, 0.000081, 0.000046, 0.000046
4720, 0.000081, 0.000047, 0.000048
4721, 0.000082, 0.000052, 0.000050
4722, 0.000084, 0.000053, 0.000054
4723, 0.000088, 0.000059, 0.000057
4724, 0.000091, 0.000063, 0.000064
4725, 0.000098, 0.000066, 0.000064
4726, 0.000101, 0.000062, 0.000064
4727, 0.000098, 0.000054, 0.000053
4728, 0.000091, 0.000047, 0.000048
4729, 0.000084, 0.000047, 0.000046
4730, 0.000081, 0.000050, 0.000048
4731, 0.000084, 0.000056, 0.000058
4732, 0.000090, 0.000063, 0.000059
4733, 0.000094, 0.000054, 0.000055
4734, 0.000089, 0.000050, 0.000047
4735, 0.000084, 0.000046, 0.000045
4736, 0.000080, 0.000045, 0.000045
4737, 0.000080, 0.000046, 0.000046
4738, 0.000081, 0.000047, 0.000047
4739, 0.000080, 0.000047, 0.000047
4740, 0.000080, 0.000047, 0.000046
4741, 0.000081, 0.000047, 0.000047
4742, 0.000081, 0.000047, 0.000047
4743, 0.000081, 0.000048, 0.000048
4744, 0.000082, 0.000047, 0.000047
4745, 0.000080, 0.000046, 0.000046
4746, 0.000081, 0.000047, 0.000047
4747, 0.000082, 0.000046, 0.000046
4748, 0.000081, 0.000047, 0.000048
4749, 0.000081, 0.000048, 0.000048
4750, 0.000082, 0.000047, 0.000048
4751, 0.000083, 0.000046, 0.000045
4752, 0.000082, 0.000046, 0.000045
4753, 0.000079, 0.000046, 0.000046
4754, 0.000080, 0.000050, 0.000049
4755, 0.000082, 0.000052, 0.000053
4756, 0.000083, 0.000051, 0.000050
4757, 0.000085, 0.000052, 0.000053
4758, 0.000086, 0.000049, 0.000048
4759, 0.000084, 0.000047, 0.000047
4760, 0.000082, 0.000046, 0.000045
4761, 0.000083, 0.000046, 0.000046
4762, 0.000081, 0.000046, 0.000046
4763, 0.000079, 0.000047, 0.000047
4764, 0.000080, 0.000047, 0.000048
4765, 0.000079, 0.000049, 0.000048
4766, 0.000078, 0.000047, 0.000046
4767, 0.000080, 0.000046, 0.000045
4768, 0.000079, 0.000047, 0.000047
4769, 0.000080, 0.000047, 0.000046
4770, 0.000080, 0.000046, 0.000047
4771, 0.000081, 0.000046, 0.000046
4772, 0.000080, 0.000046, 0.000046
4773, 0.000080, 0.000046, 0.000045
4774, 0.000078, 0.000046, 0.000046
4775, 0.000079, 0.000047, 0.000047
4776, 0.000079, 0.000046, 0.000046
4777, 0.000079, 0.000046, 0.000047
4778, 0.000079, 0.000046, 0.000045
4779, 0.000079, 0.000046, 0.000045
4780, 0.000080, 0.000047, 0.000047
4781, 0.000079, 0.000047, 0.000046
4782, 0.000080, 0.000049, 0.000050
4783, 0.000080, 0.000050, 0.000050
4784, 0.000083, 0.000051, 0.000053
4785, 0.000084, 0.000052, 0.000050
4786, 0.000087, 0.000048, 0.000049
4787, 0.000083, 0.000047, 0.000046
4788, 0.000081, 0.000048, 0.000048
4789, 0.000080, 0.000047, 0.000046
4790, 0.000081, 0.000047, 0.000048
4791, 0.000080, 0.000049, 0.000048
4792, 0.000079, 0.000048, 0.000049
4793, 0.000080, 0.000048, 0.000047
4794, 0.000081, 0.000046, 0.000046
4795, 0.000080, 0.000047, 0.000047
4796, 0.000081, 0.000049, 0.000049
4797, 0.000081, 0.000047, 0.000045
4798, 0.000083, 0.000050, 0.000050
4799, 0.000083, 0.000051, 0.000048
4800, 0.000083, 0.000052, 0.000053
4801, 0.000084, 0.000052, 0.000050
4802, 0.000085, 0.000050, 0.000051
4803, 0.000082, 0.000049, 0.000048
4804, 0.000079, 0.000047, 0.000047
4805, 0.000079, 0.000048, 0.000048
4806, 0.000078, 0.000048, 0.000047
4807, 0.000080, 0.000051, 0.000051
4808, 0.000082, 0.000051, 0.000049
4809, 0.000083, 0.000050, 0.000051
4810, 0.000082, 0.000050, 0.000048
4811, 0.000081, 0.000048, 0.000048
4812, 0.000080, 0.000047, 0.000046
4813, 0.000079, 0.000047, 0.000047
4814, 0.000078, 0.000046, 0.000046
4815, 0.000078, 0.000048, 0.000048
4816, 0.000078, 0.000049, 0.000051
4817, 0.000080, 0.000048, 0.000048
4818, 0.000081, 0.000051, 0.000051
4819, 0.000081, 0.000048, 0.000047
4820, 0.000083, 0.000050, 0.000050
4821, 0.000080, 0.000049, 0.000047
4822, 0.000079, 0.000049, 0.000051
4823, 0.000080, 0.000049, 0.000048
4824, 0.000079, 0.000045, 0.000046
4825, 0.000078, 0.000046, 0.000047
4826, 0.000077, 0.000051, 0.000050
4827, 0.000083, 0.000057, 0.000059
4828, 0.000088, 0.000063, 0.000059
4829, 0.000092, 0.000060, 0.000063
4830, 0.000092, 0.000057, 0.000055
4831, 0.000090, 0.000053, 0.000055
4832, 0.000082, 0.000046, 0.000045
4833, 0.000078, 0.000048, 0.000047
4834, 0.000081, 0.000055, 0.000056
4835, 0.000085, 0.000055, 0.000052
4836, 0.000086, 0.000058, 0.000060
4837, 0.000090, 0.000063, 0.000059
4838, 0.000093, 0.000063, 0.000067
4839, 0.000094, 0.000058, 0.000055
4840, 0.000089, 0.000051, 0.000052
4841, 0.000082, 0.000046, 0.000046
4842, 0.000079, 0.000049, 0.000049
4843, 0.000078, 0.000046, 0.000047
4844, 0.000077, 0.000047, 0.000046
4845, 0.000079, 0.000050, 0.000050
4846, 0.000080, 0.000047, 0.000046
4847, 0.000079, 0.000047, 0.000048
4848, 0.000078, 0.000047, 0.000046
4849, 0.000077, 0.000046, 0.000047
4850, 0.000077, 0.000046, 0.000046
4851, 0.000077, 0.000045, 0.000045
4852, 0.000077, 0.000045, 0.000047
4853, 0.000077, 0.000047, 0.000046
4854, 0.000079, 0.000050, 0.000051
4855, 0.000081, 0.000051, 0.000050
4856, 0.000083, 0.000053, 0.000054
4857, 0.000083, 0.000049, 0.000048
4858, 0.000079, 0.000049, 0.000050
4859, 0.000079, 0.000045, 0.000045
4860, 0.000076, 0.000045, 0.000045
4861, 0.000076, 0.000049, 0.000050
4862, 0.000080, 0.000048, 0.000047
4863, 0.000083, 0.000054, 0.000055
4864, 0.000085, 0.000054, 0.000052
4865, 0.000086, 0.000055, 0.000058
4866, 0.000086, 0.000050, 0.000049
4867, 0.000081, 0.000048, 0.000049
4868, 0.000078, 0.000047, 0.000047
4869, 0.000078, 0.000051, 0.000049
4870, 0.000080, 0.000055, 0.000057
4871, 0.000084, 0.000055, 0.000052
4872, 0.000090, 0.000064, 0.000066
4873, 0.000091, 0.000059, 0.000056
4874, 0.000090, 0.000055, 0.000056
4875, 0.000085, 0.000050, 0.000049
4876, 0.000081, 0.000045, 0.000045
4877, 0.000078, 0.000046, 0.000046
4878, 0.000076, 0.000048, 0.000047
4879, 0.000077, 0.000048, 0.000049
4880, 0.000078, 0.000047, 0.000047
4881, 0.000078, 0.000045, 0.000046
4882, 0.000075, 0.000046, 0.000046
4883, 0.000076, 0.000049, 0.000047
4884, 0.000078, 0.000049, 0.000050
4885, 0.000078, 0.000047, 0.000046
4886, 0.000079, 0.000049, 0.000048
4887, 0.000076, 0.000046, 0.000047
4888, 0.000076, 0.000047, 0.000047
4889, 0.000078, 0.000048, 0.000050
4890, 0.000079, 0.000047, 0.000047
