Epoch, Train Loss, Valid Loss, Test Loss
1, 0.468821, 0.542091, 0.543739
2, 0.403553, 0.475902, 0.478213
3, 0.353659, 0.417451, 0.420639
4, 0.316392, 0.369308, 0.373068
5, 0.288069, 0.331171, 0.335458
6, 0.265952, 0.306822, 0.311178
7, 0.250902, 0.286924, 0.291280
8, 0.237418, 0.269535, 0.273781
9, 0.224435, 0.252265, 0.256151
10, 0.210803, 0.235283, 0.238841
11, 0.196986, 0.218754, 0.221971
12, 0.183082, 0.202741, 0.205571
13, 0.169300, 0.187947, 0.190424
14, 0.156410, 0.173919, 0.176116
15, 0.144335, 0.160374, 0.162339
16, 0.132848, 0.147466, 0.149231
17, 0.121983, 0.135071, 0.136656
18, 0.111625, 0.122976, 0.124409
19, 0.101614, 0.111131, 0.112445
20, 0.091905, 0.099654, 0.100875
21, 0.082574, 0.088730, 0.089871
22, 0.073727, 0.078572, 0.079637
23, 0.065480, 0.069354, 0.070341
24, 0.057947, 0.061113, 0.062017
25, 0.051181, 0.053803, 0.054627
26, 0.045163, 0.047364, 0.048119
27, 0.039835, 0.041736, 0.042430
28, 0.035151, 0.036856, 0.037497
29, 0.031064, 0.032593, 0.033186
30, 0.027485, 0.028803, 0.029352
31, 0.024349, 0.025440, 0.025950
32, 0.021547, 0.022496, 0.022969
33, 0.019135, 0.019964, 0.020403
34, 0.017028, 0.017794, 0.018203
35, 0.015224, 0.015945, 0.016327
36, 0.013692, 0.014372, 0.014733
37, 0.012386, 0.013045, 0.013388
38, 0.011288, 0.011919, 0.012248
39, 0.010351, 0.010954, 0.011270
40, 0.009539, 0.010105, 0.010409
41, 0.008819, 0.009333, 0.009626
42, 0.008190, 0.008614, 0.008897
43, 0.007603, 0.007973, 0.008246
44, 0.007086, 0.007399, 0.007660
45, 0.006619, 0.006884, 0.007135
46, 0.006198, 0.006421, 0.006662
47, 0.005835, 0.006003, 0.006237
48, 0.005507, 0.005635, 0.005864
49, 0.005224, 0.005320, 0.005543
50, 0.004976, 0.005055, 0.005272
51, 0.004763, 0.004829, 0.005038
52, 0.004567, 0.004625, 0.004826
53, 0.004389, 0.004441, 0.004634
54, 0.004236, 0.004270, 0.004457
55, 0.004097, 0.004121, 0.004301
56, 0.003968, 0.003989, 0.004164
57, 0.003856, 0.003869, 0.004039
58, 0.003758, 0.003764, 0.003929
59, 0.003676, 0.003679, 0.003840
60, 0.003608, 0.003611, 0.003766
61, 0.003543, 0.003545, 0.003696
62, 0.003483, 0.003478, 0.003625
63, 0.003437, 0.003414, 0.003557
64, 0.003393, 0.003351, 0.003490
65, 0.003347, 0.003302, 0.003437
66, 0.003301, 0.003258, 0.003389
67, 0.003254, 0.003221, 0.003347
68, 0.003233, 0.003175, 0.003299
69, 0.003196, 0.003135, 0.003255
70, 0.003176, 0.003103, 0.003220
71, 0.003142, 0.003082, 0.003196
72, 0.003116, 0.003059, 0.003170
73, 0.003100, 0.003034, 0.003142
74, 0.003079, 0.003009, 0.003114
75, 0.003063, 0.002986, 0.003088
76, 0.003039, 0.002968, 0.003067
77, 0.003031, 0.002954, 0.003051
78, 0.003016, 0.002946, 0.003039
79, 0.003002, 0.002933, 0.003023
80, 0.002986, 0.002915, 0.003003
81, 0.002977, 0.002897, 0.002984
82, 0.002967, 0.002883, 0.002967
83, 0.002959, 0.002878, 0.002959
84, 0.002944, 0.002879, 0.002958
85, 0.002943, 0.002868, 0.002944
86, 0.002928, 0.002857, 0.002930
87, 0.002920, 0.002845, 0.002916
88, 0.002914, 0.002834, 0.002904
89, 0.002907, 0.002828, 0.002897
90, 0.002905, 0.002821, 0.002887
91, 0.002890, 0.002812, 0.002876
92, 0.002890, 0.002809, 0.002871
93, 0.002890, 0.002809, 0.002868
94, 0.002878, 0.002805, 0.002861
95, 0.002871, 0.002798, 0.002852
96, 0.002860, 0.002790, 0.002843
97, 0.002862, 0.002782, 0.002834
98, 0.002856, 0.002777, 0.002827
99, 0.002846, 0.002779, 0.002827
100, 0.002847, 0.002781, 0.002827
101, 0.002843, 0.002778, 0.002823
102, 0.002832, 0.002768, 0.002813
103, 0.002832, 0.002759, 0.002802
104, 0.002830, 0.002756, 0.002797
105, 0.002822, 0.002759, 0.002799
106, 0.002817, 0.002762, 0.002800
107, 0.002819, 0.002758, 0.002795
108, 0.002809, 0.002750, 0.002785
109, 0.002804, 0.002742, 0.002776
110, 0.002804, 0.002742, 0.002775
111, 0.002802, 0.002746, 0.002777
112, 0.002803, 0.002741, 0.002770
113, 0.002794, 0.002736, 0.002765
114, 0.002791, 0.002731, 0.002760
115, 0.002795, 0.002731, 0.002759
116, 0.002777, 0.002730, 0.002757
117, 0.002777, 0.002726, 0.002752
118, 0.002773, 0.002723, 0.002747
119, 0.002773, 0.002723, 0.002747
120, 0.002772, 0.002723, 0.002746
121, 0.002766, 0.002721, 0.002743
122, 0.002767, 0.002718, 0.002739
123, 0.002765, 0.002716, 0.002736
124, 0.002761, 0.002713, 0.002732
125, 0.002759, 0.002715, 0.002732
126, 0.002754, 0.002713, 0.002729
127, 0.002752, 0.002703, 0.002720
128, 0.002752, 0.002700, 0.002717
129, 0.002750, 0.002701, 0.002717
130, 0.002744, 0.002708, 0.002721
131, 0.002743, 0.002706, 0.002718
132, 0.002735, 0.002701, 0.002713
133, 0.002731, 0.002696, 0.002708
134, 0.002729, 0.002695, 0.002705
135, 0.002723, 0.002694, 0.002704
136, 0.002727, 0.002693, 0.002702
137, 0.002726, 0.002695, 0.002703
138, 0.002719, 0.002693, 0.002700
139, 0.002717, 0.002691, 0.002698
140, 0.002711, 0.002685, 0.002692
141, 0.002707, 0.002684, 0.002690
142, 0.002704, 0.002683, 0.002688
143, 0.002700, 0.002684, 0.002689
144, 0.002702, 0.002685, 0.002689
145, 0.002697, 0.002686, 0.002690
146, 0.002692, 0.002683, 0.002685
147, 0.002694, 0.002678, 0.002680
148, 0.002685, 0.002674, 0.002676
149, 0.002695, 0.002672, 0.002674
150, 0.002685, 0.002671, 0.002673
151, 0.002680, 0.002673, 0.002674
152, 0.002681, 0.002672, 0.002672
153, 0.002672, 0.002672, 0.002671
154, 0.002680, 0.002669, 0.002668
155, 0.002673, 0.002667, 0.002666
156, 0.002670, 0.002667, 0.002666
157, 0.002668, 0.002668, 0.002666
158, 0.002664, 0.002666, 0.002663
159, 0.002663, 0.002668, 0.002664
160, 0.002661, 0.002663, 0.002659
161, 0.002659, 0.002663, 0.002659
162, 0.002650, 0.002660, 0.002655
163, 0.002656, 0.002658, 0.002652
164, 0.002650, 0.002657, 0.002651
165, 0.002646, 0.002657, 0.002651
166, 0.002647, 0.002658, 0.002651
167, 0.002639, 0.002659, 0.002652
168, 0.002641, 0.002657, 0.002649
169, 0.002636, 0.002654, 0.002646
170, 0.002642, 0.002652, 0.002643
171, 0.002636, 0.002651, 0.002642
172, 0.002632, 0.002648, 0.002639
173, 0.002627, 0.002648, 0.002639
174, 0.002629, 0.002648, 0.002638
175, 0.002625, 0.002647, 0.002637
176, 0.002624, 0.002647, 0.002637
177, 0.002616, 0.002646, 0.002635
178, 0.002619, 0.002644, 0.002634
179, 0.002614, 0.002645, 0.002634
180, 0.002610, 0.002643, 0.002632
181, 0.002613, 0.002642, 0.002631
182, 0.002606, 0.002640, 0.002629
183, 0.002605, 0.002637, 0.002625
184, 0.002603, 0.002636, 0.002623
185, 0.002600, 0.002637, 0.002623
186, 0.002599, 0.002639, 0.002625
187, 0.002599, 0.002636, 0.002623
188, 0.002593, 0.002636, 0.002622
189, 0.002593, 0.002633, 0.002618
190, 0.002594, 0.002635, 0.002620
191, 0.002588, 0.002633, 0.002618
192, 0.002586, 0.002630, 0.002616
193, 0.002581, 0.002627, 0.002613
194, 0.002579, 0.002624, 0.002609
195, 0.002578, 0.002625, 0.002609
196, 0.002579, 0.002625, 0.002609
197, 0.002579, 0.002625, 0.002610
198, 0.002575, 0.002623, 0.002607
199, 0.002567, 0.002620, 0.002604
200, 0.002568, 0.002619, 0.002602
201, 0.002563, 0.002619, 0.002602
202, 0.002562, 0.002621, 0.002604
203, 0.002563, 0.002621, 0.002604
204, 0.002557, 0.002617, 0.002600
205, 0.002563, 0.002614, 0.002595
206, 0.002558, 0.002612, 0.002594
207, 0.002554, 0.002611, 0.002593
208, 0.002552, 0.002611, 0.002594
209, 0.002551, 0.002610, 0.002592
210, 0.002544, 0.002609, 0.002590
211, 0.002547, 0.002608, 0.002588
212, 0.002546, 0.002609, 0.002589
213, 0.002544, 0.002607, 0.002588
214, 0.002536, 0.002605, 0.002586
215, 0.002541, 0.002602, 0.002584
216, 0.002537, 0.002601, 0.002583
217, 0.002534, 0.002601, 0.002581
218, 0.002536, 0.002601, 0.002581
219, 0.002529, 0.002599, 0.002578
220, 0.002528, 0.002597, 0.002577
221, 0.002528, 0.002594, 0.002575
222, 0.002527, 0.002593, 0.002574
223, 0.002523, 0.002593, 0.002572
224, 0.002522, 0.002593, 0.002572
225, 0.002517, 0.002592, 0.002571
226, 0.002514, 0.002590, 0.002569
227, 0.002514, 0.002588, 0.002567
228, 0.002516, 0.002586, 0.002565
229, 0.002509, 0.002586, 0.002564
230, 0.002507, 0.002586, 0.002563
231, 0.002507, 0.002583, 0.002561
232, 0.002504, 0.002581, 0.002561
233, 0.002502, 0.002580, 0.002559
234, 0.002500, 0.002581, 0.002558
235, 0.002501, 0.002578, 0.002555
236, 0.002499, 0.002576, 0.002554
237, 0.002500, 0.002574, 0.002552
238, 0.002496, 0.002573, 0.002551
239, 0.002491, 0.002574, 0.002551
240, 0.002493, 0.002571, 0.002548
241, 0.002487, 0.002568, 0.002546
242, 0.002487, 0.002565, 0.002543
243, 0.002486, 0.002564, 0.002540
244, 0.002481, 0.002564, 0.002540
245, 0.002480, 0.002563, 0.002540
246, 0.002479, 0.002562, 0.002538
247, 0.002474, 0.002559, 0.002536
248, 0.002472, 0.002556, 0.002532
249, 0.002475, 0.002554, 0.002531
250, 0.002469, 0.002553, 0.002529
251, 0.002468, 0.002553, 0.002529
252, 0.002466, 0.002552, 0.002528
253, 0.002465, 0.002549, 0.002525
254, 0.002469, 0.002547, 0.002523
255, 0.002459, 0.002545, 0.002521
256, 0.002460, 0.002544, 0.002520
257, 0.002459, 0.002543, 0.002519
258, 0.002453, 0.002543, 0.002518
259, 0.002456, 0.002541, 0.002516
260, 0.002451, 0.002536, 0.002512
261, 0.002448, 0.002534, 0.002509
262, 0.002446, 0.002533, 0.002508
263, 0.002445, 0.002533, 0.002507
264, 0.002445, 0.002532, 0.002506
265, 0.002439, 0.002529, 0.002504
266, 0.002440, 0.002525, 0.002500
267, 0.002437, 0.002523, 0.002497
268, 0.002437, 0.002522, 0.002496
269, 0.002432, 0.002523, 0.002496
270, 0.002431, 0.002521, 0.002495
271, 0.002432, 0.002518, 0.002492
272, 0.002430, 0.002516, 0.002490
273, 0.002425, 0.002513, 0.002487
274, 0.002425, 0.002511, 0.002483
275, 0.002419, 0.002511, 0.002484
276, 0.002416, 0.002511, 0.002485
277, 0.002418, 0.002508, 0.002481
278, 0.002416, 0.002506, 0.002478
279, 0.002415, 0.002504, 0.002476
280, 0.002411, 0.002502, 0.002474
281, 0.002412, 0.002499, 0.002471
282, 0.002412, 0.002498, 0.002471
283, 0.002410, 0.002498, 0.002470
284, 0.002409, 0.002498, 0.002471
285, 0.002404, 0.002495, 0.002468
286, 0.002404, 0.002492, 0.002465
287, 0.002402, 0.002488, 0.002460
288, 0.002395, 0.002487, 0.002460
289, 0.002398, 0.002488, 0.002460
290, 0.002397, 0.002485, 0.002457
291, 0.002395, 0.002485, 0.002457
292, 0.002389, 0.002487, 0.002459
293, 0.002392, 0.002483, 0.002455
294, 0.002392, 0.002478, 0.002450
295, 0.002388, 0.002478, 0.002450
296, 0.002383, 0.002480, 0.002452
297, 0.002386, 0.002478, 0.002450
298, 0.002384, 0.002474, 0.002445
299, 0.002379, 0.002472, 0.002443
300, 0.002381, 0.002473, 0.002444
301, 0.002382, 0.002471, 0.002442
302, 0.002378, 0.002470, 0.002441
303, 0.002376, 0.002471, 0.002442
304, 0.002380, 0.002470, 0.002441
305, 0.002377, 0.002466, 0.002437
306, 0.002373, 0.002463, 0.002434
307, 0.002370, 0.002466, 0.002437
308, 0.002372, 0.002463, 0.002434
309, 0.002369, 0.002461, 0.002432
310, 0.002366, 0.002462, 0.002433
311, 0.002367, 0.002462, 0.002434
312, 0.002366, 0.002460, 0.002431
313, 0.002364, 0.002460, 0.002431
314, 0.002364, 0.002459, 0.002430
315, 0.002362, 0.002457, 0.002429
316, 0.002362, 0.002456, 0.002427
317, 0.002358, 0.002454, 0.002425
318, 0.002361, 0.002453, 0.002424
319, 0.002359, 0.002454, 0.002425
320, 0.002360, 0.002453, 0.002424
321, 0.002359, 0.002451, 0.002421
322, 0.002356, 0.002453, 0.002424
323, 0.002358, 0.002455, 0.002426
324, 0.002357, 0.002450, 0.002421
325, 0.002354, 0.002448, 0.002419
326, 0.002352, 0.002447, 0.002417
327, 0.002352, 0.002446, 0.002417
328, 0.002348, 0.002446, 0.002417
329, 0.002352, 0.002447, 0.002417
330, 0.002351, 0.002445, 0.002416
331, 0.002348, 0.002447, 0.002417
332, 0.002349, 0.002445, 0.002416
333, 0.002347, 0.002445, 0.002416
334, 0.002346, 0.002442, 0.002413
335, 0.002343, 0.002441, 0.002412
336, 0.002343, 0.002446, 0.002417
337, 0.002344, 0.002443, 0.002414
338, 0.002345, 0.002437, 0.002408
339, 0.002343, 0.002439, 0.002410
340, 0.002343, 0.002443, 0.002414
341, 0.002341, 0.002438, 0.002409
342, 0.002338, 0.002438, 0.002409
343, 0.002341, 0.002444, 0.002414
344, 0.002336, 0.002436, 0.002406
345, 0.002335, 0.002432, 0.002402
346, 0.002337, 0.002438, 0.002408
347, 0.002336, 0.002438, 0.002408
348, 0.002335, 0.002434, 0.002404
349, 0.002339, 0.002435, 0.002405
350, 0.002335, 0.002436, 0.002406
351, 0.002333, 0.002431, 0.002401
352, 0.002335, 0.002431, 0.002402
353, 0.002332, 0.002433, 0.002403
354, 0.002332, 0.002430, 0.002401
355, 0.002333, 0.002429, 0.002400
356, 0.002331, 0.002432, 0.002402
357, 0.002331, 0.002428, 0.002398
358, 0.002328, 0.002427, 0.002398
359, 0.002327, 0.002429, 0.002399
360, 0.002329, 0.002433, 0.002402
361, 0.002329, 0.002425, 0.002396
362, 0.002329, 0.002424, 0.002395
363, 0.002328, 0.002427, 0.002397
364, 0.002323, 0.002425, 0.002395
365, 0.002326, 0.002422, 0.002392
366, 0.002326, 0.002424, 0.002394
367, 0.002323, 0.002425, 0.002395
368, 0.002322, 0.002421, 0.002391
369, 0.002323, 0.002422, 0.002392
370, 0.002322, 0.002424, 0.002394
371, 0.002324, 0.002421, 0.002391
372, 0.002325, 0.002420, 0.002390
373, 0.002322, 0.002422, 0.002392
374, 0.002320, 0.002419, 0.002389
375, 0.002319, 0.002419, 0.002389
376, 0.002318, 0.002422, 0.002392
377, 0.002319, 0.002418, 0.002388
378, 0.002320, 0.002418, 0.002388
379, 0.002321, 0.002420, 0.002389
380, 0.002317, 0.002416, 0.002386
381, 0.002315, 0.002417, 0.002387
382, 0.002316, 0.002418, 0.002388
383, 0.002315, 0.002415, 0.002385
384, 0.002320, 0.002415, 0.002385
385, 0.002316, 0.002418, 0.002388
386, 0.002314, 0.002415, 0.002384
387, 0.002314, 0.002413, 0.002383
388, 0.002313, 0.002412, 0.002382
389, 0.002313, 0.002417, 0.002386
390, 0.002314, 0.002413, 0.002383
391, 0.002313, 0.002412, 0.002382
392, 0.002312, 0.002418, 0.002386
393, 0.002313, 0.002411, 0.002380
394, 0.002310, 0.002410, 0.002380
395, 0.002307, 0.002413, 0.002382
396, 0.002310, 0.002414, 0.002384
397, 0.002308, 0.002410, 0.002380
398, 0.002309, 0.002412, 0.002382
399, 0.002309, 0.002411, 0.002380
400, 0.002311, 0.002405, 0.002376
401, 0.002307, 0.002409, 0.002378
402, 0.002303, 0.002414, 0.002383
403, 0.002307, 0.002408, 0.002379
404, 0.002308, 0.002407, 0.002377
405, 0.002305, 0.002410, 0.002379
406, 0.002305, 0.002407, 0.002376
407, 0.002305, 0.002404, 0.002374
408, 0.002303, 0.002408, 0.002377
409, 0.002305, 0.002406, 0.002375
410, 0.002302, 0.002407, 0.002376
411, 0.002302, 0.002406, 0.002375
412, 0.002302, 0.002407, 0.002375
413, 0.002303, 0.002404, 0.002373
414, 0.002300, 0.002405, 0.002374
415, 0.002299, 0.002405, 0.002374
416, 0.002305, 0.002403, 0.002373
417, 0.002298, 0.002405, 0.002374
418, 0.002298, 0.002400, 0.002371
419, 0.002301, 0.002404, 0.002374
420, 0.002296, 0.002407, 0.002376
421, 0.002297, 0.002401, 0.002371
422, 0.002301, 0.002401, 0.002371
423, 0.002298, 0.002411, 0.002379
424, 0.002301, 0.002400, 0.002370
425, 0.002300, 0.002399, 0.002369
426, 0.002300, 0.002418, 0.002385
427, 0.002298, 0.002400, 0.002370
428, 0.002300, 0.002398, 0.002369
429, 0.002301, 0.002410, 0.002378
430, 0.002302, 0.002400, 0.002369
431, 0.002293, 0.002397, 0.002368
432, 0.002298, 0.002404, 0.002372
433, 0.002296, 0.002407, 0.002374
434, 0.002297, 0.002398, 0.002369
435, 0.002297, 0.002406, 0.002374
436, 0.002292, 0.002410, 0.002378
437, 0.002294, 0.002397, 0.002368
438, 0.002297, 0.002398, 0.002367
439, 0.002291, 0.002403, 0.002372
440, 0.002294, 0.002394, 0.002365
441, 0.002293, 0.002396, 0.002366
442, 0.002294, 0.002404, 0.002372
443, 0.002295, 0.002396, 0.002366
444, 0.002292, 0.002397, 0.002368
445, 0.002288, 0.002402, 0.002370
446, 0.002292, 0.002396, 0.002365
447, 0.002291, 0.002393, 0.002364
448, 0.002291, 0.002403, 0.002371
449, 0.002291, 0.002397, 0.002366
450, 0.002288, 0.002393, 0.002364
451, 0.002289, 0.002398, 0.002367
452, 0.002290, 0.002396, 0.002365
453, 0.002286, 0.002392, 0.002361
454, 0.002292, 0.002396, 0.002364
455, 0.002288, 0.002400, 0.002368
456, 0.002288, 0.002393, 0.002363
457, 0.002285, 0.002395, 0.002363
458, 0.002287, 0.002396, 0.002364
459, 0.002290, 0.002396, 0.002365
460, 0.002287, 0.002392, 0.002362
461, 0.002287, 0.002393, 0.002362
462, 0.002285, 0.002394, 0.002363
463, 0.002287, 0.002391, 0.002361
464, 0.002284, 0.002395, 0.002363
465, 0.002285, 0.002395, 0.002364
466, 0.002284, 0.002389, 0.002359
467, 0.002287, 0.002395, 0.002363
468, 0.002284, 0.002400, 0.002368
469, 0.002286, 0.002389, 0.002359
470, 0.002289, 0.002393, 0.002362
471, 0.002281, 0.002398, 0.002366
472, 0.002288, 0.002389, 0.002359
473, 0.002284, 0.002391, 0.002360
474, 0.002282, 0.002394, 0.002363
475, 0.002286, 0.002389, 0.002358
476, 0.002286, 0.002391, 0.002360
477, 0.002279, 0.002397, 0.002365
478, 0.002282, 0.002387, 0.002357
479, 0.002285, 0.002389, 0.002358
480, 0.002281, 0.002393, 0.002361
481, 0.002282, 0.002386, 0.002356
482, 0.002281, 0.002390, 0.002359
483, 0.002279, 0.002391, 0.002360
484, 0.002279, 0.002390, 0.002359
485, 0.002279, 0.002388, 0.002356
486, 0.002284, 0.002394, 0.002361
487, 0.002281, 0.002387, 0.002356
488, 0.002280, 0.002387, 0.002356
489, 0.002279, 0.002394, 0.002361
490, 0.002281, 0.002388, 0.002356
491, 0.002277, 0.002385, 0.002354
492, 0.002279, 0.002389, 0.002357
493, 0.002277, 0.002388, 0.002357
494, 0.002279, 0.002385, 0.002355
495, 0.002278, 0.002392, 0.002360
496, 0.002279, 0.002390, 0.002359
497, 0.002280, 0.002384, 0.002354
498, 0.002278, 0.002390, 0.002358
499, 0.002278, 0.002389, 0.002358
500, 0.002277, 0.002382, 0.002353
501, 0.002275, 0.002391, 0.002360
502, 0.002276, 0.002387, 0.002356
503, 0.002277, 0.002382, 0.002353
504, 0.002275, 0.002386, 0.002355
505, 0.002274, 0.002390, 0.002358
506, 0.002277, 0.002380, 0.002351
507, 0.002279, 0.002390, 0.002358
508, 0.002275, 0.002391, 0.002359
509, 0.002276, 0.002382, 0.002354
510, 0.002275, 0.002389, 0.002357
511, 0.002274, 0.002394, 0.002362
512, 0.002278, 0.002380, 0.002351
513, 0.002279, 0.002390, 0.002359
514, 0.002276, 0.002386, 0.002355
515, 0.002275, 0.002380, 0.002351
516, 0.002275, 0.002388, 0.002357
517, 0.002269, 0.002389, 0.002358
518, 0.002275, 0.002380, 0.002350
519, 0.002274, 0.002392, 0.002359
520, 0.002274, 0.002385, 0.002353
521, 0.002272, 0.002379, 0.002349
522, 0.002273, 0.002391, 0.002358
523, 0.002273, 0.002385, 0.002352
524, 0.002273, 0.002378, 0.002348
525, 0.002270, 0.002389, 0.002356
526, 0.002272, 0.002384, 0.002352
527, 0.002270, 0.002379, 0.002349
528, 0.002272, 0.002390, 0.002357
529, 0.002269, 0.002378, 0.002348
530, 0.002268, 0.002378, 0.002348
531, 0.002268, 0.002396, 0.002363
532, 0.002273, 0.002378, 0.002348
533, 0.002271, 0.002380, 0.002349
534, 0.002268, 0.002387, 0.002356
535, 0.002268, 0.002381, 0.002351
536, 0.002268, 0.002379, 0.002348
537, 0.002268, 0.002384, 0.002352
538, 0.002272, 0.002381, 0.002349
539, 0.002269, 0.002377, 0.002347
540, 0.002267, 0.002385, 0.002353
541, 0.002267, 0.002380, 0.002348
542, 0.002266, 0.002375, 0.002345
543, 0.002270, 0.002382, 0.002350
544, 0.002268, 0.002379, 0.002348
545, 0.002264, 0.002375, 0.002345
546, 0.002264, 0.002380, 0.002349
547, 0.002267, 0.002376, 0.002346
548, 0.002262, 0.002378, 0.002348
549, 0.002265, 0.002381, 0.002350
550, 0.002263, 0.002377, 0.002347
551, 0.002264, 0.002378, 0.002347
552, 0.002261, 0.002373, 0.002343
553, 0.002265, 0.002381, 0.002350
554, 0.002262, 0.002373, 0.002343
555, 0.002267, 0.002379, 0.002348
556, 0.002261, 0.002375, 0.002344
557, 0.002261, 0.002374, 0.002344
558, 0.002263, 0.002378, 0.002346
559, 0.002259, 0.002375, 0.002344
560, 0.002262, 0.002375, 0.002345
561, 0.002263, 0.002377, 0.002347
562, 0.002259, 0.002374, 0.002344
563, 0.002262, 0.002376, 0.002346
564, 0.002263, 0.002370, 0.002341
565, 0.002263, 0.002375, 0.002345
566, 0.002260, 0.002377, 0.002346
567, 0.002259, 0.002372, 0.002341
568, 0.002260, 0.002376, 0.002345
569, 0.002262, 0.002375, 0.002343
570, 0.002257, 0.002368, 0.002338
571, 0.002258, 0.002373, 0.002342
572, 0.002257, 0.002372, 0.002341
573, 0.002255, 0.002372, 0.002341
574, 0.002256, 0.002375, 0.002344
575, 0.002258, 0.002369, 0.002339
576, 0.002259, 0.002375, 0.002344
577, 0.002260, 0.002376, 0.002344
578, 0.002256, 0.002366, 0.002337
579, 0.002261, 0.002375, 0.002344
580, 0.002257, 0.002371, 0.002340
581, 0.002257, 0.002367, 0.002337
582, 0.002256, 0.002372, 0.002341
583, 0.002256, 0.002374, 0.002342
584, 0.002256, 0.002368, 0.002338
585, 0.002255, 0.002369, 0.002338
586, 0.002254, 0.002374, 0.002343
587, 0.002257, 0.002364, 0.002334
588, 0.002257, 0.002375, 0.002343
589, 0.002256, 0.002366, 0.002335
590, 0.002254, 0.002366, 0.002335
591, 0.002253, 0.002375, 0.002343
592, 0.002253, 0.002368, 0.002337
593, 0.002250, 0.002365, 0.002335
594, 0.002251, 0.002373, 0.002342
595, 0.002251, 0.002362, 0.002333
596, 0.002256, 0.002369, 0.002338
597, 0.002251, 0.002370, 0.002339
598, 0.002252, 0.002361, 0.002332
599, 0.002251, 0.002366, 0.002336
600, 0.002250, 0.002373, 0.002341
601, 0.002254, 0.002357, 0.002329
602, 0.002254, 0.002371, 0.002340
603, 0.002253, 0.002367, 0.002336
604, 0.002250, 0.002360, 0.002331
605, 0.002249, 0.002384, 0.002351
606, 0.002253, 0.002360, 0.002330
607, 0.002247, 0.002358, 0.002329
608, 0.002247, 0.002381, 0.002348
609, 0.002252, 0.002358, 0.002329
610, 0.002252, 0.002362, 0.002332
611, 0.002247, 0.002376, 0.002344
612, 0.002250, 0.002355, 0.002326
613, 0.002253, 0.002374, 0.002341
614, 0.002248, 0.002361, 0.002330
615, 0.002245, 0.002355, 0.002326
616, 0.002246, 0.002371, 0.002339
617, 0.002252, 0.002358, 0.002327
618, 0.002243, 0.002355, 0.002325
619, 0.002245, 0.002368, 0.002337
620, 0.002244, 0.002353, 0.002324
621, 0.002244, 0.002357, 0.002326
622, 0.002242, 0.002361, 0.002330
623, 0.002245, 0.002356, 0.002326
624, 0.002246, 0.002359, 0.002329
625, 0.002243, 0.002358, 0.002327
626, 0.002242, 0.002358, 0.002327
627, 0.002238, 0.002353, 0.002323
628, 0.002240, 0.002354, 0.002324
629, 0.002242, 0.002362, 0.002330
630, 0.002239, 0.002356, 0.002325
631, 0.002240, 0.002350, 0.002320
632, 0.002239, 0.002364, 0.002333
633, 0.002244, 0.002348, 0.002319
634, 0.002239, 0.002353, 0.002322
635, 0.002237, 0.002356, 0.002325
636, 0.002238, 0.002344, 0.002315
637, 0.002240, 0.002356, 0.002325
638, 0.002238, 0.002357, 0.002326
639, 0.002238, 0.002345, 0.002317
640, 0.002236, 0.002362, 0.002331
641, 0.002236, 0.002347, 0.002318
642, 0.002234, 0.002343, 0.002314
643, 0.002238, 0.002363, 0.002331
644, 0.002237, 0.002340, 0.002312
645, 0.002240, 0.002352, 0.002322
646, 0.002234, 0.002353, 0.002323
647, 0.002232, 0.002341, 0.002313
648, 0.002235, 0.002352, 0.002321
649, 0.002231, 0.002346, 0.002315
650, 0.002233, 0.002340, 0.002311
651, 0.002231, 0.002345, 0.002314
652, 0.002232, 0.002346, 0.002315
653, 0.002227, 0.002340, 0.002311
654, 0.002227, 0.002345, 0.002314
655, 0.002229, 0.002338, 0.002309
656, 0.002229, 0.002344, 0.002314
657, 0.002226, 0.002339, 0.002309
658, 0.002228, 0.002340, 0.002310
659, 0.002227, 0.002348, 0.002317
660, 0.002227, 0.002333, 0.002304
661, 0.002227, 0.002341, 0.002310
662, 0.002225, 0.002336, 0.002306
663, 0.002224, 0.002337, 0.002307
664, 0.002226, 0.002338, 0.002307
665, 0.002226, 0.002337, 0.002306
666, 0.002223, 0.002336, 0.002306
667, 0.002225, 0.002336, 0.002306
668, 0.002219, 0.002331, 0.002302
669, 0.002218, 0.002335, 0.002304
670, 0.002220, 0.002331, 0.002301
671, 0.002220, 0.002335, 0.002305
672, 0.002218, 0.002328, 0.002298
673, 0.002218, 0.002337, 0.002306
674, 0.002222, 0.002324, 0.002295
675, 0.002218, 0.002327, 0.002298
676, 0.002217, 0.002332, 0.002302
677, 0.002216, 0.002323, 0.002295
678, 0.002217, 0.002339, 0.002308
679, 0.002218, 0.002322, 0.002294
680, 0.002216, 0.002329, 0.002299
681, 0.002215, 0.002327, 0.002297
682, 0.002217, 0.002318, 0.002289
683, 0.002214, 0.002325, 0.002295
684, 0.002213, 0.002317, 0.002287
685, 0.002210, 0.002326, 0.002295
686, 0.002212, 0.002328, 0.002297
687, 0.002208, 0.002312, 0.002285
688, 0.002211, 0.002333, 0.002301
689, 0.002212, 0.002317, 0.002287
690, 0.002207, 0.002309, 0.002281
691, 0.002208, 0.002334, 0.002303
692, 0.002213, 0.002306, 0.002279
693, 0.002209, 0.002325, 0.002294
694, 0.002204, 0.002311, 0.002282
695, 0.002205, 0.002306, 0.002278
696, 0.002200, 0.002322, 0.002291
697, 0.002208, 0.002301, 0.002274
698, 0.002202, 0.002324, 0.002292
699, 0.002203, 0.002307, 0.002277
700, 0.002200, 0.002304, 0.002275
701, 0.002200, 0.002315, 0.002284
702, 0.002198, 0.002297, 0.002269
703, 0.002197, 0.002317, 0.002286
704, 0.002198, 0.002299, 0.002270
705, 0.002194, 0.002298, 0.002269
706, 0.002197, 0.002312, 0.002282
707, 0.002196, 0.002291, 0.002264
708, 0.002193, 0.002305, 0.002274
709, 0.002191, 0.002298, 0.002268
710, 0.002189, 0.002287, 0.002259
711, 0.002192, 0.002319, 0.002287
712, 0.002196, 0.002285, 0.002258
713, 0.002188, 0.002294, 0.002264
714, 0.002187, 0.002294, 0.002264
715, 0.002182, 0.002283, 0.002255
716, 0.002182, 0.002289, 0.002260
717, 0.002180, 0.002288, 0.002258
718, 0.002182, 0.002280, 0.002251
719, 0.002182, 0.002288, 0.002258
720, 0.002178, 0.002284, 0.002255
721, 0.002179, 0.002277, 0.002249
722, 0.002174, 0.002280, 0.002251
723, 0.002172, 0.002277, 0.002248
724, 0.002177, 0.002272, 0.002243
725, 0.002172, 0.002270, 0.002242
726, 0.002171, 0.002282, 0.002252
727, 0.002170, 0.002265, 0.002238
728, 0.002171, 0.002277, 0.002247
729, 0.002168, 0.002267, 0.002238
730, 0.002169, 0.002262, 0.002233
731, 0.002163, 0.002274, 0.002243
732, 0.002168, 0.002257, 0.002229
733, 0.002164, 0.002265, 0.002235
734, 0.002160, 0.002265, 0.002235
735, 0.002159, 0.002251, 0.002223
736, 0.002162, 0.002269, 0.002238
737, 0.002161, 0.002247, 0.002219
738, 0.002155, 0.002251, 0.002222
739, 0.002150, 0.002258, 0.002229
740, 0.002153, 0.002242, 0.002215
741, 0.002153, 0.002256, 0.002227
742, 0.002151, 0.002241, 0.002213
743, 0.002148, 0.002240, 0.002212
744, 0.002147, 0.002249, 0.002219
745, 0.002148, 0.002230, 0.002204
746, 0.002146, 0.002252, 0.002221
747, 0.002145, 0.002230, 0.002202
748, 0.002139, 0.002229, 0.002201
749, 0.002137, 0.002235, 0.002205
750, 0.002134, 0.002222, 0.002194
751, 0.002133, 0.002227, 0.002198
752, 0.002131, 0.002227, 0.002197
753, 0.002130, 0.002216, 0.002188
754, 0.002130, 0.002225, 0.002196
755, 0.002125, 0.002216, 0.002188
756, 0.002124, 0.002210, 0.002182
757, 0.002122, 0.002220, 0.002191
758, 0.002128, 0.002202, 0.002176
759, 0.002121, 0.002219, 0.002190
760, 0.002121, 0.002198, 0.002171
761, 0.002116, 0.002208, 0.002178
762, 0.002114, 0.002204, 0.002174
763, 0.002112, 0.002188, 0.002162
764, 0.002116, 0.002229, 0.002197
765, 0.002120, 0.002182, 0.002157
766, 0.002110, 0.002187, 0.002159
767, 0.002104, 0.002205, 0.002175
768, 0.002105, 0.002175, 0.002149
769, 0.002105, 0.002203, 0.002173
770, 0.002102, 0.002170, 0.002143
771, 0.002094, 0.002181, 0.002152
772, 0.002090, 0.002174, 0.002145
773, 0.002087, 0.002163, 0.002135
774, 0.002088, 0.002174, 0.002143
775, 0.002085, 0.002158, 0.002129
776, 0.002083, 0.002162, 0.002133
777, 0.002080, 0.002152, 0.002123
778, 0.002073, 0.002158, 0.002129
779, 0.002075, 0.002148, 0.002119
780, 0.002069, 0.002147, 0.002118
781, 0.002070, 0.002144, 0.002115
782, 0.002066, 0.002138, 0.002110
783, 0.002063, 0.002138, 0.002109
784, 0.002057, 0.002133, 0.002104
785, 0.002056, 0.002129, 0.002101
786, 0.002052, 0.002121, 0.002093
787, 0.002047, 0.002120, 0.002092
788, 0.002043, 0.002126, 0.002096
789, 0.002045, 0.002108, 0.002080
790, 0.002043, 0.002110, 0.002082
791, 0.002040, 0.002117, 0.002086
792, 0.002037, 0.002097, 0.002072
793, 0.002042, 0.002144, 0.002113
794, 0.002046, 0.002088, 0.002063
795, 0.002035, 0.002102, 0.002072
796, 0.002027, 0.002089, 0.002060
797, 0.002017, 0.002078, 0.002050
798, 0.002015, 0.002085, 0.002056
799, 0.002012, 0.002071, 0.002043
800, 0.002008, 0.002072, 0.002043
801, 0.002007, 0.002062, 0.002034
802, 0.002003, 0.002065, 0.002036
803, 0.001996, 0.002053, 0.002026
804, 0.001993, 0.002048, 0.002021
805, 0.001991, 0.002055, 0.002026
806, 0.001985, 0.002042, 0.002014
807, 0.001984, 0.002047, 0.002017
808, 0.001980, 0.002029, 0.002001
809, 0.001975, 0.002034, 0.002005
810, 0.001971, 0.002021, 0.001993
811, 0.001966, 0.002022, 0.001994
812, 0.001966, 0.002017, 0.001988
813, 0.001957, 0.002005, 0.001979
814, 0.001960, 0.002024, 0.001993
815, 0.001957, 0.001993, 0.001967
816, 0.001957, 0.002017, 0.001987
817, 0.001951, 0.001982, 0.001956
818, 0.001940, 0.001986, 0.001959
819, 0.001932, 0.001980, 0.001952
820, 0.001931, 0.001967, 0.001941
821, 0.001923, 0.001985, 0.001956
822, 0.001925, 0.001956, 0.001931
823, 0.001923, 0.001980, 0.001949
824, 0.001916, 0.001946, 0.001919
825, 0.001906, 0.001943, 0.001915
826, 0.001899, 0.001954, 0.001924
827, 0.001899, 0.001929, 0.001903
828, 0.001902, 0.001968, 0.001937
829, 0.001902, 0.001925, 0.001902
830, 0.001898, 0.001938, 0.001908
831, 0.001883, 0.001910, 0.001882
832, 0.001875, 0.001901, 0.001876
833, 0.001874, 0.001939, 0.001908
834, 0.001882, 0.001893, 0.001870
835, 0.001878, 0.001924, 0.001893
836, 0.001867, 0.001877, 0.001852
837, 0.001857, 0.001883, 0.001855
838, 0.001841, 0.001870, 0.001842
839, 0.001834, 0.001856, 0.001831
840, 0.001833, 0.001878, 0.001848
841, 0.001832, 0.001841, 0.001816
842, 0.001829, 0.001861, 0.001831
843, 0.001822, 0.001829, 0.001803
844, 0.001810, 0.001831, 0.001804
845, 0.001802, 0.001824, 0.001797
846, 0.001796, 0.001811, 0.001784
847, 0.001792, 0.001804, 0.001777
848, 0.001785, 0.001800, 0.001774
849, 0.001777, 0.001797, 0.001769
850, 0.001771, 0.001783, 0.001756
851, 0.001763, 0.001778, 0.001752
852, 0.001760, 0.001773, 0.001746
853, 0.001754, 0.001762, 0.001735
854, 0.001748, 0.001762, 0.001734
855, 0.001740, 0.001746, 0.001720
856, 0.001737, 0.001742, 0.001714
857, 0.001726, 0.001736, 0.001709
858, 0.001720, 0.001725, 0.001699
859, 0.001720, 0.001724, 0.001696
860, 0.001713, 0.001709, 0.001683
861, 0.001702, 0.001710, 0.001683
862, 0.001698, 0.001693, 0.001668
863, 0.001690, 0.001687, 0.001661
864, 0.001684, 0.001681, 0.001654
865, 0.001677, 0.001671, 0.001645
866, 0.001670, 0.001666, 0.001640
867, 0.001661, 0.001659, 0.001632
868, 0.001657, 0.001648, 0.001623
869, 0.001650, 0.001640, 0.001614
870, 0.001645, 0.001634, 0.001608
871, 0.001635, 0.001625, 0.001600
872, 0.001628, 0.001619, 0.001591
873, 0.001623, 0.001604, 0.001578
874, 0.001618, 0.001616, 0.001589
875, 0.001611, 0.001589, 0.001565
876, 0.001609, 0.001612, 0.001582
877, 0.001600, 0.001572, 0.001550
878, 0.001593, 0.001574, 0.001547
879, 0.001580, 0.001561, 0.001533
880, 0.001573, 0.001548, 0.001524
881, 0.001567, 0.001562, 0.001534
882, 0.001562, 0.001530, 0.001505
883, 0.001561, 0.001544, 0.001516
884, 0.001546, 0.001515, 0.001490
885, 0.001538, 0.001507, 0.001480
886, 0.001531, 0.001511, 0.001483
887, 0.001523, 0.001486, 0.001463
888, 0.001518, 0.001510, 0.001480
889, 0.001513, 0.001478, 0.001456
890, 0.001509, 0.001496, 0.001468
891, 0.001500, 0.001452, 0.001429
892, 0.001487, 0.001462, 0.001435
893, 0.001477, 0.001437, 0.001413
894, 0.001470, 0.001432, 0.001407
895, 0.001460, 0.001435, 0.001407
896, 0.001458, 0.001409, 0.001388
897, 0.001454, 0.001443, 0.001414
898, 0.001448, 0.001398, 0.001378
899, 0.001446, 0.001428, 0.001401
900, 0.001441, 0.001382, 0.001362
901, 0.001426, 0.001390, 0.001362
902, 0.001415, 0.001356, 0.001336
903, 0.001400, 0.001355, 0.001329
904, 0.001389, 0.001334, 0.001311
905, 0.001383, 0.001339, 0.001315
906, 0.001379, 0.001323, 0.001299
907, 0.001367, 0.001309, 0.001287
908, 0.001362, 0.001312, 0.001287
909, 0.001352, 0.001289, 0.001266
910, 0.001347, 0.001298, 0.001274
911, 0.001336, 0.001282, 0.001258
912, 0.001331, 0.001267, 0.001248
913, 0.001329, 0.001294, 0.001267
914, 0.001333, 0.001267, 0.001251
915, 0.001339, 0.001330, 0.001300
916, 0.001348, 0.001265, 0.001250
917, 0.001344, 0.001307, 0.001279
918, 0.001332, 0.001222, 0.001203
919, 0.001301, 0.001232, 0.001209
920, 0.001275, 0.001199, 0.001175
921, 0.001269, 0.001195, 0.001175
922, 0.001266, 0.001224, 0.001200
923, 0.001270, 0.001175, 0.001155
924, 0.001266, 0.001217, 0.001192
925, 0.001260, 0.001161, 0.001140
926, 0.001240, 0.001152, 0.001131
927, 0.001226, 0.001157, 0.001133
928, 0.001217, 0.001124, 0.001104
929, 0.001215, 0.001142, 0.001119
930, 0.001206, 0.001114, 0.001092
931, 0.001193, 0.001101, 0.001082
932, 0.001185, 0.001108, 0.001085
933, 0.001176, 0.001082, 0.001061
934, 0.001172, 0.001088, 0.001068
935, 0.001163, 0.001075, 0.001052
936, 0.001156, 0.001059, 0.001040
937, 0.001153, 0.001093, 0.001072
938, 0.001155, 0.001042, 0.001023
939, 0.001149, 0.001060, 0.001040
940, 0.001131, 0.001025, 0.001007
941, 0.001120, 0.001015, 0.000997
942, 0.001117, 0.001058, 0.001037
943, 0.001128, 0.001007, 0.000992
944, 0.001121, 0.001026, 0.001003
945, 0.001101, 0.000994, 0.000977
946, 0.001088, 0.000974, 0.000956
947, 0.001087, 0.001018, 0.000995
948, 0.001093, 0.000975, 0.000964
949, 0.001093, 0.001002, 0.000978
950, 0.001085, 0.000954, 0.000940
951, 0.001064, 0.000945, 0.000927
952, 0.001051, 0.000950, 0.000929
953, 0.001049, 0.000924, 0.000910
954, 0.001045, 0.000952, 0.000933
955, 0.001045, 0.000923, 0.000906
956, 0.001038, 0.000908, 0.000891
957, 0.001019, 0.000915, 0.000896
958, 0.001015, 0.000899, 0.000884
959, 0.001027, 0.000930, 0.000910
960, 0.001021, 0.000880, 0.000867
961, 0.001003, 0.000874, 0.000855
962, 0.000994, 0.000896, 0.000881
963, 0.000991, 0.000852, 0.000838
964, 0.000987, 0.000877, 0.000854
965, 0.000984, 0.000853, 0.000842
966, 0.000975, 0.000835, 0.000816
967, 0.000962, 0.000843, 0.000825
968, 0.000954, 0.000831, 0.000820
969, 0.000958, 0.000831, 0.000811
970, 0.000949, 0.000810, 0.000795
971, 0.000938, 0.000810, 0.000797
972, 0.000933, 0.000809, 0.000790
973, 0.000932, 0.000790, 0.000777
974, 0.000925, 0.000801, 0.000785
975, 0.000923, 0.000790, 0.000773
976, 0.000916, 0.000766, 0.000754
977, 0.000906, 0.000794, 0.000777
978, 0.000909, 0.000763, 0.000750
979, 0.000908, 0.000765, 0.000750
980, 0.000891, 0.000748, 0.000733
981, 0.000881, 0.000742, 0.000731
982, 0.000887, 0.000767, 0.000750
983, 0.000886, 0.000732, 0.000720
984, 0.000873, 0.000719, 0.000705
985, 0.000864, 0.000737, 0.000722
986, 0.000863, 0.000709, 0.000696
987, 0.000864, 0.000731, 0.000713
988, 0.000857, 0.000699, 0.000688
989, 0.000850, 0.000697, 0.000680
990, 0.000840, 0.000693, 0.000679
991, 0.000833, 0.000680, 0.000669
992, 0.000828, 0.000698, 0.000680
993, 0.000833, 0.000671, 0.000661
994, 0.000825, 0.000677, 0.000662
995, 0.000814, 0.000664, 0.000650
996, 0.000817, 0.000662, 0.000652
997, 0.000811, 0.000658, 0.000643
998, 0.000803, 0.000646, 0.000633
999, 0.000800, 0.000648, 0.000637
1000, 0.000797, 0.000646, 0.000632
1001, 0.000790, 0.000625, 0.000614
1002, 0.000788, 0.000649, 0.000637
1003, 0.000788, 0.000618, 0.000605
1004, 0.000784, 0.000628, 0.000617
1005, 0.000779, 0.000625, 0.000611
1006, 0.000779, 0.000625, 0.000614
1007, 0.000775, 0.000603, 0.000590
1008, 0.000766, 0.000620, 0.000606
1009, 0.000762, 0.000590, 0.000580
1010, 0.000759, 0.000610, 0.000595
1011, 0.000756, 0.000595, 0.000587
1012, 0.000751, 0.000580, 0.000568
1013, 0.000746, 0.000603, 0.000591
1014, 0.000750, 0.000569, 0.000560
1015, 0.000743, 0.000595, 0.000583
1016, 0.000736, 0.000562, 0.000552
1017, 0.000730, 0.000568, 0.000556
1018, 0.000725, 0.000558, 0.000547
1019, 0.000722, 0.000554, 0.000545
1020, 0.000720, 0.000559, 0.000547
1021, 0.000720, 0.000544, 0.000535
1022, 0.000714, 0.000547, 0.000537
1023, 0.000708, 0.000543, 0.000531
1024, 0.000708, 0.000535, 0.000527
1025, 0.000710, 0.000545, 0.000532
1026, 0.000702, 0.000524, 0.000514
1027, 0.000699, 0.000539, 0.000530
1028, 0.000698, 0.000517, 0.000506
1029, 0.000692, 0.000518, 0.000509
1030, 0.000687, 0.000527, 0.000519
1031, 0.000689, 0.000511, 0.000500
1032, 0.000689, 0.000535, 0.000525
1033, 0.000691, 0.000507, 0.000497
1034, 0.000692, 0.000545, 0.000534
1035, 0.000695, 0.000503, 0.000494
1036, 0.000691, 0.000534, 0.000523
1037, 0.000685, 0.000488, 0.000477
1038, 0.000675, 0.000495, 0.000488
1039, 0.000669, 0.000500, 0.000489
1040, 0.000665, 0.000476, 0.000468
1041, 0.000662, 0.000509, 0.000502
1042, 0.000669, 0.000485, 0.000474
1043, 0.000669, 0.000487, 0.000482
1044, 0.000663, 0.000493, 0.000482
1045, 0.000657, 0.000463, 0.000456
1046, 0.000653, 0.000486, 0.000477
1047, 0.000650, 0.000459, 0.000452
1048, 0.000650, 0.000482, 0.000473
1049, 0.000644, 0.000453, 0.000445
1050, 0.000640, 0.000454, 0.000445
1051, 0.000638, 0.000473, 0.000464
1052, 0.000638, 0.000445, 0.000438
1053, 0.000641, 0.000480, 0.000469
1054, 0.000638, 0.000441, 0.000435
1055, 0.000634, 0.000455, 0.000446
1056, 0.000628, 0.000449, 0.000443
1057, 0.000629, 0.000438, 0.000428
1058, 0.000629, 0.000455, 0.000447
1059, 0.000623, 0.000433, 0.000425
1060, 0.000618, 0.000440, 0.000432
1061, 0.000620, 0.000433, 0.000428
1062, 0.000621, 0.000438, 0.000427
1063, 0.000615, 0.000427, 0.000421
1064, 0.000613, 0.000426, 0.000417
1065, 0.000609, 0.000430, 0.000421
1066, 0.000610, 0.000414, 0.000408
1067, 0.000612, 0.000444, 0.000435
1068, 0.000610, 0.000414, 0.000408
1069, 0.000607, 0.000421, 0.000413
1070, 0.000601, 0.000419, 0.000412
1071, 0.000599, 0.000407, 0.000401
1072, 0.000602, 0.000426, 0.000419
1073, 0.000600, 0.000408, 0.000403
1074, 0.000598, 0.000416, 0.000407
1075, 0.000601, 0.000404, 0.000400
1076, 0.000596, 0.000416, 0.000406
1077, 0.000592, 0.000404, 0.000397
1078, 0.000592, 0.000403, 0.000395
1079, 0.000591, 0.000412, 0.000405
1080, 0.000587, 0.000389, 0.000383
1081, 0.000591, 0.000419, 0.000414
1082, 0.000589, 0.000385, 0.000379
1083, 0.000584, 0.000397, 0.000389
1084, 0.000582, 0.000395, 0.000391
1085, 0.000582, 0.000386, 0.000378
1086, 0.000580, 0.000397, 0.000390
1087, 0.000581, 0.000390, 0.000384
1088, 0.000583, 0.000386, 0.000379
1089, 0.000578, 0.000395, 0.000389
1090, 0.000572, 0.000382, 0.000376
1091, 0.000575, 0.000394, 0.000387
1092, 0.000578, 0.000380, 0.000374
1093, 0.000573, 0.000382, 0.000378
1094, 0.000568, 0.000390, 0.000381
1095, 0.000571, 0.000369, 0.000364
1096, 0.000572, 0.000390, 0.000383
1097, 0.000565, 0.000369, 0.000362
1098, 0.000565, 0.000377, 0.000373
1099, 0.000566, 0.000377, 0.000371
1100, 0.000563, 0.000368, 0.000362
1101, 0.000563, 0.000370, 0.000367
1102, 0.000560, 0.000373, 0.000367
1103, 0.000559, 0.000356, 0.000351
1104, 0.000562, 0.000396, 0.000389
1105, 0.000567, 0.000357, 0.000353
1106, 0.000564, 0.000401, 0.000391
1107, 0.000568, 0.000365, 0.000364
1108, 0.000572, 0.000389, 0.000380
1109, 0.000563, 0.000351, 0.000348
1110, 0.000558, 0.000386, 0.000381
1111, 0.000557, 0.000351, 0.000346
1112, 0.000551, 0.000352, 0.000348
1113, 0.000546, 0.000370, 0.000365
1114, 0.000550, 0.000347, 0.000343
1115, 0.000550, 0.000368, 0.000361
1116, 0.000547, 0.000350, 0.000346
1117, 0.000546, 0.000350, 0.000343
1118, 0.000545, 0.000359, 0.000353
1119, 0.000544, 0.000344, 0.000340
1120, 0.000547, 0.000381, 0.000372
1121, 0.000555, 0.000345, 0.000343
1122, 0.000559, 0.000381, 0.000373
1123, 0.000554, 0.000342, 0.000339
1124, 0.000542, 0.000343, 0.000339
1125, 0.000539, 0.000361, 0.000354
1126, 0.000542, 0.000339, 0.000337
1127, 0.000547, 0.000378, 0.000371
1128, 0.000544, 0.000330, 0.000325
1129, 0.000547, 0.000365, 0.000360
1130, 0.000540, 0.000336, 0.000331
1131, 0.000533, 0.000334, 0.000330
1132, 0.000535, 0.000373, 0.000366
1133, 0.000541, 0.000328, 0.000324
1134, 0.000546, 0.000374, 0.000367
1135, 0.000542, 0.000325, 0.000321
1136, 0.000531, 0.000336, 0.000331
1137, 0.000529, 0.000340, 0.000335
1138, 0.000527, 0.000328, 0.000324
1139, 0.000528, 0.000337, 0.000331
1140, 0.000526, 0.000334, 0.000330
1141, 0.000529, 0.000326, 0.000321
1142, 0.000528, 0.000327, 0.000323
1143, 0.000522, 0.000337, 0.000334
1144, 0.000525, 0.000321, 0.000317
1145, 0.000526, 0.000336, 0.000331
1146, 0.000522, 0.000325, 0.000321
1147, 0.000523, 0.000329, 0.000323
1148, 0.000524, 0.000332, 0.000329
1149, 0.000525, 0.000326, 0.000321
1150, 0.000522, 0.000327, 0.000323
1151, 0.000521, 0.000335, 0.000329
1152, 0.000522, 0.000320, 0.000316
1153, 0.000524, 0.000348, 0.000341
1154, 0.000524, 0.000315, 0.000310
1155, 0.000523, 0.000332, 0.000326
1156, 0.000518, 0.000324, 0.000319
1157, 0.000518, 0.000312, 0.000308
1158, 0.000519, 0.000346, 0.000341
1159, 0.000521, 0.000311, 0.000307
1160, 0.000520, 0.000337, 0.000332
1161, 0.000519, 0.000317, 0.000313
1162, 0.000516, 0.000315, 0.000310
1163, 0.000516, 0.000337, 0.000332
1164, 0.000518, 0.000311, 0.000309
1165, 0.000519, 0.000331, 0.000326
1166, 0.000519, 0.000321, 0.000318
1167, 0.000511, 0.000316, 0.000311
1168, 0.000518, 0.000334, 0.000329
1169, 0.000516, 0.000308, 0.000305
1170, 0.000517, 0.000341, 0.000335
1171, 0.000517, 0.000310, 0.000306
1172, 0.000514, 0.000316, 0.000311
1173, 0.000509, 0.000332, 0.000327
1174, 0.000512, 0.000305, 0.000301
1175, 0.000520, 0.000359, 0.000353
1176, 0.000521, 0.000305, 0.000303
1177, 0.000518, 0.000334, 0.000328
1178, 0.000513, 0.000316, 0.000313
1179, 0.000509, 0.000311, 0.000305
1180, 0.000508, 0.000328, 0.000323
1181, 0.000511, 0.000302, 0.000299
1182, 0.000512, 0.000335, 0.000330
1183, 0.000516, 0.000310, 0.000308
1184, 0.000514, 0.000314, 0.000310
1185, 0.000512, 0.000315, 0.000312
1186, 0.000507, 0.000306, 0.000304
1187, 0.000505, 0.000318, 0.000314
1188, 0.000506, 0.000311, 0.000309
1189, 0.000507, 0.000317, 0.000313
1190, 0.000503, 0.000302, 0.000298
1191, 0.000506, 0.000320, 0.000316
1192, 0.000504, 0.000309, 0.000305
1193, 0.000501, 0.000305, 0.000300
1194, 0.000505, 0.000323, 0.000319
1195, 0.000505, 0.000300, 0.000296
1196, 0.000503, 0.000324, 0.000319
1197, 0.000503, 0.000304, 0.000301
1198, 0.000504, 0.000313, 0.000307
1199, 0.000503, 0.000315, 0.000313
1200, 0.000499, 0.000301, 0.000298
1201, 0.000504, 0.000323, 0.000318
1202, 0.000504, 0.000300, 0.000299
1203, 0.000504, 0.000331, 0.000326
1204, 0.000508, 0.000294, 0.000291
1205, 0.000508, 0.000331, 0.000327
1206, 0.000504, 0.000299, 0.000293
1207, 0.000502, 0.000307, 0.000304
1208, 0.000498, 0.000313, 0.000309
1209, 0.000497, 0.000294, 0.000290
1210, 0.000501, 0.000318, 0.000315
1211, 0.000500, 0.000296, 0.000293
1212, 0.000495, 0.000300, 0.000297
1213, 0.000497, 0.000316, 0.000313
1214, 0.000498, 0.000293, 0.000290
1215, 0.000500, 0.000331, 0.000326
1216, 0.000503, 0.000299, 0.000297
1217, 0.000499, 0.000318, 0.000312
1218, 0.000498, 0.000296, 0.000292
1219, 0.000497, 0.000311, 0.000307
1220, 0.000498, 0.000310, 0.000306
1221, 0.000494, 0.000297, 0.000292
1222, 0.000497, 0.000314, 0.000310
1223, 0.000497, 0.000296, 0.000293
1224, 0.000496, 0.000307, 0.000302
1225, 0.000495, 0.000298, 0.000296
1226, 0.000494, 0.000301, 0.000297
1227, 0.000492, 0.000296, 0.000292
1228, 0.000493, 0.000314, 0.000312
1229, 0.000496, 0.000298, 0.000293
1230, 0.000496, 0.000293, 0.000290
1231, 0.000491, 0.000320, 0.000316
1232, 0.000494, 0.000290, 0.000286
1233, 0.000497, 0.000321, 0.000317
1234, 0.000496, 0.000293, 0.000290
1235, 0.000493, 0.000303, 0.000297
1236, 0.000493, 0.000310, 0.000308
1237, 0.000495, 0.000294, 0.000290
1238, 0.000490, 0.000310, 0.000303
1239, 0.000494, 0.000305, 0.000305
1240, 0.000504, 0.000337, 0.000330
1241, 0.000509, 0.000288, 0.000287
1242, 0.000500, 0.000341, 0.000338
1243, 0.000506, 0.000294, 0.000289
1244, 0.000508, 0.000322, 0.000320
1245, 0.000497, 0.000292, 0.000289
1246, 0.000487, 0.000300, 0.000294
1247, 0.000497, 0.000323, 0.000320
1248, 0.000499, 0.000290, 0.000285
1249, 0.000493, 0.000311, 0.000305
1250, 0.000492, 0.000304, 0.000304
1251, 0.000501, 0.000315, 0.000308
1252, 0.000500, 0.000292, 0.000290
1253, 0.000489, 0.000313, 0.000310
1254, 0.000493, 0.000303, 0.000297
1255, 0.000503, 0.000310, 0.000309
1256, 0.000498, 0.000302, 0.000298
1257, 0.000485, 0.000290, 0.000285
1258, 0.000494, 0.000322, 0.000320
1259, 0.000496, 0.000297, 0.000292
1260, 0.000487, 0.000285, 0.000281
1261, 0.000488, 0.000321, 0.000319
1262, 0.000493, 0.000288, 0.000283
1263, 0.000489, 0.000295, 0.000291
1264, 0.000485, 0.000309, 0.000306
1265, 0.000488, 0.000286, 0.000282
1266, 0.000487, 0.000306, 0.000302
1267, 0.000487, 0.000293, 0.000290
1268, 0.000485, 0.000295, 0.000290
1269, 0.000486, 0.000295, 0.000292
1270, 0.000484, 0.000293, 0.000289
1271, 0.000482, 0.000295, 0.000290
1272, 0.000483, 0.000287, 0.000283
1273, 0.000483, 0.000307, 0.000303
1274, 0.000483, 0.000285, 0.000282
1275, 0.000483, 0.000305, 0.000301
1276, 0.000485, 0.000290, 0.000288
1277, 0.000485, 0.000297, 0.000293
1278, 0.000485, 0.000292, 0.000290
1279, 0.000484, 0.000291, 0.000289
1280, 0.000482, 0.000303, 0.000298
1281, 0.000484, 0.000286, 0.000284
1282, 0.000485, 0.000304, 0.000299
1283, 0.000483, 0.000287, 0.000282
1284, 0.000481, 0.000291, 0.000288
1285, 0.000482, 0.000297, 0.000293
1286, 0.000480, 0.000281, 0.000278
1287, 0.000481, 0.000310, 0.000305
1288, 0.000484, 0.000284, 0.000281
1289, 0.000485, 0.000302, 0.000296
1290, 0.000483, 0.000290, 0.000287
1291, 0.000482, 0.000293, 0.000290
1292, 0.000479, 0.000295, 0.000291
1293, 0.000482, 0.000282, 0.000280
1294, 0.000483, 0.000309, 0.000304
1295, 0.000483, 0.000279, 0.000276
1296, 0.000484, 0.000320, 0.000316
1297, 0.000485, 0.000284, 0.000280
1298, 0.000481, 0.000297, 0.000293
1299, 0.000478, 0.000295, 0.000291
1300, 0.000479, 0.000290, 0.000284
1301, 0.000477, 0.000295, 0.000292
1302, 0.000479, 0.000292, 0.000288
1303, 0.000477, 0.000283, 0.000279
1304, 0.000480, 0.000298, 0.000295
1305, 0.000479, 0.000286, 0.000283
1306, 0.000479, 0.000292, 0.000288
1307, 0.000477, 0.000291, 0.000288
1308, 0.000478, 0.000285, 0.000282
1309, 0.000477, 0.000298, 0.000294
1310, 0.000477, 0.000288, 0.000285
1311, 0.000479, 0.000289, 0.000285
1312, 0.000474, 0.000288, 0.000284
1313, 0.000476, 0.000292, 0.000288
1314, 0.000478, 0.000296, 0.000291
1315, 0.000477, 0.000285, 0.000281
1316, 0.000474, 0.000301, 0.000297
1317, 0.000478, 0.000282, 0.000278
1318, 0.000479, 0.000309, 0.000305
1319, 0.000481, 0.000280, 0.000279
1320, 0.000484, 0.000329, 0.000324
1321, 0.000487, 0.000283, 0.000282
1322, 0.000490, 0.000331, 0.000325
1323, 0.000486, 0.000275, 0.000272
1324, 0.000480, 0.000307, 0.000304
1325, 0.000478, 0.000282, 0.000278
1326, 0.000477, 0.000294, 0.000289
1327, 0.000473, 0.000286, 0.000283
1328, 0.000477, 0.000289, 0.000286
1329, 0.000473, 0.000295, 0.000291
1330, 0.000474, 0.000283, 0.000280
1331, 0.000473, 0.000304, 0.000298
1332, 0.000478, 0.000280, 0.000277
1333, 0.000475, 0.000307, 0.000302
1334, 0.000476, 0.000278, 0.000275
1335, 0.000475, 0.000299, 0.000294
1336, 0.000473, 0.000283, 0.000280
1337, 0.000474, 0.000289, 0.000286
1338, 0.000475, 0.000288, 0.000284
1339, 0.000472, 0.000287, 0.000283
1340, 0.000473, 0.000292, 0.000288
1341, 0.000472, 0.000278, 0.000274
1342, 0.000476, 0.000303, 0.000298
1343, 0.000474, 0.000280, 0.000278
1344, 0.000473, 0.000290, 0.000285
1345, 0.000472, 0.000284, 0.000281
1346, 0.000472, 0.000287, 0.000284
1347, 0.000472, 0.000285, 0.000280
1348, 0.000471, 0.000290, 0.000287
1349, 0.000472, 0.000283, 0.000280
1350, 0.000471, 0.000292, 0.000287
1351, 0.000471, 0.000286, 0.000282
1352, 0.000471, 0.000286, 0.000283
1353, 0.000471, 0.000297, 0.000292
1354, 0.000474, 0.000276, 0.000274
1355, 0.000474, 0.000321, 0.000316
1356, 0.000480, 0.000273, 0.000271
1357, 0.000480, 0.000323, 0.000319
1358, 0.000479, 0.000271, 0.000268
1359, 0.000476, 0.000309, 0.000306
1360, 0.000473, 0.000279, 0.000276
1361, 0.000471, 0.000278, 0.000274
1362, 0.000471, 0.000309, 0.000305
1363, 0.000474, 0.000270, 0.000267
1364, 0.000478, 0.000330, 0.000324
1365, 0.000484, 0.000274, 0.000274
1366, 0.000483, 0.000325, 0.000319
1367, 0.000482, 0.000271, 0.000268
1368, 0.000477, 0.000302, 0.000300
1369, 0.000474, 0.000283, 0.000278
1370, 0.000472, 0.000277, 0.000274
1371, 0.000467, 0.000303, 0.000299
1372, 0.000471, 0.000275, 0.000270
1373, 0.000471, 0.000299, 0.000293
1374, 0.000471, 0.000279, 0.000275
1375, 0.000469, 0.000286, 0.000281
1376, 0.000468, 0.000288, 0.000284
1377, 0.000467, 0.000275, 0.000272
1378, 0.000469, 0.000298, 0.000293
1379, 0.000470, 0.000276, 0.000274
1380, 0.000469, 0.000284, 0.000280
1381, 0.000466, 0.000285, 0.000281
1382, 0.000467, 0.000280, 0.000277
1383, 0.000466, 0.000291, 0.000286
1384, 0.000468, 0.000275, 0.000272
1385, 0.000469, 0.000288, 0.000283
1386, 0.000466, 0.000278, 0.000275
1387, 0.000468, 0.000281, 0.000277
1388, 0.000467, 0.000295, 0.000290
1389, 0.000467, 0.000273, 0.000270
1390, 0.000467, 0.000303, 0.000297
1391, 0.000468, 0.000273, 0.000269
1392, 0.000469, 0.000296, 0.000292
1393, 0.000466, 0.000272, 0.000268
1394, 0.000465, 0.000291, 0.000287
1395, 0.000466, 0.000283, 0.000279
1396, 0.000463, 0.000280, 0.000277
1397, 0.000466, 0.000290, 0.000286
1398, 0.000464, 0.000276, 0.000272
1399, 0.000466, 0.000295, 0.000291
1400, 0.000466, 0.000276, 0.000272
1401, 0.000463, 0.000283, 0.000278
1402, 0.000465, 0.000291, 0.000287
1403, 0.000465, 0.000274, 0.000270
1404, 0.000464, 0.000299, 0.000294
1405, 0.000467, 0.000273, 0.000271
1406, 0.000467, 0.000294, 0.000289
1407, 0.000464, 0.000278, 0.000274
1408, 0.000461, 0.000284, 0.000282
1409, 0.000465, 0.000299, 0.000293
1410, 0.000469, 0.000268, 0.000266
1411, 0.000467, 0.000324, 0.000319
1412, 0.000472, 0.000266, 0.000262
1413, 0.000474, 0.000304, 0.000299
1414, 0.000464, 0.000277, 0.000274
1415, 0.000465, 0.000276, 0.000270
1416, 0.000465, 0.000301, 0.000297
1417, 0.000466, 0.000268, 0.000265
1418, 0.000468, 0.000316, 0.000309
1419, 0.000473, 0.000274, 0.000272
1420, 0.000472, 0.000302, 0.000297
1421, 0.000463, 0.000276, 0.000271
1422, 0.000464, 0.000280, 0.000278
1423, 0.000464, 0.000297, 0.000291
1424, 0.000463, 0.000267, 0.000262
1425, 0.000466, 0.000307, 0.000303
1426, 0.000467, 0.000271, 0.000266
1427, 0.000460, 0.000280, 0.000275
1428, 0.000460, 0.000293, 0.000290
1429, 0.000462, 0.000267, 0.000262
1430, 0.000465, 0.000312, 0.000305
1431, 0.000467, 0.000270, 0.000268
1432, 0.000469, 0.000302, 0.000295
1433, 0.000466, 0.000275, 0.000271
1434, 0.000460, 0.000276, 0.000273
1435, 0.000462, 0.000303, 0.000296
1436, 0.000463, 0.000264, 0.000261
1437, 0.000471, 0.000331, 0.000325
1438, 0.000474, 0.000263, 0.000259
1439, 0.000471, 0.000297, 0.000292
1440, 0.000463, 0.000283, 0.000279
1441, 0.000459, 0.000266, 0.000261
1442, 0.000463, 0.000313, 0.000307
1443, 0.000467, 0.000263, 0.000261
1444, 0.000470, 0.000304, 0.000298
1445, 0.000464, 0.000269, 0.000266
1446, 0.000457, 0.000270, 0.000267
1447, 0.000459, 0.000305, 0.000299
1448, 0.000462, 0.000263, 0.000261
1449, 0.000468, 0.000307, 0.000302
1450, 0.000461, 0.000270, 0.000267
1451, 0.000460, 0.000270, 0.000267
1452, 0.000458, 0.000307, 0.000303
1453, 0.000464, 0.000263, 0.000260
1454, 0.000466, 0.000307, 0.000300
1455, 0.000463, 0.000269, 0.000267
1456, 0.000460, 0.000274, 0.000269
1457, 0.000456, 0.000285, 0.000280
1458, 0.000457, 0.000267, 0.000265
1459, 0.000461, 0.000304, 0.000298
1460, 0.000464, 0.000265, 0.000261
1461, 0.000458, 0.000283, 0.000279
1462, 0.000455, 0.000279, 0.000273
1463, 0.000455, 0.000263, 0.000259
1464, 0.000459, 0.000300, 0.000295
1465, 0.000461, 0.000264, 0.000259
1466, 0.000460, 0.000283, 0.000279
1467, 0.000457, 0.000280, 0.000275
1468, 0.000457, 0.000264, 0.000259
1469, 0.000459, 0.000307, 0.000302
1470, 0.000466, 0.000263, 0.000259
1471, 0.000463, 0.000292, 0.000287
1472, 0.000457, 0.000273, 0.000269
1473, 0.000456, 0.000273, 0.000268
1474, 0.000455, 0.000297, 0.000291
1475, 0.000460, 0.000262, 0.000259
1476, 0.000466, 0.000325, 0.000317
1477, 0.000471, 0.000262, 0.000259
1478, 0.000463, 0.000291, 0.000286
1479, 0.000458, 0.000281, 0.000275
1480, 0.000456, 0.000262, 0.000259
1481, 0.000459, 0.000319, 0.000313
1482, 0.000465, 0.000261, 0.000257
1483, 0.000460, 0.000279, 0.000274
1484, 0.000452, 0.000289, 0.000285
1485, 0.000457, 0.000261, 0.000257
1486, 0.000457, 0.000298, 0.000292
1487, 0.000456, 0.000268, 0.000264
1488, 0.000455, 0.000271, 0.000266
1489, 0.000452, 0.000278, 0.000272
1490, 0.000454, 0.000271, 0.000267
1491, 0.000453, 0.000274, 0.000269
1492, 0.000451, 0.000272, 0.000267
1493, 0.000451, 0.000276, 0.000273
1494, 0.000450, 0.000270, 0.000266
1495, 0.000451, 0.000277, 0.000273
1496, 0.000450, 0.000268, 0.000265
1497, 0.000454, 0.000283, 0.000278
1498, 0.000452, 0.000263, 0.000259
1499, 0.000450, 0.000284, 0.000279
1500, 0.000451, 0.000272, 0.000265
1501, 0.000450, 0.000271, 0.000265
1502, 0.000450, 0.000281, 0.000276
1503, 0.000450, 0.000270, 0.000264
1504, 0.000451, 0.000269, 0.000264
1505, 0.000448, 0.000282, 0.000277
1506, 0.000452, 0.000268, 0.000263
1507, 0.000450, 0.000273, 0.000268
1508, 0.000447, 0.000280, 0.000276
1509, 0.000450, 0.000266, 0.000260
1510, 0.000450, 0.000280, 0.000274
1511, 0.000448, 0.000272, 0.000268
1512, 0.000450, 0.000268, 0.000262
1513, 0.000448, 0.000280, 0.000274
1514, 0.000449, 0.000268, 0.000264
1515, 0.000450, 0.000278, 0.000272
1516, 0.000447, 0.000272, 0.000267
1517, 0.000447, 0.000269, 0.000265
1518, 0.000448, 0.000282, 0.000277
1519, 0.000447, 0.000266, 0.000261
1520, 0.000449, 0.000283, 0.000278
1521, 0.000448, 0.000267, 0.000262
1522, 0.000447, 0.000272, 0.000266
1523, 0.000446, 0.000277, 0.000272
1524, 0.000451, 0.000267, 0.000261
1525, 0.000447, 0.000279, 0.000273
1526, 0.000447, 0.000266, 0.000262
1527, 0.000450, 0.000289, 0.000283
1528, 0.000451, 0.000259, 0.000255
1529, 0.000449, 0.000282, 0.000278
1530, 0.000448, 0.000269, 0.000263
1531, 0.000448, 0.000267, 0.000263
1532, 0.000446, 0.000285, 0.000281
1533, 0.000446, 0.000265, 0.000259
1534, 0.000449, 0.000287, 0.000283
1535, 0.000446, 0.000265, 0.000261
1536, 0.000444, 0.000273, 0.000267
1537, 0.000446, 0.000283, 0.000278
1538, 0.000446, 0.000259, 0.000255
1539, 0.000444, 0.000289, 0.000282
1540, 0.000448, 0.000263, 0.000260
1541, 0.000449, 0.000285, 0.000279
1542, 0.000447, 0.000264, 0.000258
1543, 0.000444, 0.000277, 0.000273
1544, 0.000443, 0.000269, 0.000265
1545, 0.000445, 0.000268, 0.000263
1546, 0.000445, 0.000274, 0.000271
1547, 0.000445, 0.000272, 0.000267
1548, 0.000445, 0.000266, 0.000261
1549, 0.000442, 0.000290, 0.000285
1550, 0.000447, 0.000258, 0.000253
1551, 0.000448, 0.000294, 0.000287
1552, 0.000448, 0.000265, 0.000261
1553, 0.000444, 0.000268, 0.000263
1554, 0.000443, 0.000288, 0.000282
1555, 0.000446, 0.000258, 0.000255
1556, 0.000448, 0.000307, 0.000300
1557, 0.000453, 0.000256, 0.000252
1558, 0.000447, 0.000281, 0.000275
1559, 0.000443, 0.000267, 0.000262
1560, 0.000442, 0.000268, 0.000263
1561, 0.000441, 0.000271, 0.000266
1562, 0.000442, 0.000268, 0.000263
1563, 0.000440, 0.000266, 0.000261
1564, 0.000439, 0.000273, 0.000267
1565, 0.000438, 0.000261, 0.000256
1566, 0.000440, 0.000280, 0.000274
1567, 0.000445, 0.000263, 0.000258
1568, 0.000442, 0.000280, 0.000273
1569, 0.000442, 0.000262, 0.000257
1570, 0.000443, 0.000289, 0.000283
1571, 0.000444, 0.000257, 0.000252
1572, 0.000444, 0.000291, 0.000284
1573, 0.000443, 0.000257, 0.000254
1574, 0.000443, 0.000282, 0.000276
1575, 0.000439, 0.000261, 0.000255
1576, 0.000440, 0.000270, 0.000265
1577, 0.000440, 0.000270, 0.000264
1578, 0.000437, 0.000258, 0.000252
1579, 0.000443, 0.000292, 0.000286
1580, 0.000445, 0.000254, 0.000249
1581, 0.000443, 0.000288, 0.000282
1582, 0.000442, 0.000259, 0.000255
1583, 0.000443, 0.000284, 0.000277
1584, 0.000440, 0.000263, 0.000258
1585, 0.000439, 0.000264, 0.000258
1586, 0.000437, 0.000280, 0.000273
1587, 0.000440, 0.000260, 0.000254
1588, 0.000438, 0.000265, 0.000260
1589, 0.000438, 0.000291, 0.000284
1590, 0.000442, 0.000251, 0.000247
1591, 0.000446, 0.000324, 0.000317
1592, 0.000454, 0.000248, 0.000244
1593, 0.000454, 0.000303, 0.000296
1594, 0.000444, 0.000260, 0.000254
1595, 0.000437, 0.000254, 0.000249
1596, 0.000436, 0.000301, 0.000293
1597, 0.000443, 0.000249, 0.000245
1598, 0.000449, 0.000306, 0.000298
1599, 0.000447, 0.000249, 0.000244
1600, 0.000439, 0.000270, 0.000265
1601, 0.000437, 0.000273, 0.000267
1602, 0.000434, 0.000251, 0.000247
1603, 0.000440, 0.000299, 0.000293
1604, 0.000442, 0.000249, 0.000244
1605, 0.000439, 0.000273, 0.000267
1606, 0.000436, 0.000269, 0.000263
1607, 0.000434, 0.000248, 0.000243
1608, 0.000436, 0.000293, 0.000286
1609, 0.000440, 0.000253, 0.000249
1610, 0.000439, 0.000268, 0.000262
1611, 0.000434, 0.000267, 0.000261
1612, 0.000434, 0.000261, 0.000256
1613, 0.000433, 0.000264, 0.000257
1614, 0.000435, 0.000269, 0.000263
1615, 0.000432, 0.000258, 0.000254
1616, 0.000436, 0.000275, 0.000267
1617, 0.000434, 0.000254, 0.000249
1618, 0.000436, 0.000273, 0.000268
1619, 0.000435, 0.000260, 0.000254
1620, 0.000433, 0.000254, 0.000249
1621, 0.000433, 0.000296, 0.000289
1622, 0.000438, 0.000245, 0.000240
1623, 0.000441, 0.000291, 0.000283
1624, 0.000437, 0.000254, 0.000250
1625, 0.000436, 0.000260, 0.000253
1626, 0.000431, 0.000286, 0.000278
1627, 0.000434, 0.000249, 0.000245
1628, 0.000440, 0.000298, 0.000290
1629, 0.000440, 0.000246, 0.000240
1630, 0.000435, 0.000270, 0.000265
1631, 0.000434, 0.000267, 0.000260
1632, 0.000433, 0.000248, 0.000242
1633, 0.000434, 0.000293, 0.000286
1634, 0.000437, 0.000246, 0.000240
1635, 0.000435, 0.000275, 0.000268
1636, 0.000434, 0.000255, 0.000249
1637, 0.000430, 0.000259, 0.000253
1638, 0.000429, 0.000272, 0.000265
1639, 0.000430, 0.000252, 0.000247
1640, 0.000429, 0.000271, 0.000265
1641, 0.000432, 0.000254, 0.000247
1642, 0.000430, 0.000261, 0.000255
1643, 0.000428, 0.000258, 0.000252
1644, 0.000428, 0.000260, 0.000253
1645, 0.000428, 0.000265, 0.000258
1646, 0.000429, 0.000257, 0.000251
1647, 0.000427, 0.000257, 0.000250
1648, 0.000430, 0.000267, 0.000261
1649, 0.000428, 0.000256, 0.000249
1650, 0.000429, 0.000266, 0.000257
1651, 0.000433, 0.000259, 0.000253
1652, 0.000427, 0.000267, 0.000260
1653, 0.000428, 0.000254, 0.000247
1654, 0.000429, 0.000267, 0.000261
1655, 0.000427, 0.000260, 0.000253
1656, 0.000422, 0.000251, 0.000244
1657, 0.000430, 0.000279, 0.000273
1658, 0.000431, 0.000248, 0.000242
1659, 0.000429, 0.000269, 0.000261
1660, 0.000427, 0.000262, 0.000257
1661, 0.000429, 0.000255, 0.000249
1662, 0.000427, 0.000274, 0.000267
1663, 0.000427, 0.000254, 0.000250
1664, 0.000430, 0.000270, 0.000263
1665, 0.000424, 0.000251, 0.000244
1666, 0.000426, 0.000270, 0.000264
1667, 0.000428, 0.000254, 0.000248
1668, 0.000424, 0.000254, 0.000247
1669, 0.000424, 0.000266, 0.000259
1670, 0.000425, 0.000246, 0.000240
1671, 0.000428, 0.000281, 0.000271
1672, 0.000430, 0.000243, 0.000237
1673, 0.000428, 0.000294, 0.000286
1674, 0.000433, 0.000242, 0.000236
1675, 0.000431, 0.000285, 0.000277
1676, 0.000426, 0.000256, 0.000249
1677, 0.000421, 0.000247, 0.000240
1678, 0.000424, 0.000285, 0.000277
1679, 0.000427, 0.000241, 0.000235
1680, 0.000430, 0.000291, 0.000283
1681, 0.000429, 0.000246, 0.000239
1682, 0.000425, 0.000257, 0.000251
1683, 0.000420, 0.000275, 0.000266
1684, 0.000425, 0.000238, 0.000232
1685, 0.000430, 0.000299, 0.000289
1686, 0.000431, 0.000241, 0.000235
1687, 0.000426, 0.000262, 0.000254
1688, 0.000421, 0.000266, 0.000259
1689, 0.000420, 0.000244, 0.000238
1690, 0.000423, 0.000284, 0.000276
1691, 0.000426, 0.000244, 0.000238
1692, 0.000422, 0.000260, 0.000252
1693, 0.000419, 0.000271, 0.000263
1694, 0.000421, 0.000243, 0.000236
1695, 0.000423, 0.000281, 0.000271
1696, 0.000422, 0.000241, 0.000234
1697, 0.000424, 0.000269, 0.000261
1698, 0.000420, 0.000250, 0.000242
1699, 0.000420, 0.000248, 0.000241
1700, 0.000420, 0.000273, 0.000265
1701, 0.000420, 0.000242, 0.000235
1702, 0.000421, 0.000272, 0.000264
1703, 0.000422, 0.000250, 0.000243
1704, 0.000420, 0.000251, 0.000243
1705, 0.000417, 0.000265, 0.000257
1706, 0.000417, 0.000245, 0.000238
1707, 0.000419, 0.000270, 0.000262
1708, 0.000419, 0.000246, 0.000239
1709, 0.000418, 0.000257, 0.000249
1710, 0.000416, 0.000257, 0.000248
1711, 0.000416, 0.000247, 0.000240
1712, 0.000416, 0.000259, 0.000252
1713, 0.000419, 0.000253, 0.000245
1714, 0.000416, 0.000255, 0.000247
1715, 0.000415, 0.000256, 0.000251
1716, 0.000417, 0.000256, 0.000249
1717, 0.000416, 0.000241, 0.000235
1718, 0.000418, 0.000280, 0.000272
1719, 0.000420, 0.000235, 0.000228
1720, 0.000424, 0.000287, 0.000278
1721, 0.000423, 0.000238, 0.000231
1722, 0.000418, 0.000257, 0.000248
1723, 0.000416, 0.000262, 0.000254
1724, 0.000415, 0.000240, 0.000234
1725, 0.000420, 0.000280, 0.000271
1726, 0.000419, 0.000238, 0.000231
1727, 0.000416, 0.000266, 0.000260
1728, 0.000417, 0.000247, 0.000239
1729, 0.000414, 0.000255, 0.000247
1730, 0.000411, 0.000262, 0.000255
1731, 0.000415, 0.000243, 0.000236
1732, 0.000417, 0.000277, 0.000268
1733, 0.000420, 0.000238, 0.000231
1734, 0.000419, 0.000276, 0.000266
1735, 0.000414, 0.000240, 0.000232
1736, 0.000413, 0.000253, 0.000247
1737, 0.000414, 0.000263, 0.000254
1738, 0.000413, 0.000236, 0.000229
1739, 0.000417, 0.000278, 0.000269
1740, 0.000416, 0.000238, 0.000231
1741, 0.000415, 0.000262, 0.000253
1742, 0.000413, 0.000245, 0.000238
1743, 0.000413, 0.000259, 0.000251
1744, 0.000411, 0.000253, 0.000244
1745, 0.000413, 0.000253, 0.000245
1746, 0.000413, 0.000260, 0.000252
1747, 0.000410, 0.000241, 0.000232
1748, 0.000415, 0.000274, 0.000265
1749, 0.000416, 0.000240, 0.000232
1750, 0.000412, 0.000266, 0.000256
1751, 0.000412, 0.000246, 0.000239
1752, 0.000411, 0.000255, 0.000246
1753, 0.000410, 0.000249, 0.000240
1754, 0.000409, 0.000244, 0.000237
1755, 0.000411, 0.000261, 0.000252
1756, 0.000409, 0.000239, 0.000232
1757, 0.000411, 0.000263, 0.000255
1758, 0.000411, 0.000242, 0.000234
1759, 0.000409, 0.000251, 0.000244
1760, 0.000409, 0.000255, 0.000246
1761, 0.000410, 0.000239, 0.000231
1762, 0.000409, 0.000265, 0.000257
1763, 0.000410, 0.000240, 0.000232
1764, 0.000410, 0.000261, 0.000251
1765, 0.000408, 0.000244, 0.000236
1766, 0.000409, 0.000253, 0.000243
1767, 0.000407, 0.000259, 0.000250
1768, 0.000410, 0.000233, 0.000226
1769, 0.000412, 0.000278, 0.000268
1770, 0.000412, 0.000231, 0.000223
1771, 0.000409, 0.000260, 0.000251
1772, 0.000408, 0.000249, 0.000240
1773, 0.000406, 0.000238, 0.000229
1774, 0.000407, 0.000268, 0.000258
1775, 0.000408, 0.000231, 0.000224
1776, 0.000410, 0.000281, 0.000269
1777, 0.000411, 0.000230, 0.000222
1778, 0.000409, 0.000265, 0.000256
1779, 0.000407, 0.000245, 0.000236
1780, 0.000405, 0.000245, 0.000237
1781, 0.000404, 0.000258, 0.000250
1782, 0.000407, 0.000234, 0.000225
1783, 0.000408, 0.000270, 0.000261
1784, 0.000408, 0.000232, 0.000224
1785, 0.000409, 0.000261, 0.000251
1786, 0.000409, 0.000241, 0.000232
1787, 0.000405, 0.000243, 0.000234
1788, 0.000405, 0.000259, 0.000249
1789, 0.000405, 0.000227, 0.000218
1790, 0.000407, 0.000275, 0.000266
1791, 0.000406, 0.000233, 0.000225
1792, 0.000405, 0.000244, 0.000235
1793, 0.000402, 0.000266, 0.000256
1794, 0.000404, 0.000227, 0.000219
1795, 0.000409, 0.000279, 0.000266
1796, 0.000409, 0.000227, 0.000219
1797, 0.000406, 0.000260, 0.000250
1798, 0.000402, 0.000245, 0.000235
1799, 0.000402, 0.000237, 0.000229
1800, 0.000403, 0.000273, 0.000262
1801, 0.000406, 0.000227, 0.000219
1802, 0.000404, 0.000263, 0.000252
1803, 0.000403, 0.000241, 0.000230
1804, 0.000403, 0.000242, 0.000232
1805, 0.000401, 0.000252, 0.000241
1806, 0.000401, 0.000238, 0.000228
1807, 0.000400, 0.000246, 0.000237
1808, 0.000401, 0.000245, 0.000235
1809, 0.000399, 0.000233, 0.000225
1810, 0.000400, 0.000255, 0.000245
1811, 0.000400, 0.000240, 0.000230
1812, 0.000398, 0.000238, 0.000228
1813, 0.000401, 0.000245, 0.000237
1814, 0.000399, 0.000244, 0.000235
1815, 0.000399, 0.000240, 0.000230
1816, 0.000400, 0.000256, 0.000247
1817, 0.000400, 0.000234, 0.000226
1818, 0.000400, 0.000254, 0.000243
1819, 0.000400, 0.000239, 0.000230
1820, 0.000396, 0.000240, 0.000230
1821, 0.000398, 0.000244, 0.000233
1822, 0.000397, 0.000238, 0.000228
1823, 0.000397, 0.000253, 0.000243
1824, 0.000397, 0.000235, 0.000225
1825, 0.000396, 0.000250, 0.000240
1826, 0.000396, 0.000242, 0.000232
1827, 0.000394, 0.000242, 0.000232
1828, 0.000394, 0.000250, 0.000240
1829, 0.000395, 0.000241, 0.000231
1830, 0.000399, 0.000242, 0.000232
1831, 0.000396, 0.000254, 0.000243
1832, 0.000399, 0.000227, 0.000218
1833, 0.000398, 0.000265, 0.000255
1834, 0.000399, 0.000227, 0.000218
1835, 0.000396, 0.000245, 0.000236
1836, 0.000394, 0.000253, 0.000244
1837, 0.000395, 0.000219, 0.000210
1838, 0.000404, 0.000298, 0.000286
1839, 0.000407, 0.000219, 0.000210
1840, 0.000405, 0.000279, 0.000266
1841, 0.000399, 0.000230, 0.000219
1842, 0.000396, 0.000237, 0.000227
1843, 0.000394, 0.000273, 0.000261
1844, 0.000397, 0.000220, 0.000212
1845, 0.000406, 0.000294, 0.000282
1846, 0.000408, 0.000215, 0.000206
1847, 0.000408, 0.000286, 0.000275
1848, 0.000404, 0.000224, 0.000214
1849, 0.000395, 0.000242, 0.000232
1850, 0.000395, 0.000260, 0.000249
1851, 0.000396, 0.000218, 0.000209
1852, 0.000401, 0.000295, 0.000282
1853, 0.000411, 0.000218, 0.000209
1854, 0.000405, 0.000267, 0.000256
1855, 0.000399, 0.000232, 0.000222
1856, 0.000394, 0.000229, 0.000220
1857, 0.000394, 0.000263, 0.000250
1858, 0.000395, 0.000222, 0.000211
1859, 0.000394, 0.000251, 0.000240
1860, 0.000393, 0.000237, 0.000226
1861, 0.000392, 0.000227, 0.000216
1862, 0.000393, 0.000262, 0.000251
1863, 0.000394, 0.000218, 0.000208
1864, 0.000394, 0.000254, 0.000243
1865, 0.000393, 0.000231, 0.000222
1866, 0.000392, 0.000230, 0.000220
1867, 0.000391, 0.000246, 0.000234
1868, 0.000391, 0.000226, 0.000217
1869, 0.000389, 0.000240, 0.000228
1870, 0.000390, 0.000233, 0.000222
1871, 0.000391, 0.000237, 0.000227
1872, 0.000391, 0.000234, 0.000223
1873, 0.000387, 0.000233, 0.000223
1874, 0.000388, 0.000241, 0.000231
1875, 0.000389, 0.000232, 0.000221
1876, 0.000388, 0.000234, 0.000223
1877, 0.000387, 0.000239, 0.000228
1878, 0.000389, 0.000222, 0.000211
1879, 0.000389, 0.000263, 0.000250
1880, 0.000392, 0.000216, 0.000206
1881, 0.000393, 0.000267, 0.000254
1882, 0.000390, 0.000219, 0.000208
1883, 0.000387, 0.000240, 0.000229
1884, 0.000386, 0.000235, 0.000223
1885, 0.000385, 0.000221, 0.000211
1886, 0.000387, 0.000253, 0.000242
1887, 0.000389, 0.000224, 0.000213
1888, 0.000385, 0.000230, 0.000220
1889, 0.000386, 0.000253, 0.000242
1890, 0.000387, 0.000218, 0.000208
1891, 0.000388, 0.000250, 0.000237
1892, 0.000386, 0.000226, 0.000215
1893, 0.000387, 0.000244, 0.000232
1894, 0.000387, 0.000224, 0.000212
1895, 0.000384, 0.000245, 0.000234
1896, 0.000388, 0.000222, 0.000211
1897, 0.000384, 0.000239, 0.000228
1898, 0.000385, 0.000231, 0.000221
1899, 0.000382, 0.000228, 0.000217
1900, 0.000382, 0.000241, 0.000230
1901, 0.000382, 0.000219, 0.000209
1902, 0.000385, 0.000256, 0.000243
1903, 0.000386, 0.000220, 0.000209
1904, 0.000384, 0.000242, 0.000230
1905, 0.000383, 0.000225, 0.000214
1906, 0.000381, 0.000235, 0.000223
1907, 0.000382, 0.000234, 0.000222
1908, 0.000379, 0.000223, 0.000212
1909, 0.000383, 0.000251, 0.000239
1910, 0.000384, 0.000216, 0.000206
1911, 0.000385, 0.000253, 0.000240
1912, 0.000383, 0.000222, 0.000210
1913, 0.000383, 0.000235, 0.000223
1914, 0.000380, 0.000240, 0.000227
1915, 0.000380, 0.000217, 0.000205
1916, 0.000382, 0.000253, 0.000239
1917, 0.000384, 0.000213, 0.000201
1918, 0.000383, 0.000248, 0.000235
1919, 0.000381, 0.000233, 0.000220
1920, 0.000380, 0.000216, 0.000205
1921, 0.000381, 0.000260, 0.000247
1922, 0.000384, 0.000211, 0.000200
1923, 0.000386, 0.000268, 0.000255
1924, 0.000386, 0.000211, 0.000200
1925, 0.000386, 0.000259, 0.000246
1926, 0.000384, 0.000219, 0.000208
1927, 0.000382, 0.000241, 0.000229
1928, 0.000377, 0.000220, 0.000209
1929, 0.000377, 0.000237, 0.000224
1930, 0.000378, 0.000226, 0.000214
1931, 0.000379, 0.000225, 0.000213
1932, 0.000378, 0.000246, 0.000233
1933, 0.000380, 0.000217, 0.000206
1934, 0.000380, 0.000239, 0.000227
1935, 0.000379, 0.000227, 0.000216
1936, 0.000377, 0.000221, 0.000210
1937, 0.000375, 0.000235, 0.000224
1938, 0.000376, 0.000220, 0.000209
1939, 0.000377, 0.000230, 0.000218
1940, 0.000376, 0.000229, 0.000216
1941, 0.000375, 0.000226, 0.000214
1942, 0.000375, 0.000237, 0.000223
1943, 0.000377, 0.000227, 0.000215
1944, 0.000374, 0.000222, 0.000210
1945, 0.000375, 0.000242, 0.000229
1946, 0.000379, 0.000215, 0.000204
1947, 0.000375, 0.000245, 0.000234
1948, 0.000375, 0.000219, 0.000209
1949, 0.000376, 0.000225, 0.000214
1950, 0.000375, 0.000245, 0.000233
1951, 0.000375, 0.000208, 0.000198
1952, 0.000380, 0.000271, 0.000257
1953, 0.000383, 0.000203, 0.000193
1954, 0.000386, 0.000273, 0.000260
1955, 0.000383, 0.000212, 0.000200
1956, 0.000375, 0.000227, 0.000214
1957, 0.000374, 0.000250, 0.000237
1958, 0.000376, 0.000205, 0.000195
1959, 0.000378, 0.000267, 0.000253
1960, 0.000381, 0.000206, 0.000195
1961, 0.000379, 0.000252, 0.000238
1962, 0.000374, 0.000216, 0.000203
1963, 0.000372, 0.000219, 0.000207
1964, 0.000373, 0.000251, 0.000237
1965, 0.000376, 0.000205, 0.000194
1966, 0.000378, 0.000254, 0.000240
1967, 0.000374, 0.000215, 0.000203
1968, 0.000372, 0.000219, 0.000207
1969, 0.000374, 0.000253, 0.000239
1970, 0.000375, 0.000204, 0.000193
1971, 0.000377, 0.000256, 0.000242
1972, 0.000374, 0.000218, 0.000206
1973, 0.000370, 0.000215, 0.000202
1974, 0.000371, 0.000251, 0.000237
1975, 0.000375, 0.000203, 0.000191
1976, 0.000377, 0.000263, 0.000249
1977, 0.000377, 0.000202, 0.000191
1978, 0.000374, 0.000245, 0.000232
1979, 0.000373, 0.000219, 0.000207
1980, 0.000369, 0.000213, 0.000201
1981, 0.000370, 0.000244, 0.000231
1982, 0.000373, 0.000207, 0.000196
1983, 0.000370, 0.000232, 0.000220
1984, 0.000370, 0.000220, 0.000207
1985, 0.000369, 0.000216, 0.000204
1986, 0.000368, 0.000231, 0.000219
1987, 0.000367, 0.000215, 0.000204
1988, 0.000369, 0.000230, 0.000219
1989, 0.000367, 0.000216, 0.000205
1990, 0.000370, 0.000227, 0.000214
1991, 0.000368, 0.000222, 0.000209
1992, 0.000365, 0.000223, 0.000209
1993, 0.000367, 0.000223, 0.000209
1994, 0.000367, 0.000229, 0.000215
1995, 0.000368, 0.000217, 0.000204
1996, 0.000369, 0.000227, 0.000213
1997, 0.000367, 0.000218, 0.000205
1998, 0.000366, 0.000229, 0.000216
1999, 0.000368, 0.000215, 0.000202
2000, 0.000365, 0.000223, 0.000210
2001, 0.000364, 0.000230, 0.000216
2002, 0.000365, 0.000211, 0.000199
2003, 0.000368, 0.000237, 0.000222
2004, 0.000365, 0.000213, 0.000200
2005, 0.000365, 0.000220, 0.000208
2006, 0.000364, 0.000226, 0.000213
2007, 0.000364, 0.000214, 0.000201
2008, 0.000364, 0.000232, 0.000219
2009, 0.000364, 0.000213, 0.000200
2010, 0.000367, 0.000229, 0.000216
2011, 0.000365, 0.000221, 0.000208
2012, 0.000364, 0.000217, 0.000204
2013, 0.000366, 0.000238, 0.000223
2014, 0.000365, 0.000208, 0.000194
2015, 0.000366, 0.000251, 0.000236
2016, 0.000366, 0.000207, 0.000194
2017, 0.000367, 0.000238, 0.000224
2018, 0.000365, 0.000220, 0.000207
2019, 0.000363, 0.000213, 0.000200
2020, 0.000362, 0.000242, 0.000228
2021, 0.000367, 0.000197, 0.000184
2022, 0.000371, 0.000275, 0.000258
2023, 0.000373, 0.000196, 0.000184
2024, 0.000373, 0.000250, 0.000236
2025, 0.000365, 0.000214, 0.000202
2026, 0.000362, 0.000218, 0.000205
2027, 0.000363, 0.000237, 0.000222
2028, 0.000363, 0.000195, 0.000184
2029, 0.000374, 0.000286, 0.000270
2030, 0.000378, 0.000193, 0.000182
2031, 0.000380, 0.000284, 0.000269
2032, 0.000376, 0.000196, 0.000183
2033, 0.000367, 0.000235, 0.000220
2034, 0.000360, 0.000219, 0.000206
2035, 0.000361, 0.000202, 0.000190
2036, 0.000361, 0.000251, 0.000236
2037, 0.000365, 0.000196, 0.000184
2038, 0.000368, 0.000263, 0.000248
2039, 0.000370, 0.000195, 0.000183
2040, 0.000368, 0.000238, 0.000223
2041, 0.000363, 0.000208, 0.000195
2042, 0.000360, 0.000210, 0.000196
2043, 0.000357, 0.000234, 0.000219
2044, 0.000362, 0.000199, 0.000187
2045, 0.000362, 0.000232, 0.000218
2046, 0.000359, 0.000209, 0.000196
2047, 0.000359, 0.000210, 0.000197
2048, 0.000359, 0.000238, 0.000225
2049, 0.000362, 0.000193, 0.000180
2050, 0.000362, 0.000253, 0.000237
2051, 0.000363, 0.000197, 0.000184
2052, 0.000360, 0.000223, 0.000208
2053, 0.000356, 0.000220, 0.000205
2054, 0.000358, 0.000207, 0.000193
2055, 0.000357, 0.000219, 0.000204
2056, 0.000356, 0.000214, 0.000199
2057, 0.000358, 0.000207, 0.000193
2058, 0.000357, 0.000235, 0.000220
2059, 0.000360, 0.000199, 0.000185
2060, 0.000360, 0.000237, 0.000221
2061, 0.000358, 0.000205, 0.000191
2062, 0.000356, 0.000214, 0.000200
2063, 0.000355, 0.000219, 0.000204
2064, 0.000354, 0.000204, 0.000190
2065, 0.000353, 0.000224, 0.000210
2066, 0.000354, 0.000208, 0.000194
2067, 0.000358, 0.000217, 0.000202
2068, 0.000356, 0.000218, 0.000203
2069, 0.000356, 0.000210, 0.000195
2070, 0.000352, 0.000213, 0.000198
2071, 0.000354, 0.000222, 0.000208
2072, 0.000357, 0.000206, 0.000192
2073, 0.000355, 0.000224, 0.000210
2074, 0.000354, 0.000212, 0.000200
2075, 0.000356, 0.000213, 0.000199
2076, 0.000354, 0.000225, 0.000211
2077, 0.000356, 0.000206, 0.000193
2078, 0.000357, 0.000220, 0.000205
2079, 0.000353, 0.000212, 0.000197
2080, 0.000353, 0.000211, 0.000197
2081, 0.000352, 0.000231, 0.000215
2082, 0.000352, 0.000198, 0.000184
2083, 0.000357, 0.000244, 0.000228
2084, 0.000358, 0.000199, 0.000186
2085, 0.000353, 0.000223, 0.000208
2086, 0.000353, 0.000221, 0.000208
2087, 0.000354, 0.000201, 0.000188
2088, 0.000351, 0.000228, 0.000214
2089, 0.000352, 0.000207, 0.000194
2090, 0.000350, 0.000218, 0.000204
2091, 0.000351, 0.000206, 0.000192
2092, 0.000351, 0.000216, 0.000201
2093, 0.000349, 0.000210, 0.000195
2094, 0.000349, 0.000210, 0.000196
2095, 0.000349, 0.000218, 0.000203
2096, 0.000349, 0.000207, 0.000193
2097, 0.000350, 0.000219, 0.000204
2098, 0.000349, 0.000209, 0.000194
2099, 0.000351, 0.000212, 0.000198
2100, 0.000351, 0.000220, 0.000206
2101, 0.000349, 0.000204, 0.000190
2102, 0.000350, 0.000239, 0.000224
2103, 0.000352, 0.000190, 0.000177
2104, 0.000355, 0.000257, 0.000240
2105, 0.000358, 0.000192, 0.000179
2106, 0.000355, 0.000240, 0.000225
2107, 0.000351, 0.000202, 0.000188
2108, 0.000348, 0.000208, 0.000194
2109, 0.000347, 0.000229, 0.000214
2110, 0.000351, 0.000198, 0.000184
2111, 0.000349, 0.000226, 0.000210
2112, 0.000348, 0.000206, 0.000191
2113, 0.000348, 0.000219, 0.000203
2114, 0.000348, 0.000212, 0.000196
2115, 0.000349, 0.000216, 0.000200
2116, 0.000347, 0.000217, 0.000201
2117, 0.000345, 0.000210, 0.000194
2118, 0.000348, 0.000218, 0.000203
2119, 0.000347, 0.000214, 0.000199
2120, 0.000346, 0.000209, 0.000193
2121, 0.000346, 0.000224, 0.000209
2122, 0.000344, 0.000203, 0.000189
2123, 0.000348, 0.000213, 0.000198
2124, 0.000347, 0.000209, 0.000195
2125, 0.000345, 0.000203, 0.000189
2126, 0.000347, 0.000225, 0.000209
2127, 0.000346, 0.000200, 0.000185
2128, 0.000346, 0.000233, 0.000217
2129, 0.000349, 0.000203, 0.000188
2130, 0.000346, 0.000229, 0.000212
2131, 0.000347, 0.000208, 0.000193
2132, 0.000348, 0.000216, 0.000200
2133, 0.000346, 0.000216, 0.000200
2134, 0.000345, 0.000207, 0.000193
2135, 0.000344, 0.000220, 0.000205
2136, 0.000343, 0.000202, 0.000187
2137, 0.000347, 0.000224, 0.000209
2138, 0.000344, 0.000200, 0.000184
2139, 0.000344, 0.000217, 0.000201
2140, 0.000343, 0.000229, 0.000213
2141, 0.000347, 0.000190, 0.000175
2142, 0.000350, 0.000272, 0.000253
2143, 0.000354, 0.000183, 0.000170
2144, 0.000355, 0.000272, 0.000255
2145, 0.000356, 0.000190, 0.000176
2146, 0.000352, 0.000238, 0.000223
2147, 0.000343, 0.000207, 0.000193
2148, 0.000343, 0.000200, 0.000186
2149, 0.000341, 0.000228, 0.000211
2150, 0.000343, 0.000196, 0.000182
2151, 0.000346, 0.000223, 0.000207
2152, 0.000342, 0.000206, 0.000190
2153, 0.000342, 0.000209, 0.000193
2154, 0.000341, 0.000213, 0.000198
2155, 0.000341, 0.000208, 0.000193
2156, 0.000339, 0.000207, 0.000192
2157, 0.000341, 0.000214, 0.000199
2158, 0.000341, 0.000199, 0.000184
2159, 0.000341, 0.000224, 0.000209
2160, 0.000340, 0.000196, 0.000182
2161, 0.000342, 0.000227, 0.000210
2162, 0.000344, 0.000194, 0.000179
2163, 0.000340, 0.000227, 0.000212
2164, 0.000343, 0.000203, 0.000187
2165, 0.000341, 0.000215, 0.000199
2166, 0.000338, 0.000206, 0.000191
2167, 0.000339, 0.000225, 0.000208
2168, 0.000342, 0.000196, 0.000180
2169, 0.000340, 0.000236, 0.000220
2170, 0.000342, 0.000192, 0.000177
2171, 0.000342, 0.000234, 0.000218
2172, 0.000342, 0.000192, 0.000178
2173, 0.000341, 0.000233, 0.000218
2174, 0.000341, 0.000193, 0.000178
2175, 0.000342, 0.000232, 0.000216
2176, 0.000340, 0.000194, 0.000180
2177, 0.000341, 0.000225, 0.000209
2178, 0.000337, 0.000200, 0.000185
2179, 0.000336, 0.000214, 0.000199
2180, 0.000340, 0.000207, 0.000191
2181, 0.000337, 0.000212, 0.000195
2182, 0.000338, 0.000208, 0.000192
2183, 0.000337, 0.000209, 0.000192
2184, 0.000337, 0.000200, 0.000183
2185, 0.000338, 0.000225, 0.000208
2186, 0.000337, 0.000195, 0.000180
2187, 0.000336, 0.000227, 0.000211
2188, 0.000336, 0.000200, 0.000185
2189, 0.000336, 0.000206, 0.000190
2190, 0.000336, 0.000219, 0.000203
2191, 0.000336, 0.000197, 0.000182
2192, 0.000337, 0.000228, 0.000212
2193, 0.000338, 0.000195, 0.000179
2194, 0.000340, 0.000224, 0.000207
2195, 0.000337, 0.000198, 0.000182
2196, 0.000336, 0.000220, 0.000203
2197, 0.000334, 0.000215, 0.000199
2198, 0.000335, 0.000192, 0.000177
2199, 0.000339, 0.000241, 0.000224
2200, 0.000339, 0.000184, 0.000169
2201, 0.000341, 0.000252, 0.000236
2202, 0.000345, 0.000182, 0.000168
2203, 0.000340, 0.000247, 0.000229
2204, 0.000339, 0.000190, 0.000176
2205, 0.000338, 0.000219, 0.000202
2206, 0.000334, 0.000219, 0.000202
2207, 0.000333, 0.000186, 0.000171
2208, 0.000338, 0.000271, 0.000252
2209, 0.000345, 0.000176, 0.000161
2210, 0.000347, 0.000272, 0.000253
2211, 0.000345, 0.000181, 0.000167
2212, 0.000342, 0.000220, 0.000203
2213, 0.000337, 0.000215, 0.000199
2214, 0.000333, 0.000185, 0.000171
2215, 0.000336, 0.000253, 0.000235
2216, 0.000342, 0.000175, 0.000160
2217, 0.000342, 0.000250, 0.000233
2218, 0.000340, 0.000192, 0.000177
2219, 0.000334, 0.000203, 0.000186
2220, 0.000332, 0.000232, 0.000215
2221, 0.000335, 0.000181, 0.000166
2222, 0.000337, 0.000245, 0.000226
2223, 0.000339, 0.000185, 0.000170
2224, 0.000338, 0.000229, 0.000212
2225, 0.000333, 0.000201, 0.000185
2226, 0.000330, 0.000197, 0.000181
2227, 0.000331, 0.000221, 0.000204
2228, 0.000332, 0.000185, 0.000169
2229, 0.000335, 0.000231, 0.000213
2230, 0.000333, 0.000185, 0.000170
2231, 0.000335, 0.000224, 0.000205
2232, 0.000331, 0.000194, 0.000178
2233, 0.000331, 0.000206, 0.000190
2234, 0.000330, 0.000209, 0.000192
2235, 0.000329, 0.000192, 0.000176
2236, 0.000332, 0.000231, 0.000215
2237, 0.000333, 0.000184, 0.000169
2238, 0.000332, 0.000232, 0.000215
2239, 0.000333, 0.000189, 0.000174
2240, 0.000333, 0.000208, 0.000192
2241, 0.000329, 0.000212, 0.000195
2242, 0.000328, 0.000188, 0.000173
2243, 0.000330, 0.000226, 0.000209
2244, 0.000330, 0.000193, 0.000177
2245, 0.000329, 0.000203, 0.000187
2246, 0.000328, 0.000225, 0.000208
2247, 0.000331, 0.000177, 0.000162
2248, 0.000335, 0.000263, 0.000243
2249, 0.000339, 0.000175, 0.000161
2250, 0.000338, 0.000236, 0.000218
2251, 0.000330, 0.000190, 0.000174
2252, 0.000331, 0.000212, 0.000196
2253, 0.000326, 0.000201, 0.000186
2254, 0.000326, 0.000196, 0.000180
2255, 0.000326, 0.000217, 0.000201
2256, 0.000326, 0.000189, 0.000174
2257, 0.000327, 0.000213, 0.000196
2258, 0.000324, 0.000203, 0.000186
2259, 0.000326, 0.000202, 0.000186
2260, 0.000326, 0.000203, 0.000187
2261, 0.000326, 0.000209, 0.000193
2262, 0.000324, 0.000197, 0.000181
2263, 0.000328, 0.000206, 0.000190
2264, 0.000324, 0.000189, 0.000173
2265, 0.000328, 0.000230, 0.000212
2266, 0.000327, 0.000189, 0.000173
2267, 0.000324, 0.000203, 0.000186
2268, 0.000323, 0.000210, 0.000193
2269, 0.000323, 0.000187, 0.000171
2270, 0.000326, 0.000227, 0.000210
2271, 0.000326, 0.000192, 0.000176
2272, 0.000323, 0.000213, 0.000196
2273, 0.000323, 0.000199, 0.000182
2274, 0.000323, 0.000199, 0.000182
2275, 0.000322, 0.000203, 0.000185
2276, 0.000324, 0.000203, 0.000186
2277, 0.000323, 0.000208, 0.000191
2278, 0.000323, 0.000203, 0.000186
2279, 0.000324, 0.000201, 0.000184
2280, 0.000322, 0.000203, 0.000187
2281, 0.000323, 0.000209, 0.000193
2282, 0.000321, 0.000189, 0.000174
2283, 0.000323, 0.000233, 0.000216
2284, 0.000324, 0.000184, 0.000169
2285, 0.000325, 0.000233, 0.000215
2286, 0.000326, 0.000186, 0.000170
2287, 0.000325, 0.000217, 0.000200
2288, 0.000322, 0.000202, 0.000184
2289, 0.000323, 0.000206, 0.000188
2290, 0.000321, 0.000211, 0.000193
2291, 0.000321, 0.000197, 0.000180
2292, 0.000322, 0.000209, 0.000191
2293, 0.000321, 0.000193, 0.000177
2294, 0.000321, 0.000216, 0.000199
2295, 0.000321, 0.000202, 0.000186
2296, 0.000322, 0.000200, 0.000184
2297, 0.000319, 0.000216, 0.000199
2298, 0.000324, 0.000191, 0.000175
2299, 0.000323, 0.000221, 0.000204
2300, 0.000320, 0.000190, 0.000174
2301, 0.000320, 0.000210, 0.000193
2302, 0.000320, 0.000208, 0.000190
2303, 0.000319, 0.000203, 0.000185
2304, 0.000320, 0.000201, 0.000184
2305, 0.000319, 0.000210, 0.000192
2306, 0.000320, 0.000216, 0.000198
2307, 0.000321, 0.000183, 0.000168
2308, 0.000323, 0.000267, 0.000248
2309, 0.000330, 0.000168, 0.000153
2310, 0.000333, 0.000283, 0.000264
2311, 0.000337, 0.000166, 0.000150
2312, 0.000335, 0.000267, 0.000248
2313, 0.000333, 0.000175, 0.000160
2314, 0.000325, 0.000223, 0.000205
2315, 0.000320, 0.000208, 0.000191
2316, 0.000319, 0.000181, 0.000166
2317, 0.000322, 0.000251, 0.000233
2318, 0.000327, 0.000168, 0.000153
2319, 0.000333, 0.000282, 0.000264
2320, 0.000337, 0.000169, 0.000154
2321, 0.000332, 0.000239, 0.000220
2322, 0.000322, 0.000192, 0.000176
2323, 0.000317, 0.000189, 0.000172
2324, 0.000319, 0.000229, 0.000209
2325, 0.000319, 0.000180, 0.000164
2326, 0.000320, 0.000223, 0.000203
2327, 0.000318, 0.000183, 0.000166
2328, 0.000318, 0.000215, 0.000197
2329, 0.000316, 0.000188, 0.000172
2330, 0.000316, 0.000200, 0.000183
2331, 0.000315, 0.000203, 0.000186
2332, 0.000317, 0.000183, 0.000167
2333, 0.000316, 0.000224, 0.000206
2334, 0.000319, 0.000182, 0.000165
2335, 0.000316, 0.000223, 0.000204
2336, 0.000318, 0.000185, 0.000168
2337, 0.000318, 0.000210, 0.000192
2338, 0.000317, 0.000195, 0.000178
2339, 0.000312, 0.000195, 0.000178
2340, 0.000313, 0.000209, 0.000192
2341, 0.000311, 0.000186, 0.000169
2342, 0.000316, 0.000226, 0.000208
2343, 0.000317, 0.000176, 0.000160
2344, 0.000318, 0.000238, 0.000219
2345, 0.000320, 0.000176, 0.000159
2346, 0.000316, 0.000213, 0.000194
2347, 0.000313, 0.000205, 0.000186
2348, 0.000313, 0.000182, 0.000165
2349, 0.000313, 0.000228, 0.000209
2350, 0.000316, 0.000176, 0.000159
2351, 0.000317, 0.000232, 0.000213
2352, 0.000318, 0.000173, 0.000158
2353, 0.000320, 0.000234, 0.000215
2354, 0.000317, 0.000175, 0.000159
2355, 0.000315, 0.000232, 0.000214
2356, 0.000317, 0.000179, 0.000162
2357, 0.000313, 0.000205, 0.000186
2358, 0.000310, 0.000201, 0.000184
2359, 0.000310, 0.000196, 0.000178
2360, 0.000312, 0.000199, 0.000181
2361, 0.000310, 0.000214, 0.000196
2362, 0.000311, 0.000177, 0.000161
2363, 0.000314, 0.000236, 0.000217
2364, 0.000315, 0.000176, 0.000159
2365, 0.000313, 0.000217, 0.000199
2366, 0.000312, 0.000188, 0.000170
2367, 0.000310, 0.000199, 0.000181
2368, 0.000309, 0.000202, 0.000184
2369, 0.000308, 0.000193, 0.000175
2370, 0.000311, 0.000204, 0.000186
2371, 0.000309, 0.000190, 0.000172
2372, 0.000310, 0.000206, 0.000188
2373, 0.000309, 0.000188, 0.000171
2374, 0.000309, 0.000214, 0.000196
2375, 0.000310, 0.000195, 0.000178
2376, 0.000309, 0.000195, 0.000177
2377, 0.000307, 0.000220, 0.000201
2378, 0.000309, 0.000180, 0.000164
2379, 0.000310, 0.000220, 0.000201
2380, 0.000310, 0.000184, 0.000166
2381, 0.000311, 0.000222, 0.000204
2382, 0.000306, 0.000191, 0.000173
2383, 0.000307, 0.000198, 0.000180
2384, 0.000308, 0.000215, 0.000196
2385, 0.000308, 0.000185, 0.000167
2386, 0.000308, 0.000226, 0.000207
2387, 0.000310, 0.000173, 0.000157
2388, 0.000314, 0.000230, 0.000211
2389, 0.000309, 0.000187, 0.000170
2390, 0.000309, 0.000203, 0.000186
2391, 0.000307, 0.000214, 0.000196
2392, 0.000307, 0.000181, 0.000165
2393, 0.000308, 0.000241, 0.000222
2394, 0.000314, 0.000177, 0.000160
2395, 0.000311, 0.000239, 0.000220
2396, 0.000311, 0.000176, 0.000159
2397, 0.000310, 0.000237, 0.000217
2398, 0.000311, 0.000175, 0.000159
2399, 0.000312, 0.000215, 0.000197
2400, 0.000306, 0.000207, 0.000190
2401, 0.000303, 0.000178, 0.000162
2402, 0.000307, 0.000228, 0.000209
2403, 0.000307, 0.000183, 0.000166
2404, 0.000310, 0.000216, 0.000199
2405, 0.000306, 0.000188, 0.000172
2406, 0.000303, 0.000215, 0.000197
2407, 0.000305, 0.000187, 0.000171
2408, 0.000304, 0.000213, 0.000196
2409, 0.000304, 0.000187, 0.000171
2410, 0.000302, 0.000204, 0.000187
2411, 0.000304, 0.000204, 0.000187
2412, 0.000304, 0.000184, 0.000167
2413, 0.000304, 0.000220, 0.000202
2414, 0.000307, 0.000187, 0.000171
2415, 0.000304, 0.000200, 0.000184
2416, 0.000303, 0.000210, 0.000193
2417, 0.000302, 0.000185, 0.000169
2418, 0.000304, 0.000225, 0.000208
2419, 0.000303, 0.000178, 0.000162
2420, 0.000302, 0.000215, 0.000197
2421, 0.000301, 0.000199, 0.000181
2422, 0.000301, 0.000183, 0.000166
2423, 0.000305, 0.000236, 0.000216
2424, 0.000307, 0.000175, 0.000159
2425, 0.000304, 0.000232, 0.000213
2426, 0.000305, 0.000174, 0.000158
2427, 0.000306, 0.000238, 0.000220
2428, 0.000307, 0.000176, 0.000160
2429, 0.000304, 0.000218, 0.000200
2430, 0.000299, 0.000198, 0.000182
2431, 0.000299, 0.000189, 0.000173
2432, 0.000300, 0.000226, 0.000208
2433, 0.000301, 0.000177, 0.000161
2434, 0.000304, 0.000224, 0.000206
2435, 0.000302, 0.000198, 0.000180
2436, 0.000299, 0.000191, 0.000174
2437, 0.000298, 0.000214, 0.000196
2438, 0.000300, 0.000186, 0.000169
2439, 0.000300, 0.000219, 0.000201
2440, 0.000301, 0.000175, 0.000159
2441, 0.000303, 0.000234, 0.000216
2442, 0.000303, 0.000180, 0.000163
2443, 0.000302, 0.000214, 0.000196
2444, 0.000300, 0.000194, 0.000176
2445, 0.000299, 0.000200, 0.000181
2446, 0.000297, 0.000207, 0.000189
2447, 0.000300, 0.000184, 0.000167
2448, 0.000297, 0.000223, 0.000204
2449, 0.000302, 0.000178, 0.000161
2450, 0.000300, 0.000232, 0.000213
2451, 0.000300, 0.000182, 0.000165
2452, 0.000302, 0.000217, 0.000199
2453, 0.000299, 0.000190, 0.000174
2454, 0.000297, 0.000197, 0.000179
2455, 0.000297, 0.000218, 0.000200
2456, 0.000298, 0.000172, 0.000156
2457, 0.000300, 0.000267, 0.000247
2458, 0.000308, 0.000157, 0.000141
2459, 0.000316, 0.000293, 0.000272
2460, 0.000318, 0.000156, 0.000140
2461, 0.000317, 0.000274, 0.000252
2462, 0.000309, 0.000170, 0.000154
2463, 0.000299, 0.000192, 0.000174
2464, 0.000296, 0.000242, 0.000221
2465, 0.000302, 0.000158, 0.000142
2466, 0.000313, 0.000307, 0.000285
2467, 0.000323, 0.000155, 0.000140
2468, 0.000325, 0.000282, 0.000262
2469, 0.000316, 0.000165, 0.000148
2470, 0.000302, 0.000203, 0.000185
2471, 0.000295, 0.000228, 0.000210
2472, 0.000299, 0.000156, 0.000141
2473, 0.000309, 0.000274, 0.000255
2474, 0.000313, 0.000162, 0.000146
2475, 0.000302, 0.000210, 0.000193
2476, 0.000296, 0.000209, 0.000191
2477, 0.000297, 0.000161, 0.000144
2478, 0.000301, 0.000246, 0.000226
2479, 0.000303, 0.000167, 0.000150
2480, 0.000299, 0.000203, 0.000184
2481, 0.000294, 0.000204, 0.000185
2482, 0.000295, 0.000166, 0.000150
2483, 0.000299, 0.000237, 0.000217
2484, 0.000299, 0.000168, 0.000152
2485, 0.000298, 0.000194, 0.000177
2486, 0.000292, 0.000212, 0.000194
2487, 0.000292, 0.000167, 0.000150
2488, 0.000295, 0.000218, 0.000200
2489, 0.000295, 0.000180, 0.000163
2490, 0.000291, 0.000176, 0.000160
2491, 0.000293, 0.000230, 0.000212
2492, 0.000296, 0.000165, 0.000149
2493, 0.000298, 0.000221, 0.000203
2494, 0.000293, 0.000182, 0.000165
2495, 0.000289, 0.000180, 0.000163
2496, 0.000293, 0.000206, 0.000187
2497, 0.000291, 0.000178, 0.000161
2498, 0.000289, 0.000190, 0.000173
2499, 0.000291, 0.000199, 0.000180
2500, 0.000289, 0.000177, 0.000160
2501, 0.000292, 0.000204, 0.000187
2502, 0.000291, 0.000179, 0.000162
2503, 0.000290, 0.000203, 0.000186
2504, 0.000291, 0.000185, 0.000169
2505, 0.000291, 0.000194, 0.000177
2506, 0.000289, 0.000185, 0.000168
2507, 0.000289, 0.000193, 0.000176
2508, 0.000288, 0.000183, 0.000165
2509, 0.000290, 0.000199, 0.000182
2510, 0.000288, 0.000183, 0.000166
2511, 0.000289, 0.000201, 0.000183
2512, 0.000286, 0.000181, 0.000164
2513, 0.000289, 0.000196, 0.000178
2514, 0.000290, 0.000193, 0.000175
2515, 0.000287, 0.000193, 0.000175
2516, 0.000287, 0.000190, 0.000173
2517, 0.000287, 0.000193, 0.000176
2518, 0.000286, 0.000187, 0.000170
2519, 0.000287, 0.000195, 0.000179
2520, 0.000285, 0.000182, 0.000165
2521, 0.000287, 0.000215, 0.000197
2522, 0.000288, 0.000179, 0.000162
2523, 0.000287, 0.000199, 0.000181
2524, 0.000287, 0.000213, 0.000194
2525, 0.000286, 0.000163, 0.000146
2526, 0.000291, 0.000240, 0.000221
2527, 0.000293, 0.000168, 0.000151
2528, 0.000288, 0.000202, 0.000184
2529, 0.000285, 0.000198, 0.000181
2530, 0.000285, 0.000176, 0.000160
2531, 0.000287, 0.000217, 0.000198
2532, 0.000286, 0.000176, 0.000159
2533, 0.000286, 0.000210, 0.000191
2534, 0.000285, 0.000178, 0.000161
2535, 0.000286, 0.000213, 0.000194
2536, 0.000286, 0.000173, 0.000156
2537, 0.000287, 0.000222, 0.000203
2538, 0.000284, 0.000176, 0.000159
2539, 0.000284, 0.000201, 0.000183
2540, 0.000285, 0.000198, 0.000180
2541, 0.000284, 0.000181, 0.000164
2542, 0.000283, 0.000227, 0.000208
2543, 0.000285, 0.000166, 0.000150
2544, 0.000287, 0.000223, 0.000204
2545, 0.000285, 0.000177, 0.000160
2546, 0.000281, 0.000186, 0.000169
2547, 0.000282, 0.000206, 0.000188
2548, 0.000281, 0.000178, 0.000161
2549, 0.000281, 0.000192, 0.000175
2550, 0.000282, 0.000212, 0.000194
2551, 0.000281, 0.000166, 0.000150
2552, 0.000287, 0.000255, 0.000236
2553, 0.000292, 0.000153, 0.000137
2554, 0.000296, 0.000265, 0.000245
2555, 0.000294, 0.000159, 0.000143
2556, 0.000288, 0.000212, 0.000194
2557, 0.000282, 0.000197, 0.000179
2558, 0.000279, 0.000167, 0.000150
2559, 0.000283, 0.000238, 0.000219
2560, 0.000286, 0.000161, 0.000145
2561, 0.000283, 0.000212, 0.000194
2562, 0.000280, 0.000191, 0.000173
2563, 0.000277, 0.000172, 0.000155
2564, 0.000281, 0.000238, 0.000219
2565, 0.000283, 0.000160, 0.000144
2566, 0.000284, 0.000231, 0.000213
2567, 0.000284, 0.000174, 0.000158
2568, 0.000279, 0.000185, 0.000169
2569, 0.000278, 0.000214, 0.000196
2570, 0.000281, 0.000160, 0.000143
2571, 0.000285, 0.000239, 0.000218
2572, 0.000283, 0.000170, 0.000153
2573, 0.000279, 0.000195, 0.000176
2574, 0.000276, 0.000215, 0.000196
2575, 0.000278, 0.000158, 0.000142
2576, 0.000283, 0.000247, 0.000228
2577, 0.000286, 0.000156, 0.000141
2578, 0.000284, 0.000225, 0.000207
2579, 0.000281, 0.000181, 0.000164
2580, 0.000275, 0.000182, 0.000165
2581, 0.000275, 0.000206, 0.000187
2582, 0.000276, 0.000170, 0.000153
2583, 0.000275, 0.000205, 0.000187
2584, 0.000275, 0.000180, 0.000162
2585, 0.000274, 0.000189, 0.000171
2586, 0.000272, 0.000185, 0.000169
2587, 0.000275, 0.000197, 0.000180
2588, 0.000276, 0.000178, 0.000162
2589, 0.000275, 0.000212, 0.000194
2590, 0.000278, 0.000164, 0.000148
2591, 0.000275, 0.000226, 0.000207
2592, 0.000279, 0.000169, 0.000152
2593, 0.000276, 0.000203, 0.000185
2594, 0.000274, 0.000193, 0.000174
2595, 0.000275, 0.000176, 0.000159
2596, 0.000275, 0.000216, 0.000198
2597, 0.000276, 0.000168, 0.000152
2598, 0.000274, 0.000201, 0.000184
2599, 0.000275, 0.000190, 0.000173
2600, 0.000271, 0.000183, 0.000166
2601, 0.000274, 0.000202, 0.000184
2602, 0.000271, 0.000179, 0.000161
2603, 0.000271, 0.000193, 0.000175
2604, 0.000271, 0.000189, 0.000171
2605, 0.000274, 0.000196, 0.000178
2606, 0.000269, 0.000189, 0.000173
2607, 0.000270, 0.000176, 0.000159
2608, 0.000270, 0.000208, 0.000190
2609, 0.000269, 0.000167, 0.000151
2610, 0.000273, 0.000210, 0.000192
2611, 0.000271, 0.000178, 0.000162
2612, 0.000271, 0.000182, 0.000166
2613, 0.000270, 0.000207, 0.000189
2614, 0.000270, 0.000172, 0.000156
2615, 0.000271, 0.000207, 0.000189
2616, 0.000270, 0.000183, 0.000166
2617, 0.000269, 0.000191, 0.000173
2618, 0.000269, 0.000189, 0.000171
2619, 0.000268, 0.000182, 0.000164
2620, 0.000268, 0.000196, 0.000177
2621, 0.000267, 0.000176, 0.000158
2622, 0.000268, 0.000210, 0.000190
2623, 0.000269, 0.000167, 0.000151
2624, 0.000269, 0.000219, 0.000202
2625, 0.000272, 0.000166, 0.000151
2626, 0.000271, 0.000214, 0.000198
2627, 0.000270, 0.000171, 0.000156
2628, 0.000270, 0.000214, 0.000197
2629, 0.000269, 0.000176, 0.000161
2630, 0.000266, 0.000184, 0.000168
2631, 0.000267, 0.000195, 0.000178
2632, 0.000267, 0.000174, 0.000158
2633, 0.000266, 0.000203, 0.000187
2634, 0.000268, 0.000179, 0.000162
2635, 0.000265, 0.000191, 0.000174
2636, 0.000265, 0.000196, 0.000179
2637, 0.000265, 0.000182, 0.000165
2638, 0.000266, 0.000198, 0.000181
2639, 0.000265, 0.000182, 0.000166
2640, 0.000265, 0.000203, 0.000186
2641, 0.000263, 0.000175, 0.000159
2642, 0.000262, 0.000196, 0.000180
2643, 0.000264, 0.000188, 0.000172
2644, 0.000262, 0.000179, 0.000164
2645, 0.000265, 0.000207, 0.000191
2646, 0.000266, 0.000165, 0.000150
2647, 0.000265, 0.000230, 0.000212
2648, 0.000266, 0.000164, 0.000148
2649, 0.000267, 0.000210, 0.000192
2650, 0.000264, 0.000197, 0.000179
2651, 0.000263, 0.000158, 0.000142
2652, 0.000268, 0.000283, 0.000262
2653, 0.000280, 0.000137, 0.000122
2654, 0.000295, 0.000349, 0.000325
2655, 0.000306, 0.000136, 0.000122
2656, 0.000305, 0.000307, 0.000285
2657, 0.000293, 0.000142, 0.000128
2658, 0.000275, 0.000212, 0.000194
2659, 0.000263, 0.000208, 0.000190
2660, 0.000262, 0.000144, 0.000129
2661, 0.000272, 0.000277, 0.000258
2662, 0.000280, 0.000142, 0.000129
2663, 0.000275, 0.000217, 0.000200
2664, 0.000265, 0.000189, 0.000174
2665, 0.000260, 0.000148, 0.000134
2666, 0.000267, 0.000250, 0.000231
2667, 0.000270, 0.000147, 0.000133
2668, 0.000269, 0.000215, 0.000197
2669, 0.000263, 0.000170, 0.000154
2670, 0.000257, 0.000164, 0.000148
2671, 0.000259, 0.000214, 0.000196
2672, 0.000262, 0.000150, 0.000135
2673, 0.000262, 0.000208, 0.000191
2674, 0.000263, 0.000172, 0.000156
2675, 0.000259, 0.000173, 0.000158
2676, 0.000258, 0.000208, 0.000191
2677, 0.000260, 0.000147, 0.000133
2678, 0.000265, 0.000219, 0.000202
2679, 0.000261, 0.000167, 0.000151
2680, 0.000257, 0.000161, 0.000144
2681, 0.000256, 0.000216, 0.000197
2682, 0.000262, 0.000149, 0.000134
2683, 0.000263, 0.000201, 0.000183
2684, 0.000258, 0.000180, 0.000163
2685, 0.000254, 0.000164, 0.000149
2686, 0.000256, 0.000203, 0.000187
2687, 0.000259, 0.000156, 0.000141
2688, 0.000260, 0.000198, 0.000182
2689, 0.000254, 0.000176, 0.000161
2690, 0.000255, 0.000160, 0.000145
2691, 0.000256, 0.000222, 0.000204
2692, 0.000259, 0.000149, 0.000134
2693, 0.000261, 0.000193, 0.000175
2694, 0.000256, 0.000183, 0.000166
2695, 0.000253, 0.000158, 0.000143
2696, 0.000254, 0.000219, 0.000201
2697, 0.000257, 0.000150, 0.000135
2698, 0.000259, 0.000220, 0.000202
2699, 0.000256, 0.000159, 0.000144
2700, 0.000255, 0.000175, 0.000159
2701, 0.000251, 0.000194, 0.000177
2702, 0.000251, 0.000159, 0.000144
2703, 0.000253, 0.000196, 0.000179
2704, 0.000252, 0.000172, 0.000156
2705, 0.000250, 0.000166, 0.000151
2706, 0.000251, 0.000199, 0.000183
2707, 0.000253, 0.000159, 0.000144
2708, 0.000252, 0.000186, 0.000169
2709, 0.000251, 0.000183, 0.000167
2710, 0.000253, 0.000157, 0.000141
2711, 0.000254, 0.000214, 0.000196
2712, 0.000255, 0.000148, 0.000134
2713, 0.000257, 0.000216, 0.000199
2714, 0.000254, 0.000156, 0.000142
2715, 0.000250, 0.000185, 0.000170
2716, 0.000247, 0.000196, 0.000181
2717, 0.000248, 0.000151, 0.000137
2718, 0.000253, 0.000218, 0.000202
2719, 0.000256, 0.000141, 0.000128
2720, 0.000256, 0.000228, 0.000211
2721, 0.000256, 0.000153, 0.000138
2722, 0.000250, 0.000190, 0.000173
2723, 0.000248, 0.000194, 0.000177
2724, 0.000248, 0.000149, 0.000134
2725, 0.000253, 0.000237, 0.000219
2726, 0.000257, 0.000142, 0.000128
2727, 0.000258, 0.000221, 0.000204
2728, 0.000255, 0.000156, 0.000141
2729, 0.000250, 0.000180, 0.000164
2730, 0.000247, 0.000198, 0.000182
2731, 0.000247, 0.000142, 0.000128
2732, 0.000252, 0.000239, 0.000222
2733, 0.000257, 0.000146, 0.000132
2734, 0.000250, 0.000189, 0.000174
2735, 0.000245, 0.000196, 0.000181
2736, 0.000246, 0.000141, 0.000128
2737, 0.000251, 0.000220, 0.000203
2738, 0.000249, 0.000150, 0.000135
2739, 0.000247, 0.000181, 0.000165
2740, 0.000244, 0.000190, 0.000172
2741, 0.000246, 0.000148, 0.000133
2742, 0.000248, 0.000220, 0.000202
2743, 0.000248, 0.000154, 0.000139
2744, 0.000246, 0.000185, 0.000168
2745, 0.000244, 0.000187, 0.000171
2746, 0.000242, 0.000148, 0.000134
2747, 0.000247, 0.000230, 0.000212
2748, 0.000251, 0.000137, 0.000123
2749, 0.000252, 0.000220, 0.000203
2750, 0.000248, 0.000156, 0.000141
2751, 0.000243, 0.000161, 0.000146
2752, 0.000243, 0.000228, 0.000211
2753, 0.000250, 0.000129, 0.000115
2754, 0.000255, 0.000250, 0.000231
2755, 0.000255, 0.000142, 0.000127
2756, 0.000244, 0.000175, 0.000158
2757, 0.000241, 0.000207, 0.000189
2758, 0.000244, 0.000131, 0.000117
2759, 0.000253, 0.000260, 0.000240
2760, 0.000256, 0.000137, 0.000123
2761, 0.000250, 0.000196, 0.000180
2762, 0.000241, 0.000176, 0.000161
2763, 0.000237, 0.000146, 0.000132
2764, 0.000241, 0.000206, 0.000190
2765, 0.000243, 0.000153, 0.000140
2766, 0.000240, 0.000165, 0.000150
2767, 0.000239, 0.000200, 0.000185
2768, 0.000241, 0.000136, 0.000123
2769, 0.000244, 0.000206, 0.000191
2770, 0.000241, 0.000154, 0.000140
2771, 0.000237, 0.000159, 0.000145
2772, 0.000237, 0.000199, 0.000182
2773, 0.000239, 0.000137, 0.000123
2774, 0.000242, 0.000218, 0.000200
2775, 0.000242, 0.000153, 0.000138
2776, 0.000235, 0.000150, 0.000136
2777, 0.000236, 0.000217, 0.000200
2778, 0.000241, 0.000134, 0.000122
2779, 0.000243, 0.000200, 0.000185
2780, 0.000238, 0.000167, 0.000153
2781, 0.000236, 0.000143, 0.000130
2782, 0.000237, 0.000231, 0.000214
2783, 0.000247, 0.000124, 0.000111
2784, 0.000252, 0.000231, 0.000214
2785, 0.000246, 0.000154, 0.000140
2786, 0.000234, 0.000145, 0.000131
2787, 0.000237, 0.000229, 0.000212
2788, 0.000244, 0.000127, 0.000114
2789, 0.000248, 0.000224, 0.000206
2790, 0.000242, 0.000144, 0.000130
2791, 0.000236, 0.000167, 0.000152
2792, 0.000233, 0.000194, 0.000179
2793, 0.000236, 0.000137, 0.000124
2794, 0.000237, 0.000201, 0.000187
2795, 0.000236, 0.000136, 0.000124
2796, 0.000235, 0.000188, 0.000174
2797, 0.000234, 0.000154, 0.000141
2798, 0.000231, 0.000159, 0.000146
2799, 0.000230, 0.000179, 0.000164
2800, 0.000231, 0.000143, 0.000130
2801, 0.000232, 0.000191, 0.000175
2802, 0.000232, 0.000149, 0.000136
2803, 0.000230, 0.000169, 0.000155
2804, 0.000229, 0.000164, 0.000150
2805, 0.000229, 0.000162, 0.000148
2806, 0.000229, 0.000169, 0.000155
2807, 0.000228, 0.000153, 0.000141
2808, 0.000228, 0.000188, 0.000174
2809, 0.000230, 0.000149, 0.000137
2810, 0.000227, 0.000163, 0.000150
2811, 0.000229, 0.000184, 0.000169
2812, 0.000228, 0.000131, 0.000118
2813, 0.000235, 0.000219, 0.000203
2814, 0.000235, 0.000139, 0.000126
2815, 0.000231, 0.000166, 0.000151
2816, 0.000228, 0.000190, 0.000176
2817, 0.000231, 0.000130, 0.000118
2818, 0.000233, 0.000218, 0.000203
2819, 0.000235, 0.000138, 0.000126
2820, 0.000230, 0.000163, 0.000150
2821, 0.000224, 0.000197, 0.000183
2822, 0.000229, 0.000130, 0.000118
2823, 0.000233, 0.000217, 0.000204
2824, 0.000233, 0.000140, 0.000128
2825, 0.000227, 0.000168, 0.000155
2826, 0.000223, 0.000199, 0.000185
2827, 0.000229, 0.000124, 0.000112
2828, 0.000233, 0.000222, 0.000207
2829, 0.000233, 0.000137, 0.000124
2830, 0.000229, 0.000166, 0.000152
2831, 0.000223, 0.000180, 0.000164
2832, 0.000225, 0.000136, 0.000123
2833, 0.000230, 0.000219, 0.000202
2834, 0.000232, 0.000132, 0.000119
2835, 0.000229, 0.000186, 0.000172
2836, 0.000225, 0.000164, 0.000151
2837, 0.000222, 0.000136, 0.000124
2838, 0.000225, 0.000207, 0.000194
2839, 0.000229, 0.000135, 0.000123
2840, 0.000224, 0.000165, 0.000152
2841, 0.000221, 0.000173, 0.000160
2842, 0.000223, 0.000138, 0.000126
2843, 0.000222, 0.000191, 0.000177
2844, 0.000225, 0.000149, 0.000136
2845, 0.000223, 0.000163, 0.000150
2846, 0.000220, 0.000164, 0.000150
2847, 0.000221, 0.000152, 0.000139
2848, 0.000219, 0.000179, 0.000164
2849, 0.000221, 0.000147, 0.000133
2850, 0.000222, 0.000171, 0.000157
2851, 0.000220, 0.000150, 0.000137
2852, 0.000218, 0.000163, 0.000149
2853, 0.000220, 0.000176, 0.000163
2854, 0.000220, 0.000130, 0.000118
2855, 0.000221, 0.000209, 0.000194
2856, 0.000226, 0.000132, 0.000121
2857, 0.000222, 0.000171, 0.000158
2858, 0.000218, 0.000173, 0.000160
2859, 0.000217, 0.000127, 0.000115
2860, 0.000223, 0.000218, 0.000203
2861, 0.000225, 0.000133, 0.000120
2862, 0.000223, 0.000169, 0.000156
2863, 0.000217, 0.000178, 0.000165
2864, 0.000217, 0.000130, 0.000118
2865, 0.000222, 0.000203, 0.000190
2866, 0.000222, 0.000127, 0.000116
2867, 0.000219, 0.000180, 0.000166
2868, 0.000218, 0.000151, 0.000138
2869, 0.000216, 0.000145, 0.000133
2870, 0.000215, 0.000177, 0.000162
2871, 0.000214, 0.000146, 0.000133
2872, 0.000214, 0.000152, 0.000140
2873, 0.000213, 0.000183, 0.000170
2874, 0.000216, 0.000128, 0.000117
2875, 0.000219, 0.000211, 0.000198
2876, 0.000220, 0.000125, 0.000114
2877, 0.000220, 0.000193, 0.000180
2878, 0.000215, 0.000146, 0.000134
2879, 0.000212, 0.000144, 0.000131
2880, 0.000213, 0.000176, 0.000163
2881, 0.000214, 0.000141, 0.000129
2882, 0.000212, 0.000161, 0.000148
2883, 0.000213, 0.000159, 0.000147
2884, 0.000211, 0.000151, 0.000139
2885, 0.000211, 0.000156, 0.000142
2886, 0.000211, 0.000166, 0.000154
2887, 0.000212, 0.000148, 0.000136
2888, 0.000209, 0.000163, 0.000150
2889, 0.000210, 0.000146, 0.000135
2890, 0.000210, 0.000167, 0.000154
2891, 0.000211, 0.000136, 0.000124
2892, 0.000211, 0.000178, 0.000164
2893, 0.000210, 0.000141, 0.000128
2894, 0.000209, 0.000158, 0.000145
2895, 0.000207, 0.000152, 0.000139
2896, 0.000205, 0.000159, 0.000147
2897, 0.000208, 0.000139, 0.000127
2898, 0.000210, 0.000181, 0.000168
2899, 0.000208, 0.000134, 0.000123
2900, 0.000208, 0.000174, 0.000161
2901, 0.000208, 0.000151, 0.000139
2902, 0.000207, 0.000148, 0.000137
2903, 0.000209, 0.000171, 0.000158
2904, 0.000209, 0.000140, 0.000128
2905, 0.000206, 0.000163, 0.000151
2906, 0.000207, 0.000146, 0.000134
2907, 0.000204, 0.000149, 0.000138
2908, 0.000204, 0.000160, 0.000149
2909, 0.000204, 0.000157, 0.000146
2910, 0.000205, 0.000149, 0.000138
2911, 0.000202, 0.000157, 0.000146
2912, 0.000202, 0.000154, 0.000143
2913, 0.000204, 0.000145, 0.000134
2914, 0.000206, 0.000173, 0.000161
2915, 0.000205, 0.000129, 0.000118
2916, 0.000205, 0.000182, 0.000170
2917, 0.000205, 0.000129, 0.000119
2918, 0.000206, 0.000178, 0.000166
2919, 0.000204, 0.000133, 0.000122
2920, 0.000204, 0.000164, 0.000151
2921, 0.000202, 0.000162, 0.000149
2922, 0.000200, 0.000134, 0.000122
2923, 0.000205, 0.000189, 0.000175
2924, 0.000204, 0.000129, 0.000118
2925, 0.000205, 0.000178, 0.000166
2926, 0.000202, 0.000144, 0.000133
2927, 0.000200, 0.000142, 0.000131
2928, 0.000200, 0.000192, 0.000180
2929, 0.000206, 0.000110, 0.000100
2930, 0.000214, 0.000263, 0.000248
2931, 0.000226, 0.000097, 0.000088
2932, 0.000238, 0.000304, 0.000287
2933, 0.000243, 0.000098, 0.000089
2934, 0.000237, 0.000255, 0.000240
2935, 0.000222, 0.000114, 0.000104
2936, 0.000208, 0.000151, 0.000140
2937, 0.000199, 0.000186, 0.000174
2938, 0.000203, 0.000105, 0.000096
2939, 0.000212, 0.000220, 0.000206
2940, 0.000212, 0.000117, 0.000107
2941, 0.000201, 0.000148, 0.000137
2942, 0.000198, 0.000181, 0.000168
2943, 0.000201, 0.000111, 0.000102
2944, 0.000204, 0.000184, 0.000173
2945, 0.000201, 0.000134, 0.000123
2946, 0.000199, 0.000130, 0.000120
2947, 0.000199, 0.000189, 0.000177
2948, 0.000205, 0.000104, 0.000093
2949, 0.000213, 0.000230, 0.000216
2950, 0.000217, 0.000103, 0.000093
2951, 0.000209, 0.000181, 0.000168
2952, 0.000201, 0.000138, 0.000128
2953, 0.000194, 0.000127, 0.000117
2954, 0.000197, 0.000186, 0.000172
2955, 0.000200, 0.000115, 0.000105
2956, 0.000199, 0.000151, 0.000140
2957, 0.000195, 0.000154, 0.000142
2958, 0.000195, 0.000118, 0.000107
2959, 0.000197, 0.000174, 0.000162
2960, 0.000197, 0.000131, 0.000120
2961, 0.000195, 0.000126, 0.000116
2962, 0.000194, 0.000192, 0.000180
2963, 0.000201, 0.000105, 0.000095
2964, 0.000206, 0.000196, 0.000184
2965, 0.000200, 0.000130, 0.000121
2966, 0.000193, 0.000116, 0.000106
2967, 0.000199, 0.000224, 0.000211
2968, 0.000210, 0.000094, 0.000085
2969, 0.000216, 0.000216, 0.000201
2970, 0.000208, 0.000123, 0.000112
2971, 0.000194, 0.000125, 0.000114
2972, 0.000192, 0.000190, 0.000177
2973, 0.000200, 0.000104, 0.000095
2974, 0.000202, 0.000178, 0.000167
2975, 0.000196, 0.000121, 0.000112
2976, 0.000191, 0.000131, 0.000122
2977, 0.000189, 0.000178, 0.000167
2978, 0.000194, 0.000101, 0.000092
2979, 0.000202, 0.000205, 0.000192
2980, 0.000201, 0.000114, 0.000104
2981, 0.000193, 0.000125, 0.000115
2982, 0.000189, 0.000205, 0.000191
2983, 0.000201, 0.000093, 0.000084
2984, 0.000207, 0.000194, 0.000181
2985, 0.000197, 0.000126, 0.000116
2986, 0.000188, 0.000108, 0.000099
2987, 0.000192, 0.000204, 0.000190
2988, 0.000200, 0.000104, 0.000094
2989, 0.000193, 0.000150, 0.000138
2990, 0.000189, 0.000145, 0.000134
2991, 0.000186, 0.000117, 0.000107
2992, 0.000188, 0.000152, 0.000141
2993, 0.000188, 0.000131, 0.000121
2994, 0.000186, 0.000129, 0.000119
2995, 0.000188, 0.000151, 0.000140
2996, 0.000187, 0.000118, 0.000109
2997, 0.000187, 0.000145, 0.000135
2998, 0.000186, 0.000139, 0.000129
2999, 0.000183, 0.000118, 0.000108
3000, 0.000186, 0.000162, 0.000151
3001, 0.000189, 0.000114, 0.000104
3002, 0.000188, 0.000143, 0.000131
3003, 0.000184, 0.000155, 0.000144
3004, 0.000185, 0.000104, 0.000096
3005, 0.000190, 0.000192, 0.000180
3006, 0.000194, 0.000105, 0.000096
3007, 0.000191, 0.000144, 0.000133
3008, 0.000186, 0.000149, 0.000138
3009, 0.000185, 0.000112, 0.000102
3010, 0.000186, 0.000156, 0.000145
3011, 0.000185, 0.000127, 0.000117
3012, 0.000182, 0.000118, 0.000108
3013, 0.000184, 0.000165, 0.000154
3014, 0.000186, 0.000113, 0.000104
3015, 0.000184, 0.000140, 0.000129
3016, 0.000182, 0.000154, 0.000142
3017, 0.000183, 0.000115, 0.000105
3018, 0.000183, 0.000147, 0.000136
3019, 0.000181, 0.000127, 0.000117
3020, 0.000181, 0.000134, 0.000123
3021, 0.000181, 0.000134, 0.000124
3022, 0.000180, 0.000133, 0.000124
3023, 0.000180, 0.000126, 0.000117
3024, 0.000181, 0.000134, 0.000125
3025, 0.000180, 0.000123, 0.000114
3026, 0.000180, 0.000154, 0.000144
3027, 0.000182, 0.000108, 0.000100
3028, 0.000182, 0.000157, 0.000147
3029, 0.000181, 0.000128, 0.000118
3030, 0.000180, 0.000129, 0.000119
3031, 0.000180, 0.000147, 0.000137
3032, 0.000178, 0.000118, 0.000109
3033, 0.000180, 0.000150, 0.000140
3034, 0.000181, 0.000122, 0.000112
3035, 0.000179, 0.000146, 0.000136
3036, 0.000179, 0.000119, 0.000110
3037, 0.000181, 0.000137, 0.000127
3038, 0.000179, 0.000136, 0.000126
3039, 0.000177, 0.000119, 0.000111
3040, 0.000180, 0.000155, 0.000145
3041, 0.000179, 0.000107, 0.000099
3042, 0.000181, 0.000168, 0.000159
3043, 0.000181, 0.000111, 0.000104
3044, 0.000177, 0.000132, 0.000124
3045, 0.000177, 0.000154, 0.000145
3046, 0.000178, 0.000098, 0.000090
3047, 0.000184, 0.000190, 0.000178
3048, 0.000184, 0.000102, 0.000093
3049, 0.000180, 0.000154, 0.000144
3050, 0.000176, 0.000132, 0.000123
3051, 0.000176, 0.000116, 0.000108
3052, 0.000177, 0.000165, 0.000155
3053, 0.000180, 0.000095, 0.000087
3054, 0.000182, 0.000195, 0.000184
3055, 0.000185, 0.000096, 0.000088
3056, 0.000180, 0.000154, 0.000144
3057, 0.000176, 0.000141, 0.000132
3058, 0.000172, 0.000097, 0.000090
3059, 0.000182, 0.000206, 0.000195
3060, 0.000188, 0.000086, 0.000080
3061, 0.000186, 0.000180, 0.000170
3062, 0.000181, 0.000116, 0.000107
3063, 0.000174, 0.000119, 0.000110
3064, 0.000172, 0.000164, 0.000154
3065, 0.000179, 0.000091, 0.000083
3066, 0.000185, 0.000192, 0.000182
3067, 0.000183, 0.000100, 0.000092
3068, 0.000177, 0.000125, 0.000116
3069, 0.000171, 0.000173, 0.000162
3070, 0.000177, 0.000092, 0.000084
3071, 0.000179, 0.000184, 0.000172
3072, 0.000181, 0.000095, 0.000087
3073, 0.000180, 0.000157, 0.000147
3074, 0.000172, 0.000116, 0.000108
3075, 0.000172, 0.000125, 0.000116
3076, 0.000171, 0.000143, 0.000133
3077, 0.000171, 0.000103, 0.000094
3078, 0.000174, 0.000154, 0.000144
3079, 0.000175, 0.000103, 0.000095
3080, 0.000173, 0.000144, 0.000134
3081, 0.000171, 0.000119, 0.000111
3082, 0.000169, 0.000111, 0.000103
3083, 0.000168, 0.000154, 0.000144
3084, 0.000172, 0.000102, 0.000094
3085, 0.000171, 0.000148, 0.000138
3086, 0.000171, 0.000114, 0.000105
3087, 0.000168, 0.000117, 0.000109
3088, 0.000167, 0.000149, 0.000140
3089, 0.000170, 0.000104, 0.000096
3090, 0.000168, 0.000153, 0.000143
3091, 0.000173, 0.000097, 0.000090
3092, 0.000172, 0.000164, 0.000155
3093, 0.000171, 0.000100, 0.000094
3094, 0.000169, 0.000138, 0.000130
3095, 0.000169, 0.000131, 0.000123
3096, 0.000168, 0.000100, 0.000092
3097, 0.000168, 0.000167, 0.000156
3098, 0.000171, 0.000093, 0.000085
3099, 0.000171, 0.000151, 0.000141
3100, 0.000169, 0.000113, 0.000105
3101, 0.000165, 0.000122, 0.000113
3102, 0.000165, 0.000136, 0.000127
3103, 0.000165, 0.000110, 0.000103
3104, 0.000165, 0.000142, 0.000133
3105, 0.000166, 0.000108, 0.000101
3106, 0.000167, 0.000149, 0.000140
3107, 0.000165, 0.000104, 0.000096
3108, 0.000166, 0.000140, 0.000130
3109, 0.000165, 0.000120, 0.000111
3110, 0.000163, 0.000114, 0.000106
3111, 0.000162, 0.000135, 0.000126
3112, 0.000166, 0.000101, 0.000093
3113, 0.000166, 0.000153, 0.000143
3114, 0.000167, 0.000106, 0.000098
3115, 0.000167, 0.000140, 0.000131
3116, 0.000164, 0.000108, 0.000100
3117, 0.000163, 0.000143, 0.000134
3118, 0.000165, 0.000102, 0.000095
3119, 0.000164, 0.000137, 0.000128
3120, 0.000164, 0.000114, 0.000106
3121, 0.000163, 0.000116, 0.000107
3122, 0.000163, 0.000134, 0.000125
3123, 0.000164, 0.000104, 0.000096
3124, 0.000164, 0.000146, 0.000136
3125, 0.000164, 0.000099, 0.000091
3126, 0.000164, 0.000141, 0.000131
3127, 0.000162, 0.000125, 0.000117
3128, 0.000161, 0.000111, 0.000103
3129, 0.000163, 0.000164, 0.000154
3130, 0.000168, 0.000084, 0.000078
3131, 0.000170, 0.000189, 0.000178
3132, 0.000171, 0.000087, 0.000080
3133, 0.000167, 0.000152, 0.000142
3134, 0.000164, 0.000112, 0.000104
3135, 0.000159, 0.000099, 0.000092
3136, 0.000159, 0.000157, 0.000148
3137, 0.000166, 0.000085, 0.000079
3138, 0.000167, 0.000176, 0.000167
3139, 0.000168, 0.000091, 0.000084
3140, 0.000166, 0.000148, 0.000139
3141, 0.000161, 0.000105, 0.000098
3142, 0.000159, 0.000123, 0.000114
3143, 0.000160, 0.000136, 0.000128
3144, 0.000159, 0.000093, 0.000086
3145, 0.000163, 0.000170, 0.000160
3146, 0.000166, 0.000081, 0.000076
3147, 0.000167, 0.000168, 0.000159
3148, 0.000164, 0.000094, 0.000087
3149, 0.000161, 0.000120, 0.000112
3150, 0.000158, 0.000138, 0.000128
3151, 0.000159, 0.000096, 0.000088
3152, 0.000160, 0.000145, 0.000135
3153, 0.000159, 0.000106, 0.000098
3154, 0.000158, 0.000133, 0.000125
3155, 0.000157, 0.000106, 0.000099
3156, 0.000157, 0.000124, 0.000115
3157, 0.000156, 0.000125, 0.000117
3158, 0.000158, 0.000107, 0.000099
3159, 0.000156, 0.000122, 0.000114
3160, 0.000157, 0.000113, 0.000106
3161, 0.000156, 0.000114, 0.000107
3162, 0.000156, 0.000109, 0.000101
3163, 0.000157, 0.000154, 0.000146
3164, 0.000160, 0.000081, 0.000075
3165, 0.000168, 0.000215, 0.000205
3166, 0.000178, 0.000068, 0.000063
3167, 0.000186, 0.000238, 0.000226
3168, 0.000187, 0.000069, 0.000064
3169, 0.000176, 0.000169, 0.000158
3170, 0.000164, 0.000099, 0.000091
3171, 0.000155, 0.000094, 0.000086
3172, 0.000155, 0.000160, 0.000150
3173, 0.000161, 0.000082, 0.000076
3174, 0.000161, 0.000141, 0.000134
3175, 0.000156, 0.000117, 0.000111
3176, 0.000154, 0.000085, 0.000080
3177, 0.000159, 0.000165, 0.000156
3178, 0.000162, 0.000085, 0.000078
3179, 0.000162, 0.000137, 0.000129
3180, 0.000158, 0.000104, 0.000096
3181, 0.000155, 0.000107, 0.000100
3182, 0.000154, 0.000126, 0.000118
3183, 0.000153, 0.000097, 0.000090
3184, 0.000155, 0.000133, 0.000124
3185, 0.000155, 0.000101, 0.000094
3186, 0.000153, 0.000123, 0.000114
3187, 0.000152, 0.000125, 0.000117
3188, 0.000153, 0.000084, 0.000078
3189, 0.000157, 0.000174, 0.000163
3190, 0.000161, 0.000078, 0.000072
3191, 0.000159, 0.000133, 0.000125
3192, 0.000153, 0.000116, 0.000109
3193, 0.000151, 0.000087, 0.000081
3194, 0.000154, 0.000144, 0.000136
3195, 0.000155, 0.000091, 0.000085
3196, 0.000155, 0.000129, 0.000122
3197, 0.000154, 0.000104, 0.000098
3198, 0.000150, 0.000111, 0.000103
3199, 0.000150, 0.000117, 0.000110
3200, 0.000152, 0.000103, 0.000096
3201, 0.000150, 0.000124, 0.000115
3202, 0.000150, 0.000092, 0.000085
3203, 0.000152, 0.000139, 0.000130
3204, 0.000152, 0.000091, 0.000084
3205, 0.000152, 0.000133, 0.000125
3206, 0.000153, 0.000100, 0.000093
3207, 0.000150, 0.000109, 0.000102
3208, 0.000151, 0.000134, 0.000127
3209, 0.000151, 0.000082, 0.000077
3210, 0.000153, 0.000156, 0.000149
3211, 0.000156, 0.000084, 0.000079
3212, 0.000154, 0.000130, 0.000122
3213, 0.000149, 0.000107, 0.000100
3214, 0.000149, 0.000094, 0.000088
3215, 0.000149, 0.000140, 0.000132
3216, 0.000151, 0.000086, 0.000080
3217, 0.000150, 0.000135, 0.000128
3218, 0.000151, 0.000101, 0.000094
3219, 0.000147, 0.000107, 0.000101
3220, 0.000147, 0.000126, 0.000119
3221, 0.000146, 0.000090, 0.000084
3222, 0.000150, 0.000143, 0.000135
3223, 0.000150, 0.000091, 0.000086
3224, 0.000148, 0.000115, 0.000108
3225, 0.000147, 0.000125, 0.000118
3226, 0.000148, 0.000088, 0.000082
3227, 0.000146, 0.000133, 0.000125
3228, 0.000148, 0.000098, 0.000092
3229, 0.000148, 0.000113, 0.000105
3230, 0.000146, 0.000108, 0.000101
3231, 0.000145, 0.000115, 0.000108
3232, 0.000145, 0.000105, 0.000099
3233, 0.000143, 0.000108, 0.000102
3234, 0.000145, 0.000121, 0.000115
3235, 0.000146, 0.000090, 0.000084
3236, 0.000146, 0.000141, 0.000133
3237, 0.000149, 0.000079, 0.000074
3238, 0.000151, 0.000149, 0.000140
3239, 0.000148, 0.000090, 0.000084
3240, 0.000146, 0.000115, 0.000109
3241, 0.000145, 0.000112, 0.000105
3242, 0.000144, 0.000107, 0.000101
3243, 0.000143, 0.000110, 0.000103
3244, 0.000145, 0.000104, 0.000097
3245, 0.000145, 0.000125, 0.000118
3246, 0.000145, 0.000085, 0.000079
3247, 0.000147, 0.000136, 0.000129
3248, 0.000147, 0.000087, 0.000081
3249, 0.000146, 0.000130, 0.000123
3250, 0.000145, 0.000105, 0.000099
3251, 0.000144, 0.000108, 0.000102
3252, 0.000142, 0.000113, 0.000105
3253, 0.000142, 0.000103, 0.000096
3254, 0.000143, 0.000107, 0.000099
3255, 0.000142, 0.000122, 0.000114
3256, 0.000143, 0.000088, 0.000082
3257, 0.000145, 0.000137, 0.000129
3258, 0.000145, 0.000084, 0.000078
3259, 0.000146, 0.000141, 0.000133
3260, 0.000145, 0.000083, 0.000077
3261, 0.000146, 0.000144, 0.000136
3262, 0.000146, 0.000081, 0.000075
3263, 0.000144, 0.000144, 0.000135
3264, 0.000146, 0.000086, 0.000079
3265, 0.000146, 0.000158, 0.000149
3266, 0.000150, 0.000074, 0.000068
3267, 0.000151, 0.000165, 0.000156
3268, 0.000151, 0.000071, 0.000065
3269, 0.000151, 0.000155, 0.000146
3270, 0.000149, 0.000085, 0.000079
3271, 0.000144, 0.000116, 0.000109
3272, 0.000141, 0.000114, 0.000108
3273, 0.000142, 0.000098, 0.000092
3274, 0.000140, 0.000111, 0.000104
3275, 0.000142, 0.000108, 0.000101
3276, 0.000142, 0.000095, 0.000089
3277, 0.000141, 0.000123, 0.000114
3278, 0.000142, 0.000101, 0.000095
3279, 0.000144, 0.000119, 0.000111
3280, 0.000140, 0.000089, 0.000083
3281, 0.000140, 0.000123, 0.000116
3282, 0.000141, 0.000093, 0.000087
3283, 0.000140, 0.000112, 0.000106
3284, 0.000140, 0.000102, 0.000095
3285, 0.000139, 0.000104, 0.000097
3286, 0.000139, 0.000112, 0.000105
3287, 0.000139, 0.000102, 0.000095
3288, 0.000140, 0.000108, 0.000100
3289, 0.000139, 0.000094, 0.000087
3290, 0.000139, 0.000120, 0.000112
3291, 0.000140, 0.000085, 0.000078
3292, 0.000142, 0.000141, 0.000132
3293, 0.000142, 0.000076, 0.000070
3294, 0.000142, 0.000145, 0.000136
3295, 0.000144, 0.000078, 0.000072
3296, 0.000144, 0.000165, 0.000155
3297, 0.000150, 0.000063, 0.000058
3298, 0.000156, 0.000211, 0.000200
3299, 0.000163, 0.000057, 0.000053
3300, 0.000168, 0.000207, 0.000197
3301, 0.000161, 0.000068, 0.000063
3302, 0.000145, 0.000111, 0.000103
3303, 0.000137, 0.000131, 0.000123
3304, 0.000142, 0.000067, 0.000062
3305, 0.000148, 0.000194, 0.000184
3306, 0.000157, 0.000059, 0.000055
3307, 0.000160, 0.000193, 0.000183
3308, 0.000157, 0.000068, 0.000063
3309, 0.000146, 0.000113, 0.000106
3310, 0.000138, 0.000135, 0.000127
3311, 0.000141, 0.000056, 0.000051
3312, 0.000159, 0.000239, 0.000226
3313, 0.000177, 0.000056, 0.000053
3314, 0.000173, 0.000199, 0.000188
3315, 0.000159, 0.000076, 0.000070
3316, 0.000141, 0.000087, 0.000081
3317, 0.000136, 0.000157, 0.000149
3318, 0.000146, 0.000059, 0.000055
3319, 0.000153, 0.000160, 0.000154
3320, 0.000146, 0.000087, 0.000082
3321, 0.000136, 0.000076, 0.000071
3322, 0.000138, 0.000151, 0.000142
3323, 0.000144, 0.000069, 0.000063
3324, 0.000141, 0.000116, 0.000108
3325, 0.000137, 0.000105, 0.000096
3326, 0.000135, 0.000076, 0.000070
3327, 0.000137, 0.000137, 0.000129
3328, 0.000141, 0.000072, 0.000066
3329, 0.000141, 0.000122, 0.000116
3330, 0.000137, 0.000083, 0.000079
3331, 0.000136, 0.000095, 0.000089
3332, 0.000135, 0.000118, 0.000112
3333, 0.000137, 0.000071, 0.000067
3334, 0.000141, 0.000125, 0.000117
3335, 0.000138, 0.000091, 0.000085
3336, 0.000134, 0.000080, 0.000074
3337, 0.000136, 0.000133, 0.000126
3338, 0.000138, 0.000065, 0.000061
3339, 0.000143, 0.000141, 0.000134
3340, 0.000138, 0.000086, 0.000081
3341, 0.000134, 0.000087, 0.000082
3342, 0.000134, 0.000110, 0.000103
3343, 0.000135, 0.000080, 0.000074
3344, 0.000133, 0.000109, 0.000101
3345, 0.000134, 0.000085, 0.000079
3346, 0.000134, 0.000096, 0.000090
3347, 0.000133, 0.000113, 0.000107
3348, 0.000134, 0.000079, 0.000075
3349, 0.000135, 0.000104, 0.000099
3350, 0.000133, 0.000101, 0.000096
3351, 0.000133, 0.000085, 0.000080
3352, 0.000134, 0.000114, 0.000107
3353, 0.000133, 0.000088, 0.000082
3354, 0.000131, 0.000089, 0.000083
3355, 0.000132, 0.000103, 0.000096
3356, 0.000133, 0.000084, 0.000077
3357, 0.000132, 0.000111, 0.000104
3358, 0.000133, 0.000084, 0.000078
3359, 0.000134, 0.000107, 0.000100
3360, 0.000132, 0.000092, 0.000086
3361, 0.000131, 0.000089, 0.000083
3362, 0.000133, 0.000100, 0.000094
3363, 0.000132, 0.000092, 0.000087
3364, 0.000131, 0.000093, 0.000088
3365, 0.000133, 0.000107, 0.000102
3366, 0.000133, 0.000076, 0.000071
3367, 0.000132, 0.000121, 0.000113
3368, 0.000134, 0.000089, 0.000083
3369, 0.000131, 0.000088, 0.000082
3370, 0.000130, 0.000119, 0.000111
3371, 0.000134, 0.000065, 0.000062
3372, 0.000137, 0.000139, 0.000133
3373, 0.000138, 0.000065, 0.000062
3374, 0.000136, 0.000121, 0.000115
3375, 0.000133, 0.000084, 0.000079
3376, 0.000130, 0.000094, 0.000088
3377, 0.000129, 0.000097, 0.000090
3378, 0.000130, 0.000094, 0.000087
3379, 0.000132, 0.000107, 0.000099
3380, 0.000130, 0.000083, 0.000077
3381, 0.000130, 0.000108, 0.000101
3382, 0.000131, 0.000088, 0.000082
3383, 0.000128, 0.000081, 0.000075
3384, 0.000130, 0.000122, 0.000115
3385, 0.000131, 0.000065, 0.000060
3386, 0.000136, 0.000136, 0.000126
3387, 0.000136, 0.000072, 0.000067
3388, 0.000132, 0.000122, 0.000115
3389, 0.000129, 0.000096, 0.000090
3390, 0.000129, 0.000074, 0.000069
3391, 0.000130, 0.000135, 0.000127
3392, 0.000134, 0.000065, 0.000060
3393, 0.000135, 0.000134, 0.000127
3394, 0.000135, 0.000076, 0.000071
3395, 0.000129, 0.000087, 0.000081
3396, 0.000128, 0.000128, 0.000121
3397, 0.000133, 0.000060, 0.000056
3398, 0.000140, 0.000161, 0.000152
3399, 0.000142, 0.000065, 0.000060
3400, 0.000140, 0.000129, 0.000122
3401, 0.000132, 0.000086, 0.000082
3402, 0.000129, 0.000084, 0.000080
3403, 0.000130, 0.000136, 0.000131
3404, 0.000135, 0.000054, 0.000052
3405, 0.000152, 0.000200, 0.000190
3406, 0.000159, 0.000053, 0.000050
3407, 0.000149, 0.000155, 0.000147
3408, 0.000140, 0.000070, 0.000065
3409, 0.000131, 0.000086, 0.000080
3410, 0.000127, 0.000123, 0.000116
3411, 0.000130, 0.000064, 0.000059
3412, 0.000133, 0.000120, 0.000112
3413, 0.000130, 0.000085, 0.000078
3414, 0.000126, 0.000076, 0.000070
3415, 0.000130, 0.000127, 0.000119
3416, 0.000131, 0.000062, 0.000057
3417, 0.000133, 0.000119, 0.000111
3418, 0.000130, 0.000088, 0.000082
3419, 0.000127, 0.000071, 0.000066
3420, 0.000127, 0.000134, 0.000125
3421, 0.000132, 0.000061, 0.000057
3422, 0.000131, 0.000098, 0.000091
3423, 0.000127, 0.000100, 0.000093
3424, 0.000126, 0.000070, 0.000065
3425, 0.000129, 0.000124, 0.000116
3426, 0.000130, 0.000072, 0.000067
3427, 0.000127, 0.000089, 0.000083
3428, 0.000125, 0.000110, 0.000103
3429, 0.000127, 0.000060, 0.000056
3430, 0.000133, 0.000149, 0.000141
3431, 0.000137, 0.000057, 0.000053
3432, 0.000135, 0.000125, 0.000118
3433, 0.000129, 0.000080, 0.000075
3434, 0.000126, 0.000073, 0.000068
3435, 0.000128, 0.000131, 0.000124
3436, 0.000132, 0.000057, 0.000053
3437, 0.000135, 0.000137, 0.000131
3438, 0.000133, 0.000070, 0.000066
3439, 0.000127, 0.000081, 0.000076
3440, 0.000127, 0.000131, 0.000123
3441, 0.000130, 0.000056, 0.000052
3442, 0.000138, 0.000155, 0.000143
3443, 0.000138, 0.000066, 0.000062
3444, 0.000128, 0.000083, 0.000077
3445, 0.000125, 0.000131, 0.000122
3446, 0.000129, 0.000055, 0.000052
3447, 0.000136, 0.000138, 0.000130
3448, 0.000134, 0.000070, 0.000065
3449, 0.000126, 0.000084, 0.000078
3450, 0.000123, 0.000112, 0.000104
3451, 0.000126, 0.000065, 0.000061
3452, 0.000127, 0.000113, 0.000106
3453, 0.000125, 0.000084, 0.000078
3454, 0.000123, 0.000072, 0.000067
3455, 0.000126, 0.000123, 0.000116
3456, 0.000128, 0.000060, 0.000056
3457, 0.000132, 0.000134, 0.000125
3458, 0.000132, 0.000068, 0.000063
3459, 0.000126, 0.000090, 0.000083
3460, 0.000124, 0.000104, 0.000096
3461, 0.000124, 0.000064, 0.000059
3462, 0.000129, 0.000132, 0.000124
3463, 0.000131, 0.000064, 0.000060
3464, 0.000128, 0.000102, 0.000096
3465, 0.000123, 0.000096, 0.000091
3466, 0.000122, 0.000065, 0.000060
3467, 0.000128, 0.000134, 0.000125
3468, 0.000132, 0.000057, 0.000053
3469, 0.000131, 0.000116, 0.000108
3470, 0.000127, 0.000091, 0.000085
3471, 0.000122, 0.000065, 0.000060
3472, 0.000128, 0.000138, 0.000129
3473, 0.000132, 0.000060, 0.000056
3474, 0.000130, 0.000116, 0.000108
3475, 0.000126, 0.000072, 0.000067
3476, 0.000121, 0.000071, 0.000066
3477, 0.000121, 0.000127, 0.000119
3478, 0.000127, 0.000057, 0.000052
3479, 0.000132, 0.000137, 0.000128
3480, 0.000131, 0.000064, 0.000059
3481, 0.000124, 0.000087, 0.000080
3482, 0.000120, 0.000105, 0.000099
3483, 0.000122, 0.000057, 0.000052
3484, 0.000132, 0.000155, 0.000146
3485, 0.000136, 0.000055, 0.000051
3486, 0.000131, 0.000105, 0.000097
3487, 0.000121, 0.000098, 0.000091
3488, 0.000123, 0.000057, 0.000052
3489, 0.000129, 0.000150, 0.000142
3490, 0.000136, 0.000055, 0.000050
3491, 0.000131, 0.000107, 0.000100
3492, 0.000123, 0.000089, 0.000083
3493, 0.000121, 0.000059, 0.000054
3494, 0.000126, 0.000155, 0.000146
3495, 0.000137, 0.000053, 0.000049
3496, 0.000138, 0.000131, 0.000122
3497, 0.000128, 0.000076, 0.000070
3498, 0.000119, 0.000063, 0.000058
3499, 0.000122, 0.000136, 0.000127
3500, 0.000131, 0.000057, 0.000053
3501, 0.000126, 0.000095, 0.000089
3502, 0.000121, 0.000092, 0.000085
3503, 0.000121, 0.000056, 0.000051
3504, 0.000127, 0.000148, 0.000138
3505, 0.000132, 0.000058, 0.000054
3506, 0.000124, 0.000086, 0.000079
3507, 0.000118, 0.000116, 0.000108
3508, 0.000126, 0.000056, 0.000052
3509, 0.000127, 0.000115, 0.000107
3510, 0.000124, 0.000069, 0.000064
3511, 0.000120, 0.000068, 0.000063
3512, 0.000118, 0.000111, 0.000104
3513, 0.000124, 0.000055, 0.000051
3514, 0.000128, 0.000117, 0.000109
3515, 0.000124, 0.000065, 0.000061
3516, 0.000119, 0.000075, 0.000069
3517, 0.000117, 0.000121, 0.000112
3518, 0.000123, 0.000056, 0.000051
3519, 0.000127, 0.000119, 0.000109
3520, 0.000125, 0.000074, 0.000068
3521, 0.000117, 0.000064, 0.000059
3522, 0.000121, 0.000120, 0.000112
3523, 0.000125, 0.000061, 0.000058
3524, 0.000120, 0.000078, 0.000074
3525, 0.000118, 0.000104, 0.000099
3526, 0.000121, 0.000061, 0.000057
3527, 0.000121, 0.000108, 0.000100
3528, 0.000122, 0.000075, 0.000069
3529, 0.000117, 0.000081, 0.000074
3530, 0.000118, 0.000090, 0.000083
3531, 0.000119, 0.000068, 0.000064
3532, 0.000117, 0.000089, 0.000084
3533, 0.000119, 0.000082, 0.000076
3534, 0.000118, 0.000069, 0.000064
3535, 0.000119, 0.000111, 0.000103
3536, 0.000120, 0.000070, 0.000064
3537, 0.000120, 0.000090, 0.000083
3538, 0.000118, 0.000086, 0.000079
3539, 0.000117, 0.000071, 0.000066
3540, 0.000119, 0.000094, 0.000089
3541, 0.000120, 0.000075, 0.000071
3542, 0.000118, 0.000079, 0.000076
3543, 0.000119, 0.000093, 0.000088
3544, 0.000116, 0.000073, 0.000068
3545, 0.000116, 0.000079, 0.000074
3546, 0.000118, 0.000094, 0.000087
3547, 0.000117, 0.000059, 0.000054
3548, 0.000119, 0.000105, 0.000098
3549, 0.000119, 0.000080, 0.000074
3550, 0.000117, 0.000064, 0.000059
3551, 0.000119, 0.000137, 0.000127
3552, 0.000126, 0.000055, 0.000051
3553, 0.000127, 0.000120, 0.000112
3554, 0.000121, 0.000070, 0.000065
3555, 0.000116, 0.000068, 0.000063
3556, 0.000116, 0.000122, 0.000115
3557, 0.000125, 0.000048, 0.000045
3558, 0.000133, 0.000136, 0.000129
3559, 0.000129, 0.000058, 0.000054
3560, 0.000118, 0.000077, 0.000072
3561, 0.000114, 0.000121, 0.000114
3562, 0.000121, 0.000054, 0.000051
3563, 0.000125, 0.000119, 0.000112
3564, 0.000123, 0.000062, 0.000058
3565, 0.000117, 0.000075, 0.000071
3566, 0.000116, 0.000101, 0.000095
3567, 0.000118, 0.000056, 0.000053
3568, 0.000122, 0.000119, 0.000111
3569, 0.000121, 0.000061, 0.000056
3570, 0.000117, 0.000081, 0.000076
3571, 0.000114, 0.000088, 0.000082
3572, 0.000115, 0.000065, 0.000060
3573, 0.000115, 0.000092, 0.000086
3574, 0.000117, 0.000067, 0.000062
3575, 0.000116, 0.000092, 0.000087
3576, 0.000114, 0.000071, 0.000066
3577, 0.000114, 0.000072, 0.000067
3578, 0.000114, 0.000087, 0.000081
3579, 0.000116, 0.000067, 0.000062
3580, 0.000116, 0.000085, 0.000079
3581, 0.000114, 0.000080, 0.000074
3582, 0.000114, 0.000068, 0.000063
3583, 0.000114, 0.000095, 0.000090
3584, 0.000114, 0.000066, 0.000061
3585, 0.000116, 0.000093, 0.000087
3586, 0.000115, 0.000063, 0.000058
3587, 0.000117, 0.000097, 0.000090
3588, 0.000116, 0.000064, 0.000059
3589, 0.000114, 0.000089, 0.000083
3590, 0.000114, 0.000078, 0.000072
3591, 0.000112, 0.000062, 0.000058
3592, 0.000116, 0.000120, 0.000114
3593, 0.000122, 0.000049, 0.000047
3594, 0.000126, 0.000126, 0.000121
3595, 0.000123, 0.000060, 0.000056
3596, 0.000116, 0.000081, 0.000077
3597, 0.000113, 0.000096, 0.000090
3598, 0.000115, 0.000058, 0.000053
3599, 0.000119, 0.000111, 0.000104
3600, 0.000119, 0.000060, 0.000055
3601, 0.000114, 0.000085, 0.000078
3602, 0.000114, 0.000083, 0.000078
3603, 0.000113, 0.000059, 0.000055
3604, 0.000115, 0.000105, 0.000098
3605, 0.000117, 0.000063, 0.000058
3606, 0.000115, 0.000077, 0.000071
3607, 0.000111, 0.000104, 0.000097
3608, 0.000116, 0.000052, 0.000048
3609, 0.000126, 0.000146, 0.000137
3610, 0.000129, 0.000051, 0.000047
3611, 0.000124, 0.000112, 0.000104
3612, 0.000117, 0.000069, 0.000064
3613, 0.000111, 0.000060, 0.000055
3614, 0.000114, 0.000120, 0.000113
3615, 0.000121, 0.000048, 0.000045
3616, 0.000126, 0.000131, 0.000124
3617, 0.000124, 0.000055, 0.000051
3618, 0.000118, 0.000078, 0.000072
3619, 0.000111, 0.000101, 0.000093
3620, 0.000115, 0.000051, 0.000047
3621, 0.000123, 0.000134, 0.000124
3622, 0.000125, 0.000054, 0.000050
3623, 0.000118, 0.000087, 0.000081
3624, 0.000111, 0.000083, 0.000077
3625, 0.000110, 0.000060, 0.000055
3626, 0.000114, 0.000105, 0.000098
3627, 0.000115, 0.000059, 0.000054
3628, 0.000114, 0.000080, 0.000073
3629, 0.000111, 0.000086, 0.000080
3630, 0.000112, 0.000054, 0.000050
3631, 0.000115, 0.000117, 0.000108
3632, 0.000119, 0.000056, 0.000052
3633, 0.000115, 0.000079, 0.000073
3634, 0.000112, 0.000084, 0.000078
3635, 0.000111, 0.000054, 0.000050
3636, 0.000114, 0.000107, 0.000100
3637, 0.000116, 0.000055, 0.000051
3638, 0.000116, 0.000089, 0.000083
3639, 0.000111, 0.000073, 0.000067
3640, 0.000109, 0.000058, 0.000054
3641, 0.000111, 0.000100, 0.000093
3642, 0.000113, 0.000061, 0.000056
3643, 0.000112, 0.000079, 0.000073
3644, 0.000109, 0.000076, 0.000071
3645, 0.000110, 0.000061, 0.000057
3646, 0.000111, 0.000088, 0.000083
3647, 0.000111, 0.000055, 0.000052
3648, 0.000113, 0.000099, 0.000093
3649, 0.000112, 0.000063, 0.000059
3650, 0.000110, 0.000072, 0.000067
3651, 0.000109, 0.000091, 0.000085
3652, 0.000110, 0.000056, 0.000052
3653, 0.000113, 0.000096, 0.000090
3654, 0.000112, 0.000063, 0.000059
3655, 0.000110, 0.000067, 0.000063
3656, 0.000109, 0.000087, 0.000082
3657, 0.000110, 0.000060, 0.000056
3658, 0.000110, 0.000082, 0.000076
3659, 0.000108, 0.000071, 0.000066
3660, 0.000108, 0.000074, 0.000069
3661, 0.000109, 0.000067, 0.000062
3662, 0.000109, 0.000087, 0.000081
3663, 0.000111, 0.000061, 0.000056
3664, 0.000111, 0.000086, 0.000080
3665, 0.000110, 0.000064, 0.000059
3666, 0.000110, 0.000082, 0.000075
3667, 0.000111, 0.000069, 0.000065
3668, 0.000110, 0.000078, 0.000073
3669, 0.000109, 0.000067, 0.000063
3670, 0.000109, 0.000074, 0.000070
3671, 0.000107, 0.000076, 0.000071
3672, 0.000109, 0.000066, 0.000062
3673, 0.000109, 0.000081, 0.000076
3674, 0.000110, 0.000065, 0.000060
3675, 0.000111, 0.000080, 0.000074
3676, 0.000109, 0.000063, 0.000058
3677, 0.000109, 0.000084, 0.000078
3678, 0.000108, 0.000070, 0.000066
3679, 0.000108, 0.000063, 0.000059
3680, 0.000109, 0.000105, 0.000099
3681, 0.000114, 0.000049, 0.000046
3682, 0.000118, 0.000124, 0.000118
3683, 0.000118, 0.000055, 0.000052
3684, 0.000112, 0.000075, 0.000072
3685, 0.000108, 0.000079, 0.000074
3686, 0.000110, 0.000063, 0.000060
3687, 0.000108, 0.000079, 0.000075
3688, 0.000106, 0.000069, 0.000065
3689, 0.000108, 0.000081, 0.000077
3690, 0.000108, 0.000061, 0.000057
3691, 0.000110, 0.000091, 0.000085
3692, 0.000110, 0.000061, 0.000057
3693, 0.000108, 0.000088, 0.000083
3694, 0.000110, 0.000057, 0.000053
3695, 0.000113, 0.000095, 0.000089
3696, 0.000110, 0.000057, 0.000052
3697, 0.000109, 0.000077, 0.000072
3698, 0.000110, 0.000085, 0.000080
3699, 0.000107, 0.000059, 0.000055
3700, 0.000108, 0.000088, 0.000083
3701, 0.000110, 0.000064, 0.000060
3702, 0.000108, 0.000079, 0.000076
3703, 0.000108, 0.000063, 0.000061
3704, 0.000108, 0.000074, 0.000071
3705, 0.000107, 0.000074, 0.000071
3706, 0.000105, 0.000061, 0.000057
3707, 0.000107, 0.000079, 0.000074
3708, 0.000107, 0.000069, 0.000063
3709, 0.000107, 0.000072, 0.000067
3710, 0.000106, 0.000079, 0.000074
3711, 0.000106, 0.000060, 0.000056
3712, 0.000108, 0.000097, 0.000091
3713, 0.000110, 0.000049, 0.000046
3714, 0.000118, 0.000144, 0.000136
3715, 0.000125, 0.000047, 0.000045
3716, 0.000127, 0.000137, 0.000130
3717, 0.000123, 0.000049, 0.000047
3718, 0.000113, 0.000078, 0.000074
3719, 0.000107, 0.000091, 0.000086
3720, 0.000107, 0.000049, 0.000047
3721, 0.000114, 0.000127, 0.000119
3722, 0.000119, 0.000053, 0.000049
3723, 0.000114, 0.000088, 0.000083
3724, 0.000107, 0.000073, 0.000069
3725, 0.000106, 0.000054, 0.000050
3726, 0.000111, 0.000110, 0.000104
3727, 0.000114, 0.000049, 0.000046
3728, 0.000115, 0.000099, 0.000093
3729, 0.000109, 0.000061, 0.000057
3730, 0.000105, 0.000066, 0.000061
3731, 0.000105, 0.000091, 0.000085
3732, 0.000109, 0.000051, 0.000047
3733, 0.000115, 0.000115, 0.000108
3734, 0.000116, 0.000051, 0.000048
3735, 0.000111, 0.000084, 0.000078
3736, 0.000107, 0.000074, 0.000070
3737, 0.000106, 0.000058, 0.000053
3738, 0.000107, 0.000100, 0.000092
3739, 0.000111, 0.000052, 0.000048
3740, 0.000115, 0.000124, 0.000116
3741, 0.000120, 0.000049, 0.000047
3742, 0.000116, 0.000097, 0.000091
3743, 0.000109, 0.000062, 0.000058
3744, 0.000104, 0.000055, 0.000051
3745, 0.000106, 0.000110, 0.000104
3746, 0.000115, 0.000048, 0.000045
3747, 0.000118, 0.000111, 0.000105
3748, 0.000114, 0.000056, 0.000053
3749, 0.000109, 0.000071, 0.000067
3750, 0.000104, 0.000080, 0.000076
3751, 0.000104, 0.000055, 0.000051
3752, 0.000106, 0.000090, 0.000084
3753, 0.000106, 0.000058, 0.000054
3754, 0.000105, 0.000073, 0.000068
3755, 0.000103, 0.000072, 0.000068
3756, 0.000103, 0.000054, 0.000050
3757, 0.000107, 0.000103, 0.000097
3758, 0.000112, 0.000048, 0.000046
3759, 0.000113, 0.000109, 0.000103
3760, 0.000114, 0.000053, 0.000050
3761, 0.000106, 0.000070, 0.000066
3762, 0.000103, 0.000081, 0.000076
3763, 0.000105, 0.000051, 0.000048
3764, 0.000108, 0.000102, 0.000095
3765, 0.000110, 0.000051, 0.000048
3766, 0.000108, 0.000086, 0.000079
3767, 0.000105, 0.000057, 0.000053
3768, 0.000107, 0.000075, 0.000070
3769, 0.000104, 0.000061, 0.000056
3770, 0.000104, 0.000071, 0.000066
3771, 0.000103, 0.000070, 0.000066
3772, 0.000104, 0.000061, 0.000055
3773, 0.000105, 0.000074, 0.000069
3774, 0.000104, 0.000062, 0.000057
3775, 0.000104, 0.000064, 0.000060
3776, 0.000102, 0.000075, 0.000071
3777, 0.000103, 0.000053, 0.000051
3778, 0.000103, 0.000080, 0.000075
3779, 0.000104, 0.000060, 0.000056
3780, 0.000103, 0.000069, 0.000064
3781, 0.000102, 0.000065, 0.000060
3782, 0.000102, 0.000067, 0.000063
3783, 0.000102, 0.000062, 0.000057
3784, 0.000102, 0.000078, 0.000073
3785, 0.000103, 0.000052, 0.000049
3786, 0.000105, 0.000085, 0.000080
3787, 0.000105, 0.000053, 0.000049
3788, 0.000103, 0.000070, 0.000067
3789, 0.000102, 0.000065, 0.000061
3790, 0.000102, 0.000058, 0.000055
3791, 0.000103, 0.000087, 0.000082
3792, 0.000107, 0.000050, 0.000048
3793, 0.000114, 0.000126, 0.000121
3794, 0.000120, 0.000048, 0.000045
3795, 0.000115, 0.000096, 0.000090
3796, 0.000107, 0.000058, 0.000055
3797, 0.000102, 0.000057, 0.000053
3798, 0.000103, 0.000083, 0.000079
3799, 0.000106, 0.000053, 0.000050
3800, 0.000104, 0.000077, 0.000073
3801, 0.000102, 0.000065, 0.000062
3802, 0.000101, 0.000057, 0.000053
3803, 0.000103, 0.000077, 0.000073
3804, 0.000101, 0.000056, 0.000053
3805, 0.000104, 0.000078, 0.000074
3806, 0.000104, 0.000059, 0.000056
3807, 0.000102, 0.000061, 0.000057
3808, 0.000101, 0.000072, 0.000068
3809, 0.000102, 0.000054, 0.000052
3810, 0.000103, 0.000089, 0.000084
3811, 0.000105, 0.000050, 0.000048
3812, 0.000107, 0.000103, 0.000098
3813, 0.000108, 0.000048, 0.000045
3814, 0.000111, 0.000093, 0.000088
3815, 0.000107, 0.000061, 0.000057
3816, 0.000101, 0.000055, 0.000050
3817, 0.000102, 0.000103, 0.000098
3818, 0.000110, 0.000049, 0.000046
3819, 0.000112, 0.000102, 0.000097
3820, 0.000110, 0.000047, 0.000045
3821, 0.000103, 0.000066, 0.000062
3822, 0.000100, 0.000078, 0.000074
3823, 0.000103, 0.000049, 0.000046
3824, 0.000107, 0.000102, 0.000095
3825, 0.000108, 0.000049, 0.000046
3826, 0.000109, 0.000091, 0.000084
3827, 0.000105, 0.000051, 0.000048
3828, 0.000103, 0.000069, 0.000064
3829, 0.000101, 0.000065, 0.000060
3830, 0.000100, 0.000054, 0.000051
3831, 0.000101, 0.000086, 0.000081
3832, 0.000104, 0.000051, 0.000047
3833, 0.000105, 0.000084, 0.000079
3834, 0.000103, 0.000051, 0.000048
3835, 0.000104, 0.000073, 0.000068
3836, 0.000101, 0.000062, 0.000058
3837, 0.000100, 0.000056, 0.000052
3838, 0.000099, 0.000070, 0.000064
3839, 0.000099, 0.000060, 0.000055
3840, 0.000099, 0.000068, 0.000062
3841, 0.000098, 0.000056, 0.000052
3842, 0.000098, 0.000068, 0.000064
3843, 0.000099, 0.000063, 0.000059
3844, 0.000098, 0.000057, 0.000054
3845, 0.000101, 0.000072, 0.000068
3846, 0.000100, 0.000060, 0.000057
3847, 0.000099, 0.000060, 0.000056
3848, 0.000098, 0.000068, 0.000065
3849, 0.000099, 0.000055, 0.000052
3850, 0.000100, 0.000075, 0.000072
3851, 0.000101, 0.000047, 0.000045
3852, 0.000104, 0.000091, 0.000086
3853, 0.000105, 0.000050, 0.000046
3854, 0.000104, 0.000073, 0.000068
3855, 0.000101, 0.000058, 0.000054
3856, 0.000098, 0.000062, 0.000058
3857, 0.000098, 0.000070, 0.000066
3858, 0.000099, 0.000053, 0.000050
3859, 0.000102, 0.000088, 0.000082
3860, 0.000103, 0.000050, 0.000046
3861, 0.000104, 0.000080, 0.000074
3862, 0.000100, 0.000056, 0.000052
3863, 0.000098, 0.000054, 0.000051
3864, 0.000099, 0.000084, 0.000079
3865, 0.000101, 0.000047, 0.000045
3866, 0.000105, 0.000094, 0.000087
3867, 0.000106, 0.000049, 0.000046
3868, 0.000100, 0.000065, 0.000060
3869, 0.000099, 0.000078, 0.000073
3870, 0.000101, 0.000047, 0.000046
3871, 0.000113, 0.000135, 0.000128
3872, 0.000124, 0.000050, 0.000049
3873, 0.000123, 0.000111, 0.000106
3874, 0.000114, 0.000049, 0.000045
3875, 0.000102, 0.000060, 0.000056
3876, 0.000096, 0.000086, 0.000081
3877, 0.000103, 0.000049, 0.000046
3878, 0.000113, 0.000122, 0.000114
3879, 0.000117, 0.000047, 0.000044
3880, 0.000107, 0.000073, 0.000067
3881, 0.000098, 0.000066, 0.000062
3882, 0.000098, 0.000048, 0.000045
3883, 0.000103, 0.000096, 0.000091
3884, 0.000107, 0.000046, 0.000045
3885, 0.000105, 0.000079, 0.000074
3886, 0.000099, 0.000065, 0.000062
3887, 0.000096, 0.000046, 0.000044
3888, 0.000104, 0.000109, 0.000103
3889, 0.000112, 0.000046, 0.000044
3890, 0.000108, 0.000082, 0.000076
3891, 0.000099, 0.000066, 0.000062
3892, 0.000097, 0.000046, 0.000044
3893, 0.000105, 0.000105, 0.000099
3894, 0.000111, 0.000047, 0.000045
3895, 0.000108, 0.000082, 0.000077
3896, 0.000101, 0.000056, 0.000052
3897, 0.000096, 0.000052, 0.000048
3898, 0.000096, 0.000071, 0.000066
3899, 0.000098, 0.000052, 0.000048
3900, 0.000097, 0.000060, 0.000056
3901, 0.000096, 0.000073, 0.000069
3902, 0.000097, 0.000048, 0.000045
3903, 0.000104, 0.000095, 0.000089
3904, 0.000106, 0.000047, 0.000045
3905, 0.000101, 0.000071, 0.000067
3906, 0.000097, 0.000064, 0.000060
3907, 0.000098, 0.000048, 0.000045
3908, 0.000101, 0.000093, 0.000086
3909, 0.000105, 0.000047, 0.000045
3910, 0.000103, 0.000067, 0.000061
3911, 0.000097, 0.000068, 0.000063
3912, 0.000097, 0.000048, 0.000046
3913, 0.000101, 0.000087, 0.000081
3914, 0.000101, 0.000052, 0.000050
3915, 0.000097, 0.000056, 0.000052
3916, 0.000094, 0.000066, 0.000062
3917, 0.000097, 0.000049, 0.000047
3918, 0.000099, 0.000069, 0.000064
3919, 0.000097, 0.000056, 0.000053
3920, 0.000096, 0.000056, 0.000052
3921, 0.000095, 0.000071, 0.000066
3922, 0.000097, 0.000049, 0.000046
3923, 0.000100, 0.000077, 0.000071
3924, 0.000099, 0.000049, 0.000045
3925, 0.000098, 0.000061, 0.000057
3926, 0.000095, 0.000058, 0.000053
3927, 0.000094, 0.000051, 0.000047
3928, 0.000095, 0.000069, 0.000064
3929, 0.000096, 0.000051, 0.000048
3930, 0.000097, 0.000064, 0.000060
3931, 0.000095, 0.000063, 0.000059
3932, 0.000095, 0.000049, 0.000046
3933, 0.000098, 0.000093, 0.000087
3934, 0.000105, 0.000046, 0.000044
3935, 0.000106, 0.000089, 0.000083
3936, 0.000103, 0.000049, 0.000046
3937, 0.000098, 0.000058, 0.000056
3938, 0.000097, 0.000075, 0.000071
3939, 0.000099, 0.000047, 0.000045
3940, 0.000105, 0.000100, 0.000095
3941, 0.000109, 0.000050, 0.000046
3942, 0.000107, 0.000079, 0.000075
3943, 0.000101, 0.000059, 0.000054
3944, 0.000095, 0.000050, 0.000046
3945, 0.000096, 0.000084, 0.000079
3946, 0.000102, 0.000048, 0.000045
3947, 0.000099, 0.000064, 0.000060
3948, 0.000094, 0.000061, 0.000058
3949, 0.000095, 0.000053, 0.000050
3950, 0.000096, 0.000065, 0.000061
3951, 0.000095, 0.000055, 0.000052
3952, 0.000094, 0.000056, 0.000051
3953, 0.000095, 0.000064, 0.000059
3954, 0.000095, 0.000048, 0.000044
3955, 0.000097, 0.000076, 0.000070
3956, 0.000097, 0.000053, 0.000050
3957, 0.000094, 0.000056, 0.000053
3958, 0.000094, 0.000063, 0.000060
3959, 0.000094, 0.000051, 0.000048
3960, 0.000095, 0.000062, 0.000058
3961, 0.000093, 0.000053, 0.000050
3962, 0.000093, 0.000060, 0.000057
3963, 0.000094, 0.000055, 0.000051
3964, 0.000094, 0.000058, 0.000055
3965, 0.000094, 0.000056, 0.000053
3966, 0.000093, 0.000061, 0.000056
3967, 0.000094, 0.000054, 0.000051
3968, 0.000095, 0.000069, 0.000063
3969, 0.000095, 0.000053, 0.000049
3970, 0.000095, 0.000061, 0.000057
3971, 0.000094, 0.000060, 0.000056
3972, 0.000095, 0.000052, 0.000050
3973, 0.000094, 0.000065, 0.000061
3974, 0.000093, 0.000053, 0.000050
3975, 0.000096, 0.000064, 0.000061
3976, 0.000096, 0.000057, 0.000053
3977, 0.000094, 0.000057, 0.000054
3978, 0.000092, 0.000068, 0.000064
3979, 0.000095, 0.000049, 0.000046
3980, 0.000098, 0.000079, 0.000075
3981, 0.000099, 0.000047, 0.000045
3982, 0.000095, 0.000065, 0.000061
3983, 0.000095, 0.000060, 0.000058
3984, 0.000096, 0.000048, 0.000045
3985, 0.000098, 0.000084, 0.000078
3986, 0.000098, 0.000049, 0.000047
3987, 0.000097, 0.000069, 0.000064
3988, 0.000097, 0.000057, 0.000054
3989, 0.000092, 0.000052, 0.000049
3990, 0.000094, 0.000077, 0.000073
3991, 0.000097, 0.000049, 0.000048
3992, 0.000098, 0.000072, 0.000067
3993, 0.000095, 0.000050, 0.000047
3994, 0.000094, 0.000062, 0.000058
3995, 0.000093, 0.000061, 0.000057
3996, 0.000092, 0.000051, 0.000049
3997, 0.000093, 0.000074, 0.000071
3998, 0.000094, 0.000048, 0.000046
3999, 0.000097, 0.000083, 0.000080
4000, 0.000101, 0.000047, 0.000044
4001, 0.000101, 0.000084, 0.000079
4002, 0.000098, 0.000047, 0.000044
4003, 0.000096, 0.000062, 0.000057
4004, 0.000093, 0.000059, 0.000055
4005, 0.000092, 0.000049, 0.000047
4006, 0.000093, 0.000085, 0.000080
4007, 0.000098, 0.000046, 0.000045
4008, 0.000099, 0.000075, 0.000071
4009, 0.000096, 0.000049, 0.000046
4010, 0.000094, 0.000062, 0.000058
4011, 0.000091, 0.000057, 0.000053
4012, 0.000091, 0.000049, 0.000045
4013, 0.000092, 0.000075, 0.000070
4014, 0.000095, 0.000046, 0.000045
4015, 0.000097, 0.000073, 0.000069
4016, 0.000095, 0.000049, 0.000047
4017, 0.000093, 0.000057, 0.000054
4018, 0.000091, 0.000065, 0.000061
4019, 0.000092, 0.000047, 0.000045
4020, 0.000097, 0.000084, 0.000079
4021, 0.000100, 0.000046, 0.000044
4022, 0.000101, 0.000084, 0.000079
4023, 0.000100, 0.000047, 0.000045
4024, 0.000096, 0.000063, 0.000059
4025, 0.000091, 0.000057, 0.000054
4026, 0.000091, 0.000053, 0.000049
4027, 0.000092, 0.000068, 0.000063
4028, 0.000092, 0.000049, 0.000047
4029, 0.000095, 0.000071, 0.000066
4030, 0.000095, 0.000048, 0.000046
4031, 0.000093, 0.000064, 0.000060
4032, 0.000091, 0.000051, 0.000048
4033, 0.000092, 0.000060, 0.000057
4034, 0.000092, 0.000053, 0.000050
4035, 0.000090, 0.000059, 0.000055
4036, 0.000091, 0.000049, 0.000047
4037, 0.000092, 0.000063, 0.000058
4038, 0.000091, 0.000052, 0.000048
4039, 0.000090, 0.000052, 0.000048
4040, 0.000090, 0.000061, 0.000055
4041, 0.000091, 0.000051, 0.000047
4042, 0.000090, 0.000054, 0.000050
4043, 0.000090, 0.000062, 0.000058
4044, 0.000091, 0.000047, 0.000045
4045, 0.000093, 0.000068, 0.000063
4046, 0.000093, 0.000048, 0.000046
4047, 0.000093, 0.000068, 0.000065
4048, 0.000092, 0.000049, 0.000046
4049, 0.000093, 0.000061, 0.000058
4050, 0.000090, 0.000057, 0.000054
4051, 0.000090, 0.000049, 0.000046
4052, 0.000092, 0.000072, 0.000068
4053, 0.000094, 0.000046, 0.000043
4054, 0.000100, 0.000092, 0.000086
4055, 0.000104, 0.000050, 0.000047
4056, 0.000104, 0.000086, 0.000080
4057, 0.000101, 0.000047, 0.000046
4058, 0.000097, 0.000074, 0.000069
4059, 0.000095, 0.000050, 0.000048
4060, 0.000091, 0.000049, 0.000046
4061, 0.000089, 0.000077, 0.000071
4062, 0.000095, 0.000049, 0.000047
4063, 0.000101, 0.000088, 0.000082
4064, 0.000102, 0.000046, 0.000044
4065, 0.000098, 0.000068, 0.000064
4066, 0.000092, 0.000051, 0.000048
4067, 0.000091, 0.000050, 0.000048
4068, 0.000089, 0.000070, 0.000065
4069, 0.000093, 0.000049, 0.000047
4070, 0.000097, 0.000081, 0.000076
4071, 0.000098, 0.000046, 0.000043
4072, 0.000092, 0.000056, 0.000053
4073, 0.000088, 0.000060, 0.000057
4074, 0.000091, 0.000046, 0.000044
4075, 0.000093, 0.000073, 0.000069
4076, 0.000095, 0.000046, 0.000045
4077, 0.000096, 0.000076, 0.000071
4078, 0.000095, 0.000047, 0.000045
4079, 0.000092, 0.000059, 0.000055
4080, 0.000089, 0.000053, 0.000050
4081, 0.000090, 0.000051, 0.000049
4082, 0.000090, 0.000056, 0.000052
4083, 0.000089, 0.000048, 0.000046
4084, 0.000088, 0.000058, 0.000055
4085, 0.000089, 0.000054, 0.000051
4086, 0.000092, 0.000058, 0.000055
4087, 0.000090, 0.000051, 0.000048
4088, 0.000088, 0.000051, 0.000048
4089, 0.000089, 0.000064, 0.000060
4090, 0.000091, 0.000047, 0.000045
4091, 0.000092, 0.000069, 0.000066
4092, 0.000092, 0.000046, 0.000044
4093, 0.000091, 0.000060, 0.000056
4094, 0.000088, 0.000051, 0.000048
4095, 0.000088, 0.000050, 0.000047
4096, 0.000088, 0.000053, 0.000050
4097, 0.000088, 0.000048, 0.000046
4098, 0.000088, 0.000059, 0.000055
4099, 0.000088, 0.000052, 0.000049
4100, 0.000087, 0.000050, 0.000047
4101, 0.000088, 0.000059, 0.000055
4102, 0.000088, 0.000048, 0.000045
4103, 0.000089, 0.000063, 0.000059
4104, 0.000089, 0.000047, 0.000044
4105, 0.000090, 0.000066, 0.000062
4106, 0.000092, 0.000046, 0.000044
4107, 0.000092, 0.000067, 0.000064
4108, 0.000092, 0.000046, 0.000044
4109, 0.000091, 0.000064, 0.000059
4110, 0.000089, 0.000047, 0.000044
4111, 0.000089, 0.000056, 0.000052
4112, 0.000088, 0.000050, 0.000047
4113, 0.000087, 0.000055, 0.000053
4114, 0.000088, 0.000053, 0.000051
4115, 0.000088, 0.000049, 0.000046
4116, 0.000088, 0.000057, 0.000054
4117, 0.000089, 0.000047, 0.000044
4118, 0.000089, 0.000056, 0.000052
4119, 0.000088, 0.000051, 0.000049
4120, 0.000088, 0.000051, 0.000048
4121, 0.000089, 0.000061, 0.000058
4122, 0.000089, 0.000046, 0.000044
4123, 0.000091, 0.000067, 0.000062
4124, 0.000090, 0.000048, 0.000047
4125, 0.000092, 0.000066, 0.000061
4126, 0.000091, 0.000051, 0.000048
4127, 0.000087, 0.000049, 0.000047
4128, 0.000089, 0.000065, 0.000061
4129, 0.000092, 0.000046, 0.000045
4130, 0.000091, 0.000073, 0.000070
4131, 0.000093, 0.000050, 0.000049
4132, 0.000094, 0.000071, 0.000067
4133, 0.000092, 0.000047, 0.000045
4134, 0.000088, 0.000056, 0.000052
4135, 0.000087, 0.000053, 0.000050
4136, 0.000088, 0.000046, 0.000044
4137, 0.000088, 0.000073, 0.000069
4138, 0.000094, 0.000047, 0.000046
4139, 0.000097, 0.000084, 0.000079
4140, 0.000098, 0.000047, 0.000046
4141, 0.000096, 0.000073, 0.000068
4142, 0.000092, 0.000048, 0.000045
4143, 0.000089, 0.000053, 0.000051
4144, 0.000087, 0.000057, 0.000054
4145, 0.000087, 0.000045, 0.000043
4146, 0.000090, 0.000071, 0.000067
4147, 0.000094, 0.000048, 0.000046
4148, 0.000095, 0.000077, 0.000072
4149, 0.000094, 0.000047, 0.000045
4150, 0.000090, 0.000057, 0.000053
4151, 0.000088, 0.000062, 0.000058
4152, 0.000088, 0.000047, 0.000045
4153, 0.000092, 0.000082, 0.000077
4154, 0.000098, 0.000049, 0.000047
4155, 0.000097, 0.000072, 0.000068
4156, 0.000092, 0.000045, 0.000044
4157, 0.000087, 0.000048, 0.000046
4158, 0.000087, 0.000067, 0.000064
4159, 0.000091, 0.000047, 0.000046
4160, 0.000093, 0.000075, 0.000071
4161, 0.000095, 0.000049, 0.000047
4162, 0.000094, 0.000063, 0.000060
4163, 0.000090, 0.000050, 0.000048
4164, 0.000086, 0.000048, 0.000046
4165, 0.000086, 0.000063, 0.000059
4166, 0.000089, 0.000049, 0.000046
4167, 0.000093, 0.000075, 0.000070
4168, 0.000094, 0.000049, 0.000046
4169, 0.000091, 0.000061, 0.000057
4170, 0.000087, 0.000050, 0.000048
4171, 0.000086, 0.000049, 0.000046
4172, 0.000088, 0.000073, 0.000069
4173, 0.000093, 0.000047, 0.000046
4174, 0.000097, 0.000077, 0.000071
4175, 0.000094, 0.000047, 0.000046
4176, 0.000090, 0.000053, 0.000051
4177, 0.000086, 0.000052, 0.000049
4178, 0.000084, 0.000044, 0.000043
4179, 0.000089, 0.000071, 0.000067
4180, 0.000093, 0.000049, 0.000047
4181, 0.000096, 0.000076, 0.000072
4182, 0.000095, 0.000048, 0.000046
4183, 0.000092, 0.000057, 0.000055
4184, 0.000087, 0.000048, 0.000045
4185, 0.000085, 0.000047, 0.000044
4186, 0.000085, 0.000054, 0.000051
4187, 0.000085, 0.000046, 0.000044
4188, 0.000085, 0.000053, 0.000050
4189, 0.000085, 0.000050, 0.000048
4190, 0.000084, 0.000046, 0.000045
4191, 0.000085, 0.000062, 0.000060
4192, 0.000090, 0.000048, 0.000047
4193, 0.000091, 0.000061, 0.000059
4194, 0.000088, 0.000046, 0.000044
4195, 0.000084, 0.000050, 0.000048
4196, 0.000085, 0.000057, 0.000055
4197, 0.000087, 0.000046, 0.000045
4198, 0.000087, 0.000057, 0.000055
4199, 0.000085, 0.000046, 0.000045
4200, 0.000085, 0.000047, 0.000046
4201, 0.000084, 0.000060, 0.000057
4202, 0.000086, 0.000046, 0.000044
4203, 0.000090, 0.000066, 0.000062
4204, 0.000091, 0.000048, 0.000046
4205, 0.000091, 0.000055, 0.000052
4206, 0.000086, 0.000050, 0.000047
4207, 0.000085, 0.000047, 0.000044
4208, 0.000085, 0.000057, 0.000053
4209, 0.000086, 0.000049, 0.000046
4210, 0.000086, 0.000056, 0.000053
4211, 0.000085, 0.000049, 0.000046
4212, 0.000083, 0.000046, 0.000043
4213, 0.000085, 0.000057, 0.000055
4214, 0.000087, 0.000049, 0.000046
4215, 0.000087, 0.000056, 0.000053
4216, 0.000084, 0.000047, 0.000046
4217, 0.000084, 0.000054, 0.000051
4218, 0.000085, 0.000050, 0.000048
4219, 0.000084, 0.000048, 0.000046
4220, 0.000084, 0.000056, 0.000053
4221, 0.000084, 0.000047, 0.000046
4222, 0.000086, 0.000053, 0.000050
4223, 0.000085, 0.000049, 0.000047
4224, 0.000083, 0.000046, 0.000044
4225, 0.000085, 0.000060, 0.000057
4226, 0.000088, 0.000049, 0.000048
4227, 0.000086, 0.000058, 0.000055
4228, 0.000084, 0.000048, 0.000046
4229, 0.000083, 0.000052, 0.000050
4230, 0.000084, 0.000051, 0.000048
4231, 0.000084, 0.000049, 0.000047
4232, 0.000083, 0.000046, 0.000044
4233, 0.000083, 0.000052, 0.000049
4234, 0.000084, 0.000051, 0.000050
4235, 0.000085, 0.000047, 0.000045
4236, 0.000082, 0.000047, 0.000044
4237, 0.000082, 0.000057, 0.000055
4238, 0.000086, 0.000049, 0.000047
4239, 0.000088, 0.000067, 0.000063
4240, 0.000087, 0.000047, 0.000046
4241, 0.000085, 0.000054, 0.000051
4242, 0.000084, 0.000053, 0.000050
4243, 0.000083, 0.000046, 0.000044
4244, 0.000087, 0.000074, 0.000069
4245, 0.000092, 0.000050, 0.000050
4246, 0.000094, 0.000074, 0.000070
4247, 0.000093, 0.000047, 0.000045
4248, 0.000089, 0.000054, 0.000052
4249, 0.000086, 0.000050, 0.000047
4250, 0.000084, 0.000047, 0.000045
4251, 0.000082, 0.000056, 0.000053
4252, 0.000085, 0.000052, 0.000049
4253, 0.000085, 0.000057, 0.000055
4254, 0.000085, 0.000047, 0.000046
4255, 0.000086, 0.000063, 0.000060
4256, 0.000087, 0.000046, 0.000045
4257, 0.000085, 0.000056, 0.000052
4258, 0.000083, 0.000049, 0.000047
4259, 0.000083, 0.000047, 0.000044
4260, 0.000083, 0.000060, 0.000057
4261, 0.000085, 0.000048, 0.000047
4262, 0.000087, 0.000061, 0.000059
4263, 0.000086, 0.000046, 0.000045
4264, 0.000083, 0.000050, 0.000047
4265, 0.000083, 0.000056, 0.000053
4266, 0.000086, 0.000049, 0.000046
4267, 0.000087, 0.000063, 0.000060
4268, 0.000087, 0.000047, 0.000046
4269, 0.000086, 0.000063, 0.000060
4270, 0.000088, 0.000047, 0.000047
4271, 0.000087, 0.000056, 0.000053
4272, 0.000084, 0.000046, 0.000044
4273, 0.000081, 0.000048, 0.000045
4274, 0.000083, 0.000054, 0.000050
4275, 0.000083, 0.000046, 0.000044
4276, 0.000081, 0.000054, 0.000052
4277, 0.000082, 0.000049, 0.000047
4278, 0.000082, 0.000049, 0.000048
4279, 0.000081, 0.000052, 0.000050
4280, 0.000081, 0.000048, 0.000046
4281, 0.000082, 0.000060, 0.000057
4282, 0.000085, 0.000046, 0.000044
4283, 0.000084, 0.000057, 0.000054
4284, 0.000084, 0.000045, 0.000044
4285, 0.000084, 0.000055, 0.000053
4286, 0.000083, 0.000046, 0.000045
4287, 0.000082, 0.000052, 0.000049
4288, 0.000081, 0.000049, 0.000046
4289, 0.000080, 0.000048, 0.000046
4290, 0.000081, 0.000052, 0.000049
4291, 0.000083, 0.000045, 0.000043
4292, 0.000082, 0.000053, 0.000050
4293, 0.000082, 0.000046, 0.000044
4294, 0.000084, 0.000056, 0.000053
4295, 0.000084, 0.000047, 0.000045
4296, 0.000084, 0.000061, 0.000057
4297, 0.000084, 0.000047, 0.000045
4298, 0.000083, 0.000053, 0.000050
4299, 0.000082, 0.000049, 0.000046
4300, 0.000082, 0.000050, 0.000047
4301, 0.000081, 0.000046, 0.000044
4302, 0.000080, 0.000051, 0.000049
4303, 0.000081, 0.000046, 0.000045
4304, 0.000084, 0.000055, 0.000053
4305, 0.000083, 0.000047, 0.000046
4306, 0.000083, 0.000063, 0.000058
4307, 0.000085, 0.000048, 0.000046
4308, 0.000085, 0.000063, 0.000058
4309, 0.000086, 0.000049, 0.000048
4310, 0.000085, 0.000060, 0.000058
4311, 0.000084, 0.000047, 0.000046
4312, 0.000082, 0.000046, 0.000046
4313, 0.000081, 0.000054, 0.000052
4314, 0.000082, 0.000048, 0.000046
4315, 0.000087, 0.000076, 0.000073
4316, 0.000098, 0.000067, 0.000066
4317, 0.000112, 0.000136, 0.000130
4318, 0.000133, 0.000098, 0.000100
4319, 0.000142, 0.000142, 0.000134
4320, 0.000135, 0.000060, 0.000060
4321, 0.000102, 0.000048, 0.000045
4322, 0.000080, 0.000071, 0.000065
4323, 0.000092, 0.000070, 0.000070
4324, 0.000112, 0.000105, 0.000099
4325, 0.000116, 0.000061, 0.000060
4326, 0.000098, 0.000055, 0.000053
4327, 0.000084, 0.000059, 0.000055
4328, 0.000083, 0.000058, 0.000056
4329, 0.000095, 0.000079, 0.000074
4330, 0.000100, 0.000051, 0.000049
4331, 0.000089, 0.000047, 0.000044
4332, 0.000080, 0.000057, 0.000054
4333, 0.000084, 0.000055, 0.000054
4334, 0.000094, 0.000075, 0.000071
4335, 0.000095, 0.000051, 0.000050
4336, 0.000087, 0.000053, 0.000050
4337, 0.000082, 0.000055, 0.000052
4338, 0.000084, 0.000051, 0.000050
4339, 0.000090, 0.000070, 0.000066
4340, 0.000090, 0.000044, 0.000043
4341, 0.000082, 0.000044, 0.000042
4342, 0.000080, 0.000061, 0.000057
4343, 0.000086, 0.000047, 0.000046
4344, 0.000086, 0.000054, 0.000050
4345, 0.000080, 0.000048, 0.000045
4346, 0.000080, 0.000046, 0.000045
4347, 0.000081, 0.000053, 0.000050
4348, 0.000081, 0.000047, 0.000045
4349, 0.000079, 0.000047, 0.000046
4350, 0.000081, 0.000053, 0.000050
4351, 0.000081, 0.000045, 0.000042
4352, 0.000079, 0.000044, 0.000042
4353, 0.000079, 0.000049, 0.000046
4354, 0.000081, 0.000046, 0.000045
4355, 0.000083, 0.000057, 0.000055
4356, 0.000084, 0.000048, 0.000047
4357, 0.000081, 0.000047, 0.000046
4358, 0.000079, 0.000056, 0.000054
4359, 0.000084, 0.000049, 0.000048
4360, 0.000084, 0.000052, 0.000050
4361, 0.000082, 0.000045, 0.000044
4362, 0.000079, 0.000047, 0.000045
4363, 0.000079, 0.000053, 0.000050
4364, 0.000082, 0.000046, 0.000044
4365, 0.000082, 0.000050, 0.000047
4366, 0.000079, 0.000047, 0.000045
4367, 0.000078, 0.000046, 0.000045
4368, 0.000080, 0.000047, 0.000046
4369, 0.000078, 0.000046, 0.000045
4370, 0.000079, 0.000048, 0.000046
4371, 0.000079, 0.000048, 0.000046
4372, 0.000079, 0.000045, 0.000044
4373, 0.000078, 0.000049, 0.000046
4374, 0.000079, 0.000050, 0.000047
4375, 0.000080, 0.000047, 0.000046
4376, 0.000081, 0.000052, 0.000050
4377, 0.000080, 0.000045, 0.000044
4378, 0.000078, 0.000047, 0.000046
4379, 0.000080, 0.000053, 0.000050
4380, 0.000081, 0.000046, 0.000045
4381, 0.000082, 0.000058, 0.000054
4382, 0.000084, 0.000046, 0.000045
4383, 0.000081, 0.000047, 0.000044
4384, 0.000077, 0.000051, 0.000050
4385, 0.000081, 0.000047, 0.000046
4386, 0.000081, 0.000054, 0.000051
4387, 0.000080, 0.000047, 0.000046
4388, 0.000080, 0.000046, 0.000044
4389, 0.000078, 0.000049, 0.000047
4390, 0.000079, 0.000045, 0.000045
4391, 0.000081, 0.000047, 0.000045
4392, 0.000078, 0.000047, 0.000045
4393, 0.000078, 0.000047, 0.000045
4394, 0.000079, 0.000049, 0.000046
4395, 0.000078, 0.000046, 0.000044
4396, 0.000078, 0.000048, 0.000047
4397, 0.000079, 0.000050, 0.000048
4398, 0.000080, 0.000045, 0.000044
4399, 0.000078, 0.000050, 0.000049
4400, 0.000080, 0.000049, 0.000048
4401, 0.000080, 0.000045, 0.000044
4402, 0.000078, 0.000049, 0.000047
4403, 0.000079, 0.000047, 0.000046
4404, 0.000080, 0.000050, 0.000048
4405, 0.000079, 0.000047, 0.000045
4406, 0.000077, 0.000047, 0.000045
4407, 0.000078, 0.000049, 0.000047
4408, 0.000078, 0.000048, 0.000047
4409, 0.000077, 0.000048, 0.000046
4410, 0.000077, 0.000049, 0.000047
4411, 0.000078, 0.000047, 0.000046
4412, 0.000078, 0.000048, 0.000047
4413, 0.000078, 0.000048, 0.000047
4414, 0.000077, 0.000045, 0.000044
4415, 0.000079, 0.000050, 0.000048
4416, 0.000080, 0.000046, 0.000045
4417, 0.000078, 0.000046, 0.000044
4418, 0.000078, 0.000058, 0.000055
4419, 0.000083, 0.000052, 0.000052
4420, 0.000087, 0.000064, 0.000062
4421, 0.000085, 0.000050, 0.000050
4422, 0.000082, 0.000049, 0.000047
4423, 0.000079, 0.000053, 0.000049
4424, 0.000080, 0.000056, 0.000054
4425, 0.000089, 0.000077, 0.000072
4426, 0.000100, 0.000062, 0.000061
4427, 0.000095, 0.000055, 0.000053
4428, 0.000081, 0.000048, 0.000047
4429, 0.000077, 0.000057, 0.000057
4430, 0.000091, 0.000081, 0.000078
4431, 0.000098, 0.000056, 0.000054
4432, 0.000089, 0.000052, 0.000049
4433, 0.000078, 0.000051, 0.000049
4434, 0.000078, 0.000052, 0.000052
4435, 0.000085, 0.000066, 0.000062
4436, 0.000089, 0.000050, 0.000050
4437, 0.000083, 0.000047, 0.000045
4438, 0.000078, 0.000049, 0.000046
4439, 0.000077, 0.000048, 0.000046
4440, 0.000080, 0.000054, 0.000051
4441, 0.000079, 0.000048, 0.000045
4442, 0.000079, 0.000049, 0.000047
4443, 0.000078, 0.000046, 0.000044
4444, 0.000076, 0.000047, 0.000046
4445, 0.000080, 0.000053, 0.000051
4446, 0.000080, 0.000047, 0.000046
4447, 0.000080, 0.000051, 0.000048
4448, 0.000079, 0.000046, 0.000045
4449, 0.000076, 0.000046, 0.000045
4450, 0.000076, 0.000048, 0.000047
4451, 0.000076, 0.000046, 0.000045
4452, 0.000077, 0.000047, 0.000045
4453, 0.000076, 0.000047, 0.000045
4454, 0.000076, 0.000048, 0.000046
4455, 0.000077, 0.000053, 0.000051
4456, 0.000078, 0.000047, 0.000046
4457, 0.000077, 0.000049, 0.000047
4458, 0.000076, 0.000047, 0.000046
4459, 0.000076, 0.000047, 0.000047
4460, 0.000077, 0.000052, 0.000049
4461, 0.000077, 0.000047, 0.000045
4462, 0.000076, 0.000046, 0.000045
4463, 0.000076, 0.000049, 0.000047
4464, 0.000076, 0.000045, 0.000045
4465, 0.000077, 0.000047, 0.000047
4466, 0.000076, 0.000047, 0.000047
4467, 0.000076, 0.000048, 0.000047
4468, 0.000076, 0.000046, 0.000044
4469, 0.000076, 0.000050, 0.000047
4470, 0.000077, 0.000046, 0.000045
4471, 0.000077, 0.000049, 0.000046
4472, 0.000077, 0.000045, 0.000044
4473, 0.000075, 0.000045, 0.000044
4474, 0.000077, 0.000050, 0.000047
4475, 0.000077, 0.000047, 0.000046
4476, 0.000078, 0.000052, 0.000050
4477, 0.000079, 0.000052, 0.000050
4478, 0.000080, 0.000053, 0.000051
4479, 0.000079, 0.000045, 0.000044
4480, 0.000076, 0.000048, 0.000045
4481, 0.000077, 0.000048, 0.000046
4482, 0.000076, 0.000047, 0.000045
4483, 0.000076, 0.000049, 0.000046
4484, 0.000076, 0.000047, 0.000045
4485, 0.000075, 0.000047, 0.000046
4486, 0.000076, 0.000050, 0.000048
4487, 0.000076, 0.000046, 0.000045
4488, 0.000076, 0.000047, 0.000045
4489, 0.000074, 0.000046, 0.000044
4490, 0.000074, 0.000046, 0.000045
4491, 0.000076, 0.000052, 0.000049
4492, 0.000076, 0.000047, 0.000047
4493, 0.000077, 0.000050, 0.000048
4494, 0.000076, 0.000047, 0.000045
4495, 0.000075, 0.000046, 0.000046
4496, 0.000076, 0.000052, 0.000049
4497, 0.000078, 0.000049, 0.000048
4498, 0.000080, 0.000053, 0.000051
4499, 0.000080, 0.000048, 0.000047
4500, 0.000078, 0.000047, 0.000045
4501, 0.000076, 0.000046, 0.000045
4502, 0.000075, 0.000048, 0.000047
4503, 0.000077, 0.000055, 0.000052
4504, 0.000080, 0.000049, 0.000047
4505, 0.000077, 0.000048, 0.000045
4506, 0.000075, 0.000047, 0.000045
4507, 0.000076, 0.000047, 0.000046
4508, 0.000076, 0.000054, 0.000051
4509, 0.000078, 0.000053, 0.000052
4510, 0.000083, 0.000061, 0.000057
4511, 0.000083, 0.000049, 0.000048
4512, 0.000078, 0.000048, 0.000045
4513, 0.000075, 0.000052, 0.000050
4514, 0.000077, 0.000050, 0.000049
4515, 0.000079, 0.000061, 0.000058
4516, 0.000083, 0.000055, 0.000054
4517, 0.000083, 0.000052, 0.000051
4518, 0.000079, 0.000046, 0.000044
4519, 0.000075, 0.000049, 0.000046
4520, 0.000075, 0.000051, 0.000048
4521, 0.000077, 0.000051, 0.000049
4522, 0.000079, 0.000055, 0.000052
4523, 0.000078, 0.000050, 0.000050
4524, 0.000079, 0.000051, 0.000049
4525, 0.000077, 0.000047, 0.000047
4526, 0.000075, 0.000046, 0.000045
4527, 0.000073, 0.000053, 0.000050
4528, 0.000076, 0.000049, 0.000049
4529, 0.000078, 0.000048, 0.000046
4530, 0.000075, 0.000047, 0.000046
4531, 0.000073, 0.000049, 0.000049
4532, 0.000078, 0.000059, 0.000056
4533, 0.000083, 0.000053, 0.000053
4534, 0.000080, 0.000052, 0.000051
4535, 0.000077, 0.000047, 0.000046
4536, 0.000073, 0.000045, 0.000045
4537, 0.000074, 0.000048, 0.000047
4538, 0.000076, 0.000048, 0.000048
4539, 0.000078, 0.000055, 0.000053
4540, 0.000080, 0.000052, 0.000052
4541, 0.000081, 0.000056, 0.000052
4542, 0.000077, 0.000046, 0.000045
4543, 0.000074, 0.000047, 0.000045
4544, 0.000074, 0.000051, 0.000049
4545, 0.000077, 0.000049, 0.000048
4546, 0.000077, 0.000049, 0.000048
4547, 0.000075, 0.000044, 0.000043
4548, 0.000073, 0.000044, 0.000043
4549, 0.000073, 0.000047, 0.000046
4550, 0.000073, 0.000047, 0.000045
4551, 0.000072, 0.000046, 0.000045
4552, 0.000073, 0.000048, 0.000047
4553, 0.000073, 0.000047, 0.000046
4554, 0.000074, 0.000046, 0.000046
4555, 0.000075, 0.000049, 0.000048
4556, 0.000074, 0.000046, 0.000045
4557, 0.000074, 0.000048, 0.000046
4558, 0.000073, 0.000047, 0.000045
4559, 0.000073, 0.000046, 0.000045
4560, 0.000073, 0.000050, 0.000048
4561, 0.000075, 0.000046, 0.000046
4562, 0.000074, 0.000048, 0.000046
4563, 0.000074, 0.000046, 0.000046
4564, 0.000074, 0.000046, 0.000044
4565, 0.000074, 0.000050, 0.000048
4566, 0.000074, 0.000046, 0.000046
4567, 0.000074, 0.000048, 0.000047
4568, 0.000074, 0.000050, 0.000048
4569, 0.000073, 0.000048, 0.000048
4570, 0.000076, 0.000056, 0.000053
4571, 0.000079, 0.000055, 0.000055
4572, 0.000082, 0.000060, 0.000059
4573, 0.000082, 0.000048, 0.000047
4574, 0.000075, 0.000047, 0.000046
4575, 0.000072, 0.000049, 0.000049
4576, 0.000075, 0.000050, 0.000049
4577, 0.000076, 0.000050, 0.000048
4578, 0.000075, 0.000047, 0.000047
4579, 0.000074, 0.000051, 0.000048
4580, 0.000076, 0.000048, 0.000046
4581, 0.000072, 0.000046, 0.000046
4582, 0.000073, 0.000050, 0.000048
4583, 0.000075, 0.000047, 0.000047
4584, 0.000075, 0.000048, 0.000047
4585, 0.000073, 0.000045, 0.000044
4586, 0.000071, 0.000046, 0.000046
4587, 0.000073, 0.000052, 0.000051
4588, 0.000075, 0.000048, 0.000048
4589, 0.000074, 0.000046, 0.000045
4590, 0.000072, 0.000050, 0.000049
4591, 0.000073, 0.000049, 0.000048
4592, 0.000075, 0.000052, 0.000051
4593, 0.000077, 0.000049, 0.000049
4594, 0.000076, 0.000047, 0.000046
4595, 0.000073, 0.000045, 0.000045
4596, 0.000071, 0.000046, 0.000046
4597, 0.000073, 0.000050, 0.000048
4598, 0.000074, 0.000048, 0.000047
4599, 0.000072, 0.000049, 0.000047
4600, 0.000072, 0.000047, 0.000046
4601, 0.000073, 0.000047, 0.000047
4602, 0.000074, 0.000052, 0.000051
4603, 0.000077, 0.000050, 0.000051
4604, 0.000078, 0.000057, 0.000055
4605, 0.000079, 0.000052, 0.000053
4606, 0.000077, 0.000050, 0.000048
4607, 0.000074, 0.000047, 0.000046
4608, 0.000072, 0.000049, 0.000049
4609, 0.000075, 0.000060, 0.000058
4610, 0.000081, 0.000058, 0.000058
4611, 0.000085, 0.000061, 0.000059
4612, 0.000086, 0.000053, 0.000052
4613, 0.000078, 0.000047, 0.000045
4614, 0.000070, 0.000054, 0.000051
4615, 0.000075, 0.000058, 0.000057
4616, 0.000082, 0.000060, 0.000057
4617, 0.000080, 0.000051, 0.000051
4618, 0.000077, 0.000047, 0.000045
4619, 0.000072, 0.000047, 0.000046
4620, 0.000072, 0.000052, 0.000052
4621, 0.000077, 0.000058, 0.000054
4622, 0.000079, 0.000051, 0.000050
4623, 0.000076, 0.000049, 0.000046
4624, 0.000072, 0.000046, 0.000044
4625, 0.000072, 0.000049, 0.000049
4626, 0.000073, 0.000053, 0.000053
4627, 0.000077, 0.000051, 0.000051
4628, 0.000076, 0.000049, 0.000048
4629, 0.000073, 0.000044, 0.000044
4630, 0.000071, 0.000046, 0.000044
4631, 0.000071, 0.000047, 0.000045
4632, 0.000071, 0.000047, 0.000047
4633, 0.000072, 0.000048, 0.000047
4634, 0.000072, 0.000046, 0.000045
4635, 0.000071, 0.000046, 0.000045
4636, 0.000071, 0.000047, 0.000045
4637, 0.000072, 0.000045, 0.000045
4638, 0.000071, 0.000045, 0.000044
4639, 0.000072, 0.000047, 0.000045
4640, 0.000071, 0.000047, 0.000045
4641, 0.000071, 0.000046, 0.000045
4642, 0.000070, 0.000047, 0.000045
4643, 0.000071, 0.000049, 0.000047
4644, 0.000071, 0.000046, 0.000046
4645, 0.000071, 0.000045, 0.000044
4646, 0.000072, 0.000047, 0.000047
4647, 0.000072, 0.000046, 0.000046
4648, 0.000072, 0.000046, 0.000045
4649, 0.000071, 0.000048, 0.000048
4650, 0.000071, 0.000047, 0.000046
4651, 0.000072, 0.000048, 0.000046
4652, 0.000071, 0.000048, 0.000048
4653, 0.000072, 0.000052, 0.000050
4654, 0.000074, 0.000049, 0.000048
4655, 0.000075, 0.000048, 0.000046
4656, 0.000072, 0.000045, 0.000045
4657, 0.000072, 0.000046, 0.000045
4658, 0.000069, 0.000046, 0.000045
4659, 0.000070, 0.000047, 0.000046
4660, 0.000070, 0.000049, 0.000046
4661, 0.000070, 0.000046, 0.000045
4662, 0.000071, 0.000045, 0.000044
4663, 0.000071, 0.000045, 0.000044
4664, 0.000070, 0.000046, 0.000045
4665, 0.000070, 0.000046, 0.000045
4666, 0.000070, 0.000048, 0.000048
4667, 0.000071, 0.000050, 0.000048
4668, 0.000072, 0.000048, 0.000047
4669, 0.000071, 0.000047, 0.000045
4670, 0.000070, 0.000046, 0.000045
4671, 0.000070, 0.000047, 0.000047
4672, 0.000071, 0.000050, 0.000048
4673, 0.000072, 0.000046, 0.000046
4674, 0.000072, 0.000046, 0.000045
4675, 0.000070, 0.000045, 0.000045
4676, 0.000070, 0.000045, 0.000044
4677, 0.000069, 0.000048, 0.000047
4678, 0.000071, 0.000046, 0.000046
4679, 0.000071, 0.000047, 0.000046
4680, 0.000071, 0.000046, 0.000046
4681, 0.000072, 0.000047, 0.000046
4682, 0.000069, 0.000045, 0.000044
4683, 0.000069, 0.000045, 0.000044
4684, 0.000070, 0.000045, 0.000044
4685, 0.000069, 0.000046, 0.000044
4686, 0.000071, 0.000047, 0.000046
4687, 0.000070, 0.000049, 0.000048
4688, 0.000070, 0.000047, 0.000048
4689, 0.000070, 0.000047, 0.000046
4690, 0.000071, 0.000045, 0.000045
4691, 0.000071, 0.000045, 0.000044
4692, 0.000070, 0.000047, 0.000046
4693, 0.000071, 0.000048, 0.000046
4694, 0.000070, 0.000046, 0.000045
4695, 0.000070, 0.000048, 0.000046
4696, 0.000069, 0.000046, 0.000046
4697, 0.000069, 0.000047, 0.000047
4698, 0.000069, 0.000049, 0.000047
4699, 0.000069, 0.000046, 0.000046
4700, 0.000069, 0.000047, 0.000046
4701, 0.000069, 0.000046, 0.000044
4702, 0.000068, 0.000046, 0.000045
4703, 0.000069, 0.000047, 0.000045
4704, 0.000068, 0.000046, 0.000045
4705, 0.000069, 0.000046, 0.000046
4706, 0.000070, 0.000045, 0.000045
4707, 0.000069, 0.000044, 0.000044
4708, 0.000068, 0.000046, 0.000046
4709, 0.000069, 0.000047, 0.000046
4710, 0.000070, 0.000047, 0.000046
4711, 0.000070, 0.000046, 0.000044
4712, 0.000070, 0.000045, 0.000045
4713, 0.000069, 0.000047, 0.000046
4714, 0.000068, 0.000046, 0.000045
4715, 0.000069, 0.000046, 0.000045
4716, 0.000068, 0.000046, 0.000045
4717, 0.000068, 0.000047, 0.000046
4718, 0.000069, 0.000047, 0.000047
4719, 0.000069, 0.000048, 0.000047
4720, 0.000069, 0.000047, 0.000048
4721, 0.000070, 0.000052, 0.000050
4722, 0.000071, 0.000050, 0.000051
4723, 0.000073, 0.000056, 0.000054
4724, 0.000074, 0.000055, 0.000055
4725, 0.000077, 0.000059, 0.000057
4726, 0.000078, 0.000053, 0.000053
4727, 0.000075, 0.000048, 0.000048
4728, 0.000071, 0.000044, 0.000044
4729, 0.000069, 0.000048, 0.000048
4730, 0.000071, 0.000056, 0.000054
4731, 0.000076, 0.000059, 0.000060
4732, 0.000080, 0.000069, 0.000065
4733, 0.000083, 0.000056, 0.000056
4734, 0.000079, 0.000054, 0.000050
4735, 0.000074, 0.000046, 0.000045
4736, 0.000069, 0.000046, 0.000045
4737, 0.000068, 0.000047, 0.000046
4738, 0.000068, 0.000047, 0.000046
4739, 0.000068, 0.000047, 0.000046
4740, 0.000068, 0.000049, 0.000047
4741, 0.000069, 0.000046, 0.000046
4742, 0.000069, 0.000048, 0.000048
4743, 0.000069, 0.000048, 0.000048
4744, 0.000070, 0.000048, 0.000047
4745, 0.000069, 0.000046, 0.000045
4746, 0.000068, 0.000048, 0.000047
4747, 0.000069, 0.000047, 0.000047
4748, 0.000069, 0.000047, 0.000048
4749, 0.000069, 0.000051, 0.000050
4750, 0.000071, 0.000049, 0.000049
4751, 0.000072, 0.000049, 0.000047
4752, 0.000071, 0.000046, 0.000045
4753, 0.000068, 0.000046, 0.000044
4754, 0.000067, 0.000049, 0.000047
4755, 0.000069, 0.000050, 0.000050
4756, 0.000069, 0.000052, 0.000051
4757, 0.000072, 0.000053, 0.000053
4758, 0.000075, 0.000052, 0.000051
4759, 0.000073, 0.000049, 0.000048
4760, 0.000072, 0.000050, 0.000048
4761, 0.000073, 0.000048, 0.000048
4762, 0.000071, 0.000048, 0.000047
4763, 0.000068, 0.000046, 0.000046
4764, 0.000068, 0.000047, 0.000047
4765, 0.000067, 0.000049, 0.000047
4766, 0.000066, 0.000047, 0.000045
4767, 0.000067, 0.000047, 0.000045
4768, 0.000067, 0.000047, 0.000047
4769, 0.000068, 0.000049, 0.000048
4770, 0.000069, 0.000047, 0.000047
4771, 0.000070, 0.000048, 0.000046
4772, 0.000069, 0.000047, 0.000046
4773, 0.000069, 0.000046, 0.000045
4774, 0.000067, 0.000046, 0.000045
4775, 0.000067, 0.000047, 0.000046
4776, 0.000067, 0.000046, 0.000045
4777, 0.000067, 0.000045, 0.000046
4778, 0.000067, 0.000046, 0.000045
4779, 0.000067, 0.000045, 0.000044
4780, 0.000068, 0.000047, 0.000045
4781, 0.000067, 0.000047, 0.000045
4782, 0.000068, 0.000048, 0.000048
4783, 0.000068, 0.000051, 0.000050
4784, 0.000071, 0.000050, 0.000051
4785, 0.000071, 0.000052, 0.000050
4786, 0.000073, 0.000047, 0.000046
4787, 0.000069, 0.000046, 0.000044
4788, 0.000068, 0.000047, 0.000046
4789, 0.000067, 0.000046, 0.000046
4790, 0.000068, 0.000047, 0.000046
4791, 0.000067, 0.000048, 0.000047
4792, 0.000067, 0.000047, 0.000047
4793, 0.000067, 0.000047, 0.000046
4794, 0.000068, 0.000045, 0.000045
4795, 0.000067, 0.000047, 0.000046
4796, 0.000068, 0.000047, 0.000046
4797, 0.000069, 0.000047, 0.000046
4798, 0.000070, 0.000048, 0.000047
4799, 0.000070, 0.000050, 0.000047
4800, 0.000069, 0.000049, 0.000049
4801, 0.000069, 0.000049, 0.000048
4802, 0.000070, 0.000047, 0.000047
4803, 0.000068, 0.000047, 0.000046
4804, 0.000066, 0.000048, 0.000047
4805, 0.000068, 0.000050, 0.000050
4806, 0.000069, 0.000053, 0.000051
4807, 0.000072, 0.000053, 0.000053
4808, 0.000073, 0.000056, 0.000053
4809, 0.000073, 0.000051, 0.000052
4810, 0.000071, 0.000051, 0.000048
4811, 0.000069, 0.000047, 0.000046
4812, 0.000067, 0.000046, 0.000045
4813, 0.000066, 0.000046, 0.000046
4814, 0.000066, 0.000046, 0.000047
4815, 0.000067, 0.000049, 0.000049
4816, 0.000068, 0.000051, 0.000052
4817, 0.000070, 0.000052, 0.000051
4818, 0.000071, 0.000051, 0.000050
4819, 0.000069, 0.000049, 0.000047
4820, 0.000069, 0.000048, 0.000047
4821, 0.000066, 0.000047, 0.000046
4822, 0.000065, 0.000046, 0.000047
4823, 0.000066, 0.000047, 0.000046
4824, 0.000065, 0.000045, 0.000045
4825, 0.000067, 0.000048, 0.000049
4826, 0.000067, 0.000054, 0.000052
4827, 0.000072, 0.000056, 0.000058
4828, 0.000075, 0.000060, 0.000057
4829, 0.000075, 0.000053, 0.000054
4830, 0.000073, 0.000051, 0.000049
4831, 0.000071, 0.000047, 0.000047
4832, 0.000065, 0.000047, 0.000046
4833, 0.000067, 0.000054, 0.000052
4834, 0.000073, 0.000058, 0.000058
4835, 0.000076, 0.000057, 0.000054
4836, 0.000075, 0.000053, 0.000054
4837, 0.000074, 0.000056, 0.000053
4838, 0.000073, 0.000053, 0.000054
4839, 0.000072, 0.000050, 0.000048
4840, 0.000068, 0.000046, 0.000046
4841, 0.000066, 0.000046, 0.000046
4842, 0.000067, 0.000049, 0.000048
4843, 0.000067, 0.000047, 0.000048
