Epoch, Train Loss, Valid Loss, Test Loss
1, 0.408603, 0.542096, 0.543747
2, 0.352201, 0.475935, 0.478248
3, 0.308956, 0.417613, 0.420784
4, 0.276477, 0.369419, 0.373145
5, 0.251817, 0.331177, 0.335440
6, 0.232497, 0.306700, 0.311031
7, 0.219268, 0.286631, 0.290964
8, 0.207353, 0.269095, 0.273324
9, 0.195841, 0.251730, 0.255595
10, 0.183754, 0.234697, 0.238226
11, 0.171523, 0.218173, 0.221360
12, 0.159253, 0.202204, 0.205005
13, 0.147120, 0.187469, 0.189917
14, 0.135781, 0.173507, 0.175675
15, 0.125181, 0.160006, 0.161942
16, 0.115115, 0.147121, 0.148860
17, 0.105612, 0.134715, 0.136279
18, 0.096556, 0.122584, 0.123999
19, 0.087808, 0.110698, 0.111995
20, 0.079337, 0.099189, 0.100396
21, 0.071214, 0.088256, 0.089385
22, 0.063533, 0.078109, 0.079165
23, 0.056389, 0.068920, 0.069901
24, 0.049878, 0.060722, 0.061622
25, 0.044042, 0.053459, 0.054280
26, 0.038862, 0.047069, 0.047822
27, 0.034281, 0.041488, 0.042181
28, 0.030257, 0.036652, 0.037292
29, 0.026746, 0.032434, 0.033025
30, 0.023673, 0.028683, 0.029232
31, 0.020983, 0.025348, 0.025858
32, 0.018577, 0.022425, 0.022899
33, 0.016506, 0.019914, 0.020353
34, 0.014697, 0.017766, 0.018175
35, 0.013146, 0.015938, 0.016320
36, 0.011829, 0.014380, 0.014740
37, 0.010708, 0.013063, 0.013407
38, 0.009770, 0.011946, 0.012276
39, 0.008968, 0.010991, 0.011308
40, 0.008275, 0.010156, 0.010461
41, 0.007660, 0.009394, 0.009688
42, 0.007123, 0.008679, 0.008964
43, 0.006621, 0.008042, 0.008316
44, 0.006179, 0.007474, 0.007737
45, 0.005782, 0.006968, 0.007221
46, 0.005423, 0.006515, 0.006758
47, 0.005115, 0.006103, 0.006338
48, 0.004835, 0.005740, 0.005969
49, 0.004593, 0.005426, 0.005649
50, 0.004383, 0.005160, 0.005377
51, 0.004199, 0.004936, 0.005145
52, 0.004031, 0.004736, 0.004937
53, 0.003878, 0.004552, 0.004745
54, 0.003746, 0.004384, 0.004570
55, 0.003628, 0.004234, 0.004414
56, 0.003517, 0.004102, 0.004276
57, 0.003421, 0.003981, 0.004150
58, 0.003336, 0.003878, 0.004043
59, 0.003266, 0.003793, 0.003953
60, 0.003208, 0.003723, 0.003879
61, 0.003152, 0.003658, 0.003809
62, 0.003100, 0.003593, 0.003739
63, 0.003060, 0.003528, 0.003671
64, 0.003022, 0.003465, 0.003602
65, 0.002983, 0.003417, 0.003550
66, 0.002943, 0.003372, 0.003501
67, 0.002902, 0.003331, 0.003457
68, 0.002883, 0.003285, 0.003408
69, 0.002851, 0.003248, 0.003367
70, 0.002832, 0.003217, 0.003333
71, 0.002802, 0.003192, 0.003304
72, 0.002778, 0.003162, 0.003271
73, 0.002762, 0.003137, 0.003244
74, 0.002743, 0.003112, 0.003215
75, 0.002727, 0.003086, 0.003187
76, 0.002705, 0.003063, 0.003161
77, 0.002696, 0.003049, 0.003144
78, 0.002681, 0.003039, 0.003131
79, 0.002668, 0.003023, 0.003112
80, 0.002651, 0.003001, 0.003088
81, 0.002642, 0.002984, 0.003069
82, 0.002632, 0.002968, 0.003052
83, 0.002623, 0.002961, 0.003042
84, 0.002610, 0.002957, 0.003035
85, 0.002606, 0.002943, 0.003018
86, 0.002594, 0.002935, 0.003008
87, 0.002585, 0.002923, 0.002994
88, 0.002579, 0.002909, 0.002979
89, 0.002571, 0.002899, 0.002967
90, 0.002569, 0.002889, 0.002955
91, 0.002555, 0.002884, 0.002947
92, 0.002554, 0.002882, 0.002942
93, 0.002553, 0.002879, 0.002937
94, 0.002542, 0.002870, 0.002925
95, 0.002536, 0.002862, 0.002916
96, 0.002525, 0.002856, 0.002908
97, 0.002526, 0.002849, 0.002900
98, 0.002521, 0.002841, 0.002890
99, 0.002511, 0.002841, 0.002888
100, 0.002512, 0.002842, 0.002888
101, 0.002507, 0.002840, 0.002884
102, 0.002497, 0.002831, 0.002875
103, 0.002498, 0.002819, 0.002862
104, 0.002495, 0.002817, 0.002858
105, 0.002489, 0.002820, 0.002858
106, 0.002484, 0.002822, 0.002859
107, 0.002485, 0.002817, 0.002853
108, 0.002476, 0.002810, 0.002845
109, 0.002472, 0.002802, 0.002835
110, 0.002472, 0.002801, 0.002832
111, 0.002470, 0.002804, 0.002834
112, 0.002470, 0.002800, 0.002829
113, 0.002463, 0.002794, 0.002822
114, 0.002460, 0.002789, 0.002817
115, 0.002463, 0.002789, 0.002816
116, 0.002447, 0.002788, 0.002814
117, 0.002447, 0.002784, 0.002809
118, 0.002444, 0.002780, 0.002804
119, 0.002444, 0.002781, 0.002804
120, 0.002443, 0.002782, 0.002804
121, 0.002437, 0.002778, 0.002799
122, 0.002438, 0.002774, 0.002794
123, 0.002437, 0.002773, 0.002792
124, 0.002433, 0.002772, 0.002789
125, 0.002432, 0.002773, 0.002789
126, 0.002427, 0.002769, 0.002785
127, 0.002425, 0.002760, 0.002776
128, 0.002425, 0.002758, 0.002774
129, 0.002424, 0.002759, 0.002774
130, 0.002419, 0.002765, 0.002778
131, 0.002417, 0.002764, 0.002775
132, 0.002411, 0.002757, 0.002768
133, 0.002407, 0.002752, 0.002763
134, 0.002406, 0.002753, 0.002763
135, 0.002400, 0.002753, 0.002762
136, 0.002404, 0.002750, 0.002758
137, 0.002403, 0.002751, 0.002758
138, 0.002396, 0.002749, 0.002755
139, 0.002395, 0.002749, 0.002754
140, 0.002389, 0.002743, 0.002748
141, 0.002386, 0.002740, 0.002745
142, 0.002383, 0.002739, 0.002744
143, 0.002380, 0.002741, 0.002745
144, 0.002381, 0.002741, 0.002745
145, 0.002378, 0.002743, 0.002746
146, 0.002373, 0.002740, 0.002742
147, 0.002375, 0.002734, 0.002736
148, 0.002367, 0.002730, 0.002732
149, 0.002375, 0.002728, 0.002730
150, 0.002367, 0.002727, 0.002728
151, 0.002362, 0.002729, 0.002729
152, 0.002364, 0.002730, 0.002728
153, 0.002356, 0.002729, 0.002727
154, 0.002362, 0.002725, 0.002723
155, 0.002356, 0.002724, 0.002722
156, 0.002353, 0.002724, 0.002721
157, 0.002352, 0.002724, 0.002721
158, 0.002348, 0.002723, 0.002719
159, 0.002348, 0.002724, 0.002720
160, 0.002346, 0.002718, 0.002713
161, 0.002344, 0.002721, 0.002716
162, 0.002337, 0.002719, 0.002713
163, 0.002342, 0.002714, 0.002708
164, 0.002337, 0.002711, 0.002704
165, 0.002333, 0.002715, 0.002708
166, 0.002335, 0.002718, 0.002710
167, 0.002329, 0.002717, 0.002708
168, 0.002329, 0.002710, 0.002702
169, 0.002327, 0.002720, 0.002710
170, 0.002336, 0.002726, 0.002715
171, 0.002336, 0.002728, 0.002718
172, 0.002334, 0.002720, 0.002710
173, 0.002327, 0.002712, 0.002702
174, 0.002325, 0.002706, 0.002696
175, 0.002317, 0.002701, 0.002690
176, 0.002327, 0.002701, 0.002690
177, 0.002317, 0.002700, 0.002689
178, 0.002319, 0.002699, 0.002688
179, 0.002316, 0.002699, 0.002687
180, 0.002312, 0.002696, 0.002684
181, 0.002313, 0.002692, 0.002680
182, 0.002305, 0.002686, 0.002673
183, 0.002304, 0.002677, 0.002664
184, 0.002299, 0.002671, 0.002658
185, 0.002294, 0.002666, 0.002652
186, 0.002290, 0.002664, 0.002650
187, 0.002286, 0.002657, 0.002643
188, 0.002278, 0.002653, 0.002639
189, 0.002275, 0.002646, 0.002631
190, 0.002273, 0.002644, 0.002629
191, 0.002265, 0.002638, 0.002623
192, 0.002262, 0.002634, 0.002620
193, 0.002257, 0.002631, 0.002617
194, 0.002254, 0.002628, 0.002613
195, 0.002253, 0.002628, 0.002613
196, 0.002253, 0.002629, 0.002614
197, 0.002253, 0.002630, 0.002615
198, 0.002249, 0.002628, 0.002612
199, 0.002242, 0.002625, 0.002609
200, 0.002244, 0.002623, 0.002606
201, 0.002239, 0.002622, 0.002606
202, 0.002238, 0.002624, 0.002608
203, 0.002239, 0.002625, 0.002608
204, 0.002233, 0.002621, 0.002603
205, 0.002238, 0.002618, 0.002599
206, 0.002234, 0.002615, 0.002597
207, 0.002230, 0.002613, 0.002595
208, 0.002228, 0.002614, 0.002596
209, 0.002227, 0.002612, 0.002594
210, 0.002221, 0.002611, 0.002592
211, 0.002224, 0.002609, 0.002589
212, 0.002223, 0.002610, 0.002590
213, 0.002221, 0.002608, 0.002589
214, 0.002214, 0.002605, 0.002587
215, 0.002218, 0.002603, 0.002584
216, 0.002214, 0.002602, 0.002583
217, 0.002212, 0.002600, 0.002581
218, 0.002213, 0.002601, 0.002581
219, 0.002207, 0.002598, 0.002578
220, 0.002206, 0.002597, 0.002577
221, 0.002206, 0.002594, 0.002575
222, 0.002205, 0.002593, 0.002574
223, 0.002202, 0.002592, 0.002572
224, 0.002201, 0.002592, 0.002571
225, 0.002197, 0.002591, 0.002570
226, 0.002194, 0.002589, 0.002569
227, 0.002194, 0.002587, 0.002567
228, 0.002196, 0.002585, 0.002564
229, 0.002190, 0.002585, 0.002563
230, 0.002188, 0.002585, 0.002563
231, 0.002188, 0.002582, 0.002561
232, 0.002185, 0.002580, 0.002560
233, 0.002184, 0.002580, 0.002558
234, 0.002182, 0.002580, 0.002558
235, 0.002182, 0.002577, 0.002555
236, 0.002181, 0.002575, 0.002553
237, 0.002181, 0.002572, 0.002551
238, 0.002178, 0.002572, 0.002550
239, 0.002174, 0.002573, 0.002550
240, 0.002176, 0.002570, 0.002548
241, 0.002171, 0.002567, 0.002545
242, 0.002170, 0.002564, 0.002542
243, 0.002170, 0.002563, 0.002540
244, 0.002166, 0.002563, 0.002539
245, 0.002164, 0.002562, 0.002539
246, 0.002163, 0.002561, 0.002537
247, 0.002159, 0.002558, 0.002535
248, 0.002158, 0.002555, 0.002532
249, 0.002160, 0.002554, 0.002530
250, 0.002155, 0.002551, 0.002528
251, 0.002154, 0.002552, 0.002528
252, 0.002153, 0.002551, 0.002527
253, 0.002152, 0.002549, 0.002524
254, 0.002156, 0.002547, 0.002522
255, 0.002147, 0.002544, 0.002520
256, 0.002147, 0.002543, 0.002519
257, 0.002147, 0.002542, 0.002518
258, 0.002141, 0.002542, 0.002517
259, 0.002144, 0.002540, 0.002515
260, 0.002140, 0.002535, 0.002510
261, 0.002137, 0.002533, 0.002508
262, 0.002135, 0.002532, 0.002508
263, 0.002134, 0.002532, 0.002506
264, 0.002134, 0.002531, 0.002505
265, 0.002129, 0.002528, 0.002503
266, 0.002130, 0.002524, 0.002499
267, 0.002127, 0.002522, 0.002496
268, 0.002128, 0.002521, 0.002495
269, 0.002123, 0.002521, 0.002495
270, 0.002122, 0.002520, 0.002494
271, 0.002123, 0.002517, 0.002491
272, 0.002121, 0.002515, 0.002488
273, 0.002117, 0.002512, 0.002485
274, 0.002117, 0.002509, 0.002482
275, 0.002112, 0.002509, 0.002483
276, 0.002110, 0.002510, 0.002483
277, 0.002111, 0.002507, 0.002480
278, 0.002109, 0.002505, 0.002477
279, 0.002109, 0.002503, 0.002475
280, 0.002104, 0.002501, 0.002473
281, 0.002106, 0.002497, 0.002470
282, 0.002106, 0.002497, 0.002470
283, 0.002103, 0.002497, 0.002470
284, 0.002103, 0.002497, 0.002469
285, 0.002099, 0.002494, 0.002466
286, 0.002099, 0.002491, 0.002464
287, 0.002097, 0.002487, 0.002459
288, 0.002091, 0.002486, 0.002459
289, 0.002093, 0.002486, 0.002459
290, 0.002093, 0.002484, 0.002456
291, 0.002091, 0.002484, 0.002457
292, 0.002086, 0.002485, 0.002458
293, 0.002088, 0.002481, 0.002453
294, 0.002088, 0.002477, 0.002449
295, 0.002085, 0.002478, 0.002450
296, 0.002081, 0.002479, 0.002451
297, 0.002083, 0.002477, 0.002449
298, 0.002081, 0.002473, 0.002445
299, 0.002077, 0.002471, 0.002443
300, 0.002078, 0.002472, 0.002444
301, 0.002079, 0.002470, 0.002442
302, 0.002076, 0.002469, 0.002440
303, 0.002074, 0.002471, 0.002442
304, 0.002077, 0.002470, 0.002441
305, 0.002075, 0.002465, 0.002436
306, 0.002072, 0.002463, 0.002433
307, 0.002069, 0.002466, 0.002437
308, 0.002070, 0.002463, 0.002434
309, 0.002068, 0.002460, 0.002431
310, 0.002065, 0.002461, 0.002433
311, 0.002067, 0.002462, 0.002433
312, 0.002066, 0.002460, 0.002431
313, 0.002064, 0.002460, 0.002431
314, 0.002064, 0.002459, 0.002430
315, 0.002062, 0.002457, 0.002429
316, 0.002062, 0.002456, 0.002428
317, 0.002059, 0.002454, 0.002425
318, 0.002061, 0.002453, 0.002424
319, 0.002059, 0.002454, 0.002425
320, 0.002060, 0.002453, 0.002424
321, 0.002059, 0.002450, 0.002421
322, 0.002056, 0.002453, 0.002424
323, 0.002059, 0.002456, 0.002426
324, 0.002058, 0.002450, 0.002421
325, 0.002055, 0.002448, 0.002419
326, 0.002053, 0.002447, 0.002418
327, 0.002053, 0.002446, 0.002417
328, 0.002050, 0.002447, 0.002417
329, 0.002053, 0.002447, 0.002418
330, 0.002052, 0.002446, 0.002416
331, 0.002049, 0.002447, 0.002418
332, 0.002051, 0.002446, 0.002416
333, 0.002049, 0.002446, 0.002416
334, 0.002048, 0.002443, 0.002413
335, 0.002045, 0.002441, 0.002412
336, 0.002045, 0.002447, 0.002418
337, 0.002046, 0.002443, 0.002414
338, 0.002047, 0.002437, 0.002408
339, 0.002045, 0.002440, 0.002411
340, 0.002045, 0.002443, 0.002414
341, 0.002044, 0.002438, 0.002409
342, 0.002041, 0.002439, 0.002410
343, 0.002043, 0.002444, 0.002414
344, 0.002039, 0.002435, 0.002406
345, 0.002039, 0.002432, 0.002403
346, 0.002040, 0.002439, 0.002409
347, 0.002039, 0.002438, 0.002408
348, 0.002038, 0.002434, 0.002404
349, 0.002042, 0.002436, 0.002406
350, 0.002038, 0.002436, 0.002406
351, 0.002037, 0.002431, 0.002401
352, 0.002038, 0.002432, 0.002402
353, 0.002036, 0.002433, 0.002403
354, 0.002035, 0.002430, 0.002401
355, 0.002036, 0.002430, 0.002401
356, 0.002035, 0.002432, 0.002403
357, 0.002035, 0.002427, 0.002398
358, 0.002032, 0.002427, 0.002398
359, 0.002031, 0.002430, 0.002400
360, 0.002033, 0.002432, 0.002402
361, 0.002033, 0.002425, 0.002396
362, 0.002033, 0.002425, 0.002395
363, 0.002032, 0.002427, 0.002397
364, 0.002028, 0.002424, 0.002395
365, 0.002030, 0.002422, 0.002393
366, 0.002030, 0.002425, 0.002395
367, 0.002027, 0.002424, 0.002394
368, 0.002026, 0.002421, 0.002392
369, 0.002028, 0.002422, 0.002392
370, 0.002027, 0.002424, 0.002394
371, 0.002028, 0.002421, 0.002391
372, 0.002029, 0.002420, 0.002390
373, 0.002026, 0.002422, 0.002392
374, 0.002025, 0.002419, 0.002389
375, 0.002024, 0.002420, 0.002390
376, 0.002023, 0.002422, 0.002392
377, 0.002024, 0.002418, 0.002388
378, 0.002025, 0.002419, 0.002388
379, 0.002026, 0.002420, 0.002390
380, 0.002022, 0.002416, 0.002386
381, 0.002020, 0.002418, 0.002388
382, 0.002021, 0.002419, 0.002388
383, 0.002021, 0.002415, 0.002385
384, 0.002025, 0.002416, 0.002386
385, 0.002021, 0.002419, 0.002389
386, 0.002019, 0.002415, 0.002384
387, 0.002020, 0.002413, 0.002383
388, 0.002019, 0.002413, 0.002383
389, 0.002018, 0.002417, 0.002386
390, 0.002019, 0.002413, 0.002383
391, 0.002019, 0.002413, 0.002382
392, 0.002018, 0.002418, 0.002387
393, 0.002019, 0.002411, 0.002380
394, 0.002016, 0.002411, 0.002381
395, 0.002013, 0.002414, 0.002383
396, 0.002016, 0.002414, 0.002384
397, 0.002014, 0.002410, 0.002380
398, 0.002015, 0.002413, 0.002383
399, 0.002016, 0.002411, 0.002380
400, 0.002016, 0.002406, 0.002376
401, 0.002014, 0.002410, 0.002380
402, 0.002011, 0.002414, 0.002383
403, 0.002013, 0.002408, 0.002379
404, 0.002015, 0.002408, 0.002378
405, 0.002012, 0.002410, 0.002379
406, 0.002011, 0.002407, 0.002376
407, 0.002012, 0.002405, 0.002374
408, 0.002010, 0.002408, 0.002377
409, 0.002012, 0.002406, 0.002375
410, 0.002009, 0.002408, 0.002377
411, 0.002009, 0.002406, 0.002376
412, 0.002009, 0.002406, 0.002375
413, 0.002010, 0.002405, 0.002374
414, 0.002008, 0.002406, 0.002375
415, 0.002007, 0.002405, 0.002375
416, 0.002012, 0.002404, 0.002373
417, 0.002006, 0.002407, 0.002375
418, 0.002006, 0.002400, 0.002371
419, 0.002009, 0.002405, 0.002375
420, 0.002004, 0.002409, 0.002378
421, 0.002005, 0.002401, 0.002371
422, 0.002008, 0.002402, 0.002372
423, 0.002006, 0.002413, 0.002381
424, 0.002008, 0.002400, 0.002370
425, 0.002008, 0.002399, 0.002369
426, 0.002007, 0.002421, 0.002388
427, 0.002007, 0.002400, 0.002370
428, 0.002008, 0.002398, 0.002369
429, 0.002008, 0.002414, 0.002381
430, 0.002011, 0.002399, 0.002368
431, 0.002002, 0.002398, 0.002369
432, 0.002006, 0.002407, 0.002375
433, 0.002005, 0.002406, 0.002373
434, 0.002005, 0.002398, 0.002369
435, 0.002005, 0.002410, 0.002378
436, 0.002001, 0.002409, 0.002377
437, 0.002002, 0.002398, 0.002369
438, 0.002006, 0.002402, 0.002370
439, 0.002000, 0.002404, 0.002372
440, 0.002002, 0.002394, 0.002366
441, 0.002003, 0.002399, 0.002368
442, 0.002003, 0.002405, 0.002373
443, 0.002003, 0.002396, 0.002367
444, 0.002002, 0.002399, 0.002369
445, 0.001997, 0.002404, 0.002372
446, 0.002001, 0.002395, 0.002365
447, 0.002001, 0.002395, 0.002365
448, 0.001999, 0.002406, 0.002374
449, 0.002000, 0.002396, 0.002365
450, 0.001997, 0.002394, 0.002364
451, 0.001998, 0.002401, 0.002369
452, 0.001999, 0.002396, 0.002365
453, 0.001995, 0.002392, 0.002362
454, 0.002001, 0.002399, 0.002367
455, 0.001998, 0.002400, 0.002368
456, 0.001997, 0.002394, 0.002363
457, 0.001995, 0.002397, 0.002365
458, 0.001996, 0.002396, 0.002365
459, 0.001999, 0.002396, 0.002365
460, 0.001996, 0.002394, 0.002364
461, 0.001997, 0.002394, 0.002363
462, 0.001995, 0.002394, 0.002363
463, 0.001996, 0.002392, 0.002362
464, 0.001994, 0.002396, 0.002365
465, 0.001995, 0.002395, 0.002364
466, 0.001994, 0.002390, 0.002360
467, 0.001996, 0.002397, 0.002365
468, 0.001994, 0.002399, 0.002367
469, 0.001995, 0.002390, 0.002360
470, 0.001998, 0.002396, 0.002364
471, 0.001992, 0.002397, 0.002365
472, 0.001997, 0.002389, 0.002360
473, 0.001994, 0.002393, 0.002362
474, 0.001992, 0.002394, 0.002363
475, 0.001995, 0.002389, 0.002359
476, 0.001996, 0.002393, 0.002362
477, 0.001989, 0.002397, 0.002365
478, 0.001992, 0.002388, 0.002358
479, 0.001996, 0.002392, 0.002361
480, 0.001991, 0.002394, 0.002362
481, 0.001992, 0.002387, 0.002357
482, 0.001991, 0.002392, 0.002361
483, 0.001990, 0.002392, 0.002361
484, 0.001990, 0.002390, 0.002359
485, 0.001989, 0.002389, 0.002358
486, 0.001994, 0.002396, 0.002363
487, 0.001992, 0.002388, 0.002357
488, 0.001991, 0.002389, 0.002357
489, 0.001990, 0.002396, 0.002363
490, 0.001991, 0.002388, 0.002357
491, 0.001988, 0.002387, 0.002356
492, 0.001989, 0.002391, 0.002359
493, 0.001988, 0.002388, 0.002357
494, 0.001989, 0.002386, 0.002356
495, 0.001988, 0.002395, 0.002362
496, 0.001990, 0.002390, 0.002359
497, 0.001990, 0.002385, 0.002355
498, 0.001989, 0.002392, 0.002360
499, 0.001989, 0.002388, 0.002357
500, 0.001988, 0.002384, 0.002354
501, 0.001986, 0.002394, 0.002362
502, 0.001988, 0.002386, 0.002356
503, 0.001988, 0.002383, 0.002354
504, 0.001986, 0.002389, 0.002357
505, 0.001986, 0.002390, 0.002358
506, 0.001988, 0.002382, 0.002352
507, 0.001990, 0.002393, 0.002361
508, 0.001986, 0.002391, 0.002359
509, 0.001987, 0.002383, 0.002355
510, 0.001987, 0.002392, 0.002360
511, 0.001986, 0.002393, 0.002361
512, 0.001988, 0.002381, 0.002352
513, 0.001990, 0.002395, 0.002363
514, 0.001988, 0.002386, 0.002355
515, 0.001986, 0.002381, 0.002352
516, 0.001986, 0.002393, 0.002361
517, 0.001982, 0.002388, 0.002357
518, 0.001985, 0.002381, 0.002351
519, 0.001986, 0.002397, 0.002363
520, 0.001986, 0.002385, 0.002353
521, 0.001983, 0.002380, 0.002350
522, 0.001985, 0.002396, 0.002363
523, 0.001986, 0.002384, 0.002352
524, 0.001984, 0.002380, 0.002350
525, 0.001982, 0.002393, 0.002360
526, 0.001984, 0.002384, 0.002352
527, 0.001982, 0.002380, 0.002350
528, 0.001984, 0.002395, 0.002362
529, 0.001983, 0.002378, 0.002349
530, 0.001981, 0.002379, 0.002349
531, 0.001980, 0.002401, 0.002368
532, 0.001986, 0.002379, 0.002349
533, 0.001984, 0.002382, 0.002351
534, 0.001980, 0.002390, 0.002359
535, 0.001981, 0.002381, 0.002351
536, 0.001981, 0.002381, 0.002350
537, 0.001980, 0.002387, 0.002355
538, 0.001985, 0.002381, 0.002350
539, 0.001981, 0.002379, 0.002348
540, 0.001979, 0.002388, 0.002356
541, 0.001980, 0.002380, 0.002349
542, 0.001979, 0.002377, 0.002347
543, 0.001982, 0.002385, 0.002353
544, 0.001981, 0.002380, 0.002349
545, 0.001977, 0.002378, 0.002348
546, 0.001977, 0.002382, 0.002351
547, 0.001980, 0.002377, 0.002347
548, 0.001976, 0.002382, 0.002351
549, 0.001978, 0.002383, 0.002352
550, 0.001976, 0.002378, 0.002348
551, 0.001978, 0.002381, 0.002350
552, 0.001975, 0.002375, 0.002345
553, 0.001978, 0.002382, 0.002351
554, 0.001976, 0.002376, 0.002345
555, 0.001979, 0.002381, 0.002350
556, 0.001974, 0.002376, 0.002346
557, 0.001975, 0.002377, 0.002347
558, 0.001976, 0.002379, 0.002348
559, 0.001973, 0.002377, 0.002346
560, 0.001975, 0.002378, 0.002348
561, 0.001976, 0.002379, 0.002349
562, 0.001973, 0.002376, 0.002346
563, 0.001975, 0.002380, 0.002349
564, 0.001977, 0.002372, 0.002343
565, 0.001976, 0.002377, 0.002347
566, 0.001974, 0.002381, 0.002349
567, 0.001973, 0.002373, 0.002343
568, 0.001974, 0.002379, 0.002348
569, 0.001976, 0.002378, 0.002346
570, 0.001971, 0.002370, 0.002340
571, 0.001973, 0.002376, 0.002345
572, 0.001972, 0.002375, 0.002344
573, 0.001969, 0.002374, 0.002343
574, 0.001970, 0.002379, 0.002347
575, 0.001973, 0.002371, 0.002341
576, 0.001973, 0.002377, 0.002346
577, 0.001974, 0.002379, 0.002348
578, 0.001971, 0.002368, 0.002340
579, 0.001975, 0.002378, 0.002347
580, 0.001971, 0.002374, 0.002343
581, 0.001972, 0.002369, 0.002339
582, 0.001970, 0.002375, 0.002344
583, 0.001971, 0.002377, 0.002346
584, 0.001971, 0.002371, 0.002340
585, 0.001970, 0.002372, 0.002341
586, 0.001969, 0.002377, 0.002346
587, 0.001971, 0.002366, 0.002337
588, 0.001972, 0.002378, 0.002346
589, 0.001971, 0.002369, 0.002338
590, 0.001969, 0.002368, 0.002338
591, 0.001969, 0.002378, 0.002346
592, 0.001969, 0.002371, 0.002340
593, 0.001966, 0.002368, 0.002338
594, 0.001967, 0.002376, 0.002345
595, 0.001967, 0.002365, 0.002336
596, 0.001971, 0.002373, 0.002342
597, 0.001966, 0.002372, 0.002341
598, 0.001968, 0.002365, 0.002335
599, 0.001966, 0.002370, 0.002340
600, 0.001965, 0.002375, 0.002344
601, 0.001969, 0.002361, 0.002332
602, 0.001969, 0.002375, 0.002344
603, 0.001969, 0.002369, 0.002339
604, 0.001966, 0.002363, 0.002334
605, 0.001965, 0.002388, 0.002354
606, 0.001969, 0.002363, 0.002333
607, 0.001964, 0.002362, 0.002333
608, 0.001963, 0.002383, 0.002350
609, 0.001967, 0.002361, 0.002332
610, 0.001968, 0.002367, 0.002337
611, 0.001963, 0.002379, 0.002346
612, 0.001966, 0.002358, 0.002330
613, 0.001969, 0.002381, 0.002348
614, 0.001965, 0.002363, 0.002332
615, 0.001962, 0.002359, 0.002330
616, 0.001963, 0.002377, 0.002344
617, 0.001968, 0.002361, 0.002330
618, 0.001961, 0.002360, 0.002330
619, 0.001962, 0.002373, 0.002341
620, 0.001962, 0.002357, 0.002327
621, 0.001961, 0.002362, 0.002332
622, 0.001960, 0.002364, 0.002334
623, 0.001962, 0.002359, 0.002330
624, 0.001963, 0.002366, 0.002336
625, 0.001961, 0.002361, 0.002331
626, 0.001960, 0.002363, 0.002332
627, 0.001956, 0.002359, 0.002329
628, 0.001958, 0.002357, 0.002327
629, 0.001960, 0.002368, 0.002336
630, 0.001958, 0.002361, 0.002330
631, 0.001958, 0.002354, 0.002324
632, 0.001958, 0.002371, 0.002339
633, 0.001962, 0.002353, 0.002323
634, 0.001957, 0.002358, 0.002327
635, 0.001956, 0.002363, 0.002332
636, 0.001957, 0.002349, 0.002320
637, 0.001959, 0.002362, 0.002330
638, 0.001956, 0.002362, 0.002331
639, 0.001957, 0.002350, 0.002322
640, 0.001956, 0.002369, 0.002338
641, 0.001956, 0.002352, 0.002323
642, 0.001954, 0.002348, 0.002320
643, 0.001957, 0.002370, 0.002338
644, 0.001957, 0.002345, 0.002318
645, 0.001959, 0.002359, 0.002329
646, 0.001954, 0.002358, 0.002328
647, 0.001952, 0.002347, 0.002319
648, 0.001955, 0.002361, 0.002329
649, 0.001951, 0.002350, 0.002320
650, 0.001953, 0.002347, 0.002317
651, 0.001951, 0.002351, 0.002321
652, 0.001952, 0.002351, 0.002320
653, 0.001948, 0.002347, 0.002317
654, 0.001948, 0.002352, 0.002321
655, 0.001950, 0.002344, 0.002315
656, 0.001950, 0.002352, 0.002322
657, 0.001948, 0.002345, 0.002315
658, 0.001949, 0.002346, 0.002316
659, 0.001949, 0.002357, 0.002325
660, 0.001949, 0.002339, 0.002310
661, 0.001949, 0.002348, 0.002318
662, 0.001947, 0.002343, 0.002313
663, 0.001946, 0.002343, 0.002313
664, 0.001948, 0.002346, 0.002315
665, 0.001948, 0.002344, 0.002314
666, 0.001945, 0.002343, 0.002313
667, 0.001947, 0.002345, 0.002314
668, 0.001942, 0.002339, 0.002309
669, 0.001941, 0.002343, 0.002313
670, 0.001943, 0.002339, 0.002309
671, 0.001943, 0.002343, 0.002313
672, 0.001942, 0.002337, 0.002307
673, 0.001941, 0.002345, 0.002314
674, 0.001945, 0.002333, 0.002303
675, 0.001942, 0.002336, 0.002307
676, 0.001941, 0.002341, 0.002311
677, 0.001940, 0.002332, 0.002304
678, 0.001941, 0.002349, 0.002318
679, 0.001942, 0.002331, 0.002303
680, 0.001940, 0.002339, 0.002309
681, 0.001940, 0.002336, 0.002306
682, 0.001941, 0.002327, 0.002298
683, 0.001939, 0.002336, 0.002306
684, 0.001938, 0.002326, 0.002297
685, 0.001936, 0.002336, 0.002305
686, 0.001938, 0.002339, 0.002308
687, 0.001934, 0.002322, 0.002295
688, 0.001938, 0.002345, 0.002314
689, 0.001939, 0.002327, 0.002297
690, 0.001934, 0.002320, 0.002292
691, 0.001935, 0.002347, 0.002316
692, 0.001940, 0.002317, 0.002290
693, 0.001937, 0.002338, 0.002308
694, 0.001932, 0.002322, 0.002293
695, 0.001933, 0.002318, 0.002289
696, 0.001929, 0.002336, 0.002305
697, 0.001935, 0.002313, 0.002286
698, 0.001931, 0.002337, 0.002305
699, 0.001931, 0.002320, 0.002290
700, 0.001928, 0.002316, 0.002287
701, 0.001930, 0.002329, 0.002298
702, 0.001927, 0.002310, 0.002282
703, 0.001927, 0.002329, 0.002298
704, 0.001927, 0.002313, 0.002284
705, 0.001924, 0.002311, 0.002282
706, 0.001927, 0.002327, 0.002296
707, 0.001926, 0.002305, 0.002277
708, 0.001924, 0.002319, 0.002288
709, 0.001922, 0.002312, 0.002283
710, 0.001921, 0.002301, 0.002274
711, 0.001923, 0.002333, 0.002301
712, 0.001926, 0.002300, 0.002272
713, 0.001920, 0.002309, 0.002279
714, 0.001919, 0.002310, 0.002280
715, 0.001915, 0.002299, 0.002271
716, 0.001915, 0.002306, 0.002276
717, 0.001914, 0.002305, 0.002275
718, 0.001916, 0.002296, 0.002267
719, 0.001917, 0.002304, 0.002274
720, 0.001913, 0.002302, 0.002272
721, 0.001914, 0.002295, 0.002266
722, 0.001910, 0.002298, 0.002269
723, 0.001909, 0.002295, 0.002266
724, 0.001912, 0.002290, 0.002261
725, 0.001909, 0.002289, 0.002260
726, 0.001908, 0.002301, 0.002271
727, 0.001907, 0.002284, 0.002257
728, 0.001908, 0.002296, 0.002267
729, 0.001906, 0.002286, 0.002257
730, 0.001907, 0.002282, 0.002253
731, 0.001902, 0.002294, 0.002263
732, 0.001906, 0.002278, 0.002249
733, 0.001903, 0.002286, 0.002256
734, 0.001900, 0.002288, 0.002257
735, 0.001899, 0.002272, 0.002244
736, 0.001902, 0.002291, 0.002260
737, 0.001901, 0.002269, 0.002241
738, 0.001897, 0.002273, 0.002245
739, 0.001893, 0.002281, 0.002252
740, 0.001896, 0.002265, 0.002238
741, 0.001896, 0.002280, 0.002251
742, 0.001895, 0.002265, 0.002237
743, 0.001892, 0.002265, 0.002236
744, 0.001892, 0.002273, 0.002243
745, 0.001892, 0.002255, 0.002228
746, 0.001891, 0.002277, 0.002246
747, 0.001890, 0.002256, 0.002228
748, 0.001885, 0.002256, 0.002228
749, 0.001884, 0.002261, 0.002231
750, 0.001882, 0.002250, 0.002222
751, 0.001881, 0.002254, 0.002225
752, 0.001880, 0.002255, 0.002226
753, 0.001879, 0.002244, 0.002216
754, 0.001879, 0.002254, 0.002225
755, 0.001876, 0.002245, 0.002217
756, 0.001875, 0.002239, 0.002212
757, 0.001873, 0.002250, 0.002221
758, 0.001879, 0.002232, 0.002206
759, 0.001873, 0.002251, 0.002222
760, 0.001874, 0.002228, 0.002202
761, 0.001869, 0.002242, 0.002212
762, 0.001869, 0.002235, 0.002206
763, 0.001867, 0.002220, 0.002195
764, 0.001871, 0.002263, 0.002231
765, 0.001875, 0.002216, 0.002191
766, 0.001867, 0.002223, 0.002195
767, 0.001862, 0.002238, 0.002209
768, 0.001862, 0.002209, 0.002184
769, 0.001863, 0.002239, 0.002210
770, 0.001861, 0.002205, 0.002180
771, 0.001855, 0.002220, 0.002192
772, 0.001852, 0.002209, 0.002182
773, 0.001849, 0.002201, 0.002174
774, 0.001851, 0.002213, 0.002184
775, 0.001848, 0.002194, 0.002168
776, 0.001848, 0.002204, 0.002175
777, 0.001845, 0.002191, 0.002164
778, 0.001841, 0.002199, 0.002171
779, 0.001842, 0.002188, 0.002161
780, 0.001837, 0.002187, 0.002159
781, 0.001839, 0.002189, 0.002161
782, 0.001836, 0.002180, 0.002152
783, 0.001833, 0.002182, 0.002154
784, 0.001829, 0.002178, 0.002150
785, 0.001829, 0.002175, 0.002146
786, 0.001825, 0.002169, 0.002141
787, 0.001821, 0.002166, 0.002137
788, 0.001819, 0.002179, 0.002148
789, 0.001822, 0.002157, 0.002129
790, 0.001820, 0.002162, 0.002132
791, 0.001818, 0.002169, 0.002138
792, 0.001816, 0.002150, 0.002124
793, 0.001822, 0.002205, 0.002172
794, 0.001827, 0.002143, 0.002117
795, 0.001818, 0.002160, 0.002129
796, 0.001809, 0.002145, 0.002116
797, 0.001801, 0.002133, 0.002105
798, 0.001799, 0.002144, 0.002113
799, 0.001798, 0.002129, 0.002100
800, 0.001795, 0.002132, 0.002102
801, 0.001794, 0.002120, 0.002092
802, 0.001791, 0.002124, 0.002094
803, 0.001785, 0.002115, 0.002087
804, 0.001784, 0.002108, 0.002080
805, 0.001781, 0.002116, 0.002087
806, 0.001778, 0.002103, 0.002075
807, 0.001777, 0.002109, 0.002078
808, 0.001774, 0.002094, 0.002065
809, 0.001770, 0.002095, 0.002065
810, 0.001766, 0.002086, 0.002058
811, 0.001764, 0.002088, 0.002059
812, 0.001763, 0.002081, 0.002052
813, 0.001755, 0.002073, 0.002046
814, 0.001760, 0.002089, 0.002059
815, 0.001756, 0.002061, 0.002035
816, 0.001760, 0.002084, 0.002053
817, 0.001752, 0.002053, 0.002026
818, 0.001744, 0.002056, 0.002028
819, 0.001739, 0.002051, 0.002023
820, 0.001738, 0.002041, 0.002014
821, 0.001734, 0.002058, 0.002028
822, 0.001733, 0.002029, 0.002003
823, 0.001734, 0.002051, 0.002020
824, 0.001727, 0.002023, 0.001995
825, 0.001719, 0.002016, 0.001989
826, 0.001715, 0.002034, 0.002004
827, 0.001717, 0.002006, 0.001980
828, 0.001718, 0.002044, 0.002013
829, 0.001718, 0.001998, 0.001974
830, 0.001711, 0.002010, 0.001981
831, 0.001701, 0.001995, 0.001966
832, 0.001697, 0.001981, 0.001955
833, 0.001698, 0.002022, 0.001991
834, 0.001705, 0.001971, 0.001947
835, 0.001697, 0.001994, 0.001964
836, 0.001688, 0.001961, 0.001935
837, 0.001682, 0.001964, 0.001936
838, 0.001669, 0.001956, 0.001928
839, 0.001667, 0.001941, 0.001916
840, 0.001664, 0.001960, 0.001931
841, 0.001663, 0.001928, 0.001903
842, 0.001662, 0.001945, 0.001917
843, 0.001657, 0.001918, 0.001893
844, 0.001650, 0.001927, 0.001899
845, 0.001643, 0.001910, 0.001884
846, 0.001638, 0.001906, 0.001879
847, 0.001636, 0.001896, 0.001870
848, 0.001630, 0.001893, 0.001866
849, 0.001623, 0.001893, 0.001865
850, 0.001620, 0.001877, 0.001851
851, 0.001613, 0.001877, 0.001850
852, 0.001611, 0.001868, 0.001841
853, 0.001606, 0.001861, 0.001834
854, 0.001601, 0.001860, 0.001832
855, 0.001595, 0.001845, 0.001818
856, 0.001593, 0.001845, 0.001817
857, 0.001585, 0.001834, 0.001807
858, 0.001579, 0.001828, 0.001801
859, 0.001579, 0.001825, 0.001798
860, 0.001574, 0.001812, 0.001786
861, 0.001565, 0.001814, 0.001786
862, 0.001562, 0.001798, 0.001772
863, 0.001556, 0.001794, 0.001768
864, 0.001551, 0.001785, 0.001759
865, 0.001546, 0.001780, 0.001754
866, 0.001539, 0.001772, 0.001746
867, 0.001533, 0.001768, 0.001741
868, 0.001530, 0.001758, 0.001732
869, 0.001523, 0.001749, 0.001723
870, 0.001520, 0.001745, 0.001719
871, 0.001512, 0.001735, 0.001709
872, 0.001506, 0.001731, 0.001704
873, 0.001502, 0.001715, 0.001689
874, 0.001498, 0.001730, 0.001703
875, 0.001493, 0.001701, 0.001677
876, 0.001490, 0.001725, 0.001696
877, 0.001484, 0.001684, 0.001661
878, 0.001476, 0.001686, 0.001660
879, 0.001466, 0.001678, 0.001649
880, 0.001461, 0.001660, 0.001636
881, 0.001457, 0.001684, 0.001657
882, 0.001455, 0.001645, 0.001621
883, 0.001451, 0.001660, 0.001631
884, 0.001438, 0.001631, 0.001607
885, 0.001431, 0.001621, 0.001595
886, 0.001426, 0.001632, 0.001603
887, 0.001420, 0.001604, 0.001581
888, 0.001417, 0.001631, 0.001601
889, 0.001413, 0.001591, 0.001568
890, 0.001406, 0.001604, 0.001576
891, 0.001393, 0.001567, 0.001543
892, 0.001384, 0.001567, 0.001540
893, 0.001377, 0.001565, 0.001537
894, 0.001373, 0.001544, 0.001521
895, 0.001371, 0.001577, 0.001547
896, 0.001372, 0.001530, 0.001508
897, 0.001365, 0.001562, 0.001533
898, 0.001356, 0.001521, 0.001499
899, 0.001351, 0.001529, 0.001500
900, 0.001339, 0.001494, 0.001469
901, 0.001323, 0.001489, 0.001464
902, 0.001318, 0.001492, 0.001463
903, 0.001312, 0.001469, 0.001448
904, 0.001309, 0.001488, 0.001460
905, 0.001305, 0.001446, 0.001424
906, 0.001300, 0.001469, 0.001442
907, 0.001288, 0.001426, 0.001404
908, 0.001281, 0.001432, 0.001406
909, 0.001268, 0.001410, 0.001387
910, 0.001261, 0.001400, 0.001377
911, 0.001253, 0.001427, 0.001401
912, 0.001257, 0.001395, 0.001379
913, 0.001265, 0.001457, 0.001429
914, 0.001279, 0.001403, 0.001389
915, 0.001275, 0.001439, 0.001412
916, 0.001261, 0.001347, 0.001329
917, 0.001227, 0.001347, 0.001324
918, 0.001209, 0.001336, 0.001311
919, 0.001204, 0.001327, 0.001308
920, 0.001201, 0.001334, 0.001310
921, 0.001198, 0.001296, 0.001274
922, 0.001185, 0.001315, 0.001293
923, 0.001183, 0.001288, 0.001265
924, 0.001179, 0.001294, 0.001272
925, 0.001171, 0.001275, 0.001252
926, 0.001155, 0.001249, 0.001229
927, 0.001146, 0.001263, 0.001239
928, 0.001142, 0.001237, 0.001215
929, 0.001138, 0.001231, 0.001210
930, 0.001126, 0.001226, 0.001202
931, 0.001118, 0.001205, 0.001185
932, 0.001115, 0.001215, 0.001193
933, 0.001106, 0.001189, 0.001167
934, 0.001100, 0.001184, 0.001165
935, 0.001091, 0.001184, 0.001162
936, 0.001087, 0.001163, 0.001143
937, 0.001086, 0.001202, 0.001180
938, 0.001088, 0.001145, 0.001126
939, 0.001079, 0.001165, 0.001143
940, 0.001064, 0.001125, 0.001108
941, 0.001054, 0.001116, 0.001097
942, 0.001047, 0.001151, 0.001129
943, 0.001055, 0.001108, 0.001092
944, 0.001054, 0.001140, 0.001115
945, 0.001040, 0.001083, 0.001066
946, 0.001022, 0.001074, 0.001055
947, 0.001014, 0.001100, 0.001078
948, 0.001018, 0.001067, 0.001054
949, 0.001022, 0.001114, 0.001091
950, 0.001024, 0.001052, 0.001039
951, 0.001008, 0.001053, 0.001033
952, 0.000989, 0.001030, 0.001011
953, 0.000979, 0.001015, 0.000999
954, 0.000978, 0.001052, 0.001033
955, 0.000982, 0.001011, 0.000995
956, 0.000976, 0.001012, 0.000991
957, 0.000958, 0.000995, 0.000978
958, 0.000949, 0.000984, 0.000969
959, 0.000956, 0.001023, 0.001001
960, 0.000957, 0.000971, 0.000959
961, 0.000947, 0.000972, 0.000951
962, 0.000929, 0.000962, 0.000945
963, 0.000918, 0.000939, 0.000925
964, 0.000922, 0.000972, 0.000948
965, 0.000924, 0.000929, 0.000916
966, 0.000911, 0.000922, 0.000904
967, 0.000896, 0.000919, 0.000899
968, 0.000891, 0.000912, 0.000901
969, 0.000894, 0.000915, 0.000895
970, 0.000886, 0.000888, 0.000872
971, 0.000878, 0.000897, 0.000884
972, 0.000872, 0.000883, 0.000863
973, 0.000869, 0.000875, 0.000861
974, 0.000865, 0.000879, 0.000863
975, 0.000862, 0.000865, 0.000847
976, 0.000852, 0.000844, 0.000831
977, 0.000844, 0.000871, 0.000853
978, 0.000849, 0.000843, 0.000827
979, 0.000846, 0.000836, 0.000821
980, 0.000828, 0.000824, 0.000807
981, 0.000822, 0.000824, 0.000811
982, 0.000828, 0.000835, 0.000818
983, 0.000823, 0.000806, 0.000791
984, 0.000809, 0.000789, 0.000775
985, 0.000802, 0.000811, 0.000794
986, 0.000804, 0.000784, 0.000769
987, 0.000804, 0.000796, 0.000779
988, 0.000793, 0.000763, 0.000749
989, 0.000783, 0.000763, 0.000747
990, 0.000776, 0.000760, 0.000744
991, 0.000774, 0.000755, 0.000743
992, 0.000767, 0.000750, 0.000731
993, 0.000768, 0.000745, 0.000733
994, 0.000761, 0.000731, 0.000715
995, 0.000751, 0.000732, 0.000717
996, 0.000752, 0.000720, 0.000707
997, 0.000747, 0.000718, 0.000702
998, 0.000742, 0.000711, 0.000698
999, 0.000737, 0.000700, 0.000688
1000, 0.000732, 0.000709, 0.000694
1001, 0.000728, 0.000685, 0.000673
1002, 0.000727, 0.000712, 0.000698
1003, 0.000726, 0.000679, 0.000664
1004, 0.000729, 0.000732, 0.000722
1005, 0.000739, 0.000712, 0.000691
1006, 0.000757, 0.000802, 0.000791
1007, 0.000777, 0.000710, 0.000694
1008, 0.000766, 0.000760, 0.000741
1009, 0.000743, 0.000647, 0.000639
1010, 0.000709, 0.000660, 0.000642
1011, 0.000703, 0.000694, 0.000684
1012, 0.000711, 0.000642, 0.000629
1013, 0.000706, 0.000656, 0.000640
1014, 0.000693, 0.000633, 0.000624
1015, 0.000681, 0.000628, 0.000613
1016, 0.000685, 0.000651, 0.000640
1017, 0.000683, 0.000611, 0.000598
1018, 0.000669, 0.000601, 0.000588
1019, 0.000662, 0.000630, 0.000621
1020, 0.000667, 0.000603, 0.000588
1021, 0.000668, 0.000603, 0.000593
1022, 0.000656, 0.000596, 0.000584
1023, 0.000647, 0.000580, 0.000569
1024, 0.000647, 0.000594, 0.000583
1025, 0.000648, 0.000580, 0.000567
1026, 0.000639, 0.000567, 0.000557
1027, 0.000637, 0.000588, 0.000575
1028, 0.000637, 0.000555, 0.000546
1029, 0.000632, 0.000563, 0.000550
1030, 0.000627, 0.000566, 0.000558
1031, 0.000628, 0.000549, 0.000537
1032, 0.000624, 0.000556, 0.000546
1033, 0.000620, 0.000543, 0.000534
1034, 0.000617, 0.000543, 0.000531
1035, 0.000615, 0.000536, 0.000528
1036, 0.000610, 0.000536, 0.000525
1037, 0.000607, 0.000526, 0.000515
1038, 0.000605, 0.000523, 0.000515
1039, 0.000603, 0.000529, 0.000518
1040, 0.000600, 0.000513, 0.000504
1041, 0.000593, 0.000517, 0.000510
1042, 0.000594, 0.000516, 0.000505
1043, 0.000594, 0.000501, 0.000495
1044, 0.000591, 0.000521, 0.000512
1045, 0.000589, 0.000496, 0.000488
1046, 0.000586, 0.000499, 0.000490
1047, 0.000582, 0.000495, 0.000488
1048, 0.000580, 0.000495, 0.000486
1049, 0.000577, 0.000488, 0.000481
1050, 0.000577, 0.000489, 0.000478
1051, 0.000577, 0.000485, 0.000477
1052, 0.000570, 0.000477, 0.000469
1053, 0.000568, 0.000482, 0.000473
1054, 0.000567, 0.000476, 0.000470
1055, 0.000569, 0.000485, 0.000475
1056, 0.000567, 0.000470, 0.000465
1057, 0.000568, 0.000478, 0.000466
1058, 0.000564, 0.000459, 0.000454
1059, 0.000557, 0.000474, 0.000464
1060, 0.000555, 0.000458, 0.000451
1061, 0.000555, 0.000454, 0.000450
1062, 0.000556, 0.000477, 0.000465
1063, 0.000555, 0.000446, 0.000441
1064, 0.000554, 0.000465, 0.000454
1065, 0.000547, 0.000444, 0.000436
1066, 0.000544, 0.000438, 0.000431
1067, 0.000545, 0.000466, 0.000456
1068, 0.000544, 0.000432, 0.000426
1069, 0.000543, 0.000452, 0.000443
1070, 0.000539, 0.000432, 0.000425
1071, 0.000534, 0.000427, 0.000420
1072, 0.000534, 0.000442, 0.000435
1073, 0.000533, 0.000424, 0.000418
1074, 0.000531, 0.000435, 0.000425
1075, 0.000533, 0.000421, 0.000415
1076, 0.000530, 0.000435, 0.000425
1077, 0.000528, 0.000423, 0.000417
1078, 0.000527, 0.000421, 0.000413
1079, 0.000527, 0.000429, 0.000422
1080, 0.000523, 0.000407, 0.000401
1081, 0.000523, 0.000428, 0.000422
1082, 0.000521, 0.000406, 0.000401
1083, 0.000519, 0.000414, 0.000406
1084, 0.000519, 0.000411, 0.000406
1085, 0.000517, 0.000404, 0.000395
1086, 0.000514, 0.000406, 0.000399
1087, 0.000513, 0.000405, 0.000399
1088, 0.000515, 0.000398, 0.000390
1089, 0.000513, 0.000414, 0.000408
1090, 0.000509, 0.000394, 0.000388
1091, 0.000507, 0.000400, 0.000392
1092, 0.000508, 0.000399, 0.000393
1093, 0.000507, 0.000390, 0.000384
1094, 0.000502, 0.000404, 0.000395
1095, 0.000504, 0.000386, 0.000381
1096, 0.000506, 0.000397, 0.000389
1097, 0.000500, 0.000385, 0.000379
1098, 0.000498, 0.000388, 0.000383
1099, 0.000501, 0.000390, 0.000384
1100, 0.000499, 0.000383, 0.000378
1101, 0.000496, 0.000378, 0.000374
1102, 0.000495, 0.000391, 0.000385
1103, 0.000496, 0.000368, 0.000363
1104, 0.000496, 0.000402, 0.000394
1105, 0.000500, 0.000373, 0.000369
1106, 0.000499, 0.000408, 0.000399
1107, 0.000500, 0.000373, 0.000371
1108, 0.000501, 0.000395, 0.000386
1109, 0.000495, 0.000362, 0.000359
1110, 0.000490, 0.000389, 0.000384
1111, 0.000488, 0.000365, 0.000359
1112, 0.000486, 0.000364, 0.000360
1113, 0.000484, 0.000379, 0.000373
1114, 0.000484, 0.000356, 0.000351
1115, 0.000485, 0.000381, 0.000375
1116, 0.000483, 0.000357, 0.000351
1117, 0.000479, 0.000356, 0.000350
1118, 0.000479, 0.000379, 0.000373
1119, 0.000482, 0.000350, 0.000346
1120, 0.000483, 0.000393, 0.000384
1121, 0.000489, 0.000356, 0.000354
1122, 0.000492, 0.000388, 0.000379
1123, 0.000488, 0.000354, 0.000351
1124, 0.000476, 0.000351, 0.000347
1125, 0.000475, 0.000373, 0.000365
1126, 0.000480, 0.000352, 0.000350
1127, 0.000483, 0.000387, 0.000379
1128, 0.000479, 0.000340, 0.000334
1129, 0.000482, 0.000376, 0.000371
1130, 0.000477, 0.000345, 0.000339
1131, 0.000469, 0.000340, 0.000336
1132, 0.000471, 0.000387, 0.000381
1133, 0.000478, 0.000336, 0.000332
1134, 0.000481, 0.000378, 0.000371
1135, 0.000475, 0.000337, 0.000334
1136, 0.000467, 0.000342, 0.000336
1137, 0.000466, 0.000350, 0.000346
1138, 0.000464, 0.000337, 0.000334
1139, 0.000465, 0.000345, 0.000338
1140, 0.000465, 0.000346, 0.000343
1141, 0.000467, 0.000334, 0.000328
1142, 0.000465, 0.000333, 0.000329
1143, 0.000459, 0.000349, 0.000346
1144, 0.000463, 0.000328, 0.000323
1145, 0.000463, 0.000344, 0.000339
1146, 0.000459, 0.000335, 0.000332
1147, 0.000461, 0.000337, 0.000331
1148, 0.000462, 0.000341, 0.000338
1149, 0.000462, 0.000333, 0.000328
1150, 0.000458, 0.000331, 0.000326
1151, 0.000456, 0.000343, 0.000337
1152, 0.000458, 0.000326, 0.000322
1153, 0.000460, 0.000354, 0.000346
1154, 0.000460, 0.000322, 0.000317
1155, 0.000458, 0.000336, 0.000330
1156, 0.000455, 0.000334, 0.000328
1157, 0.000455, 0.000319, 0.000314
1158, 0.000455, 0.000349, 0.000343
1159, 0.000456, 0.000320, 0.000316
1160, 0.000456, 0.000341, 0.000335
1161, 0.000455, 0.000323, 0.000320
1162, 0.000452, 0.000323, 0.000318
1163, 0.000452, 0.000338, 0.000333
1164, 0.000454, 0.000320, 0.000319
1165, 0.000455, 0.000336, 0.000330
1166, 0.000455, 0.000325, 0.000321
1167, 0.000447, 0.000321, 0.000317
1168, 0.000452, 0.000336, 0.000330
1169, 0.000452, 0.000316, 0.000314
1170, 0.000452, 0.000344, 0.000339
1171, 0.000452, 0.000314, 0.000309
1172, 0.000450, 0.000323, 0.000318
1173, 0.000445, 0.000335, 0.000330
1174, 0.000447, 0.000310, 0.000306
1175, 0.000455, 0.000366, 0.000361
1176, 0.000457, 0.000308, 0.000305
1177, 0.000453, 0.000338, 0.000333
1178, 0.000448, 0.000321, 0.000319
1179, 0.000446, 0.000314, 0.000308
1180, 0.000444, 0.000333, 0.000328
1181, 0.000447, 0.000308, 0.000306
1182, 0.000448, 0.000337, 0.000331
1183, 0.000451, 0.000316, 0.000314
1184, 0.000450, 0.000319, 0.000315
1185, 0.000448, 0.000317, 0.000314
1186, 0.000443, 0.000313, 0.000311
1187, 0.000442, 0.000322, 0.000317
1188, 0.000444, 0.000316, 0.000313
1189, 0.000443, 0.000321, 0.000318
1190, 0.000439, 0.000307, 0.000303
1191, 0.000444, 0.000325, 0.000321
1192, 0.000442, 0.000315, 0.000311
1193, 0.000438, 0.000310, 0.000306
1194, 0.000443, 0.000330, 0.000326
1195, 0.000444, 0.000306, 0.000303
1196, 0.000439, 0.000324, 0.000319
1197, 0.000440, 0.000315, 0.000312
1198, 0.000444, 0.000319, 0.000314
1199, 0.000441, 0.000314, 0.000311
1200, 0.000434, 0.000311, 0.000309
1201, 0.000442, 0.000327, 0.000322
1202, 0.000442, 0.000303, 0.000302
1203, 0.000439, 0.000335, 0.000330
1204, 0.000444, 0.000301, 0.000297
1205, 0.000447, 0.000336, 0.000333
1206, 0.000442, 0.000301, 0.000296
1207, 0.000437, 0.000310, 0.000306
1208, 0.000435, 0.000318, 0.000315
1209, 0.000436, 0.000299, 0.000294
1210, 0.000438, 0.000319, 0.000316
1211, 0.000436, 0.000303, 0.000300
1212, 0.000433, 0.000304, 0.000300
1213, 0.000435, 0.000321, 0.000319
1214, 0.000437, 0.000298, 0.000296
1215, 0.000436, 0.000331, 0.000325
1216, 0.000438, 0.000306, 0.000305
1217, 0.000438, 0.000321, 0.000316
1218, 0.000436, 0.000298, 0.000294
1219, 0.000434, 0.000317, 0.000314
1220, 0.000436, 0.000314, 0.000310
1221, 0.000432, 0.000299, 0.000294
1222, 0.000433, 0.000321, 0.000317
1223, 0.000436, 0.000299, 0.000296
1224, 0.000435, 0.000310, 0.000305
1225, 0.000431, 0.000302, 0.000301
1226, 0.000432, 0.000305, 0.000300
1227, 0.000431, 0.000300, 0.000297
1228, 0.000430, 0.000313, 0.000312
1229, 0.000432, 0.000302, 0.000297
1230, 0.000434, 0.000296, 0.000293
1231, 0.000429, 0.000321, 0.000318
1232, 0.000431, 0.000292, 0.000288
1233, 0.000433, 0.000320, 0.000316
1234, 0.000431, 0.000297, 0.000295
1235, 0.000430, 0.000304, 0.000298
1236, 0.000431, 0.000313, 0.000311
1237, 0.000430, 0.000296, 0.000292
1238, 0.000428, 0.000316, 0.000309
1239, 0.000434, 0.000307, 0.000308
1240, 0.000440, 0.000337, 0.000331
1241, 0.000441, 0.000288, 0.000286
1242, 0.000437, 0.000351, 0.000349
1243, 0.000444, 0.000293, 0.000288
1244, 0.000441, 0.000314, 0.000311
1245, 0.000429, 0.000302, 0.000300
1246, 0.000425, 0.000301, 0.000295
1247, 0.000435, 0.000322, 0.000319
1248, 0.000432, 0.000291, 0.000287
1249, 0.000427, 0.000315, 0.000309
1250, 0.000432, 0.000308, 0.000307
1251, 0.000437, 0.000311, 0.000305
1252, 0.000429, 0.000290, 0.000287
1253, 0.000427, 0.000323, 0.000321
1254, 0.000435, 0.000301, 0.000295
1255, 0.000433, 0.000297, 0.000295
1256, 0.000428, 0.000312, 0.000309
1257, 0.000426, 0.000292, 0.000287
1258, 0.000429, 0.000308, 0.000305
1259, 0.000425, 0.000305, 0.000301
1260, 0.000425, 0.000287, 0.000283
1261, 0.000427, 0.000315, 0.000312
1262, 0.000426, 0.000293, 0.000291
1263, 0.000425, 0.000297, 0.000292
1264, 0.000424, 0.000308, 0.000305
1265, 0.000425, 0.000291, 0.000288
1266, 0.000424, 0.000306, 0.000301
1267, 0.000425, 0.000295, 0.000293
1268, 0.000423, 0.000300, 0.000296
1269, 0.000425, 0.000295, 0.000291
1270, 0.000422, 0.000296, 0.000293
1271, 0.000421, 0.000300, 0.000296
1272, 0.000422, 0.000287, 0.000283
1273, 0.000421, 0.000312, 0.000309
1274, 0.000422, 0.000287, 0.000285
1275, 0.000422, 0.000307, 0.000303
1276, 0.000423, 0.000295, 0.000293
1277, 0.000425, 0.000298, 0.000295
1278, 0.000423, 0.000294, 0.000291
1279, 0.000421, 0.000295, 0.000294
1280, 0.000422, 0.000305, 0.000300
1281, 0.000422, 0.000286, 0.000284
1282, 0.000422, 0.000310, 0.000306
1283, 0.000422, 0.000287, 0.000282
1284, 0.000420, 0.000293, 0.000290
1285, 0.000420, 0.000300, 0.000297
1286, 0.000419, 0.000282, 0.000278
1287, 0.000420, 0.000312, 0.000309
1288, 0.000422, 0.000287, 0.000285
1289, 0.000424, 0.000305, 0.000299
1290, 0.000422, 0.000291, 0.000289
1291, 0.000421, 0.000298, 0.000295
1292, 0.000417, 0.000294, 0.000291
1293, 0.000420, 0.000284, 0.000283
1294, 0.000422, 0.000312, 0.000308
1295, 0.000421, 0.000279, 0.000276
1296, 0.000422, 0.000325, 0.000321
1297, 0.000424, 0.000285, 0.000282
1298, 0.000419, 0.000297, 0.000292
1299, 0.000417, 0.000299, 0.000296
1300, 0.000418, 0.000290, 0.000285
1301, 0.000415, 0.000295, 0.000291
1302, 0.000417, 0.000295, 0.000292
1303, 0.000416, 0.000284, 0.000280
1304, 0.000419, 0.000297, 0.000293
1305, 0.000416, 0.000289, 0.000286
1306, 0.000417, 0.000293, 0.000289
1307, 0.000416, 0.000291, 0.000288
1308, 0.000416, 0.000288, 0.000285
1309, 0.000416, 0.000298, 0.000294
1310, 0.000416, 0.000290, 0.000286
1311, 0.000418, 0.000291, 0.000288
1312, 0.000413, 0.000289, 0.000286
1313, 0.000414, 0.000292, 0.000288
1314, 0.000416, 0.000298, 0.000294
1315, 0.000415, 0.000285, 0.000282
1316, 0.000413, 0.000302, 0.000299
1317, 0.000417, 0.000284, 0.000280
1318, 0.000417, 0.000306, 0.000302
1319, 0.000418, 0.000283, 0.000282
1320, 0.000421, 0.000323, 0.000319
1321, 0.000422, 0.000283, 0.000282
1322, 0.000424, 0.000327, 0.000323
1323, 0.000422, 0.000276, 0.000273
1324, 0.000417, 0.000307, 0.000304
1325, 0.000416, 0.000283, 0.000280
1326, 0.000415, 0.000297, 0.000292
1327, 0.000413, 0.000285, 0.000282
1328, 0.000416, 0.000295, 0.000292
1329, 0.000412, 0.000291, 0.000288
1330, 0.000412, 0.000286, 0.000284
1331, 0.000412, 0.000303, 0.000299
1332, 0.000416, 0.000280, 0.000277
1333, 0.000413, 0.000310, 0.000306
1334, 0.000415, 0.000279, 0.000277
1335, 0.000415, 0.000304, 0.000299
1336, 0.000413, 0.000282, 0.000280
1337, 0.000414, 0.000295, 0.000292
1338, 0.000414, 0.000286, 0.000283
1339, 0.000411, 0.000289, 0.000285
1340, 0.000412, 0.000293, 0.000289
1341, 0.000411, 0.000278, 0.000274
1342, 0.000416, 0.000307, 0.000302
1343, 0.000413, 0.000280, 0.000278
1344, 0.000413, 0.000294, 0.000290
1345, 0.000412, 0.000284, 0.000282
1346, 0.000411, 0.000289, 0.000287
1347, 0.000411, 0.000285, 0.000281
1348, 0.000410, 0.000291, 0.000288
1349, 0.000411, 0.000285, 0.000281
1350, 0.000410, 0.000291, 0.000287
1351, 0.000410, 0.000289, 0.000286
1352, 0.000410, 0.000285, 0.000282
1353, 0.000411, 0.000301, 0.000296
1354, 0.000413, 0.000277, 0.000276
1355, 0.000414, 0.000323, 0.000319
1356, 0.000418, 0.000275, 0.000272
1357, 0.000419, 0.000325, 0.000321
1358, 0.000418, 0.000272, 0.000269
1359, 0.000415, 0.000308, 0.000305
1360, 0.000412, 0.000281, 0.000279
1361, 0.000410, 0.000278, 0.000274
1362, 0.000410, 0.000313, 0.000309
1363, 0.000414, 0.000271, 0.000269
1364, 0.000418, 0.000334, 0.000328
1365, 0.000423, 0.000275, 0.000275
1366, 0.000421, 0.000323, 0.000317
1367, 0.000418, 0.000272, 0.000270
1368, 0.000414, 0.000298, 0.000296
1369, 0.000412, 0.000286, 0.000282
1370, 0.000410, 0.000276, 0.000273
1371, 0.000408, 0.000307, 0.000303
1372, 0.000411, 0.000275, 0.000271
1373, 0.000410, 0.000296, 0.000291
1374, 0.000409, 0.000283, 0.000279
1375, 0.000408, 0.000283, 0.000278
1376, 0.000407, 0.000292, 0.000288
1377, 0.000407, 0.000275, 0.000272
1378, 0.000409, 0.000300, 0.000295
1379, 0.000410, 0.000276, 0.000274
1380, 0.000408, 0.000283, 0.000280
1381, 0.000406, 0.000288, 0.000284
1382, 0.000407, 0.000279, 0.000275
1383, 0.000407, 0.000295, 0.000291
1384, 0.000408, 0.000275, 0.000272
1385, 0.000409, 0.000288, 0.000284
1386, 0.000406, 0.000281, 0.000279
1387, 0.000408, 0.000280, 0.000276
1388, 0.000407, 0.000299, 0.000294
1389, 0.000407, 0.000274, 0.000272
1390, 0.000408, 0.000305, 0.000300
1391, 0.000408, 0.000273, 0.000270
1392, 0.000408, 0.000295, 0.000291
1393, 0.000405, 0.000275, 0.000271
1394, 0.000404, 0.000287, 0.000284
1395, 0.000405, 0.000287, 0.000283
1396, 0.000403, 0.000278, 0.000275
1397, 0.000406, 0.000293, 0.000289
1398, 0.000405, 0.000277, 0.000273
1399, 0.000406, 0.000293, 0.000290
1400, 0.000405, 0.000279, 0.000275
1401, 0.000403, 0.000280, 0.000275
1402, 0.000405, 0.000296, 0.000292
1403, 0.000406, 0.000273, 0.000270
1404, 0.000405, 0.000303, 0.000299
1405, 0.000408, 0.000272, 0.000270
1406, 0.000407, 0.000295, 0.000290
1407, 0.000404, 0.000280, 0.000276
1408, 0.000401, 0.000281, 0.000280
1409, 0.000405, 0.000305, 0.000299
1410, 0.000409, 0.000268, 0.000266
1411, 0.000409, 0.000328, 0.000323
1412, 0.000412, 0.000267, 0.000263
1413, 0.000412, 0.000299, 0.000295
1414, 0.000403, 0.000281, 0.000278
1415, 0.000405, 0.000272, 0.000268
1416, 0.000405, 0.000308, 0.000304
1417, 0.000407, 0.000268, 0.000266
1418, 0.000409, 0.000318, 0.000312
1419, 0.000412, 0.000273, 0.000271
1420, 0.000409, 0.000297, 0.000292
1421, 0.000402, 0.000282, 0.000277
1422, 0.000404, 0.000275, 0.000273
1423, 0.000405, 0.000306, 0.000300
1424, 0.000406, 0.000267, 0.000263
1425, 0.000407, 0.000304, 0.000300
1426, 0.000405, 0.000274, 0.000270
1427, 0.000399, 0.000275, 0.000271
1428, 0.000401, 0.000300, 0.000297
1429, 0.000404, 0.000267, 0.000263
1430, 0.000407, 0.000315, 0.000308
1431, 0.000408, 0.000270, 0.000268
1432, 0.000406, 0.000292, 0.000286
1433, 0.000403, 0.000284, 0.000279
1434, 0.000400, 0.000272, 0.000270
1435, 0.000405, 0.000314, 0.000308
1436, 0.000407, 0.000264, 0.000262
1437, 0.000411, 0.000322, 0.000317
1438, 0.000409, 0.000265, 0.000262
1439, 0.000404, 0.000281, 0.000277
1440, 0.000401, 0.000297, 0.000293
1441, 0.000402, 0.000264, 0.000261
1442, 0.000407, 0.000314, 0.000309
1443, 0.000407, 0.000265, 0.000263
1444, 0.000406, 0.000288, 0.000283
1445, 0.000399, 0.000279, 0.000275
1446, 0.000397, 0.000267, 0.000264
1447, 0.000404, 0.000317, 0.000311
1448, 0.000407, 0.000264, 0.000262
1449, 0.000407, 0.000297, 0.000293
1450, 0.000399, 0.000280, 0.000276
1451, 0.000400, 0.000266, 0.000263
1452, 0.000403, 0.000324, 0.000319
1453, 0.000410, 0.000264, 0.000262
1454, 0.000408, 0.000298, 0.000293
1455, 0.000401, 0.000278, 0.000275
1456, 0.000399, 0.000266, 0.000262
1457, 0.000398, 0.000297, 0.000291
1458, 0.000401, 0.000268, 0.000266
1459, 0.000404, 0.000299, 0.000294
1460, 0.000402, 0.000270, 0.000265
1461, 0.000397, 0.000275, 0.000272
1462, 0.000397, 0.000290, 0.000284
1463, 0.000399, 0.000262, 0.000259
1464, 0.000402, 0.000298, 0.000293
1465, 0.000400, 0.000269, 0.000264
1466, 0.000399, 0.000273, 0.000269
1467, 0.000397, 0.000291, 0.000286
1468, 0.000400, 0.000263, 0.000259
1469, 0.000401, 0.000303, 0.000299
1470, 0.000405, 0.000266, 0.000262
1471, 0.000400, 0.000280, 0.000276
1472, 0.000396, 0.000282, 0.000278
1473, 0.000397, 0.000269, 0.000265
1474, 0.000397, 0.000299, 0.000293
1475, 0.000401, 0.000263, 0.000260
1476, 0.000403, 0.000308, 0.000301
1477, 0.000404, 0.000264, 0.000261
1478, 0.000397, 0.000281, 0.000277
1479, 0.000397, 0.000287, 0.000281
1480, 0.000398, 0.000262, 0.000259
1481, 0.000399, 0.000310, 0.000305
1482, 0.000402, 0.000264, 0.000260
1483, 0.000397, 0.000272, 0.000267
1484, 0.000393, 0.000297, 0.000293
1485, 0.000399, 0.000262, 0.000258
1486, 0.000398, 0.000292, 0.000286
1487, 0.000396, 0.000275, 0.000271
1488, 0.000395, 0.000268, 0.000264
1489, 0.000394, 0.000283, 0.000276
1490, 0.000397, 0.000272, 0.000269
1491, 0.000394, 0.000273, 0.000268
1492, 0.000392, 0.000278, 0.000272
1493, 0.000393, 0.000274, 0.000271
1494, 0.000392, 0.000273, 0.000269
1495, 0.000392, 0.000279, 0.000274
1496, 0.000392, 0.000268, 0.000265
1497, 0.000396, 0.000289, 0.000284
1498, 0.000395, 0.000263, 0.000258
1499, 0.000393, 0.000289, 0.000284
1500, 0.000394, 0.000272, 0.000266
1501, 0.000391, 0.000270, 0.000265
1502, 0.000392, 0.000286, 0.000282
1503, 0.000392, 0.000268, 0.000263
1504, 0.000393, 0.000272, 0.000267
1505, 0.000390, 0.000282, 0.000279
1506, 0.000394, 0.000268, 0.000263
1507, 0.000392, 0.000277, 0.000272
1508, 0.000389, 0.000279, 0.000275
1509, 0.000391, 0.000268, 0.000263
1510, 0.000391, 0.000280, 0.000274
1511, 0.000390, 0.000273, 0.000270
1512, 0.000392, 0.000271, 0.000266
1513, 0.000390, 0.000277, 0.000271
1514, 0.000391, 0.000272, 0.000269
1515, 0.000392, 0.000277, 0.000272
1516, 0.000389, 0.000274, 0.000269
1517, 0.000389, 0.000271, 0.000267
1518, 0.000390, 0.000281, 0.000277
1519, 0.000389, 0.000269, 0.000264
1520, 0.000390, 0.000281, 0.000277
1521, 0.000390, 0.000270, 0.000265
1522, 0.000389, 0.000273, 0.000267
1523, 0.000389, 0.000277, 0.000272
1524, 0.000393, 0.000270, 0.000265
1525, 0.000389, 0.000277, 0.000271
1526, 0.000389, 0.000269, 0.000265
1527, 0.000391, 0.000288, 0.000282
1528, 0.000392, 0.000260, 0.000257
1529, 0.000390, 0.000284, 0.000280
1530, 0.000390, 0.000267, 0.000262
1531, 0.000390, 0.000270, 0.000266
1532, 0.000388, 0.000283, 0.000279
1533, 0.000388, 0.000267, 0.000261
1534, 0.000390, 0.000287, 0.000283
1535, 0.000388, 0.000266, 0.000262
1536, 0.000387, 0.000276, 0.000270
1537, 0.000388, 0.000281, 0.000277
1538, 0.000388, 0.000261, 0.000257
1539, 0.000386, 0.000289, 0.000282
1540, 0.000390, 0.000264, 0.000261
1541, 0.000390, 0.000286, 0.000280
1542, 0.000389, 0.000264, 0.000259
1543, 0.000387, 0.000278, 0.000275
1544, 0.000385, 0.000270, 0.000266
1545, 0.000387, 0.000269, 0.000265
1546, 0.000388, 0.000276, 0.000273
1547, 0.000387, 0.000273, 0.000269
1548, 0.000387, 0.000267, 0.000263
1549, 0.000385, 0.000290, 0.000286
1550, 0.000389, 0.000259, 0.000255
1551, 0.000389, 0.000295, 0.000288
1552, 0.000390, 0.000265, 0.000262
1553, 0.000387, 0.000270, 0.000266
1554, 0.000385, 0.000288, 0.000282
1555, 0.000389, 0.000259, 0.000256
1556, 0.000390, 0.000308, 0.000302
1557, 0.000394, 0.000257, 0.000252
1558, 0.000389, 0.000284, 0.000278
1559, 0.000386, 0.000266, 0.000262
1560, 0.000385, 0.000271, 0.000266
1561, 0.000384, 0.000270, 0.000265
1562, 0.000385, 0.000271, 0.000266
1563, 0.000383, 0.000267, 0.000262
1564, 0.000382, 0.000274, 0.000269
1565, 0.000381, 0.000263, 0.000257
1566, 0.000383, 0.000280, 0.000274
1567, 0.000387, 0.000265, 0.000260
1568, 0.000384, 0.000279, 0.000273
1569, 0.000384, 0.000264, 0.000259
1570, 0.000385, 0.000289, 0.000283
1571, 0.000386, 0.000258, 0.000253
1572, 0.000387, 0.000293, 0.000287
1573, 0.000386, 0.000258, 0.000254
1574, 0.000386, 0.000285, 0.000280
1575, 0.000383, 0.000261, 0.000256
1576, 0.000383, 0.000272, 0.000268
1577, 0.000383, 0.000270, 0.000265
1578, 0.000380, 0.000259, 0.000253
1579, 0.000386, 0.000294, 0.000289
1580, 0.000388, 0.000254, 0.000249
1581, 0.000387, 0.000293, 0.000286
1582, 0.000386, 0.000259, 0.000255
1583, 0.000386, 0.000287, 0.000280
1584, 0.000384, 0.000263, 0.000258
1585, 0.000382, 0.000265, 0.000260
1586, 0.000381, 0.000281, 0.000275
1587, 0.000383, 0.000260, 0.000255
1588, 0.000381, 0.000267, 0.000262
1589, 0.000381, 0.000290, 0.000283
1590, 0.000384, 0.000252, 0.000248
1591, 0.000387, 0.000321, 0.000315
1592, 0.000394, 0.000250, 0.000246
1593, 0.000394, 0.000302, 0.000296
1594, 0.000386, 0.000260, 0.000255
1595, 0.000381, 0.000256, 0.000252
1596, 0.000379, 0.000298, 0.000290
1597, 0.000385, 0.000251, 0.000247
1598, 0.000389, 0.000303, 0.000295
1599, 0.000388, 0.000251, 0.000246
1600, 0.000382, 0.000273, 0.000268
1601, 0.000381, 0.000270, 0.000264
1602, 0.000378, 0.000254, 0.000250
1603, 0.000381, 0.000295, 0.000289
1604, 0.000383, 0.000251, 0.000246
1605, 0.000382, 0.000276, 0.000270
1606, 0.000380, 0.000266, 0.000260
1607, 0.000377, 0.000252, 0.000246
1608, 0.000378, 0.000290, 0.000283
1609, 0.000382, 0.000255, 0.000251
1610, 0.000382, 0.000273, 0.000266
1611, 0.000378, 0.000263, 0.000258
1612, 0.000378, 0.000266, 0.000261
1613, 0.000377, 0.000262, 0.000256
1614, 0.000379, 0.000272, 0.000266
1615, 0.000376, 0.000260, 0.000255
1616, 0.000379, 0.000273, 0.000266
1617, 0.000377, 0.000258, 0.000252
1618, 0.000379, 0.000272, 0.000266
1619, 0.000378, 0.000263, 0.000257
1620, 0.000377, 0.000256, 0.000250
1621, 0.000377, 0.000296, 0.000289
1622, 0.000381, 0.000247, 0.000242
1623, 0.000384, 0.000293, 0.000285
1624, 0.000381, 0.000254, 0.000250
1625, 0.000380, 0.000264, 0.000258
1626, 0.000375, 0.000281, 0.000274
1627, 0.000376, 0.000250, 0.000246
1628, 0.000382, 0.000298, 0.000290
1629, 0.000382, 0.000247, 0.000241
1630, 0.000379, 0.000276, 0.000270
1631, 0.000379, 0.000263, 0.000256
1632, 0.000376, 0.000251, 0.000246
1633, 0.000377, 0.000291, 0.000284
1634, 0.000379, 0.000247, 0.000241
1635, 0.000379, 0.000283, 0.000275
1636, 0.000379, 0.000252, 0.000246
1637, 0.000376, 0.000268, 0.000262
1638, 0.000374, 0.000268, 0.000262
1639, 0.000374, 0.000254, 0.000248
1640, 0.000373, 0.000278, 0.000271
1641, 0.000377, 0.000250, 0.000244
1642, 0.000376, 0.000272, 0.000265
1643, 0.000374, 0.000254, 0.000249
1644, 0.000374, 0.000264, 0.000258
1645, 0.000373, 0.000267, 0.000261
1646, 0.000374, 0.000255, 0.000249
1647, 0.000372, 0.000265, 0.000258
1648, 0.000374, 0.000261, 0.000256
1649, 0.000372, 0.000260, 0.000254
1650, 0.000374, 0.000266, 0.000258
1651, 0.000377, 0.000257, 0.000251
1652, 0.000372, 0.000275, 0.000268
1653, 0.000373, 0.000250, 0.000244
1654, 0.000375, 0.000276, 0.000270
1655, 0.000373, 0.000257, 0.000251
1656, 0.000368, 0.000253, 0.000246
1657, 0.000374, 0.000283, 0.000276
1658, 0.000375, 0.000247, 0.000241
1659, 0.000374, 0.000278, 0.000269
1660, 0.000374, 0.000258, 0.000253
1661, 0.000373, 0.000260, 0.000254
1662, 0.000371, 0.000272, 0.000265
1663, 0.000372, 0.000255, 0.000251
1664, 0.000374, 0.000274, 0.000267
1665, 0.000370, 0.000249, 0.000243
1666, 0.000372, 0.000275, 0.000269
1667, 0.000373, 0.000253, 0.000247
1668, 0.000369, 0.000256, 0.000249
1669, 0.000369, 0.000267, 0.000260
1670, 0.000370, 0.000247, 0.000240
1671, 0.000374, 0.000285, 0.000276
1672, 0.000375, 0.000243, 0.000238
1673, 0.000374, 0.000298, 0.000290
1674, 0.000378, 0.000243, 0.000237
1675, 0.000376, 0.000285, 0.000277
1676, 0.000371, 0.000257, 0.000251
1677, 0.000367, 0.000246, 0.000240
1678, 0.000370, 0.000289, 0.000281
1679, 0.000373, 0.000241, 0.000236
1680, 0.000376, 0.000296, 0.000287
1681, 0.000375, 0.000246, 0.000240
1682, 0.000370, 0.000257, 0.000251
1683, 0.000366, 0.000278, 0.000270
1684, 0.000371, 0.000239, 0.000233
1685, 0.000376, 0.000302, 0.000293
1686, 0.000376, 0.000242, 0.000237
1687, 0.000371, 0.000262, 0.000255
1688, 0.000367, 0.000269, 0.000261
1689, 0.000366, 0.000244, 0.000238
1690, 0.000369, 0.000287, 0.000279
1691, 0.000372, 0.000244, 0.000238
1692, 0.000368, 0.000260, 0.000252
1693, 0.000365, 0.000274, 0.000265
1694, 0.000367, 0.000243, 0.000236
1695, 0.000369, 0.000284, 0.000274
1696, 0.000369, 0.000241, 0.000235
1697, 0.000370, 0.000269, 0.000261
1698, 0.000366, 0.000252, 0.000245
1699, 0.000365, 0.000246, 0.000240
1700, 0.000367, 0.000277, 0.000269
1701, 0.000367, 0.000242, 0.000236
1702, 0.000367, 0.000272, 0.000264
1703, 0.000368, 0.000252, 0.000245
1704, 0.000365, 0.000249, 0.000241
1705, 0.000363, 0.000269, 0.000261
1706, 0.000364, 0.000244, 0.000238
1707, 0.000365, 0.000271, 0.000262
1708, 0.000365, 0.000248, 0.000241
1709, 0.000363, 0.000255, 0.000247
1710, 0.000362, 0.000260, 0.000252
1711, 0.000363, 0.000246, 0.000239
1712, 0.000362, 0.000260, 0.000253
1713, 0.000365, 0.000254, 0.000247
1714, 0.000363, 0.000253, 0.000246
1715, 0.000362, 0.000259, 0.000253
1716, 0.000363, 0.000255, 0.000248
1717, 0.000362, 0.000242, 0.000236
1718, 0.000364, 0.000280, 0.000272
1719, 0.000366, 0.000236, 0.000230
1720, 0.000369, 0.000288, 0.000279
1721, 0.000369, 0.000239, 0.000232
1722, 0.000364, 0.000257, 0.000248
1723, 0.000362, 0.000264, 0.000256
1724, 0.000362, 0.000240, 0.000234
1725, 0.000366, 0.000281, 0.000272
1726, 0.000366, 0.000239, 0.000232
1727, 0.000363, 0.000265, 0.000258
1728, 0.000363, 0.000249, 0.000242
1729, 0.000360, 0.000253, 0.000245
1730, 0.000358, 0.000264, 0.000257
1731, 0.000362, 0.000243, 0.000236
1732, 0.000363, 0.000276, 0.000268
1733, 0.000365, 0.000240, 0.000234
1734, 0.000364, 0.000272, 0.000263
1735, 0.000360, 0.000243, 0.000235
1736, 0.000359, 0.000251, 0.000245
1737, 0.000361, 0.000265, 0.000256
1738, 0.000360, 0.000237, 0.000230
1739, 0.000363, 0.000275, 0.000267
1740, 0.000362, 0.000241, 0.000234
1741, 0.000361, 0.000259, 0.000250
1742, 0.000360, 0.000247, 0.000241
1743, 0.000360, 0.000259, 0.000251
1744, 0.000358, 0.000253, 0.000244
1745, 0.000360, 0.000256, 0.000248
1746, 0.000359, 0.000258, 0.000249
1747, 0.000357, 0.000244, 0.000235
1748, 0.000361, 0.000271, 0.000263
1749, 0.000362, 0.000242, 0.000234
1750, 0.000358, 0.000267, 0.000257
1751, 0.000359, 0.000246, 0.000238
1752, 0.000358, 0.000259, 0.000250
1753, 0.000358, 0.000247, 0.000239
1754, 0.000356, 0.000247, 0.000239
1755, 0.000357, 0.000260, 0.000251
1756, 0.000356, 0.000241, 0.000233
1757, 0.000358, 0.000266, 0.000257
1758, 0.000359, 0.000240, 0.000233
1759, 0.000357, 0.000256, 0.000249
1760, 0.000356, 0.000252, 0.000244
1761, 0.000357, 0.000241, 0.000232
1762, 0.000356, 0.000268, 0.000260
1763, 0.000357, 0.000239, 0.000231
1764, 0.000357, 0.000265, 0.000255
1765, 0.000356, 0.000243, 0.000235
1766, 0.000357, 0.000256, 0.000247
1767, 0.000354, 0.000258, 0.000248
1768, 0.000357, 0.000234, 0.000227
1769, 0.000358, 0.000279, 0.000270
1770, 0.000359, 0.000231, 0.000223
1771, 0.000357, 0.000264, 0.000255
1772, 0.000355, 0.000247, 0.000239
1773, 0.000353, 0.000240, 0.000231
1774, 0.000354, 0.000267, 0.000257
1775, 0.000355, 0.000233, 0.000225
1776, 0.000358, 0.000283, 0.000272
1777, 0.000359, 0.000231, 0.000223
1778, 0.000357, 0.000269, 0.000260
1779, 0.000355, 0.000243, 0.000235
1780, 0.000353, 0.000248, 0.000240
1781, 0.000352, 0.000257, 0.000250
1782, 0.000355, 0.000234, 0.000226
1783, 0.000356, 0.000274, 0.000265
1784, 0.000356, 0.000231, 0.000224
1785, 0.000357, 0.000266, 0.000256
1786, 0.000357, 0.000241, 0.000232
1787, 0.000353, 0.000243, 0.000235
1788, 0.000353, 0.000263, 0.000252
1789, 0.000353, 0.000227, 0.000219
1790, 0.000356, 0.000280, 0.000270
1791, 0.000355, 0.000232, 0.000225
1792, 0.000353, 0.000245, 0.000236
1793, 0.000350, 0.000265, 0.000256
1794, 0.000352, 0.000228, 0.000220
1795, 0.000356, 0.000279, 0.000267
1796, 0.000357, 0.000227, 0.000219
1797, 0.000354, 0.000260, 0.000249
1798, 0.000350, 0.000247, 0.000238
1799, 0.000350, 0.000237, 0.000228
1800, 0.000352, 0.000276, 0.000264
1801, 0.000354, 0.000228, 0.000220
1802, 0.000352, 0.000262, 0.000252
1803, 0.000351, 0.000242, 0.000233
1804, 0.000351, 0.000241, 0.000232
1805, 0.000349, 0.000254, 0.000243
1806, 0.000350, 0.000238, 0.000228
1807, 0.000349, 0.000248, 0.000239
1808, 0.000349, 0.000246, 0.000236
1809, 0.000348, 0.000234, 0.000225
1810, 0.000349, 0.000255, 0.000246
1811, 0.000348, 0.000241, 0.000232
1812, 0.000347, 0.000239, 0.000229
1813, 0.000349, 0.000246, 0.000238
1814, 0.000348, 0.000244, 0.000235
1815, 0.000348, 0.000241, 0.000232
1816, 0.000348, 0.000255, 0.000246
1817, 0.000349, 0.000237, 0.000228
1818, 0.000348, 0.000254, 0.000244
1819, 0.000348, 0.000240, 0.000231
1820, 0.000345, 0.000241, 0.000232
1821, 0.000347, 0.000243, 0.000233
1822, 0.000346, 0.000239, 0.000229
1823, 0.000346, 0.000253, 0.000244
1824, 0.000346, 0.000236, 0.000226
1825, 0.000345, 0.000251, 0.000241
1826, 0.000345, 0.000242, 0.000233
1827, 0.000344, 0.000243, 0.000233
1828, 0.000343, 0.000250, 0.000239
1829, 0.000344, 0.000243, 0.000233
1830, 0.000347, 0.000243, 0.000232
1831, 0.000345, 0.000254, 0.000243
1832, 0.000347, 0.000229, 0.000220
1833, 0.000346, 0.000264, 0.000254
1834, 0.000347, 0.000229, 0.000220
1835, 0.000345, 0.000243, 0.000234
1836, 0.000343, 0.000257, 0.000247
1837, 0.000345, 0.000220, 0.000210
1838, 0.000353, 0.000299, 0.000286
1839, 0.000355, 0.000220, 0.000212
1840, 0.000352, 0.000274, 0.000262
1841, 0.000347, 0.000234, 0.000223
1842, 0.000344, 0.000235, 0.000225
1843, 0.000344, 0.000278, 0.000266
1844, 0.000347, 0.000221, 0.000212
1845, 0.000354, 0.000292, 0.000281
1846, 0.000355, 0.000217, 0.000209
1847, 0.000354, 0.000280, 0.000269
1848, 0.000350, 0.000227, 0.000218
1849, 0.000343, 0.000239, 0.000230
1850, 0.000344, 0.000263, 0.000252
1851, 0.000345, 0.000219, 0.000210
1852, 0.000349, 0.000292, 0.000280
1853, 0.000357, 0.000219, 0.000211
1854, 0.000351, 0.000263, 0.000252
1855, 0.000347, 0.000235, 0.000225
1856, 0.000342, 0.000230, 0.000221
1857, 0.000344, 0.000262, 0.000250
1858, 0.000344, 0.000224, 0.000213
1859, 0.000343, 0.000250, 0.000240
1860, 0.000343, 0.000239, 0.000228
1861, 0.000341, 0.000226, 0.000216
1862, 0.000342, 0.000265, 0.000255
1863, 0.000344, 0.000219, 0.000209
1864, 0.000344, 0.000255, 0.000243
1865, 0.000343, 0.000233, 0.000224
1866, 0.000341, 0.000230, 0.000220
1867, 0.000341, 0.000248, 0.000237
1868, 0.000341, 0.000227, 0.000218
1869, 0.000339, 0.000241, 0.000230
1870, 0.000340, 0.000233, 0.000223
1871, 0.000340, 0.000237, 0.000228
1872, 0.000341, 0.000236, 0.000226
1873, 0.000338, 0.000233, 0.000223
1874, 0.000338, 0.000243, 0.000233
1875, 0.000339, 0.000232, 0.000222
1876, 0.000338, 0.000235, 0.000225
1877, 0.000337, 0.000240, 0.000229
1878, 0.000339, 0.000222, 0.000212
1879, 0.000339, 0.000265, 0.000252
1880, 0.000342, 0.000216, 0.000207
1881, 0.000343, 0.000270, 0.000257
1882, 0.000341, 0.000219, 0.000209
1883, 0.000338, 0.000242, 0.000231
1884, 0.000336, 0.000236, 0.000224
1885, 0.000336, 0.000222, 0.000212
1886, 0.000337, 0.000254, 0.000243
1887, 0.000339, 0.000224, 0.000214
1888, 0.000336, 0.000231, 0.000221
1889, 0.000336, 0.000253, 0.000242
1890, 0.000337, 0.000219, 0.000209
1891, 0.000338, 0.000251, 0.000239
1892, 0.000336, 0.000226, 0.000216
1893, 0.000338, 0.000245, 0.000233
1894, 0.000337, 0.000224, 0.000213
1895, 0.000335, 0.000247, 0.000236
1896, 0.000338, 0.000221, 0.000211
1897, 0.000335, 0.000242, 0.000231
1898, 0.000336, 0.000230, 0.000220
1899, 0.000333, 0.000229, 0.000219
1900, 0.000333, 0.000241, 0.000230
1901, 0.000333, 0.000219, 0.000209
1902, 0.000335, 0.000258, 0.000246
1903, 0.000337, 0.000219, 0.000209
1904, 0.000335, 0.000245, 0.000233
1905, 0.000334, 0.000224, 0.000214
1906, 0.000332, 0.000237, 0.000225
1907, 0.000333, 0.000235, 0.000224
1908, 0.000330, 0.000222, 0.000212
1909, 0.000334, 0.000253, 0.000241
1910, 0.000335, 0.000217, 0.000206
1911, 0.000335, 0.000254, 0.000241
1912, 0.000334, 0.000222, 0.000211
1913, 0.000334, 0.000235, 0.000223
1914, 0.000331, 0.000241, 0.000228
1915, 0.000332, 0.000217, 0.000206
1916, 0.000333, 0.000253, 0.000240
1917, 0.000335, 0.000214, 0.000202
1918, 0.000334, 0.000247, 0.000234
1919, 0.000332, 0.000234, 0.000222
1920, 0.000331, 0.000217, 0.000206
1921, 0.000332, 0.000261, 0.000248
1922, 0.000334, 0.000211, 0.000201
1923, 0.000337, 0.000269, 0.000255
1924, 0.000336, 0.000212, 0.000201
1925, 0.000337, 0.000259, 0.000246
1926, 0.000334, 0.000220, 0.000208
1927, 0.000333, 0.000243, 0.000231
1928, 0.000329, 0.000220, 0.000209
1929, 0.000329, 0.000238, 0.000225
1930, 0.000329, 0.000225, 0.000213
1931, 0.000331, 0.000226, 0.000214
1932, 0.000330, 0.000246, 0.000233
1933, 0.000331, 0.000217, 0.000206
1934, 0.000331, 0.000240, 0.000228
1935, 0.000330, 0.000227, 0.000216
1936, 0.000328, 0.000222, 0.000211
1937, 0.000327, 0.000235, 0.000223
1938, 0.000328, 0.000222, 0.000211
1939, 0.000328, 0.000228, 0.000216
1940, 0.000328, 0.000231, 0.000219
1941, 0.000327, 0.000225, 0.000213
1942, 0.000327, 0.000237, 0.000224
1943, 0.000328, 0.000227, 0.000215
1944, 0.000326, 0.000223, 0.000211
1945, 0.000327, 0.000241, 0.000228
1946, 0.000330, 0.000216, 0.000205
1947, 0.000327, 0.000245, 0.000234
1948, 0.000326, 0.000220, 0.000210
1949, 0.000328, 0.000224, 0.000213
1950, 0.000327, 0.000247, 0.000235
1951, 0.000327, 0.000209, 0.000199
1952, 0.000332, 0.000270, 0.000256
1953, 0.000334, 0.000204, 0.000194
1954, 0.000336, 0.000270, 0.000258
1955, 0.000333, 0.000214, 0.000202
1956, 0.000326, 0.000226, 0.000214
1957, 0.000326, 0.000251, 0.000238
1958, 0.000328, 0.000206, 0.000196
1959, 0.000329, 0.000265, 0.000251
1960, 0.000331, 0.000208, 0.000196
1961, 0.000330, 0.000250, 0.000237
1962, 0.000326, 0.000217, 0.000205
1963, 0.000324, 0.000220, 0.000207
1964, 0.000325, 0.000251, 0.000237
1965, 0.000328, 0.000206, 0.000195
1966, 0.000329, 0.000253, 0.000239
1967, 0.000326, 0.000215, 0.000204
1968, 0.000324, 0.000219, 0.000207
1969, 0.000326, 0.000252, 0.000239
1970, 0.000327, 0.000204, 0.000194
1971, 0.000329, 0.000255, 0.000242
1972, 0.000326, 0.000219, 0.000206
1973, 0.000322, 0.000215, 0.000203
1974, 0.000324, 0.000250, 0.000237
1975, 0.000327, 0.000204, 0.000192
1976, 0.000329, 0.000264, 0.000250
1977, 0.000329, 0.000202, 0.000191
1978, 0.000327, 0.000247, 0.000235
1979, 0.000325, 0.000217, 0.000206
1980, 0.000321, 0.000214, 0.000203
1981, 0.000322, 0.000242, 0.000230
1982, 0.000325, 0.000208, 0.000197
1983, 0.000322, 0.000233, 0.000221
1984, 0.000322, 0.000218, 0.000206
1985, 0.000322, 0.000217, 0.000206
1986, 0.000321, 0.000230, 0.000218
1987, 0.000319, 0.000216, 0.000204
1988, 0.000322, 0.000231, 0.000220
1989, 0.000320, 0.000215, 0.000204
1990, 0.000322, 0.000229, 0.000217
1991, 0.000321, 0.000220, 0.000208
1992, 0.000319, 0.000225, 0.000212
1993, 0.000320, 0.000221, 0.000208
1994, 0.000320, 0.000230, 0.000217
1995, 0.000321, 0.000218, 0.000205
1996, 0.000321, 0.000226, 0.000212
1997, 0.000320, 0.000219, 0.000207
1998, 0.000319, 0.000227, 0.000214
1999, 0.000321, 0.000217, 0.000204
2000, 0.000318, 0.000222, 0.000209
2001, 0.000317, 0.000230, 0.000217
2002, 0.000318, 0.000211, 0.000199
2003, 0.000321, 0.000236, 0.000222
2004, 0.000318, 0.000213, 0.000201
2005, 0.000318, 0.000221, 0.000209
2006, 0.000317, 0.000225, 0.000212
2007, 0.000317, 0.000214, 0.000202
2008, 0.000317, 0.000232, 0.000220
2009, 0.000318, 0.000212, 0.000200
2010, 0.000320, 0.000231, 0.000218
2011, 0.000319, 0.000219, 0.000206
2012, 0.000318, 0.000219, 0.000206
2013, 0.000319, 0.000235, 0.000221
2014, 0.000318, 0.000209, 0.000196
2015, 0.000318, 0.000248, 0.000234
2016, 0.000318, 0.000207, 0.000194
2017, 0.000320, 0.000239, 0.000225
2018, 0.000318, 0.000218, 0.000205
2019, 0.000317, 0.000216, 0.000202
2020, 0.000315, 0.000238, 0.000224
2021, 0.000319, 0.000198, 0.000186
2022, 0.000322, 0.000272, 0.000256
2023, 0.000325, 0.000197, 0.000185
2024, 0.000325, 0.000252, 0.000238
2025, 0.000319, 0.000212, 0.000200
2026, 0.000316, 0.000221, 0.000208
2027, 0.000316, 0.000232, 0.000218
2028, 0.000316, 0.000197, 0.000186
2029, 0.000325, 0.000282, 0.000267
2030, 0.000328, 0.000194, 0.000183
2031, 0.000331, 0.000289, 0.000273
2032, 0.000329, 0.000195, 0.000183
2033, 0.000322, 0.000242, 0.000228
2034, 0.000316, 0.000213, 0.000201
2035, 0.000315, 0.000206, 0.000194
2036, 0.000314, 0.000248, 0.000234
2037, 0.000317, 0.000196, 0.000184
2038, 0.000321, 0.000267, 0.000252
2039, 0.000324, 0.000195, 0.000183
2040, 0.000322, 0.000243, 0.000227
2041, 0.000317, 0.000206, 0.000193
2042, 0.000314, 0.000211, 0.000198
2043, 0.000312, 0.000236, 0.000220
2044, 0.000316, 0.000198, 0.000186
2045, 0.000316, 0.000236, 0.000223
2046, 0.000314, 0.000207, 0.000194
2047, 0.000313, 0.000210, 0.000198
2048, 0.000313, 0.000240, 0.000226
2049, 0.000316, 0.000192, 0.000180
2050, 0.000317, 0.000257, 0.000241
2051, 0.000318, 0.000196, 0.000184
2052, 0.000315, 0.000223, 0.000209
2053, 0.000310, 0.000221, 0.000206
2054, 0.000312, 0.000205, 0.000192
2055, 0.000311, 0.000221, 0.000207
2056, 0.000311, 0.000212, 0.000197
2057, 0.000312, 0.000207, 0.000194
2058, 0.000311, 0.000234, 0.000220
2059, 0.000314, 0.000198, 0.000185
2060, 0.000314, 0.000238, 0.000223
2061, 0.000313, 0.000204, 0.000191
2062, 0.000310, 0.000214, 0.000201
2063, 0.000309, 0.000218, 0.000204
2064, 0.000309, 0.000203, 0.000190
2065, 0.000308, 0.000226, 0.000212
2066, 0.000309, 0.000207, 0.000193
2067, 0.000312, 0.000217, 0.000202
2068, 0.000311, 0.000218, 0.000204
2069, 0.000310, 0.000208, 0.000193
2070, 0.000307, 0.000214, 0.000200
2071, 0.000309, 0.000219, 0.000206
2072, 0.000311, 0.000206, 0.000192
2073, 0.000309, 0.000223, 0.000209
2074, 0.000309, 0.000213, 0.000200
2075, 0.000310, 0.000212, 0.000199
2076, 0.000309, 0.000225, 0.000211
2077, 0.000310, 0.000205, 0.000193
2078, 0.000311, 0.000220, 0.000206
2079, 0.000308, 0.000212, 0.000197
2080, 0.000308, 0.000210, 0.000196
2081, 0.000307, 0.000231, 0.000215
2082, 0.000307, 0.000198, 0.000184
2083, 0.000311, 0.000242, 0.000227
2084, 0.000312, 0.000200, 0.000187
2085, 0.000308, 0.000220, 0.000206
2086, 0.000308, 0.000223, 0.000209
2087, 0.000309, 0.000200, 0.000187
2088, 0.000307, 0.000228, 0.000215
2089, 0.000307, 0.000207, 0.000194
2090, 0.000305, 0.000216, 0.000202
2091, 0.000306, 0.000207, 0.000193
2092, 0.000306, 0.000214, 0.000199
2093, 0.000305, 0.000211, 0.000196
2094, 0.000304, 0.000209, 0.000196
2095, 0.000304, 0.000217, 0.000202
2096, 0.000304, 0.000208, 0.000194
2097, 0.000305, 0.000215, 0.000201
2098, 0.000304, 0.000211, 0.000197
2099, 0.000306, 0.000208, 0.000194
2100, 0.000306, 0.000224, 0.000210
2101, 0.000305, 0.000202, 0.000189
2102, 0.000306, 0.000239, 0.000224
2103, 0.000307, 0.000191, 0.000178
2104, 0.000309, 0.000249, 0.000233
2105, 0.000311, 0.000195, 0.000182
2106, 0.000308, 0.000232, 0.000217
2107, 0.000305, 0.000207, 0.000192
2108, 0.000303, 0.000205, 0.000191
2109, 0.000303, 0.000230, 0.000215
2110, 0.000306, 0.000200, 0.000185
2111, 0.000304, 0.000220, 0.000205
2112, 0.000303, 0.000210, 0.000195
2113, 0.000303, 0.000213, 0.000198
2114, 0.000303, 0.000215, 0.000200
2115, 0.000304, 0.000214, 0.000199
2116, 0.000303, 0.000215, 0.000200
2117, 0.000301, 0.000211, 0.000196
2118, 0.000303, 0.000215, 0.000200
2119, 0.000302, 0.000217, 0.000202
2120, 0.000302, 0.000205, 0.000191
2121, 0.000302, 0.000226, 0.000211
2122, 0.000300, 0.000203, 0.000188
2123, 0.000304, 0.000212, 0.000196
2124, 0.000302, 0.000211, 0.000197
2125, 0.000301, 0.000201, 0.000187
2126, 0.000302, 0.000226, 0.000211
2127, 0.000302, 0.000198, 0.000184
2128, 0.000302, 0.000233, 0.000218
2129, 0.000304, 0.000202, 0.000187
2130, 0.000301, 0.000228, 0.000211
2131, 0.000302, 0.000208, 0.000194
2132, 0.000303, 0.000215, 0.000199
2133, 0.000302, 0.000217, 0.000201
2134, 0.000301, 0.000205, 0.000191
2135, 0.000300, 0.000223, 0.000209
2136, 0.000300, 0.000199, 0.000184
2137, 0.000303, 0.000227, 0.000212
2138, 0.000300, 0.000197, 0.000182
2139, 0.000300, 0.000219, 0.000202
2140, 0.000299, 0.000226, 0.000210
2141, 0.000302, 0.000190, 0.000176
2142, 0.000305, 0.000271, 0.000253
2143, 0.000309, 0.000183, 0.000170
2144, 0.000311, 0.000277, 0.000261
2145, 0.000313, 0.000188, 0.000174
2146, 0.000308, 0.000241, 0.000226
2147, 0.000300, 0.000206, 0.000192
2148, 0.000299, 0.000199, 0.000185
2149, 0.000298, 0.000229, 0.000213
2150, 0.000300, 0.000194, 0.000179
2151, 0.000303, 0.000226, 0.000210
2152, 0.000299, 0.000203, 0.000188
2153, 0.000299, 0.000209, 0.000193
2154, 0.000297, 0.000213, 0.000198
2155, 0.000297, 0.000204, 0.000189
2156, 0.000296, 0.000210, 0.000195
2157, 0.000297, 0.000210, 0.000196
2158, 0.000298, 0.000200, 0.000186
2159, 0.000297, 0.000220, 0.000205
2160, 0.000296, 0.000197, 0.000183
2161, 0.000297, 0.000223, 0.000207
2162, 0.000299, 0.000194, 0.000180
2163, 0.000297, 0.000225, 0.000210
2164, 0.000298, 0.000202, 0.000186
2165, 0.000297, 0.000214, 0.000198
2166, 0.000295, 0.000205, 0.000190
2167, 0.000296, 0.000223, 0.000207
2168, 0.000298, 0.000195, 0.000179
2169, 0.000297, 0.000235, 0.000219
2170, 0.000298, 0.000192, 0.000177
2171, 0.000299, 0.000232, 0.000216
2172, 0.000298, 0.000192, 0.000179
2173, 0.000297, 0.000230, 0.000215
2174, 0.000297, 0.000194, 0.000179
2175, 0.000298, 0.000228, 0.000212
2176, 0.000296, 0.000196, 0.000182
2177, 0.000298, 0.000220, 0.000204
2178, 0.000293, 0.000202, 0.000187
2179, 0.000293, 0.000213, 0.000198
2180, 0.000296, 0.000205, 0.000189
2181, 0.000294, 0.000213, 0.000196
2182, 0.000295, 0.000205, 0.000190
2183, 0.000294, 0.000210, 0.000193
2184, 0.000293, 0.000198, 0.000181
2185, 0.000295, 0.000225, 0.000208
2186, 0.000294, 0.000195, 0.000180
2187, 0.000293, 0.000224, 0.000208
2188, 0.000293, 0.000202, 0.000187
2189, 0.000293, 0.000201, 0.000186
2190, 0.000293, 0.000223, 0.000208
2191, 0.000294, 0.000193, 0.000179
2192, 0.000294, 0.000231, 0.000215
2193, 0.000295, 0.000193, 0.000177
2194, 0.000297, 0.000223, 0.000207
2195, 0.000294, 0.000198, 0.000183
2196, 0.000293, 0.000216, 0.000200
2197, 0.000291, 0.000216, 0.000200
2198, 0.000293, 0.000191, 0.000176
2199, 0.000296, 0.000240, 0.000223
2200, 0.000296, 0.000184, 0.000169
2201, 0.000297, 0.000247, 0.000231
2202, 0.000300, 0.000184, 0.000170
2203, 0.000295, 0.000236, 0.000219
2204, 0.000294, 0.000196, 0.000181
2205, 0.000293, 0.000209, 0.000194
2206, 0.000291, 0.000227, 0.000210
2207, 0.000292, 0.000183, 0.000169
2208, 0.000297, 0.000276, 0.000257
2209, 0.000303, 0.000177, 0.000161
2210, 0.000303, 0.000264, 0.000245
2211, 0.000299, 0.000186, 0.000172
2212, 0.000296, 0.000207, 0.000191
2213, 0.000293, 0.000227, 0.000210
2214, 0.000292, 0.000181, 0.000167
2215, 0.000296, 0.000256, 0.000239
2216, 0.000299, 0.000175, 0.000161
2217, 0.000298, 0.000240, 0.000224
2218, 0.000294, 0.000197, 0.000183
2219, 0.000290, 0.000195, 0.000179
2220, 0.000291, 0.000241, 0.000223
2221, 0.000294, 0.000180, 0.000164
2222, 0.000296, 0.000243, 0.000224
2223, 0.000295, 0.000188, 0.000173
2224, 0.000293, 0.000219, 0.000203
2225, 0.000290, 0.000207, 0.000191
2226, 0.000288, 0.000191, 0.000176
2227, 0.000289, 0.000224, 0.000207
2228, 0.000290, 0.000185, 0.000169
2229, 0.000292, 0.000225, 0.000207
2230, 0.000290, 0.000189, 0.000174
2231, 0.000291, 0.000215, 0.000198
2232, 0.000288, 0.000197, 0.000181
2233, 0.000289, 0.000203, 0.000187
2234, 0.000288, 0.000207, 0.000191
2235, 0.000288, 0.000193, 0.000177
2236, 0.000289, 0.000226, 0.000211
2237, 0.000290, 0.000186, 0.000171
2238, 0.000289, 0.000227, 0.000210
2239, 0.000290, 0.000190, 0.000176
2240, 0.000290, 0.000206, 0.000190
2241, 0.000287, 0.000210, 0.000193
2242, 0.000286, 0.000189, 0.000174
2243, 0.000288, 0.000221, 0.000205
2244, 0.000287, 0.000194, 0.000178
2245, 0.000287, 0.000201, 0.000185
2246, 0.000287, 0.000224, 0.000208
2247, 0.000289, 0.000178, 0.000163
2248, 0.000292, 0.000258, 0.000239
2249, 0.000295, 0.000176, 0.000162
2250, 0.000294, 0.000230, 0.000213
2251, 0.000287, 0.000192, 0.000177
2252, 0.000288, 0.000208, 0.000193
2253, 0.000284, 0.000203, 0.000188
2254, 0.000285, 0.000195, 0.000179
2255, 0.000285, 0.000216, 0.000200
2256, 0.000285, 0.000189, 0.000174
2257, 0.000285, 0.000210, 0.000194
2258, 0.000283, 0.000203, 0.000187
2259, 0.000284, 0.000201, 0.000185
2260, 0.000284, 0.000202, 0.000186
2261, 0.000284, 0.000210, 0.000193
2262, 0.000283, 0.000196, 0.000180
2263, 0.000286, 0.000207, 0.000191
2264, 0.000283, 0.000188, 0.000172
2265, 0.000286, 0.000229, 0.000211
2266, 0.000285, 0.000189, 0.000173
2267, 0.000283, 0.000202, 0.000186
2268, 0.000282, 0.000209, 0.000192
2269, 0.000282, 0.000186, 0.000171
2270, 0.000284, 0.000227, 0.000210
2271, 0.000285, 0.000191, 0.000175
2272, 0.000282, 0.000212, 0.000195
2273, 0.000282, 0.000199, 0.000183
2274, 0.000282, 0.000198, 0.000181
2275, 0.000281, 0.000202, 0.000185
2276, 0.000283, 0.000202, 0.000186
2277, 0.000282, 0.000206, 0.000189
2278, 0.000282, 0.000205, 0.000189
2279, 0.000283, 0.000196, 0.000180
2280, 0.000281, 0.000205, 0.000189
2281, 0.000282, 0.000206, 0.000190
2282, 0.000280, 0.000190, 0.000174
2283, 0.000282, 0.000231, 0.000215
2284, 0.000283, 0.000183, 0.000169
2285, 0.000285, 0.000233, 0.000215
2286, 0.000285, 0.000184, 0.000169
2287, 0.000284, 0.000217, 0.000200
2288, 0.000281, 0.000201, 0.000184
2289, 0.000282, 0.000204, 0.000187
2290, 0.000281, 0.000211, 0.000194
2291, 0.000280, 0.000195, 0.000178
2292, 0.000281, 0.000209, 0.000192
2293, 0.000281, 0.000191, 0.000175
2294, 0.000280, 0.000218, 0.000201
2295, 0.000280, 0.000199, 0.000183
2296, 0.000281, 0.000203, 0.000186
2297, 0.000279, 0.000212, 0.000195
2298, 0.000282, 0.000191, 0.000176
2299, 0.000282, 0.000222, 0.000204
2300, 0.000281, 0.000187, 0.000171
2301, 0.000280, 0.000214, 0.000197
2302, 0.000280, 0.000203, 0.000185
2303, 0.000279, 0.000207, 0.000189
2304, 0.000279, 0.000197, 0.000180
2305, 0.000279, 0.000212, 0.000193
2306, 0.000279, 0.000213, 0.000195
2307, 0.000280, 0.000183, 0.000168
2308, 0.000282, 0.000265, 0.000246
2309, 0.000288, 0.000168, 0.000153
2310, 0.000291, 0.000283, 0.000264
2311, 0.000295, 0.000166, 0.000151
2312, 0.000293, 0.000266, 0.000247
2313, 0.000291, 0.000175, 0.000160
2314, 0.000283, 0.000220, 0.000202
2315, 0.000279, 0.000210, 0.000193
2316, 0.000279, 0.000178, 0.000164
2317, 0.000282, 0.000253, 0.000235
2318, 0.000287, 0.000167, 0.000153
2319, 0.000291, 0.000278, 0.000260
2320, 0.000294, 0.000169, 0.000155
2321, 0.000289, 0.000232, 0.000215
2322, 0.000280, 0.000195, 0.000179
2323, 0.000277, 0.000185, 0.000168
2324, 0.000280, 0.000232, 0.000213
2325, 0.000279, 0.000179, 0.000163
2326, 0.000279, 0.000218, 0.000199
2327, 0.000277, 0.000186, 0.000169
2328, 0.000277, 0.000207, 0.000190
2329, 0.000275, 0.000192, 0.000176
2330, 0.000276, 0.000196, 0.000180
2331, 0.000275, 0.000202, 0.000185
2332, 0.000277, 0.000183, 0.000168
2333, 0.000276, 0.000219, 0.000202
2334, 0.000278, 0.000183, 0.000167
2335, 0.000275, 0.000219, 0.000200
2336, 0.000278, 0.000184, 0.000167
2337, 0.000278, 0.000212, 0.000194
2338, 0.000277, 0.000191, 0.000174
2339, 0.000273, 0.000197, 0.000181
2340, 0.000274, 0.000205, 0.000189
2341, 0.000272, 0.000185, 0.000169
2342, 0.000276, 0.000225, 0.000208
2343, 0.000277, 0.000174, 0.000158
2344, 0.000278, 0.000237, 0.000218
2345, 0.000280, 0.000176, 0.000160
2346, 0.000276, 0.000208, 0.000191
2347, 0.000273, 0.000206, 0.000188
2348, 0.000274, 0.000179, 0.000163
2349, 0.000274, 0.000228, 0.000209
2350, 0.000276, 0.000175, 0.000159
2351, 0.000277, 0.000226, 0.000207
2352, 0.000277, 0.000176, 0.000161
2353, 0.000278, 0.000222, 0.000204
2354, 0.000275, 0.000179, 0.000163
2355, 0.000274, 0.000222, 0.000205
2356, 0.000276, 0.000181, 0.000164
2357, 0.000273, 0.000202, 0.000184
2358, 0.000271, 0.000198, 0.000181
2359, 0.000271, 0.000196, 0.000179
2360, 0.000273, 0.000196, 0.000178
2361, 0.000271, 0.000213, 0.000195
2362, 0.000272, 0.000176, 0.000160
2363, 0.000274, 0.000234, 0.000215
2364, 0.000275, 0.000176, 0.000159
2365, 0.000273, 0.000213, 0.000195
2366, 0.000272, 0.000189, 0.000172
2367, 0.000271, 0.000195, 0.000177
2368, 0.000270, 0.000204, 0.000186
2369, 0.000269, 0.000191, 0.000173
2370, 0.000272, 0.000202, 0.000184
2371, 0.000270, 0.000190, 0.000173
2372, 0.000271, 0.000202, 0.000184
2373, 0.000270, 0.000189, 0.000172
2374, 0.000270, 0.000210, 0.000192
2375, 0.000271, 0.000196, 0.000179
2376, 0.000270, 0.000192, 0.000174
2377, 0.000269, 0.000221, 0.000202
2378, 0.000271, 0.000178, 0.000162
2379, 0.000272, 0.000218, 0.000200
2380, 0.000271, 0.000184, 0.000167
2381, 0.000271, 0.000215, 0.000197
2382, 0.000267, 0.000195, 0.000178
2383, 0.000268, 0.000192, 0.000174
2384, 0.000270, 0.000218, 0.000199
2385, 0.000270, 0.000182, 0.000165
2386, 0.000269, 0.000225, 0.000206
2387, 0.000271, 0.000174, 0.000157
2388, 0.000274, 0.000223, 0.000204
2389, 0.000269, 0.000190, 0.000173
2390, 0.000269, 0.000196, 0.000179
2391, 0.000269, 0.000221, 0.000203
2392, 0.000269, 0.000176, 0.000160
2393, 0.000271, 0.000246, 0.000227
2394, 0.000276, 0.000174, 0.000158
2395, 0.000273, 0.000239, 0.000220
2396, 0.000272, 0.000175, 0.000159
2397, 0.000271, 0.000229, 0.000210
2398, 0.000271, 0.000177, 0.000162
2399, 0.000271, 0.000205, 0.000188
2400, 0.000266, 0.000213, 0.000195
2401, 0.000266, 0.000174, 0.000159
2402, 0.000269, 0.000229, 0.000211
2403, 0.000269, 0.000182, 0.000164
2404, 0.000271, 0.000213, 0.000196
2405, 0.000268, 0.000192, 0.000175
2406, 0.000265, 0.000205, 0.000188
2407, 0.000266, 0.000195, 0.000178
2408, 0.000266, 0.000202, 0.000185
2409, 0.000266, 0.000191, 0.000174
2410, 0.000264, 0.000201, 0.000184
2411, 0.000266, 0.000200, 0.000183
2412, 0.000266, 0.000187, 0.000171
2413, 0.000265, 0.000208, 0.000191
2414, 0.000268, 0.000194, 0.000178
2415, 0.000265, 0.000190, 0.000175
2416, 0.000265, 0.000216, 0.000199
2417, 0.000265, 0.000181, 0.000165
2418, 0.000266, 0.000224, 0.000207
2419, 0.000265, 0.000179, 0.000163
2420, 0.000263, 0.000207, 0.000189
2421, 0.000263, 0.000204, 0.000186
2422, 0.000264, 0.000177, 0.000160
2423, 0.000268, 0.000241, 0.000221
2424, 0.000270, 0.000172, 0.000156
2425, 0.000267, 0.000228, 0.000209
2426, 0.000267, 0.000176, 0.000159
2427, 0.000267, 0.000226, 0.000209
2428, 0.000267, 0.000180, 0.000165
2429, 0.000264, 0.000205, 0.000188
2430, 0.000260, 0.000206, 0.000189
2431, 0.000262, 0.000182, 0.000166
2432, 0.000263, 0.000228, 0.000210
2433, 0.000264, 0.000176, 0.000161
2434, 0.000265, 0.000218, 0.000200
2435, 0.000264, 0.000201, 0.000183
2436, 0.000262, 0.000186, 0.000169
2437, 0.000261, 0.000216, 0.000198
2438, 0.000263, 0.000184, 0.000167
2439, 0.000263, 0.000215, 0.000198
2440, 0.000263, 0.000176, 0.000160
2441, 0.000264, 0.000226, 0.000209
2442, 0.000264, 0.000183, 0.000166
2443, 0.000263, 0.000206, 0.000188
2444, 0.000262, 0.000198, 0.000180
2445, 0.000262, 0.000194, 0.000176
2446, 0.000261, 0.000208, 0.000190
2447, 0.000262, 0.000183, 0.000166
2448, 0.000260, 0.000219, 0.000199
2449, 0.000264, 0.000180, 0.000164
2450, 0.000261, 0.000221, 0.000203
2451, 0.000261, 0.000187, 0.000169
2452, 0.000263, 0.000207, 0.000190
2453, 0.000261, 0.000195, 0.000179
2454, 0.000260, 0.000189, 0.000172
2455, 0.000260, 0.000223, 0.000205
2456, 0.000262, 0.000169, 0.000154
2457, 0.000264, 0.000265, 0.000245
2458, 0.000270, 0.000158, 0.000142
2459, 0.000276, 0.000284, 0.000264
2460, 0.000276, 0.000157, 0.000141
2461, 0.000275, 0.000266, 0.000245
2462, 0.000269, 0.000170, 0.000154
2463, 0.000261, 0.000190, 0.000173
2464, 0.000259, 0.000238, 0.000218
2465, 0.000264, 0.000158, 0.000143
2466, 0.000272, 0.000301, 0.000279
2467, 0.000282, 0.000156, 0.000140
2468, 0.000285, 0.000282, 0.000263
2469, 0.000277, 0.000163, 0.000147
2470, 0.000266, 0.000202, 0.000185
2471, 0.000259, 0.000225, 0.000208
2472, 0.000261, 0.000156, 0.000141
2473, 0.000271, 0.000274, 0.000255
2474, 0.000275, 0.000160, 0.000144
2475, 0.000266, 0.000211, 0.000194
2476, 0.000259, 0.000206, 0.000188
2477, 0.000260, 0.000161, 0.000144
2478, 0.000264, 0.000246, 0.000226
2479, 0.000265, 0.000164, 0.000148
2480, 0.000262, 0.000203, 0.000185
2481, 0.000258, 0.000200, 0.000182
2482, 0.000258, 0.000165, 0.000149
2483, 0.000262, 0.000235, 0.000216
2484, 0.000262, 0.000166, 0.000150
2485, 0.000261, 0.000194, 0.000177
2486, 0.000256, 0.000206, 0.000189
2487, 0.000255, 0.000167, 0.000150
2488, 0.000258, 0.000215, 0.000198
2489, 0.000258, 0.000177, 0.000160
2490, 0.000255, 0.000177, 0.000161
2491, 0.000256, 0.000222, 0.000205
2492, 0.000258, 0.000164, 0.000149
2493, 0.000259, 0.000218, 0.000199
2494, 0.000256, 0.000181, 0.000164
2495, 0.000253, 0.000178, 0.000161
2496, 0.000256, 0.000202, 0.000184
2497, 0.000255, 0.000177, 0.000161
2498, 0.000253, 0.000185, 0.000169
2499, 0.000255, 0.000200, 0.000181
2500, 0.000254, 0.000175, 0.000158
2501, 0.000256, 0.000203, 0.000186
2502, 0.000255, 0.000178, 0.000162
2503, 0.000254, 0.000199, 0.000182
2504, 0.000255, 0.000187, 0.000171
2505, 0.000255, 0.000189, 0.000171
2506, 0.000253, 0.000183, 0.000167
2507, 0.000255, 0.000197, 0.000180
2508, 0.000252, 0.000175, 0.000159
2509, 0.000255, 0.000205, 0.000188
2510, 0.000254, 0.000179, 0.000163
2511, 0.000253, 0.000200, 0.000182
2512, 0.000251, 0.000184, 0.000167
2513, 0.000254, 0.000189, 0.000172
2514, 0.000254, 0.000196, 0.000177
2515, 0.000252, 0.000189, 0.000172
2516, 0.000252, 0.000189, 0.000172
2517, 0.000251, 0.000192, 0.000175
2518, 0.000250, 0.000182, 0.000166
2519, 0.000252, 0.000196, 0.000180
2520, 0.000250, 0.000178, 0.000161
2521, 0.000251, 0.000213, 0.000195
2522, 0.000252, 0.000177, 0.000160
2523, 0.000251, 0.000193, 0.000175
2524, 0.000252, 0.000216, 0.000197
2525, 0.000252, 0.000159, 0.000143
2526, 0.000256, 0.000239, 0.000219
2527, 0.000257, 0.000168, 0.000152
2528, 0.000252, 0.000194, 0.000177
2529, 0.000250, 0.000202, 0.000185
2530, 0.000250, 0.000170, 0.000154
2531, 0.000252, 0.000216, 0.000197
2532, 0.000250, 0.000175, 0.000158
2533, 0.000250, 0.000201, 0.000183
2534, 0.000249, 0.000180, 0.000163
2535, 0.000250, 0.000203, 0.000185
2536, 0.000250, 0.000174, 0.000157
2537, 0.000250, 0.000217, 0.000198
2538, 0.000249, 0.000172, 0.000156
2539, 0.000249, 0.000203, 0.000186
2540, 0.000250, 0.000189, 0.000172
2541, 0.000248, 0.000183, 0.000166
2542, 0.000247, 0.000218, 0.000200
2543, 0.000249, 0.000166, 0.000150
2544, 0.000251, 0.000220, 0.000202
2545, 0.000249, 0.000173, 0.000157
2546, 0.000246, 0.000186, 0.000169
2547, 0.000247, 0.000200, 0.000182
2548, 0.000246, 0.000178, 0.000162
2549, 0.000246, 0.000189, 0.000172
2550, 0.000247, 0.000209, 0.000191
2551, 0.000246, 0.000166, 0.000149
2552, 0.000251, 0.000247, 0.000228
2553, 0.000255, 0.000154, 0.000138
2554, 0.000257, 0.000253, 0.000234
2555, 0.000255, 0.000160, 0.000144
2556, 0.000251, 0.000207, 0.000189
2557, 0.000247, 0.000195, 0.000178
2558, 0.000244, 0.000167, 0.000151
2559, 0.000247, 0.000228, 0.000209
2560, 0.000249, 0.000164, 0.000148
2561, 0.000246, 0.000204, 0.000186
2562, 0.000245, 0.000190, 0.000173
2563, 0.000243, 0.000170, 0.000154
2564, 0.000246, 0.000228, 0.000211
2565, 0.000247, 0.000164, 0.000148
2566, 0.000247, 0.000217, 0.000200
2567, 0.000247, 0.000178, 0.000163
2568, 0.000243, 0.000181, 0.000164
2569, 0.000244, 0.000212, 0.000195
2570, 0.000246, 0.000160, 0.000144
2571, 0.000249, 0.000230, 0.000210
2572, 0.000247, 0.000172, 0.000155
2573, 0.000244, 0.000190, 0.000171
2574, 0.000242, 0.000214, 0.000195
2575, 0.000244, 0.000158, 0.000143
2576, 0.000247, 0.000239, 0.000221
2577, 0.000249, 0.000157, 0.000142
2578, 0.000247, 0.000222, 0.000204
2579, 0.000246, 0.000177, 0.000161
2580, 0.000242, 0.000187, 0.000170
2581, 0.000241, 0.000194, 0.000177
2582, 0.000241, 0.000176, 0.000159
2583, 0.000240, 0.000197, 0.000179
2584, 0.000240, 0.000179, 0.000162
2585, 0.000240, 0.000192, 0.000175
2586, 0.000239, 0.000177, 0.000161
2587, 0.000241, 0.000206, 0.000189
2588, 0.000243, 0.000170, 0.000155
2589, 0.000242, 0.000217, 0.000200
2590, 0.000244, 0.000161, 0.000146
2591, 0.000242, 0.000225, 0.000206
2592, 0.000244, 0.000168, 0.000151
2593, 0.000241, 0.000200, 0.000182
2594, 0.000240, 0.000193, 0.000175
2595, 0.000241, 0.000171, 0.000155
2596, 0.000241, 0.000220, 0.000203
2597, 0.000243, 0.000162, 0.000147
2598, 0.000241, 0.000206, 0.000189
2599, 0.000242, 0.000183, 0.000167
2600, 0.000238, 0.000184, 0.000167
2601, 0.000239, 0.000199, 0.000182
2602, 0.000238, 0.000175, 0.000158
2603, 0.000238, 0.000195, 0.000177
2604, 0.000238, 0.000183, 0.000165
2605, 0.000240, 0.000197, 0.000179
2606, 0.000236, 0.000186, 0.000169
2607, 0.000237, 0.000173, 0.000157
2608, 0.000237, 0.000208, 0.000190
2609, 0.000236, 0.000163, 0.000148
2610, 0.000239, 0.000210, 0.000193
2611, 0.000238, 0.000174, 0.000159
2612, 0.000237, 0.000180, 0.000165
2613, 0.000237, 0.000204, 0.000188
2614, 0.000236, 0.000168, 0.000152
2615, 0.000238, 0.000211, 0.000193
2616, 0.000238, 0.000175, 0.000158
2617, 0.000236, 0.000195, 0.000177
2618, 0.000236, 0.000182, 0.000165
2619, 0.000235, 0.000183, 0.000165
2620, 0.000235, 0.000193, 0.000174
2621, 0.000234, 0.000173, 0.000155
2622, 0.000235, 0.000208, 0.000189
2623, 0.000235, 0.000163, 0.000147
2624, 0.000236, 0.000218, 0.000201
2625, 0.000238, 0.000164, 0.000148
2626, 0.000237, 0.000211, 0.000195
2627, 0.000236, 0.000169, 0.000154
2628, 0.000236, 0.000210, 0.000193
2629, 0.000236, 0.000175, 0.000160
2630, 0.000233, 0.000181, 0.000165
2631, 0.000234, 0.000194, 0.000178
2632, 0.000234, 0.000169, 0.000153
2633, 0.000233, 0.000205, 0.000188
2634, 0.000235, 0.000172, 0.000156
2635, 0.000233, 0.000193, 0.000176
2636, 0.000232, 0.000189, 0.000173
2637, 0.000232, 0.000181, 0.000164
2638, 0.000233, 0.000195, 0.000178
2639, 0.000232, 0.000178, 0.000163
2640, 0.000232, 0.000202, 0.000185
2641, 0.000231, 0.000170, 0.000154
2642, 0.000230, 0.000197, 0.000181
2643, 0.000232, 0.000181, 0.000165
2644, 0.000230, 0.000180, 0.000165
2645, 0.000232, 0.000201, 0.000185
2646, 0.000232, 0.000164, 0.000149
2647, 0.000232, 0.000226, 0.000209
2648, 0.000233, 0.000160, 0.000145
2649, 0.000234, 0.000211, 0.000193
2650, 0.000232, 0.000189, 0.000171
2651, 0.000230, 0.000160, 0.000144
2652, 0.000233, 0.000267, 0.000247
2653, 0.000242, 0.000137, 0.000122
2654, 0.000254, 0.000328, 0.000306
2655, 0.000262, 0.000135, 0.000121
2656, 0.000263, 0.000298, 0.000277
2657, 0.000255, 0.000141, 0.000126
2658, 0.000242, 0.000219, 0.000201
2659, 0.000232, 0.000194, 0.000177
2660, 0.000228, 0.000148, 0.000133
2661, 0.000235, 0.000261, 0.000242
2662, 0.000242, 0.000142, 0.000128
2663, 0.000239, 0.000220, 0.000203
2664, 0.000233, 0.000178, 0.000163
2665, 0.000227, 0.000153, 0.000138
2666, 0.000231, 0.000235, 0.000217
2667, 0.000233, 0.000147, 0.000132
2668, 0.000235, 0.000222, 0.000203
2669, 0.000232, 0.000158, 0.000142
2670, 0.000227, 0.000178, 0.000162
2671, 0.000226, 0.000195, 0.000178
2672, 0.000227, 0.000152, 0.000138
2673, 0.000229, 0.000216, 0.000199
2674, 0.000232, 0.000157, 0.000142
2675, 0.000229, 0.000193, 0.000177
2676, 0.000226, 0.000185, 0.000170
2677, 0.000225, 0.000151, 0.000136
2678, 0.000230, 0.000228, 0.000209
2679, 0.000231, 0.000151, 0.000136
2680, 0.000228, 0.000181, 0.000164
2681, 0.000224, 0.000189, 0.000171
2682, 0.000226, 0.000154, 0.000138
2683, 0.000228, 0.000207, 0.000189
2684, 0.000227, 0.000162, 0.000147
2685, 0.000224, 0.000184, 0.000168
2686, 0.000224, 0.000180, 0.000165
2687, 0.000225, 0.000160, 0.000145
2688, 0.000226, 0.000202, 0.000186
2689, 0.000224, 0.000160, 0.000145
2690, 0.000224, 0.000179, 0.000163
2691, 0.000222, 0.000193, 0.000177
2692, 0.000223, 0.000153, 0.000138
2693, 0.000227, 0.000197, 0.000180
2694, 0.000225, 0.000164, 0.000148
2695, 0.000222, 0.000176, 0.000161
2696, 0.000221, 0.000192, 0.000175
2697, 0.000222, 0.000155, 0.000140
2698, 0.000225, 0.000227, 0.000209
2699, 0.000226, 0.000145, 0.000131
2700, 0.000227, 0.000203, 0.000186
2701, 0.000223, 0.000168, 0.000152
2702, 0.000220, 0.000169, 0.000153
2703, 0.000220, 0.000194, 0.000178
2704, 0.000221, 0.000158, 0.000143
2705, 0.000221, 0.000186, 0.000170
2706, 0.000220, 0.000173, 0.000158
2707, 0.000220, 0.000171, 0.000156
2708, 0.000219, 0.000179, 0.000163
2709, 0.000220, 0.000174, 0.000158
2710, 0.000221, 0.000171, 0.000154
2711, 0.000220, 0.000188, 0.000171
2712, 0.000220, 0.000158, 0.000143
2713, 0.000222, 0.000209, 0.000193
2714, 0.000222, 0.000148, 0.000135
2715, 0.000221, 0.000206, 0.000191
2716, 0.000219, 0.000169, 0.000155
2717, 0.000216, 0.000164, 0.000150
2718, 0.000219, 0.000204, 0.000189
2719, 0.000222, 0.000138, 0.000125
2720, 0.000226, 0.000253, 0.000234
2721, 0.000230, 0.000138, 0.000124
2722, 0.000227, 0.000226, 0.000207
2723, 0.000222, 0.000166, 0.000151
2724, 0.000217, 0.000158, 0.000143
2725, 0.000219, 0.000233, 0.000215
2726, 0.000225, 0.000134, 0.000121
2727, 0.000231, 0.000259, 0.000240
2728, 0.000234, 0.000135, 0.000122
2729, 0.000228, 0.000210, 0.000194
2730, 0.000219, 0.000178, 0.000162
2731, 0.000214, 0.000141, 0.000126
2732, 0.000221, 0.000257, 0.000239
2733, 0.000231, 0.000133, 0.000120
2734, 0.000227, 0.000215, 0.000199
2735, 0.000218, 0.000172, 0.000158
2736, 0.000214, 0.000145, 0.000131
2737, 0.000217, 0.000220, 0.000203
2738, 0.000219, 0.000139, 0.000126
2739, 0.000219, 0.000194, 0.000178
2740, 0.000216, 0.000174, 0.000158
2741, 0.000215, 0.000149, 0.000133
2742, 0.000216, 0.000219, 0.000201
2743, 0.000218, 0.000146, 0.000131
2744, 0.000217, 0.000190, 0.000174
2745, 0.000215, 0.000175, 0.000160
2746, 0.000212, 0.000147, 0.000132
2747, 0.000216, 0.000227, 0.000210
2748, 0.000221, 0.000134, 0.000120
2749, 0.000221, 0.000213, 0.000197
2750, 0.000217, 0.000156, 0.000141
2751, 0.000212, 0.000151, 0.000136
2752, 0.000213, 0.000231, 0.000213
2753, 0.000221, 0.000127, 0.000114
2754, 0.000224, 0.000233, 0.000215
2755, 0.000220, 0.000148, 0.000133
2756, 0.000211, 0.000157, 0.000142
2757, 0.000212, 0.000215, 0.000197
2758, 0.000216, 0.000129, 0.000115
2759, 0.000222, 0.000238, 0.000219
2760, 0.000220, 0.000144, 0.000129
2761, 0.000214, 0.000172, 0.000157
2762, 0.000209, 0.000184, 0.000169
2763, 0.000209, 0.000142, 0.000129
2764, 0.000212, 0.000190, 0.000174
2765, 0.000211, 0.000163, 0.000149
2766, 0.000209, 0.000148, 0.000134
2767, 0.000211, 0.000206, 0.000191
2768, 0.000213, 0.000135, 0.000122
2769, 0.000213, 0.000187, 0.000173
2770, 0.000209, 0.000163, 0.000149
2771, 0.000207, 0.000146, 0.000132
2772, 0.000209, 0.000200, 0.000184
2773, 0.000210, 0.000137, 0.000123
2774, 0.000211, 0.000197, 0.000181
2775, 0.000209, 0.000162, 0.000147
2776, 0.000205, 0.000140, 0.000126
2777, 0.000209, 0.000214, 0.000198
2778, 0.000212, 0.000136, 0.000123
2779, 0.000211, 0.000179, 0.000165
2780, 0.000206, 0.000177, 0.000163
2781, 0.000208, 0.000136, 0.000123
2782, 0.000209, 0.000225, 0.000208
2783, 0.000216, 0.000126, 0.000113
2784, 0.000217, 0.000209, 0.000193
2785, 0.000212, 0.000162, 0.000148
2786, 0.000204, 0.000138, 0.000124
2787, 0.000209, 0.000227, 0.000210
2788, 0.000214, 0.000127, 0.000114
2789, 0.000215, 0.000207, 0.000190
2790, 0.000209, 0.000148, 0.000134
2791, 0.000205, 0.000157, 0.000143
2792, 0.000204, 0.000192, 0.000177
2793, 0.000207, 0.000137, 0.000124
2794, 0.000207, 0.000188, 0.000174
2795, 0.000205, 0.000139, 0.000127
2796, 0.000204, 0.000179, 0.000165
2797, 0.000204, 0.000151, 0.000138
2798, 0.000203, 0.000160, 0.000147
2799, 0.000201, 0.000167, 0.000153
2800, 0.000202, 0.000147, 0.000134
2801, 0.000202, 0.000181, 0.000166
2802, 0.000202, 0.000146, 0.000133
2803, 0.000201, 0.000172, 0.000158
2804, 0.000201, 0.000153, 0.000139
2805, 0.000201, 0.000166, 0.000153
2806, 0.000201, 0.000162, 0.000149
2807, 0.000200, 0.000150, 0.000138
2808, 0.000200, 0.000190, 0.000176
2809, 0.000202, 0.000143, 0.000131
2810, 0.000199, 0.000166, 0.000153
2811, 0.000201, 0.000177, 0.000162
2812, 0.000199, 0.000129, 0.000117
2813, 0.000205, 0.000218, 0.000202
2814, 0.000207, 0.000133, 0.000120
2815, 0.000204, 0.000169, 0.000155
2816, 0.000200, 0.000179, 0.000166
2817, 0.000201, 0.000129, 0.000117
2818, 0.000204, 0.000218, 0.000202
2819, 0.000207, 0.000132, 0.000121
2820, 0.000203, 0.000168, 0.000155
2821, 0.000197, 0.000186, 0.000172
2822, 0.000199, 0.000129, 0.000118
2823, 0.000203, 0.000216, 0.000203
2824, 0.000205, 0.000134, 0.000122
2825, 0.000201, 0.000173, 0.000160
2826, 0.000196, 0.000185, 0.000172
2827, 0.000199, 0.000125, 0.000113
2828, 0.000203, 0.000218, 0.000202
2829, 0.000204, 0.000131, 0.000119
2830, 0.000201, 0.000171, 0.000156
2831, 0.000196, 0.000169, 0.000154
2832, 0.000196, 0.000136, 0.000123
2833, 0.000200, 0.000216, 0.000199
2834, 0.000204, 0.000128, 0.000115
2835, 0.000202, 0.000191, 0.000177
2836, 0.000198, 0.000154, 0.000141
2837, 0.000195, 0.000138, 0.000125
2838, 0.000196, 0.000201, 0.000188
2839, 0.000200, 0.000131, 0.000119
2840, 0.000197, 0.000167, 0.000154
2841, 0.000194, 0.000165, 0.000153
2842, 0.000195, 0.000136, 0.000125
2843, 0.000195, 0.000189, 0.000174
2844, 0.000197, 0.000143, 0.000131
2845, 0.000196, 0.000164, 0.000151
2846, 0.000193, 0.000159, 0.000145
2847, 0.000194, 0.000149, 0.000136
2848, 0.000192, 0.000178, 0.000165
2849, 0.000195, 0.000141, 0.000128
2850, 0.000195, 0.000173, 0.000158
2851, 0.000193, 0.000145, 0.000132
2852, 0.000191, 0.000161, 0.000147
2853, 0.000193, 0.000173, 0.000160
2854, 0.000192, 0.000127, 0.000116
2855, 0.000194, 0.000208, 0.000193
2856, 0.000199, 0.000128, 0.000118
2857, 0.000194, 0.000169, 0.000156
2858, 0.000191, 0.000170, 0.000157
2859, 0.000190, 0.000124, 0.000113
2860, 0.000195, 0.000216, 0.000202
2861, 0.000198, 0.000129, 0.000117
2862, 0.000196, 0.000168, 0.000155
2863, 0.000190, 0.000173, 0.000160
2864, 0.000190, 0.000128, 0.000116
2865, 0.000194, 0.000198, 0.000185
2866, 0.000194, 0.000124, 0.000114
2867, 0.000192, 0.000178, 0.000165
2868, 0.000191, 0.000146, 0.000133
2869, 0.000189, 0.000144, 0.000132
2870, 0.000188, 0.000174, 0.000159
2871, 0.000187, 0.000142, 0.000129
2872, 0.000187, 0.000152, 0.000139
2873, 0.000186, 0.000177, 0.000163
2874, 0.000189, 0.000126, 0.000115
2875, 0.000191, 0.000207, 0.000194
2876, 0.000193, 0.000122, 0.000111
2877, 0.000193, 0.000192, 0.000179
2878, 0.000189, 0.000141, 0.000129
2879, 0.000186, 0.000144, 0.000132
2880, 0.000187, 0.000169, 0.000156
2881, 0.000187, 0.000140, 0.000128
2882, 0.000185, 0.000157, 0.000145
2883, 0.000186, 0.000154, 0.000142
2884, 0.000184, 0.000151, 0.000139
2885, 0.000185, 0.000149, 0.000136
2886, 0.000185, 0.000165, 0.000152
2887, 0.000185, 0.000145, 0.000133
2888, 0.000183, 0.000157, 0.000145
2889, 0.000184, 0.000147, 0.000136
2890, 0.000184, 0.000159, 0.000147
2891, 0.000184, 0.000136, 0.000124
2892, 0.000184, 0.000172, 0.000158
2893, 0.000183, 0.000138, 0.000126
2894, 0.000183, 0.000157, 0.000144
2895, 0.000181, 0.000146, 0.000134
2896, 0.000180, 0.000159, 0.000147
2897, 0.000183, 0.000134, 0.000122
2898, 0.000184, 0.000180, 0.000167
2899, 0.000182, 0.000131, 0.000120
2900, 0.000183, 0.000169, 0.000156
2901, 0.000182, 0.000151, 0.000139
2902, 0.000181, 0.000143, 0.000132
2903, 0.000183, 0.000171, 0.000158
2904, 0.000183, 0.000137, 0.000126
2905, 0.000181, 0.000159, 0.000147
2906, 0.000181, 0.000145, 0.000133
2907, 0.000179, 0.000145, 0.000133
2908, 0.000179, 0.000161, 0.000150
2909, 0.000178, 0.000149, 0.000138
2910, 0.000180, 0.000152, 0.000141
2911, 0.000177, 0.000149, 0.000138
2912, 0.000177, 0.000155, 0.000144
2913, 0.000179, 0.000141, 0.000130
2914, 0.000180, 0.000168, 0.000156
2915, 0.000179, 0.000129, 0.000118
2916, 0.000179, 0.000174, 0.000162
2917, 0.000179, 0.000128, 0.000118
2918, 0.000180, 0.000174, 0.000162
2919, 0.000178, 0.000129, 0.000118
2920, 0.000179, 0.000164, 0.000151
2921, 0.000177, 0.000154, 0.000142
2922, 0.000175, 0.000136, 0.000125
2923, 0.000179, 0.000178, 0.000165
2924, 0.000178, 0.000131, 0.000119
2925, 0.000179, 0.000172, 0.000160
2926, 0.000177, 0.000142, 0.000131
2927, 0.000175, 0.000142, 0.000131
2928, 0.000175, 0.000182, 0.000170
2929, 0.000179, 0.000111, 0.000101
2930, 0.000185, 0.000249, 0.000234
2931, 0.000195, 0.000096, 0.000087
2932, 0.000206, 0.000304, 0.000287
2933, 0.000214, 0.000097, 0.000088
2934, 0.000213, 0.000276, 0.000261
2935, 0.000202, 0.000103, 0.000095
2936, 0.000189, 0.000170, 0.000158
2937, 0.000176, 0.000164, 0.000153
2938, 0.000175, 0.000106, 0.000097
2939, 0.000183, 0.000221, 0.000208
2940, 0.000188, 0.000109, 0.000099
2941, 0.000179, 0.000158, 0.000147
2942, 0.000175, 0.000164, 0.000152
2943, 0.000175, 0.000113, 0.000103
2944, 0.000177, 0.000179, 0.000168
2945, 0.000176, 0.000128, 0.000118
2946, 0.000175, 0.000133, 0.000123
2947, 0.000173, 0.000174, 0.000162
2948, 0.000177, 0.000105, 0.000095
2949, 0.000184, 0.000221, 0.000207
2950, 0.000189, 0.000100, 0.000091
2951, 0.000183, 0.000185, 0.000171
2952, 0.000178, 0.000129, 0.000119
2953, 0.000170, 0.000129, 0.000119
2954, 0.000172, 0.000179, 0.000166
2955, 0.000175, 0.000112, 0.000102
2956, 0.000175, 0.000153, 0.000142
2957, 0.000172, 0.000145, 0.000133
2958, 0.000170, 0.000120, 0.000109
2959, 0.000172, 0.000166, 0.000154
2960, 0.000172, 0.000127, 0.000116
2961, 0.000171, 0.000128, 0.000118
2962, 0.000169, 0.000178, 0.000166
2963, 0.000174, 0.000106, 0.000096
2964, 0.000178, 0.000189, 0.000177
2965, 0.000175, 0.000124, 0.000115
2966, 0.000169, 0.000119, 0.000108
2967, 0.000172, 0.000207, 0.000195
2968, 0.000181, 0.000093, 0.000084
2969, 0.000187, 0.000213, 0.000198
2970, 0.000182, 0.000115, 0.000105
2971, 0.000171, 0.000131, 0.000120
2972, 0.000167, 0.000174, 0.000162
2973, 0.000173, 0.000103, 0.000094
2974, 0.000176, 0.000182, 0.000170
2975, 0.000173, 0.000112, 0.000103
2976, 0.000168, 0.000138, 0.000129
2977, 0.000166, 0.000168, 0.000157
2978, 0.000169, 0.000098, 0.000089
2979, 0.000178, 0.000216, 0.000203
2980, 0.000180, 0.000105, 0.000095
2981, 0.000171, 0.000130, 0.000119
2982, 0.000165, 0.000199, 0.000185
2983, 0.000175, 0.000090, 0.000081
2984, 0.000184, 0.000207, 0.000193
2985, 0.000177, 0.000114, 0.000104
2986, 0.000166, 0.000112, 0.000102
2987, 0.000166, 0.000197, 0.000183
2988, 0.000174, 0.000098, 0.000089
2989, 0.000171, 0.000160, 0.000147
2990, 0.000167, 0.000132, 0.000121
2991, 0.000163, 0.000117, 0.000107
2992, 0.000164, 0.000152, 0.000140
2993, 0.000165, 0.000122, 0.000112
2994, 0.000164, 0.000133, 0.000123
2995, 0.000164, 0.000143, 0.000132
2996, 0.000163, 0.000114, 0.000105
2997, 0.000164, 0.000147, 0.000137
2998, 0.000164, 0.000130, 0.000120
2999, 0.000161, 0.000119, 0.000109
3000, 0.000162, 0.000158, 0.000147
3001, 0.000165, 0.000109, 0.000099
3002, 0.000166, 0.000145, 0.000134
3003, 0.000161, 0.000147, 0.000136
3004, 0.000161, 0.000103, 0.000094
3005, 0.000166, 0.000194, 0.000181
3006, 0.000171, 0.000099, 0.000091
3007, 0.000169, 0.000146, 0.000135
3008, 0.000163, 0.000142, 0.000131
3009, 0.000162, 0.000110, 0.000100
3010, 0.000163, 0.000156, 0.000144
3011, 0.000162, 0.000120, 0.000110
3012, 0.000159, 0.000119, 0.000110
3013, 0.000161, 0.000157, 0.000145
3014, 0.000162, 0.000111, 0.000101
3015, 0.000161, 0.000141, 0.000129
3016, 0.000160, 0.000144, 0.000132
3017, 0.000160, 0.000115, 0.000105
3018, 0.000159, 0.000145, 0.000134
3019, 0.000159, 0.000121, 0.000111
3020, 0.000158, 0.000136, 0.000125
3021, 0.000158, 0.000127, 0.000117
3022, 0.000157, 0.000133, 0.000123
3023, 0.000157, 0.000124, 0.000115
3024, 0.000159, 0.000128, 0.000119
3025, 0.000157, 0.000125, 0.000116
3026, 0.000158, 0.000146, 0.000136
3027, 0.000159, 0.000108, 0.000100
3028, 0.000159, 0.000154, 0.000144
3029, 0.000158, 0.000123, 0.000113
3030, 0.000158, 0.000130, 0.000121
3031, 0.000157, 0.000138, 0.000128
3032, 0.000155, 0.000120, 0.000110
3033, 0.000157, 0.000145, 0.000134
3034, 0.000159, 0.000119, 0.000109
3035, 0.000156, 0.000147, 0.000136
3036, 0.000157, 0.000115, 0.000105
3037, 0.000159, 0.000139, 0.000128
3038, 0.000157, 0.000131, 0.000120
3039, 0.000155, 0.000119, 0.000110
3040, 0.000157, 0.000150, 0.000140
3041, 0.000156, 0.000107, 0.000099
3042, 0.000158, 0.000162, 0.000153
3043, 0.000158, 0.000111, 0.000103
3044, 0.000155, 0.000130, 0.000121
3045, 0.000154, 0.000151, 0.000142
3046, 0.000155, 0.000098, 0.000089
3047, 0.000160, 0.000186, 0.000174
3048, 0.000161, 0.000100, 0.000091
3049, 0.000158, 0.000155, 0.000144
3050, 0.000155, 0.000128, 0.000119
3051, 0.000154, 0.000114, 0.000106
3052, 0.000154, 0.000164, 0.000154
3053, 0.000158, 0.000093, 0.000085
3054, 0.000160, 0.000197, 0.000186
3055, 0.000163, 0.000093, 0.000086
3056, 0.000159, 0.000154, 0.000144
3057, 0.000154, 0.000138, 0.000129
3058, 0.000151, 0.000096, 0.000088
3059, 0.000159, 0.000202, 0.000191
3060, 0.000164, 0.000086, 0.000079
3061, 0.000163, 0.000178, 0.000167
3062, 0.000158, 0.000114, 0.000104
3063, 0.000152, 0.000120, 0.000111
3064, 0.000150, 0.000158, 0.000147
3065, 0.000157, 0.000091, 0.000083
3066, 0.000161, 0.000191, 0.000180
3067, 0.000160, 0.000097, 0.000089
3068, 0.000155, 0.000128, 0.000118
3069, 0.000150, 0.000167, 0.000156
3070, 0.000154, 0.000092, 0.000083
3071, 0.000156, 0.000181, 0.000169
3072, 0.000158, 0.000094, 0.000086
3073, 0.000157, 0.000155, 0.000144
3074, 0.000151, 0.000115, 0.000107
3075, 0.000150, 0.000123, 0.000114
3076, 0.000150, 0.000142, 0.000132
3077, 0.000150, 0.000102, 0.000093
3078, 0.000152, 0.000152, 0.000142
3079, 0.000153, 0.000102, 0.000094
3080, 0.000151, 0.000145, 0.000134
3081, 0.000150, 0.000116, 0.000108
3082, 0.000148, 0.000111, 0.000103
3083, 0.000147, 0.000151, 0.000141
3084, 0.000150, 0.000102, 0.000094
3085, 0.000150, 0.000146, 0.000136
3086, 0.000150, 0.000113, 0.000104
3087, 0.000147, 0.000117, 0.000108
3088, 0.000147, 0.000147, 0.000137
3089, 0.000149, 0.000104, 0.000096
3090, 0.000147, 0.000150, 0.000141
3091, 0.000151, 0.000097, 0.000090
3092, 0.000151, 0.000162, 0.000152
3093, 0.000150, 0.000100, 0.000092
3094, 0.000148, 0.000138, 0.000129
3095, 0.000148, 0.000130, 0.000121
3096, 0.000147, 0.000099, 0.000092
3097, 0.000147, 0.000166, 0.000155
3098, 0.000150, 0.000093, 0.000085
3099, 0.000150, 0.000150, 0.000139
3100, 0.000148, 0.000112, 0.000104
3101, 0.000145, 0.000123, 0.000114
3102, 0.000145, 0.000132, 0.000123
3103, 0.000144, 0.000111, 0.000104
3104, 0.000144, 0.000140, 0.000131
3105, 0.000145, 0.000107, 0.000099
3106, 0.000146, 0.000150, 0.000141
3107, 0.000145, 0.000103, 0.000095
3108, 0.000146, 0.000140, 0.000130
3109, 0.000144, 0.000120, 0.000111
3110, 0.000143, 0.000113, 0.000104
3111, 0.000143, 0.000135, 0.000125
3112, 0.000146, 0.000101, 0.000093
3113, 0.000145, 0.000154, 0.000144
3114, 0.000146, 0.000104, 0.000096
3115, 0.000146, 0.000142, 0.000133
3116, 0.000144, 0.000107, 0.000099
3117, 0.000143, 0.000142, 0.000133
3118, 0.000144, 0.000102, 0.000095
3119, 0.000144, 0.000135, 0.000126
3120, 0.000143, 0.000115, 0.000107
3121, 0.000142, 0.000113, 0.000104
3122, 0.000143, 0.000140, 0.000130
3123, 0.000144, 0.000100, 0.000092
3124, 0.000145, 0.000154, 0.000143
3125, 0.000145, 0.000095, 0.000087
3126, 0.000145, 0.000148, 0.000137
3127, 0.000143, 0.000121, 0.000112
3128, 0.000141, 0.000114, 0.000106
3129, 0.000142, 0.000160, 0.000150
3130, 0.000146, 0.000085, 0.000078
3131, 0.000149, 0.000190, 0.000179
3132, 0.000150, 0.000085, 0.000078
3133, 0.000147, 0.000159, 0.000148
3134, 0.000145, 0.000108, 0.000100
3135, 0.000140, 0.000102, 0.000094
3136, 0.000139, 0.000154, 0.000145
3137, 0.000145, 0.000085, 0.000078
3138, 0.000146, 0.000176, 0.000167
3139, 0.000148, 0.000090, 0.000083
3140, 0.000146, 0.000150, 0.000141
3141, 0.000141, 0.000105, 0.000097
3142, 0.000139, 0.000123, 0.000114
3143, 0.000140, 0.000137, 0.000129
3144, 0.000139, 0.000092, 0.000085
3145, 0.000143, 0.000174, 0.000163
3146, 0.000146, 0.000080, 0.000075
3147, 0.000147, 0.000167, 0.000158
3148, 0.000143, 0.000096, 0.000089
3149, 0.000141, 0.000117, 0.000109
3150, 0.000138, 0.000141, 0.000131
3151, 0.000140, 0.000094, 0.000086
3152, 0.000141, 0.000149, 0.000139
3153, 0.000140, 0.000104, 0.000096
3154, 0.000139, 0.000135, 0.000126
3155, 0.000137, 0.000106, 0.000099
3156, 0.000137, 0.000121, 0.000112
3157, 0.000137, 0.000131, 0.000122
3158, 0.000139, 0.000103, 0.000095
3159, 0.000137, 0.000126, 0.000118
3160, 0.000138, 0.000113, 0.000105
3161, 0.000137, 0.000113, 0.000105
3162, 0.000137, 0.000113, 0.000105
3163, 0.000137, 0.000147, 0.000139
3164, 0.000139, 0.000085, 0.000078
3165, 0.000146, 0.000207, 0.000196
3166, 0.000154, 0.000069, 0.000063
3167, 0.000160, 0.000231, 0.000218
3168, 0.000161, 0.000071, 0.000066
3169, 0.000152, 0.000165, 0.000154
3170, 0.000142, 0.000099, 0.000091
3171, 0.000136, 0.000096, 0.000089
3172, 0.000136, 0.000156, 0.000146
3173, 0.000140, 0.000085, 0.000079
3174, 0.000140, 0.000138, 0.000131
3175, 0.000136, 0.000120, 0.000114
3176, 0.000135, 0.000085, 0.000080
3177, 0.000139, 0.000162, 0.000153
3178, 0.000141, 0.000089, 0.000082
3179, 0.000142, 0.000136, 0.000128
3180, 0.000138, 0.000105, 0.000097
3181, 0.000136, 0.000110, 0.000102
3182, 0.000135, 0.000124, 0.000116
3183, 0.000134, 0.000100, 0.000092
3184, 0.000135, 0.000132, 0.000124
3185, 0.000136, 0.000102, 0.000095
3186, 0.000134, 0.000125, 0.000116
3187, 0.000133, 0.000125, 0.000116
3188, 0.000134, 0.000086, 0.000080
3189, 0.000137, 0.000173, 0.000162
3190, 0.000141, 0.000078, 0.000073
3191, 0.000140, 0.000139, 0.000130
3192, 0.000135, 0.000113, 0.000105
3193, 0.000132, 0.000091, 0.000085
3194, 0.000135, 0.000140, 0.000132
3195, 0.000136, 0.000091, 0.000085
3196, 0.000135, 0.000135, 0.000127
3197, 0.000135, 0.000101, 0.000094
3198, 0.000132, 0.000118, 0.000110
3199, 0.000132, 0.000113, 0.000105
3200, 0.000133, 0.000107, 0.000099
3201, 0.000131, 0.000126, 0.000117
3202, 0.000131, 0.000089, 0.000082
3203, 0.000134, 0.000150, 0.000140
3204, 0.000135, 0.000085, 0.000078
3205, 0.000135, 0.000145, 0.000136
3206, 0.000136, 0.000095, 0.000088
3207, 0.000133, 0.000114, 0.000106
3208, 0.000132, 0.000133, 0.000126
3209, 0.000132, 0.000082, 0.000077
3210, 0.000135, 0.000163, 0.000155
3211, 0.000138, 0.000081, 0.000076
3212, 0.000136, 0.000140, 0.000131
3213, 0.000132, 0.000102, 0.000095
3214, 0.000131, 0.000100, 0.000093
3215, 0.000130, 0.000138, 0.000130
3216, 0.000132, 0.000087, 0.000081
3217, 0.000132, 0.000141, 0.000133
3218, 0.000133, 0.000096, 0.000090
3219, 0.000129, 0.000115, 0.000108
3220, 0.000129, 0.000121, 0.000114
3221, 0.000128, 0.000094, 0.000088
3222, 0.000130, 0.000143, 0.000135
3223, 0.000131, 0.000091, 0.000086
3224, 0.000130, 0.000120, 0.000112
3225, 0.000129, 0.000121, 0.000114
3226, 0.000129, 0.000094, 0.000088
3227, 0.000128, 0.000129, 0.000120
3228, 0.000128, 0.000101, 0.000094
3229, 0.000129, 0.000113, 0.000104
3230, 0.000128, 0.000108, 0.000100
3231, 0.000128, 0.000120, 0.000112
3232, 0.000127, 0.000102, 0.000096
3233, 0.000126, 0.000114, 0.000107
3234, 0.000127, 0.000117, 0.000110
3235, 0.000128, 0.000095, 0.000089
3236, 0.000128, 0.000138, 0.000130
3237, 0.000130, 0.000083, 0.000077
3238, 0.000131, 0.000149, 0.000140
3239, 0.000130, 0.000091, 0.000085
3240, 0.000128, 0.000118, 0.000111
3241, 0.000127, 0.000111, 0.000104
3242, 0.000126, 0.000111, 0.000104
3243, 0.000125, 0.000112, 0.000105
3244, 0.000127, 0.000102, 0.000095
3245, 0.000127, 0.000135, 0.000127
3246, 0.000128, 0.000081, 0.000075
3247, 0.000130, 0.000150, 0.000142
3248, 0.000131, 0.000082, 0.000076
3249, 0.000130, 0.000141, 0.000133
3250, 0.000128, 0.000102, 0.000096
3251, 0.000127, 0.000112, 0.000106
3252, 0.000125, 0.000113, 0.000106
3253, 0.000125, 0.000104, 0.000097
3254, 0.000125, 0.000111, 0.000103
3255, 0.000125, 0.000119, 0.000111
3256, 0.000125, 0.000093, 0.000086
3257, 0.000126, 0.000133, 0.000125
3258, 0.000127, 0.000087, 0.000081
3259, 0.000128, 0.000144, 0.000135
3260, 0.000127, 0.000081, 0.000075
3261, 0.000129, 0.000159, 0.000149
3262, 0.000130, 0.000075, 0.000069
3263, 0.000130, 0.000165, 0.000154
3264, 0.000132, 0.000078, 0.000071
3265, 0.000132, 0.000179, 0.000169
3266, 0.000136, 0.000069, 0.000063
3267, 0.000136, 0.000179, 0.000169
3268, 0.000136, 0.000070, 0.000065
3269, 0.000133, 0.000150, 0.000141
3270, 0.000129, 0.000092, 0.000086
3271, 0.000125, 0.000103, 0.000096
3272, 0.000123, 0.000135, 0.000127
3273, 0.000126, 0.000086, 0.000081
3274, 0.000125, 0.000124, 0.000116
3275, 0.000125, 0.000103, 0.000097
3276, 0.000125, 0.000098, 0.000091
3277, 0.000123, 0.000128, 0.000119
3278, 0.000124, 0.000095, 0.000088
3279, 0.000128, 0.000136, 0.000126
3280, 0.000125, 0.000080, 0.000075
3281, 0.000125, 0.000138, 0.000130
3282, 0.000126, 0.000087, 0.000081
3283, 0.000124, 0.000117, 0.000110
3284, 0.000123, 0.000105, 0.000098
3285, 0.000122, 0.000098, 0.000091
3286, 0.000122, 0.000124, 0.000117
3287, 0.000123, 0.000092, 0.000085
3288, 0.000124, 0.000123, 0.000115
3289, 0.000124, 0.000085, 0.000079
3290, 0.000123, 0.000132, 0.000122
3291, 0.000124, 0.000083, 0.000077
3292, 0.000125, 0.000136, 0.000126
3293, 0.000123, 0.000086, 0.000079
3294, 0.000122, 0.000120, 0.000111
3295, 0.000122, 0.000101, 0.000093
3296, 0.000121, 0.000124, 0.000115
3297, 0.000123, 0.000082, 0.000076
3298, 0.000124, 0.000153, 0.000144
3299, 0.000126, 0.000069, 0.000064
3300, 0.000129, 0.000152, 0.000144
3301, 0.000126, 0.000090, 0.000083
3302, 0.000120, 0.000094, 0.000087
3303, 0.000120, 0.000147, 0.000138
3304, 0.000127, 0.000069, 0.000064
3305, 0.000130, 0.000188, 0.000177
3306, 0.000134, 0.000061, 0.000057
3307, 0.000136, 0.000189, 0.000179
3308, 0.000135, 0.000068, 0.000063
3309, 0.000128, 0.000131, 0.000123
3310, 0.000123, 0.000115, 0.000108
3311, 0.000120, 0.000064, 0.000059
3312, 0.000130, 0.000221, 0.000209
3313, 0.000147, 0.000057, 0.000054
3314, 0.000157, 0.000268, 0.000254
3315, 0.000160, 0.000059, 0.000054
3316, 0.000147, 0.000161, 0.000152
3317, 0.000128, 0.000096, 0.000090
3318, 0.000119, 0.000072, 0.000067
3319, 0.000123, 0.000175, 0.000168
3320, 0.000130, 0.000067, 0.000062
3321, 0.000128, 0.000131, 0.000124
3322, 0.000122, 0.000095, 0.000088
3323, 0.000119, 0.000092, 0.000085
3324, 0.000118, 0.000122, 0.000113
3325, 0.000120, 0.000082, 0.000075
3326, 0.000120, 0.000119, 0.000110
3327, 0.000118, 0.000095, 0.000089
3328, 0.000118, 0.000091, 0.000084
3329, 0.000119, 0.000130, 0.000123
3330, 0.000121, 0.000069, 0.000064
3331, 0.000124, 0.000142, 0.000134
3332, 0.000123, 0.000086, 0.000081
3333, 0.000118, 0.000087, 0.000081
3334, 0.000120, 0.000133, 0.000124
3335, 0.000121, 0.000075, 0.000070
3336, 0.000121, 0.000118, 0.000110
3337, 0.000119, 0.000100, 0.000093
3338, 0.000116, 0.000077, 0.000071
3339, 0.000121, 0.000152, 0.000144
3340, 0.000123, 0.000072, 0.000067
3341, 0.000122, 0.000128, 0.000121
3342, 0.000120, 0.000082, 0.000076
3343, 0.000118, 0.000100, 0.000093
3344, 0.000115, 0.000112, 0.000104
3345, 0.000117, 0.000075, 0.000069
3346, 0.000120, 0.000131, 0.000123
3347, 0.000120, 0.000088, 0.000083
3348, 0.000117, 0.000097, 0.000092
3349, 0.000117, 0.000105, 0.000099
3350, 0.000117, 0.000091, 0.000086
3351, 0.000117, 0.000111, 0.000104
3352, 0.000117, 0.000091, 0.000085
3353, 0.000117, 0.000113, 0.000106
3354, 0.000116, 0.000083, 0.000077
3355, 0.000117, 0.000105, 0.000098
3356, 0.000117, 0.000098, 0.000090
3357, 0.000115, 0.000097, 0.000091
3358, 0.000116, 0.000103, 0.000095
3359, 0.000117, 0.000099, 0.000092
3360, 0.000115, 0.000098, 0.000091
3361, 0.000116, 0.000097, 0.000090
3362, 0.000117, 0.000093, 0.000087
3363, 0.000116, 0.000109, 0.000103
3364, 0.000116, 0.000085, 0.000079
3365, 0.000118, 0.000124, 0.000118
3366, 0.000119, 0.000074, 0.000069
3367, 0.000118, 0.000128, 0.000119
3368, 0.000118, 0.000093, 0.000087
3369, 0.000115, 0.000089, 0.000083
3370, 0.000115, 0.000126, 0.000118
3371, 0.000118, 0.000066, 0.000062
3372, 0.000121, 0.000149, 0.000142
3373, 0.000123, 0.000065, 0.000061
3374, 0.000121, 0.000130, 0.000123
3375, 0.000117, 0.000083, 0.000078
3376, 0.000115, 0.000103, 0.000096
3377, 0.000113, 0.000096, 0.000088
3378, 0.000114, 0.000100, 0.000092
3379, 0.000116, 0.000109, 0.000101
3380, 0.000114, 0.000085, 0.000079
3381, 0.000115, 0.000115, 0.000108
3382, 0.000116, 0.000084, 0.000078
3383, 0.000113, 0.000092, 0.000087
3384, 0.000114, 0.000112, 0.000106
3385, 0.000113, 0.000072, 0.000067
3386, 0.000117, 0.000132, 0.000123
3387, 0.000117, 0.000074, 0.000068
3388, 0.000116, 0.000133, 0.000125
3389, 0.000115, 0.000089, 0.000083
3390, 0.000114, 0.000087, 0.000082
3391, 0.000112, 0.000121, 0.000114
3392, 0.000115, 0.000071, 0.000066
3393, 0.000116, 0.000136, 0.000129
3394, 0.000119, 0.000076, 0.000070
3395, 0.000115, 0.000102, 0.000095
3396, 0.000112, 0.000111, 0.000104
3397, 0.000113, 0.000071, 0.000066
3398, 0.000117, 0.000146, 0.000138
3399, 0.000120, 0.000070, 0.000065
3400, 0.000121, 0.000138, 0.000130
3401, 0.000117, 0.000078, 0.000074
3402, 0.000115, 0.000108, 0.000102
3403, 0.000113, 0.000113, 0.000108
3404, 0.000113, 0.000059, 0.000056
3405, 0.000125, 0.000196, 0.000186
3406, 0.000136, 0.000054, 0.000051
3407, 0.000138, 0.000208, 0.000198
3408, 0.000139, 0.000056, 0.000052
3409, 0.000131, 0.000140, 0.000133
3410, 0.000119, 0.000085, 0.000080
3411, 0.000110, 0.000079, 0.000073
3412, 0.000112, 0.000123, 0.000116
3413, 0.000114, 0.000072, 0.000066
3414, 0.000113, 0.000110, 0.000102
3415, 0.000114, 0.000091, 0.000084
3416, 0.000110, 0.000081, 0.000075
3417, 0.000111, 0.000111, 0.000104
3418, 0.000112, 0.000082, 0.000076
3419, 0.000112, 0.000095, 0.000088
3420, 0.000109, 0.000100, 0.000093
3421, 0.000110, 0.000080, 0.000073
3422, 0.000111, 0.000091, 0.000084
3423, 0.000111, 0.000099, 0.000092
3424, 0.000110, 0.000086, 0.000080
3425, 0.000111, 0.000101, 0.000095
3426, 0.000111, 0.000091, 0.000086
3427, 0.000109, 0.000083, 0.000077
3428, 0.000110, 0.000117, 0.000110
3429, 0.000112, 0.000065, 0.000060
3430, 0.000115, 0.000142, 0.000135
3431, 0.000117, 0.000061, 0.000057
3432, 0.000116, 0.000132, 0.000124
3433, 0.000114, 0.000075, 0.000070
3434, 0.000111, 0.000087, 0.000082
3435, 0.000110, 0.000116, 0.000110
3436, 0.000112, 0.000062, 0.000058
3437, 0.000116, 0.000147, 0.000140
3438, 0.000118, 0.000063, 0.000059
3439, 0.000115, 0.000109, 0.000103
3440, 0.000112, 0.000101, 0.000094
3441, 0.000109, 0.000067, 0.000062
3442, 0.000113, 0.000149, 0.000138
3443, 0.000118, 0.000061, 0.000057
3444, 0.000116, 0.000120, 0.000111
3445, 0.000112, 0.000090, 0.000084
3446, 0.000108, 0.000074, 0.000070
3447, 0.000109, 0.000119, 0.000111
3448, 0.000112, 0.000069, 0.000065
3449, 0.000111, 0.000117, 0.000109
3450, 0.000110, 0.000077, 0.000071
3451, 0.000109, 0.000100, 0.000093
3452, 0.000108, 0.000087, 0.000081
3453, 0.000108, 0.000095, 0.000089
3454, 0.000107, 0.000083, 0.000078
3455, 0.000109, 0.000099, 0.000093
3456, 0.000108, 0.000080, 0.000075
3457, 0.000108, 0.000112, 0.000104
3458, 0.000110, 0.000074, 0.000068
3459, 0.000109, 0.000110, 0.000102
3460, 0.000111, 0.000081, 0.000074
3461, 0.000108, 0.000095, 0.000088
3462, 0.000108, 0.000099, 0.000092
3463, 0.000108, 0.000077, 0.000072
3464, 0.000109, 0.000115, 0.000108
3465, 0.000109, 0.000075, 0.000070
3466, 0.000107, 0.000100, 0.000093
3467, 0.000108, 0.000095, 0.000089
3468, 0.000108, 0.000071, 0.000065
3469, 0.000109, 0.000125, 0.000116
3470, 0.000111, 0.000072, 0.000067
3471, 0.000110, 0.000111, 0.000103
3472, 0.000110, 0.000086, 0.000079
3473, 0.000107, 0.000088, 0.000082
3474, 0.000107, 0.000111, 0.000103
3475, 0.000109, 0.000064, 0.000059
3476, 0.000110, 0.000123, 0.000115
3477, 0.000109, 0.000073, 0.000068
3478, 0.000107, 0.000096, 0.000089
3479, 0.000105, 0.000102, 0.000095
3480, 0.000107, 0.000068, 0.000063
3481, 0.000109, 0.000132, 0.000124
3482, 0.000111, 0.000061, 0.000057
3483, 0.000111, 0.000120, 0.000112
3484, 0.000109, 0.000084, 0.000078
3485, 0.000105, 0.000080, 0.000074
3486, 0.000106, 0.000117, 0.000110
3487, 0.000108, 0.000067, 0.000062
3488, 0.000111, 0.000120, 0.000112
3489, 0.000108, 0.000072, 0.000067
3490, 0.000108, 0.000098, 0.000091
3491, 0.000106, 0.000093, 0.000087
3492, 0.000105, 0.000076, 0.000071
3493, 0.000106, 0.000106, 0.000099
3494, 0.000105, 0.000084, 0.000078
3495, 0.000105, 0.000085, 0.000078
3496, 0.000106, 0.000116, 0.000109
3497, 0.000107, 0.000063, 0.000058
3498, 0.000109, 0.000139, 0.000130
3499, 0.000112, 0.000059, 0.000055
3500, 0.000114, 0.000142, 0.000134
3501, 0.000113, 0.000058, 0.000054
3502, 0.000113, 0.000127, 0.000120
3503, 0.000111, 0.000062, 0.000058
3504, 0.000109, 0.000126, 0.000118
3505, 0.000108, 0.000071, 0.000066
3506, 0.000105, 0.000094, 0.000087
3507, 0.000103, 0.000102, 0.000096
3508, 0.000107, 0.000075, 0.000069
3509, 0.000106, 0.000107, 0.000100
3510, 0.000105, 0.000070, 0.000064
3511, 0.000106, 0.000099, 0.000092
3512, 0.000103, 0.000079, 0.000073
3513, 0.000104, 0.000079, 0.000073
3514, 0.000105, 0.000111, 0.000103
3515, 0.000106, 0.000059, 0.000055
3516, 0.000109, 0.000139, 0.000130
3517, 0.000109, 0.000065, 0.000060
3518, 0.000107, 0.000111, 0.000103
3519, 0.000105, 0.000082, 0.000075
3520, 0.000105, 0.000085, 0.000079
3521, 0.000102, 0.000092, 0.000086
3522, 0.000103, 0.000075, 0.000069
3523, 0.000105, 0.000118, 0.000113
3524, 0.000109, 0.000057, 0.000054
3525, 0.000112, 0.000154, 0.000147
3526, 0.000115, 0.000055, 0.000052
3527, 0.000114, 0.000142, 0.000132
3528, 0.000112, 0.000065, 0.000060
3529, 0.000106, 0.000111, 0.000103
3530, 0.000105, 0.000077, 0.000071
3531, 0.000104, 0.000084, 0.000078
3532, 0.000102, 0.000095, 0.000089
3533, 0.000104, 0.000073, 0.000068
3534, 0.000104, 0.000096, 0.000090
3535, 0.000104, 0.000088, 0.000081
3536, 0.000102, 0.000089, 0.000082
3537, 0.000102, 0.000088, 0.000081
3538, 0.000103, 0.000085, 0.000078
3539, 0.000103, 0.000092, 0.000086
3540, 0.000103, 0.000075, 0.000071
3541, 0.000105, 0.000104, 0.000099
3542, 0.000105, 0.000070, 0.000068
3543, 0.000107, 0.000114, 0.000109
3544, 0.000104, 0.000072, 0.000068
3545, 0.000102, 0.000085, 0.000080
3546, 0.000103, 0.000105, 0.000098
3547, 0.000104, 0.000057, 0.000053
3548, 0.000108, 0.000142, 0.000133
3549, 0.000110, 0.000062, 0.000057
3550, 0.000109, 0.000113, 0.000106
3551, 0.000105, 0.000090, 0.000082
3552, 0.000101, 0.000072, 0.000066
3553, 0.000102, 0.000127, 0.000119
3554, 0.000106, 0.000056, 0.000052
3555, 0.000110, 0.000142, 0.000134
3556, 0.000110, 0.000057, 0.000052
3557, 0.000106, 0.000093, 0.000087
3558, 0.000102, 0.000087, 0.000082
3559, 0.000101, 0.000063, 0.000059
3560, 0.000103, 0.000129, 0.000123
3561, 0.000106, 0.000061, 0.000057
3562, 0.000107, 0.000130, 0.000124
3563, 0.000107, 0.000058, 0.000054
3564, 0.000107, 0.000113, 0.000107
3565, 0.000105, 0.000069, 0.000065
3566, 0.000102, 0.000087, 0.000081
3567, 0.000100, 0.000087, 0.000082
3568, 0.000101, 0.000076, 0.000070
3569, 0.000101, 0.000095, 0.000088
3570, 0.000100, 0.000072, 0.000067
3571, 0.000100, 0.000091, 0.000085
3572, 0.000101, 0.000083, 0.000078
3573, 0.000099, 0.000074, 0.000069
3574, 0.000101, 0.000091, 0.000085
3575, 0.000100, 0.000082, 0.000078
3576, 0.000099, 0.000079, 0.000074
3577, 0.000100, 0.000086, 0.000081
3578, 0.000100, 0.000074, 0.000069
3579, 0.000101, 0.000092, 0.000086
3580, 0.000101, 0.000073, 0.000069
3581, 0.000102, 0.000102, 0.000095
3582, 0.000103, 0.000067, 0.000062
3583, 0.000101, 0.000107, 0.000101
3584, 0.000101, 0.000066, 0.000062
3585, 0.000104, 0.000114, 0.000108
3586, 0.000104, 0.000056, 0.000051
3587, 0.000108, 0.000147, 0.000138
3588, 0.000113, 0.000051, 0.000048
3589, 0.000118, 0.000175, 0.000166
3590, 0.000121, 0.000049, 0.000046
3591, 0.000114, 0.000126, 0.000120
3592, 0.000106, 0.000076, 0.000072
3593, 0.000100, 0.000061, 0.000058
3594, 0.000103, 0.000147, 0.000141
3595, 0.000112, 0.000051, 0.000049
3596, 0.000122, 0.000191, 0.000184
3597, 0.000128, 0.000052, 0.000048
3598, 0.000121, 0.000139, 0.000131
3599, 0.000111, 0.000064, 0.000059
3600, 0.000101, 0.000074, 0.000066
3601, 0.000098, 0.000117, 0.000108
3602, 0.000105, 0.000052, 0.000048
3603, 0.000108, 0.000126, 0.000118
3604, 0.000107, 0.000057, 0.000053
3605, 0.000104, 0.000099, 0.000092
3606, 0.000102, 0.000075, 0.000069
3607, 0.000098, 0.000081, 0.000076
3608, 0.000098, 0.000077, 0.000071
3609, 0.000100, 0.000090, 0.000084
3610, 0.000100, 0.000072, 0.000066
3611, 0.000099, 0.000097, 0.000090
3612, 0.000100, 0.000065, 0.000061
3613, 0.000099, 0.000086, 0.000080
3614, 0.000098, 0.000078, 0.000074
3615, 0.000097, 0.000063, 0.000059
3616, 0.000099, 0.000110, 0.000104
3617, 0.000101, 0.000055, 0.000051
3618, 0.000105, 0.000110, 0.000103
3619, 0.000102, 0.000069, 0.000062
3620, 0.000098, 0.000071, 0.000066
3621, 0.000098, 0.000106, 0.000098
3622, 0.000101, 0.000057, 0.000052
3623, 0.000104, 0.000120, 0.000114
3624, 0.000104, 0.000056, 0.000052
3625, 0.000102, 0.000105, 0.000098
3626, 0.000100, 0.000070, 0.000065
3627, 0.000098, 0.000073, 0.000068
3628, 0.000098, 0.000088, 0.000081
3629, 0.000097, 0.000066, 0.000061
3630, 0.000097, 0.000082, 0.000077
3631, 0.000096, 0.000080, 0.000074
3632, 0.000097, 0.000068, 0.000064
3633, 0.000097, 0.000086, 0.000080
3634, 0.000099, 0.000069, 0.000064
3635, 0.000097, 0.000078, 0.000073
3636, 0.000096, 0.000079, 0.000073
3637, 0.000096, 0.000067, 0.000062
3638, 0.000099, 0.000098, 0.000092
3639, 0.000098, 0.000060, 0.000056
3640, 0.000098, 0.000087, 0.000082
3641, 0.000096, 0.000071, 0.000066
3642, 0.000096, 0.000083, 0.000078
3643, 0.000097, 0.000074, 0.000069
3644, 0.000096, 0.000073, 0.000069
3645, 0.000097, 0.000079, 0.000074
3646, 0.000096, 0.000069, 0.000065
3647, 0.000095, 0.000071, 0.000067
3648, 0.000096, 0.000090, 0.000084
3649, 0.000096, 0.000064, 0.000060
3650, 0.000097, 0.000095, 0.000089
3651, 0.000097, 0.000070, 0.000065
3652, 0.000096, 0.000078, 0.000074
3653, 0.000096, 0.000079, 0.000073
3654, 0.000096, 0.000073, 0.000068
3655, 0.000096, 0.000076, 0.000071
3656, 0.000095, 0.000074, 0.000069
3657, 0.000095, 0.000083, 0.000079
3658, 0.000096, 0.000065, 0.000061
3659, 0.000096, 0.000094, 0.000088
3660, 0.000096, 0.000069, 0.000064
3661, 0.000096, 0.000072, 0.000067
3662, 0.000096, 0.000103, 0.000096
3663, 0.000100, 0.000054, 0.000050
3664, 0.000104, 0.000133, 0.000125
3665, 0.000107, 0.000049, 0.000046
3666, 0.000109, 0.000145, 0.000136
3667, 0.000112, 0.000051, 0.000049
3668, 0.000111, 0.000134, 0.000126
3669, 0.000107, 0.000053, 0.000049
3670, 0.000102, 0.000094, 0.000089
3671, 0.000096, 0.000079, 0.000073
3672, 0.000096, 0.000061, 0.000057
3673, 0.000098, 0.000113, 0.000106
3674, 0.000102, 0.000053, 0.000048
3675, 0.000105, 0.000119, 0.000112
3676, 0.000105, 0.000054, 0.000050
3677, 0.000102, 0.000106, 0.000100
3678, 0.000098, 0.000066, 0.000062
3679, 0.000095, 0.000063, 0.000058
3680, 0.000096, 0.000126, 0.000119
3681, 0.000105, 0.000048, 0.000045
3682, 0.000114, 0.000162, 0.000156
3683, 0.000115, 0.000050, 0.000047
3684, 0.000106, 0.000091, 0.000087
3685, 0.000096, 0.000076, 0.000071
3686, 0.000096, 0.000061, 0.000058
3687, 0.000095, 0.000093, 0.000088
3688, 0.000095, 0.000059, 0.000055
3689, 0.000097, 0.000101, 0.000096
3690, 0.000099, 0.000056, 0.000052
3691, 0.000099, 0.000097, 0.000091
3692, 0.000097, 0.000064, 0.000060
3693, 0.000094, 0.000078, 0.000074
3694, 0.000094, 0.000069, 0.000064
3695, 0.000096, 0.000077, 0.000072
3696, 0.000093, 0.000069, 0.000064
3697, 0.000094, 0.000069, 0.000064
3698, 0.000096, 0.000092, 0.000086
3699, 0.000095, 0.000062, 0.000057
3700, 0.000094, 0.000079, 0.000075
3701, 0.000095, 0.000076, 0.000072
3702, 0.000093, 0.000067, 0.000064
3703, 0.000094, 0.000076, 0.000074
3704, 0.000094, 0.000067, 0.000064
3705, 0.000094, 0.000079, 0.000076
3706, 0.000093, 0.000064, 0.000060
3707, 0.000094, 0.000074, 0.000069
3708, 0.000093, 0.000079, 0.000073
3709, 0.000094, 0.000064, 0.000059
3710, 0.000094, 0.000093, 0.000087
3711, 0.000095, 0.000056, 0.000053
3712, 0.000097, 0.000106, 0.000100
3713, 0.000099, 0.000051, 0.000047
3714, 0.000103, 0.000131, 0.000124
3715, 0.000104, 0.000049, 0.000046
3716, 0.000102, 0.000107, 0.000102
3717, 0.000098, 0.000060, 0.000057
3718, 0.000093, 0.000063, 0.000060
3719, 0.000094, 0.000112, 0.000105
3720, 0.000098, 0.000050, 0.000047
3721, 0.000103, 0.000124, 0.000116
3722, 0.000102, 0.000057, 0.000053
3723, 0.000097, 0.000077, 0.000073
3724, 0.000092, 0.000089, 0.000084
3725, 0.000095, 0.000051, 0.000048
3726, 0.000101, 0.000122, 0.000117
3727, 0.000103, 0.000050, 0.000046
3728, 0.000102, 0.000098, 0.000094
3729, 0.000096, 0.000066, 0.000062
3730, 0.000092, 0.000064, 0.000059
3731, 0.000093, 0.000099, 0.000094
3732, 0.000097, 0.000053, 0.000049
3733, 0.000103, 0.000118, 0.000111
3734, 0.000102, 0.000053, 0.000050
3735, 0.000097, 0.000085, 0.000079
3736, 0.000094, 0.000080, 0.000076
3737, 0.000095, 0.000060, 0.000055
3738, 0.000095, 0.000104, 0.000097
3739, 0.000097, 0.000052, 0.000049
3740, 0.000101, 0.000126, 0.000118
3741, 0.000105, 0.000052, 0.000049
3742, 0.000103, 0.000099, 0.000094
3743, 0.000096, 0.000064, 0.000060
3744, 0.000091, 0.000057, 0.000054
3745, 0.000093, 0.000111, 0.000105
3746, 0.000100, 0.000049, 0.000046
3747, 0.000103, 0.000110, 0.000105
3748, 0.000099, 0.000058, 0.000055
3749, 0.000095, 0.000074, 0.000070
3750, 0.000092, 0.000080, 0.000075
3751, 0.000092, 0.000058, 0.000054
3752, 0.000092, 0.000088, 0.000083
3753, 0.000092, 0.000061, 0.000056
3754, 0.000092, 0.000077, 0.000072
3755, 0.000091, 0.000072, 0.000067
3756, 0.000090, 0.000058, 0.000054
3757, 0.000093, 0.000103, 0.000098
3758, 0.000097, 0.000050, 0.000047
3759, 0.000100, 0.000117, 0.000112
3760, 0.000102, 0.000053, 0.000050
3761, 0.000095, 0.000078, 0.000074
3762, 0.000091, 0.000078, 0.000073
3763, 0.000092, 0.000054, 0.000050
3764, 0.000094, 0.000106, 0.000099
3765, 0.000097, 0.000052, 0.000048
3766, 0.000097, 0.000096, 0.000089
3767, 0.000094, 0.000057, 0.000052
3768, 0.000095, 0.000081, 0.000077
3769, 0.000092, 0.000063, 0.000058
3770, 0.000092, 0.000071, 0.000067
3771, 0.000091, 0.000076, 0.000071
3772, 0.000091, 0.000059, 0.000054
3773, 0.000093, 0.000082, 0.000077
3774, 0.000092, 0.000062, 0.000058
3775, 0.000092, 0.000067, 0.000064
3776, 0.000090, 0.000078, 0.000074
3777, 0.000091, 0.000053, 0.000051
3778, 0.000091, 0.000086, 0.000081
3779, 0.000092, 0.000060, 0.000056
3780, 0.000091, 0.000074, 0.000069
3781, 0.000090, 0.000066, 0.000061
3782, 0.000090, 0.000068, 0.000063
3783, 0.000090, 0.000067, 0.000062
3784, 0.000090, 0.000075, 0.000071
3785, 0.000090, 0.000056, 0.000053
3786, 0.000091, 0.000083, 0.000079
3787, 0.000091, 0.000056, 0.000053
3788, 0.000090, 0.000072, 0.000068
3789, 0.000089, 0.000068, 0.000063
3790, 0.000089, 0.000061, 0.000057
3791, 0.000090, 0.000088, 0.000083
3792, 0.000093, 0.000051, 0.000048
3793, 0.000099, 0.000127, 0.000122
3794, 0.000104, 0.000049, 0.000046
3795, 0.000101, 0.000102, 0.000096
3796, 0.000095, 0.000057, 0.000054
3797, 0.000090, 0.000062, 0.000058
3798, 0.000090, 0.000079, 0.000075
3799, 0.000092, 0.000056, 0.000053
3800, 0.000091, 0.000079, 0.000074
3801, 0.000089, 0.000065, 0.000062
3802, 0.000089, 0.000061, 0.000057
3803, 0.000090, 0.000075, 0.000071
3804, 0.000088, 0.000060, 0.000057
3805, 0.000090, 0.000078, 0.000074
3806, 0.000091, 0.000062, 0.000059
3807, 0.000090, 0.000066, 0.000062
3808, 0.000089, 0.000070, 0.000066
3809, 0.000089, 0.000060, 0.000057
3810, 0.000089, 0.000083, 0.000078
3811, 0.000090, 0.000054, 0.000051
3812, 0.000092, 0.000100, 0.000095
3813, 0.000093, 0.000049, 0.000046
3814, 0.000097, 0.000103, 0.000098
3815, 0.000096, 0.000059, 0.000055
3816, 0.000090, 0.000062, 0.000058
3817, 0.000087, 0.000094, 0.000089
3818, 0.000093, 0.000053, 0.000049
3819, 0.000097, 0.000107, 0.000102
3820, 0.000098, 0.000047, 0.000045
3821, 0.000094, 0.000082, 0.000078
3822, 0.000089, 0.000066, 0.000063
3823, 0.000089, 0.000058, 0.000053
3824, 0.000090, 0.000092, 0.000086
3825, 0.000090, 0.000051, 0.000048
3826, 0.000094, 0.000102, 0.000095
3827, 0.000095, 0.000049, 0.000047
3828, 0.000095, 0.000094, 0.000088
3829, 0.000093, 0.000054, 0.000051
3830, 0.000090, 0.000066, 0.000062
3831, 0.000087, 0.000081, 0.000076
3832, 0.000089, 0.000051, 0.000048
3833, 0.000092, 0.000100, 0.000094
3834, 0.000094, 0.000049, 0.000046
3835, 0.000097, 0.000095, 0.000090
3836, 0.000093, 0.000055, 0.000052
3837, 0.000089, 0.000063, 0.000058
3838, 0.000086, 0.000074, 0.000069
3839, 0.000088, 0.000057, 0.000052
3840, 0.000088, 0.000084, 0.000078
3841, 0.000089, 0.000051, 0.000047
3842, 0.000090, 0.000083, 0.000078
3843, 0.000089, 0.000059, 0.000056
3844, 0.000087, 0.000061, 0.000057
3845, 0.000088, 0.000077, 0.000073
3846, 0.000088, 0.000057, 0.000055
3847, 0.000088, 0.000070, 0.000065
3848, 0.000087, 0.000063, 0.000060
3849, 0.000086, 0.000061, 0.000058
3850, 0.000087, 0.000075, 0.000072
3851, 0.000088, 0.000049, 0.000046
3852, 0.000091, 0.000097, 0.000091
3853, 0.000092, 0.000050, 0.000046
3854, 0.000092, 0.000080, 0.000075
3855, 0.000090, 0.000057, 0.000053
3856, 0.000087, 0.000066, 0.000062
3857, 0.000086, 0.000072, 0.000068
3858, 0.000087, 0.000055, 0.000052
3859, 0.000090, 0.000093, 0.000088
3860, 0.000092, 0.000050, 0.000047
3861, 0.000092, 0.000086, 0.000080
3862, 0.000089, 0.000056, 0.000053
3863, 0.000086, 0.000056, 0.000053
3864, 0.000087, 0.000088, 0.000083
3865, 0.000089, 0.000048, 0.000046
3866, 0.000093, 0.000099, 0.000092
3867, 0.000093, 0.000050, 0.000047
3868, 0.000088, 0.000066, 0.000061
3869, 0.000087, 0.000084, 0.000079
3870, 0.000089, 0.000048, 0.000046
3871, 0.000101, 0.000140, 0.000133
3872, 0.000109, 0.000050, 0.000048
3873, 0.000107, 0.000109, 0.000104
3874, 0.000098, 0.000052, 0.000048
3875, 0.000088, 0.000058, 0.000054
3876, 0.000085, 0.000095, 0.000090
3877, 0.000092, 0.000051, 0.000048
3878, 0.000101, 0.000125, 0.000119
3879, 0.000103, 0.000048, 0.000045
3880, 0.000092, 0.000069, 0.000064
3881, 0.000085, 0.000074, 0.000070
3882, 0.000087, 0.000049, 0.000046
3883, 0.000092, 0.000099, 0.000095
3884, 0.000094, 0.000047, 0.000046
3885, 0.000092, 0.000077, 0.000073
3886, 0.000086, 0.000071, 0.000068
3887, 0.000085, 0.000047, 0.000045
3888, 0.000092, 0.000113, 0.000108
3889, 0.000098, 0.000047, 0.000045
3890, 0.000094, 0.000079, 0.000074
3891, 0.000086, 0.000074, 0.000070
3892, 0.000086, 0.000047, 0.000045
3893, 0.000095, 0.000111, 0.000105
3894, 0.000098, 0.000048, 0.000046
3895, 0.000093, 0.000077, 0.000072
3896, 0.000086, 0.000064, 0.000060
3897, 0.000084, 0.000050, 0.000047
3898, 0.000086, 0.000077, 0.000073
3899, 0.000087, 0.000054, 0.000050
3900, 0.000085, 0.000057, 0.000054
3901, 0.000085, 0.000084, 0.000079
3902, 0.000088, 0.000048, 0.000045
3903, 0.000094, 0.000098, 0.000094
3904, 0.000094, 0.000049, 0.000046
3905, 0.000087, 0.000066, 0.000062
3906, 0.000084, 0.000074, 0.000070
3907, 0.000087, 0.000048, 0.000046
3908, 0.000091, 0.000097, 0.000091
3909, 0.000093, 0.000049, 0.000046
3910, 0.000088, 0.000063, 0.000057
3911, 0.000085, 0.000079, 0.000074
3912, 0.000087, 0.000048, 0.000045
3913, 0.000091, 0.000091, 0.000086
3914, 0.000089, 0.000055, 0.000052
3915, 0.000085, 0.000054, 0.000051
3916, 0.000084, 0.000075, 0.000072
3917, 0.000087, 0.000049, 0.000047
3918, 0.000088, 0.000072, 0.000067
3919, 0.000085, 0.000060, 0.000057
3920, 0.000084, 0.000055, 0.000051
3921, 0.000084, 0.000080, 0.000075
3922, 0.000086, 0.000048, 0.000046
3923, 0.000089, 0.000079, 0.000074
3924, 0.000087, 0.000052, 0.000048
3925, 0.000085, 0.000057, 0.000053
3926, 0.000083, 0.000067, 0.000061
3927, 0.000084, 0.000050, 0.000046
3928, 0.000085, 0.000073, 0.000068
3929, 0.000085, 0.000055, 0.000052
3930, 0.000084, 0.000060, 0.000056
3931, 0.000084, 0.000074, 0.000069
3932, 0.000085, 0.000049, 0.000045
3933, 0.000088, 0.000099, 0.000092
3934, 0.000093, 0.000047, 0.000044
3935, 0.000091, 0.000080, 0.000076
3936, 0.000087, 0.000055, 0.000052
3937, 0.000084, 0.000054, 0.000051
3938, 0.000085, 0.000084, 0.000080
3939, 0.000088, 0.000048, 0.000046
3940, 0.000091, 0.000091, 0.000087
3941, 0.000092, 0.000052, 0.000048
3942, 0.000088, 0.000068, 0.000065
3943, 0.000085, 0.000067, 0.000062
3944, 0.000084, 0.000051, 0.000047
3945, 0.000085, 0.000082, 0.000077
3946, 0.000088, 0.000052, 0.000048
3947, 0.000085, 0.000057, 0.000054
3948, 0.000082, 0.000070, 0.000067
3949, 0.000085, 0.000052, 0.000049
3950, 0.000085, 0.000066, 0.000062
3951, 0.000083, 0.000061, 0.000057
3952, 0.000083, 0.000054, 0.000050
3953, 0.000084, 0.000072, 0.000066
3954, 0.000085, 0.000048, 0.000044
3955, 0.000086, 0.000077, 0.000072
3956, 0.000085, 0.000056, 0.000053
3957, 0.000082, 0.000055, 0.000052
3958, 0.000083, 0.000070, 0.000067
3959, 0.000083, 0.000051, 0.000048
3960, 0.000083, 0.000063, 0.000059
3961, 0.000082, 0.000057, 0.000053
3962, 0.000081, 0.000058, 0.000054
3963, 0.000082, 0.000060, 0.000056
3964, 0.000082, 0.000058, 0.000055
3965, 0.000083, 0.000058, 0.000055
3966, 0.000081, 0.000064, 0.000060
3967, 0.000083, 0.000053, 0.000050
3968, 0.000083, 0.000077, 0.000071
3969, 0.000085, 0.000053, 0.000049
3970, 0.000084, 0.000063, 0.000059
3971, 0.000083, 0.000064, 0.000059
3972, 0.000083, 0.000052, 0.000050
3973, 0.000083, 0.000071, 0.000067
3974, 0.000082, 0.000053, 0.000049
3975, 0.000084, 0.000067, 0.000064
3976, 0.000084, 0.000059, 0.000055
3977, 0.000083, 0.000057, 0.000054
3978, 0.000081, 0.000074, 0.000070
3979, 0.000084, 0.000049, 0.000046
3980, 0.000088, 0.000087, 0.000082
3981, 0.000089, 0.000048, 0.000045
3982, 0.000084, 0.000067, 0.000062
3983, 0.000083, 0.000064, 0.000061
3984, 0.000084, 0.000049, 0.000046
3985, 0.000087, 0.000091, 0.000085
3986, 0.000087, 0.000050, 0.000047
3987, 0.000086, 0.000071, 0.000066
3988, 0.000085, 0.000061, 0.000058
3989, 0.000082, 0.000052, 0.000049
3990, 0.000083, 0.000083, 0.000079
3991, 0.000085, 0.000050, 0.000048
3992, 0.000086, 0.000071, 0.000067
3993, 0.000083, 0.000054, 0.000051
3994, 0.000082, 0.000057, 0.000054
3995, 0.000082, 0.000070, 0.000065
3996, 0.000082, 0.000051, 0.000049
3997, 0.000083, 0.000077, 0.000073
3998, 0.000083, 0.000050, 0.000048
3999, 0.000083, 0.000074, 0.000071
4000, 0.000085, 0.000049, 0.000047
4001, 0.000085, 0.000074, 0.000070
4002, 0.000083, 0.000051, 0.000048
4003, 0.000082, 0.000060, 0.000057
4004, 0.000081, 0.000061, 0.000057
4005, 0.000081, 0.000052, 0.000050
4006, 0.000081, 0.000079, 0.000076
4007, 0.000084, 0.000048, 0.000047
4008, 0.000083, 0.000070, 0.000066
4009, 0.000082, 0.000052, 0.000050
4010, 0.000081, 0.000060, 0.000057
4011, 0.000080, 0.000059, 0.000056
4012, 0.000080, 0.000051, 0.000048
4013, 0.000081, 0.000073, 0.000068
4014, 0.000082, 0.000049, 0.000047
4015, 0.000083, 0.000069, 0.000065
4016, 0.000082, 0.000053, 0.000051
4017, 0.000081, 0.000056, 0.000053
4018, 0.000080, 0.000069, 0.000066
4019, 0.000081, 0.000048, 0.000046
4020, 0.000085, 0.000084, 0.000080
4021, 0.000087, 0.000047, 0.000044
4022, 0.000087, 0.000084, 0.000080
4023, 0.000087, 0.000049, 0.000046
4024, 0.000084, 0.000067, 0.000063
4025, 0.000081, 0.000057, 0.000054
4026, 0.000080, 0.000056, 0.000053
4027, 0.000081, 0.000066, 0.000063
4028, 0.000080, 0.000051, 0.000049
4029, 0.000083, 0.000072, 0.000068
4030, 0.000083, 0.000050, 0.000048
4031, 0.000081, 0.000067, 0.000063
4032, 0.000080, 0.000052, 0.000049
4033, 0.000081, 0.000065, 0.000062
4034, 0.000081, 0.000053, 0.000050
4035, 0.000080, 0.000065, 0.000062
4036, 0.000081, 0.000049, 0.000047
4037, 0.000081, 0.000069, 0.000064
4038, 0.000081, 0.000053, 0.000050
4039, 0.000080, 0.000054, 0.000049
4040, 0.000079, 0.000063, 0.000057
4041, 0.000080, 0.000053, 0.000049
4042, 0.000079, 0.000057, 0.000053
4043, 0.000079, 0.000064, 0.000060
4044, 0.000080, 0.000048, 0.000046
4045, 0.000082, 0.000070, 0.000066
4046, 0.000082, 0.000049, 0.000047
4047, 0.000082, 0.000075, 0.000071
4048, 0.000082, 0.000049, 0.000046
4049, 0.000084, 0.000068, 0.000065
4050, 0.000081, 0.000055, 0.000052
4051, 0.000079, 0.000052, 0.000049
4052, 0.000080, 0.000071, 0.000068
4053, 0.000082, 0.000047, 0.000044
4054, 0.000087, 0.000098, 0.000093
4055, 0.000092, 0.000052, 0.000049
4056, 0.000094, 0.000096, 0.000090
4057, 0.000091, 0.000048, 0.000047
4058, 0.000088, 0.000084, 0.000079
4059, 0.000087, 0.000051, 0.000050
4060, 0.000081, 0.000051, 0.000048
4061, 0.000078, 0.000083, 0.000077
4062, 0.000085, 0.000051, 0.000049
4063, 0.000092, 0.000101, 0.000094
4064, 0.000094, 0.000047, 0.000045
4065, 0.000089, 0.000075, 0.000071
4066, 0.000082, 0.000053, 0.000050
4067, 0.000080, 0.000050, 0.000049
4068, 0.000079, 0.000077, 0.000072
4069, 0.000084, 0.000051, 0.000048
4070, 0.000088, 0.000088, 0.000083
4071, 0.000088, 0.000047, 0.000044
4072, 0.000081, 0.000056, 0.000053
4073, 0.000078, 0.000065, 0.000062
4074, 0.000081, 0.000048, 0.000045
4075, 0.000084, 0.000078, 0.000075
4076, 0.000085, 0.000047, 0.000045
4077, 0.000084, 0.000074, 0.000070
4078, 0.000083, 0.000050, 0.000048
4079, 0.000079, 0.000056, 0.000053
4080, 0.000077, 0.000059, 0.000056
4081, 0.000079, 0.000050, 0.000048
4082, 0.000080, 0.000060, 0.000056
4083, 0.000078, 0.000050, 0.000048
4084, 0.000077, 0.000055, 0.000053
4085, 0.000078, 0.000060, 0.000056
4086, 0.000080, 0.000053, 0.000051
4087, 0.000079, 0.000057, 0.000053
4088, 0.000078, 0.000050, 0.000047
4089, 0.000079, 0.000066, 0.000062
4090, 0.000080, 0.000049, 0.000046
4091, 0.000079, 0.000064, 0.000060
4092, 0.000078, 0.000049, 0.000047
4093, 0.000078, 0.000054, 0.000051
4094, 0.000077, 0.000058, 0.000055
4095, 0.000078, 0.000049, 0.000046
4096, 0.000078, 0.000056, 0.000053
4097, 0.000078, 0.000050, 0.000048
4098, 0.000077, 0.000056, 0.000053
4099, 0.000077, 0.000059, 0.000056
4100, 0.000076, 0.000049, 0.000046
4101, 0.000079, 0.000068, 0.000064
4102, 0.000079, 0.000048, 0.000045
4103, 0.000080, 0.000066, 0.000063
4104, 0.000079, 0.000049, 0.000046
4105, 0.000079, 0.000063, 0.000059
4106, 0.000079, 0.000047, 0.000045
4107, 0.000078, 0.000060, 0.000057
4108, 0.000078, 0.000050, 0.000048
4109, 0.000078, 0.000058, 0.000055
4110, 0.000077, 0.000051, 0.000047
4111, 0.000078, 0.000056, 0.000052
4112, 0.000078, 0.000053, 0.000049
4113, 0.000077, 0.000058, 0.000056
4114, 0.000077, 0.000052, 0.000050
4115, 0.000077, 0.000054, 0.000052
4116, 0.000077, 0.000054, 0.000051
4117, 0.000078, 0.000050, 0.000047
4118, 0.000077, 0.000054, 0.000051
4119, 0.000077, 0.000055, 0.000052
4120, 0.000077, 0.000053, 0.000050
4121, 0.000079, 0.000063, 0.000061
4122, 0.000078, 0.000047, 0.000045
4123, 0.000079, 0.000065, 0.000061
4124, 0.000078, 0.000049, 0.000048
4125, 0.000080, 0.000063, 0.000058
4126, 0.000079, 0.000056, 0.000052
4127, 0.000076, 0.000049, 0.000047
4128, 0.000079, 0.000071, 0.000067
4129, 0.000082, 0.000046, 0.000046
4130, 0.000081, 0.000073, 0.000071
4131, 0.000081, 0.000051, 0.000049
4132, 0.000081, 0.000067, 0.000064
4133, 0.000078, 0.000050, 0.000048
4134, 0.000076, 0.000054, 0.000050
4135, 0.000077, 0.000060, 0.000058
4136, 0.000078, 0.000046, 0.000045
4137, 0.000080, 0.000080, 0.000077
4138, 0.000084, 0.000047, 0.000046
4139, 0.000086, 0.000086, 0.000081
4140, 0.000086, 0.000047, 0.000045
4141, 0.000082, 0.000069, 0.000065
4142, 0.000078, 0.000050, 0.000047
4143, 0.000077, 0.000051, 0.000050
4144, 0.000076, 0.000063, 0.000060
4145, 0.000077, 0.000046, 0.000044
4146, 0.000081, 0.000076, 0.000072
4147, 0.000083, 0.000048, 0.000046
4148, 0.000082, 0.000076, 0.000071
4149, 0.000081, 0.000048, 0.000046
4150, 0.000078, 0.000057, 0.000053
4151, 0.000078, 0.000069, 0.000066
4152, 0.000079, 0.000049, 0.000047
4153, 0.000083, 0.000090, 0.000085
4154, 0.000089, 0.000049, 0.000048
4155, 0.000087, 0.000076, 0.000072
4156, 0.000082, 0.000046, 0.000045
4157, 0.000076, 0.000049, 0.000047
4158, 0.000076, 0.000071, 0.000068
4159, 0.000081, 0.000048, 0.000047
4160, 0.000083, 0.000078, 0.000074
4161, 0.000083, 0.000049, 0.000047
4162, 0.000082, 0.000063, 0.000060
4163, 0.000078, 0.000053, 0.000050
4164, 0.000075, 0.000048, 0.000046
4165, 0.000076, 0.000070, 0.000066
4166, 0.000080, 0.000049, 0.000047
4167, 0.000083, 0.000078, 0.000074
4168, 0.000083, 0.000049, 0.000046
4169, 0.000079, 0.000060, 0.000056
4170, 0.000076, 0.000054, 0.000052
4171, 0.000076, 0.000049, 0.000047
4172, 0.000079, 0.000080, 0.000076
4173, 0.000084, 0.000047, 0.000046
4174, 0.000086, 0.000075, 0.000071
4175, 0.000082, 0.000047, 0.000046
4176, 0.000077, 0.000052, 0.000049
4177, 0.000075, 0.000057, 0.000054
4178, 0.000075, 0.000045, 0.000043
4179, 0.000079, 0.000075, 0.000071
4180, 0.000083, 0.000048, 0.000047
4181, 0.000083, 0.000073, 0.000070
4182, 0.000081, 0.000048, 0.000046
4183, 0.000078, 0.000054, 0.000051
4184, 0.000075, 0.000051, 0.000049
4185, 0.000074, 0.000047, 0.000045
4186, 0.000075, 0.000055, 0.000052
4187, 0.000074, 0.000048, 0.000046
4188, 0.000074, 0.000051, 0.000049
4189, 0.000074, 0.000055, 0.000053
4190, 0.000074, 0.000046, 0.000046
4191, 0.000075, 0.000064, 0.000062
4192, 0.000079, 0.000048, 0.000047
4193, 0.000079, 0.000060, 0.000057
4194, 0.000076, 0.000048, 0.000046
4195, 0.000073, 0.000050, 0.000047
4196, 0.000075, 0.000060, 0.000058
4197, 0.000077, 0.000046, 0.000045
4198, 0.000077, 0.000058, 0.000056
4199, 0.000074, 0.000047, 0.000046
4200, 0.000074, 0.000048, 0.000046
4201, 0.000074, 0.000064, 0.000061
4202, 0.000076, 0.000046, 0.000045
4203, 0.000080, 0.000070, 0.000066
4204, 0.000081, 0.000048, 0.000046
4205, 0.000080, 0.000056, 0.000053
4206, 0.000075, 0.000052, 0.000049
4207, 0.000075, 0.000047, 0.000044
4208, 0.000075, 0.000060, 0.000057
4209, 0.000076, 0.000049, 0.000047
4210, 0.000076, 0.000059, 0.000057
4211, 0.000076, 0.000050, 0.000047
4212, 0.000073, 0.000047, 0.000045
4213, 0.000074, 0.000058, 0.000055
4214, 0.000076, 0.000050, 0.000047
4215, 0.000076, 0.000057, 0.000054
4216, 0.000074, 0.000048, 0.000047
4217, 0.000074, 0.000054, 0.000051
4218, 0.000075, 0.000051, 0.000049
4219, 0.000074, 0.000048, 0.000047
4220, 0.000074, 0.000058, 0.000056
4221, 0.000074, 0.000048, 0.000047
4222, 0.000076, 0.000055, 0.000052
4223, 0.000075, 0.000050, 0.000048
4224, 0.000073, 0.000047, 0.000045
4225, 0.000075, 0.000062, 0.000059
4226, 0.000077, 0.000049, 0.000048
4227, 0.000076, 0.000060, 0.000057
4228, 0.000074, 0.000049, 0.000047
4229, 0.000073, 0.000054, 0.000052
4230, 0.000074, 0.000053, 0.000050
4231, 0.000074, 0.000051, 0.000049
4232, 0.000074, 0.000047, 0.000045
4233, 0.000073, 0.000054, 0.000051
4234, 0.000074, 0.000054, 0.000053
4235, 0.000075, 0.000048, 0.000046
4236, 0.000072, 0.000049, 0.000047
4237, 0.000072, 0.000056, 0.000054
4238, 0.000075, 0.000050, 0.000048
4239, 0.000077, 0.000068, 0.000064
4240, 0.000076, 0.000047, 0.000046
4241, 0.000075, 0.000056, 0.000053
4242, 0.000074, 0.000053, 0.000051
4243, 0.000073, 0.000046, 0.000044
4244, 0.000076, 0.000073, 0.000069
4245, 0.000080, 0.000049, 0.000048
4246, 0.000081, 0.000072, 0.000069
4247, 0.000080, 0.000046, 0.000045
4248, 0.000076, 0.000053, 0.000052
4249, 0.000075, 0.000052, 0.000050
4250, 0.000074, 0.000048, 0.000046
4251, 0.000073, 0.000057, 0.000053
4252, 0.000074, 0.000052, 0.000049
4253, 0.000075, 0.000058, 0.000056
4254, 0.000075, 0.000048, 0.000047
4255, 0.000076, 0.000065, 0.000062
4256, 0.000077, 0.000046, 0.000045
4257, 0.000075, 0.000061, 0.000057
4258, 0.000074, 0.000049, 0.000046
4259, 0.000073, 0.000049, 0.000046
4260, 0.000072, 0.000059, 0.000056
4261, 0.000074, 0.000048, 0.000047
4262, 0.000076, 0.000061, 0.000060
4263, 0.000075, 0.000046, 0.000045
4264, 0.000072, 0.000052, 0.000050
4265, 0.000073, 0.000057, 0.000053
4266, 0.000075, 0.000049, 0.000046
4267, 0.000075, 0.000062, 0.000059
4268, 0.000075, 0.000048, 0.000046
4269, 0.000075, 0.000063, 0.000060
4270, 0.000076, 0.000047, 0.000048
4271, 0.000076, 0.000059, 0.000057
4272, 0.000075, 0.000046, 0.000044
4273, 0.000072, 0.000051, 0.000049
4274, 0.000073, 0.000052, 0.000048
4275, 0.000072, 0.000048, 0.000046
4276, 0.000071, 0.000052, 0.000050
4277, 0.000071, 0.000051, 0.000049
4278, 0.000072, 0.000050, 0.000050
4279, 0.000071, 0.000052, 0.000050
4280, 0.000071, 0.000050, 0.000048
4281, 0.000072, 0.000056, 0.000054
4282, 0.000073, 0.000047, 0.000045
4283, 0.000072, 0.000054, 0.000052
4284, 0.000072, 0.000046, 0.000045
4285, 0.000073, 0.000054, 0.000053
4286, 0.000072, 0.000047, 0.000046
4287, 0.000071, 0.000054, 0.000052
4288, 0.000072, 0.000049, 0.000046
4289, 0.000071, 0.000051, 0.000049
4290, 0.000071, 0.000051, 0.000048
4291, 0.000072, 0.000046, 0.000045
4292, 0.000072, 0.000052, 0.000050
4293, 0.000071, 0.000046, 0.000044
4294, 0.000072, 0.000056, 0.000053
4295, 0.000072, 0.000047, 0.000045
4296, 0.000074, 0.000065, 0.000061
4297, 0.000074, 0.000047, 0.000045
4298, 0.000074, 0.000060, 0.000057
4299, 0.000074, 0.000048, 0.000046
4300, 0.000073, 0.000057, 0.000055
4301, 0.000073, 0.000045, 0.000044
4302, 0.000073, 0.000058, 0.000056
4303, 0.000074, 0.000047, 0.000046
4304, 0.000076, 0.000063, 0.000061
4305, 0.000075, 0.000048, 0.000046
4306, 0.000075, 0.000068, 0.000064
4307, 0.000076, 0.000048, 0.000046
4308, 0.000075, 0.000065, 0.000060
4309, 0.000075, 0.000049, 0.000047
4310, 0.000074, 0.000058, 0.000056
4311, 0.000073, 0.000049, 0.000048
4312, 0.000072, 0.000046, 0.000047
4313, 0.000072, 0.000057, 0.000055
4314, 0.000073, 0.000048, 0.000046
4315, 0.000077, 0.000078, 0.000076
4316, 0.000086, 0.000066, 0.000064
4317, 0.000097, 0.000136, 0.000131
4318, 0.000115, 0.000092, 0.000092
4319, 0.000121, 0.000139, 0.000132
4320, 0.000115, 0.000059, 0.000058
4321, 0.000089, 0.000050, 0.000047
4322, 0.000070, 0.000072, 0.000066
4323, 0.000080, 0.000068, 0.000068
4324, 0.000098, 0.000110, 0.000103
4325, 0.000102, 0.000061, 0.000060
4326, 0.000087, 0.000059, 0.000057
4327, 0.000075, 0.000059, 0.000055
4328, 0.000072, 0.000054, 0.000053
4329, 0.000082, 0.000080, 0.000075
4330, 0.000087, 0.000052, 0.000049
4331, 0.000079, 0.000049, 0.000047
4332, 0.000071, 0.000056, 0.000054
4333, 0.000072, 0.000052, 0.000052
4334, 0.000081, 0.000077, 0.000074
4335, 0.000084, 0.000052, 0.000051
4336, 0.000077, 0.000055, 0.000052
4337, 0.000072, 0.000054, 0.000051
4338, 0.000072, 0.000050, 0.000048
4339, 0.000078, 0.000072, 0.000069
4340, 0.000079, 0.000045, 0.000044
4341, 0.000073, 0.000045, 0.000044
4342, 0.000069, 0.000059, 0.000056
4343, 0.000074, 0.000047, 0.000046
4344, 0.000076, 0.000058, 0.000054
4345, 0.000072, 0.000047, 0.000044
4346, 0.000071, 0.000046, 0.000044
4347, 0.000070, 0.000053, 0.000050
4348, 0.000071, 0.000047, 0.000045
4349, 0.000069, 0.000048, 0.000046
4350, 0.000071, 0.000052, 0.000049
4351, 0.000070, 0.000045, 0.000043
4352, 0.000069, 0.000045, 0.000043
4353, 0.000069, 0.000048, 0.000046
4354, 0.000071, 0.000046, 0.000044
4355, 0.000072, 0.000058, 0.000056
4356, 0.000073, 0.000048, 0.000047
4357, 0.000071, 0.000048, 0.000047
4358, 0.000069, 0.000054, 0.000052
4359, 0.000072, 0.000049, 0.000047
4360, 0.000073, 0.000054, 0.000052
4361, 0.000073, 0.000046, 0.000044
4362, 0.000071, 0.000049, 0.000046
4363, 0.000069, 0.000051, 0.000049
4364, 0.000071, 0.000047, 0.000045
4365, 0.000072, 0.000053, 0.000050
4366, 0.000070, 0.000046, 0.000045
4367, 0.000069, 0.000048, 0.000046
4368, 0.000070, 0.000048, 0.000047
4369, 0.000069, 0.000046, 0.000046
4370, 0.000069, 0.000050, 0.000048
4371, 0.000069, 0.000047, 0.000046
4372, 0.000069, 0.000046, 0.000044
4373, 0.000068, 0.000050, 0.000047
4374, 0.000070, 0.000049, 0.000047
4375, 0.000070, 0.000047, 0.000047
4376, 0.000070, 0.000051, 0.000049
4377, 0.000069, 0.000046, 0.000045
4378, 0.000069, 0.000048, 0.000047
4379, 0.000070, 0.000052, 0.000049
4380, 0.000070, 0.000046, 0.000044
4381, 0.000071, 0.000058, 0.000055
4382, 0.000073, 0.000047, 0.000045
4383, 0.000072, 0.000049, 0.000047
4384, 0.000069, 0.000049, 0.000048
4385, 0.000071, 0.000047, 0.000046
4386, 0.000070, 0.000054, 0.000051
4387, 0.000069, 0.000047, 0.000047
4388, 0.000071, 0.000049, 0.000046
4389, 0.000069, 0.000047, 0.000045
4390, 0.000068, 0.000045, 0.000045
4391, 0.000070, 0.000049, 0.000047
4392, 0.000069, 0.000046, 0.000044
4393, 0.000068, 0.000047, 0.000045
4394, 0.000068, 0.000047, 0.000045
4395, 0.000068, 0.000046, 0.000045
4396, 0.000068, 0.000049, 0.000048
4397, 0.000069, 0.000049, 0.000047
4398, 0.000070, 0.000047, 0.000045
4399, 0.000068, 0.000050, 0.000049
4400, 0.000070, 0.000051, 0.000050
4401, 0.000071, 0.000046, 0.000044
4402, 0.000069, 0.000047, 0.000046
4403, 0.000069, 0.000049, 0.000047
4404, 0.000071, 0.000050, 0.000048
4405, 0.000070, 0.000048, 0.000046
4406, 0.000068, 0.000048, 0.000047
4407, 0.000069, 0.000049, 0.000047
4408, 0.000068, 0.000050, 0.000048
4409, 0.000069, 0.000048, 0.000046
4410, 0.000069, 0.000051, 0.000049
4411, 0.000069, 0.000047, 0.000046
4412, 0.000069, 0.000049, 0.000048
4413, 0.000070, 0.000051, 0.000050
4414, 0.000069, 0.000046, 0.000045
4415, 0.000071, 0.000055, 0.000052
4416, 0.000072, 0.000047, 0.000046
4417, 0.000070, 0.000047, 0.000045
4418, 0.000068, 0.000059, 0.000055
4419, 0.000072, 0.000054, 0.000054
4420, 0.000078, 0.000074, 0.000071
4421, 0.000079, 0.000052, 0.000053
4422, 0.000075, 0.000052, 0.000051
4423, 0.000070, 0.000052, 0.000049
4424, 0.000070, 0.000055, 0.000053
4425, 0.000078, 0.000085, 0.000081
4426, 0.000092, 0.000070, 0.000069
4427, 0.000091, 0.000066, 0.000063
4428, 0.000077, 0.000047, 0.000046
4429, 0.000068, 0.000055, 0.000055
4430, 0.000078, 0.000086, 0.000084
4431, 0.000089, 0.000061, 0.000060
4432, 0.000084, 0.000059, 0.000056
4433, 0.000072, 0.000049, 0.000048
4434, 0.000068, 0.000051, 0.000050
4435, 0.000073, 0.000069, 0.000066
4436, 0.000080, 0.000053, 0.000053
4437, 0.000076, 0.000050, 0.000048
4438, 0.000070, 0.000049, 0.000046
4439, 0.000068, 0.000048, 0.000046
4440, 0.000070, 0.000057, 0.000054
4441, 0.000071, 0.000049, 0.000047
4442, 0.000072, 0.000054, 0.000051
4443, 0.000070, 0.000046, 0.000044
4444, 0.000067, 0.000048, 0.000047
4445, 0.000070, 0.000057, 0.000054
4446, 0.000071, 0.000048, 0.000047
4447, 0.000072, 0.000053, 0.000050
4448, 0.000070, 0.000046, 0.000045
4449, 0.000067, 0.000046, 0.000045
4450, 0.000067, 0.000051, 0.000050
4451, 0.000068, 0.000047, 0.000046
4452, 0.000068, 0.000047, 0.000045
4453, 0.000067, 0.000048, 0.000046
4454, 0.000067, 0.000049, 0.000047
4455, 0.000069, 0.000056, 0.000053
4456, 0.000070, 0.000047, 0.000046
4457, 0.000068, 0.000050, 0.000048
4458, 0.000067, 0.000048, 0.000048
4459, 0.000067, 0.000048, 0.000047
4460, 0.000068, 0.000053, 0.000051
4461, 0.000069, 0.000047, 0.000046
4462, 0.000067, 0.000047, 0.000045
4463, 0.000067, 0.000051, 0.000049
4464, 0.000067, 0.000045, 0.000046
4465, 0.000068, 0.000048, 0.000048
4466, 0.000067, 0.000048, 0.000047
4467, 0.000067, 0.000047, 0.000046
4468, 0.000066, 0.000046, 0.000044
4469, 0.000066, 0.000049, 0.000046
4470, 0.000068, 0.000046, 0.000045
4471, 0.000068, 0.000050, 0.000047
4472, 0.000068, 0.000045, 0.000044
4473, 0.000066, 0.000046, 0.000045
4474, 0.000068, 0.000050, 0.000048
4475, 0.000068, 0.000047, 0.000046
4476, 0.000069, 0.000055, 0.000052
4477, 0.000070, 0.000052, 0.000051
4478, 0.000071, 0.000053, 0.000052
4479, 0.000069, 0.000045, 0.000044
4480, 0.000066, 0.000047, 0.000045
4481, 0.000067, 0.000050, 0.000048
4482, 0.000068, 0.000047, 0.000045
4483, 0.000067, 0.000049, 0.000047
4484, 0.000067, 0.000047, 0.000046
4485, 0.000066, 0.000047, 0.000046
4486, 0.000067, 0.000051, 0.000049
4487, 0.000067, 0.000046, 0.000046
4488, 0.000067, 0.000046, 0.000045
4489, 0.000065, 0.000046, 0.000045
4490, 0.000065, 0.000046, 0.000045
4491, 0.000068, 0.000053, 0.000051
4492, 0.000068, 0.000047, 0.000047
4493, 0.000067, 0.000049, 0.000048
4494, 0.000066, 0.000049, 0.000046
4495, 0.000066, 0.000047, 0.000046
4496, 0.000068, 0.000055, 0.000053
4497, 0.000070, 0.000048, 0.000048
4498, 0.000071, 0.000051, 0.000050
4499, 0.000069, 0.000046, 0.000045
4500, 0.000067, 0.000046, 0.000045
4501, 0.000066, 0.000049, 0.000047
4502, 0.000067, 0.000048, 0.000047
4503, 0.000068, 0.000054, 0.000051
4504, 0.000069, 0.000047, 0.000045
4505, 0.000066, 0.000046, 0.000044
4506, 0.000065, 0.000049, 0.000046
4507, 0.000068, 0.000048, 0.000047
4508, 0.000068, 0.000055, 0.000053
4509, 0.000069, 0.000051, 0.000049
4510, 0.000071, 0.000056, 0.000053
4511, 0.000070, 0.000046, 0.000045
4512, 0.000066, 0.000047, 0.000045
4513, 0.000066, 0.000055, 0.000052
4514, 0.000069, 0.000050, 0.000049
4515, 0.000069, 0.000059, 0.000056
4516, 0.000071, 0.000050, 0.000050
4517, 0.000070, 0.000049, 0.000048
4518, 0.000067, 0.000046, 0.000045
4519, 0.000066, 0.000048, 0.000046
4520, 0.000066, 0.000051, 0.000049
4521, 0.000067, 0.000050, 0.000048
4522, 0.000069, 0.000053, 0.000051
4523, 0.000068, 0.000048, 0.000048
4524, 0.000068, 0.000051, 0.000049
4525, 0.000067, 0.000047, 0.000047
4526, 0.000066, 0.000046, 0.000046
4527, 0.000064, 0.000051, 0.000049
4528, 0.000066, 0.000047, 0.000048
4529, 0.000067, 0.000048, 0.000047
4530, 0.000066, 0.000048, 0.000046
4531, 0.000064, 0.000048, 0.000048
4532, 0.000068, 0.000058, 0.000056
4533, 0.000071, 0.000051, 0.000051
4534, 0.000069, 0.000052, 0.000051
4535, 0.000067, 0.000047, 0.000046
4536, 0.000065, 0.000045, 0.000045
4537, 0.000065, 0.000047, 0.000047
4538, 0.000066, 0.000047, 0.000047
4539, 0.000067, 0.000054, 0.000053
4540, 0.000069, 0.000051, 0.000051
4541, 0.000071, 0.000057, 0.000054
4542, 0.000068, 0.000047, 0.000046
4543, 0.000066, 0.000048, 0.000046
4544, 0.000065, 0.000050, 0.000048
4545, 0.000066, 0.000047, 0.000047
4546, 0.000067, 0.000050, 0.000048
4547, 0.000066, 0.000044, 0.000044
4548, 0.000065, 0.000045, 0.000044
4549, 0.000065, 0.000046, 0.000045
4550, 0.000064, 0.000048, 0.000047
4551, 0.000063, 0.000046, 0.000046
4552, 0.000064, 0.000048, 0.000047
4553, 0.000064, 0.000049, 0.000048
4554, 0.000066, 0.000047, 0.000047
4555, 0.000067, 0.000051, 0.000050
4556, 0.000066, 0.000046, 0.000045
4557, 0.000065, 0.000048, 0.000047
4558, 0.000064, 0.000047, 0.000046
4559, 0.000064, 0.000046, 0.000046
4560, 0.000064, 0.000051, 0.000050
4561, 0.000066, 0.000046, 0.000047
4562, 0.000066, 0.000049, 0.000047
4563, 0.000065, 0.000046, 0.000046
4564, 0.000065, 0.000046, 0.000044
4565, 0.000066, 0.000051, 0.000049
4566, 0.000066, 0.000047, 0.000046
4567, 0.000066, 0.000049, 0.000048
4568, 0.000065, 0.000051, 0.000049
4569, 0.000065, 0.000048, 0.000048
4570, 0.000067, 0.000057, 0.000055
4571, 0.000070, 0.000056, 0.000056
4572, 0.000074, 0.000065, 0.000065
4573, 0.000076, 0.000051, 0.000050
4574, 0.000069, 0.000048, 0.000047
4575, 0.000064, 0.000048, 0.000049
4576, 0.000066, 0.000050, 0.000049
4577, 0.000067, 0.000050, 0.000048
4578, 0.000066, 0.000048, 0.000048
4579, 0.000066, 0.000053, 0.000050
4580, 0.000067, 0.000047, 0.000046
4581, 0.000064, 0.000046, 0.000045
4582, 0.000064, 0.000050, 0.000048
4583, 0.000065, 0.000047, 0.000047
4584, 0.000066, 0.000049, 0.000049
4585, 0.000065, 0.000045, 0.000044
4586, 0.000063, 0.000046, 0.000045
4587, 0.000064, 0.000052, 0.000051
4588, 0.000065, 0.000048, 0.000047
4589, 0.000065, 0.000046, 0.000046
4590, 0.000064, 0.000049, 0.000049
4591, 0.000064, 0.000047, 0.000046
4592, 0.000065, 0.000051, 0.000050
4593, 0.000067, 0.000048, 0.000048
4594, 0.000066, 0.000048, 0.000047
4595, 0.000064, 0.000046, 0.000045
4596, 0.000062, 0.000046, 0.000046
4597, 0.000063, 0.000049, 0.000047
4598, 0.000064, 0.000047, 0.000046
4599, 0.000063, 0.000048, 0.000047
4600, 0.000063, 0.000047, 0.000046
4601, 0.000064, 0.000046, 0.000047
4602, 0.000065, 0.000050, 0.000050
4603, 0.000066, 0.000048, 0.000049
4604, 0.000067, 0.000056, 0.000055
4605, 0.000068, 0.000051, 0.000052
4606, 0.000068, 0.000052, 0.000050
4607, 0.000065, 0.000047, 0.000046
4608, 0.000063, 0.000047, 0.000047
4609, 0.000065, 0.000059, 0.000057
4610, 0.000069, 0.000056, 0.000056
4611, 0.000073, 0.000062, 0.000061
4612, 0.000075, 0.000054, 0.000054
4613, 0.000070, 0.000048, 0.000046
4614, 0.000062, 0.000051, 0.000050
4615, 0.000064, 0.000056, 0.000055
4616, 0.000070, 0.000061, 0.000059
4617, 0.000071, 0.000052, 0.000053
4618, 0.000069, 0.000049, 0.000048
4619, 0.000064, 0.000045, 0.000045
4620, 0.000062, 0.000049, 0.000049
4621, 0.000066, 0.000057, 0.000054
4622, 0.000068, 0.000051, 0.000051
4623, 0.000068, 0.000053, 0.000050
4624, 0.000065, 0.000046, 0.000045
4625, 0.000063, 0.000047, 0.000047
4626, 0.000063, 0.000051, 0.000051
4627, 0.000066, 0.000050, 0.000051
4628, 0.000067, 0.000052, 0.000051
4629, 0.000066, 0.000046, 0.000046
4630, 0.000064, 0.000048, 0.000045
4631, 0.000063, 0.000046, 0.000045
4632, 0.000062, 0.000046, 0.000046
4633, 0.000063, 0.000050, 0.000048
4634, 0.000064, 0.000046, 0.000046
4635, 0.000063, 0.000046, 0.000045
4636, 0.000062, 0.000046, 0.000045
4637, 0.000063, 0.000045, 0.000045
4638, 0.000062, 0.000045, 0.000045
4639, 0.000063, 0.000047, 0.000046
4640, 0.000063, 0.000048, 0.000047
4641, 0.000063, 0.000047, 0.000046
4642, 0.000062, 0.000049, 0.000047
4643, 0.000063, 0.000049, 0.000047
4644, 0.000062, 0.000046, 0.000046
4645, 0.000063, 0.000046, 0.000045
4646, 0.000063, 0.000047, 0.000047
4647, 0.000063, 0.000045, 0.000045
4648, 0.000062, 0.000046, 0.000045
4649, 0.000062, 0.000048, 0.000047
4650, 0.000062, 0.000048, 0.000047
4651, 0.000064, 0.000048, 0.000047
4652, 0.000062, 0.000047, 0.000046
4653, 0.000062, 0.000049, 0.000048
4654, 0.000063, 0.000047, 0.000047
4655, 0.000065, 0.000048, 0.000047
4656, 0.000064, 0.000046, 0.000046
4657, 0.000064, 0.000049, 0.000047
4658, 0.000062, 0.000046, 0.000046
4659, 0.000062, 0.000047, 0.000046
4660, 0.000062, 0.000048, 0.000046
4661, 0.000061, 0.000046, 0.000045
4662, 0.000063, 0.000047, 0.000046
4663, 0.000063, 0.000047, 0.000046
4664, 0.000064, 0.000050, 0.000049
4665, 0.000064, 0.000046, 0.000046
4666, 0.000062, 0.000047, 0.000046
4667, 0.000062, 0.000050, 0.000049
4668, 0.000064, 0.000049, 0.000049
4669, 0.000064, 0.000050, 0.000048
4670, 0.000063, 0.000047, 0.000046
4671, 0.000062, 0.000046, 0.000045
4672, 0.000061, 0.000047, 0.000046
4673, 0.000061, 0.000045, 0.000045
4674, 0.000062, 0.000045, 0.000045
4675, 0.000061, 0.000045, 0.000045
4676, 0.000062, 0.000045, 0.000045
4677, 0.000061, 0.000046, 0.000046
4678, 0.000062, 0.000045, 0.000045
4679, 0.000061, 0.000046, 0.000045
4680, 0.000061, 0.000045, 0.000045
4681, 0.000063, 0.000047, 0.000047
4682, 0.000061, 0.000045, 0.000045
4683, 0.000061, 0.000045, 0.000044
4684, 0.000062, 0.000045, 0.000044
4685, 0.000061, 0.000048, 0.000047
4686, 0.000063, 0.000048, 0.000048
4687, 0.000063, 0.000051, 0.000050
4688, 0.000063, 0.000048, 0.000048
4689, 0.000063, 0.000048, 0.000047
4690, 0.000063, 0.000045, 0.000045
4691, 0.000063, 0.000045, 0.000045
4692, 0.000061, 0.000046, 0.000046
4693, 0.000062, 0.000048, 0.000047
4694, 0.000062, 0.000046, 0.000045
4695, 0.000062, 0.000048, 0.000046
4696, 0.000061, 0.000046, 0.000046
4697, 0.000060, 0.000047, 0.000047
4698, 0.000061, 0.000048, 0.000047
4699, 0.000061, 0.000046, 0.000046
4700, 0.000061, 0.000046, 0.000046
4701, 0.000060, 0.000046, 0.000045
4702, 0.000060, 0.000046, 0.000045
4703, 0.000061, 0.000046, 0.000045
4704, 0.000060, 0.000046, 0.000046
4705, 0.000061, 0.000046, 0.000046
4706, 0.000061, 0.000046, 0.000046
4707, 0.000061, 0.000045, 0.000045
4708, 0.000060, 0.000046, 0.000046
4709, 0.000061, 0.000047, 0.000046
4710, 0.000061, 0.000047, 0.000047
4711, 0.000062, 0.000047, 0.000046
4712, 0.000062, 0.000046, 0.000045
4713, 0.000061, 0.000047, 0.000046
4714, 0.000060, 0.000046, 0.000046
4715, 0.000061, 0.000047, 0.000046
4716, 0.000060, 0.000046, 0.000046
4717, 0.000061, 0.000048, 0.000047
4718, 0.000062, 0.000047, 0.000048
4719, 0.000062, 0.000049, 0.000048
4720, 0.000062, 0.000047, 0.000048
4721, 0.000062, 0.000053, 0.000051
4722, 0.000063, 0.000050, 0.000051
4723, 0.000064, 0.000057, 0.000055
4724, 0.000065, 0.000054, 0.000054
4725, 0.000068, 0.000060, 0.000058
4726, 0.000068, 0.000053, 0.000053
4727, 0.000067, 0.000049, 0.000049
4728, 0.000063, 0.000044, 0.000045
4729, 0.000061, 0.000048, 0.000048
4730, 0.000062, 0.000055, 0.000054
4731, 0.000066, 0.000057, 0.000057
4732, 0.000069, 0.000067, 0.000064
4733, 0.000072, 0.000056, 0.000056
4734, 0.000070, 0.000057, 0.000054
4735, 0.000067, 0.000048, 0.000047
4736, 0.000063, 0.000048, 0.000047
4737, 0.000061, 0.000047, 0.000047
4738, 0.000061, 0.000048, 0.000047
4739, 0.000060, 0.000047, 0.000047
4740, 0.000061, 0.000051, 0.000049
4741, 0.000062, 0.000047, 0.000047
4742, 0.000062, 0.000049, 0.000049
4743, 0.000061, 0.000047, 0.000048
4744, 0.000062, 0.000048, 0.000048
4745, 0.000060, 0.000046, 0.000045
4746, 0.000060, 0.000047, 0.000046
4747, 0.000061, 0.000047, 0.000047
4748, 0.000061, 0.000047, 0.000048
4749, 0.000062, 0.000053, 0.000052
4750, 0.000063, 0.000050, 0.000051
4751, 0.000064, 0.000050, 0.000048
4752, 0.000064, 0.000047, 0.000046
4753, 0.000060, 0.000046, 0.000045
4754, 0.000059, 0.000048, 0.000046
4755, 0.000060, 0.000048, 0.000049
4756, 0.000061, 0.000051, 0.000050
4757, 0.000063, 0.000052, 0.000052
4758, 0.000065, 0.000053, 0.000052
4759, 0.000064, 0.000048, 0.000048
4760, 0.000064, 0.000051, 0.000049
4761, 0.000064, 0.000048, 0.000048
4762, 0.000063, 0.000049, 0.000048
4763, 0.000060, 0.000046, 0.000046
4764, 0.000060, 0.000048, 0.000047
4765, 0.000059, 0.000048, 0.000047
4766, 0.000058, 0.000047, 0.000046
4767, 0.000059, 0.000047, 0.000046
4768, 0.000059, 0.000047, 0.000047
4769, 0.000060, 0.000050, 0.000049
4770, 0.000062, 0.000047, 0.000048
4771, 0.000062, 0.000049, 0.000048
4772, 0.000062, 0.000048, 0.000047
4773, 0.000062, 0.000048, 0.000046
4774, 0.000060, 0.000046, 0.000046
4775, 0.000060, 0.000047, 0.000046
4776, 0.000059, 0.000046, 0.000045
4777, 0.000059, 0.000046, 0.000046
4778, 0.000059, 0.000048, 0.000046
4779, 0.000059, 0.000046, 0.000045
4780, 0.000060, 0.000047, 0.000046
4781, 0.000059, 0.000046, 0.000045
4782, 0.000059, 0.000047, 0.000047
4783, 0.000059, 0.000050, 0.000049
4784, 0.000061, 0.000049, 0.000050
4785, 0.000062, 0.000051, 0.000050
4786, 0.000063, 0.000046, 0.000046
4787, 0.000060, 0.000046, 0.000045
4788, 0.000060, 0.000047, 0.000046
4789, 0.000059, 0.000046, 0.000046
4790, 0.000060, 0.000047, 0.000046
4791, 0.000059, 0.000049, 0.000048
4792, 0.000059, 0.000047, 0.000047
4793, 0.000059, 0.000047, 0.000046
4794, 0.000060, 0.000045, 0.000045
4795, 0.000059, 0.000047, 0.000046
4796, 0.000060, 0.000047, 0.000046
4797, 0.000060, 0.000048, 0.000046
4798, 0.000061, 0.000048, 0.000047
4799, 0.000061, 0.000050, 0.000048
4800, 0.000061, 0.000048, 0.000048
4801, 0.000061, 0.000049, 0.000047
4802, 0.000061, 0.000046, 0.000046
4803, 0.000059, 0.000047, 0.000046
4804, 0.000058, 0.000047, 0.000046
4805, 0.000059, 0.000049, 0.000049
4806, 0.000060, 0.000052, 0.000050
4807, 0.000062, 0.000051, 0.000051
4808, 0.000063, 0.000054, 0.000051
4809, 0.000063, 0.000049, 0.000050
4810, 0.000061, 0.000050, 0.000048
4811, 0.000060, 0.000046, 0.000046
4812, 0.000059, 0.000046, 0.000045
4813, 0.000058, 0.000046, 0.000046
4814, 0.000059, 0.000046, 0.000046
4815, 0.000059, 0.000048, 0.000048
4816, 0.000059, 0.000049, 0.000051
4817, 0.000061, 0.000050, 0.000050
4818, 0.000062, 0.000051, 0.000050
4819, 0.000060, 0.000048, 0.000047
4820, 0.000060, 0.000048, 0.000047
4821, 0.000058, 0.000047, 0.000046
4822, 0.000057, 0.000046, 0.000047
4823, 0.000058, 0.000046, 0.000046
4824, 0.000057, 0.000045, 0.000045
4825, 0.000058, 0.000047, 0.000048
4826, 0.000059, 0.000053, 0.000051
4827, 0.000062, 0.000054, 0.000056
4828, 0.000065, 0.000059, 0.000057
4829, 0.000065, 0.000053, 0.000054
4830, 0.000065, 0.000053, 0.000051
4831, 0.000063, 0.000049, 0.000049
4832, 0.000059, 0.000046, 0.000045
4833, 0.000058, 0.000049, 0.000048
4834, 0.000060, 0.000052, 0.000052
4835, 0.000062, 0.000053, 0.000050
4836, 0.000062, 0.000050, 0.000051
4837, 0.000063, 0.000056, 0.000053
4838, 0.000064, 0.000055, 0.000056
4839, 0.000065, 0.000056, 0.000054
4840, 0.000064, 0.000049, 0.000050
4841, 0.000061, 0.000049, 0.000048
4842, 0.000059, 0.000049, 0.000050
4843, 0.000059, 0.000046, 0.000046
4844, 0.000058, 0.000047, 0.000046
4845, 0.000058, 0.000047, 0.000047
4846, 0.000058, 0.000047, 0.000046
4847, 0.000058, 0.000046, 0.000046
4848, 0.000058, 0.000047, 0.000046
4849, 0.000058, 0.000048, 0.000049
4850, 0.000059, 0.000050, 0.000049
4851, 0.000060, 0.000047, 0.000048
4852, 0.000059, 0.000047, 0.000046
4853, 0.000058, 0.000046, 0.000045
4854, 0.000058, 0.000046, 0.000045
4855, 0.000058, 0.000051, 0.000050
4856, 0.000061, 0.000054, 0.000055
4857, 0.000064, 0.000058, 0.000055
4858, 0.000065, 0.000057, 0.000058
4859, 0.000066, 0.000054, 0.000052
4860, 0.000063, 0.000049, 0.000050
4861, 0.000059, 0.000048, 0.000048
4862, 0.000059, 0.000047, 0.000046
4863, 0.000060, 0.000053, 0.000053
4864, 0.000064, 0.000061, 0.000059
4865, 0.000069, 0.000063, 0.000065
4866, 0.000071, 0.000059, 0.000057
4867, 0.000067, 0.000051, 0.000052
4868, 0.000061, 0.000046, 0.000046
4869, 0.000058, 0.000050, 0.000048
4870, 0.000059, 0.000054, 0.000055
4871, 0.000063, 0.000060, 0.000057
4872, 0.000069, 0.000068, 0.000068
4873, 0.000072, 0.000065, 0.000062
4874, 0.000071, 0.000056, 0.000056
4875, 0.000065, 0.000051, 0.000049
4876, 0.000061, 0.000045, 0.000045
4877, 0.000058, 0.000046, 0.000046
4878, 0.000057, 0.000049, 0.000047
4879, 0.000059, 0.000048, 0.000049
4880, 0.000059, 0.000047, 0.000046
4881, 0.000059, 0.000045, 0.000045
4882, 0.000057, 0.000045, 0.000044
4883, 0.000057, 0.000048, 0.000046
4884, 0.000058, 0.000048, 0.000048
4885, 0.000058, 0.000048, 0.000046
4886, 0.000059, 0.000049, 0.000048
4887, 0.000057, 0.000046, 0.000046
4888, 0.000057, 0.000046, 0.000046
4889, 0.000057, 0.000046, 0.000047
4890, 0.000057, 0.000045, 0.000045
4891, 0.000057, 0.000046, 0.000046
4892, 0.000057, 0.000046, 0.000046
4893, 0.000056, 0.000047, 0.000047
4894, 0.000057, 0.000047, 0.000048
4895, 0.000058, 0.000047, 0.000046
4896, 0.000058, 0.000046, 0.000047
4897, 0.000057, 0.000046, 0.000046
4898, 0.000058, 0.000050, 0.000048
4899, 0.000059, 0.000053, 0.000054
4900, 0.000061, 0.000050, 0.000048
4901, 0.000060, 0.000046, 0.000047
4902, 0.000058, 0.000045, 0.000046
4903, 0.000058, 0.000046, 0.000047
4904, 0.000057, 0.000046, 0.000045
4905, 0.000058, 0.000047, 0.000047
4906, 0.000057, 0.000049, 0.000047
4907, 0.000058, 0.000046, 0.000046
4908, 0.000057, 0.000046, 0.000046
4909, 0.000057, 0.000044, 0.000043
4910, 0.000057, 0.000044, 0.000044
4911, 0.000057, 0.000047, 0.000045
4912, 0.000057, 0.000046, 0.000045
4913, 0.000057, 0.000047, 0.000047
4914, 0.000057, 0.000048, 0.000047
4915, 0.000057, 0.000050, 0.000051
4916, 0.000058, 0.000051, 0.000050
4917, 0.000059, 0.000050, 0.000051
4918, 0.000059, 0.000047, 0.000047
4919, 0.000059, 0.000047, 0.000047
4920, 0.000057, 0.000046, 0.000045
4921, 0.000056, 0.000047, 0.000046
4922, 0.000057, 0.000048, 0.000048
4923, 0.000057, 0.000047, 0.000046
4924, 0.000057, 0.000045, 0.000045
4925, 0.000056, 0.000046, 0.000046
4926, 0.000056, 0.000046, 0.000045
4927, 0.000056, 0.000045, 0.000046
4928, 0.000057, 0.000047, 0.000046
4929, 0.000057, 0.000047, 0.000046
4930, 0.000056, 0.000047, 0.000046
4931, 0.000057, 0.000051, 0.000051
4932, 0.000060, 0.000049, 0.000048
4933, 0.000060, 0.000049, 0.000048
4934, 0.000058, 0.000046, 0.000046
4935, 0.000057, 0.000048, 0.000048
4936, 0.000060, 0.000054, 0.000053
4937, 0.000062, 0.000052, 0.000053
4938, 0.000062, 0.000051, 0.000049
4939, 0.000059, 0.000049, 0.000049
4940, 0.000058, 0.000048, 0.000049
4941, 0.000058, 0.000053, 0.000052
4942, 0.000059, 0.000051, 0.000052
4943, 0.000060, 0.000052, 0.000050
4944, 0.000062, 0.000058, 0.000058
4945, 0.000063, 0.000049, 0.000047
4946, 0.000059, 0.000046, 0.000046
4947, 0.000056, 0.000047, 0.000047
4948, 0.000057, 0.000048, 0.000046
4949, 0.000059, 0.000055, 0.000056
4950, 0.000062, 0.000057, 0.000055
4951, 0.000065, 0.000060, 0.000061
4952, 0.000065, 0.000054, 0.000053
4953, 0.000061, 0.000047, 0.000047
4954, 0.000057, 0.000045, 0.000045
4955, 0.000055, 0.000048, 0.000047
4956, 0.000057, 0.000051, 0.000051
4957, 0.000060, 0.000052, 0.000051
4958, 0.000061, 0.000056, 0.000057
4959, 0.000061, 0.000049, 0.000048
4960, 0.000059, 0.000046, 0.000046
4961, 0.000056, 0.000046, 0.000046
4962, 0.000055, 0.000048, 0.000046
4963, 0.000058, 0.000053, 0.000053
4964, 0.000060, 0.000050, 0.000049
4965, 0.000059, 0.000049, 0.000050
4966, 0.000058, 0.000047, 0.000046
4967, 0.000056, 0.000045, 0.000046
4968, 0.000054, 0.000046, 0.000047
4969, 0.000055, 0.000046, 0.000046
4970, 0.000055, 0.000046, 0.000046
4971, 0.000056, 0.000045, 0.000044
4972, 0.000056, 0.000046, 0.000045
4973, 0.000055, 0.000044, 0.000044
4974, 0.000055, 0.000045, 0.000045
4975, 0.000055, 0.000046, 0.000046
4976, 0.000055, 0.000046, 0.000046
4977, 0.000055, 0.000048, 0.000048
4978, 0.000055, 0.000047, 0.000047
4979, 0.000055, 0.000047, 0.000047
4980, 0.000057, 0.000049, 0.000047
4981, 0.000057, 0.000046, 0.000046
4982, 0.000057, 0.000047, 0.000045
4983, 0.000055, 0.000047, 0.000046
4984, 0.000056, 0.000045, 0.000046
4985, 0.000055, 0.000047, 0.000046
4986, 0.000056, 0.000049, 0.000050
4987, 0.000056, 0.000047, 0.000047
4988, 0.000057, 0.000051, 0.000052
4989, 0.000059, 0.000049, 0.000048
4990, 0.000058, 0.000052, 0.000053
4991, 0.000058, 0.000048, 0.000047
4992, 0.000058, 0.000047, 0.000048
4993, 0.000057, 0.000047, 0.000046
4994, 0.000054, 0.000047, 0.000046
4995, 0.000055, 0.000048, 0.000048
4996, 0.000057, 0.000051, 0.000049
4997, 0.000058, 0.000050, 0.000050
4998, 0.000058, 0.000049, 0.000049
4999, 0.000058, 0.000051, 0.000052
5000, 0.000057, 0.000047, 0.000047
