Epoch, Train Loss, Valid Loss, Test Loss
1, 0.481501, 0.542102, 0.543748
2, 0.414043, 0.475911, 0.478220
3, 0.362583, 0.417426, 0.420618
4, 0.324318, 0.369356, 0.373134
5, 0.295219, 0.331297, 0.335600
6, 0.272541, 0.307057, 0.311430
7, 0.257197, 0.287301, 0.291674
8, 0.243516, 0.270037, 0.274297
9, 0.230380, 0.252850, 0.256754
10, 0.216585, 0.235916, 0.239498
11, 0.202583, 0.219388, 0.222631
12, 0.188457, 0.203333, 0.206187
13, 0.174420, 0.188480, 0.190981
14, 0.161278, 0.174388, 0.176610
15, 0.148945, 0.160797, 0.162787
16, 0.137194, 0.147865, 0.149652
17, 0.126067, 0.135474, 0.137078
18, 0.115457, 0.123406, 0.124853
19, 0.105199, 0.111591, 0.112917
20, 0.095235, 0.100134, 0.101365
21, 0.085640, 0.089209, 0.090358
22, 0.076522, 0.079031, 0.080102
23, 0.068005, 0.069777, 0.070769
24, 0.060210, 0.061490, 0.062398
25, 0.053195, 0.054131, 0.054959
26, 0.046946, 0.047643, 0.048400
27, 0.041407, 0.041966, 0.042663
28, 0.036536, 0.037043, 0.037685
29, 0.032286, 0.032740, 0.033333
30, 0.028563, 0.028916, 0.029466
31, 0.025300, 0.025528, 0.026038
32, 0.022385, 0.022564, 0.023038
33, 0.019875, 0.020012, 0.020452
34, 0.017680, 0.017824, 0.018233
35, 0.015800, 0.015960, 0.016343
36, 0.014203, 0.014377, 0.014738
37, 0.012845, 0.013044, 0.013386
38, 0.011704, 0.011913, 0.012241
39, 0.010730, 0.010943, 0.011258
40, 0.009889, 0.010091, 0.010394
41, 0.009143, 0.009317, 0.009609
42, 0.008491, 0.008598, 0.008880
43, 0.007885, 0.007959, 0.008231
44, 0.007351, 0.007386, 0.007646
45, 0.006868, 0.006870, 0.007120
46, 0.006434, 0.006405, 0.006646
47, 0.006059, 0.005987, 0.006221
48, 0.005720, 0.005621, 0.005848
49, 0.005428, 0.005308, 0.005530
50, 0.005173, 0.005045, 0.005261
51, 0.004954, 0.004820, 0.005028
52, 0.004753, 0.004616, 0.004816
53, 0.004570, 0.004432, 0.004624
54, 0.004413, 0.004264, 0.004449
55, 0.004270, 0.004116, 0.004295
56, 0.004138, 0.003985, 0.004159
57, 0.004023, 0.003865, 0.004034
58, 0.003922, 0.003760, 0.003925
59, 0.003837, 0.003676, 0.003836
60, 0.003768, 0.003608, 0.003763
61, 0.003701, 0.003543, 0.003694
62, 0.003639, 0.003476, 0.003623
63, 0.003592, 0.003412, 0.003555
64, 0.003546, 0.003350, 0.003489
65, 0.003500, 0.003301, 0.003435
66, 0.003452, 0.003257, 0.003387
67, 0.003404, 0.003219, 0.003346
68, 0.003382, 0.003174, 0.003297
69, 0.003344, 0.003133, 0.003253
70, 0.003323, 0.003101, 0.003218
71, 0.003288, 0.003081, 0.003195
72, 0.003262, 0.003058, 0.003168
73, 0.003245, 0.003033, 0.003141
74, 0.003223, 0.003008, 0.003113
75, 0.003206, 0.002985, 0.003087
76, 0.003182, 0.002967, 0.003066
77, 0.003174, 0.002954, 0.003050
78, 0.003158, 0.002945, 0.003038
79, 0.003144, 0.002932, 0.003022
80, 0.003127, 0.002914, 0.003002
81, 0.003118, 0.002897, 0.002983
82, 0.003108, 0.002882, 0.002967
83, 0.003099, 0.002877, 0.002959
84, 0.003084, 0.002879, 0.002957
85, 0.003083, 0.002868, 0.002944
86, 0.003068, 0.002857, 0.002930
87, 0.003060, 0.002844, 0.002916
88, 0.003053, 0.002834, 0.002904
89, 0.003046, 0.002828, 0.002896
90, 0.003044, 0.002820, 0.002887
91, 0.003029, 0.002812, 0.002876
92, 0.003028, 0.002809, 0.002871
93, 0.003028, 0.002809, 0.002867
94, 0.003016, 0.002805, 0.002861
95, 0.003009, 0.002798, 0.002852
96, 0.002998, 0.002790, 0.002843
97, 0.002999, 0.002781, 0.002833
98, 0.002994, 0.002776, 0.002826
99, 0.002983, 0.002779, 0.002827
100, 0.002985, 0.002781, 0.002827
101, 0.002980, 0.002778, 0.002823
102, 0.002968, 0.002768, 0.002813
103, 0.002969, 0.002759, 0.002802
104, 0.002967, 0.002756, 0.002797
105, 0.002959, 0.002759, 0.002798
106, 0.002954, 0.002762, 0.002800
107, 0.002955, 0.002758, 0.002795
108, 0.002945, 0.002750, 0.002786
109, 0.002940, 0.002742, 0.002776
110, 0.002940, 0.002742, 0.002775
111, 0.002937, 0.002746, 0.002777
112, 0.002938, 0.002740, 0.002770
113, 0.002929, 0.002736, 0.002765
114, 0.002926, 0.002731, 0.002760
115, 0.002930, 0.002731, 0.002759
116, 0.002912, 0.002730, 0.002757
117, 0.002911, 0.002726, 0.002752
118, 0.002908, 0.002723, 0.002748
119, 0.002908, 0.002723, 0.002747
120, 0.002907, 0.002723, 0.002746
121, 0.002900, 0.002721, 0.002743
122, 0.002901, 0.002718, 0.002739
123, 0.002899, 0.002716, 0.002736
124, 0.002895, 0.002713, 0.002732
125, 0.002894, 0.002715, 0.002732
126, 0.002888, 0.002713, 0.002730
127, 0.002886, 0.002703, 0.002720
128, 0.002886, 0.002701, 0.002717
129, 0.002884, 0.002702, 0.002717
130, 0.002878, 0.002707, 0.002721
131, 0.002877, 0.002706, 0.002718
132, 0.002869, 0.002702, 0.002713
133, 0.002865, 0.002696, 0.002708
134, 0.002863, 0.002695, 0.002706
135, 0.002857, 0.002694, 0.002704
136, 0.002860, 0.002694, 0.002702
137, 0.002859, 0.002695, 0.002703
138, 0.002852, 0.002693, 0.002700
139, 0.002850, 0.002691, 0.002698
140, 0.002844, 0.002686, 0.002692
141, 0.002840, 0.002684, 0.002690
142, 0.002836, 0.002683, 0.002689
143, 0.002833, 0.002684, 0.002689
144, 0.002834, 0.002685, 0.002690
145, 0.002830, 0.002687, 0.002690
146, 0.002825, 0.002683, 0.002686
147, 0.002826, 0.002679, 0.002681
148, 0.002818, 0.002674, 0.002677
149, 0.002827, 0.002672, 0.002675
150, 0.002818, 0.002671, 0.002674
151, 0.002812, 0.002674, 0.002674
152, 0.002813, 0.002673, 0.002672
153, 0.002804, 0.002673, 0.002672
154, 0.002812, 0.002669, 0.002668
155, 0.002805, 0.002668, 0.002667
156, 0.002801, 0.002668, 0.002666
157, 0.002800, 0.002669, 0.002666
158, 0.002795, 0.002667, 0.002663
159, 0.002795, 0.002668, 0.002664
160, 0.002792, 0.002663, 0.002659
161, 0.002790, 0.002664, 0.002660
162, 0.002781, 0.002660, 0.002656
163, 0.002787, 0.002658, 0.002653
164, 0.002781, 0.002657, 0.002651
165, 0.002777, 0.002658, 0.002652
166, 0.002778, 0.002659, 0.002652
167, 0.002770, 0.002660, 0.002652
168, 0.002772, 0.002657, 0.002650
169, 0.002766, 0.002655, 0.002647
170, 0.002773, 0.002652, 0.002644
171, 0.002767, 0.002652, 0.002643
172, 0.002763, 0.002649, 0.002640
173, 0.002757, 0.002649, 0.002639
174, 0.002759, 0.002648, 0.002639
175, 0.002755, 0.002647, 0.002637
176, 0.002754, 0.002647, 0.002637
177, 0.002746, 0.002646, 0.002636
178, 0.002749, 0.002645, 0.002635
179, 0.002744, 0.002645, 0.002635
180, 0.002740, 0.002644, 0.002633
181, 0.002742, 0.002643, 0.002632
182, 0.002735, 0.002641, 0.002629
183, 0.002735, 0.002638, 0.002626
184, 0.002733, 0.002637, 0.002624
185, 0.002730, 0.002637, 0.002624
186, 0.002728, 0.002640, 0.002626
187, 0.002729, 0.002637, 0.002624
188, 0.002722, 0.002636, 0.002623
189, 0.002723, 0.002634, 0.002619
190, 0.002723, 0.002636, 0.002621
191, 0.002717, 0.002633, 0.002619
192, 0.002715, 0.002631, 0.002617
193, 0.002710, 0.002628, 0.002614
194, 0.002708, 0.002625, 0.002610
195, 0.002707, 0.002626, 0.002610
196, 0.002707, 0.002626, 0.002610
197, 0.002708, 0.002626, 0.002611
198, 0.002703, 0.002624, 0.002608
199, 0.002695, 0.002621, 0.002605
200, 0.002697, 0.002619, 0.002603
201, 0.002691, 0.002620, 0.002603
202, 0.002690, 0.002622, 0.002605
203, 0.002692, 0.002622, 0.002605
204, 0.002685, 0.002618, 0.002601
205, 0.002691, 0.002615, 0.002596
206, 0.002686, 0.002613, 0.002595
207, 0.002682, 0.002612, 0.002594
208, 0.002680, 0.002612, 0.002595
209, 0.002679, 0.002611, 0.002594
210, 0.002672, 0.002610, 0.002591
211, 0.002675, 0.002609, 0.002589
212, 0.002674, 0.002610, 0.002590
213, 0.002672, 0.002609, 0.002590
214, 0.002663, 0.002606, 0.002587
215, 0.002668, 0.002603, 0.002585
216, 0.002664, 0.002603, 0.002584
217, 0.002662, 0.002602, 0.002582
218, 0.002663, 0.002602, 0.002582
219, 0.002656, 0.002600, 0.002580
220, 0.002655, 0.002598, 0.002578
221, 0.002655, 0.002596, 0.002577
222, 0.002654, 0.002595, 0.002575
223, 0.002650, 0.002594, 0.002574
224, 0.002649, 0.002594, 0.002573
225, 0.002644, 0.002593, 0.002572
226, 0.002641, 0.002591, 0.002571
227, 0.002641, 0.002589, 0.002569
228, 0.002643, 0.002587, 0.002567
229, 0.002636, 0.002588, 0.002566
230, 0.002634, 0.002587, 0.002565
231, 0.002634, 0.002584, 0.002563
232, 0.002630, 0.002583, 0.002562
233, 0.002629, 0.002582, 0.002560
234, 0.002627, 0.002582, 0.002560
235, 0.002628, 0.002579, 0.002557
236, 0.002625, 0.002577, 0.002555
237, 0.002626, 0.002575, 0.002554
238, 0.002622, 0.002575, 0.002553
239, 0.002617, 0.002575, 0.002552
240, 0.002620, 0.002573, 0.002550
241, 0.002613, 0.002569, 0.002547
242, 0.002613, 0.002567, 0.002545
243, 0.002612, 0.002565, 0.002542
244, 0.002607, 0.002565, 0.002541
245, 0.002605, 0.002565, 0.002541
246, 0.002605, 0.002563, 0.002540
247, 0.002600, 0.002561, 0.002538
248, 0.002598, 0.002558, 0.002534
249, 0.002601, 0.002556, 0.002532
250, 0.002595, 0.002554, 0.002531
251, 0.002594, 0.002554, 0.002531
252, 0.002592, 0.002554, 0.002530
253, 0.002591, 0.002551, 0.002527
254, 0.002595, 0.002549, 0.002525
255, 0.002585, 0.002547, 0.002523
256, 0.002586, 0.002546, 0.002522
257, 0.002584, 0.002545, 0.002521
258, 0.002578, 0.002545, 0.002520
259, 0.002582, 0.002543, 0.002518
260, 0.002577, 0.002539, 0.002514
261, 0.002573, 0.002536, 0.002511
262, 0.002571, 0.002535, 0.002511
263, 0.002570, 0.002535, 0.002509
264, 0.002570, 0.002534, 0.002508
265, 0.002565, 0.002531, 0.002506
266, 0.002565, 0.002527, 0.002502
267, 0.002562, 0.002525, 0.002499
268, 0.002562, 0.002524, 0.002498
269, 0.002557, 0.002525, 0.002499
270, 0.002556, 0.002523, 0.002497
271, 0.002557, 0.002521, 0.002494
272, 0.002555, 0.002518, 0.002492
273, 0.002551, 0.002516, 0.002489
274, 0.002550, 0.002513, 0.002486
275, 0.002544, 0.002513, 0.002486
276, 0.002541, 0.002513, 0.002487
277, 0.002543, 0.002510, 0.002483
278, 0.002540, 0.002509, 0.002481
279, 0.002540, 0.002506, 0.002479
280, 0.002535, 0.002504, 0.002477
281, 0.002537, 0.002501, 0.002474
282, 0.002536, 0.002500, 0.002473
283, 0.002534, 0.002500, 0.002472
284, 0.002533, 0.002501, 0.002473
285, 0.002529, 0.002497, 0.002470
286, 0.002528, 0.002494, 0.002467
287, 0.002527, 0.002490, 0.002462
288, 0.002519, 0.002489, 0.002462
289, 0.002522, 0.002490, 0.002462
290, 0.002522, 0.002487, 0.002459
291, 0.002519, 0.002487, 0.002459
292, 0.002513, 0.002489, 0.002461
293, 0.002516, 0.002485, 0.002457
294, 0.002516, 0.002480, 0.002452
295, 0.002512, 0.002480, 0.002452
296, 0.002507, 0.002482, 0.002454
297, 0.002510, 0.002480, 0.002452
298, 0.002508, 0.002476, 0.002447
299, 0.002503, 0.002473, 0.002445
300, 0.002504, 0.002475, 0.002446
301, 0.002506, 0.002473, 0.002444
302, 0.002501, 0.002471, 0.002442
303, 0.002500, 0.002472, 0.002443
304, 0.002503, 0.002472, 0.002443
305, 0.002500, 0.002468, 0.002438
306, 0.002497, 0.002464, 0.002435
307, 0.002494, 0.002467, 0.002438
308, 0.002495, 0.002465, 0.002436
309, 0.002493, 0.002462, 0.002433
310, 0.002489, 0.002462, 0.002433
311, 0.002491, 0.002464, 0.002435
312, 0.002489, 0.002461, 0.002432
313, 0.002488, 0.002460, 0.002432
314, 0.002487, 0.002459, 0.002431
315, 0.002485, 0.002459, 0.002430
316, 0.002485, 0.002457, 0.002428
317, 0.002481, 0.002454, 0.002425
318, 0.002484, 0.002454, 0.002425
319, 0.002482, 0.002455, 0.002426
320, 0.002482, 0.002454, 0.002425
321, 0.002482, 0.002451, 0.002422
322, 0.002479, 0.002454, 0.002424
323, 0.002481, 0.002456, 0.002426
324, 0.002480, 0.002451, 0.002422
325, 0.002477, 0.002449, 0.002419
326, 0.002475, 0.002448, 0.002418
327, 0.002475, 0.002447, 0.002417
328, 0.002471, 0.002447, 0.002417
329, 0.002475, 0.002448, 0.002418
330, 0.002474, 0.002446, 0.002417
331, 0.002470, 0.002448, 0.002418
332, 0.002472, 0.002446, 0.002416
333, 0.002469, 0.002446, 0.002416
334, 0.002468, 0.002443, 0.002414
335, 0.002465, 0.002442, 0.002413
336, 0.002466, 0.002447, 0.002417
337, 0.002467, 0.002444, 0.002414
338, 0.002468, 0.002438, 0.002409
339, 0.002466, 0.002440, 0.002411
340, 0.002465, 0.002443, 0.002414
341, 0.002463, 0.002439, 0.002410
342, 0.002460, 0.002439, 0.002410
343, 0.002463, 0.002444, 0.002414
344, 0.002459, 0.002437, 0.002407
345, 0.002458, 0.002433, 0.002403
346, 0.002459, 0.002438, 0.002408
347, 0.002458, 0.002439, 0.002409
348, 0.002457, 0.002434, 0.002405
349, 0.002461, 0.002435, 0.002406
350, 0.002457, 0.002437, 0.002407
351, 0.002456, 0.002432, 0.002403
352, 0.002457, 0.002431, 0.002402
353, 0.002455, 0.002433, 0.002404
354, 0.002454, 0.002431, 0.002402
355, 0.002455, 0.002429, 0.002400
356, 0.002453, 0.002432, 0.002402
357, 0.002453, 0.002429, 0.002400
358, 0.002450, 0.002428, 0.002398
359, 0.002449, 0.002429, 0.002399
360, 0.002451, 0.002434, 0.002404
361, 0.002451, 0.002426, 0.002397
362, 0.002451, 0.002424, 0.002395
363, 0.002450, 0.002428, 0.002398
364, 0.002445, 0.002426, 0.002396
365, 0.002448, 0.002422, 0.002393
366, 0.002449, 0.002424, 0.002394
367, 0.002445, 0.002426, 0.002396
368, 0.002444, 0.002422, 0.002392
369, 0.002445, 0.002422, 0.002392
370, 0.002444, 0.002425, 0.002394
371, 0.002446, 0.002422, 0.002392
372, 0.002447, 0.002420, 0.002390
373, 0.002444, 0.002422, 0.002392
374, 0.002442, 0.002420, 0.002390
375, 0.002441, 0.002419, 0.002390
376, 0.002440, 0.002422, 0.002392
377, 0.002441, 0.002419, 0.002389
378, 0.002442, 0.002419, 0.002388
379, 0.002443, 0.002420, 0.002389
380, 0.002438, 0.002417, 0.002387
381, 0.002436, 0.002418, 0.002388
382, 0.002437, 0.002418, 0.002388
383, 0.002437, 0.002416, 0.002386
384, 0.002442, 0.002416, 0.002386
385, 0.002437, 0.002418, 0.002388
386, 0.002435, 0.002415, 0.002385
387, 0.002436, 0.002414, 0.002384
388, 0.002435, 0.002413, 0.002383
389, 0.002434, 0.002417, 0.002386
390, 0.002435, 0.002414, 0.002384
391, 0.002435, 0.002412, 0.002382
392, 0.002434, 0.002417, 0.002386
393, 0.002434, 0.002411, 0.002381
394, 0.002432, 0.002411, 0.002381
395, 0.002428, 0.002413, 0.002383
396, 0.002431, 0.002415, 0.002385
397, 0.002429, 0.002410, 0.002380
398, 0.002430, 0.002412, 0.002382
399, 0.002431, 0.002412, 0.002381
400, 0.002432, 0.002406, 0.002377
401, 0.002428, 0.002409, 0.002378
402, 0.002425, 0.002415, 0.002384
403, 0.002429, 0.002409, 0.002379
404, 0.002429, 0.002407, 0.002378
405, 0.002427, 0.002410, 0.002380
406, 0.002426, 0.002408, 0.002378
407, 0.002426, 0.002404, 0.002374
408, 0.002425, 0.002408, 0.002377
409, 0.002427, 0.002407, 0.002376
410, 0.002423, 0.002407, 0.002376
411, 0.002423, 0.002405, 0.002375
412, 0.002423, 0.002408, 0.002376
413, 0.002425, 0.002404, 0.002373
414, 0.002422, 0.002404, 0.002374
415, 0.002420, 0.002406, 0.002375
416, 0.002426, 0.002404, 0.002374
417, 0.002419, 0.002405, 0.002374
418, 0.002419, 0.002401, 0.002371
419, 0.002422, 0.002405, 0.002375
420, 0.002417, 0.002407, 0.002376
421, 0.002418, 0.002401, 0.002371
422, 0.002422, 0.002401, 0.002371
423, 0.002419, 0.002411, 0.002379
424, 0.002421, 0.002400, 0.002370
425, 0.002421, 0.002399, 0.002369
426, 0.002421, 0.002417, 0.002384
427, 0.002419, 0.002400, 0.002370
428, 0.002420, 0.002398, 0.002369
429, 0.002422, 0.002409, 0.002377
430, 0.002422, 0.002401, 0.002370
431, 0.002415, 0.002397, 0.002369
432, 0.002419, 0.002402, 0.002370
433, 0.002417, 0.002408, 0.002376
434, 0.002419, 0.002398, 0.002368
435, 0.002417, 0.002404, 0.002373
436, 0.002412, 0.002411, 0.002379
437, 0.002416, 0.002397, 0.002368
438, 0.002417, 0.002397, 0.002366
439, 0.002412, 0.002404, 0.002372
440, 0.002415, 0.002395, 0.002365
441, 0.002413, 0.002395, 0.002365
442, 0.002416, 0.002403, 0.002372
443, 0.002416, 0.002397, 0.002367
444, 0.002413, 0.002397, 0.002368
445, 0.002409, 0.002400, 0.002369
446, 0.002412, 0.002397, 0.002366
447, 0.002412, 0.002394, 0.002364
448, 0.002412, 0.002401, 0.002369
449, 0.002411, 0.002398, 0.002367
450, 0.002409, 0.002394, 0.002364
451, 0.002410, 0.002396, 0.002366
452, 0.002410, 0.002397, 0.002366
453, 0.002406, 0.002392, 0.002362
454, 0.002412, 0.002395, 0.002363
455, 0.002409, 0.002400, 0.002368
456, 0.002409, 0.002394, 0.002363
457, 0.002405, 0.002394, 0.002363
458, 0.002407, 0.002395, 0.002364
459, 0.002411, 0.002398, 0.002367
460, 0.002408, 0.002392, 0.002362
461, 0.002408, 0.002392, 0.002362
462, 0.002405, 0.002395, 0.002364
463, 0.002408, 0.002391, 0.002361
464, 0.002405, 0.002394, 0.002363
465, 0.002405, 0.002397, 0.002365
466, 0.002405, 0.002389, 0.002360
467, 0.002408, 0.002393, 0.002362
468, 0.002404, 0.002401, 0.002369
469, 0.002408, 0.002389, 0.002360
470, 0.002409, 0.002392, 0.002361
471, 0.002401, 0.002399, 0.002367
472, 0.002409, 0.002389, 0.002359
473, 0.002404, 0.002390, 0.002359
474, 0.002402, 0.002395, 0.002363
475, 0.002407, 0.002389, 0.002359
476, 0.002406, 0.002390, 0.002359
477, 0.002399, 0.002397, 0.002365
478, 0.002402, 0.002388, 0.002358
479, 0.002405, 0.002388, 0.002358
480, 0.002401, 0.002392, 0.002361
481, 0.002402, 0.002387, 0.002357
482, 0.002400, 0.002389, 0.002359
483, 0.002400, 0.002390, 0.002359
484, 0.002399, 0.002391, 0.002360
485, 0.002399, 0.002387, 0.002356
486, 0.002404, 0.002393, 0.002360
487, 0.002401, 0.002388, 0.002357
488, 0.002400, 0.002387, 0.002356
489, 0.002400, 0.002393, 0.002360
490, 0.002401, 0.002390, 0.002358
491, 0.002397, 0.002385, 0.002354
492, 0.002399, 0.002388, 0.002357
493, 0.002397, 0.002390, 0.002358
494, 0.002399, 0.002385, 0.002355
495, 0.002398, 0.002391, 0.002359
496, 0.002398, 0.002392, 0.002360
497, 0.002400, 0.002384, 0.002354
498, 0.002399, 0.002388, 0.002357
499, 0.002397, 0.002390, 0.002359
500, 0.002397, 0.002382, 0.002353
501, 0.002395, 0.002389, 0.002358
502, 0.002396, 0.002388, 0.002357
503, 0.002397, 0.002382, 0.002353
504, 0.002395, 0.002384, 0.002354
505, 0.002394, 0.002392, 0.002360
506, 0.002398, 0.002381, 0.002351
507, 0.002399, 0.002388, 0.002356
508, 0.002394, 0.002393, 0.002361
509, 0.002397, 0.002382, 0.002354
510, 0.002395, 0.002386, 0.002355
511, 0.002394, 0.002396, 0.002363
512, 0.002399, 0.002380, 0.002350
513, 0.002398, 0.002388, 0.002356
514, 0.002395, 0.002388, 0.002356
515, 0.002395, 0.002380, 0.002351
516, 0.002394, 0.002386, 0.002354
517, 0.002389, 0.002391, 0.002359
518, 0.002395, 0.002380, 0.002350
519, 0.002394, 0.002389, 0.002356
520, 0.002393, 0.002386, 0.002354
521, 0.002392, 0.002379, 0.002349
522, 0.002392, 0.002388, 0.002355
523, 0.002392, 0.002386, 0.002353
524, 0.002393, 0.002378, 0.002348
525, 0.002390, 0.002386, 0.002354
526, 0.002391, 0.002385, 0.002353
527, 0.002390, 0.002379, 0.002349
528, 0.002391, 0.002387, 0.002355
529, 0.002388, 0.002378, 0.002348
530, 0.002387, 0.002378, 0.002348
531, 0.002387, 0.002392, 0.002360
532, 0.002391, 0.002378, 0.002348
533, 0.002390, 0.002380, 0.002350
534, 0.002387, 0.002385, 0.002354
535, 0.002387, 0.002382, 0.002351
536, 0.002388, 0.002379, 0.002348
537, 0.002388, 0.002382, 0.002351
538, 0.002392, 0.002382, 0.002350
539, 0.002389, 0.002377, 0.002347
540, 0.002387, 0.002384, 0.002351
541, 0.002386, 0.002381, 0.002349
542, 0.002385, 0.002375, 0.002344
543, 0.002389, 0.002381, 0.002349
544, 0.002388, 0.002380, 0.002349
545, 0.002384, 0.002375, 0.002345
546, 0.002384, 0.002379, 0.002348
547, 0.002386, 0.002376, 0.002346
548, 0.002381, 0.002378, 0.002347
549, 0.002384, 0.002380, 0.002349
550, 0.002382, 0.002378, 0.002347
551, 0.002384, 0.002377, 0.002346
552, 0.002380, 0.002373, 0.002343
553, 0.002384, 0.002382, 0.002350
554, 0.002382, 0.002373, 0.002343
555, 0.002386, 0.002379, 0.002347
556, 0.002380, 0.002375, 0.002344
557, 0.002381, 0.002374, 0.002343
558, 0.002383, 0.002377, 0.002346
559, 0.002378, 0.002375, 0.002345
560, 0.002381, 0.002374, 0.002344
561, 0.002382, 0.002377, 0.002346
562, 0.002379, 0.002374, 0.002344
563, 0.002381, 0.002375, 0.002345
564, 0.002382, 0.002370, 0.002340
565, 0.002382, 0.002375, 0.002344
566, 0.002379, 0.002376, 0.002345
567, 0.002378, 0.002371, 0.002341
568, 0.002379, 0.002376, 0.002345
569, 0.002381, 0.002374, 0.002342
570, 0.002376, 0.002368, 0.002338
571, 0.002377, 0.002373, 0.002341
572, 0.002376, 0.002372, 0.002340
573, 0.002374, 0.002372, 0.002341
574, 0.002375, 0.002375, 0.002343
575, 0.002377, 0.002368, 0.002338
576, 0.002378, 0.002374, 0.002343
577, 0.002379, 0.002375, 0.002344
578, 0.002375, 0.002366, 0.002337
579, 0.002380, 0.002375, 0.002344
580, 0.002376, 0.002370, 0.002340
581, 0.002376, 0.002366, 0.002336
582, 0.002375, 0.002371, 0.002341
583, 0.002376, 0.002373, 0.002342
584, 0.002375, 0.002368, 0.002337
585, 0.002374, 0.002369, 0.002338
586, 0.002373, 0.002373, 0.002342
587, 0.002376, 0.002363, 0.002333
588, 0.002376, 0.002374, 0.002342
589, 0.002374, 0.002365, 0.002335
590, 0.002373, 0.002365, 0.002335
591, 0.002372, 0.002374, 0.002343
592, 0.002372, 0.002367, 0.002337
593, 0.002369, 0.002363, 0.002334
594, 0.002370, 0.002373, 0.002342
595, 0.002370, 0.002361, 0.002332
596, 0.002374, 0.002368, 0.002337
597, 0.002369, 0.002370, 0.002339
598, 0.002371, 0.002360, 0.002331
599, 0.002369, 0.002365, 0.002335
600, 0.002368, 0.002373, 0.002341
601, 0.002373, 0.002356, 0.002329
602, 0.002373, 0.002370, 0.002339
603, 0.002372, 0.002367, 0.002336
604, 0.002369, 0.002359, 0.002330
605, 0.002368, 0.002383, 0.002350
606, 0.002372, 0.002360, 0.002330
607, 0.002365, 0.002356, 0.002327
608, 0.002366, 0.002380, 0.002347
609, 0.002370, 0.002357, 0.002328
610, 0.002370, 0.002360, 0.002330
611, 0.002365, 0.002377, 0.002344
612, 0.002369, 0.002354, 0.002325
613, 0.002371, 0.002370, 0.002338
614, 0.002365, 0.002361, 0.002330
615, 0.002363, 0.002354, 0.002325
616, 0.002364, 0.002368, 0.002336
617, 0.002369, 0.002358, 0.002327
618, 0.002361, 0.002353, 0.002323
619, 0.002363, 0.002366, 0.002335
620, 0.002362, 0.002353, 0.002323
621, 0.002361, 0.002354, 0.002324
622, 0.002360, 0.002360, 0.002329
623, 0.002363, 0.002355, 0.002325
624, 0.002363, 0.002356, 0.002326
625, 0.002361, 0.002357, 0.002327
626, 0.002360, 0.002357, 0.002326
627, 0.002355, 0.002351, 0.002321
628, 0.002358, 0.002353, 0.002323
629, 0.002360, 0.002360, 0.002328
630, 0.002357, 0.002354, 0.002323
631, 0.002357, 0.002349, 0.002319
632, 0.002356, 0.002361, 0.002330
633, 0.002361, 0.002347, 0.002317
634, 0.002356, 0.002352, 0.002321
635, 0.002355, 0.002353, 0.002322
636, 0.002356, 0.002342, 0.002314
637, 0.002357, 0.002353, 0.002322
638, 0.002355, 0.002355, 0.002324
639, 0.002355, 0.002343, 0.002315
640, 0.002353, 0.002358, 0.002328
641, 0.002353, 0.002346, 0.002316
642, 0.002351, 0.002341, 0.002312
643, 0.002355, 0.002360, 0.002328
644, 0.002354, 0.002338, 0.002310
645, 0.002356, 0.002349, 0.002319
646, 0.002351, 0.002351, 0.002321
647, 0.002349, 0.002339, 0.002311
648, 0.002352, 0.002349, 0.002318
649, 0.002347, 0.002344, 0.002314
650, 0.002350, 0.002338, 0.002308
651, 0.002348, 0.002342, 0.002311
652, 0.002349, 0.002344, 0.002313
653, 0.002344, 0.002338, 0.002308
654, 0.002344, 0.002342, 0.002312
655, 0.002346, 0.002336, 0.002307
656, 0.002345, 0.002341, 0.002310
657, 0.002342, 0.002337, 0.002307
658, 0.002344, 0.002337, 0.002307
659, 0.002344, 0.002345, 0.002313
660, 0.002343, 0.002330, 0.002301
661, 0.002343, 0.002337, 0.002307
662, 0.002341, 0.002333, 0.002303
663, 0.002340, 0.002334, 0.002304
664, 0.002342, 0.002334, 0.002304
665, 0.002342, 0.002334, 0.002304
666, 0.002339, 0.002332, 0.002303
667, 0.002341, 0.002333, 0.002302
668, 0.002335, 0.002329, 0.002299
669, 0.002333, 0.002331, 0.002301
670, 0.002336, 0.002328, 0.002298
671, 0.002335, 0.002333, 0.002302
672, 0.002334, 0.002324, 0.002295
673, 0.002333, 0.002334, 0.002303
674, 0.002338, 0.002321, 0.002291
675, 0.002333, 0.002323, 0.002294
676, 0.002333, 0.002329, 0.002299
677, 0.002331, 0.002320, 0.002291
678, 0.002332, 0.002335, 0.002304
679, 0.002333, 0.002319, 0.002291
680, 0.002331, 0.002324, 0.002295
681, 0.002330, 0.002323, 0.002293
682, 0.002332, 0.002314, 0.002285
683, 0.002329, 0.002321, 0.002291
684, 0.002328, 0.002313, 0.002284
685, 0.002325, 0.002322, 0.002291
686, 0.002327, 0.002324, 0.002293
687, 0.002322, 0.002308, 0.002281
688, 0.002326, 0.002327, 0.002296
689, 0.002326, 0.002313, 0.002284
690, 0.002322, 0.002304, 0.002277
691, 0.002323, 0.002329, 0.002298
692, 0.002327, 0.002302, 0.002275
693, 0.002323, 0.002319, 0.002288
694, 0.002318, 0.002307, 0.002279
695, 0.002319, 0.002301, 0.002272
696, 0.002314, 0.002317, 0.002286
697, 0.002321, 0.002297, 0.002269
698, 0.002315, 0.002317, 0.002286
699, 0.002316, 0.002303, 0.002273
700, 0.002313, 0.002299, 0.002270
701, 0.002314, 0.002309, 0.002278
702, 0.002310, 0.002292, 0.002264
703, 0.002310, 0.002310, 0.002279
704, 0.002311, 0.002294, 0.002265
705, 0.002307, 0.002292, 0.002263
706, 0.002310, 0.002306, 0.002275
707, 0.002308, 0.002285, 0.002258
708, 0.002305, 0.002298, 0.002267
709, 0.002303, 0.002293, 0.002263
710, 0.002301, 0.002280, 0.002253
711, 0.002304, 0.002312, 0.002280
712, 0.002308, 0.002279, 0.002252
713, 0.002299, 0.002286, 0.002257
714, 0.002298, 0.002288, 0.002258
715, 0.002293, 0.002277, 0.002249
716, 0.002293, 0.002282, 0.002252
717, 0.002291, 0.002283, 0.002253
718, 0.002293, 0.002272, 0.002244
719, 0.002294, 0.002281, 0.002251
720, 0.002289, 0.002278, 0.002248
721, 0.002290, 0.002269, 0.002241
722, 0.002285, 0.002273, 0.002244
723, 0.002283, 0.002269, 0.002240
724, 0.002287, 0.002264, 0.002235
725, 0.002282, 0.002263, 0.002235
726, 0.002281, 0.002273, 0.002244
727, 0.002280, 0.002256, 0.002230
728, 0.002280, 0.002269, 0.002239
729, 0.002278, 0.002258, 0.002229
730, 0.002279, 0.002253, 0.002225
731, 0.002272, 0.002265, 0.002234
732, 0.002277, 0.002249, 0.002220
733, 0.002273, 0.002256, 0.002226
734, 0.002268, 0.002256, 0.002226
735, 0.002267, 0.002242, 0.002214
736, 0.002270, 0.002259, 0.002228
737, 0.002269, 0.002238, 0.002210
738, 0.002263, 0.002240, 0.002212
739, 0.002258, 0.002249, 0.002220
740, 0.002261, 0.002232, 0.002205
741, 0.002260, 0.002245, 0.002216
742, 0.002259, 0.002230, 0.002202
743, 0.002255, 0.002229, 0.002201
744, 0.002254, 0.002239, 0.002209
745, 0.002255, 0.002219, 0.002193
746, 0.002253, 0.002241, 0.002210
747, 0.002252, 0.002219, 0.002191
748, 0.002245, 0.002218, 0.002189
749, 0.002243, 0.002224, 0.002194
750, 0.002240, 0.002211, 0.002183
751, 0.002238, 0.002215, 0.002185
752, 0.002236, 0.002216, 0.002186
753, 0.002235, 0.002203, 0.002175
754, 0.002234, 0.002213, 0.002183
755, 0.002230, 0.002204, 0.002175
756, 0.002228, 0.002197, 0.002169
757, 0.002227, 0.002208, 0.002179
758, 0.002232, 0.002189, 0.002163
759, 0.002225, 0.002205, 0.002176
760, 0.002224, 0.002185, 0.002157
761, 0.002218, 0.002192, 0.002162
762, 0.002216, 0.002191, 0.002160
763, 0.002214, 0.002174, 0.002148
764, 0.002218, 0.002212, 0.002180
765, 0.002221, 0.002167, 0.002141
766, 0.002211, 0.002170, 0.002142
767, 0.002206, 0.002192, 0.002162
768, 0.002207, 0.002159, 0.002133
769, 0.002207, 0.002185, 0.002155
770, 0.002202, 0.002154, 0.002128
771, 0.002193, 0.002162, 0.002134
772, 0.002189, 0.002159, 0.002130
773, 0.002187, 0.002146, 0.002118
774, 0.002187, 0.002154, 0.002124
775, 0.002183, 0.002141, 0.002112
776, 0.002181, 0.002142, 0.002113
777, 0.002178, 0.002134, 0.002106
778, 0.002171, 0.002140, 0.002110
779, 0.002173, 0.002128, 0.002100
780, 0.002167, 0.002129, 0.002100
781, 0.002167, 0.002123, 0.002095
782, 0.002163, 0.002120, 0.002092
783, 0.002159, 0.002118, 0.002089
784, 0.002153, 0.002111, 0.002083
785, 0.002152, 0.002110, 0.002082
786, 0.002148, 0.002100, 0.002072
787, 0.002142, 0.002101, 0.002072
788, 0.002138, 0.002104, 0.002074
789, 0.002140, 0.002087, 0.002059
790, 0.002138, 0.002089, 0.002061
791, 0.002134, 0.002093, 0.002063
792, 0.002130, 0.002075, 0.002049
793, 0.002134, 0.002119, 0.002088
794, 0.002138, 0.002066, 0.002041
795, 0.002128, 0.002079, 0.002049
796, 0.002119, 0.002065, 0.002037
797, 0.002108, 0.002054, 0.002027
798, 0.002106, 0.002061, 0.002032
799, 0.002103, 0.002046, 0.002019
800, 0.002099, 0.002048, 0.002020
801, 0.002097, 0.002036, 0.002009
802, 0.002093, 0.002040, 0.002011
803, 0.002085, 0.002027, 0.002000
804, 0.002082, 0.002022, 0.001995
805, 0.002079, 0.002030, 0.002001
806, 0.002074, 0.002015, 0.001987
807, 0.002072, 0.002020, 0.001991
808, 0.002068, 0.002002, 0.001974
809, 0.002061, 0.002007, 0.001978
810, 0.002058, 0.001993, 0.001965
811, 0.002052, 0.001993, 0.001966
812, 0.002051, 0.001990, 0.001962
813, 0.002043, 0.001976, 0.001950
814, 0.002044, 0.001995, 0.001965
815, 0.002042, 0.001964, 0.001939
816, 0.002042, 0.001986, 0.001957
817, 0.002034, 0.001953, 0.001927
818, 0.002024, 0.001956, 0.001929
819, 0.002014, 0.001950, 0.001922
820, 0.002013, 0.001936, 0.001910
821, 0.002005, 0.001954, 0.001924
822, 0.002005, 0.001926, 0.001901
823, 0.002005, 0.001949, 0.001918
824, 0.001997, 0.001913, 0.001887
825, 0.001987, 0.001912, 0.001885
826, 0.001979, 0.001920, 0.001890
827, 0.001978, 0.001896, 0.001870
828, 0.001981, 0.001935, 0.001905
829, 0.001981, 0.001892, 0.001870
830, 0.001977, 0.001908, 0.001878
831, 0.001963, 0.001873, 0.001846
832, 0.001951, 0.001868, 0.001843
833, 0.001952, 0.001905, 0.001875
834, 0.001960, 0.001859, 0.001835
835, 0.001956, 0.001892, 0.001861
836, 0.001946, 0.001839, 0.001815
837, 0.001932, 0.001845, 0.001817
838, 0.001915, 0.001836, 0.001808
839, 0.001909, 0.001819, 0.001794
840, 0.001908, 0.001843, 0.001813
841, 0.001908, 0.001803, 0.001779
842, 0.001902, 0.001819, 0.001791
843, 0.001893, 0.001792, 0.001766
844, 0.001882, 0.001790, 0.001763
845, 0.001873, 0.001787, 0.001760
846, 0.001868, 0.001771, 0.001744
847, 0.001864, 0.001763, 0.001737
848, 0.001855, 0.001763, 0.001737
849, 0.001848, 0.001754, 0.001727
850, 0.001841, 0.001743, 0.001717
851, 0.001832, 0.001738, 0.001713
852, 0.001830, 0.001731, 0.001704
853, 0.001822, 0.001721, 0.001694
854, 0.001816, 0.001720, 0.001693
855, 0.001809, 0.001705, 0.001679
856, 0.001805, 0.001699, 0.001672
857, 0.001794, 0.001695, 0.001668
858, 0.001787, 0.001681, 0.001656
859, 0.001786, 0.001681, 0.001654
860, 0.001780, 0.001666, 0.001641
861, 0.001768, 0.001665, 0.001639
862, 0.001764, 0.001650, 0.001625
863, 0.001756, 0.001643, 0.001617
864, 0.001749, 0.001637, 0.001612
865, 0.001742, 0.001627, 0.001601
866, 0.001734, 0.001623, 0.001597
867, 0.001726, 0.001616, 0.001589
868, 0.001722, 0.001603, 0.001578
869, 0.001714, 0.001597, 0.001571
870, 0.001709, 0.001588, 0.001564
871, 0.001699, 0.001581, 0.001556
872, 0.001692, 0.001573, 0.001546
873, 0.001686, 0.001559, 0.001534
874, 0.001681, 0.001570, 0.001545
875, 0.001674, 0.001544, 0.001521
876, 0.001671, 0.001567, 0.001539
877, 0.001663, 0.001527, 0.001506
878, 0.001656, 0.001529, 0.001503
879, 0.001642, 0.001515, 0.001488
880, 0.001635, 0.001502, 0.001480
881, 0.001629, 0.001516, 0.001489
882, 0.001623, 0.001484, 0.001461
883, 0.001622, 0.001498, 0.001472
884, 0.001606, 0.001468, 0.001446
885, 0.001598, 0.001460, 0.001435
886, 0.001591, 0.001466, 0.001440
887, 0.001583, 0.001440, 0.001419
888, 0.001579, 0.001464, 0.001436
889, 0.001573, 0.001429, 0.001409
890, 0.001568, 0.001447, 0.001421
891, 0.001558, 0.001404, 0.001383
892, 0.001545, 0.001411, 0.001387
893, 0.001535, 0.001392, 0.001370
894, 0.001529, 0.001382, 0.001361
895, 0.001520, 0.001396, 0.001370
896, 0.001521, 0.001364, 0.001347
897, 0.001517, 0.001401, 0.001375
898, 0.001509, 0.001350, 0.001332
899, 0.001503, 0.001376, 0.001351
900, 0.001495, 0.001335, 0.001316
901, 0.001479, 0.001332, 0.001307
902, 0.001466, 0.001313, 0.001293
903, 0.001452, 0.001303, 0.001282
904, 0.001444, 0.001302, 0.001278
905, 0.001442, 0.001290, 0.001270
906, 0.001439, 0.001296, 0.001272
907, 0.001427, 0.001264, 0.001244
908, 0.001422, 0.001280, 0.001257
909, 0.001411, 0.001250, 0.001230
910, 0.001404, 0.001252, 0.001230
911, 0.001390, 0.001248, 0.001226
912, 0.001384, 0.001223, 0.001207
913, 0.001385, 0.001265, 0.001241
914, 0.001389, 0.001221, 0.001207
915, 0.001390, 0.001283, 0.001258
916, 0.001393, 0.001205, 0.001192
917, 0.001376, 0.001229, 0.001205
918, 0.001357, 0.001172, 0.001154
919, 0.001333, 0.001177, 0.001157
920, 0.001317, 0.001164, 0.001143
921, 0.001314, 0.001148, 0.001131
922, 0.001309, 0.001186, 0.001166
923, 0.001314, 0.001138, 0.001121
924, 0.001310, 0.001165, 0.001145
925, 0.001294, 0.001119, 0.001101
926, 0.001273, 0.001109, 0.001091
927, 0.001263, 0.001130, 0.001109
928, 0.001262, 0.001091, 0.001075
929, 0.001258, 0.001104, 0.001081
930, 0.001242, 0.001078, 0.001061
931, 0.001230, 0.001069, 0.001051
932, 0.001224, 0.001075, 0.001054
933, 0.001214, 0.001050, 0.001033
934, 0.001209, 0.001053, 0.001034
935, 0.001198, 0.001041, 0.001022
936, 0.001192, 0.001028, 0.001011
937, 0.001187, 0.001053, 0.001032
938, 0.001185, 0.001010, 0.000995
939, 0.001183, 0.001044, 0.001024
940, 0.001172, 0.000995, 0.000980
941, 0.001160, 0.000989, 0.000971
942, 0.001144, 0.001005, 0.000985
943, 0.001146, 0.000976, 0.000961
944, 0.001149, 0.001016, 0.000992
945, 0.001139, 0.000955, 0.000941
946, 0.001120, 0.000951, 0.000931
947, 0.001110, 0.000968, 0.000951
948, 0.001110, 0.000939, 0.000924
949, 0.001113, 0.000987, 0.000965
950, 0.001116, 0.000926, 0.000914
951, 0.001099, 0.000935, 0.000911
952, 0.001080, 0.000915, 0.000900
953, 0.001071, 0.000898, 0.000878
954, 0.001070, 0.000943, 0.000926
955, 0.001074, 0.000889, 0.000868
956, 0.001067, 0.000914, 0.000897
957, 0.001049, 0.000883, 0.000857
958, 0.001042, 0.000891, 0.000880
959, 0.001050, 0.000925, 0.000899
960, 0.001061, 0.000879, 0.000868
961, 0.001043, 0.000861, 0.000836
962, 0.001020, 0.000872, 0.000859
963, 0.001012, 0.000837, 0.000816
964, 0.001019, 0.000863, 0.000845
965, 0.001007, 0.000804, 0.000787
966, 0.000974, 0.000801, 0.000780
967, 0.000967, 0.000834, 0.000820
968, 0.000975, 0.000799, 0.000779
969, 0.000968, 0.000807, 0.000793
970, 0.000954, 0.000786, 0.000765
971, 0.000946, 0.000796, 0.000785
972, 0.000948, 0.000826, 0.000803
973, 0.000985, 0.000883, 0.000873
974, 0.001021, 0.000890, 0.000862
975, 0.001065, 0.000950, 0.000938
976, 0.001056, 0.000754, 0.000735
977, 0.000957, 0.000738, 0.000721
978, 0.000918, 0.000818, 0.000803
979, 0.000966, 0.000734, 0.000719
980, 0.000938, 0.000704, 0.000689
981, 0.000892, 0.000785, 0.000774
982, 0.000943, 0.000760, 0.000741
983, 0.000948, 0.000689, 0.000678
984, 0.000871, 0.000746, 0.000735
985, 0.000903, 0.000758, 0.000739
986, 0.000940, 0.000694, 0.000687
987, 0.000877, 0.000723, 0.000706
988, 0.000871, 0.000678, 0.000664
989, 0.000871, 0.000668, 0.000657
990, 0.000844, 0.000690, 0.000674
991, 0.000846, 0.000661, 0.000650
992, 0.000853, 0.000672, 0.000657
993, 0.000839, 0.000655, 0.000643
994, 0.000822, 0.000634, 0.000624
995, 0.000819, 0.000666, 0.000649
996, 0.000831, 0.000643, 0.000634
997, 0.000820, 0.000616, 0.000603
998, 0.000805, 0.000635, 0.000618
999, 0.000803, 0.000621, 0.000614
1000, 0.000806, 0.000616, 0.000599
1001, 0.000794, 0.000600, 0.000589
1002, 0.000780, 0.000591, 0.000581
1003, 0.000778, 0.000603, 0.000587
1004, 0.000785, 0.000590, 0.000582
1005, 0.000778, 0.000581, 0.000568
1006, 0.000765, 0.000578, 0.000566
1007, 0.000761, 0.000573, 0.000565
1008, 0.000763, 0.000585, 0.000569
1009, 0.000764, 0.000571, 0.000565
1010, 0.000757, 0.000567, 0.000554
1011, 0.000752, 0.000570, 0.000560
1012, 0.000750, 0.000552, 0.000544
1013, 0.000740, 0.000552, 0.000539
1014, 0.000741, 0.000553, 0.000546
1015, 0.000738, 0.000545, 0.000535
1016, 0.000733, 0.000539, 0.000531
1017, 0.000725, 0.000531, 0.000520
1018, 0.000719, 0.000522, 0.000514
1019, 0.000720, 0.000536, 0.000527
1020, 0.000720, 0.000519, 0.000507
1021, 0.000717, 0.000516, 0.000509
1022, 0.000712, 0.000519, 0.000507
1023, 0.000705, 0.000504, 0.000496
1024, 0.000703, 0.000507, 0.000498
1025, 0.000704, 0.000511, 0.000498
1026, 0.000699, 0.000493, 0.000486
1027, 0.000696, 0.000506, 0.000496
1028, 0.000693, 0.000487, 0.000479
1029, 0.000686, 0.000485, 0.000476
1030, 0.000685, 0.000501, 0.000493
1031, 0.000687, 0.000479, 0.000470
1032, 0.000680, 0.000481, 0.000472
1033, 0.000678, 0.000485, 0.000477
1034, 0.000677, 0.000475, 0.000464
1035, 0.000675, 0.000471, 0.000464
1036, 0.000671, 0.000480, 0.000470
1037, 0.000669, 0.000458, 0.000450
1038, 0.000666, 0.000466, 0.000459
1039, 0.000666, 0.000474, 0.000464
1040, 0.000665, 0.000451, 0.000445
1041, 0.000656, 0.000462, 0.000455
1042, 0.000657, 0.000456, 0.000447
1043, 0.000657, 0.000445, 0.000439
1044, 0.000655, 0.000467, 0.000458
1045, 0.000652, 0.000440, 0.000433
1046, 0.000648, 0.000441, 0.000433
1047, 0.000644, 0.000445, 0.000437
1048, 0.000643, 0.000438, 0.000430
1049, 0.000639, 0.000436, 0.000429
1050, 0.000640, 0.000434, 0.000425
1051, 0.000640, 0.000432, 0.000425
1052, 0.000633, 0.000427, 0.000421
1053, 0.000633, 0.000434, 0.000425
1054, 0.000633, 0.000430, 0.000425
1055, 0.000635, 0.000430, 0.000421
1056, 0.000629, 0.000419, 0.000413
1057, 0.000628, 0.000422, 0.000414
1058, 0.000625, 0.000416, 0.000408
1059, 0.000621, 0.000420, 0.000414
1060, 0.000621, 0.000425, 0.000416
1061, 0.000624, 0.000407, 0.000403
1062, 0.000627, 0.000432, 0.000423
1063, 0.000620, 0.000402, 0.000395
1064, 0.000614, 0.000400, 0.000393
1065, 0.000611, 0.000431, 0.000421
1066, 0.000621, 0.000396, 0.000391
1067, 0.000623, 0.000425, 0.000416
1068, 0.000613, 0.000400, 0.000394
1069, 0.000606, 0.000391, 0.000385
1070, 0.000608, 0.000427, 0.000419
1071, 0.000611, 0.000392, 0.000389
1072, 0.000614, 0.000409, 0.000401
1073, 0.000608, 0.000401, 0.000396
1074, 0.000601, 0.000383, 0.000377
1075, 0.000601, 0.000396, 0.000387
1076, 0.000598, 0.000389, 0.000384
1077, 0.000595, 0.000389, 0.000380
1078, 0.000594, 0.000382, 0.000375
1079, 0.000593, 0.000394, 0.000388
1080, 0.000593, 0.000380, 0.000373
1081, 0.000595, 0.000384, 0.000381
1082, 0.000591, 0.000387, 0.000381
1083, 0.000588, 0.000370, 0.000363
1084, 0.000590, 0.000383, 0.000378
1085, 0.000587, 0.000376, 0.000368
1086, 0.000583, 0.000364, 0.000358
1087, 0.000586, 0.000394, 0.000387
1088, 0.000592, 0.000363, 0.000356
1089, 0.000585, 0.000377, 0.000370
1090, 0.000578, 0.000381, 0.000376
1091, 0.000581, 0.000361, 0.000354
1092, 0.000581, 0.000376, 0.000369
1093, 0.000580, 0.000369, 0.000366
1094, 0.000578, 0.000373, 0.000365
1095, 0.000578, 0.000359, 0.000354
1096, 0.000574, 0.000361, 0.000356
1097, 0.000570, 0.000370, 0.000362
1098, 0.000574, 0.000359, 0.000356
1099, 0.000577, 0.000372, 0.000365
1100, 0.000571, 0.000358, 0.000352
1101, 0.000571, 0.000352, 0.000349
1102, 0.000569, 0.000376, 0.000370
1103, 0.000573, 0.000348, 0.000344
1104, 0.000577, 0.000381, 0.000374
1105, 0.000577, 0.000348, 0.000344
1106, 0.000566, 0.000360, 0.000353
1107, 0.000566, 0.000356, 0.000351
1108, 0.000566, 0.000348, 0.000344
1109, 0.000561, 0.000352, 0.000345
1110, 0.000561, 0.000353, 0.000350
1111, 0.000561, 0.000353, 0.000348
1112, 0.000559, 0.000342, 0.000336
1113, 0.000557, 0.000350, 0.000346
1114, 0.000558, 0.000351, 0.000346
1115, 0.000556, 0.000337, 0.000332
1116, 0.000555, 0.000359, 0.000353
1117, 0.000557, 0.000335, 0.000329
1118, 0.000555, 0.000346, 0.000339
1119, 0.000554, 0.000344, 0.000341
1120, 0.000554, 0.000342, 0.000335
1121, 0.000553, 0.000332, 0.000328
1122, 0.000553, 0.000343, 0.000338
1123, 0.000552, 0.000339, 0.000334
1124, 0.000548, 0.000333, 0.000331
1125, 0.000552, 0.000354, 0.000347
1126, 0.000552, 0.000327, 0.000324
1127, 0.000550, 0.000349, 0.000343
1128, 0.000545, 0.000330, 0.000323
1129, 0.000549, 0.000331, 0.000327
1130, 0.000545, 0.000349, 0.000343
1131, 0.000545, 0.000324, 0.000320
1132, 0.000550, 0.000357, 0.000352
1133, 0.000547, 0.000322, 0.000319
1134, 0.000544, 0.000331, 0.000325
1135, 0.000543, 0.000339, 0.000335
1136, 0.000540, 0.000321, 0.000316
1137, 0.000541, 0.000333, 0.000327
1138, 0.000541, 0.000343, 0.000340
1139, 0.000546, 0.000321, 0.000315
1140, 0.000541, 0.000337, 0.000332
1141, 0.000540, 0.000322, 0.000319
1142, 0.000541, 0.000322, 0.000316
1143, 0.000538, 0.000341, 0.000337
1144, 0.000539, 0.000317, 0.000315
1145, 0.000541, 0.000342, 0.000335
1146, 0.000544, 0.000331, 0.000330
1147, 0.000545, 0.000330, 0.000324
1148, 0.000537, 0.000317, 0.000312
1149, 0.000535, 0.000332, 0.000329
1150, 0.000535, 0.000320, 0.000315
1151, 0.000532, 0.000323, 0.000317
1152, 0.000534, 0.000331, 0.000328
1153, 0.000539, 0.000334, 0.000326
1154, 0.000536, 0.000312, 0.000307
1155, 0.000533, 0.000332, 0.000327
1156, 0.000533, 0.000318, 0.000312
1157, 0.000531, 0.000310, 0.000307
1158, 0.000531, 0.000339, 0.000335
1159, 0.000532, 0.000308, 0.000303
1160, 0.000531, 0.000326, 0.000321
1161, 0.000529, 0.000320, 0.000317
1162, 0.000528, 0.000307, 0.000302
1163, 0.000531, 0.000339, 0.000334
1164, 0.000532, 0.000310, 0.000308
1165, 0.000532, 0.000320, 0.000314
1166, 0.000532, 0.000325, 0.000322
1167, 0.000524, 0.000309, 0.000306
1168, 0.000532, 0.000338, 0.000330
1169, 0.000534, 0.000309, 0.000308
1170, 0.000532, 0.000332, 0.000327
1171, 0.000527, 0.000310, 0.000305
1172, 0.000525, 0.000307, 0.000304
1173, 0.000524, 0.000345, 0.000339
1174, 0.000531, 0.000303, 0.000300
1175, 0.000539, 0.000354, 0.000348
1176, 0.000533, 0.000303, 0.000299
1177, 0.000524, 0.000310, 0.000306
1178, 0.000521, 0.000333, 0.000328
1179, 0.000525, 0.000302, 0.000298
1180, 0.000526, 0.000331, 0.000324
1181, 0.000527, 0.000304, 0.000301
1182, 0.000524, 0.000315, 0.000310
1183, 0.000524, 0.000314, 0.000310
1184, 0.000522, 0.000301, 0.000298
1185, 0.000524, 0.000324, 0.000319
1186, 0.000524, 0.000305, 0.000303
1187, 0.000520, 0.000309, 0.000306
1188, 0.000517, 0.000317, 0.000312
1189, 0.000521, 0.000308, 0.000306
1190, 0.000519, 0.000309, 0.000304
1191, 0.000518, 0.000304, 0.000300
1192, 0.000517, 0.000319, 0.000316
1193, 0.000519, 0.000304, 0.000300
1194, 0.000518, 0.000303, 0.000299
1195, 0.000514, 0.000316, 0.000313
1196, 0.000516, 0.000305, 0.000300
1197, 0.000517, 0.000307, 0.000303
1198, 0.000515, 0.000309, 0.000306
1199, 0.000514, 0.000305, 0.000300
1200, 0.000512, 0.000309, 0.000307
1201, 0.000517, 0.000309, 0.000305
1202, 0.000513, 0.000297, 0.000293
1203, 0.000513, 0.000324, 0.000320
1204, 0.000519, 0.000294, 0.000291
1205, 0.000519, 0.000316, 0.000312
1206, 0.000513, 0.000300, 0.000297
1207, 0.000511, 0.000302, 0.000298
1208, 0.000511, 0.000308, 0.000304
1209, 0.000511, 0.000299, 0.000296
1210, 0.000513, 0.000305, 0.000301
1211, 0.000511, 0.000300, 0.000297
1212, 0.000508, 0.000299, 0.000296
1213, 0.000511, 0.000310, 0.000306
1214, 0.000512, 0.000296, 0.000294
1215, 0.000512, 0.000322, 0.000318
1216, 0.000515, 0.000299, 0.000295
1217, 0.000512, 0.000313, 0.000309
1218, 0.000512, 0.000298, 0.000294
1219, 0.000511, 0.000305, 0.000301
1220, 0.000513, 0.000316, 0.000313
1221, 0.000510, 0.000297, 0.000292
1222, 0.000511, 0.000309, 0.000304
1223, 0.000512, 0.000304, 0.000301
1224, 0.000511, 0.000301, 0.000296
1225, 0.000508, 0.000300, 0.000297
1226, 0.000508, 0.000303, 0.000300
1227, 0.000507, 0.000295, 0.000292
1228, 0.000508, 0.000311, 0.000308
1229, 0.000510, 0.000299, 0.000295
1230, 0.000509, 0.000294, 0.000289
1231, 0.000507, 0.000315, 0.000312
1232, 0.000507, 0.000291, 0.000288
1233, 0.000507, 0.000310, 0.000305
1234, 0.000508, 0.000300, 0.000298
1235, 0.000509, 0.000300, 0.000295
1236, 0.000505, 0.000300, 0.000296
1237, 0.000506, 0.000303, 0.000301
1238, 0.000507, 0.000309, 0.000301
1239, 0.000510, 0.000293, 0.000291
1240, 0.000509, 0.000329, 0.000325
1241, 0.000513, 0.000284, 0.000281
1242, 0.000516, 0.000341, 0.000338
1243, 0.000520, 0.000287, 0.000284
1244, 0.000511, 0.000303, 0.000299
1245, 0.000505, 0.000304, 0.000301
1246, 0.000505, 0.000296, 0.000291
1247, 0.000506, 0.000303, 0.000298
1248, 0.000502, 0.000295, 0.000292
1249, 0.000506, 0.000311, 0.000305
1250, 0.000508, 0.000290, 0.000287
1251, 0.000506, 0.000312, 0.000307
1252, 0.000505, 0.000288, 0.000284
1253, 0.000504, 0.000306, 0.000303
1254, 0.000504, 0.000295, 0.000291
1255, 0.000502, 0.000291, 0.000288
1256, 0.000504, 0.000307, 0.000304
1257, 0.000501, 0.000287, 0.000283
1258, 0.000502, 0.000301, 0.000297
1259, 0.000499, 0.000303, 0.000299
1260, 0.000500, 0.000284, 0.000281
1261, 0.000502, 0.000313, 0.000308
1262, 0.000503, 0.000291, 0.000289
1263, 0.000502, 0.000298, 0.000294
1264, 0.000500, 0.000303, 0.000299
1265, 0.000501, 0.000291, 0.000289
1266, 0.000501, 0.000309, 0.000304
1267, 0.000503, 0.000290, 0.000286
1268, 0.000501, 0.000306, 0.000303
1269, 0.000504, 0.000291, 0.000288
1270, 0.000499, 0.000295, 0.000290
1271, 0.000498, 0.000303, 0.000300
1272, 0.000500, 0.000285, 0.000281
1273, 0.000499, 0.000311, 0.000307
1274, 0.000499, 0.000288, 0.000287
1275, 0.000500, 0.000308, 0.000304
1276, 0.000502, 0.000291, 0.000289
1277, 0.000503, 0.000302, 0.000299
1278, 0.000501, 0.000291, 0.000287
1279, 0.000500, 0.000294, 0.000292
1280, 0.000498, 0.000305, 0.000301
1281, 0.000498, 0.000283, 0.000280
1282, 0.000500, 0.000309, 0.000305
1283, 0.000500, 0.000286, 0.000282
1284, 0.000496, 0.000289, 0.000286
1285, 0.000497, 0.000301, 0.000298
1286, 0.000497, 0.000281, 0.000278
1287, 0.000496, 0.000310, 0.000305
1288, 0.000500, 0.000288, 0.000286
1289, 0.000502, 0.000302, 0.000296
1290, 0.000498, 0.000288, 0.000285
1291, 0.000496, 0.000298, 0.000295
1292, 0.000495, 0.000296, 0.000292
1293, 0.000498, 0.000281, 0.000278
1294, 0.000499, 0.000314, 0.000310
1295, 0.000499, 0.000278, 0.000275
1296, 0.000499, 0.000318, 0.000313
1297, 0.000499, 0.000289, 0.000285
1298, 0.000496, 0.000293, 0.000288
1299, 0.000495, 0.000300, 0.000296
1300, 0.000495, 0.000288, 0.000283
1301, 0.000491, 0.000294, 0.000289
1302, 0.000494, 0.000297, 0.000293
1303, 0.000493, 0.000282, 0.000279
1304, 0.000496, 0.000299, 0.000294
1305, 0.000494, 0.000287, 0.000284
1306, 0.000495, 0.000296, 0.000292
1307, 0.000492, 0.000289, 0.000285
1308, 0.000493, 0.000288, 0.000286
1309, 0.000493, 0.000300, 0.000296
1310, 0.000493, 0.000287, 0.000283
1311, 0.000495, 0.000294, 0.000291
1312, 0.000491, 0.000288, 0.000284
1313, 0.000491, 0.000292, 0.000288
1314, 0.000493, 0.000298, 0.000294
1315, 0.000493, 0.000285, 0.000281
1316, 0.000489, 0.000302, 0.000297
1317, 0.000494, 0.000282, 0.000279
1318, 0.000494, 0.000308, 0.000304
1319, 0.000496, 0.000281, 0.000280
1320, 0.000500, 0.000325, 0.000321
1321, 0.000499, 0.000279, 0.000278
1322, 0.000500, 0.000322, 0.000317
1323, 0.000497, 0.000277, 0.000275
1324, 0.000491, 0.000296, 0.000292
1325, 0.000490, 0.000290, 0.000287
1326, 0.000491, 0.000288, 0.000284
1327, 0.000488, 0.000289, 0.000286
1328, 0.000492, 0.000290, 0.000287
1329, 0.000489, 0.000294, 0.000290
1330, 0.000489, 0.000286, 0.000283
1331, 0.000488, 0.000300, 0.000296
1332, 0.000492, 0.000282, 0.000279
1333, 0.000488, 0.000302, 0.000297
1334, 0.000489, 0.000282, 0.000279
1335, 0.000489, 0.000298, 0.000293
1336, 0.000488, 0.000284, 0.000281
1337, 0.000489, 0.000293, 0.000290
1338, 0.000491, 0.000286, 0.000282
1339, 0.000487, 0.000290, 0.000286
1340, 0.000488, 0.000291, 0.000287
1341, 0.000488, 0.000281, 0.000276
1342, 0.000492, 0.000302, 0.000297
1343, 0.000488, 0.000283, 0.000280
1344, 0.000489, 0.000293, 0.000288
1345, 0.000488, 0.000284, 0.000281
1346, 0.000487, 0.000293, 0.000290
1347, 0.000488, 0.000283, 0.000278
1348, 0.000487, 0.000295, 0.000292
1349, 0.000488, 0.000284, 0.000280
1350, 0.000487, 0.000293, 0.000288
1351, 0.000486, 0.000288, 0.000285
1352, 0.000486, 0.000286, 0.000283
1353, 0.000487, 0.000301, 0.000296
1354, 0.000490, 0.000277, 0.000275
1355, 0.000491, 0.000326, 0.000321
1356, 0.000496, 0.000273, 0.000271
1357, 0.000496, 0.000324, 0.000321
1358, 0.000495, 0.000272, 0.000269
1359, 0.000490, 0.000305, 0.000302
1360, 0.000487, 0.000283, 0.000281
1361, 0.000486, 0.000276, 0.000272
1362, 0.000487, 0.000316, 0.000312
1363, 0.000491, 0.000270, 0.000268
1364, 0.000495, 0.000331, 0.000325
1365, 0.000499, 0.000274, 0.000273
1366, 0.000497, 0.000321, 0.000315
1367, 0.000495, 0.000272, 0.000270
1368, 0.000490, 0.000298, 0.000296
1369, 0.000488, 0.000287, 0.000283
1370, 0.000486, 0.000276, 0.000273
1371, 0.000483, 0.000306, 0.000301
1372, 0.000487, 0.000276, 0.000272
1373, 0.000485, 0.000295, 0.000289
1374, 0.000485, 0.000285, 0.000280
1375, 0.000484, 0.000283, 0.000278
1376, 0.000483, 0.000291, 0.000286
1377, 0.000483, 0.000276, 0.000273
1378, 0.000485, 0.000296, 0.000292
1379, 0.000485, 0.000278, 0.000275
1380, 0.000483, 0.000281, 0.000277
1381, 0.000481, 0.000291, 0.000287
1382, 0.000482, 0.000278, 0.000275
1383, 0.000482, 0.000295, 0.000290
1384, 0.000484, 0.000276, 0.000273
1385, 0.000484, 0.000286, 0.000282
1386, 0.000481, 0.000283, 0.000280
1387, 0.000484, 0.000280, 0.000275
1388, 0.000482, 0.000299, 0.000294
1389, 0.000483, 0.000275, 0.000272
1390, 0.000483, 0.000304, 0.000298
1391, 0.000483, 0.000274, 0.000270
1392, 0.000484, 0.000296, 0.000292
1393, 0.000481, 0.000274, 0.000270
1394, 0.000480, 0.000290, 0.000286
1395, 0.000481, 0.000285, 0.000281
1396, 0.000478, 0.000279, 0.000276
1397, 0.000481, 0.000291, 0.000287
1398, 0.000480, 0.000277, 0.000273
1399, 0.000481, 0.000293, 0.000289
1400, 0.000480, 0.000278, 0.000274
1401, 0.000478, 0.000283, 0.000278
1402, 0.000480, 0.000291, 0.000287
1403, 0.000480, 0.000276, 0.000273
1404, 0.000479, 0.000297, 0.000292
1405, 0.000481, 0.000274, 0.000272
1406, 0.000480, 0.000291, 0.000287
1407, 0.000478, 0.000282, 0.000278
1408, 0.000476, 0.000281, 0.000279
1409, 0.000480, 0.000303, 0.000297
1410, 0.000484, 0.000268, 0.000265
1411, 0.000483, 0.000324, 0.000320
1412, 0.000487, 0.000267, 0.000263
1413, 0.000487, 0.000300, 0.000295
1414, 0.000478, 0.000282, 0.000278
1415, 0.000480, 0.000273, 0.000268
1416, 0.000480, 0.000305, 0.000300
1417, 0.000482, 0.000269, 0.000267
1418, 0.000484, 0.000315, 0.000309
1419, 0.000487, 0.000273, 0.000271
1420, 0.000484, 0.000299, 0.000294
1421, 0.000477, 0.000280, 0.000275
1422, 0.000479, 0.000276, 0.000273
1423, 0.000479, 0.000303, 0.000297
1424, 0.000480, 0.000267, 0.000262
1425, 0.000482, 0.000304, 0.000299
1426, 0.000480, 0.000274, 0.000270
1427, 0.000474, 0.000277, 0.000273
1428, 0.000476, 0.000298, 0.000294
1429, 0.000478, 0.000266, 0.000263
1430, 0.000482, 0.000317, 0.000310
1431, 0.000484, 0.000269, 0.000267
1432, 0.000484, 0.000300, 0.000294
1433, 0.000480, 0.000278, 0.000274
1434, 0.000475, 0.000275, 0.000272
1435, 0.000478, 0.000308, 0.000302
1436, 0.000479, 0.000264, 0.000261
1437, 0.000487, 0.000331, 0.000325
1438, 0.000489, 0.000263, 0.000260
1439, 0.000484, 0.000293, 0.000288
1440, 0.000478, 0.000288, 0.000284
1441, 0.000474, 0.000265, 0.000262
1442, 0.000480, 0.000316, 0.000310
1443, 0.000484, 0.000265, 0.000263
1444, 0.000486, 0.000302, 0.000297
1445, 0.000478, 0.000271, 0.000267
1446, 0.000472, 0.000270, 0.000267
1447, 0.000476, 0.000310, 0.000304
1448, 0.000479, 0.000263, 0.000260
1449, 0.000483, 0.000307, 0.000302
1450, 0.000477, 0.000273, 0.000270
1451, 0.000475, 0.000269, 0.000266
1452, 0.000474, 0.000315, 0.000310
1453, 0.000482, 0.000264, 0.000261
1454, 0.000482, 0.000307, 0.000300
1455, 0.000479, 0.000273, 0.000270
1456, 0.000475, 0.000272, 0.000267
1457, 0.000471, 0.000290, 0.000284
1458, 0.000474, 0.000269, 0.000266
1459, 0.000478, 0.000304, 0.000298
1460, 0.000479, 0.000266, 0.000262
1461, 0.000472, 0.000281, 0.000278
1462, 0.000470, 0.000284, 0.000278
1463, 0.000471, 0.000262, 0.000259
1464, 0.000476, 0.000304, 0.000299
1465, 0.000477, 0.000265, 0.000261
1466, 0.000475, 0.000279, 0.000275
1467, 0.000471, 0.000287, 0.000282
1468, 0.000474, 0.000263, 0.000259
1469, 0.000476, 0.000309, 0.000304
1470, 0.000482, 0.000264, 0.000261
1471, 0.000478, 0.000288, 0.000283
1472, 0.000472, 0.000278, 0.000274
1473, 0.000471, 0.000271, 0.000266
1474, 0.000471, 0.000302, 0.000296
1475, 0.000477, 0.000262, 0.000259
1476, 0.000481, 0.000318, 0.000311
1477, 0.000483, 0.000263, 0.000259
1478, 0.000474, 0.000284, 0.000279
1479, 0.000471, 0.000288, 0.000281
1480, 0.000472, 0.000262, 0.000258
1481, 0.000475, 0.000315, 0.000309
1482, 0.000478, 0.000263, 0.000259
1483, 0.000472, 0.000273, 0.000268
1484, 0.000467, 0.000298, 0.000293
1485, 0.000474, 0.000261, 0.000257
1486, 0.000473, 0.000296, 0.000289
1487, 0.000470, 0.000274, 0.000270
1488, 0.000470, 0.000267, 0.000263
1489, 0.000468, 0.000285, 0.000278
1490, 0.000472, 0.000272, 0.000268
1491, 0.000468, 0.000273, 0.000268
1492, 0.000466, 0.000278, 0.000272
1493, 0.000467, 0.000274, 0.000271
1494, 0.000465, 0.000274, 0.000270
1495, 0.000465, 0.000278, 0.000273
1496, 0.000465, 0.000268, 0.000265
1497, 0.000470, 0.000289, 0.000284
1498, 0.000469, 0.000262, 0.000258
1499, 0.000467, 0.000288, 0.000283
1500, 0.000467, 0.000272, 0.000266
1501, 0.000465, 0.000270, 0.000265
1502, 0.000466, 0.000285, 0.000280
1503, 0.000465, 0.000268, 0.000263
1504, 0.000466, 0.000271, 0.000266
1505, 0.000463, 0.000283, 0.000279
1506, 0.000468, 0.000268, 0.000263
1507, 0.000465, 0.000275, 0.000270
1508, 0.000462, 0.000280, 0.000276
1509, 0.000465, 0.000267, 0.000262
1510, 0.000464, 0.000281, 0.000274
1511, 0.000463, 0.000273, 0.000269
1512, 0.000465, 0.000269, 0.000264
1513, 0.000463, 0.000279, 0.000273
1514, 0.000464, 0.000269, 0.000265
1515, 0.000465, 0.000278, 0.000272
1516, 0.000462, 0.000273, 0.000268
1517, 0.000462, 0.000270, 0.000266
1518, 0.000463, 0.000282, 0.000277
1519, 0.000461, 0.000268, 0.000263
1520, 0.000464, 0.000281, 0.000276
1521, 0.000463, 0.000270, 0.000265
1522, 0.000462, 0.000272, 0.000266
1523, 0.000462, 0.000278, 0.000273
1524, 0.000466, 0.000269, 0.000264
1525, 0.000462, 0.000277, 0.000271
1526, 0.000462, 0.000268, 0.000264
1527, 0.000464, 0.000287, 0.000281
1528, 0.000465, 0.000260, 0.000256
1529, 0.000464, 0.000282, 0.000278
1530, 0.000463, 0.000269, 0.000264
1531, 0.000462, 0.000267, 0.000263
1532, 0.000461, 0.000286, 0.000282
1533, 0.000462, 0.000266, 0.000260
1534, 0.000463, 0.000286, 0.000281
1535, 0.000461, 0.000268, 0.000263
1536, 0.000459, 0.000273, 0.000266
1537, 0.000461, 0.000285, 0.000279
1538, 0.000461, 0.000260, 0.000256
1539, 0.000460, 0.000290, 0.000282
1540, 0.000463, 0.000264, 0.000260
1541, 0.000462, 0.000284, 0.000278
1542, 0.000461, 0.000266, 0.000260
1543, 0.000458, 0.000275, 0.000271
1544, 0.000457, 0.000271, 0.000267
1545, 0.000460, 0.000269, 0.000264
1546, 0.000460, 0.000274, 0.000271
1547, 0.000459, 0.000274, 0.000270
1548, 0.000460, 0.000265, 0.000261
1549, 0.000457, 0.000292, 0.000287
1550, 0.000462, 0.000258, 0.000254
1551, 0.000463, 0.000294, 0.000287
1552, 0.000462, 0.000266, 0.000262
1553, 0.000458, 0.000267, 0.000262
1554, 0.000458, 0.000291, 0.000284
1555, 0.000462, 0.000258, 0.000254
1556, 0.000463, 0.000308, 0.000301
1557, 0.000468, 0.000257, 0.000253
1558, 0.000461, 0.000279, 0.000274
1559, 0.000457, 0.000270, 0.000265
1560, 0.000457, 0.000267, 0.000262
1561, 0.000456, 0.000273, 0.000267
1562, 0.000457, 0.000269, 0.000264
1563, 0.000455, 0.000266, 0.000261
1564, 0.000454, 0.000275, 0.000270
1565, 0.000453, 0.000261, 0.000255
1566, 0.000455, 0.000282, 0.000276
1567, 0.000460, 0.000264, 0.000259
1568, 0.000456, 0.000279, 0.000273
1569, 0.000456, 0.000264, 0.000259
1570, 0.000457, 0.000288, 0.000282
1571, 0.000458, 0.000258, 0.000253
1572, 0.000459, 0.000290, 0.000284
1573, 0.000458, 0.000258, 0.000255
1574, 0.000458, 0.000283, 0.000277
1575, 0.000454, 0.000261, 0.000256
1576, 0.000455, 0.000271, 0.000266
1577, 0.000455, 0.000270, 0.000264
1578, 0.000451, 0.000258, 0.000253
1579, 0.000458, 0.000293, 0.000287
1580, 0.000461, 0.000254, 0.000249
1581, 0.000459, 0.000290, 0.000283
1582, 0.000457, 0.000260, 0.000256
1583, 0.000458, 0.000285, 0.000278
1584, 0.000455, 0.000265, 0.000259
1585, 0.000454, 0.000264, 0.000258
1586, 0.000452, 0.000283, 0.000276
1587, 0.000455, 0.000260, 0.000254
1588, 0.000453, 0.000266, 0.000261
1589, 0.000453, 0.000292, 0.000286
1590, 0.000457, 0.000251, 0.000247
1591, 0.000462, 0.000326, 0.000319
1592, 0.000469, 0.000248, 0.000245
1593, 0.000469, 0.000300, 0.000294
1594, 0.000458, 0.000262, 0.000257
1595, 0.000452, 0.000253, 0.000249
1596, 0.000452, 0.000305, 0.000297
1597, 0.000460, 0.000249, 0.000245
1598, 0.000465, 0.000306, 0.000298
1599, 0.000461, 0.000251, 0.000245
1600, 0.000453, 0.000267, 0.000261
1601, 0.000452, 0.000279, 0.000273
1602, 0.000450, 0.000250, 0.000246
1603, 0.000456, 0.000301, 0.000294
1604, 0.000457, 0.000250, 0.000245
1605, 0.000453, 0.000269, 0.000263
1606, 0.000450, 0.000275, 0.000269
1607, 0.000449, 0.000248, 0.000242
1608, 0.000452, 0.000295, 0.000288
1609, 0.000456, 0.000255, 0.000251
1610, 0.000454, 0.000265, 0.000258
1611, 0.000448, 0.000273, 0.000266
1612, 0.000450, 0.000259, 0.000254
1613, 0.000449, 0.000266, 0.000259
1614, 0.000450, 0.000271, 0.000264
1615, 0.000447, 0.000257, 0.000253
1616, 0.000452, 0.000280, 0.000272
1617, 0.000449, 0.000253, 0.000247
1618, 0.000451, 0.000276, 0.000270
1619, 0.000450, 0.000261, 0.000254
1620, 0.000448, 0.000253, 0.000248
1621, 0.000449, 0.000301, 0.000294
1622, 0.000454, 0.000245, 0.000240
1623, 0.000457, 0.000292, 0.000284
1624, 0.000452, 0.000256, 0.000251
1625, 0.000450, 0.000256, 0.000250
1626, 0.000446, 0.000293, 0.000285
1627, 0.000451, 0.000249, 0.000245
1628, 0.000458, 0.000299, 0.000291
1629, 0.000455, 0.000247, 0.000242
1630, 0.000448, 0.000264, 0.000259
1631, 0.000448, 0.000275, 0.000267
1632, 0.000449, 0.000246, 0.000241
1633, 0.000451, 0.000293, 0.000285
1634, 0.000452, 0.000248, 0.000242
1635, 0.000448, 0.000267, 0.000260
1636, 0.000447, 0.000261, 0.000255
1637, 0.000445, 0.000256, 0.000250
1638, 0.000444, 0.000274, 0.000267
1639, 0.000445, 0.000254, 0.000248
1640, 0.000443, 0.000265, 0.000259
1641, 0.000446, 0.000260, 0.000253
1642, 0.000444, 0.000256, 0.000250
1643, 0.000443, 0.000260, 0.000254
1644, 0.000443, 0.000261, 0.000254
1645, 0.000443, 0.000261, 0.000255
1646, 0.000443, 0.000261, 0.000255
1647, 0.000441, 0.000254, 0.000247
1648, 0.000445, 0.000269, 0.000263
1649, 0.000443, 0.000256, 0.000250
1650, 0.000444, 0.000263, 0.000255
1651, 0.000448, 0.000264, 0.000258
1652, 0.000442, 0.000262, 0.000255
1653, 0.000442, 0.000258, 0.000251
1654, 0.000444, 0.000266, 0.000261
1655, 0.000442, 0.000259, 0.000253
1656, 0.000437, 0.000254, 0.000247
1657, 0.000445, 0.000275, 0.000269
1658, 0.000445, 0.000251, 0.000244
1659, 0.000442, 0.000267, 0.000258
1660, 0.000442, 0.000263, 0.000257
1661, 0.000443, 0.000256, 0.000250
1662, 0.000441, 0.000272, 0.000264
1663, 0.000442, 0.000256, 0.000252
1664, 0.000444, 0.000268, 0.000261
1665, 0.000438, 0.000252, 0.000246
1666, 0.000441, 0.000269, 0.000264
1667, 0.000443, 0.000254, 0.000248
1668, 0.000439, 0.000256, 0.000249
1669, 0.000439, 0.000263, 0.000256
1670, 0.000439, 0.000249, 0.000242
1671, 0.000443, 0.000278, 0.000269
1672, 0.000444, 0.000244, 0.000238
1673, 0.000443, 0.000295, 0.000287
1674, 0.000447, 0.000242, 0.000236
1675, 0.000446, 0.000287, 0.000279
1676, 0.000441, 0.000255, 0.000249
1677, 0.000436, 0.000247, 0.000241
1678, 0.000439, 0.000286, 0.000277
1679, 0.000442, 0.000241, 0.000235
1680, 0.000444, 0.000290, 0.000282
1681, 0.000444, 0.000247, 0.000241
1682, 0.000439, 0.000257, 0.000250
1683, 0.000434, 0.000276, 0.000267
1684, 0.000440, 0.000239, 0.000233
1685, 0.000445, 0.000299, 0.000289
1686, 0.000445, 0.000242, 0.000236
1687, 0.000440, 0.000262, 0.000255
1688, 0.000435, 0.000267, 0.000260
1689, 0.000435, 0.000244, 0.000239
1690, 0.000437, 0.000284, 0.000276
1691, 0.000440, 0.000245, 0.000239
1692, 0.000436, 0.000259, 0.000251
1693, 0.000434, 0.000273, 0.000264
1694, 0.000436, 0.000244, 0.000237
1695, 0.000437, 0.000279, 0.000269
1696, 0.000436, 0.000242, 0.000236
1697, 0.000438, 0.000267, 0.000258
1698, 0.000434, 0.000252, 0.000244
1699, 0.000434, 0.000248, 0.000242
1700, 0.000435, 0.000273, 0.000265
1701, 0.000434, 0.000244, 0.000236
1702, 0.000435, 0.000271, 0.000263
1703, 0.000436, 0.000251, 0.000244
1704, 0.000434, 0.000251, 0.000243
1705, 0.000431, 0.000266, 0.000257
1706, 0.000432, 0.000246, 0.000239
1707, 0.000433, 0.000270, 0.000261
1708, 0.000433, 0.000248, 0.000241
1709, 0.000432, 0.000257, 0.000250
1710, 0.000431, 0.000257, 0.000249
1711, 0.000431, 0.000249, 0.000242
1712, 0.000430, 0.000258, 0.000251
1713, 0.000433, 0.000254, 0.000247
1714, 0.000431, 0.000255, 0.000247
1715, 0.000430, 0.000257, 0.000251
1716, 0.000431, 0.000257, 0.000250
1717, 0.000431, 0.000242, 0.000236
1718, 0.000433, 0.000281, 0.000273
1719, 0.000435, 0.000236, 0.000229
1720, 0.000438, 0.000287, 0.000278
1721, 0.000437, 0.000239, 0.000232
1722, 0.000432, 0.000257, 0.000249
1723, 0.000430, 0.000263, 0.000254
1724, 0.000429, 0.000241, 0.000234
1725, 0.000434, 0.000279, 0.000270
1726, 0.000433, 0.000240, 0.000233
1727, 0.000430, 0.000265, 0.000258
1728, 0.000431, 0.000248, 0.000240
1729, 0.000428, 0.000255, 0.000248
1730, 0.000425, 0.000261, 0.000254
1731, 0.000429, 0.000245, 0.000237
1732, 0.000431, 0.000276, 0.000267
1733, 0.000433, 0.000238, 0.000232
1734, 0.000433, 0.000278, 0.000268
1735, 0.000429, 0.000240, 0.000232
1736, 0.000428, 0.000256, 0.000249
1737, 0.000428, 0.000262, 0.000253
1738, 0.000427, 0.000238, 0.000230
1739, 0.000430, 0.000278, 0.000270
1740, 0.000430, 0.000238, 0.000231
1741, 0.000430, 0.000265, 0.000255
1742, 0.000428, 0.000244, 0.000237
1743, 0.000428, 0.000262, 0.000253
1744, 0.000425, 0.000253, 0.000243
1745, 0.000428, 0.000254, 0.000246
1746, 0.000427, 0.000261, 0.000252
1747, 0.000424, 0.000240, 0.000231
1748, 0.000430, 0.000278, 0.000270
1749, 0.000431, 0.000239, 0.000231
1750, 0.000426, 0.000269, 0.000259
1751, 0.000427, 0.000247, 0.000240
1752, 0.000425, 0.000255, 0.000246
1753, 0.000424, 0.000252, 0.000243
1754, 0.000423, 0.000243, 0.000235
1755, 0.000425, 0.000265, 0.000256
1756, 0.000424, 0.000239, 0.000232
1757, 0.000426, 0.000265, 0.000256
1758, 0.000426, 0.000243, 0.000235
1759, 0.000424, 0.000251, 0.000243
1760, 0.000423, 0.000258, 0.000249
1761, 0.000424, 0.000238, 0.000230
1762, 0.000424, 0.000267, 0.000259
1763, 0.000424, 0.000241, 0.000232
1764, 0.000424, 0.000261, 0.000251
1765, 0.000422, 0.000246, 0.000238
1766, 0.000423, 0.000252, 0.000243
1767, 0.000421, 0.000262, 0.000252
1768, 0.000424, 0.000233, 0.000226
1769, 0.000427, 0.000279, 0.000269
1770, 0.000427, 0.000231, 0.000223
1771, 0.000423, 0.000260, 0.000251
1772, 0.000422, 0.000251, 0.000242
1773, 0.000419, 0.000237, 0.000228
1774, 0.000422, 0.000271, 0.000261
1775, 0.000423, 0.000232, 0.000224
1776, 0.000425, 0.000281, 0.000269
1777, 0.000425, 0.000232, 0.000224
1778, 0.000423, 0.000263, 0.000253
1779, 0.000420, 0.000248, 0.000239
1780, 0.000419, 0.000245, 0.000237
1781, 0.000419, 0.000258, 0.000250
1782, 0.000421, 0.000235, 0.000227
1783, 0.000422, 0.000270, 0.000261
1784, 0.000422, 0.000233, 0.000225
1785, 0.000422, 0.000260, 0.000250
1786, 0.000423, 0.000242, 0.000233
1787, 0.000419, 0.000243, 0.000234
1788, 0.000419, 0.000259, 0.000249
1789, 0.000419, 0.000228, 0.000220
1790, 0.000421, 0.000274, 0.000264
1791, 0.000420, 0.000234, 0.000226
1792, 0.000418, 0.000244, 0.000235
1793, 0.000416, 0.000267, 0.000257
1794, 0.000418, 0.000228, 0.000219
1795, 0.000423, 0.000279, 0.000267
1796, 0.000423, 0.000228, 0.000219
1797, 0.000420, 0.000260, 0.000249
1798, 0.000416, 0.000247, 0.000237
1799, 0.000415, 0.000237, 0.000228
1800, 0.000417, 0.000276, 0.000264
1801, 0.000420, 0.000228, 0.000219
1802, 0.000418, 0.000264, 0.000253
1803, 0.000417, 0.000241, 0.000231
1804, 0.000417, 0.000242, 0.000233
1805, 0.000415, 0.000252, 0.000242
1806, 0.000415, 0.000239, 0.000229
1807, 0.000414, 0.000248, 0.000238
1808, 0.000415, 0.000246, 0.000236
1809, 0.000413, 0.000235, 0.000226
1810, 0.000414, 0.000255, 0.000245
1811, 0.000413, 0.000242, 0.000232
1812, 0.000412, 0.000238, 0.000229
1813, 0.000414, 0.000247, 0.000238
1814, 0.000413, 0.000245, 0.000235
1815, 0.000413, 0.000239, 0.000230
1816, 0.000414, 0.000258, 0.000249
1817, 0.000414, 0.000235, 0.000226
1818, 0.000414, 0.000254, 0.000243
1819, 0.000413, 0.000242, 0.000233
1820, 0.000410, 0.000239, 0.000229
1821, 0.000411, 0.000246, 0.000235
1822, 0.000411, 0.000238, 0.000229
1823, 0.000411, 0.000253, 0.000242
1824, 0.000411, 0.000238, 0.000228
1825, 0.000410, 0.000248, 0.000238
1826, 0.000409, 0.000245, 0.000235
1827, 0.000408, 0.000242, 0.000231
1828, 0.000408, 0.000251, 0.000241
1829, 0.000409, 0.000243, 0.000233
1830, 0.000412, 0.000242, 0.000231
1831, 0.000410, 0.000257, 0.000247
1832, 0.000413, 0.000226, 0.000217
1833, 0.000412, 0.000270, 0.000259
1834, 0.000413, 0.000227, 0.000218
1835, 0.000410, 0.000246, 0.000237
1836, 0.000408, 0.000254, 0.000245
1837, 0.000409, 0.000219, 0.000210
1838, 0.000419, 0.000302, 0.000289
1839, 0.000422, 0.000219, 0.000210
1840, 0.000420, 0.000281, 0.000268
1841, 0.000414, 0.000230, 0.000220
1842, 0.000409, 0.000237, 0.000227
1843, 0.000408, 0.000278, 0.000265
1844, 0.000412, 0.000220, 0.000212
1845, 0.000421, 0.000300, 0.000288
1846, 0.000424, 0.000215, 0.000207
1847, 0.000423, 0.000286, 0.000275
1848, 0.000418, 0.000225, 0.000216
1849, 0.000408, 0.000239, 0.000229
1850, 0.000409, 0.000265, 0.000254
1851, 0.000411, 0.000218, 0.000209
1852, 0.000417, 0.000298, 0.000286
1853, 0.000426, 0.000218, 0.000210
1854, 0.000419, 0.000264, 0.000253
1855, 0.000412, 0.000236, 0.000226
1856, 0.000407, 0.000227, 0.000218
1857, 0.000409, 0.000269, 0.000256
1858, 0.000410, 0.000222, 0.000212
1859, 0.000408, 0.000249, 0.000239
1860, 0.000407, 0.000241, 0.000230
1861, 0.000406, 0.000224, 0.000214
1862, 0.000407, 0.000267, 0.000256
1863, 0.000409, 0.000218, 0.000209
1864, 0.000409, 0.000253, 0.000242
1865, 0.000406, 0.000235, 0.000226
1866, 0.000405, 0.000227, 0.000216
1867, 0.000406, 0.000253, 0.000241
1868, 0.000406, 0.000225, 0.000216
1869, 0.000403, 0.000239, 0.000228
1870, 0.000404, 0.000237, 0.000226
1871, 0.000404, 0.000233, 0.000224
1872, 0.000405, 0.000239, 0.000228
1873, 0.000401, 0.000232, 0.000222
1874, 0.000401, 0.000241, 0.000231
1875, 0.000403, 0.000234, 0.000223
1876, 0.000402, 0.000231, 0.000221
1877, 0.000401, 0.000243, 0.000232
1878, 0.000403, 0.000221, 0.000211
1879, 0.000403, 0.000263, 0.000250
1880, 0.000406, 0.000217, 0.000208
1881, 0.000405, 0.000260, 0.000248
1882, 0.000402, 0.000223, 0.000213
1883, 0.000399, 0.000234, 0.000224
1884, 0.000399, 0.000239, 0.000228
1885, 0.000399, 0.000221, 0.000211
1886, 0.000401, 0.000250, 0.000239
1887, 0.000402, 0.000228, 0.000217
1888, 0.000398, 0.000226, 0.000215
1889, 0.000400, 0.000261, 0.000249
1890, 0.000402, 0.000217, 0.000206
1891, 0.000403, 0.000250, 0.000237
1892, 0.000399, 0.000229, 0.000218
1893, 0.000400, 0.000238, 0.000226
1894, 0.000399, 0.000230, 0.000218
1895, 0.000397, 0.000240, 0.000229
1896, 0.000400, 0.000226, 0.000215
1897, 0.000397, 0.000238, 0.000227
1898, 0.000398, 0.000230, 0.000220
1899, 0.000396, 0.000231, 0.000221
1900, 0.000396, 0.000237, 0.000226
1901, 0.000395, 0.000222, 0.000212
1902, 0.000397, 0.000251, 0.000239
1903, 0.000399, 0.000222, 0.000212
1904, 0.000397, 0.000241, 0.000229
1905, 0.000397, 0.000225, 0.000214
1906, 0.000394, 0.000238, 0.000227
1907, 0.000396, 0.000231, 0.000220
1908, 0.000393, 0.000226, 0.000215
1909, 0.000396, 0.000249, 0.000237
1910, 0.000396, 0.000218, 0.000207
1911, 0.000398, 0.000254, 0.000241
1912, 0.000397, 0.000222, 0.000211
1913, 0.000396, 0.000236, 0.000224
1914, 0.000394, 0.000240, 0.000228
1915, 0.000394, 0.000218, 0.000207
1916, 0.000395, 0.000252, 0.000239
1917, 0.000397, 0.000214, 0.000202
1918, 0.000396, 0.000247, 0.000234
1919, 0.000394, 0.000234, 0.000222
1920, 0.000394, 0.000217, 0.000206
1921, 0.000394, 0.000259, 0.000246
1922, 0.000397, 0.000212, 0.000202
1923, 0.000398, 0.000265, 0.000252
1924, 0.000398, 0.000213, 0.000203
1925, 0.000399, 0.000257, 0.000244
1926, 0.000396, 0.000221, 0.000210
1927, 0.000395, 0.000242, 0.000230
1928, 0.000390, 0.000221, 0.000210
1929, 0.000390, 0.000238, 0.000225
1930, 0.000391, 0.000226, 0.000214
1931, 0.000393, 0.000226, 0.000214
1932, 0.000391, 0.000247, 0.000234
1933, 0.000393, 0.000218, 0.000207
1934, 0.000394, 0.000240, 0.000228
1935, 0.000392, 0.000228, 0.000216
1936, 0.000390, 0.000224, 0.000213
1937, 0.000388, 0.000236, 0.000224
1938, 0.000390, 0.000222, 0.000211
1939, 0.000390, 0.000231, 0.000219
1940, 0.000390, 0.000229, 0.000217
1941, 0.000389, 0.000228, 0.000216
1942, 0.000388, 0.000236, 0.000223
1943, 0.000390, 0.000229, 0.000217
1944, 0.000387, 0.000221, 0.000209
1945, 0.000388, 0.000245, 0.000232
1946, 0.000392, 0.000214, 0.000204
1947, 0.000389, 0.000247, 0.000236
1948, 0.000388, 0.000220, 0.000210
1949, 0.000390, 0.000225, 0.000214
1950, 0.000389, 0.000248, 0.000236
1951, 0.000389, 0.000208, 0.000198
1952, 0.000394, 0.000273, 0.000260
1953, 0.000397, 0.000203, 0.000193
1954, 0.000400, 0.000274, 0.000261
1955, 0.000396, 0.000214, 0.000202
1956, 0.000388, 0.000226, 0.000214
1957, 0.000387, 0.000253, 0.000240
1958, 0.000389, 0.000205, 0.000194
1959, 0.000392, 0.000270, 0.000255
1960, 0.000394, 0.000207, 0.000196
1961, 0.000392, 0.000252, 0.000238
1962, 0.000387, 0.000218, 0.000206
1963, 0.000385, 0.000219, 0.000206
1964, 0.000386, 0.000255, 0.000240
1965, 0.000390, 0.000205, 0.000194
1966, 0.000392, 0.000254, 0.000240
1967, 0.000388, 0.000216, 0.000204
1968, 0.000385, 0.000218, 0.000206
1969, 0.000388, 0.000256, 0.000243
1970, 0.000389, 0.000204, 0.000193
1971, 0.000391, 0.000257, 0.000243
1972, 0.000388, 0.000220, 0.000207
1973, 0.000383, 0.000214, 0.000201
1974, 0.000385, 0.000256, 0.000242
1975, 0.000389, 0.000203, 0.000191
1976, 0.000391, 0.000266, 0.000252
1977, 0.000391, 0.000203, 0.000192
1978, 0.000387, 0.000243, 0.000230
1979, 0.000385, 0.000222, 0.000210
1980, 0.000382, 0.000211, 0.000200
1981, 0.000383, 0.000248, 0.000235
1982, 0.000387, 0.000207, 0.000196
1983, 0.000383, 0.000231, 0.000219
1984, 0.000383, 0.000223, 0.000210
1985, 0.000382, 0.000214, 0.000202
1986, 0.000382, 0.000235, 0.000223
1987, 0.000380, 0.000215, 0.000203
1988, 0.000382, 0.000230, 0.000219
1989, 0.000381, 0.000219, 0.000207
1990, 0.000383, 0.000224, 0.000212
1991, 0.000382, 0.000226, 0.000214
1992, 0.000378, 0.000220, 0.000207
1993, 0.000380, 0.000226, 0.000212
1994, 0.000380, 0.000229, 0.000215
1995, 0.000381, 0.000217, 0.000204
1996, 0.000382, 0.000230, 0.000217
1997, 0.000380, 0.000215, 0.000203
1998, 0.000379, 0.000233, 0.000220
1999, 0.000382, 0.000214, 0.000201
2000, 0.000378, 0.000224, 0.000211
2001, 0.000377, 0.000231, 0.000218
2002, 0.000378, 0.000210, 0.000198
2003, 0.000381, 0.000240, 0.000225
2004, 0.000379, 0.000212, 0.000200
2005, 0.000378, 0.000222, 0.000209
2006, 0.000377, 0.000227, 0.000214
2007, 0.000377, 0.000214, 0.000201
2008, 0.000377, 0.000235, 0.000222
2009, 0.000378, 0.000211, 0.000199
2010, 0.000380, 0.000232, 0.000219
2011, 0.000379, 0.000220, 0.000207
2012, 0.000378, 0.000218, 0.000204
2013, 0.000379, 0.000238, 0.000224
2014, 0.000378, 0.000208, 0.000195
2015, 0.000379, 0.000250, 0.000235
2016, 0.000378, 0.000209, 0.000196
2017, 0.000379, 0.000235, 0.000221
2018, 0.000377, 0.000224, 0.000210
2019, 0.000376, 0.000211, 0.000197
2020, 0.000375, 0.000246, 0.000231
2021, 0.000380, 0.000196, 0.000184
2022, 0.000384, 0.000274, 0.000258
2023, 0.000386, 0.000198, 0.000186
2024, 0.000385, 0.000243, 0.000229
2025, 0.000376, 0.000221, 0.000209
2026, 0.000375, 0.000211, 0.000198
2027, 0.000377, 0.000246, 0.000232
2028, 0.000378, 0.000195, 0.000184
2029, 0.000390, 0.000288, 0.000272
2030, 0.000392, 0.000194, 0.000182
2031, 0.000390, 0.000272, 0.000257
2032, 0.000385, 0.000201, 0.000188
2033, 0.000376, 0.000223, 0.000209
2034, 0.000371, 0.000230, 0.000216
2035, 0.000375, 0.000200, 0.000188
2036, 0.000376, 0.000252, 0.000238
2037, 0.000378, 0.000198, 0.000186
2038, 0.000379, 0.000251, 0.000236
2039, 0.000379, 0.000201, 0.000189
2040, 0.000377, 0.000228, 0.000214
2041, 0.000373, 0.000213, 0.000199
2042, 0.000372, 0.000210, 0.000197
2043, 0.000370, 0.000231, 0.000215
2044, 0.000374, 0.000204, 0.000191
2045, 0.000373, 0.000226, 0.000213
2046, 0.000370, 0.000214, 0.000201
2047, 0.000372, 0.000209, 0.000196
2048, 0.000372, 0.000238, 0.000224
2049, 0.000374, 0.000195, 0.000183
2050, 0.000373, 0.000247, 0.000232
2051, 0.000374, 0.000200, 0.000187
2052, 0.000372, 0.000222, 0.000208
2053, 0.000368, 0.000220, 0.000205
2054, 0.000371, 0.000210, 0.000197
2055, 0.000369, 0.000216, 0.000202
2056, 0.000369, 0.000219, 0.000204
2057, 0.000371, 0.000206, 0.000193
2058, 0.000370, 0.000237, 0.000222
2059, 0.000373, 0.000201, 0.000187
2060, 0.000373, 0.000236, 0.000220
2061, 0.000370, 0.000207, 0.000193
2062, 0.000368, 0.000215, 0.000201
2063, 0.000367, 0.000220, 0.000206
2064, 0.000367, 0.000205, 0.000191
2065, 0.000365, 0.000226, 0.000212
2066, 0.000366, 0.000208, 0.000194
2067, 0.000371, 0.000221, 0.000207
2068, 0.000370, 0.000216, 0.000202
2069, 0.000368, 0.000213, 0.000198
2070, 0.000365, 0.000213, 0.000199
2071, 0.000367, 0.000222, 0.000208
2072, 0.000369, 0.000209, 0.000195
2073, 0.000367, 0.000224, 0.000210
2074, 0.000367, 0.000214, 0.000202
2075, 0.000368, 0.000215, 0.000201
2076, 0.000367, 0.000225, 0.000210
2077, 0.000368, 0.000208, 0.000195
2078, 0.000369, 0.000220, 0.000205
2079, 0.000366, 0.000214, 0.000198
2080, 0.000365, 0.000211, 0.000197
2081, 0.000364, 0.000232, 0.000216
2082, 0.000365, 0.000198, 0.000185
2083, 0.000369, 0.000244, 0.000229
2084, 0.000370, 0.000200, 0.000187
2085, 0.000366, 0.000224, 0.000210
2086, 0.000365, 0.000220, 0.000207
2087, 0.000367, 0.000206, 0.000193
2088, 0.000364, 0.000223, 0.000210
2089, 0.000364, 0.000213, 0.000200
2090, 0.000362, 0.000218, 0.000203
2091, 0.000364, 0.000207, 0.000193
2092, 0.000363, 0.000221, 0.000206
2093, 0.000362, 0.000205, 0.000191
2094, 0.000362, 0.000219, 0.000204
2095, 0.000362, 0.000212, 0.000198
2096, 0.000361, 0.000212, 0.000198
2097, 0.000363, 0.000218, 0.000203
2098, 0.000362, 0.000209, 0.000195
2099, 0.000364, 0.000215, 0.000201
2100, 0.000363, 0.000218, 0.000204
2101, 0.000362, 0.000209, 0.000194
2102, 0.000362, 0.000235, 0.000220
2103, 0.000363, 0.000192, 0.000179
2104, 0.000367, 0.000258, 0.000241
2105, 0.000371, 0.000191, 0.000178
2106, 0.000369, 0.000248, 0.000232
2107, 0.000365, 0.000199, 0.000185
2108, 0.000362, 0.000216, 0.000202
2109, 0.000359, 0.000224, 0.000209
2110, 0.000363, 0.000202, 0.000187
2111, 0.000361, 0.000225, 0.000210
2112, 0.000361, 0.000205, 0.000190
2113, 0.000361, 0.000223, 0.000207
2114, 0.000361, 0.000209, 0.000194
2115, 0.000361, 0.000221, 0.000206
2116, 0.000360, 0.000214, 0.000198
2117, 0.000357, 0.000213, 0.000198
2118, 0.000360, 0.000217, 0.000202
2119, 0.000359, 0.000215, 0.000200
2120, 0.000359, 0.000210, 0.000195
2121, 0.000358, 0.000223, 0.000208
2122, 0.000356, 0.000206, 0.000191
2123, 0.000360, 0.000211, 0.000196
2124, 0.000358, 0.000213, 0.000199
2125, 0.000357, 0.000201, 0.000187
2126, 0.000359, 0.000227, 0.000211
2127, 0.000359, 0.000199, 0.000185
2128, 0.000358, 0.000233, 0.000218
2129, 0.000361, 0.000204, 0.000189
2130, 0.000358, 0.000228, 0.000212
2131, 0.000358, 0.000208, 0.000194
2132, 0.000360, 0.000217, 0.000202
2133, 0.000359, 0.000215, 0.000199
2134, 0.000356, 0.000209, 0.000195
2135, 0.000356, 0.000220, 0.000204
2136, 0.000355, 0.000203, 0.000188
2137, 0.000359, 0.000224, 0.000209
2138, 0.000357, 0.000201, 0.000185
2139, 0.000356, 0.000217, 0.000201
2140, 0.000355, 0.000230, 0.000214
2141, 0.000360, 0.000190, 0.000176
2142, 0.000362, 0.000272, 0.000254
2143, 0.000367, 0.000184, 0.000172
2144, 0.000370, 0.000277, 0.000260
2145, 0.000371, 0.000189, 0.000176
2146, 0.000367, 0.000245, 0.000230
2147, 0.000357, 0.000204, 0.000189
2148, 0.000356, 0.000206, 0.000191
2149, 0.000354, 0.000224, 0.000208
2150, 0.000354, 0.000197, 0.000183
2151, 0.000359, 0.000225, 0.000208
2152, 0.000354, 0.000204, 0.000189
2153, 0.000355, 0.000213, 0.000197
2154, 0.000354, 0.000211, 0.000196
2155, 0.000353, 0.000210, 0.000195
2156, 0.000352, 0.000208, 0.000193
2157, 0.000353, 0.000212, 0.000197
2158, 0.000353, 0.000202, 0.000188
2159, 0.000352, 0.000219, 0.000204
2160, 0.000352, 0.000200, 0.000185
2161, 0.000353, 0.000223, 0.000207
2162, 0.000356, 0.000196, 0.000182
2163, 0.000353, 0.000227, 0.000212
2164, 0.000354, 0.000203, 0.000188
2165, 0.000354, 0.000216, 0.000201
2166, 0.000350, 0.000204, 0.000189
2167, 0.000351, 0.000228, 0.000212
2168, 0.000356, 0.000193, 0.000179
2169, 0.000353, 0.000239, 0.000222
2170, 0.000355, 0.000193, 0.000178
2171, 0.000356, 0.000235, 0.000219
2172, 0.000354, 0.000194, 0.000180
2173, 0.000353, 0.000233, 0.000217
2174, 0.000353, 0.000194, 0.000179
2175, 0.000353, 0.000227, 0.000211
2176, 0.000352, 0.000198, 0.000183
2177, 0.000353, 0.000220, 0.000205
2178, 0.000348, 0.000202, 0.000187
2179, 0.000348, 0.000214, 0.000198
2180, 0.000351, 0.000207, 0.000191
2181, 0.000350, 0.000214, 0.000198
2182, 0.000350, 0.000204, 0.000188
2183, 0.000348, 0.000214, 0.000197
2184, 0.000350, 0.000198, 0.000182
2185, 0.000350, 0.000226, 0.000209
2186, 0.000349, 0.000196, 0.000181
2187, 0.000349, 0.000226, 0.000210
2188, 0.000348, 0.000201, 0.000187
2189, 0.000348, 0.000204, 0.000189
2190, 0.000348, 0.000222, 0.000206
2191, 0.000348, 0.000195, 0.000180
2192, 0.000349, 0.000231, 0.000215
2193, 0.000350, 0.000193, 0.000178
2194, 0.000352, 0.000224, 0.000208
2195, 0.000349, 0.000199, 0.000183
2196, 0.000348, 0.000218, 0.000201
2197, 0.000345, 0.000217, 0.000201
2198, 0.000348, 0.000190, 0.000176
2199, 0.000351, 0.000243, 0.000226
2200, 0.000352, 0.000183, 0.000169
2201, 0.000353, 0.000250, 0.000233
2202, 0.000356, 0.000185, 0.000170
2203, 0.000352, 0.000244, 0.000227
2204, 0.000350, 0.000191, 0.000177
2205, 0.000349, 0.000218, 0.000202
2206, 0.000346, 0.000218, 0.000202
2207, 0.000344, 0.000186, 0.000171
2208, 0.000350, 0.000269, 0.000250
2209, 0.000356, 0.000176, 0.000161
2210, 0.000358, 0.000267, 0.000249
2211, 0.000355, 0.000183, 0.000168
2212, 0.000351, 0.000216, 0.000199
2213, 0.000349, 0.000217, 0.000201
2214, 0.000345, 0.000185, 0.000170
2215, 0.000348, 0.000252, 0.000235
2216, 0.000353, 0.000175, 0.000161
2217, 0.000353, 0.000246, 0.000229
2218, 0.000350, 0.000194, 0.000179
2219, 0.000345, 0.000201, 0.000185
2220, 0.000344, 0.000233, 0.000216
2221, 0.000347, 0.000183, 0.000167
2222, 0.000349, 0.000243, 0.000225
2223, 0.000350, 0.000186, 0.000171
2224, 0.000349, 0.000228, 0.000211
2225, 0.000346, 0.000202, 0.000187
2226, 0.000342, 0.000195, 0.000180
2227, 0.000343, 0.000225, 0.000208
2228, 0.000344, 0.000184, 0.000168
2229, 0.000348, 0.000233, 0.000215
2230, 0.000345, 0.000185, 0.000170
2231, 0.000346, 0.000223, 0.000205
2232, 0.000343, 0.000195, 0.000179
2233, 0.000343, 0.000204, 0.000188
2234, 0.000342, 0.000211, 0.000194
2235, 0.000343, 0.000191, 0.000176
2236, 0.000344, 0.000230, 0.000213
2237, 0.000344, 0.000185, 0.000170
2238, 0.000344, 0.000231, 0.000214
2239, 0.000345, 0.000188, 0.000174
2240, 0.000345, 0.000210, 0.000193
2241, 0.000341, 0.000210, 0.000194
2242, 0.000339, 0.000188, 0.000173
2243, 0.000342, 0.000227, 0.000210
2244, 0.000342, 0.000192, 0.000177
2245, 0.000341, 0.000204, 0.000188
2246, 0.000340, 0.000222, 0.000205
2247, 0.000341, 0.000178, 0.000163
2248, 0.000346, 0.000259, 0.000240
2249, 0.000350, 0.000175, 0.000161
2250, 0.000349, 0.000237, 0.000219
2251, 0.000342, 0.000188, 0.000173
2252, 0.000343, 0.000216, 0.000201
2253, 0.000338, 0.000199, 0.000184
2254, 0.000338, 0.000198, 0.000182
2255, 0.000338, 0.000216, 0.000200
2256, 0.000338, 0.000189, 0.000174
2257, 0.000338, 0.000216, 0.000199
2258, 0.000337, 0.000200, 0.000184
2259, 0.000338, 0.000206, 0.000189
2260, 0.000337, 0.000201, 0.000185
2261, 0.000338, 0.000209, 0.000193
2262, 0.000335, 0.000198, 0.000182
2263, 0.000339, 0.000205, 0.000189
2264, 0.000335, 0.000190, 0.000175
2265, 0.000339, 0.000227, 0.000209
2266, 0.000338, 0.000191, 0.000175
2267, 0.000335, 0.000202, 0.000185
2268, 0.000335, 0.000211, 0.000193
2269, 0.000334, 0.000187, 0.000171
2270, 0.000337, 0.000226, 0.000209
2271, 0.000338, 0.000194, 0.000177
2272, 0.000334, 0.000213, 0.000195
2273, 0.000335, 0.000200, 0.000183
2274, 0.000335, 0.000199, 0.000182
2275, 0.000334, 0.000203, 0.000186
2276, 0.000335, 0.000204, 0.000187
2277, 0.000334, 0.000207, 0.000190
2278, 0.000334, 0.000205, 0.000188
2279, 0.000336, 0.000198, 0.000182
2280, 0.000333, 0.000206, 0.000189
2281, 0.000335, 0.000206, 0.000190
2282, 0.000333, 0.000191, 0.000175
2283, 0.000334, 0.000231, 0.000215
2284, 0.000336, 0.000185, 0.000170
2285, 0.000337, 0.000233, 0.000215
2286, 0.000338, 0.000185, 0.000170
2287, 0.000337, 0.000219, 0.000201
2288, 0.000333, 0.000201, 0.000184
2289, 0.000335, 0.000207, 0.000190
2290, 0.000333, 0.000210, 0.000192
2291, 0.000332, 0.000197, 0.000180
2292, 0.000333, 0.000209, 0.000192
2293, 0.000333, 0.000192, 0.000176
2294, 0.000333, 0.000217, 0.000199
2295, 0.000332, 0.000200, 0.000185
2296, 0.000334, 0.000204, 0.000187
2297, 0.000331, 0.000212, 0.000196
2298, 0.000335, 0.000194, 0.000178
2299, 0.000335, 0.000220, 0.000202
2300, 0.000332, 0.000190, 0.000174
2301, 0.000332, 0.000213, 0.000196
2302, 0.000332, 0.000204, 0.000186
2303, 0.000332, 0.000208, 0.000191
2304, 0.000332, 0.000196, 0.000180
2305, 0.000331, 0.000217, 0.000198
2306, 0.000332, 0.000211, 0.000194
2307, 0.000333, 0.000186, 0.000170
2308, 0.000333, 0.000264, 0.000246
2309, 0.000341, 0.000169, 0.000154
2310, 0.000344, 0.000283, 0.000264
2311, 0.000349, 0.000166, 0.000150
2312, 0.000348, 0.000275, 0.000255
2313, 0.000348, 0.000172, 0.000157
2314, 0.000339, 0.000232, 0.000213
2315, 0.000333, 0.000201, 0.000184
2316, 0.000331, 0.000184, 0.000168
2317, 0.000331, 0.000246, 0.000227
2318, 0.000337, 0.000168, 0.000154
2319, 0.000343, 0.000280, 0.000261
2320, 0.000348, 0.000169, 0.000154
2321, 0.000344, 0.000239, 0.000221
2322, 0.000334, 0.000190, 0.000174
2323, 0.000329, 0.000190, 0.000173
2324, 0.000331, 0.000228, 0.000209
2325, 0.000330, 0.000180, 0.000164
2326, 0.000331, 0.000223, 0.000202
2327, 0.000329, 0.000184, 0.000167
2328, 0.000329, 0.000213, 0.000195
2329, 0.000327, 0.000190, 0.000173
2330, 0.000328, 0.000199, 0.000183
2331, 0.000326, 0.000202, 0.000185
2332, 0.000328, 0.000183, 0.000167
2333, 0.000327, 0.000222, 0.000205
2334, 0.000330, 0.000182, 0.000166
2335, 0.000326, 0.000220, 0.000201
2336, 0.000329, 0.000184, 0.000168
2337, 0.000332, 0.000220, 0.000201
2338, 0.000330, 0.000188, 0.000171
2339, 0.000325, 0.000206, 0.000190
2340, 0.000326, 0.000202, 0.000185
2341, 0.000322, 0.000188, 0.000171
2342, 0.000327, 0.000229, 0.000212
2343, 0.000330, 0.000172, 0.000156
2344, 0.000331, 0.000246, 0.000226
2345, 0.000334, 0.000175, 0.000159
2346, 0.000330, 0.000213, 0.000195
2347, 0.000325, 0.000206, 0.000187
2348, 0.000324, 0.000180, 0.000163
2349, 0.000326, 0.000232, 0.000213
2350, 0.000328, 0.000174, 0.000158
2351, 0.000329, 0.000231, 0.000213
2352, 0.000329, 0.000174, 0.000159
2353, 0.000330, 0.000226, 0.000208
2354, 0.000327, 0.000179, 0.000163
2355, 0.000325, 0.000225, 0.000207
2356, 0.000327, 0.000182, 0.000165
2357, 0.000324, 0.000203, 0.000185
2358, 0.000321, 0.000200, 0.000182
2359, 0.000321, 0.000198, 0.000180
2360, 0.000323, 0.000195, 0.000177
2361, 0.000321, 0.000218, 0.000199
2362, 0.000324, 0.000176, 0.000160
2363, 0.000326, 0.000234, 0.000215
2364, 0.000326, 0.000176, 0.000160
2365, 0.000323, 0.000212, 0.000193
2366, 0.000323, 0.000191, 0.000174
2367, 0.000321, 0.000195, 0.000177
2368, 0.000320, 0.000203, 0.000185
2369, 0.000319, 0.000193, 0.000175
2370, 0.000323, 0.000201, 0.000183
2371, 0.000320, 0.000192, 0.000175
2372, 0.000320, 0.000201, 0.000183
2373, 0.000320, 0.000191, 0.000173
2374, 0.000320, 0.000210, 0.000192
2375, 0.000320, 0.000196, 0.000178
2376, 0.000320, 0.000195, 0.000177
2377, 0.000319, 0.000215, 0.000197
2378, 0.000320, 0.000183, 0.000167
2379, 0.000321, 0.000213, 0.000195
2380, 0.000320, 0.000186, 0.000169
2381, 0.000321, 0.000217, 0.000199
2382, 0.000317, 0.000193, 0.000176
2383, 0.000318, 0.000195, 0.000177
2384, 0.000320, 0.000214, 0.000196
2385, 0.000320, 0.000187, 0.000169
2386, 0.000319, 0.000219, 0.000200
2387, 0.000320, 0.000177, 0.000160
2388, 0.000324, 0.000224, 0.000205
2389, 0.000319, 0.000188, 0.000171
2390, 0.000320, 0.000202, 0.000185
2391, 0.000318, 0.000211, 0.000193
2392, 0.000318, 0.000183, 0.000167
2393, 0.000318, 0.000234, 0.000215
2394, 0.000324, 0.000180, 0.000163
2395, 0.000321, 0.000234, 0.000215
2396, 0.000321, 0.000175, 0.000159
2397, 0.000321, 0.000237, 0.000218
2398, 0.000323, 0.000173, 0.000158
2399, 0.000324, 0.000219, 0.000201
2400, 0.000317, 0.000204, 0.000186
2401, 0.000314, 0.000180, 0.000164
2402, 0.000318, 0.000226, 0.000207
2403, 0.000318, 0.000183, 0.000166
2404, 0.000321, 0.000218, 0.000201
2405, 0.000318, 0.000184, 0.000168
2406, 0.000315, 0.000223, 0.000205
2407, 0.000317, 0.000181, 0.000165
2408, 0.000316, 0.000220, 0.000202
2409, 0.000317, 0.000183, 0.000167
2410, 0.000314, 0.000205, 0.000188
2411, 0.000315, 0.000205, 0.000188
2412, 0.000314, 0.000181, 0.000165
2413, 0.000316, 0.000223, 0.000205
2414, 0.000318, 0.000184, 0.000168
2415, 0.000315, 0.000201, 0.000185
2416, 0.000314, 0.000209, 0.000192
2417, 0.000313, 0.000182, 0.000167
2418, 0.000315, 0.000229, 0.000211
2419, 0.000315, 0.000175, 0.000159
2420, 0.000313, 0.000218, 0.000200
2421, 0.000313, 0.000197, 0.000179
2422, 0.000312, 0.000182, 0.000165
2423, 0.000316, 0.000236, 0.000216
2424, 0.000318, 0.000173, 0.000156
2425, 0.000316, 0.000236, 0.000217
2426, 0.000317, 0.000172, 0.000156
2427, 0.000318, 0.000237, 0.000219
2428, 0.000318, 0.000176, 0.000161
2429, 0.000314, 0.000212, 0.000195
2430, 0.000309, 0.000201, 0.000185
2431, 0.000310, 0.000185, 0.000169
2432, 0.000312, 0.000228, 0.000210
2433, 0.000312, 0.000175, 0.000160
2434, 0.000315, 0.000223, 0.000205
2435, 0.000313, 0.000199, 0.000181
2436, 0.000310, 0.000186, 0.000170
2437, 0.000310, 0.000220, 0.000202
2438, 0.000312, 0.000180, 0.000163
2439, 0.000312, 0.000223, 0.000205
2440, 0.000313, 0.000173, 0.000157
2441, 0.000314, 0.000231, 0.000212
2442, 0.000313, 0.000182, 0.000165
2443, 0.000311, 0.000204, 0.000186
2444, 0.000310, 0.000202, 0.000183
2445, 0.000310, 0.000191, 0.000173
2446, 0.000308, 0.000212, 0.000194
2447, 0.000311, 0.000182, 0.000165
2448, 0.000308, 0.000218, 0.000199
2449, 0.000312, 0.000181, 0.000164
2450, 0.000309, 0.000219, 0.000200
2451, 0.000309, 0.000189, 0.000172
2452, 0.000310, 0.000203, 0.000186
2453, 0.000308, 0.000200, 0.000184
2454, 0.000307, 0.000188, 0.000170
2455, 0.000309, 0.000224, 0.000206
2456, 0.000310, 0.000170, 0.000154
2457, 0.000311, 0.000259, 0.000239
2458, 0.000317, 0.000159, 0.000143
2459, 0.000321, 0.000266, 0.000245
2460, 0.000319, 0.000163, 0.000146
2461, 0.000318, 0.000245, 0.000225
2462, 0.000312, 0.000180, 0.000162
2463, 0.000307, 0.000185, 0.000168
2464, 0.000307, 0.000242, 0.000221
2465, 0.000313, 0.000160, 0.000145
2466, 0.000321, 0.000295, 0.000272
2467, 0.000329, 0.000156, 0.000141
2468, 0.000332, 0.000284, 0.000264
2469, 0.000328, 0.000162, 0.000146
2470, 0.000316, 0.000218, 0.000199
2471, 0.000308, 0.000209, 0.000192
2472, 0.000306, 0.000161, 0.000145
2473, 0.000314, 0.000271, 0.000252
2474, 0.000322, 0.000158, 0.000143
2475, 0.000318, 0.000238, 0.000220
2476, 0.000312, 0.000188, 0.000170
2477, 0.000307, 0.000172, 0.000155
2478, 0.000306, 0.000240, 0.000220
2479, 0.000311, 0.000163, 0.000147
2480, 0.000313, 0.000231, 0.000211
2481, 0.000310, 0.000180, 0.000163
2482, 0.000306, 0.000181, 0.000164
2483, 0.000305, 0.000230, 0.000210
2484, 0.000307, 0.000163, 0.000147
2485, 0.000312, 0.000221, 0.000202
2486, 0.000306, 0.000188, 0.000171
2487, 0.000301, 0.000178, 0.000162
2488, 0.000303, 0.000216, 0.000198
2489, 0.000304, 0.000173, 0.000157
2490, 0.000303, 0.000194, 0.000177
2491, 0.000302, 0.000207, 0.000190
2492, 0.000302, 0.000174, 0.000158
2493, 0.000306, 0.000225, 0.000207
2494, 0.000304, 0.000172, 0.000156
2495, 0.000302, 0.000202, 0.000183
2496, 0.000304, 0.000186, 0.000169
2497, 0.000301, 0.000189, 0.000171
2498, 0.000299, 0.000193, 0.000175
2499, 0.000301, 0.000188, 0.000170
2500, 0.000298, 0.000191, 0.000174
2501, 0.000302, 0.000191, 0.000174
2502, 0.000300, 0.000185, 0.000168
2503, 0.000300, 0.000208, 0.000190
2504, 0.000301, 0.000177, 0.000161
2505, 0.000302, 0.000216, 0.000196
2506, 0.000303, 0.000173, 0.000157
2507, 0.000303, 0.000207, 0.000188
2508, 0.000299, 0.000182, 0.000164
2509, 0.000301, 0.000196, 0.000179
2510, 0.000299, 0.000193, 0.000175
2511, 0.000299, 0.000193, 0.000175
2512, 0.000297, 0.000188, 0.000171
2513, 0.000300, 0.000196, 0.000178
2514, 0.000300, 0.000192, 0.000174
2515, 0.000299, 0.000202, 0.000184
2516, 0.000298, 0.000183, 0.000166
2517, 0.000298, 0.000203, 0.000185
2518, 0.000297, 0.000181, 0.000165
2519, 0.000297, 0.000197, 0.000181
2520, 0.000296, 0.000185, 0.000168
2521, 0.000297, 0.000210, 0.000192
2522, 0.000297, 0.000182, 0.000165
2523, 0.000296, 0.000198, 0.000180
2524, 0.000297, 0.000212, 0.000193
2525, 0.000296, 0.000164, 0.000147
2526, 0.000299, 0.000239, 0.000219
2527, 0.000302, 0.000168, 0.000152
2528, 0.000299, 0.000206, 0.000188
2529, 0.000295, 0.000193, 0.000175
2530, 0.000295, 0.000182, 0.000166
2531, 0.000296, 0.000211, 0.000193
2532, 0.000295, 0.000177, 0.000160
2533, 0.000296, 0.000215, 0.000196
2534, 0.000296, 0.000171, 0.000154
2535, 0.000298, 0.000226, 0.000207
2536, 0.000299, 0.000167, 0.000150
2537, 0.000300, 0.000233, 0.000214
2538, 0.000297, 0.000172, 0.000156
2539, 0.000295, 0.000203, 0.000185
2540, 0.000295, 0.000200, 0.000182
2541, 0.000294, 0.000176, 0.000160
2542, 0.000294, 0.000238, 0.000219
2543, 0.000298, 0.000161, 0.000145
2544, 0.000300, 0.000234, 0.000215
2545, 0.000297, 0.000171, 0.000155
2546, 0.000292, 0.000191, 0.000173
2547, 0.000292, 0.000206, 0.000187
2548, 0.000291, 0.000176, 0.000159
2549, 0.000291, 0.000197, 0.000179
2550, 0.000292, 0.000205, 0.000187
2551, 0.000291, 0.000169, 0.000153
2552, 0.000296, 0.000249, 0.000230
2553, 0.000301, 0.000154, 0.000138
2554, 0.000306, 0.000266, 0.000246
2555, 0.000305, 0.000157, 0.000141
2556, 0.000300, 0.000219, 0.000201
2557, 0.000293, 0.000191, 0.000174
2558, 0.000289, 0.000170, 0.000153
2559, 0.000292, 0.000235, 0.000216
2560, 0.000295, 0.000160, 0.000145
2561, 0.000293, 0.000218, 0.000199
2562, 0.000291, 0.000185, 0.000167
2563, 0.000287, 0.000176, 0.000160
2564, 0.000291, 0.000223, 0.000207
2565, 0.000295, 0.000182, 0.000165
2566, 0.000297, 0.000211, 0.000194
2567, 0.000293, 0.000185, 0.000169
2568, 0.000291, 0.000189, 0.000172
2569, 0.000292, 0.000209, 0.000191
2570, 0.000292, 0.000169, 0.000152
2571, 0.000292, 0.000222, 0.000201
2572, 0.000292, 0.000180, 0.000163
2573, 0.000290, 0.000192, 0.000173
2574, 0.000287, 0.000215, 0.000196
2575, 0.000289, 0.000163, 0.000148
2576, 0.000293, 0.000237, 0.000219
2577, 0.000294, 0.000163, 0.000148
2578, 0.000293, 0.000223, 0.000206
2579, 0.000292, 0.000180, 0.000163
2580, 0.000286, 0.000192, 0.000174
2581, 0.000286, 0.000195, 0.000177
2582, 0.000286, 0.000178, 0.000161
2583, 0.000284, 0.000204, 0.000185
2584, 0.000285, 0.000180, 0.000164
2585, 0.000285, 0.000194, 0.000177
2586, 0.000282, 0.000181, 0.000164
2587, 0.000286, 0.000206, 0.000190
2588, 0.000288, 0.000174, 0.000158
2589, 0.000286, 0.000217, 0.000199
2590, 0.000288, 0.000165, 0.000149
2591, 0.000286, 0.000222, 0.000203
2592, 0.000288, 0.000172, 0.000155
2593, 0.000287, 0.000202, 0.000185
2594, 0.000286, 0.000195, 0.000176
2595, 0.000285, 0.000178, 0.000160
2596, 0.000286, 0.000217, 0.000200
2597, 0.000288, 0.000169, 0.000153
2598, 0.000284, 0.000203, 0.000186
2599, 0.000286, 0.000188, 0.000172
2600, 0.000282, 0.000184, 0.000167
2601, 0.000283, 0.000204, 0.000186
2602, 0.000282, 0.000176, 0.000159
2603, 0.000281, 0.000196, 0.000178
2604, 0.000281, 0.000189, 0.000170
2605, 0.000285, 0.000196, 0.000179
2606, 0.000279, 0.000188, 0.000172
2607, 0.000280, 0.000178, 0.000161
2608, 0.000280, 0.000206, 0.000189
2609, 0.000279, 0.000168, 0.000152
2610, 0.000282, 0.000211, 0.000194
2611, 0.000283, 0.000178, 0.000162
2612, 0.000281, 0.000184, 0.000168
2613, 0.000280, 0.000206, 0.000188
2614, 0.000280, 0.000175, 0.000159
2615, 0.000280, 0.000203, 0.000186
2616, 0.000279, 0.000188, 0.000170
2617, 0.000280, 0.000190, 0.000172
2618, 0.000280, 0.000188, 0.000170
2619, 0.000278, 0.000185, 0.000167
2620, 0.000280, 0.000194, 0.000176
2621, 0.000278, 0.000178, 0.000160
2622, 0.000277, 0.000210, 0.000190
2623, 0.000279, 0.000168, 0.000153
2624, 0.000280, 0.000220, 0.000202
2625, 0.000281, 0.000166, 0.000150
2626, 0.000283, 0.000223, 0.000207
2627, 0.000283, 0.000165, 0.000149
2628, 0.000281, 0.000227, 0.000209
2629, 0.000282, 0.000168, 0.000152
2630, 0.000278, 0.000192, 0.000176
2631, 0.000276, 0.000187, 0.000170
2632, 0.000277, 0.000178, 0.000162
2633, 0.000275, 0.000198, 0.000182
2634, 0.000277, 0.000179, 0.000163
2635, 0.000276, 0.000192, 0.000175
2636, 0.000274, 0.000190, 0.000173
2637, 0.000273, 0.000189, 0.000171
2638, 0.000276, 0.000188, 0.000171
2639, 0.000274, 0.000189, 0.000172
2640, 0.000273, 0.000195, 0.000178
2641, 0.000273, 0.000181, 0.000165
2642, 0.000272, 0.000188, 0.000172
2643, 0.000273, 0.000194, 0.000177
2644, 0.000273, 0.000175, 0.000160
2645, 0.000276, 0.000206, 0.000189
2646, 0.000274, 0.000167, 0.000152
2647, 0.000275, 0.000223, 0.000206
2648, 0.000275, 0.000165, 0.000150
2649, 0.000275, 0.000205, 0.000187
2650, 0.000273, 0.000197, 0.000179
2651, 0.000272, 0.000157, 0.000141
2652, 0.000278, 0.000281, 0.000259
2653, 0.000289, 0.000136, 0.000121
2654, 0.000304, 0.000344, 0.000320
2655, 0.000314, 0.000136, 0.000122
2656, 0.000315, 0.000307, 0.000285
2657, 0.000304, 0.000141, 0.000126
2658, 0.000286, 0.000216, 0.000197
2659, 0.000272, 0.000202, 0.000184
2660, 0.000270, 0.000144, 0.000129
2661, 0.000281, 0.000277, 0.000257
2662, 0.000291, 0.000140, 0.000126
2663, 0.000286, 0.000223, 0.000205
2664, 0.000276, 0.000184, 0.000168
2665, 0.000269, 0.000148, 0.000134
2666, 0.000275, 0.000246, 0.000228
2667, 0.000278, 0.000146, 0.000132
2668, 0.000279, 0.000217, 0.000199
2669, 0.000273, 0.000166, 0.000150
2670, 0.000267, 0.000165, 0.000149
2671, 0.000268, 0.000211, 0.000193
2672, 0.000270, 0.000148, 0.000134
2673, 0.000272, 0.000210, 0.000193
2674, 0.000272, 0.000168, 0.000153
2675, 0.000268, 0.000172, 0.000157
2676, 0.000267, 0.000206, 0.000190
2677, 0.000268, 0.000147, 0.000132
2678, 0.000275, 0.000217, 0.000199
2679, 0.000271, 0.000166, 0.000150
2680, 0.000265, 0.000160, 0.000143
2681, 0.000266, 0.000213, 0.000194
2682, 0.000272, 0.000150, 0.000134
2683, 0.000272, 0.000200, 0.000182
2684, 0.000266, 0.000177, 0.000161
2685, 0.000263, 0.000163, 0.000148
2686, 0.000265, 0.000203, 0.000187
2687, 0.000268, 0.000151, 0.000137
2688, 0.000269, 0.000198, 0.000182
2689, 0.000263, 0.000174, 0.000158
2690, 0.000264, 0.000158, 0.000143
2691, 0.000265, 0.000221, 0.000203
2692, 0.000268, 0.000147, 0.000132
2693, 0.000270, 0.000193, 0.000175
2694, 0.000265, 0.000180, 0.000163
2695, 0.000262, 0.000157, 0.000142
2696, 0.000263, 0.000218, 0.000200
2697, 0.000266, 0.000147, 0.000133
2698, 0.000269, 0.000221, 0.000203
2699, 0.000266, 0.000157, 0.000142
2700, 0.000264, 0.000174, 0.000158
2701, 0.000260, 0.000193, 0.000176
2702, 0.000260, 0.000157, 0.000142
2703, 0.000262, 0.000196, 0.000179
2704, 0.000261, 0.000170, 0.000154
2705, 0.000259, 0.000165, 0.000150
2706, 0.000260, 0.000199, 0.000182
2707, 0.000262, 0.000156, 0.000141
2708, 0.000261, 0.000187, 0.000170
2709, 0.000260, 0.000179, 0.000163
2710, 0.000261, 0.000158, 0.000142
2711, 0.000262, 0.000209, 0.000191
2712, 0.000263, 0.000148, 0.000134
2713, 0.000266, 0.000213, 0.000196
2714, 0.000264, 0.000154, 0.000141
2715, 0.000260, 0.000185, 0.000169
2716, 0.000256, 0.000191, 0.000175
2717, 0.000256, 0.000151, 0.000137
2718, 0.000261, 0.000214, 0.000197
2719, 0.000264, 0.000141, 0.000127
2720, 0.000266, 0.000227, 0.000209
2721, 0.000265, 0.000151, 0.000136
2722, 0.000259, 0.000189, 0.000172
2723, 0.000257, 0.000191, 0.000175
2724, 0.000257, 0.000149, 0.000134
2725, 0.000261, 0.000234, 0.000216
2726, 0.000266, 0.000142, 0.000128
2727, 0.000268, 0.000219, 0.000202
2728, 0.000263, 0.000156, 0.000141
2729, 0.000259, 0.000177, 0.000161
2730, 0.000257, 0.000200, 0.000183
2731, 0.000256, 0.000141, 0.000127
2732, 0.000263, 0.000238, 0.000221
2733, 0.000268, 0.000145, 0.000131
2734, 0.000258, 0.000186, 0.000171
2735, 0.000254, 0.000197, 0.000182
2736, 0.000256, 0.000140, 0.000127
2737, 0.000260, 0.000220, 0.000203
2738, 0.000259, 0.000149, 0.000134
2739, 0.000255, 0.000176, 0.000160
2740, 0.000253, 0.000193, 0.000175
2741, 0.000255, 0.000145, 0.000130
2742, 0.000257, 0.000217, 0.000198
2743, 0.000256, 0.000157, 0.000141
2744, 0.000254, 0.000174, 0.000158
2745, 0.000254, 0.000193, 0.000176
2746, 0.000252, 0.000145, 0.000130
2747, 0.000257, 0.000227, 0.000210
2748, 0.000261, 0.000139, 0.000125
2749, 0.000259, 0.000208, 0.000191
2750, 0.000255, 0.000160, 0.000146
2751, 0.000251, 0.000155, 0.000140
2752, 0.000253, 0.000228, 0.000210
2753, 0.000260, 0.000128, 0.000115
2754, 0.000263, 0.000234, 0.000216
2755, 0.000260, 0.000146, 0.000132
2756, 0.000250, 0.000166, 0.000150
2757, 0.000250, 0.000208, 0.000190
2758, 0.000253, 0.000132, 0.000118
2759, 0.000261, 0.000245, 0.000226
2760, 0.000261, 0.000140, 0.000126
2761, 0.000255, 0.000187, 0.000171
2762, 0.000248, 0.000176, 0.000161
2763, 0.000246, 0.000146, 0.000132
2764, 0.000249, 0.000197, 0.000181
2765, 0.000251, 0.000158, 0.000144
2766, 0.000249, 0.000161, 0.000146
2767, 0.000248, 0.000199, 0.000184
2768, 0.000250, 0.000136, 0.000124
2769, 0.000253, 0.000201, 0.000186
2770, 0.000249, 0.000155, 0.000141
2771, 0.000245, 0.000156, 0.000142
2772, 0.000246, 0.000198, 0.000182
2773, 0.000248, 0.000135, 0.000121
2774, 0.000250, 0.000216, 0.000199
2775, 0.000251, 0.000152, 0.000137
2776, 0.000244, 0.000148, 0.000134
2777, 0.000244, 0.000217, 0.000200
2778, 0.000250, 0.000133, 0.000120
2779, 0.000253, 0.000200, 0.000185
2780, 0.000246, 0.000164, 0.000150
2781, 0.000244, 0.000142, 0.000129
2782, 0.000245, 0.000229, 0.000212
2783, 0.000256, 0.000123, 0.000110
2784, 0.000261, 0.000230, 0.000213
2785, 0.000255, 0.000152, 0.000138
2786, 0.000242, 0.000145, 0.000131
2787, 0.000245, 0.000226, 0.000209
2788, 0.000252, 0.000126, 0.000113
2789, 0.000257, 0.000222, 0.000204
2790, 0.000250, 0.000143, 0.000129
2791, 0.000244, 0.000166, 0.000151
2792, 0.000241, 0.000192, 0.000177
2793, 0.000244, 0.000136, 0.000123
2794, 0.000245, 0.000200, 0.000186
2795, 0.000245, 0.000135, 0.000123
2796, 0.000244, 0.000186, 0.000172
2797, 0.000242, 0.000153, 0.000141
2798, 0.000240, 0.000157, 0.000144
2799, 0.000238, 0.000178, 0.000164
2800, 0.000240, 0.000142, 0.000129
2801, 0.000240, 0.000189, 0.000173
2802, 0.000240, 0.000148, 0.000135
2803, 0.000238, 0.000167, 0.000153
2804, 0.000237, 0.000164, 0.000150
2805, 0.000238, 0.000159, 0.000146
2806, 0.000238, 0.000168, 0.000155
2807, 0.000237, 0.000151, 0.000138
2808, 0.000236, 0.000187, 0.000174
2809, 0.000238, 0.000147, 0.000134
2810, 0.000236, 0.000163, 0.000150
2811, 0.000237, 0.000181, 0.000166
2812, 0.000236, 0.000131, 0.000118
2813, 0.000243, 0.000216, 0.000201
2814, 0.000243, 0.000136, 0.000124
2815, 0.000240, 0.000166, 0.000152
2816, 0.000237, 0.000186, 0.000172
2817, 0.000239, 0.000129, 0.000117
2818, 0.000242, 0.000218, 0.000203
2819, 0.000245, 0.000135, 0.000123
2820, 0.000239, 0.000165, 0.000152
2821, 0.000233, 0.000193, 0.000179
2822, 0.000236, 0.000129, 0.000118
2823, 0.000241, 0.000218, 0.000204
2824, 0.000242, 0.000135, 0.000124
2825, 0.000236, 0.000171, 0.000158
2826, 0.000232, 0.000190, 0.000177
2827, 0.000236, 0.000124, 0.000112
2828, 0.000240, 0.000223, 0.000207
2829, 0.000242, 0.000132, 0.000120
2830, 0.000239, 0.000173, 0.000157
2831, 0.000231, 0.000171, 0.000156
2832, 0.000233, 0.000136, 0.000124
2833, 0.000238, 0.000220, 0.000203
2834, 0.000241, 0.000128, 0.000115
2835, 0.000239, 0.000191, 0.000176
2836, 0.000234, 0.000159, 0.000146
2837, 0.000230, 0.000134, 0.000122
2838, 0.000233, 0.000208, 0.000195
2839, 0.000238, 0.000131, 0.000120
2840, 0.000233, 0.000163, 0.000150
2841, 0.000229, 0.000170, 0.000158
2842, 0.000231, 0.000136, 0.000124
2843, 0.000230, 0.000191, 0.000177
2844, 0.000233, 0.000145, 0.000133
2845, 0.000232, 0.000164, 0.000151
2846, 0.000227, 0.000162, 0.000148
2847, 0.000229, 0.000148, 0.000135
2848, 0.000228, 0.000182, 0.000167
2849, 0.000229, 0.000140, 0.000127
2850, 0.000230, 0.000171, 0.000157
2851, 0.000228, 0.000151, 0.000137
2852, 0.000225, 0.000156, 0.000142
2853, 0.000227, 0.000180, 0.000167
2854, 0.000230, 0.000130, 0.000118
2855, 0.000230, 0.000205, 0.000190
2856, 0.000234, 0.000134, 0.000123
2857, 0.000233, 0.000170, 0.000157
2858, 0.000227, 0.000171, 0.000158
2859, 0.000224, 0.000126, 0.000115
2860, 0.000232, 0.000213, 0.000198
2861, 0.000231, 0.000132, 0.000120
2862, 0.000228, 0.000161, 0.000149
2863, 0.000225, 0.000183, 0.000169
2864, 0.000225, 0.000125, 0.000114
2865, 0.000229, 0.000196, 0.000184
2866, 0.000230, 0.000132, 0.000121
2867, 0.000225, 0.000166, 0.000153
2868, 0.000223, 0.000156, 0.000144
2869, 0.000224, 0.000142, 0.000129
2870, 0.000222, 0.000172, 0.000158
2871, 0.000220, 0.000149, 0.000137
2872, 0.000222, 0.000146, 0.000133
2873, 0.000220, 0.000188, 0.000175
2874, 0.000224, 0.000123, 0.000113
2875, 0.000229, 0.000214, 0.000200
2876, 0.000229, 0.000123, 0.000112
2877, 0.000227, 0.000187, 0.000174
2878, 0.000223, 0.000152, 0.000139
2879, 0.000220, 0.000136, 0.000124
2880, 0.000221, 0.000179, 0.000166
2881, 0.000222, 0.000141, 0.000129
2882, 0.000220, 0.000154, 0.000141
2883, 0.000219, 0.000164, 0.000151
2884, 0.000219, 0.000147, 0.000135
2885, 0.000219, 0.000154, 0.000141
2886, 0.000217, 0.000165, 0.000153
2887, 0.000219, 0.000146, 0.000134
2888, 0.000218, 0.000164, 0.000151
2889, 0.000217, 0.000141, 0.000129
2890, 0.000217, 0.000170, 0.000157
2891, 0.000219, 0.000133, 0.000121
2892, 0.000218, 0.000174, 0.000161
2893, 0.000217, 0.000143, 0.000130
2894, 0.000216, 0.000151, 0.000139
2895, 0.000214, 0.000154, 0.000142
2896, 0.000213, 0.000154, 0.000142
2897, 0.000215, 0.000139, 0.000128
2898, 0.000216, 0.000176, 0.000164
2899, 0.000215, 0.000134, 0.000123
2900, 0.000216, 0.000173, 0.000160
2901, 0.000216, 0.000149, 0.000138
2902, 0.000215, 0.000149, 0.000138
2903, 0.000217, 0.000169, 0.000156
2904, 0.000216, 0.000139, 0.000128
2905, 0.000214, 0.000161, 0.000149
2906, 0.000215, 0.000145, 0.000133
2907, 0.000212, 0.000147, 0.000136
2908, 0.000212, 0.000160, 0.000149
2909, 0.000211, 0.000154, 0.000143
2910, 0.000212, 0.000148, 0.000138
2911, 0.000210, 0.000155, 0.000145
2912, 0.000209, 0.000151, 0.000140
2913, 0.000211, 0.000146, 0.000136
2914, 0.000213, 0.000167, 0.000155
2915, 0.000211, 0.000131, 0.000121
2916, 0.000211, 0.000174, 0.000163
2917, 0.000212, 0.000131, 0.000121
2918, 0.000212, 0.000174, 0.000162
2919, 0.000211, 0.000133, 0.000122
2920, 0.000212, 0.000166, 0.000152
2921, 0.000210, 0.000157, 0.000144
2922, 0.000207, 0.000137, 0.000125
2923, 0.000212, 0.000184, 0.000170
2924, 0.000212, 0.000129, 0.000119
2925, 0.000212, 0.000176, 0.000165
2926, 0.000209, 0.000143, 0.000132
2927, 0.000208, 0.000145, 0.000135
2928, 0.000208, 0.000186, 0.000174
2929, 0.000212, 0.000111, 0.000101
2930, 0.000220, 0.000256, 0.000242
2931, 0.000232, 0.000099, 0.000089
2932, 0.000245, 0.000300, 0.000284
2933, 0.000251, 0.000098, 0.000089
2934, 0.000246, 0.000263, 0.000248
2935, 0.000233, 0.000112, 0.000103
2936, 0.000221, 0.000160, 0.000148
2937, 0.000208, 0.000177, 0.000166
2938, 0.000209, 0.000109, 0.000099
2939, 0.000218, 0.000218, 0.000204
2940, 0.000221, 0.000115, 0.000106
2941, 0.000211, 0.000155, 0.000144
2942, 0.000206, 0.000172, 0.000159
2943, 0.000208, 0.000114, 0.000105
2944, 0.000211, 0.000182, 0.000171
2945, 0.000208, 0.000130, 0.000120
2946, 0.000206, 0.000135, 0.000125
2947, 0.000206, 0.000180, 0.000167
2948, 0.000210, 0.000105, 0.000095
2949, 0.000218, 0.000228, 0.000214
2950, 0.000225, 0.000103, 0.000093
2951, 0.000217, 0.000187, 0.000174
2952, 0.000210, 0.000133, 0.000123
2953, 0.000203, 0.000132, 0.000122
2954, 0.000203, 0.000180, 0.000168
2955, 0.000206, 0.000115, 0.000106
2956, 0.000208, 0.000158, 0.000146
2957, 0.000203, 0.000144, 0.000133
2958, 0.000200, 0.000123, 0.000113
2959, 0.000204, 0.000170, 0.000158
2960, 0.000203, 0.000127, 0.000116
2961, 0.000201, 0.000133, 0.000123
2962, 0.000201, 0.000178, 0.000167
2963, 0.000204, 0.000106, 0.000097
2964, 0.000209, 0.000191, 0.000180
2965, 0.000207, 0.000128, 0.000118
2966, 0.000198, 0.000118, 0.000108
2967, 0.000203, 0.000212, 0.000200
2968, 0.000215, 0.000097, 0.000087
2969, 0.000220, 0.000213, 0.000199
2970, 0.000214, 0.000120, 0.000110
2971, 0.000204, 0.000134, 0.000124
2972, 0.000198, 0.000176, 0.000164
2973, 0.000203, 0.000108, 0.000100
2974, 0.000209, 0.000186, 0.000174
2975, 0.000206, 0.000114, 0.000105
2976, 0.000200, 0.000144, 0.000134
2977, 0.000196, 0.000167, 0.000156
2978, 0.000199, 0.000103, 0.000094
2979, 0.000208, 0.000212, 0.000200
2980, 0.000210, 0.000107, 0.000098
2981, 0.000203, 0.000139, 0.000129
2982, 0.000195, 0.000189, 0.000177
2983, 0.000203, 0.000095, 0.000086
2984, 0.000214, 0.000210, 0.000197
2985, 0.000209, 0.000115, 0.000105
2986, 0.000198, 0.000120, 0.000110
2987, 0.000196, 0.000191, 0.000178
2988, 0.000203, 0.000103, 0.000093
2989, 0.000201, 0.000166, 0.000154
2990, 0.000198, 0.000130, 0.000120
2991, 0.000194, 0.000128, 0.000118
2992, 0.000194, 0.000150, 0.000139
2993, 0.000194, 0.000125, 0.000115
2994, 0.000194, 0.000144, 0.000133
2995, 0.000195, 0.000137, 0.000127
2996, 0.000193, 0.000125, 0.000116
2997, 0.000194, 0.000149, 0.000138
2998, 0.000194, 0.000130, 0.000120
2999, 0.000190, 0.000129, 0.000119
3000, 0.000192, 0.000153, 0.000142
3001, 0.000194, 0.000115, 0.000105
3002, 0.000195, 0.000151, 0.000140
3003, 0.000191, 0.000143, 0.000132
3004, 0.000190, 0.000112, 0.000103
3005, 0.000194, 0.000186, 0.000174
3006, 0.000199, 0.000104, 0.000095
3007, 0.000200, 0.000159, 0.000149
3008, 0.000194, 0.000134, 0.000124
3009, 0.000191, 0.000121, 0.000111
3010, 0.000191, 0.000155, 0.000144
3011, 0.000191, 0.000120, 0.000111
3012, 0.000189, 0.000132, 0.000122
3013, 0.000190, 0.000148, 0.000138
3014, 0.000190, 0.000121, 0.000111
3015, 0.000189, 0.000143, 0.000132
3016, 0.000189, 0.000142, 0.000131
3017, 0.000189, 0.000127, 0.000117
3018, 0.000188, 0.000135, 0.000125
3019, 0.000187, 0.000134, 0.000124
3020, 0.000188, 0.000137, 0.000127
3021, 0.000188, 0.000126, 0.000117
3022, 0.000187, 0.000148, 0.000139
3023, 0.000187, 0.000117, 0.000108
3024, 0.000189, 0.000141, 0.000133
3025, 0.000188, 0.000125, 0.000116
3026, 0.000187, 0.000147, 0.000138
3027, 0.000188, 0.000115, 0.000107
3028, 0.000188, 0.000153, 0.000143
3029, 0.000187, 0.000128, 0.000118
3030, 0.000186, 0.000135, 0.000126
3031, 0.000186, 0.000140, 0.000130
3032, 0.000184, 0.000123, 0.000113
3033, 0.000185, 0.000147, 0.000137
3034, 0.000188, 0.000124, 0.000114
3035, 0.000186, 0.000150, 0.000140
3036, 0.000186, 0.000116, 0.000107
3037, 0.000187, 0.000144, 0.000134
3038, 0.000186, 0.000131, 0.000121
3039, 0.000183, 0.000123, 0.000114
3040, 0.000185, 0.000158, 0.000148
3041, 0.000186, 0.000103, 0.000096
3042, 0.000189, 0.000182, 0.000173
3043, 0.000189, 0.000103, 0.000096
3044, 0.000186, 0.000145, 0.000137
3045, 0.000183, 0.000143, 0.000134
3046, 0.000182, 0.000101, 0.000093
3047, 0.000189, 0.000196, 0.000184
3048, 0.000192, 0.000096, 0.000088
3049, 0.000191, 0.000178, 0.000167
3050, 0.000187, 0.000115, 0.000107
3051, 0.000184, 0.000132, 0.000123
3052, 0.000181, 0.000154, 0.000145
3053, 0.000185, 0.000095, 0.000087
3054, 0.000189, 0.000214, 0.000202
3055, 0.000196, 0.000088, 0.000081
3056, 0.000195, 0.000183, 0.000173
3057, 0.000188, 0.000122, 0.000114
3058, 0.000178, 0.000105, 0.000098
3059, 0.000185, 0.000203, 0.000192
3060, 0.000194, 0.000084, 0.000078
3061, 0.000199, 0.000205, 0.000194
3062, 0.000195, 0.000101, 0.000093
3063, 0.000184, 0.000134, 0.000125
3064, 0.000178, 0.000154, 0.000144
3065, 0.000184, 0.000090, 0.000083
3066, 0.000191, 0.000203, 0.000193
3067, 0.000192, 0.000094, 0.000087
3068, 0.000187, 0.000133, 0.000124
3069, 0.000177, 0.000164, 0.000154
3070, 0.000182, 0.000094, 0.000086
3071, 0.000186, 0.000187, 0.000175
3072, 0.000189, 0.000092, 0.000084
3073, 0.000188, 0.000163, 0.000152
3074, 0.000180, 0.000115, 0.000106
3075, 0.000179, 0.000124, 0.000115
3076, 0.000178, 0.000146, 0.000137
3077, 0.000178, 0.000100, 0.000092
3078, 0.000182, 0.000158, 0.000148
3079, 0.000182, 0.000103, 0.000096
3080, 0.000179, 0.000139, 0.000130
3081, 0.000177, 0.000126, 0.000118
3082, 0.000175, 0.000107, 0.000099
3083, 0.000175, 0.000159, 0.000149
3084, 0.000179, 0.000100, 0.000093
3085, 0.000178, 0.000148, 0.000138
3086, 0.000177, 0.000116, 0.000107
3087, 0.000174, 0.000112, 0.000105
3088, 0.000174, 0.000157, 0.000147
3089, 0.000178, 0.000100, 0.000094
3090, 0.000177, 0.000159, 0.000150
3091, 0.000181, 0.000096, 0.000089
3092, 0.000179, 0.000161, 0.000152
3093, 0.000178, 0.000106, 0.000099
3094, 0.000175, 0.000129, 0.000121
3095, 0.000175, 0.000139, 0.000131
3096, 0.000175, 0.000099, 0.000091
3097, 0.000175, 0.000163, 0.000153
3098, 0.000178, 0.000097, 0.000090
3099, 0.000176, 0.000139, 0.000130
3100, 0.000174, 0.000123, 0.000114
3101, 0.000171, 0.000114, 0.000106
3102, 0.000172, 0.000139, 0.000131
3103, 0.000171, 0.000112, 0.000105
3104, 0.000171, 0.000136, 0.000127
3105, 0.000172, 0.000116, 0.000108
3106, 0.000172, 0.000139, 0.000130
3107, 0.000170, 0.000109, 0.000101
3108, 0.000172, 0.000140, 0.000131
3109, 0.000171, 0.000116, 0.000107
3110, 0.000170, 0.000121, 0.000113
3111, 0.000168, 0.000125, 0.000116
3112, 0.000172, 0.000109, 0.000101
3113, 0.000171, 0.000144, 0.000134
3114, 0.000171, 0.000109, 0.000101
3115, 0.000172, 0.000141, 0.000132
3116, 0.000171, 0.000105, 0.000098
3117, 0.000170, 0.000149, 0.000141
3118, 0.000172, 0.000098, 0.000092
3119, 0.000172, 0.000144, 0.000135
3120, 0.000171, 0.000111, 0.000104
3121, 0.000169, 0.000116, 0.000108
3122, 0.000170, 0.000140, 0.000131
3123, 0.000171, 0.000099, 0.000091
3124, 0.000172, 0.000157, 0.000147
3125, 0.000172, 0.000096, 0.000089
3126, 0.000171, 0.000142, 0.000132
3127, 0.000169, 0.000145, 0.000141
3128, 0.000202, 0.000196, 0.000185
3129, 0.000211, 0.000140, 0.000135
3130, 0.000191, 0.000127, 0.000120
3131, 0.000180, 0.000172, 0.000160
3132, 0.000192, 0.000133, 0.000127
3133, 0.000194, 0.000159, 0.000149
3134, 0.000183, 0.000121, 0.000113
3135, 0.000181, 0.000142, 0.000137
3136, 0.000190, 0.000145, 0.000137
3137, 0.000184, 0.000114, 0.000109
3138, 0.000173, 0.000150, 0.000145
3139, 0.000179, 0.000120, 0.000112
3140, 0.000184, 0.000148, 0.000140
3141, 0.000171, 0.000108, 0.000101
3142, 0.000169, 0.000152, 0.000141
3143, 0.000180, 0.000131, 0.000123
3144, 0.000170, 0.000103, 0.000097
3145, 0.000168, 0.000172, 0.000161
3146, 0.000179, 0.000092, 0.000088
3147, 0.000178, 0.000160, 0.000152
3148, 0.000169, 0.000112, 0.000105
3149, 0.000176, 0.000121, 0.000115
3150, 0.000174, 0.000146, 0.000137
3151, 0.000167, 0.000109, 0.000100
3152, 0.000173, 0.000141, 0.000133
3153, 0.000172, 0.000120, 0.000111
3154, 0.000164, 0.000128, 0.000119
3155, 0.000168, 0.000123, 0.000117
3156, 0.000171, 0.000118, 0.000110
3157, 0.000164, 0.000134, 0.000125
3158, 0.000168, 0.000115, 0.000109
3159, 0.000170, 0.000116, 0.000108
3160, 0.000166, 0.000134, 0.000126
3161, 0.000167, 0.000108, 0.000103
3162, 0.000171, 0.000118, 0.000111
3163, 0.000163, 0.000157, 0.000148
3164, 0.000168, 0.000083, 0.000079
3165, 0.000182, 0.000215, 0.000205
3166, 0.000185, 0.000078, 0.000072
3167, 0.000192, 0.000210, 0.000202
3168, 0.000189, 0.000080, 0.000074
3169, 0.000169, 0.000137, 0.000126
3170, 0.000168, 0.000138, 0.000131
3171, 0.000172, 0.000085, 0.000077
3172, 0.000165, 0.000172, 0.000160
3173, 0.000175, 0.000104, 0.000099
3174, 0.000176, 0.000114, 0.000107
3175, 0.000159, 0.000166, 0.000158
3176, 0.000174, 0.000084, 0.000082
3177, 0.000186, 0.000172, 0.000164
3178, 0.000170, 0.000112, 0.000103
3179, 0.000179, 0.000127, 0.000123
3180, 0.000181, 0.000135, 0.000127
3181, 0.000162, 0.000112, 0.000103
3182, 0.000180, 0.000155, 0.000149
3183, 0.000181, 0.000103, 0.000096
3184, 0.000160, 0.000139, 0.000130
3185, 0.000179, 0.000138, 0.000132
3186, 0.000176, 0.000104, 0.000096
3187, 0.000159, 0.000165, 0.000153
3188, 0.000181, 0.000097, 0.000092
3189, 0.000175, 0.000150, 0.000142
3190, 0.000164, 0.000124, 0.000115
3191, 0.000180, 0.000112, 0.000108
3192, 0.000170, 0.000142, 0.000135
3193, 0.000163, 0.000112, 0.000103
3194, 0.000183, 0.000139, 0.000133
3195, 0.000166, 0.000109, 0.000104
3196, 0.000164, 0.000125, 0.000117
3197, 0.000174, 0.000131, 0.000125
3198, 0.000159, 0.000099, 0.000094
3199, 0.000164, 0.000131, 0.000122
3200, 0.000165, 0.000117, 0.000110
3201, 0.000155, 0.000101, 0.000095
3202, 0.000160, 0.000117, 0.000109
3203, 0.000156, 0.000120, 0.000111
3204, 0.000157, 0.000099, 0.000093
3205, 0.000161, 0.000132, 0.000124
3206, 0.000159, 0.000102, 0.000094
3207, 0.000160, 0.000117, 0.000111
3208, 0.000159, 0.000123, 0.000117
3209, 0.000156, 0.000094, 0.000088
3210, 0.000161, 0.000146, 0.000139
3211, 0.000161, 0.000091, 0.000086
3212, 0.000159, 0.000121, 0.000113
3213, 0.000157, 0.000121, 0.000113
3214, 0.000155, 0.000088, 0.000082
3215, 0.000158, 0.000143, 0.000135
3216, 0.000159, 0.000094, 0.000087
3217, 0.000154, 0.000114, 0.000108
3218, 0.000156, 0.000123, 0.000117
3219, 0.000153, 0.000091, 0.000085
3220, 0.000156, 0.000141, 0.000135
3221, 0.000156, 0.000090, 0.000084
3222, 0.000154, 0.000124, 0.000117
3223, 0.000153, 0.000116, 0.000110
3224, 0.000153, 0.000086, 0.000081
3225, 0.000156, 0.000157, 0.000149
3226, 0.000159, 0.000080, 0.000075
3227, 0.000155, 0.000119, 0.000112
3228, 0.000152, 0.000127, 0.000119
3229, 0.000154, 0.000079, 0.000074
3230, 0.000157, 0.000149, 0.000141
3231, 0.000156, 0.000094, 0.000087
3232, 0.000153, 0.000109, 0.000103
3233, 0.000149, 0.000119, 0.000113
3234, 0.000151, 0.000099, 0.000093
3235, 0.000152, 0.000114, 0.000109
3236, 0.000150, 0.000107, 0.000102
3237, 0.000151, 0.000097, 0.000091
3238, 0.000152, 0.000125, 0.000118
3239, 0.000150, 0.000097, 0.000091
3240, 0.000150, 0.000111, 0.000104
3241, 0.000150, 0.000109, 0.000103
3242, 0.000150, 0.000111, 0.000104
3243, 0.000148, 0.000101, 0.000094
3244, 0.000150, 0.000112, 0.000105
3245, 0.000149, 0.000116, 0.000110
3246, 0.000149, 0.000088, 0.000082
3247, 0.000151, 0.000129, 0.000123
3248, 0.000151, 0.000090, 0.000085
3249, 0.000150, 0.000120, 0.000114
3250, 0.000150, 0.000114, 0.000109
3251, 0.000150, 0.000096, 0.000091
3252, 0.000148, 0.000124, 0.000118
3253, 0.000148, 0.000095, 0.000089
3254, 0.000149, 0.000110, 0.000103
3255, 0.000147, 0.000121, 0.000113
3256, 0.000148, 0.000087, 0.000080
3257, 0.000151, 0.000137, 0.000129
3258, 0.000151, 0.000085, 0.000080
3259, 0.000151, 0.000129, 0.000122
3260, 0.000149, 0.000095, 0.000090
3261, 0.000148, 0.000114, 0.000107
3262, 0.000147, 0.000103, 0.000097
3263, 0.000145, 0.000108, 0.000101
3264, 0.000147, 0.000110, 0.000102
3265, 0.000146, 0.000122, 0.000115
3266, 0.000148, 0.000088, 0.000082
3267, 0.000149, 0.000141, 0.000133
3268, 0.000151, 0.000079, 0.000073
3269, 0.000151, 0.000136, 0.000129
3270, 0.000150, 0.000092, 0.000087
3271, 0.000146, 0.000106, 0.000100
3272, 0.000146, 0.000123, 0.000116
3273, 0.000147, 0.000094, 0.000088
3274, 0.000146, 0.000113, 0.000107
3275, 0.000146, 0.000107, 0.000101
3276, 0.000146, 0.000094, 0.000088
3277, 0.000146, 0.000124, 0.000116
3278, 0.000146, 0.000100, 0.000093
3279, 0.000147, 0.000117, 0.000110
3280, 0.000144, 0.000095, 0.000089
3281, 0.000144, 0.000113, 0.000107
3282, 0.000145, 0.000104, 0.000098
3283, 0.000143, 0.000099, 0.000093
3284, 0.000145, 0.000118, 0.000111
3285, 0.000145, 0.000092, 0.000086
3286, 0.000144, 0.000124, 0.000117
3287, 0.000146, 0.000096, 0.000089
3288, 0.000145, 0.000113, 0.000106
3289, 0.000145, 0.000094, 0.000088
3290, 0.000144, 0.000117, 0.000110
3291, 0.000144, 0.000091, 0.000085
3292, 0.000146, 0.000128, 0.000120
3293, 0.000144, 0.000088, 0.000081
3294, 0.000144, 0.000126, 0.000118
3295, 0.000145, 0.000091, 0.000085
3296, 0.000144, 0.000139, 0.000131
3297, 0.000148, 0.000073, 0.000068
3298, 0.000152, 0.000176, 0.000167
3299, 0.000156, 0.000062, 0.000058
3300, 0.000160, 0.000177, 0.000169
3301, 0.000156, 0.000077, 0.000072
3302, 0.000145, 0.000108, 0.000102
3303, 0.000142, 0.000132, 0.000124
3304, 0.000146, 0.000072, 0.000067
3305, 0.000149, 0.000178, 0.000169
3306, 0.000156, 0.000062, 0.000058
3307, 0.000161, 0.000197, 0.000187
3308, 0.000162, 0.000065, 0.000060
3309, 0.000156, 0.000142, 0.000135
3310, 0.000147, 0.000105, 0.000100
3311, 0.000141, 0.000066, 0.000062
3312, 0.000151, 0.000211, 0.000201
3313, 0.000170, 0.000057, 0.000053
3314, 0.000183, 0.000262, 0.000250
3315, 0.000188, 0.000060, 0.000056
3316, 0.000173, 0.000163, 0.000155
3317, 0.000152, 0.000094, 0.000089
3318, 0.000141, 0.000072, 0.000067
3319, 0.000146, 0.000176, 0.000169
3320, 0.000156, 0.000065, 0.000061
3321, 0.000152, 0.000134, 0.000128
3322, 0.000146, 0.000091, 0.000086
3323, 0.000141, 0.000090, 0.000084
3324, 0.000140, 0.000124, 0.000116
3325, 0.000144, 0.000079, 0.000073
3326, 0.000143, 0.000122, 0.000114
3327, 0.000141, 0.000093, 0.000087
3328, 0.000141, 0.000088, 0.000082
3329, 0.000140, 0.000133, 0.000126
3330, 0.000145, 0.000066, 0.000062
3331, 0.000150, 0.000148, 0.000141
3332, 0.000147, 0.000081, 0.000077
3333, 0.000142, 0.000089, 0.000084
3334, 0.000141, 0.000127, 0.000120
3335, 0.000141, 0.000075, 0.000070
3336, 0.000142, 0.000114, 0.000107
3337, 0.000141, 0.000099, 0.000093
3338, 0.000137, 0.000078, 0.000073
3339, 0.000143, 0.000147, 0.000140
3340, 0.000144, 0.000072, 0.000068
3341, 0.000145, 0.000125, 0.000119
3342, 0.000143, 0.000080, 0.000076
3343, 0.000139, 0.000097, 0.000091
3344, 0.000136, 0.000111, 0.000104
3345, 0.000139, 0.000072, 0.000067
3346, 0.000141, 0.000130, 0.000123
3347, 0.000142, 0.000087, 0.000082
3348, 0.000138, 0.000095, 0.000090
3349, 0.000137, 0.000102, 0.000097
3350, 0.000138, 0.000090, 0.000086
3351, 0.000138, 0.000106, 0.000100
3352, 0.000137, 0.000092, 0.000086
3353, 0.000137, 0.000107, 0.000100
3354, 0.000136, 0.000086, 0.000081
3355, 0.000137, 0.000097, 0.000090
3356, 0.000137, 0.000098, 0.000091
3357, 0.000136, 0.000096, 0.000090
3358, 0.000136, 0.000096, 0.000090
3359, 0.000137, 0.000101, 0.000095
3360, 0.000136, 0.000090, 0.000085
3361, 0.000136, 0.000098, 0.000092
3362, 0.000136, 0.000088, 0.000082
3363, 0.000136, 0.000109, 0.000103
3364, 0.000137, 0.000085, 0.000080
3365, 0.000138, 0.000112, 0.000107
3366, 0.000138, 0.000080, 0.000075
3367, 0.000137, 0.000113, 0.000106
3368, 0.000137, 0.000101, 0.000094
3369, 0.000135, 0.000081, 0.000076
3370, 0.000136, 0.000127, 0.000120
3371, 0.000140, 0.000065, 0.000061
3372, 0.000142, 0.000138, 0.000133
3373, 0.000142, 0.000069, 0.000066
3374, 0.000139, 0.000114, 0.000109
3375, 0.000136, 0.000089, 0.000085
3376, 0.000134, 0.000094, 0.000088
3377, 0.000133, 0.000098, 0.000092
3378, 0.000134, 0.000098, 0.000091
3379, 0.000137, 0.000104, 0.000096
3380, 0.000134, 0.000087, 0.000081
3381, 0.000134, 0.000107, 0.000100
3382, 0.000136, 0.000088, 0.000083
3383, 0.000133, 0.000085, 0.000080
3384, 0.000134, 0.000117, 0.000111
3385, 0.000135, 0.000068, 0.000064
3386, 0.000139, 0.000134, 0.000126
3387, 0.000140, 0.000072, 0.000067
3388, 0.000137, 0.000130, 0.000123
3389, 0.000135, 0.000089, 0.000084
3390, 0.000134, 0.000083, 0.000079
3391, 0.000132, 0.000123, 0.000117
3392, 0.000136, 0.000069, 0.000064
3393, 0.000138, 0.000135, 0.000129
3394, 0.000139, 0.000073, 0.000069
3395, 0.000135, 0.000099, 0.000093
3396, 0.000133, 0.000112, 0.000106
3397, 0.000134, 0.000065, 0.000061
3398, 0.000140, 0.000157, 0.000150
3399, 0.000146, 0.000064, 0.000061
3400, 0.000148, 0.000157, 0.000150
3401, 0.000143, 0.000071, 0.000068
3402, 0.000140, 0.000110, 0.000106
3403, 0.000132, 0.000109, 0.000104
3404, 0.000133, 0.000062, 0.000059
3405, 0.000150, 0.000197, 0.000189
3406, 0.000161, 0.000053, 0.000049
3407, 0.000166, 0.000206, 0.000198
3408, 0.000166, 0.000055, 0.000052
3409, 0.000150, 0.000120, 0.000114
3410, 0.000137, 0.000107, 0.000101
3411, 0.000133, 0.000061, 0.000057
3412, 0.000137, 0.000143, 0.000135
3413, 0.000141, 0.000070, 0.000065
3414, 0.000135, 0.000094, 0.000088
3415, 0.000132, 0.000109, 0.000102
3416, 0.000133, 0.000065, 0.000061
3417, 0.000136, 0.000126, 0.000119
3418, 0.000135, 0.000076, 0.000071
3419, 0.000133, 0.000087, 0.000081
3420, 0.000129, 0.000114, 0.000107
3421, 0.000132, 0.000067, 0.000062
3422, 0.000133, 0.000101, 0.000094
3423, 0.000132, 0.000088, 0.000082
3424, 0.000130, 0.000086, 0.000080
3425, 0.000131, 0.000102, 0.000095
3426, 0.000131, 0.000083, 0.000078
3427, 0.000129, 0.000087, 0.000081
3428, 0.000129, 0.000104, 0.000098
3429, 0.000130, 0.000068, 0.000064
3430, 0.000133, 0.000127, 0.000121
3431, 0.000135, 0.000063, 0.000060
3432, 0.000134, 0.000117, 0.000111
3433, 0.000132, 0.000079, 0.000075
3434, 0.000130, 0.000080, 0.000075
3435, 0.000131, 0.000115, 0.000109
3436, 0.000132, 0.000061, 0.000058
3437, 0.000135, 0.000132, 0.000127
3438, 0.000136, 0.000068, 0.000065
3439, 0.000132, 0.000089, 0.000085
3440, 0.000130, 0.000113, 0.000108
3441, 0.000130, 0.000061, 0.000058
3442, 0.000137, 0.000145, 0.000136
3443, 0.000139, 0.000065, 0.000060
3444, 0.000132, 0.000093, 0.000087
3445, 0.000129, 0.000114, 0.000107
3446, 0.000130, 0.000059, 0.000056
3447, 0.000134, 0.000135, 0.000128
3448, 0.000137, 0.000065, 0.000061
3449, 0.000132, 0.000103, 0.000097
3450, 0.000129, 0.000089, 0.000084
3451, 0.000128, 0.000077, 0.000072
3452, 0.000128, 0.000108, 0.000101
3453, 0.000129, 0.000078, 0.000074
3454, 0.000127, 0.000085, 0.000079
3455, 0.000128, 0.000102, 0.000096
3456, 0.000128, 0.000067, 0.000063
3457, 0.000131, 0.000129, 0.000122
3458, 0.000134, 0.000063, 0.000059
3459, 0.000133, 0.000114, 0.000106
3460, 0.000131, 0.000078, 0.000072
3461, 0.000127, 0.000082, 0.000076
3462, 0.000128, 0.000113, 0.000107
3463, 0.000130, 0.000064, 0.000060
3464, 0.000132, 0.000123, 0.000117
3465, 0.000132, 0.000073, 0.000069
3466, 0.000127, 0.000086, 0.000080
3467, 0.000126, 0.000107, 0.000101
3468, 0.000128, 0.000060, 0.000056
3469, 0.000133, 0.000134, 0.000126
3470, 0.000135, 0.000067, 0.000063
3471, 0.000129, 0.000096, 0.000091
3472, 0.000128, 0.000097, 0.000091
3473, 0.000127, 0.000071, 0.000066
3474, 0.000129, 0.000124, 0.000117
3475, 0.000133, 0.000059, 0.000055
3476, 0.000133, 0.000115, 0.000108
3477, 0.000128, 0.000081, 0.000076
3478, 0.000126, 0.000076, 0.000071
3479, 0.000127, 0.000127, 0.000119
3480, 0.000132, 0.000056, 0.000053
3481, 0.000137, 0.000143, 0.000135
3482, 0.000137, 0.000061, 0.000057
3483, 0.000128, 0.000089, 0.000083
3484, 0.000125, 0.000117, 0.000110
3485, 0.000128, 0.000055, 0.000051
3486, 0.000137, 0.000153, 0.000145
3487, 0.000139, 0.000059, 0.000054
3488, 0.000134, 0.000101, 0.000094
3489, 0.000124, 0.000099, 0.000093
3490, 0.000126, 0.000059, 0.000055
3491, 0.000132, 0.000146, 0.000139
3492, 0.000138, 0.000056, 0.000052
3493, 0.000136, 0.000113, 0.000106
3494, 0.000126, 0.000092, 0.000086
3495, 0.000124, 0.000059, 0.000054
3496, 0.000133, 0.000164, 0.000155
3497, 0.000143, 0.000053, 0.000050
3498, 0.000143, 0.000132, 0.000125
3499, 0.000132, 0.000073, 0.000068
3500, 0.000126, 0.000073, 0.000068
3501, 0.000124, 0.000114, 0.000107
3502, 0.000129, 0.000057, 0.000054
3503, 0.000130, 0.000106, 0.000099
3504, 0.000125, 0.000085, 0.000079
3505, 0.000122, 0.000069, 0.000064
3506, 0.000123, 0.000108, 0.000101
3507, 0.000124, 0.000070, 0.000066
3508, 0.000128, 0.000098, 0.000092
3509, 0.000125, 0.000075, 0.000070
3510, 0.000123, 0.000079, 0.000074
3511, 0.000123, 0.000087, 0.000081
3512, 0.000121, 0.000072, 0.000067
3513, 0.000123, 0.000085, 0.000080
3514, 0.000123, 0.000087, 0.000081
3515, 0.000122, 0.000068, 0.000063
3516, 0.000123, 0.000101, 0.000095
3517, 0.000122, 0.000079, 0.000074
3518, 0.000121, 0.000079, 0.000074
3519, 0.000122, 0.000099, 0.000092
3520, 0.000124, 0.000068, 0.000062
3521, 0.000122, 0.000094, 0.000088
3522, 0.000123, 0.000075, 0.000071
3523, 0.000122, 0.000088, 0.000084
3524, 0.000122, 0.000072, 0.000068
3525, 0.000122, 0.000093, 0.000089
3526, 0.000122, 0.000078, 0.000074
3527, 0.000121, 0.000084, 0.000079
3528, 0.000122, 0.000091, 0.000085
3529, 0.000120, 0.000080, 0.000075
3530, 0.000122, 0.000082, 0.000076
3531, 0.000122, 0.000085, 0.000079
3532, 0.000120, 0.000074, 0.000070
3533, 0.000124, 0.000098, 0.000093
3534, 0.000124, 0.000065, 0.000061
3535, 0.000124, 0.000119, 0.000111
3536, 0.000126, 0.000069, 0.000063
3537, 0.000125, 0.000099, 0.000092
3538, 0.000122, 0.000079, 0.000073
3539, 0.000121, 0.000081, 0.000076
3540, 0.000122, 0.000089, 0.000085
3541, 0.000123, 0.000073, 0.000070
3542, 0.000122, 0.000091, 0.000088
3543, 0.000122, 0.000078, 0.000075
3544, 0.000118, 0.000089, 0.000084
3545, 0.000120, 0.000072, 0.000068
3546, 0.000122, 0.000101, 0.000094
3547, 0.000121, 0.000059, 0.000055
3548, 0.000125, 0.000114, 0.000106
3549, 0.000123, 0.000073, 0.000068
3550, 0.000120, 0.000076, 0.000070
3551, 0.000122, 0.000126, 0.000117
3552, 0.000125, 0.000054, 0.000051
3553, 0.000132, 0.000155, 0.000146
3554, 0.000136, 0.000053, 0.000050
3555, 0.000134, 0.000125, 0.000118
3556, 0.000125, 0.000068, 0.000064
3557, 0.000120, 0.000063, 0.000060
3558, 0.000122, 0.000126, 0.000121
3559, 0.000130, 0.000050, 0.000047
3560, 0.000135, 0.000153, 0.000147
3561, 0.000135, 0.000059, 0.000055
3562, 0.000128, 0.000103, 0.000099
3563, 0.000121, 0.000075, 0.000071
3564, 0.000119, 0.000066, 0.000062
3565, 0.000121, 0.000116, 0.000110
3566, 0.000126, 0.000054, 0.000051
3567, 0.000126, 0.000117, 0.000110
3568, 0.000125, 0.000066, 0.000062
3569, 0.000120, 0.000077, 0.000072
3570, 0.000117, 0.000096, 0.000091
3571, 0.000119, 0.000057, 0.000054
3572, 0.000125, 0.000128, 0.000121
3573, 0.000127, 0.000054, 0.000051
3574, 0.000126, 0.000098, 0.000093
3575, 0.000119, 0.000084, 0.000080
3576, 0.000116, 0.000059, 0.000055
3577, 0.000122, 0.000117, 0.000112
3578, 0.000125, 0.000053, 0.000050
3579, 0.000127, 0.000109, 0.000103
3580, 0.000124, 0.000064, 0.000061
3581, 0.000120, 0.000085, 0.000079
3582, 0.000119, 0.000083, 0.000077
3583, 0.000117, 0.000067, 0.000063
3584, 0.000118, 0.000100, 0.000094
3585, 0.000120, 0.000065, 0.000061
3586, 0.000118, 0.000075, 0.000070
3587, 0.000118, 0.000097, 0.000091
3588, 0.000120, 0.000055, 0.000051
3589, 0.000124, 0.000131, 0.000124
3590, 0.000129, 0.000054, 0.000051
3591, 0.000123, 0.000090, 0.000085
3592, 0.000118, 0.000095, 0.000090
3593, 0.000119, 0.000050, 0.000048
3594, 0.000130, 0.000160, 0.000155
3595, 0.000140, 0.000050, 0.000047
3596, 0.000139, 0.000134, 0.000128
3597, 0.000130, 0.000063, 0.000059
3598, 0.000119, 0.000069, 0.000065
3599, 0.000117, 0.000109, 0.000102
3600, 0.000122, 0.000052, 0.000048
3601, 0.000126, 0.000123, 0.000115
3602, 0.000127, 0.000057, 0.000053
3603, 0.000120, 0.000076, 0.000071
3604, 0.000116, 0.000092, 0.000086
3605, 0.000118, 0.000058, 0.000054
3606, 0.000120, 0.000097, 0.000091
3607, 0.000117, 0.000075, 0.000070
3608, 0.000115, 0.000061, 0.000056
3609, 0.000120, 0.000121, 0.000113
3610, 0.000124, 0.000053, 0.000049
3611, 0.000127, 0.000125, 0.000117
3612, 0.000126, 0.000057, 0.000053
3613, 0.000119, 0.000074, 0.000070
3614, 0.000115, 0.000095, 0.000090
3615, 0.000118, 0.000050, 0.000048
3616, 0.000125, 0.000131, 0.000125
3617, 0.000129, 0.000051, 0.000048
3618, 0.000128, 0.000095, 0.000089
3619, 0.000118, 0.000081, 0.000075
3620, 0.000115, 0.000055, 0.000050
3621, 0.000123, 0.000134, 0.000125
3622, 0.000130, 0.000051, 0.000048
3623, 0.000127, 0.000105, 0.000099
3624, 0.000119, 0.000068, 0.000065
3625, 0.000116, 0.000068, 0.000064
3626, 0.000116, 0.000098, 0.000092
3627, 0.000118, 0.000057, 0.000054
3628, 0.000121, 0.000094, 0.000086
3629, 0.000118, 0.000070, 0.000065
3630, 0.000114, 0.000061, 0.000057
3631, 0.000116, 0.000109, 0.000101
3632, 0.000122, 0.000054, 0.000051
3633, 0.000122, 0.000092, 0.000087
3634, 0.000118, 0.000071, 0.000066
3635, 0.000115, 0.000060, 0.000057
3636, 0.000116, 0.000099, 0.000093
3637, 0.000118, 0.000053, 0.000049
3638, 0.000122, 0.000104, 0.000098
3639, 0.000119, 0.000060, 0.000056
3640, 0.000114, 0.000066, 0.000062
3641, 0.000113, 0.000089, 0.000085
3642, 0.000115, 0.000060, 0.000056
3643, 0.000116, 0.000087, 0.000082
3644, 0.000114, 0.000065, 0.000062
3645, 0.000116, 0.000070, 0.000066
3646, 0.000114, 0.000077, 0.000073
3647, 0.000113, 0.000056, 0.000054
3648, 0.000117, 0.000107, 0.000101
3649, 0.000119, 0.000055, 0.000052
3650, 0.000117, 0.000087, 0.000082
3651, 0.000114, 0.000077, 0.000072
3652, 0.000114, 0.000060, 0.000057
3653, 0.000115, 0.000097, 0.000091
3654, 0.000116, 0.000058, 0.000054
3655, 0.000115, 0.000078, 0.000075
3656, 0.000114, 0.000074, 0.000070
3657, 0.000112, 0.000065, 0.000061
3658, 0.000114, 0.000082, 0.000078
3659, 0.000113, 0.000065, 0.000060
3660, 0.000112, 0.000083, 0.000077
3661, 0.000114, 0.000059, 0.000055
3662, 0.000115, 0.000095, 0.000089
3663, 0.000116, 0.000059, 0.000055
3664, 0.000116, 0.000083, 0.000078
3665, 0.000113, 0.000067, 0.000063
3666, 0.000112, 0.000074, 0.000068
3667, 0.000114, 0.000074, 0.000070
3668, 0.000113, 0.000074, 0.000069
3669, 0.000112, 0.000066, 0.000062
3670, 0.000113, 0.000078, 0.000074
3671, 0.000111, 0.000068, 0.000064
3672, 0.000112, 0.000070, 0.000066
3673, 0.000113, 0.000076, 0.000072
3674, 0.000114, 0.000065, 0.000061
3675, 0.000114, 0.000078, 0.000073
3676, 0.000112, 0.000060, 0.000057
3677, 0.000112, 0.000086, 0.000081
3678, 0.000112, 0.000066, 0.000062
3679, 0.000112, 0.000066, 0.000062
3680, 0.000112, 0.000098, 0.000093
3681, 0.000117, 0.000049, 0.000046
3682, 0.000122, 0.000124, 0.000120
3683, 0.000123, 0.000053, 0.000050
3684, 0.000119, 0.000084, 0.000080
3685, 0.000113, 0.000068, 0.000065
3686, 0.000112, 0.000068, 0.000065
3687, 0.000111, 0.000077, 0.000074
3688, 0.000110, 0.000064, 0.000061
3689, 0.000111, 0.000088, 0.000084
3690, 0.000113, 0.000056, 0.000053
3691, 0.000117, 0.000100, 0.000094
3692, 0.000116, 0.000055, 0.000052
3693, 0.000114, 0.000094, 0.000089
3694, 0.000116, 0.000055, 0.000051
3695, 0.000117, 0.000093, 0.000087
3696, 0.000113, 0.000059, 0.000055
3697, 0.000113, 0.000072, 0.000067
3698, 0.000112, 0.000090, 0.000085
3699, 0.000111, 0.000056, 0.000053
3700, 0.000114, 0.000094, 0.000088
3701, 0.000115, 0.000058, 0.000055
3702, 0.000112, 0.000084, 0.000081
3703, 0.000113, 0.000061, 0.000059
3704, 0.000112, 0.000072, 0.000070
3705, 0.000110, 0.000078, 0.000075
3706, 0.000110, 0.000056, 0.000054
3707, 0.000112, 0.000083, 0.000078
3708, 0.000111, 0.000063, 0.000058
3709, 0.000111, 0.000074, 0.000069
3710, 0.000109, 0.000074, 0.000069
3711, 0.000109, 0.000059, 0.000056
3712, 0.000111, 0.000095, 0.000089
3713, 0.000114, 0.000048, 0.000046
3714, 0.000121, 0.000137, 0.000130
3715, 0.000127, 0.000047, 0.000045
3716, 0.000128, 0.000127, 0.000121
3717, 0.000124, 0.000050, 0.000047
3718, 0.000115, 0.000072, 0.000068
3719, 0.000109, 0.000094, 0.000089
3720, 0.000112, 0.000049, 0.000047
3721, 0.000119, 0.000126, 0.000119
3722, 0.000123, 0.000052, 0.000049
3723, 0.000117, 0.000082, 0.000077
3724, 0.000109, 0.000077, 0.000073
3725, 0.000110, 0.000051, 0.000048
3726, 0.000116, 0.000113, 0.000108
3727, 0.000119, 0.000048, 0.000046
3728, 0.000119, 0.000094, 0.000089
3729, 0.000112, 0.000064, 0.000061
3730, 0.000108, 0.000060, 0.000056
3731, 0.000109, 0.000094, 0.000088
3732, 0.000112, 0.000049, 0.000046
3733, 0.000119, 0.000110, 0.000103
3734, 0.000118, 0.000052, 0.000049
3735, 0.000112, 0.000075, 0.000070
3736, 0.000109, 0.000077, 0.000072
3737, 0.000109, 0.000055, 0.000051
3738, 0.000111, 0.000099, 0.000092
3739, 0.000115, 0.000051, 0.000049
3740, 0.000117, 0.000111, 0.000105
3741, 0.000119, 0.000049, 0.000047
3742, 0.000116, 0.000089, 0.000085
3743, 0.000111, 0.000062, 0.000058
3744, 0.000107, 0.000054, 0.000051
3745, 0.000108, 0.000100, 0.000095
3746, 0.000115, 0.000048, 0.000046
3747, 0.000119, 0.000102, 0.000097
3748, 0.000114, 0.000055, 0.000053
3749, 0.000110, 0.000070, 0.000066
3750, 0.000107, 0.000076, 0.000072
3751, 0.000107, 0.000056, 0.000053
3752, 0.000109, 0.000083, 0.000078
3753, 0.000108, 0.000059, 0.000056
3754, 0.000108, 0.000071, 0.000066
3755, 0.000106, 0.000070, 0.000066
3756, 0.000106, 0.000055, 0.000052
3757, 0.000109, 0.000095, 0.000090
3758, 0.000113, 0.000049, 0.000047
3759, 0.000114, 0.000105, 0.000100
3760, 0.000117, 0.000053, 0.000050
3761, 0.000110, 0.000074, 0.000070
3762, 0.000107, 0.000071, 0.000067
3763, 0.000107, 0.000054, 0.000051
3764, 0.000109, 0.000094, 0.000088
3765, 0.000111, 0.000051, 0.000048
3766, 0.000113, 0.000094, 0.000087
3767, 0.000111, 0.000051, 0.000048
3768, 0.000113, 0.000086, 0.000081
3769, 0.000110, 0.000054, 0.000050
3770, 0.000110, 0.000078, 0.000073
3771, 0.000107, 0.000067, 0.000063
3772, 0.000107, 0.000058, 0.000054
3773, 0.000109, 0.000080, 0.000075
3774, 0.000108, 0.000055, 0.000052
3775, 0.000109, 0.000071, 0.000068
3776, 0.000106, 0.000068, 0.000065
3777, 0.000106, 0.000054, 0.000052
3778, 0.000106, 0.000082, 0.000078
3779, 0.000109, 0.000055, 0.000052
3780, 0.000108, 0.000077, 0.000072
3781, 0.000107, 0.000059, 0.000054
3782, 0.000106, 0.000071, 0.000067
3783, 0.000106, 0.000060, 0.000056
3784, 0.000106, 0.000074, 0.000070
3785, 0.000107, 0.000053, 0.000051
3786, 0.000108, 0.000078, 0.000074
3787, 0.000106, 0.000054, 0.000052
3788, 0.000106, 0.000067, 0.000065
3789, 0.000105, 0.000064, 0.000060
3790, 0.000105, 0.000058, 0.000055
3791, 0.000106, 0.000086, 0.000082
3792, 0.000110, 0.000049, 0.000047
3793, 0.000117, 0.000122, 0.000117
3794, 0.000121, 0.000047, 0.000046
3795, 0.000117, 0.000093, 0.000087
3796, 0.000110, 0.000058, 0.000055
3797, 0.000105, 0.000055, 0.000052
3798, 0.000106, 0.000082, 0.000078
3799, 0.000109, 0.000052, 0.000049
3800, 0.000108, 0.000079, 0.000075
3801, 0.000106, 0.000062, 0.000059
3802, 0.000104, 0.000056, 0.000053
3803, 0.000105, 0.000077, 0.000073
3804, 0.000105, 0.000054, 0.000052
3805, 0.000108, 0.000080, 0.000076
3806, 0.000107, 0.000055, 0.000052
3807, 0.000105, 0.000062, 0.000059
3808, 0.000104, 0.000069, 0.000066
3809, 0.000105, 0.000053, 0.000050
3810, 0.000106, 0.000089, 0.000084
3811, 0.000108, 0.000049, 0.000047
3812, 0.000112, 0.000110, 0.000104
3813, 0.000115, 0.000047, 0.000045
3814, 0.000118, 0.000100, 0.000094
3815, 0.000113, 0.000057, 0.000053
3816, 0.000104, 0.000055, 0.000051
3817, 0.000104, 0.000100, 0.000094
3818, 0.000112, 0.000048, 0.000045
3819, 0.000116, 0.000105, 0.000100
3820, 0.000116, 0.000047, 0.000045
3821, 0.000109, 0.000069, 0.000066
3822, 0.000103, 0.000071, 0.000068
3823, 0.000105, 0.000052, 0.000049
3824, 0.000108, 0.000092, 0.000087
3825, 0.000108, 0.000051, 0.000049
3826, 0.000111, 0.000087, 0.000080
3827, 0.000108, 0.000052, 0.000049
3828, 0.000106, 0.000069, 0.000065
3829, 0.000105, 0.000062, 0.000058
3830, 0.000104, 0.000055, 0.000052
3831, 0.000104, 0.000083, 0.000078
3832, 0.000106, 0.000051, 0.000048
3833, 0.000108, 0.000084, 0.000079
3834, 0.000107, 0.000050, 0.000047
3835, 0.000108, 0.000076, 0.000071
3836, 0.000106, 0.000059, 0.000056
3837, 0.000104, 0.000059, 0.000055
3838, 0.000102, 0.000065, 0.000060
3839, 0.000102, 0.000061, 0.000057
3840, 0.000102, 0.000066, 0.000061
3841, 0.000101, 0.000055, 0.000051
3842, 0.000102, 0.000071, 0.000067
3843, 0.000103, 0.000059, 0.000056
3844, 0.000102, 0.000060, 0.000057
3845, 0.000104, 0.000066, 0.000063
3846, 0.000102, 0.000060, 0.000057
3847, 0.000102, 0.000059, 0.000056
3848, 0.000101, 0.000065, 0.000061
3849, 0.000102, 0.000057, 0.000055
3850, 0.000102, 0.000068, 0.000065
3851, 0.000103, 0.000049, 0.000046
3852, 0.000105, 0.000087, 0.000083
3853, 0.000107, 0.000049, 0.000046
3854, 0.000107, 0.000073, 0.000069
3855, 0.000104, 0.000055, 0.000052
3856, 0.000102, 0.000064, 0.000060
3857, 0.000101, 0.000066, 0.000063
3858, 0.000102, 0.000053, 0.000050
3859, 0.000105, 0.000086, 0.000080
3860, 0.000106, 0.000050, 0.000047
3861, 0.000108, 0.000085, 0.000079
3862, 0.000106, 0.000052, 0.000049
3863, 0.000101, 0.000058, 0.000055
3864, 0.000102, 0.000077, 0.000072
3865, 0.000103, 0.000049, 0.000048
3866, 0.000108, 0.000094, 0.000088
3867, 0.000110, 0.000048, 0.000045
3868, 0.000105, 0.000071, 0.000066
3869, 0.000103, 0.000069, 0.000064
3870, 0.000102, 0.000047, 0.000046
3871, 0.000112, 0.000126, 0.000120
3872, 0.000124, 0.000053, 0.000052
3873, 0.000129, 0.000118, 0.000113
3874, 0.000122, 0.000046, 0.000044
3875, 0.000108, 0.000066, 0.000062
3876, 0.000101, 0.000079, 0.000075
3877, 0.000106, 0.000050, 0.000047
3878, 0.000114, 0.000119, 0.000112
3879, 0.000120, 0.000048, 0.000047
3880, 0.000114, 0.000080, 0.000073
3881, 0.000105, 0.000058, 0.000055
3882, 0.000100, 0.000050, 0.000048
3883, 0.000103, 0.000088, 0.000083
3884, 0.000109, 0.000049, 0.000048
3885, 0.000110, 0.000082, 0.000078
3886, 0.000103, 0.000059, 0.000056
3887, 0.000099, 0.000049, 0.000048
3888, 0.000103, 0.000094, 0.000089
3889, 0.000110, 0.000047, 0.000045
3890, 0.000111, 0.000090, 0.000084
3891, 0.000105, 0.000057, 0.000054
3892, 0.000100, 0.000049, 0.000046
3893, 0.000104, 0.000092, 0.000087
3894, 0.000110, 0.000048, 0.000047
3895, 0.000111, 0.000090, 0.000084
3896, 0.000107, 0.000050, 0.000048
3897, 0.000102, 0.000059, 0.000055
3898, 0.000099, 0.000062, 0.000058
3899, 0.000099, 0.000051, 0.000048
3900, 0.000100, 0.000065, 0.000061
3901, 0.000100, 0.000062, 0.000058
3902, 0.000098, 0.000050, 0.000047
3903, 0.000102, 0.000086, 0.000081
3904, 0.000106, 0.000048, 0.000046
3905, 0.000105, 0.000078, 0.000073
3906, 0.000102, 0.000055, 0.000053
3907, 0.000100, 0.000050, 0.000047
3908, 0.000100, 0.000082, 0.000077
3909, 0.000105, 0.000048, 0.000046
3910, 0.000106, 0.000072, 0.000067
3911, 0.000101, 0.000058, 0.000054
3912, 0.000098, 0.000052, 0.000049
3913, 0.000100, 0.000075, 0.000070
3914, 0.000101, 0.000053, 0.000051
3915, 0.000099, 0.000057, 0.000055
3916, 0.000097, 0.000058, 0.000056
3917, 0.000099, 0.000052, 0.000050
3918, 0.000100, 0.000062, 0.000058
3919, 0.000098, 0.000056, 0.000053
3920, 0.000098, 0.000058, 0.000055
3921, 0.000098, 0.000063, 0.000059
3922, 0.000098, 0.000050, 0.000048
3923, 0.000100, 0.000073, 0.000068
3924, 0.000101, 0.000048, 0.000045
3925, 0.000101, 0.000065, 0.000061
3926, 0.000099, 0.000052, 0.000049
3927, 0.000097, 0.000055, 0.000051
3928, 0.000097, 0.000063, 0.000059
3929, 0.000098, 0.000052, 0.000049
3930, 0.000099, 0.000066, 0.000062
3931, 0.000098, 0.000058, 0.000055
3932, 0.000098, 0.000051, 0.000048
3933, 0.000098, 0.000085, 0.000079
3934, 0.000105, 0.000047, 0.000046
3935, 0.000110, 0.000098, 0.000092
3936, 0.000110, 0.000048, 0.000046
3937, 0.000106, 0.000070, 0.000067
3938, 0.000102, 0.000061, 0.000057
3939, 0.000098, 0.000048, 0.000046
3940, 0.000103, 0.000100, 0.000095
3941, 0.000113, 0.000051, 0.000048
3942, 0.000116, 0.000099, 0.000094
3943, 0.000112, 0.000049, 0.000046
3944, 0.000101, 0.000058, 0.000054
3945, 0.000097, 0.000075, 0.000070
3946, 0.000102, 0.000048, 0.000045
3947, 0.000102, 0.000075, 0.000071
3948, 0.000100, 0.000051, 0.000049
3949, 0.000100, 0.000064, 0.000060
3950, 0.000098, 0.000055, 0.000052
3951, 0.000097, 0.000059, 0.000056
3952, 0.000098, 0.000057, 0.000052
3953, 0.000097, 0.000056, 0.000052
3954, 0.000096, 0.000052, 0.000049
3955, 0.000097, 0.000063, 0.000059
3956, 0.000097, 0.000057, 0.000054
3957, 0.000096, 0.000054, 0.000052
3958, 0.000097, 0.000059, 0.000056
3959, 0.000096, 0.000054, 0.000052
3960, 0.000097, 0.000053, 0.000050
3961, 0.000095, 0.000059, 0.000056
3962, 0.000096, 0.000055, 0.000053
3963, 0.000097, 0.000055, 0.000052
3964, 0.000097, 0.000060, 0.000057
3965, 0.000097, 0.000052, 0.000049
3966, 0.000096, 0.000068, 0.000063
3967, 0.000099, 0.000050, 0.000048
3968, 0.000098, 0.000071, 0.000066
3969, 0.000098, 0.000052, 0.000049
3970, 0.000099, 0.000061, 0.000058
3971, 0.000098, 0.000058, 0.000054
3972, 0.000096, 0.000051, 0.000048
3973, 0.000097, 0.000068, 0.000065
3974, 0.000098, 0.000051, 0.000049
3975, 0.000100, 0.000065, 0.000062
3976, 0.000098, 0.000055, 0.000052
3977, 0.000097, 0.000058, 0.000055
3978, 0.000096, 0.000069, 0.000066
3979, 0.000098, 0.000047, 0.000045
3980, 0.000102, 0.000090, 0.000084
3981, 0.000107, 0.000048, 0.000047
3982, 0.000104, 0.000071, 0.000066
3983, 0.000099, 0.000055, 0.000052
3984, 0.000097, 0.000049, 0.000047
3985, 0.000099, 0.000080, 0.000076
3986, 0.000101, 0.000049, 0.000047
3987, 0.000100, 0.000069, 0.000065
3988, 0.000098, 0.000052, 0.000049
3989, 0.000095, 0.000055, 0.000053
3990, 0.000097, 0.000068, 0.000064
3991, 0.000097, 0.000048, 0.000046
3992, 0.000098, 0.000067, 0.000064
3993, 0.000096, 0.000048, 0.000046
3994, 0.000098, 0.000064, 0.000060
3995, 0.000096, 0.000055, 0.000052
3996, 0.000094, 0.000053, 0.000051
3997, 0.000095, 0.000072, 0.000069
3998, 0.000097, 0.000047, 0.000046
3999, 0.000100, 0.000087, 0.000083
4000, 0.000106, 0.000048, 0.000047
4001, 0.000108, 0.000091, 0.000086
4002, 0.000105, 0.000046, 0.000044
4003, 0.000101, 0.000064, 0.000061
4004, 0.000097, 0.000057, 0.000053
4005, 0.000095, 0.000049, 0.000047
4006, 0.000096, 0.000084, 0.000080
4007, 0.000102, 0.000047, 0.000046
4008, 0.000103, 0.000076, 0.000072
4009, 0.000100, 0.000048, 0.000046
4010, 0.000097, 0.000062, 0.000059
4011, 0.000094, 0.000055, 0.000052
4012, 0.000094, 0.000048, 0.000045
4013, 0.000095, 0.000074, 0.000069
4014, 0.000098, 0.000047, 0.000046
4015, 0.000100, 0.000073, 0.000070
4016, 0.000099, 0.000049, 0.000049
4017, 0.000096, 0.000056, 0.000054
4018, 0.000094, 0.000064, 0.000061
4019, 0.000095, 0.000046, 0.000045
4020, 0.000100, 0.000084, 0.000080
4021, 0.000104, 0.000047, 0.000046
4022, 0.000105, 0.000079, 0.000075
4023, 0.000101, 0.000047, 0.000045
4024, 0.000097, 0.000057, 0.000054
4025, 0.000093, 0.000059, 0.000057
4026, 0.000095, 0.000052, 0.000049
4027, 0.000095, 0.000065, 0.000062
4028, 0.000095, 0.000050, 0.000048
4029, 0.000097, 0.000065, 0.000061
4030, 0.000096, 0.000049, 0.000047
4031, 0.000094, 0.000058, 0.000056
4032, 0.000093, 0.000052, 0.000049
4033, 0.000094, 0.000058, 0.000055
4034, 0.000094, 0.000054, 0.000051
4035, 0.000092, 0.000058, 0.000054
4036, 0.000093, 0.000050, 0.000048
4037, 0.000094, 0.000060, 0.000057
4038, 0.000093, 0.000051, 0.000048
4039, 0.000093, 0.000053, 0.000049
4040, 0.000093, 0.000057, 0.000052
4041, 0.000094, 0.000052, 0.000048
4042, 0.000092, 0.000052, 0.000049
4043, 0.000093, 0.000063, 0.000059
4044, 0.000094, 0.000047, 0.000045
4045, 0.000096, 0.000065, 0.000061
4046, 0.000095, 0.000048, 0.000046
4047, 0.000095, 0.000067, 0.000064
4048, 0.000095, 0.000049, 0.000046
4049, 0.000096, 0.000060, 0.000057
4050, 0.000093, 0.000055, 0.000053
4051, 0.000092, 0.000048, 0.000046
4052, 0.000095, 0.000070, 0.000067
4053, 0.000098, 0.000047, 0.000045
4054, 0.000103, 0.000090, 0.000085
4055, 0.000106, 0.000050, 0.000049
4056, 0.000107, 0.000085, 0.000079
4057, 0.000104, 0.000048, 0.000047
4058, 0.000100, 0.000067, 0.000063
4059, 0.000095, 0.000050, 0.000048
4060, 0.000091, 0.000047, 0.000045
4061, 0.000093, 0.000080, 0.000075
4062, 0.000101, 0.000049, 0.000048
4063, 0.000105, 0.000087, 0.000082
4064, 0.000105, 0.000047, 0.000045
4065, 0.000101, 0.000064, 0.000061
4066, 0.000094, 0.000051, 0.000049
4067, 0.000092, 0.000049, 0.000047
4068, 0.000093, 0.000073, 0.000070
4069, 0.000099, 0.000050, 0.000048
4070, 0.000101, 0.000076, 0.000071
4071, 0.000098, 0.000048, 0.000046
4072, 0.000094, 0.000053, 0.000050
4073, 0.000092, 0.000066, 0.000063
4074, 0.000095, 0.000046, 0.000045
4075, 0.000098, 0.000077, 0.000074
4076, 0.000101, 0.000047, 0.000047
4077, 0.000099, 0.000067, 0.000064
4078, 0.000095, 0.000049, 0.000047
4079, 0.000092, 0.000053, 0.000052
4080, 0.000092, 0.000054, 0.000052
4081, 0.000092, 0.000049, 0.000047
4082, 0.000091, 0.000053, 0.000051
4083, 0.000091, 0.000051, 0.000049
4084, 0.000091, 0.000054, 0.000052
4085, 0.000091, 0.000052, 0.000050
4086, 0.000092, 0.000053, 0.000051
4087, 0.000090, 0.000051, 0.000049
4088, 0.000091, 0.000049, 0.000047
4089, 0.000092, 0.000062, 0.000058
4090, 0.000093, 0.000046, 0.000045
4091, 0.000094, 0.000065, 0.000062
4092, 0.000093, 0.000047, 0.000045
4093, 0.000092, 0.000054, 0.000051
4094, 0.000090, 0.000053, 0.000050
4095, 0.000090, 0.000049, 0.000046
4096, 0.000090, 0.000053, 0.000050
4097, 0.000091, 0.000049, 0.000048
4098, 0.000090, 0.000054, 0.000052
4099, 0.000090, 0.000055, 0.000052
4100, 0.000090, 0.000049, 0.000047
4101, 0.000091, 0.000060, 0.000056
4102, 0.000091, 0.000049, 0.000046
4103, 0.000092, 0.000061, 0.000057
4104, 0.000091, 0.000048, 0.000046
4105, 0.000092, 0.000061, 0.000058
4106, 0.000093, 0.000046, 0.000045
4107, 0.000093, 0.000064, 0.000061
4108, 0.000094, 0.000046, 0.000045
4109, 0.000093, 0.000060, 0.000057
4110, 0.000091, 0.000048, 0.000045
4111, 0.000091, 0.000053, 0.000050
4112, 0.000090, 0.000050, 0.000048
4113, 0.000089, 0.000053, 0.000051
4114, 0.000090, 0.000054, 0.000053
4115, 0.000091, 0.000048, 0.000046
4116, 0.000091, 0.000056, 0.000053
4117, 0.000091, 0.000047, 0.000045
4118, 0.000091, 0.000055, 0.000052
4119, 0.000091, 0.000052, 0.000050
4120, 0.000091, 0.000048, 0.000046
4121, 0.000091, 0.000063, 0.000060
4122, 0.000092, 0.000045, 0.000045
4123, 0.000095, 0.000070, 0.000066
4124, 0.000095, 0.000048, 0.000047
4125, 0.000096, 0.000066, 0.000062
4126, 0.000093, 0.000050, 0.000048
4127, 0.000090, 0.000051, 0.000050
4128, 0.000091, 0.000059, 0.000056
4129, 0.000092, 0.000047, 0.000046
4130, 0.000093, 0.000071, 0.000069
4131, 0.000097, 0.000050, 0.000050
4132, 0.000096, 0.000072, 0.000068
4133, 0.000095, 0.000048, 0.000047
4134, 0.000094, 0.000060, 0.000057
4135, 0.000092, 0.000049, 0.000048
4136, 0.000089, 0.000046, 0.000045
4137, 0.000090, 0.000071, 0.000067
4138, 0.000096, 0.000048, 0.000048
4139, 0.000099, 0.000082, 0.000078
4140, 0.000101, 0.000049, 0.000048
4141, 0.000099, 0.000071, 0.000068
4142, 0.000095, 0.000048, 0.000046
4143, 0.000092, 0.000051, 0.000049
4144, 0.000088, 0.000056, 0.000054
4145, 0.000090, 0.000047, 0.000046
4146, 0.000095, 0.000072, 0.000069
4147, 0.000098, 0.000049, 0.000048
4148, 0.000098, 0.000079, 0.000074
4149, 0.000099, 0.000049, 0.000049
4150, 0.000094, 0.000055, 0.000051
4151, 0.000090, 0.000061, 0.000058
4152, 0.000089, 0.000048, 0.000048
4153, 0.000096, 0.000080, 0.000075
4154, 0.000100, 0.000048, 0.000047
4155, 0.000097, 0.000063, 0.000060
4156, 0.000091, 0.000048, 0.000046
4157, 0.000089, 0.000047, 0.000046
4158, 0.000089, 0.000065, 0.000062
4159, 0.000093, 0.000048, 0.000047
4160, 0.000095, 0.000071, 0.000068
4161, 0.000096, 0.000049, 0.000048
4162, 0.000094, 0.000057, 0.000054
4163, 0.000089, 0.000050, 0.000048
4164, 0.000087, 0.000047, 0.000047
4165, 0.000089, 0.000066, 0.000063
4166, 0.000093, 0.000048, 0.000047
4167, 0.000096, 0.000073, 0.000069
4168, 0.000095, 0.000048, 0.000047
4169, 0.000092, 0.000058, 0.000054
4170, 0.000089, 0.000051, 0.000049
4171, 0.000088, 0.000048, 0.000046
4172, 0.000091, 0.000072, 0.000068
4173, 0.000096, 0.000048, 0.000048
4174, 0.000099, 0.000073, 0.000068
4175, 0.000096, 0.000047, 0.000046
4176, 0.000092, 0.000052, 0.000050
4177, 0.000088, 0.000051, 0.000049
4178, 0.000087, 0.000045, 0.000044
4179, 0.000091, 0.000070, 0.000066
4180, 0.000096, 0.000051, 0.000051
4181, 0.000099, 0.000077, 0.000073
4182, 0.000099, 0.000049, 0.000047
4183, 0.000094, 0.000055, 0.000053
4184, 0.000089, 0.000049, 0.000047
4185, 0.000087, 0.000047, 0.000045
4186, 0.000088, 0.000056, 0.000052
4187, 0.000088, 0.000047, 0.000045
4188, 0.000088, 0.000052, 0.000050
4189, 0.000087, 0.000051, 0.000049
4190, 0.000086, 0.000047, 0.000046
4191, 0.000088, 0.000062, 0.000061
4192, 0.000093, 0.000048, 0.000048
4193, 0.000094, 0.000060, 0.000058
4194, 0.000090, 0.000046, 0.000045
4195, 0.000086, 0.000049, 0.000047
4196, 0.000088, 0.000058, 0.000056
4197, 0.000090, 0.000047, 0.000047
4198, 0.000091, 0.000059, 0.000057
4199, 0.000088, 0.000046, 0.000046
4200, 0.000087, 0.000047, 0.000046
4201, 0.000086, 0.000062, 0.000059
4202, 0.000090, 0.000047, 0.000047
4203, 0.000094, 0.000067, 0.000063
4204, 0.000094, 0.000050, 0.000048
4205, 0.000094, 0.000054, 0.000052
4206, 0.000089, 0.000051, 0.000048
4207, 0.000088, 0.000047, 0.000045
4208, 0.000088, 0.000058, 0.000056
4209, 0.000089, 0.000050, 0.000048
4210, 0.000089, 0.000054, 0.000052
4211, 0.000087, 0.000050, 0.000047
4212, 0.000086, 0.000047, 0.000045
4213, 0.000089, 0.000060, 0.000058
4214, 0.000091, 0.000048, 0.000046
4215, 0.000089, 0.000058, 0.000054
4216, 0.000088, 0.000049, 0.000048
4217, 0.000087, 0.000050, 0.000048
4218, 0.000086, 0.000053, 0.000050
4219, 0.000087, 0.000047, 0.000047
4220, 0.000088, 0.000057, 0.000055
4221, 0.000088, 0.000047, 0.000046
4222, 0.000088, 0.000048, 0.000046
4223, 0.000085, 0.000052, 0.000050
4224, 0.000086, 0.000047, 0.000046
4225, 0.000090, 0.000062, 0.000059
4226, 0.000091, 0.000047, 0.000047
4227, 0.000088, 0.000058, 0.000055
4228, 0.000087, 0.000049, 0.000048
4229, 0.000086, 0.000048, 0.000047
4230, 0.000084, 0.000051, 0.000049
4231, 0.000085, 0.000047, 0.000046
4232, 0.000086, 0.000048, 0.000047
4233, 0.000085, 0.000048, 0.000047
4234, 0.000085, 0.000050, 0.000049
4235, 0.000085, 0.000047, 0.000046
4236, 0.000084, 0.000046, 0.000044
4237, 0.000086, 0.000061, 0.000059
4238, 0.000090, 0.000050, 0.000049
4239, 0.000092, 0.000066, 0.000062
4240, 0.000089, 0.000047, 0.000047
4241, 0.000086, 0.000048, 0.000046
4242, 0.000086, 0.000062, 0.000059
4243, 0.000090, 0.000051, 0.000050
4244, 0.000096, 0.000080, 0.000075
4245, 0.000099, 0.000051, 0.000051
4246, 0.000096, 0.000062, 0.000060
4247, 0.000091, 0.000047, 0.000046
4248, 0.000086, 0.000046, 0.000045
4249, 0.000087, 0.000062, 0.000059
4250, 0.000090, 0.000049, 0.000048
4251, 0.000090, 0.000063, 0.000059
4252, 0.000091, 0.000051, 0.000049
4253, 0.000087, 0.000052, 0.000050
4254, 0.000085, 0.000050, 0.000049
4255, 0.000085, 0.000050, 0.000049
4256, 0.000086, 0.000051, 0.000049
4257, 0.000084, 0.000047, 0.000046
4258, 0.000085, 0.000055, 0.000052
4259, 0.000086, 0.000047, 0.000045
4260, 0.000085, 0.000054, 0.000052
4261, 0.000086, 0.000050, 0.000049
4262, 0.000086, 0.000048, 0.000048
4263, 0.000085, 0.000054, 0.000053
4264, 0.000086, 0.000050, 0.000049
4265, 0.000090, 0.000066, 0.000063
4266, 0.000093, 0.000050, 0.000048
4267, 0.000090, 0.000057, 0.000054
4268, 0.000086, 0.000050, 0.000048
4269, 0.000085, 0.000051, 0.000049
4270, 0.000087, 0.000052, 0.000051
4271, 0.000086, 0.000047, 0.000046
4272, 0.000085, 0.000053, 0.000050
4273, 0.000084, 0.000047, 0.000045
4274, 0.000085, 0.000051, 0.000048
4275, 0.000084, 0.000049, 0.000046
4276, 0.000082, 0.000049, 0.000048
4277, 0.000084, 0.000055, 0.000053
4278, 0.000084, 0.000047, 0.000048
4279, 0.000086, 0.000061, 0.000060
4280, 0.000088, 0.000049, 0.000049
4281, 0.000088, 0.000062, 0.000059
4282, 0.000088, 0.000047, 0.000046
4283, 0.000086, 0.000050, 0.000048
4284, 0.000083, 0.000048, 0.000047
4285, 0.000084, 0.000046, 0.000046
4286, 0.000084, 0.000052, 0.000050
4287, 0.000083, 0.000047, 0.000046
4288, 0.000084, 0.000055, 0.000053
4289, 0.000084, 0.000046, 0.000045
4290, 0.000084, 0.000050, 0.000048
4291, 0.000084, 0.000045, 0.000044
4292, 0.000083, 0.000047, 0.000045
4293, 0.000082, 0.000049, 0.000047
4294, 0.000083, 0.000047, 0.000046
4295, 0.000083, 0.000050, 0.000048
4296, 0.000083, 0.000052, 0.000049
4297, 0.000083, 0.000049, 0.000047
4298, 0.000083, 0.000049, 0.000047
4299, 0.000083, 0.000049, 0.000047
4300, 0.000083, 0.000051, 0.000049
4301, 0.000084, 0.000046, 0.000045
4302, 0.000084, 0.000056, 0.000054
4303, 0.000086, 0.000047, 0.000048
4304, 0.000089, 0.000060, 0.000059
4305, 0.000088, 0.000049, 0.000048
4306, 0.000086, 0.000061, 0.000058
4307, 0.000087, 0.000048, 0.000046
4308, 0.000085, 0.000055, 0.000052
4309, 0.000085, 0.000049, 0.000048
4310, 0.000084, 0.000050, 0.000049
4311, 0.000082, 0.000051, 0.000050
4312, 0.000084, 0.000047, 0.000048
4313, 0.000087, 0.000064, 0.000061
4314, 0.000090, 0.000052, 0.000051
4315, 0.000094, 0.000075, 0.000072
4316, 0.000101, 0.000061, 0.000060
4317, 0.000104, 0.000100, 0.000095
4318, 0.000113, 0.000071, 0.000073
4319, 0.000114, 0.000092, 0.000087
4320, 0.000106, 0.000050, 0.000049
4321, 0.000090, 0.000047, 0.000045
4322, 0.000081, 0.000066, 0.000061
4323, 0.000091, 0.000059, 0.000059
4324, 0.000101, 0.000083, 0.000079
4325, 0.000104, 0.000057, 0.000057
4326, 0.000096, 0.000057, 0.000055
4327, 0.000087, 0.000049, 0.000048
4328, 0.000081, 0.000049, 0.000049
4329, 0.000086, 0.000066, 0.000062
4330, 0.000093, 0.000054, 0.000054
4331, 0.000093, 0.000061, 0.000057
4332, 0.000088, 0.000046, 0.000046
4333, 0.000082, 0.000048, 0.000047
4334, 0.000084, 0.000066, 0.000063
4335, 0.000092, 0.000061, 0.000062
4336, 0.000100, 0.000082, 0.000077
4337, 0.000101, 0.000051, 0.000050
4338, 0.000090, 0.000048, 0.000046
4339, 0.000082, 0.000064, 0.000061
4340, 0.000088, 0.000054, 0.000054
4341, 0.000095, 0.000066, 0.000064
4342, 0.000092, 0.000047, 0.000046
4343, 0.000085, 0.000046, 0.000045
4344, 0.000082, 0.000058, 0.000054
4345, 0.000084, 0.000052, 0.000051
4346, 0.000090, 0.000061, 0.000057
4347, 0.000089, 0.000047, 0.000047
4348, 0.000085, 0.000051, 0.000049
4349, 0.000081, 0.000049, 0.000049
4350, 0.000083, 0.000049, 0.000048
4351, 0.000085, 0.000058, 0.000056
4352, 0.000086, 0.000047, 0.000046
4353, 0.000085, 0.000049, 0.000046
4354, 0.000083, 0.000047, 0.000045
4355, 0.000081, 0.000048, 0.000047
4356, 0.000081, 0.000051, 0.000049
4357, 0.000082, 0.000048, 0.000048
4358, 0.000082, 0.000052, 0.000051
4359, 0.000084, 0.000048, 0.000047
4360, 0.000083, 0.000047, 0.000047
4361, 0.000082, 0.000046, 0.000045
4362, 0.000081, 0.000049, 0.000048
4363, 0.000081, 0.000048, 0.000047
4364, 0.000081, 0.000046, 0.000044
4365, 0.000081, 0.000050, 0.000048
4366, 0.000080, 0.000047, 0.000047
4367, 0.000080, 0.000048, 0.000047
4368, 0.000082, 0.000047, 0.000046
4369, 0.000081, 0.000048, 0.000048
4370, 0.000081, 0.000048, 0.000047
4371, 0.000080, 0.000047, 0.000046
4372, 0.000080, 0.000047, 0.000045
4373, 0.000080, 0.000048, 0.000047
4374, 0.000082, 0.000050, 0.000048
4375, 0.000082, 0.000047, 0.000047
4376, 0.000083, 0.000052, 0.000050
4377, 0.000082, 0.000045, 0.000045
4378, 0.000080, 0.000047, 0.000046
4379, 0.000081, 0.000052, 0.000049
4380, 0.000081, 0.000047, 0.000047
4381, 0.000084, 0.000060, 0.000057
4382, 0.000087, 0.000049, 0.000049
4383, 0.000085, 0.000051, 0.000048
4384, 0.000081, 0.000049, 0.000048
4385, 0.000082, 0.000048, 0.000047
4386, 0.000082, 0.000059, 0.000055
4387, 0.000084, 0.000051, 0.000051
4388, 0.000085, 0.000049, 0.000047
4389, 0.000081, 0.000046, 0.000045
4390, 0.000080, 0.000046, 0.000046
4391, 0.000082, 0.000050, 0.000049
4392, 0.000081, 0.000047, 0.000046
4393, 0.000081, 0.000049, 0.000048
4394, 0.000080, 0.000046, 0.000045
4395, 0.000079, 0.000047, 0.000046
4396, 0.000080, 0.000050, 0.000048
4397, 0.000080, 0.000046, 0.000046
4398, 0.000080, 0.000048, 0.000047
4399, 0.000080, 0.000050, 0.000049
4400, 0.000082, 0.000049, 0.000048
4401, 0.000081, 0.000046, 0.000044
4402, 0.000079, 0.000048, 0.000046
4403, 0.000081, 0.000048, 0.000047
4404, 0.000082, 0.000049, 0.000047
4405, 0.000080, 0.000047, 0.000047
4406, 0.000078, 0.000049, 0.000048
4407, 0.000080, 0.000049, 0.000048
4408, 0.000080, 0.000050, 0.000049
4409, 0.000080, 0.000048, 0.000047
4410, 0.000080, 0.000051, 0.000049
4411, 0.000080, 0.000047, 0.000046
4412, 0.000080, 0.000047, 0.000046
4413, 0.000079, 0.000050, 0.000049
4414, 0.000080, 0.000047, 0.000047
4415, 0.000082, 0.000051, 0.000049
4416, 0.000082, 0.000048, 0.000047
4417, 0.000080, 0.000048, 0.000046
4418, 0.000079, 0.000056, 0.000053
4419, 0.000083, 0.000053, 0.000054
4420, 0.000088, 0.000068, 0.000066
4421, 0.000090, 0.000055, 0.000057
4422, 0.000089, 0.000055, 0.000054
4423, 0.000084, 0.000046, 0.000044
4424, 0.000079, 0.000052, 0.000050
4425, 0.000085, 0.000074, 0.000071
4426, 0.000101, 0.000072, 0.000073
4427, 0.000105, 0.000074, 0.000071
4428, 0.000096, 0.000048, 0.000049
4429, 0.000081, 0.000048, 0.000048
4430, 0.000081, 0.000068, 0.000065
4431, 0.000091, 0.000061, 0.000061
4432, 0.000095, 0.000065, 0.000061
4433, 0.000089, 0.000050, 0.000049
4434, 0.000081, 0.000046, 0.000046
4435, 0.000079, 0.000056, 0.000054
4436, 0.000085, 0.000056, 0.000057
4437, 0.000089, 0.000061, 0.000059
4438, 0.000089, 0.000049, 0.000048
4439, 0.000082, 0.000048, 0.000046
4440, 0.000078, 0.000050, 0.000048
4441, 0.000079, 0.000051, 0.000049
4442, 0.000084, 0.000061, 0.000057
4443, 0.000087, 0.000050, 0.000050
4444, 0.000083, 0.000048, 0.000047
4445, 0.000079, 0.000051, 0.000049
4446, 0.000080, 0.000053, 0.000053
4447, 0.000087, 0.000064, 0.000060
4448, 0.000090, 0.000054, 0.000054
4449, 0.000086, 0.000051, 0.000050
4450, 0.000079, 0.000048, 0.000047
4451, 0.000078, 0.000049, 0.000050
4452, 0.000082, 0.000055, 0.000053
4453, 0.000082, 0.000047, 0.000047
4454, 0.000079, 0.000048, 0.000046
4455, 0.000078, 0.000054, 0.000051
4456, 0.000080, 0.000050, 0.000050
4457, 0.000081, 0.000055, 0.000053
4458, 0.000081, 0.000048, 0.000048
4459, 0.000079, 0.000048, 0.000048
4460, 0.000078, 0.000052, 0.000050
4461, 0.000079, 0.000048, 0.000048
4462, 0.000079, 0.000049, 0.000047
4463, 0.000079, 0.000048, 0.000047
4464, 0.000078, 0.000046, 0.000046
4465, 0.000078, 0.000048, 0.000048
4466, 0.000078, 0.000049, 0.000050
4467, 0.000079, 0.000051, 0.000050
4468, 0.000079, 0.000047, 0.000047
4469, 0.000079, 0.000051, 0.000049
4470, 0.000080, 0.000047, 0.000046
4471, 0.000079, 0.000047, 0.000045
4472, 0.000078, 0.000047, 0.000045
4473, 0.000077, 0.000046, 0.000046
4474, 0.000080, 0.000050, 0.000048
4475, 0.000079, 0.000048, 0.000047
4476, 0.000079, 0.000051, 0.000049
4477, 0.000079, 0.000051, 0.000050
4478, 0.000079, 0.000051, 0.000049
4479, 0.000077, 0.000046, 0.000046
4480, 0.000077, 0.000049, 0.000047
4481, 0.000079, 0.000047, 0.000046
4482, 0.000077, 0.000047, 0.000045
4483, 0.000077, 0.000049, 0.000047
4484, 0.000078, 0.000047, 0.000046
4485, 0.000077, 0.000047, 0.000047
4486, 0.000078, 0.000052, 0.000050
4487, 0.000078, 0.000047, 0.000047
4488, 0.000078, 0.000047, 0.000046
4489, 0.000075, 0.000048, 0.000047
4490, 0.000076, 0.000047, 0.000046
4491, 0.000079, 0.000051, 0.000049
4492, 0.000078, 0.000047, 0.000047
4493, 0.000078, 0.000049, 0.000047
4494, 0.000077, 0.000048, 0.000047
4495, 0.000077, 0.000047, 0.000047
4496, 0.000077, 0.000050, 0.000049
4497, 0.000079, 0.000050, 0.000050
4498, 0.000081, 0.000051, 0.000050
4499, 0.000080, 0.000047, 0.000047
4500, 0.000078, 0.000047, 0.000045
4501, 0.000077, 0.000048, 0.000047
4502, 0.000077, 0.000049, 0.000049
4503, 0.000079, 0.000053, 0.000050
4504, 0.000081, 0.000048, 0.000048
4505, 0.000078, 0.000048, 0.000046
4506, 0.000076, 0.000047, 0.000045
4507, 0.000078, 0.000048, 0.000048
4508, 0.000078, 0.000057, 0.000054
4509, 0.000081, 0.000054, 0.000053
4510, 0.000084, 0.000057, 0.000054
4511, 0.000082, 0.000049, 0.000049
4512, 0.000078, 0.000048, 0.000046
4513, 0.000077, 0.000054, 0.000051
4514, 0.000080, 0.000052, 0.000052
4515, 0.000081, 0.000061, 0.000058
4516, 0.000086, 0.000055, 0.000055
4517, 0.000084, 0.000050, 0.000049
4518, 0.000079, 0.000046, 0.000046
4519, 0.000077, 0.000050, 0.000049
4520, 0.000077, 0.000050, 0.000049
4521, 0.000078, 0.000050, 0.000049
4522, 0.000078, 0.000054, 0.000051
4523, 0.000078, 0.000050, 0.000051
4524, 0.000079, 0.000049, 0.000048
4525, 0.000077, 0.000047, 0.000047
4526, 0.000075, 0.000047, 0.000047
4527, 0.000074, 0.000051, 0.000049
4528, 0.000076, 0.000048, 0.000048
4529, 0.000077, 0.000047, 0.000046
4530, 0.000076, 0.000049, 0.000048
4531, 0.000075, 0.000050, 0.000050
4532, 0.000079, 0.000056, 0.000055
4533, 0.000083, 0.000053, 0.000053
4534, 0.000080, 0.000050, 0.000049
4535, 0.000076, 0.000046, 0.000047
4536, 0.000074, 0.000048, 0.000047
4537, 0.000076, 0.000048, 0.000048
4538, 0.000077, 0.000049, 0.000050
4539, 0.000079, 0.000056, 0.000054
4540, 0.000080, 0.000052, 0.000054
4541, 0.000082, 0.000055, 0.000052
4542, 0.000078, 0.000047, 0.000046
4543, 0.000075, 0.000047, 0.000046
4544, 0.000076, 0.000052, 0.000049
4545, 0.000078, 0.000050, 0.000049
4546, 0.000078, 0.000049, 0.000048
4547, 0.000076, 0.000045, 0.000045
4548, 0.000075, 0.000045, 0.000045
4549, 0.000075, 0.000047, 0.000046
4550, 0.000074, 0.000048, 0.000047
4551, 0.000073, 0.000048, 0.000047
4552, 0.000075, 0.000049, 0.000048
4553, 0.000074, 0.000047, 0.000047
4554, 0.000075, 0.000047, 0.000048
4555, 0.000077, 0.000050, 0.000049
4556, 0.000076, 0.000046, 0.000046
4557, 0.000075, 0.000047, 0.000047
4558, 0.000074, 0.000047, 0.000046
4559, 0.000075, 0.000047, 0.000047
4560, 0.000074, 0.000049, 0.000049
4561, 0.000076, 0.000046, 0.000047
4562, 0.000075, 0.000048, 0.000047
4563, 0.000075, 0.000048, 0.000048
4564, 0.000075, 0.000046, 0.000045
4565, 0.000075, 0.000048, 0.000047
4566, 0.000075, 0.000047, 0.000047
4567, 0.000075, 0.000048, 0.000047
4568, 0.000075, 0.000050, 0.000049
4569, 0.000074, 0.000049, 0.000050
4570, 0.000077, 0.000053, 0.000052
4571, 0.000078, 0.000054, 0.000055
4572, 0.000081, 0.000058, 0.000057
4573, 0.000082, 0.000049, 0.000049
4574, 0.000076, 0.000048, 0.000047
4575, 0.000074, 0.000049, 0.000049
4576, 0.000076, 0.000049, 0.000049
4577, 0.000076, 0.000050, 0.000049
4578, 0.000077, 0.000049, 0.000050
4579, 0.000076, 0.000051, 0.000049
4580, 0.000076, 0.000048, 0.000046
4581, 0.000073, 0.000047, 0.000046
4582, 0.000075, 0.000049, 0.000048
4583, 0.000075, 0.000047, 0.000048
4584, 0.000076, 0.000049, 0.000049
4585, 0.000075, 0.000046, 0.000046
4586, 0.000073, 0.000046, 0.000046
4587, 0.000074, 0.000051, 0.000050
4588, 0.000075, 0.000049, 0.000049
4589, 0.000075, 0.000047, 0.000047
4590, 0.000074, 0.000050, 0.000050
4591, 0.000074, 0.000049, 0.000049
4592, 0.000075, 0.000051, 0.000050
4593, 0.000077, 0.000049, 0.000050
4594, 0.000076, 0.000048, 0.000047
4595, 0.000075, 0.000046, 0.000046
4596, 0.000073, 0.000047, 0.000047
4597, 0.000074, 0.000049, 0.000048
4598, 0.000074, 0.000049, 0.000048
4599, 0.000073, 0.000050, 0.000048
4600, 0.000074, 0.000047, 0.000047
4601, 0.000074, 0.000047, 0.000047
4602, 0.000075, 0.000049, 0.000049
4603, 0.000076, 0.000050, 0.000051
4604, 0.000078, 0.000057, 0.000056
4605, 0.000080, 0.000055, 0.000057
4606, 0.000081, 0.000055, 0.000053
4607, 0.000078, 0.000048, 0.000048
4608, 0.000074, 0.000047, 0.000047
4609, 0.000073, 0.000055, 0.000053
4610, 0.000078, 0.000058, 0.000059
4611, 0.000085, 0.000065, 0.000063
4612, 0.000090, 0.000060, 0.000061
4613, 0.000085, 0.000053, 0.000050
4614, 0.000075, 0.000049, 0.000049
4615, 0.000073, 0.000053, 0.000052
4616, 0.000077, 0.000057, 0.000054
4617, 0.000079, 0.000055, 0.000056
4618, 0.000081, 0.000051, 0.000050
4619, 0.000076, 0.000045, 0.000045
4620, 0.000071, 0.000047, 0.000048
4621, 0.000073, 0.000053, 0.000051
4622, 0.000076, 0.000052, 0.000052
4623, 0.000078, 0.000053, 0.000051
4624, 0.000076, 0.000048, 0.000048
4625, 0.000074, 0.000048, 0.000047
4626, 0.000072, 0.000049, 0.000049
4627, 0.000074, 0.000050, 0.000051
4628, 0.000075, 0.000053, 0.000052
4629, 0.000077, 0.000049, 0.000050
4630, 0.000076, 0.000050, 0.000048
4631, 0.000075, 0.000048, 0.000048
4632, 0.000073, 0.000047, 0.000047
4633, 0.000073, 0.000047, 0.000046
4634, 0.000072, 0.000047, 0.000047
4635, 0.000073, 0.000047, 0.000047
4636, 0.000073, 0.000047, 0.000047
4637, 0.000073, 0.000048, 0.000047
4638, 0.000073, 0.000048, 0.000048
4639, 0.000074, 0.000048, 0.000047
4640, 0.000072, 0.000048, 0.000047
4641, 0.000072, 0.000049, 0.000049
4642, 0.000073, 0.000049, 0.000047
4643, 0.000073, 0.000050, 0.000049
4644, 0.000073, 0.000048, 0.000047
4645, 0.000073, 0.000046, 0.000046
4646, 0.000073, 0.000049, 0.000048
4647, 0.000073, 0.000047, 0.000047
4648, 0.000073, 0.000046, 0.000046
4649, 0.000072, 0.000050, 0.000049
4650, 0.000072, 0.000048, 0.000048
4651, 0.000073, 0.000049, 0.000048
4652, 0.000072, 0.000049, 0.000049
4653, 0.000073, 0.000050, 0.000049
4654, 0.000074, 0.000047, 0.000048
4655, 0.000074, 0.000047, 0.000046
4656, 0.000072, 0.000046, 0.000046
4657, 0.000073, 0.000047, 0.000046
4658, 0.000071, 0.000048, 0.000048
4659, 0.000072, 0.000049, 0.000047
4660, 0.000072, 0.000048, 0.000048
4661, 0.000071, 0.000047, 0.000046
4662, 0.000072, 0.000045, 0.000044
4663, 0.000071, 0.000046, 0.000046
4664, 0.000071, 0.000048, 0.000048
4665, 0.000072, 0.000047, 0.000047
4666, 0.000071, 0.000047, 0.000048
4667, 0.000071, 0.000048, 0.000047
4668, 0.000071, 0.000048, 0.000047
4669, 0.000071, 0.000048, 0.000047
4670, 0.000071, 0.000048, 0.000047
4671, 0.000071, 0.000048, 0.000048
4672, 0.000072, 0.000049, 0.000048
4673, 0.000072, 0.000046, 0.000047
4674, 0.000072, 0.000046, 0.000046
4675, 0.000071, 0.000046, 0.000046
4676, 0.000071, 0.000046, 0.000046
4677, 0.000070, 0.000048, 0.000048
4678, 0.000072, 0.000047, 0.000047
