Epoch, Train Loss, Valid Loss, Test Loss
1, 0.413350, 0.542070, 0.543717
2, 0.357197, 0.475956, 0.478262
3, 0.313953, 0.418078, 0.421183
4, 0.281243, 0.369850, 0.373479
5, 0.256370, 0.331355, 0.335542
6, 0.236707, 0.306579, 0.310854
7, 0.223072, 0.286151, 0.290431
8, 0.210659, 0.268347, 0.272534
9, 0.198615, 0.250803, 0.254623
10, 0.185958, 0.233694, 0.237162
11, 0.173190, 0.217205, 0.220328
12, 0.160467, 0.201343, 0.204083
13, 0.147949, 0.186727, 0.189115
14, 0.136264, 0.172914, 0.175020
15, 0.125392, 0.159503, 0.161379
16, 0.115101, 0.146642, 0.148326
17, 0.105415, 0.134204, 0.135722
18, 0.096206, 0.121990, 0.123366
19, 0.087321, 0.110011, 0.111275
20, 0.078740, 0.098433, 0.099610
21, 0.070550, 0.087475, 0.088579
22, 0.062848, 0.077339, 0.078376
23, 0.055715, 0.068189, 0.069157
24, 0.049235, 0.060062, 0.060955
25, 0.043452, 0.052887, 0.053704
26, 0.038337, 0.046588, 0.047336
27, 0.033825, 0.041090, 0.041779
28, 0.029867, 0.036328, 0.036966
29, 0.026412, 0.032186, 0.032775
30, 0.023396, 0.028508, 0.029055
31, 0.020761, 0.025227, 0.025736
32, 0.018402, 0.022340, 0.022813
33, 0.016367, 0.019853, 0.020294
34, 0.014589, 0.017726, 0.018137
35, 0.013067, 0.015914, 0.016300
36, 0.011775, 0.014371, 0.014735
37, 0.010673, 0.013064, 0.013411
38, 0.009746, 0.011950, 0.012283
39, 0.008953, 0.010990, 0.011310
40, 0.008262, 0.010147, 0.010456
41, 0.007649, 0.009384, 0.009682
42, 0.007115, 0.008668, 0.008957
43, 0.006615, 0.008027, 0.008305
44, 0.006171, 0.007455, 0.007722
45, 0.005772, 0.006944, 0.007200
46, 0.005411, 0.006484, 0.006731
47, 0.005100, 0.006067, 0.006306
48, 0.004817, 0.005695, 0.005928
49, 0.004572, 0.005373, 0.005600
50, 0.004357, 0.005101, 0.005323
51, 0.004170, 0.004871, 0.005085
52, 0.003999, 0.004666, 0.004871
53, 0.003843, 0.004477, 0.004674
54, 0.003709, 0.004301, 0.004492
55, 0.003586, 0.004147, 0.004331
56, 0.003473, 0.004012, 0.004190
57, 0.003374, 0.003890, 0.004063
58, 0.003287, 0.003784, 0.003952
59, 0.003215, 0.003695, 0.003858
60, 0.003155, 0.003621, 0.003780
61, 0.003097, 0.003553, 0.003707
62, 0.003044, 0.003484, 0.003634
63, 0.003004, 0.003421, 0.003566
64, 0.002965, 0.003359, 0.003500
65, 0.002925, 0.003310, 0.003446
66, 0.002886, 0.003264, 0.003396
67, 0.002845, 0.003226, 0.003355
68, 0.002827, 0.003182, 0.003307
69, 0.002794, 0.003141, 0.003262
70, 0.002777, 0.003108, 0.003226
71, 0.002747, 0.003087, 0.003201
72, 0.002725, 0.003063, 0.003175
73, 0.002711, 0.003038, 0.003146
74, 0.002692, 0.003012, 0.003118
75, 0.002678, 0.002989, 0.003092
76, 0.002658, 0.002970, 0.003071
77, 0.002650, 0.002956, 0.003054
78, 0.002637, 0.002946, 0.003041
79, 0.002625, 0.002933, 0.003024
80, 0.002611, 0.002916, 0.003005
81, 0.002603, 0.002899, 0.002986
82, 0.002595, 0.002884, 0.002969
83, 0.002587, 0.002878, 0.002961
84, 0.002575, 0.002879, 0.002958
85, 0.002574, 0.002868, 0.002945
86, 0.002561, 0.002858, 0.002932
87, 0.002554, 0.002845, 0.002918
88, 0.002548, 0.002835, 0.002906
89, 0.002542, 0.002829, 0.002898
90, 0.002541, 0.002821, 0.002888
91, 0.002528, 0.002813, 0.002877
92, 0.002528, 0.002810, 0.002872
93, 0.002528, 0.002810, 0.002869
94, 0.002518, 0.002805, 0.002862
95, 0.002512, 0.002797, 0.002852
96, 0.002502, 0.002790, 0.002844
97, 0.002503, 0.002782, 0.002834
98, 0.002498, 0.002777, 0.002827
99, 0.002490, 0.002779, 0.002827
100, 0.002490, 0.002780, 0.002827
101, 0.002486, 0.002777, 0.002823
102, 0.002477, 0.002768, 0.002813
103, 0.002477, 0.002759, 0.002803
104, 0.002476, 0.002756, 0.002798
105, 0.002469, 0.002760, 0.002799
106, 0.002465, 0.002762, 0.002800
107, 0.002466, 0.002757, 0.002794
108, 0.002457, 0.002749, 0.002785
109, 0.002453, 0.002742, 0.002776
110, 0.002453, 0.002742, 0.002775
111, 0.002451, 0.002746, 0.002777
112, 0.002452, 0.002741, 0.002771
113, 0.002444, 0.002735, 0.002764
114, 0.002442, 0.002731, 0.002760
115, 0.002445, 0.002730, 0.002758
116, 0.002429, 0.002730, 0.002757
117, 0.002429, 0.002726, 0.002752
118, 0.002426, 0.002722, 0.002747
119, 0.002426, 0.002722, 0.002746
120, 0.002425, 0.002722, 0.002746
121, 0.002419, 0.002720, 0.002743
122, 0.002420, 0.002717, 0.002738
123, 0.002419, 0.002715, 0.002735
124, 0.002415, 0.002713, 0.002731
125, 0.002414, 0.002714, 0.002732
126, 0.002410, 0.002712, 0.002729
127, 0.002407, 0.002702, 0.002719
128, 0.002408, 0.002699, 0.002716
129, 0.002406, 0.002701, 0.002716
130, 0.002401, 0.002708, 0.002721
131, 0.002400, 0.002705, 0.002717
132, 0.002393, 0.002700, 0.002711
133, 0.002390, 0.002694, 0.002706
134, 0.002387, 0.002694, 0.002705
135, 0.002382, 0.002694, 0.002703
136, 0.002386, 0.002693, 0.002701
137, 0.002385, 0.002694, 0.002702
138, 0.002379, 0.002692, 0.002699
139, 0.002377, 0.002690, 0.002697
140, 0.002372, 0.002684, 0.002691
141, 0.002368, 0.002683, 0.002688
142, 0.002365, 0.002682, 0.002687
143, 0.002363, 0.002683, 0.002688
144, 0.002364, 0.002683, 0.002688
145, 0.002360, 0.002685, 0.002688
146, 0.002356, 0.002681, 0.002684
147, 0.002357, 0.002677, 0.002679
148, 0.002349, 0.002673, 0.002675
149, 0.002358, 0.002670, 0.002673
150, 0.002349, 0.002669, 0.002672
151, 0.002345, 0.002672, 0.002672
152, 0.002346, 0.002670, 0.002670
153, 0.002338, 0.002670, 0.002669
154, 0.002345, 0.002668, 0.002666
155, 0.002339, 0.002666, 0.002665
156, 0.002336, 0.002665, 0.002664
157, 0.002334, 0.002666, 0.002664
158, 0.002331, 0.002664, 0.002661
159, 0.002330, 0.002666, 0.002662
160, 0.002328, 0.002661, 0.002657
161, 0.002327, 0.002661, 0.002657
162, 0.002319, 0.002658, 0.002653
163, 0.002324, 0.002656, 0.002651
164, 0.002319, 0.002654, 0.002648
165, 0.002315, 0.002655, 0.002648
166, 0.002317, 0.002656, 0.002648
167, 0.002309, 0.002657, 0.002650
168, 0.002311, 0.002654, 0.002647
169, 0.002306, 0.002652, 0.002644
170, 0.002312, 0.002650, 0.002641
171, 0.002307, 0.002649, 0.002640
172, 0.002303, 0.002646, 0.002637
173, 0.002298, 0.002645, 0.002636
174, 0.002300, 0.002645, 0.002636
175, 0.002297, 0.002644, 0.002634
176, 0.002296, 0.002644, 0.002634
177, 0.002289, 0.002643, 0.002632
178, 0.002292, 0.002642, 0.002631
179, 0.002287, 0.002642, 0.002631
180, 0.002284, 0.002640, 0.002629
181, 0.002286, 0.002639, 0.002628
182, 0.002280, 0.002637, 0.002626
183, 0.002279, 0.002634, 0.002622
184, 0.002278, 0.002633, 0.002620
185, 0.002275, 0.002634, 0.002620
186, 0.002274, 0.002636, 0.002622
187, 0.002275, 0.002633, 0.002620
188, 0.002269, 0.002632, 0.002619
189, 0.002269, 0.002630, 0.002615
190, 0.002269, 0.002632, 0.002617
191, 0.002264, 0.002629, 0.002615
192, 0.002262, 0.002626, 0.002612
193, 0.002258, 0.002623, 0.002609
194, 0.002256, 0.002621, 0.002606
195, 0.002256, 0.002621, 0.002606
196, 0.002256, 0.002621, 0.002606
197, 0.002256, 0.002621, 0.002606
198, 0.002252, 0.002619, 0.002603
199, 0.002246, 0.002616, 0.002600
200, 0.002247, 0.002615, 0.002598
201, 0.002242, 0.002615, 0.002598
202, 0.002241, 0.002617, 0.002600
203, 0.002243, 0.002617, 0.002600
204, 0.002237, 0.002613, 0.002596
205, 0.002242, 0.002610, 0.002592
206, 0.002238, 0.002608, 0.002590
207, 0.002235, 0.002607, 0.002589
208, 0.002232, 0.002607, 0.002590
209, 0.002232, 0.002606, 0.002588
210, 0.002225, 0.002606, 0.002586
211, 0.002229, 0.002603, 0.002584
212, 0.002228, 0.002604, 0.002585
213, 0.002225, 0.002603, 0.002584
214, 0.002219, 0.002601, 0.002582
215, 0.002223, 0.002598, 0.002579
216, 0.002219, 0.002597, 0.002578
217, 0.002217, 0.002596, 0.002576
218, 0.002218, 0.002597, 0.002577
219, 0.002212, 0.002594, 0.002574
220, 0.002211, 0.002593, 0.002573
221, 0.002211, 0.002590, 0.002571
222, 0.002211, 0.002589, 0.002569
223, 0.002207, 0.002588, 0.002567
224, 0.002206, 0.002588, 0.002566
225, 0.002202, 0.002587, 0.002565
226, 0.002200, 0.002585, 0.002564
227, 0.002199, 0.002583, 0.002562
228, 0.002201, 0.002581, 0.002560
229, 0.002194, 0.002581, 0.002559
230, 0.002193, 0.002581, 0.002558
231, 0.002193, 0.002579, 0.002557
232, 0.002190, 0.002576, 0.002555
233, 0.002189, 0.002575, 0.002553
234, 0.002187, 0.002575, 0.002553
235, 0.002187, 0.002573, 0.002551
236, 0.002186, 0.002570, 0.002548
237, 0.002186, 0.002568, 0.002546
238, 0.002183, 0.002568, 0.002546
239, 0.002178, 0.002569, 0.002546
240, 0.002181, 0.002566, 0.002544
241, 0.002175, 0.002562, 0.002539
242, 0.002175, 0.002559, 0.002536
243, 0.002175, 0.002558, 0.002535
244, 0.002170, 0.002559, 0.002535
245, 0.002169, 0.002558, 0.002534
246, 0.002168, 0.002556, 0.002532
247, 0.002163, 0.002553, 0.002529
248, 0.002162, 0.002551, 0.002527
249, 0.002164, 0.002549, 0.002525
250, 0.002159, 0.002547, 0.002523
251, 0.002159, 0.002547, 0.002523
252, 0.002157, 0.002546, 0.002522
253, 0.002156, 0.002544, 0.002519
254, 0.002160, 0.002542, 0.002517
255, 0.002150, 0.002539, 0.002515
256, 0.002151, 0.002538, 0.002513
257, 0.002150, 0.002537, 0.002513
258, 0.002145, 0.002537, 0.002512
259, 0.002147, 0.002535, 0.002510
260, 0.002144, 0.002530, 0.002505
261, 0.002141, 0.002527, 0.002503
262, 0.002139, 0.002527, 0.002502
263, 0.002137, 0.002528, 0.002501
264, 0.002137, 0.002526, 0.002500
265, 0.002132, 0.002523, 0.002498
266, 0.002133, 0.002518, 0.002493
267, 0.002130, 0.002517, 0.002490
268, 0.002131, 0.002516, 0.002490
269, 0.002126, 0.002517, 0.002491
270, 0.002126, 0.002514, 0.002488
271, 0.002126, 0.002512, 0.002485
272, 0.002125, 0.002510, 0.002484
273, 0.002120, 0.002507, 0.002480
274, 0.002120, 0.002503, 0.002476
275, 0.002115, 0.002505, 0.002478
276, 0.002113, 0.002506, 0.002480
277, 0.002114, 0.002501, 0.002474
278, 0.002112, 0.002499, 0.002471
279, 0.002112, 0.002499, 0.002472
280, 0.002107, 0.002497, 0.002469
281, 0.002108, 0.002492, 0.002463
282, 0.002109, 0.002492, 0.002465
283, 0.002106, 0.002494, 0.002467
284, 0.002105, 0.002492, 0.002464
285, 0.002102, 0.002488, 0.002460
286, 0.002101, 0.002488, 0.002460
287, 0.002100, 0.002482, 0.002454
288, 0.002094, 0.002481, 0.002453
289, 0.002097, 0.002482, 0.002454
290, 0.002096, 0.002480, 0.002452
291, 0.002095, 0.002480, 0.002452
292, 0.002088, 0.002480, 0.002451
293, 0.002091, 0.002478, 0.002449
294, 0.002091, 0.002474, 0.002446
295, 0.002087, 0.002474, 0.002445
296, 0.002084, 0.002474, 0.002446
297, 0.002086, 0.002474, 0.002446
298, 0.002083, 0.002469, 0.002441
299, 0.002080, 0.002467, 0.002438
300, 0.002081, 0.002469, 0.002440
301, 0.002082, 0.002467, 0.002438
302, 0.002079, 0.002465, 0.002436
303, 0.002077, 0.002467, 0.002439
304, 0.002079, 0.002466, 0.002437
305, 0.002078, 0.002462, 0.002432
306, 0.002074, 0.002460, 0.002431
307, 0.002072, 0.002465, 0.002436
308, 0.002074, 0.002458, 0.002429
309, 0.002072, 0.002457, 0.002428
310, 0.002068, 0.002460, 0.002432
311, 0.002070, 0.002458, 0.002429
312, 0.002069, 0.002455, 0.002427
313, 0.002068, 0.002459, 0.002430
314, 0.002067, 0.002456, 0.002427
315, 0.002066, 0.002452, 0.002424
316, 0.002065, 0.002455, 0.002426
317, 0.002062, 0.002451, 0.002422
318, 0.002064, 0.002449, 0.002420
319, 0.002063, 0.002451, 0.002422
320, 0.002064, 0.002451, 0.002422
321, 0.002062, 0.002447, 0.002418
322, 0.002060, 0.002450, 0.002421
323, 0.002061, 0.002452, 0.002423
324, 0.002061, 0.002447, 0.002418
325, 0.002058, 0.002446, 0.002417
326, 0.002056, 0.002443, 0.002414
327, 0.002056, 0.002443, 0.002413
328, 0.002053, 0.002445, 0.002415
329, 0.002057, 0.002444, 0.002415
330, 0.002057, 0.002442, 0.002413
331, 0.002052, 0.002444, 0.002415
332, 0.002054, 0.002442, 0.002413
333, 0.002051, 0.002442, 0.002413
334, 0.002051, 0.002439, 0.002410
335, 0.002048, 0.002438, 0.002410
336, 0.002049, 0.002444, 0.002415
337, 0.002049, 0.002439, 0.002410
338, 0.002051, 0.002433, 0.002405
339, 0.002049, 0.002437, 0.002408
340, 0.002049, 0.002439, 0.002411
341, 0.002047, 0.002434, 0.002406
342, 0.002044, 0.002436, 0.002407
343, 0.002047, 0.002441, 0.002411
344, 0.002043, 0.002430, 0.002401
345, 0.002042, 0.002429, 0.002400
346, 0.002043, 0.002437, 0.002407
347, 0.002043, 0.002432, 0.002402
348, 0.002042, 0.002430, 0.002401
349, 0.002044, 0.002435, 0.002405
350, 0.002042, 0.002430, 0.002401
351, 0.002040, 0.002427, 0.002398
352, 0.002042, 0.002431, 0.002401
353, 0.002039, 0.002428, 0.002399
354, 0.002038, 0.002427, 0.002399
355, 0.002040, 0.002429, 0.002399
356, 0.002038, 0.002428, 0.002398
357, 0.002038, 0.002423, 0.002394
358, 0.002035, 0.002426, 0.002397
359, 0.002034, 0.002429, 0.002398
360, 0.002036, 0.002426, 0.002396
361, 0.002035, 0.002423, 0.002394
362, 0.002037, 0.002424, 0.002394
363, 0.002036, 0.002422, 0.002392
364, 0.002031, 0.002419, 0.002390
365, 0.002033, 0.002421, 0.002391
366, 0.002033, 0.002422, 0.002393
367, 0.002031, 0.002420, 0.002391
368, 0.002029, 0.002419, 0.002390
369, 0.002031, 0.002420, 0.002391
370, 0.002031, 0.002420, 0.002390
371, 0.002031, 0.002418, 0.002388
372, 0.002032, 0.002418, 0.002389
373, 0.002030, 0.002419, 0.002389
374, 0.002028, 0.002415, 0.002386
375, 0.002027, 0.002418, 0.002388
376, 0.002026, 0.002420, 0.002391
377, 0.002028, 0.002415, 0.002386
378, 0.002029, 0.002416, 0.002386
379, 0.002030, 0.002417, 0.002386
380, 0.002027, 0.002413, 0.002384
381, 0.002025, 0.002417, 0.002387
382, 0.002024, 0.002416, 0.002386
383, 0.002024, 0.002411, 0.002382
384, 0.002028, 0.002415, 0.002385
385, 0.002025, 0.002417, 0.002387
386, 0.002022, 0.002410, 0.002380
387, 0.002025, 0.002411, 0.002381
388, 0.002022, 0.002412, 0.002382
389, 0.002021, 0.002414, 0.002383
390, 0.002023, 0.002412, 0.002381
391, 0.002022, 0.002411, 0.002381
392, 0.002021, 0.002414, 0.002383
393, 0.002023, 0.002408, 0.002378
394, 0.002020, 0.002410, 0.002379
395, 0.002017, 0.002410, 0.002380
396, 0.002019, 0.002412, 0.002383
397, 0.002017, 0.002409, 0.002379
398, 0.002018, 0.002411, 0.002380
399, 0.002020, 0.002407, 0.002377
400, 0.002019, 0.002405, 0.002376
401, 0.002016, 0.002408, 0.002378
402, 0.002014, 0.002407, 0.002377
403, 0.002017, 0.002409, 0.002380
404, 0.002017, 0.002407, 0.002378
405, 0.002015, 0.002405, 0.002375
406, 0.002015, 0.002405, 0.002375
407, 0.002016, 0.002405, 0.002375
408, 0.002014, 0.002405, 0.002375
409, 0.002015, 0.002404, 0.002373
410, 0.002013, 0.002407, 0.002376
411, 0.002013, 0.002404, 0.002374
412, 0.002013, 0.002404, 0.002373
413, 0.002014, 0.002404, 0.002373
414, 0.002012, 0.002404, 0.002373
415, 0.002010, 0.002404, 0.002374
416, 0.002016, 0.002404, 0.002373
417, 0.002010, 0.002403, 0.002372
418, 0.002010, 0.002399, 0.002370
419, 0.002013, 0.002406, 0.002377
420, 0.002008, 0.002406, 0.002376
421, 0.002009, 0.002399, 0.002370
422, 0.002014, 0.002401, 0.002371
423, 0.002009, 0.002412, 0.002380
424, 0.002012, 0.002399, 0.002370
425, 0.002014, 0.002399, 0.002368
426, 0.002010, 0.002419, 0.002385
427, 0.002011, 0.002399, 0.002371
428, 0.002013, 0.002398, 0.002368
429, 0.002010, 0.002412, 0.002379
430, 0.002015, 0.002396, 0.002367
431, 0.002007, 0.002399, 0.002370
432, 0.002009, 0.002409, 0.002377
433, 0.002010, 0.002399, 0.002367
434, 0.002008, 0.002397, 0.002368
435, 0.002008, 0.002413, 0.002381
436, 0.002007, 0.002403, 0.002372
437, 0.002004, 0.002397, 0.002368
438, 0.002009, 0.002404, 0.002372
439, 0.002005, 0.002398, 0.002368
440, 0.002005, 0.002394, 0.002366
441, 0.002006, 0.002402, 0.002371
442, 0.002008, 0.002399, 0.002368
443, 0.002006, 0.002395, 0.002367
444, 0.002006, 0.002404, 0.002373
445, 0.002002, 0.002399, 0.002368
446, 0.002004, 0.002393, 0.002363
447, 0.002005, 0.002396, 0.002366
448, 0.002004, 0.002404, 0.002372
449, 0.002004, 0.002393, 0.002363
450, 0.002002, 0.002395, 0.002365
451, 0.002001, 0.002402, 0.002371
452, 0.002004, 0.002392, 0.002362
453, 0.001999, 0.002393, 0.002362
454, 0.002004, 0.002400, 0.002368
455, 0.002003, 0.002395, 0.002365
456, 0.002001, 0.002394, 0.002364
457, 0.001999, 0.002399, 0.002367
458, 0.002001, 0.002392, 0.002362
459, 0.002005, 0.002397, 0.002366
460, 0.002001, 0.002397, 0.002366
461, 0.002002, 0.002390, 0.002360
462, 0.002001, 0.002392, 0.002362
463, 0.002000, 0.002395, 0.002364
464, 0.001998, 0.002393, 0.002362
465, 0.001998, 0.002393, 0.002362
466, 0.001998, 0.002391, 0.002360
467, 0.002000, 0.002393, 0.002362
468, 0.001998, 0.002394, 0.002363
469, 0.001999, 0.002390, 0.002360
470, 0.002001, 0.002393, 0.002362
471, 0.001996, 0.002393, 0.002361
472, 0.002000, 0.002390, 0.002360
473, 0.001997, 0.002393, 0.002362
474, 0.001996, 0.002391, 0.002360
475, 0.001999, 0.002389, 0.002358
476, 0.001999, 0.002392, 0.002361
477, 0.001993, 0.002393, 0.002362
478, 0.001996, 0.002387, 0.002358
479, 0.001999, 0.002391, 0.002360
480, 0.001996, 0.002390, 0.002359
481, 0.001996, 0.002386, 0.002356
482, 0.001995, 0.002392, 0.002361
483, 0.001995, 0.002389, 0.002359
484, 0.001994, 0.002389, 0.002359
485, 0.001993, 0.002388, 0.002357
486, 0.001997, 0.002392, 0.002360
487, 0.001996, 0.002387, 0.002357
488, 0.001995, 0.002388, 0.002357
489, 0.001994, 0.002393, 0.002360
490, 0.001995, 0.002387, 0.002356
491, 0.001992, 0.002386, 0.002356
492, 0.001993, 0.002389, 0.002358
493, 0.001992, 0.002387, 0.002356
494, 0.001994, 0.002386, 0.002355
495, 0.001992, 0.002392, 0.002361
496, 0.001994, 0.002389, 0.002358
497, 0.001994, 0.002385, 0.002356
498, 0.001993, 0.002391, 0.002360
499, 0.001993, 0.002385, 0.002355
500, 0.001992, 0.002382, 0.002353
501, 0.001990, 0.002394, 0.002362
502, 0.001993, 0.002384, 0.002354
503, 0.001992, 0.002382, 0.002353
504, 0.001991, 0.002390, 0.002359
505, 0.001990, 0.002385, 0.002354
506, 0.001991, 0.002381, 0.002352
507, 0.001994, 0.002395, 0.002363
508, 0.001992, 0.002386, 0.002355
509, 0.001991, 0.002383, 0.002355
510, 0.001991, 0.002396, 0.002363
511, 0.001992, 0.002385, 0.002354
512, 0.001991, 0.002380, 0.002351
513, 0.001993, 0.002398, 0.002366
514, 0.001993, 0.002382, 0.002353
515, 0.001991, 0.002381, 0.002351
516, 0.001989, 0.002393, 0.002361
517, 0.001987, 0.002382, 0.002352
518, 0.001989, 0.002381, 0.002351
519, 0.001989, 0.002396, 0.002363
520, 0.001991, 0.002381, 0.002351
521, 0.001990, 0.002382, 0.002351
522, 0.001987, 0.002397, 0.002364
523, 0.001991, 0.002379, 0.002349
524, 0.001990, 0.002381, 0.002350
525, 0.001985, 0.002393, 0.002359
526, 0.001989, 0.002379, 0.002349
527, 0.001988, 0.002385, 0.002354
528, 0.001986, 0.002392, 0.002360
529, 0.001987, 0.002378, 0.002350
530, 0.001988, 0.002384, 0.002353
531, 0.001984, 0.002395, 0.002363
532, 0.001988, 0.002379, 0.002351
533, 0.001993, 0.002389, 0.002358
534, 0.001987, 0.002384, 0.002354
535, 0.001985, 0.002378, 0.002350
536, 0.001987, 0.002387, 0.002356
537, 0.001986, 0.002380, 0.002349
538, 0.001989, 0.002378, 0.002348
539, 0.001986, 0.002384, 0.002353
540, 0.001984, 0.002382, 0.002351
541, 0.001983, 0.002378, 0.002347
542, 0.001983, 0.002380, 0.002348
543, 0.001986, 0.002379, 0.002348
544, 0.001985, 0.002379, 0.002348
545, 0.001981, 0.002381, 0.002350
546, 0.001981, 0.002377, 0.002348
547, 0.001983, 0.002376, 0.002347
548, 0.001980, 0.002387, 0.002355
549, 0.001984, 0.002377, 0.002347
550, 0.001981, 0.002377, 0.002347
551, 0.001982, 0.002385, 0.002354
552, 0.001982, 0.002372, 0.002344
553, 0.001986, 0.002385, 0.002353
554, 0.001981, 0.002376, 0.002346
555, 0.001983, 0.002375, 0.002345
556, 0.001978, 0.002378, 0.002347
557, 0.001980, 0.002378, 0.002347
558, 0.001981, 0.002375, 0.002345
559, 0.001977, 0.002377, 0.002347
560, 0.001980, 0.002378, 0.002348
561, 0.001981, 0.002376, 0.002346
562, 0.001978, 0.002376, 0.002347
563, 0.001980, 0.002380, 0.002349
564, 0.001982, 0.002370, 0.002342
565, 0.001981, 0.002379, 0.002349
566, 0.001978, 0.002378, 0.002348
567, 0.001978, 0.002372, 0.002343
568, 0.001979, 0.002381, 0.002350
569, 0.001980, 0.002375, 0.002345
570, 0.001975, 0.002369, 0.002340
571, 0.001978, 0.002377, 0.002345
572, 0.001976, 0.002372, 0.002342
573, 0.001973, 0.002374, 0.002343
574, 0.001975, 0.002379, 0.002348
575, 0.001978, 0.002369, 0.002340
576, 0.001978, 0.002378, 0.002347
577, 0.001980, 0.002377, 0.002346
578, 0.001975, 0.002368, 0.002340
579, 0.001980, 0.002378, 0.002347
580, 0.001977, 0.002371, 0.002341
581, 0.001977, 0.002369, 0.002339
582, 0.001975, 0.002375, 0.002345
583, 0.001976, 0.002374, 0.002343
584, 0.001976, 0.002370, 0.002340
585, 0.001975, 0.002372, 0.002341
586, 0.001974, 0.002374, 0.002343
587, 0.001976, 0.002367, 0.002337
588, 0.001976, 0.002376, 0.002345
589, 0.001976, 0.002367, 0.002337
590, 0.001974, 0.002370, 0.002340
591, 0.001974, 0.002376, 0.002345
592, 0.001973, 0.002368, 0.002339
593, 0.001972, 0.002371, 0.002341
594, 0.001971, 0.002371, 0.002341
595, 0.001971, 0.002365, 0.002336
596, 0.001976, 0.002377, 0.002346
597, 0.001972, 0.002365, 0.002336
598, 0.001973, 0.002368, 0.002339
599, 0.001970, 0.002371, 0.002340
600, 0.001971, 0.002367, 0.002337
601, 0.001973, 0.002362, 0.002333
602, 0.001971, 0.002370, 0.002340
603, 0.001973, 0.002366, 0.002336
604, 0.001970, 0.002365, 0.002336
605, 0.001967, 0.002377, 0.002345
606, 0.001972, 0.002363, 0.002334
607, 0.001969, 0.002366, 0.002336
608, 0.001967, 0.002371, 0.002340
609, 0.001969, 0.002361, 0.002332
610, 0.001972, 0.002371, 0.002340
611, 0.001968, 0.002371, 0.002340
612, 0.001968, 0.002359, 0.002330
613, 0.001972, 0.002381, 0.002348
614, 0.001971, 0.002359, 0.002330
615, 0.001968, 0.002363, 0.002333
616, 0.001966, 0.002373, 0.002341
617, 0.001972, 0.002359, 0.002330
618, 0.001967, 0.002367, 0.002336
619, 0.001967, 0.002366, 0.002336
620, 0.001965, 0.002357, 0.002328
621, 0.001966, 0.002368, 0.002337
622, 0.001966, 0.002358, 0.002329
623, 0.001967, 0.002363, 0.002333
624, 0.001968, 0.002367, 0.002337
625, 0.001966, 0.002357, 0.002328
626, 0.001966, 0.002369, 0.002338
627, 0.001963, 0.002357, 0.002328
628, 0.001963, 0.002356, 0.002328
629, 0.001965, 0.002376, 0.002343
630, 0.001965, 0.002356, 0.002326
631, 0.001964, 0.002356, 0.002327
632, 0.001962, 0.002376, 0.002344
633, 0.001968, 0.002352, 0.002324
634, 0.001964, 0.002363, 0.002332
635, 0.001962, 0.002361, 0.002330
636, 0.001962, 0.002349, 0.002322
637, 0.001965, 0.002369, 0.002338
638, 0.001964, 0.002356, 0.002326
639, 0.001962, 0.002351, 0.002324
640, 0.001961, 0.002374, 0.002343
641, 0.001963, 0.002349, 0.002322
642, 0.001962, 0.002354, 0.002325
643, 0.001962, 0.002364, 0.002333
644, 0.001961, 0.002346, 0.002320
645, 0.001967, 0.002374, 0.002342
646, 0.001963, 0.002351, 0.002322
647, 0.001958, 0.002350, 0.002321
648, 0.001960, 0.002367, 0.002336
649, 0.001959, 0.002345, 0.002317
650, 0.001961, 0.002355, 0.002325
651, 0.001958, 0.002348, 0.002319
652, 0.001958, 0.002350, 0.002320
653, 0.001954, 0.002354, 0.002324
654, 0.001954, 0.002347, 0.002318
655, 0.001957, 0.002349, 0.002319
656, 0.001956, 0.002354, 0.002324
657, 0.001954, 0.002343, 0.002314
658, 0.001955, 0.002353, 0.002323
659, 0.001955, 0.002354, 0.002323
660, 0.001954, 0.002340, 0.002312
661, 0.001956, 0.002356, 0.002325
662, 0.001955, 0.002340, 0.002312
663, 0.001954, 0.002349, 0.002319
664, 0.001955, 0.002348, 0.002318
665, 0.001954, 0.002342, 0.002313
666, 0.001953, 0.002351, 0.002321
667, 0.001954, 0.002344, 0.002315
668, 0.001948, 0.002339, 0.002310
669, 0.001948, 0.002348, 0.002317
670, 0.001950, 0.002339, 0.002310
671, 0.001949, 0.002347, 0.002317
672, 0.001948, 0.002339, 0.002310
673, 0.001947, 0.002343, 0.002313
674, 0.001951, 0.002336, 0.002307
675, 0.001948, 0.002337, 0.002308
676, 0.001948, 0.002344, 0.002315
677, 0.001947, 0.002334, 0.002306
678, 0.001947, 0.002346, 0.002316
679, 0.001947, 0.002336, 0.002308
680, 0.001946, 0.002341, 0.002312
681, 0.001947, 0.002334, 0.002306
682, 0.001948, 0.002332, 0.002303
683, 0.001945, 0.002335, 0.002306
684, 0.001945, 0.002329, 0.002301
685, 0.001944, 0.002341, 0.002310
686, 0.001945, 0.002336, 0.002307
687, 0.001941, 0.002326, 0.002299
688, 0.001943, 0.002348, 0.002317
689, 0.001946, 0.002326, 0.002298
690, 0.001942, 0.002327, 0.002299
691, 0.001940, 0.002344, 0.002314
692, 0.001946, 0.002321, 0.002295
693, 0.001946, 0.002353, 0.002322
694, 0.001944, 0.002321, 0.002294
695, 0.001942, 0.002325, 0.002297
696, 0.001935, 0.002338, 0.002308
697, 0.001943, 0.002317, 0.002291
698, 0.001942, 0.002353, 0.002321
699, 0.001943, 0.002320, 0.002291
700, 0.001937, 0.002321, 0.002292
701, 0.001937, 0.002335, 0.002304
702, 0.001936, 0.002314, 0.002287
703, 0.001938, 0.002341, 0.002310
704, 0.001938, 0.002315, 0.002287
705, 0.001933, 0.002314, 0.002286
706, 0.001935, 0.002335, 0.002304
707, 0.001936, 0.002309, 0.002284
708, 0.001935, 0.002329, 0.002299
709, 0.001932, 0.002314, 0.002285
710, 0.001929, 0.002307, 0.002280
711, 0.001931, 0.002340, 0.002308
712, 0.001936, 0.002304, 0.002278
713, 0.001931, 0.002317, 0.002288
714, 0.001929, 0.002313, 0.002284
715, 0.001924, 0.002305, 0.002277
716, 0.001925, 0.002316, 0.002286
717, 0.001924, 0.002306, 0.002277
718, 0.001925, 0.002304, 0.002276
719, 0.001925, 0.002308, 0.002279
720, 0.001922, 0.002305, 0.002276
721, 0.001923, 0.002306, 0.002277
722, 0.001920, 0.002299, 0.002272
723, 0.001919, 0.002304, 0.002276
724, 0.001922, 0.002297, 0.002269
725, 0.001919, 0.002294, 0.002267
726, 0.001919, 0.002311, 0.002282
727, 0.001918, 0.002290, 0.002264
728, 0.001919, 0.002305, 0.002276
729, 0.001916, 0.002293, 0.002265
730, 0.001917, 0.002288, 0.002260
731, 0.001913, 0.002306, 0.002276
732, 0.001918, 0.002285, 0.002257
733, 0.001914, 0.002294, 0.002265
734, 0.001911, 0.002295, 0.002265
735, 0.001910, 0.002280, 0.002254
736, 0.001914, 0.002303, 0.002273
737, 0.001914, 0.002277, 0.002251
738, 0.001910, 0.002282, 0.002255
739, 0.001904, 0.002290, 0.002262
740, 0.001909, 0.002274, 0.002248
741, 0.001909, 0.002292, 0.002264
742, 0.001907, 0.002273, 0.002246
743, 0.001904, 0.002274, 0.002247
744, 0.001903, 0.002284, 0.002256
745, 0.001905, 0.002265, 0.002239
746, 0.001905, 0.002286, 0.002256
747, 0.001902, 0.002268, 0.002240
748, 0.001897, 0.002265, 0.002238
749, 0.001897, 0.002275, 0.002246
750, 0.001895, 0.002260, 0.002233
751, 0.001894, 0.002266, 0.002237
752, 0.001893, 0.002267, 0.002239
753, 0.001893, 0.002254, 0.002228
754, 0.001894, 0.002272, 0.002243
755, 0.001892, 0.002255, 0.002228
756, 0.001889, 0.002253, 0.002226
757, 0.001887, 0.002261, 0.002233
758, 0.001893, 0.002245, 0.002219
759, 0.001889, 0.002269, 0.002240
760, 0.001889, 0.002242, 0.002216
761, 0.001885, 0.002254, 0.002225
762, 0.001884, 0.002250, 0.002221
763, 0.001882, 0.002236, 0.002211
764, 0.001887, 0.002279, 0.002247
765, 0.001890, 0.002231, 0.002207
766, 0.001883, 0.002236, 0.002208
767, 0.001878, 0.002260, 0.002231
768, 0.001879, 0.002226, 0.002202
769, 0.001882, 0.002257, 0.002228
770, 0.001879, 0.002222, 0.002197
771, 0.001872, 0.002232, 0.002205
772, 0.001867, 0.002230, 0.002202
773, 0.001867, 0.002216, 0.002190
774, 0.001869, 0.002234, 0.002204
775, 0.001867, 0.002213, 0.002186
776, 0.001865, 0.002218, 0.002190
777, 0.001862, 0.002211, 0.002184
778, 0.001858, 0.002213, 0.002185
779, 0.001859, 0.002210, 0.002183
780, 0.001855, 0.002205, 0.002178
781, 0.001857, 0.002206, 0.002179
782, 0.001854, 0.002200, 0.002174
783, 0.001852, 0.002198, 0.002172
784, 0.001848, 0.002199, 0.002172
785, 0.001848, 0.002192, 0.002165
786, 0.001845, 0.002190, 0.002163
787, 0.001841, 0.002186, 0.002159
788, 0.001840, 0.002196, 0.002167
789, 0.001843, 0.002178, 0.002152
790, 0.001841, 0.002182, 0.002154
791, 0.001839, 0.002190, 0.002161
792, 0.001838, 0.002170, 0.002146
793, 0.001844, 0.002218, 0.002188
794, 0.001846, 0.002164, 0.002141
795, 0.001838, 0.002174, 0.002146
796, 0.001830, 0.002171, 0.002143
797, 0.001825, 0.002154, 0.002129
798, 0.001824, 0.002171, 0.002142
799, 0.001823, 0.002150, 0.002124
800, 0.001818, 0.002151, 0.002123
801, 0.001818, 0.002149, 0.002122
802, 0.001815, 0.002142, 0.002116
803, 0.001809, 0.002142, 0.002115
804, 0.001810, 0.002133, 0.002107
805, 0.001807, 0.002141, 0.002113
806, 0.001804, 0.002130, 0.002103
807, 0.001802, 0.002132, 0.002104
808, 0.001800, 0.002124, 0.002096
809, 0.001796, 0.002120, 0.002093
810, 0.001793, 0.002113, 0.002086
811, 0.001791, 0.002121, 0.002093
812, 0.001791, 0.002107, 0.002081
813, 0.001785, 0.002104, 0.002077
814, 0.001786, 0.002113, 0.002084
815, 0.001783, 0.002093, 0.002068
816, 0.001786, 0.002113, 0.002083
817, 0.001781, 0.002085, 0.002059
818, 0.001775, 0.002096, 0.002068
819, 0.001771, 0.002080, 0.002053
820, 0.001769, 0.002077, 0.002050
821, 0.001762, 0.002086, 0.002057
822, 0.001763, 0.002065, 0.002040
823, 0.001764, 0.002085, 0.002055
824, 0.001759, 0.002059, 0.002032
825, 0.001753, 0.002057, 0.002029
826, 0.001747, 0.002065, 0.002036
827, 0.001748, 0.002043, 0.002018
828, 0.001750, 0.002077, 0.002046
829, 0.001750, 0.002038, 0.002013
830, 0.001745, 0.002049, 0.002020
831, 0.001736, 0.002035, 0.002007
832, 0.001733, 0.002022, 0.001996
833, 0.001733, 0.002058, 0.002027
834, 0.001739, 0.002015, 0.001991
835, 0.001735, 0.002041, 0.002011
836, 0.001728, 0.002005, 0.001980
837, 0.001724, 0.002018, 0.001989
838, 0.001711, 0.001996, 0.001969
839, 0.001705, 0.001987, 0.001961
840, 0.001703, 0.002010, 0.001980
841, 0.001705, 0.001977, 0.001952
842, 0.001708, 0.002006, 0.001976
843, 0.001704, 0.001968, 0.001943
844, 0.001696, 0.001982, 0.001953
845, 0.001688, 0.001958, 0.001932
846, 0.001681, 0.001953, 0.001926
847, 0.001679, 0.001950, 0.001922
848, 0.001674, 0.001940, 0.001914
849, 0.001668, 0.001948, 0.001920
850, 0.001665, 0.001928, 0.001903
851, 0.001660, 0.001929, 0.001902
852, 0.001657, 0.001920, 0.001894
853, 0.001652, 0.001913, 0.001887
854, 0.001648, 0.001915, 0.001887
855, 0.001642, 0.001899, 0.001873
856, 0.001642, 0.001900, 0.001873
857, 0.001634, 0.001890, 0.001863
858, 0.001629, 0.001884, 0.001858
859, 0.001629, 0.001882, 0.001855
860, 0.001624, 0.001869, 0.001844
861, 0.001617, 0.001874, 0.001846
862, 0.001615, 0.001856, 0.001831
863, 0.001610, 0.001856, 0.001830
864, 0.001606, 0.001844, 0.001819
865, 0.001601, 0.001843, 0.001816
866, 0.001594, 0.001832, 0.001807
867, 0.001590, 0.001832, 0.001806
868, 0.001587, 0.001820, 0.001794
869, 0.001581, 0.001812, 0.001786
870, 0.001578, 0.001811, 0.001786
871, 0.001571, 0.001798, 0.001773
872, 0.001566, 0.001799, 0.001771
873, 0.001562, 0.001783, 0.001758
874, 0.001560, 0.001791, 0.001765
875, 0.001553, 0.001769, 0.001746
876, 0.001552, 0.001788, 0.001759
877, 0.001545, 0.001754, 0.001730
878, 0.001539, 0.001754, 0.001728
879, 0.001532, 0.001751, 0.001723
880, 0.001527, 0.001735, 0.001711
881, 0.001527, 0.001757, 0.001728
882, 0.001524, 0.001718, 0.001695
883, 0.001518, 0.001732, 0.001704
884, 0.001508, 0.001706, 0.001680
885, 0.001499, 0.001696, 0.001672
886, 0.001497, 0.001712, 0.001684
887, 0.001494, 0.001683, 0.001660
888, 0.001492, 0.001714, 0.001685
889, 0.001489, 0.001669, 0.001647
890, 0.001483, 0.001686, 0.001658
891, 0.001471, 0.001647, 0.001623
892, 0.001460, 0.001644, 0.001619
893, 0.001453, 0.001642, 0.001616
894, 0.001450, 0.001625, 0.001603
895, 0.001447, 0.001651, 0.001623
896, 0.001450, 0.001611, 0.001592
897, 0.001447, 0.001641, 0.001612
898, 0.001436, 0.001597, 0.001575
899, 0.001428, 0.001603, 0.001578
900, 0.001417, 0.001583, 0.001558
901, 0.001407, 0.001568, 0.001545
902, 0.001405, 0.001589, 0.001561
903, 0.001402, 0.001556, 0.001536
904, 0.001400, 0.001584, 0.001555
905, 0.001396, 0.001534, 0.001513
906, 0.001387, 0.001546, 0.001520
907, 0.001374, 0.001520, 0.001496
908, 0.001367, 0.001510, 0.001487
909, 0.001359, 0.001522, 0.001496
910, 0.001359, 0.001497, 0.001475
911, 0.001356, 0.001542, 0.001513
912, 0.001360, 0.001489, 0.001471
913, 0.001356, 0.001514, 0.001487
914, 0.001346, 0.001461, 0.001440
915, 0.001330, 0.001464, 0.001440
916, 0.001317, 0.001449, 0.001425
917, 0.001309, 0.001437, 0.001415
918, 0.001309, 0.001452, 0.001426
919, 0.001303, 0.001416, 0.001396
920, 0.001293, 0.001426, 0.001401
921, 0.001289, 0.001397, 0.001375
922, 0.001277, 0.001396, 0.001374
923, 0.001272, 0.001383, 0.001360
924, 0.001264, 0.001372, 0.001350
925, 0.001259, 0.001386, 0.001363
926, 0.001255, 0.001353, 0.001335
927, 0.001249, 0.001371, 0.001347
928, 0.001243, 0.001339, 0.001319
929, 0.001237, 0.001333, 0.001311
930, 0.001225, 0.001327, 0.001304
931, 0.001218, 0.001309, 0.001290
932, 0.001214, 0.001321, 0.001299
933, 0.001208, 0.001298, 0.001279
934, 0.001205, 0.001299, 0.001278
935, 0.001194, 0.001274, 0.001255
936, 0.001185, 0.001269, 0.001248
937, 0.001177, 0.001281, 0.001259
938, 0.001177, 0.001252, 0.001236
939, 0.001179, 0.001298, 0.001274
940, 0.001177, 0.001241, 0.001227
941, 0.001173, 0.001255, 0.001233
942, 0.001153, 0.001214, 0.001196
943, 0.001140, 0.001205, 0.001186
944, 0.001135, 0.001228, 0.001204
945, 0.001132, 0.001189, 0.001174
946, 0.001127, 0.001203, 0.001181
947, 0.001117, 0.001170, 0.001152
948, 0.001106, 0.001162, 0.001146
949, 0.001099, 0.001185, 0.001164
950, 0.001103, 0.001153, 0.001139
951, 0.001104, 0.001193, 0.001171
952, 0.001101, 0.001137, 0.001123
953, 0.001091, 0.001148, 0.001128
954, 0.001075, 0.001116, 0.001101
955, 0.001062, 0.001110, 0.001092
956, 0.001057, 0.001123, 0.001104
957, 0.001053, 0.001092, 0.001079
958, 0.001047, 0.001097, 0.001077
959, 0.001038, 0.001076, 0.001059
960, 0.001028, 0.001072, 0.001057
961, 0.001026, 0.001077, 0.001059
962, 0.001020, 0.001057, 0.001042
963, 0.001011, 0.001056, 0.001038
964, 0.001005, 0.001036, 0.001018
965, 0.000999, 0.001037, 0.001021
966, 0.000993, 0.001030, 0.001012
967, 0.000987, 0.001016, 0.000998
968, 0.000980, 0.001028, 0.001014
969, 0.000978, 0.000993, 0.000977
970, 0.000967, 0.001007, 0.000987
971, 0.000963, 0.000992, 0.000980
972, 0.000958, 0.000980, 0.000960
973, 0.000948, 0.000966, 0.000948
974, 0.000939, 0.000961, 0.000947
975, 0.000939, 0.000977, 0.000954
976, 0.000938, 0.000941, 0.000928
977, 0.000930, 0.000968, 0.000949
978, 0.000925, 0.000926, 0.000909
979, 0.000921, 0.000944, 0.000927
980, 0.000909, 0.000916, 0.000899
981, 0.000900, 0.000907, 0.000891
982, 0.000893, 0.000918, 0.000900
983, 0.000886, 0.000888, 0.000872
984, 0.000882, 0.000905, 0.000887
985, 0.000877, 0.000883, 0.000867
986, 0.000869, 0.000880, 0.000860
987, 0.000865, 0.000881, 0.000864
988, 0.000857, 0.000856, 0.000838
989, 0.000853, 0.000881, 0.000861
990, 0.000849, 0.000847, 0.000832
991, 0.000850, 0.000881, 0.000861
992, 0.000843, 0.000839, 0.000823
993, 0.000839, 0.000856, 0.000837
994, 0.000836, 0.000859, 0.000843
995, 0.000833, 0.000861, 0.000840
996, 0.000866, 0.000966, 0.000951
997, 0.000905, 0.000944, 0.000921
998, 0.000935, 0.000963, 0.000946
999, 0.000911, 0.000823, 0.000806
1000, 0.000834, 0.000766, 0.000752
1001, 0.000808, 0.000868, 0.000848
1002, 0.000840, 0.000773, 0.000762
1003, 0.000808, 0.000746, 0.000730
1004, 0.000795, 0.000815, 0.000800
1005, 0.000806, 0.000738, 0.000726
1006, 0.000774, 0.000736, 0.000719
1007, 0.000772, 0.000779, 0.000769
1008, 0.000780, 0.000737, 0.000720
1009, 0.000760, 0.000723, 0.000712
1010, 0.000755, 0.000782, 0.000766
1011, 0.000765, 0.000714, 0.000702
1012, 0.000745, 0.000714, 0.000696
1013, 0.000733, 0.000730, 0.000721
1014, 0.000745, 0.000706, 0.000687
1015, 0.000734, 0.000688, 0.000679
1016, 0.000720, 0.000714, 0.000700
1017, 0.000724, 0.000672, 0.000661
1018, 0.000719, 0.000681, 0.000666
1019, 0.000711, 0.000682, 0.000673
1020, 0.000714, 0.000672, 0.000653
1021, 0.000720, 0.000659, 0.000650
1022, 0.000703, 0.000663, 0.000646
1023, 0.000692, 0.000635, 0.000624
1024, 0.000690, 0.000645, 0.000631
1025, 0.000684, 0.000631, 0.000617
1026, 0.000674, 0.000620, 0.000608
1027, 0.000677, 0.000642, 0.000629
1028, 0.000674, 0.000608, 0.000597
1029, 0.000664, 0.000612, 0.000598
1030, 0.000669, 0.000643, 0.000635
1031, 0.000682, 0.000624, 0.000610
1032, 0.000671, 0.000600, 0.000593
1033, 0.000668, 0.000644, 0.000631
1034, 0.000671, 0.000595, 0.000589
1035, 0.000665, 0.000608, 0.000595
1036, 0.000659, 0.000602, 0.000597
1037, 0.000658, 0.000577, 0.000565
1038, 0.000645, 0.000565, 0.000559
1039, 0.000636, 0.000579, 0.000569
1040, 0.000633, 0.000556, 0.000546
1041, 0.000627, 0.000562, 0.000557
1042, 0.000631, 0.000588, 0.000575
1043, 0.000639, 0.000562, 0.000558
1044, 0.000645, 0.000591, 0.000579
1045, 0.000634, 0.000535, 0.000528
1046, 0.000615, 0.000529, 0.000520
1047, 0.000610, 0.000545, 0.000536
1048, 0.000608, 0.000525, 0.000517
1049, 0.000602, 0.000521, 0.000511
1050, 0.000601, 0.000523, 0.000514
1051, 0.000601, 0.000515, 0.000505
1052, 0.000595, 0.000511, 0.000503
1053, 0.000592, 0.000517, 0.000509
1054, 0.000590, 0.000508, 0.000500
1055, 0.000591, 0.000510, 0.000501
1056, 0.000587, 0.000505, 0.000498
1057, 0.000587, 0.000499, 0.000489
1058, 0.000582, 0.000491, 0.000485
1059, 0.000578, 0.000503, 0.000494
1060, 0.000579, 0.000491, 0.000484
1061, 0.000579, 0.000488, 0.000484
1062, 0.000579, 0.000503, 0.000491
1063, 0.000576, 0.000477, 0.000474
1064, 0.000577, 0.000489, 0.000478
1065, 0.000568, 0.000474, 0.000466
1066, 0.000563, 0.000464, 0.000458
1067, 0.000565, 0.000494, 0.000483
1068, 0.000568, 0.000465, 0.000462
1069, 0.000563, 0.000466, 0.000457
1070, 0.000557, 0.000465, 0.000457
1071, 0.000553, 0.000451, 0.000447
1072, 0.000555, 0.000467, 0.000457
1073, 0.000554, 0.000457, 0.000454
1074, 0.000553, 0.000453, 0.000444
1075, 0.000549, 0.000443, 0.000437
1076, 0.000545, 0.000449, 0.000441
1077, 0.000543, 0.000450, 0.000441
1078, 0.000543, 0.000438, 0.000433
1079, 0.000542, 0.000449, 0.000441
1080, 0.000539, 0.000431, 0.000425
1081, 0.000538, 0.000440, 0.000435
1082, 0.000535, 0.000435, 0.000429
1083, 0.000535, 0.000424, 0.000418
1084, 0.000533, 0.000431, 0.000425
1085, 0.000531, 0.000422, 0.000415
1086, 0.000528, 0.000422, 0.000414
1087, 0.000528, 0.000427, 0.000421
1088, 0.000528, 0.000415, 0.000408
1089, 0.000527, 0.000432, 0.000424
1090, 0.000525, 0.000417, 0.000413
1091, 0.000523, 0.000413, 0.000406
1092, 0.000520, 0.000414, 0.000408
1093, 0.000521, 0.000410, 0.000405
1094, 0.000518, 0.000421, 0.000412
1095, 0.000519, 0.000404, 0.000400
1096, 0.000520, 0.000411, 0.000402
1097, 0.000513, 0.000401, 0.000395
1098, 0.000511, 0.000403, 0.000399
1099, 0.000514, 0.000406, 0.000400
1100, 0.000511, 0.000396, 0.000393
1101, 0.000510, 0.000396, 0.000392
1102, 0.000505, 0.000396, 0.000390
1103, 0.000506, 0.000388, 0.000384
1104, 0.000507, 0.000411, 0.000404
1105, 0.000512, 0.000388, 0.000384
1106, 0.000510, 0.000415, 0.000406
1107, 0.000508, 0.000384, 0.000381
1108, 0.000505, 0.000387, 0.000381
1109, 0.000499, 0.000387, 0.000382
1110, 0.000497, 0.000383, 0.000380
1111, 0.000498, 0.000393, 0.000386
1112, 0.000497, 0.000374, 0.000370
1113, 0.000496, 0.000383, 0.000377
1114, 0.000493, 0.000378, 0.000372
1115, 0.000492, 0.000372, 0.000367
1116, 0.000493, 0.000393, 0.000385
1117, 0.000494, 0.000365, 0.000361
1118, 0.000496, 0.000392, 0.000385
1119, 0.000494, 0.000366, 0.000362
1120, 0.000489, 0.000371, 0.000365
1121, 0.000487, 0.000367, 0.000362
1122, 0.000487, 0.000362, 0.000357
1123, 0.000486, 0.000376, 0.000371
1124, 0.000485, 0.000363, 0.000361
1125, 0.000489, 0.000379, 0.000371
1126, 0.000489, 0.000360, 0.000357
1127, 0.000483, 0.000367, 0.000363
1128, 0.000479, 0.000364, 0.000356
1129, 0.000486, 0.000363, 0.000360
1130, 0.000483, 0.000369, 0.000363
1131, 0.000478, 0.000351, 0.000346
1132, 0.000480, 0.000373, 0.000368
1133, 0.000479, 0.000352, 0.000347
1134, 0.000475, 0.000348, 0.000343
1135, 0.000477, 0.000373, 0.000368
1136, 0.000478, 0.000346, 0.000342
1137, 0.000477, 0.000353, 0.000348
1138, 0.000472, 0.000367, 0.000364
1139, 0.000477, 0.000345, 0.000340
1140, 0.000479, 0.000372, 0.000366
1141, 0.000478, 0.000342, 0.000339
1142, 0.000473, 0.000345, 0.000339
1143, 0.000472, 0.000374, 0.000370
1144, 0.000478, 0.000340, 0.000338
1145, 0.000480, 0.000379, 0.000371
1146, 0.000483, 0.000359, 0.000358
1147, 0.000484, 0.000352, 0.000347
1148, 0.000472, 0.000342, 0.000337
1149, 0.000467, 0.000345, 0.000343
1150, 0.000467, 0.000347, 0.000342
1151, 0.000467, 0.000338, 0.000333
1152, 0.000465, 0.000346, 0.000343
1153, 0.000468, 0.000353, 0.000345
1154, 0.000468, 0.000331, 0.000327
1155, 0.000467, 0.000355, 0.000349
1156, 0.000464, 0.000332, 0.000326
1157, 0.000461, 0.000329, 0.000325
1158, 0.000460, 0.000353, 0.000348
1159, 0.000463, 0.000327, 0.000322
1160, 0.000463, 0.000348, 0.000343
1161, 0.000462, 0.000329, 0.000326
1162, 0.000458, 0.000330, 0.000324
1163, 0.000459, 0.000343, 0.000339
1164, 0.000460, 0.000326, 0.000324
1165, 0.000460, 0.000334, 0.000329
1166, 0.000460, 0.000335, 0.000332
1167, 0.000453, 0.000323, 0.000319
1168, 0.000457, 0.000344, 0.000337
1169, 0.000460, 0.000326, 0.000324
1170, 0.000458, 0.000334, 0.000329
1171, 0.000454, 0.000327, 0.000321
1172, 0.000453, 0.000321, 0.000318
1173, 0.000454, 0.000352, 0.000346
1174, 0.000459, 0.000318, 0.000315
1175, 0.000460, 0.000347, 0.000342
1176, 0.000454, 0.000319, 0.000315
1177, 0.000449, 0.000317, 0.000314
1178, 0.000451, 0.000349, 0.000344
1179, 0.000455, 0.000313, 0.000309
1180, 0.000451, 0.000327, 0.000321
1181, 0.000449, 0.000323, 0.000320
1182, 0.000450, 0.000315, 0.000311
1183, 0.000451, 0.000329, 0.000325
1184, 0.000450, 0.000314, 0.000312
1185, 0.000453, 0.000325, 0.000321
1186, 0.000449, 0.000319, 0.000317
1187, 0.000445, 0.000315, 0.000314
1188, 0.000447, 0.000336, 0.000331
1189, 0.000453, 0.000317, 0.000316
1190, 0.000448, 0.000319, 0.000315
1191, 0.000446, 0.000320, 0.000315
1192, 0.000446, 0.000323, 0.000322
1193, 0.000448, 0.000322, 0.000317
1194, 0.000446, 0.000311, 0.000307
1195, 0.000445, 0.000329, 0.000327
1196, 0.000446, 0.000314, 0.000309
1197, 0.000444, 0.000313, 0.000310
1198, 0.000444, 0.000327, 0.000325
1199, 0.000446, 0.000311, 0.000307
1200, 0.000442, 0.000317, 0.000314
1201, 0.000442, 0.000323, 0.000321
1202, 0.000443, 0.000307, 0.000303
1203, 0.000444, 0.000329, 0.000325
1204, 0.000444, 0.000307, 0.000305
1205, 0.000445, 0.000318, 0.000314
1206, 0.000442, 0.000310, 0.000307
1207, 0.000437, 0.000307, 0.000303
1208, 0.000438, 0.000321, 0.000316
1209, 0.000441, 0.000306, 0.000304
1210, 0.000440, 0.000309, 0.000306
1211, 0.000437, 0.000309, 0.000306
1212, 0.000438, 0.000304, 0.000303
1213, 0.000438, 0.000320, 0.000317
1214, 0.000438, 0.000303, 0.000301
1215, 0.000443, 0.000331, 0.000327
1216, 0.000441, 0.000303, 0.000300
1217, 0.000435, 0.000308, 0.000304
1218, 0.000438, 0.000312, 0.000309
1219, 0.000437, 0.000302, 0.000299
1220, 0.000436, 0.000320, 0.000316
1221, 0.000437, 0.000305, 0.000301
1222, 0.000438, 0.000305, 0.000302
1223, 0.000434, 0.000315, 0.000312
1224, 0.000436, 0.000302, 0.000299
1225, 0.000436, 0.000309, 0.000306
1226, 0.000433, 0.000299, 0.000297
1227, 0.000434, 0.000308, 0.000305
1228, 0.000435, 0.000312, 0.000309
1229, 0.000434, 0.000299, 0.000295
1230, 0.000436, 0.000308, 0.000303
1231, 0.000436, 0.000314, 0.000312
1232, 0.000435, 0.000298, 0.000296
1233, 0.000431, 0.000307, 0.000303
1234, 0.000434, 0.000307, 0.000305
1235, 0.000436, 0.000305, 0.000300
1236, 0.000431, 0.000302, 0.000299
1237, 0.000432, 0.000310, 0.000308
1238, 0.000435, 0.000308, 0.000302
1239, 0.000435, 0.000298, 0.000297
1240, 0.000434, 0.000325, 0.000321
1241, 0.000437, 0.000290, 0.000288
1242, 0.000437, 0.000325, 0.000323
1243, 0.000437, 0.000293, 0.000291
1244, 0.000431, 0.000294, 0.000291
1245, 0.000429, 0.000315, 0.000313
1246, 0.000429, 0.000291, 0.000288
1247, 0.000429, 0.000302, 0.000298
1248, 0.000426, 0.000302, 0.000300
1249, 0.000429, 0.000298, 0.000295
1250, 0.000427, 0.000295, 0.000292
1251, 0.000428, 0.000303, 0.000300
1252, 0.000428, 0.000292, 0.000290
1253, 0.000426, 0.000304, 0.000302
1254, 0.000427, 0.000295, 0.000292
1255, 0.000427, 0.000295, 0.000293
1256, 0.000427, 0.000301, 0.000298
1257, 0.000425, 0.000295, 0.000293
1258, 0.000426, 0.000295, 0.000292
1259, 0.000424, 0.000305, 0.000302
1260, 0.000426, 0.000291, 0.000288
1261, 0.000427, 0.000305, 0.000301
1262, 0.000426, 0.000295, 0.000293
1263, 0.000425, 0.000296, 0.000294
1264, 0.000425, 0.000301, 0.000298
1265, 0.000425, 0.000293, 0.000292
1266, 0.000425, 0.000306, 0.000302
1267, 0.000425, 0.000289, 0.000286
1268, 0.000424, 0.000303, 0.000301
1269, 0.000427, 0.000298, 0.000295
1270, 0.000424, 0.000289, 0.000286
1271, 0.000423, 0.000303, 0.000301
1272, 0.000425, 0.000289, 0.000286
1273, 0.000423, 0.000303, 0.000299
1274, 0.000423, 0.000293, 0.000292
1275, 0.000424, 0.000301, 0.000297
1276, 0.000423, 0.000291, 0.000290
1277, 0.000424, 0.000300, 0.000299
1278, 0.000425, 0.000295, 0.000293
1279, 0.000423, 0.000289, 0.000288
1280, 0.000422, 0.000306, 0.000303
1281, 0.000423, 0.000286, 0.000284
1282, 0.000425, 0.000306, 0.000303
1283, 0.000423, 0.000287, 0.000285
1284, 0.000421, 0.000292, 0.000289
1285, 0.000421, 0.000299, 0.000297
1286, 0.000420, 0.000284, 0.000283
1287, 0.000422, 0.000311, 0.000307
1288, 0.000425, 0.000288, 0.000287
1289, 0.000427, 0.000310, 0.000306
1290, 0.000424, 0.000285, 0.000283
1291, 0.000422, 0.000299, 0.000297
1292, 0.000419, 0.000295, 0.000293
1293, 0.000422, 0.000282, 0.000281
1294, 0.000424, 0.000315, 0.000312
1295, 0.000425, 0.000281, 0.000279
1296, 0.000425, 0.000314, 0.000310
1297, 0.000422, 0.000292, 0.000290
1298, 0.000419, 0.000288, 0.000284
1299, 0.000422, 0.000309, 0.000305
1300, 0.000421, 0.000284, 0.000282
1301, 0.000417, 0.000296, 0.000293
1302, 0.000419, 0.000297, 0.000295
1303, 0.000418, 0.000281, 0.000279
1304, 0.000421, 0.000305, 0.000301
1305, 0.000421, 0.000284, 0.000283
1306, 0.000422, 0.000298, 0.000295
1307, 0.000418, 0.000286, 0.000283
1308, 0.000418, 0.000288, 0.000286
1309, 0.000418, 0.000300, 0.000297
1310, 0.000419, 0.000285, 0.000282
1311, 0.000419, 0.000293, 0.000291
1312, 0.000414, 0.000287, 0.000284
1313, 0.000416, 0.000291, 0.000288
1314, 0.000417, 0.000297, 0.000294
1315, 0.000418, 0.000285, 0.000282
1316, 0.000415, 0.000297, 0.000294
1317, 0.000417, 0.000285, 0.000283
1318, 0.000417, 0.000297, 0.000294
1319, 0.000417, 0.000284, 0.000283
1320, 0.000420, 0.000306, 0.000303
1321, 0.000418, 0.000284, 0.000283
1322, 0.000421, 0.000308, 0.000304
1323, 0.000419, 0.000280, 0.000278
1324, 0.000415, 0.000293, 0.000290
1325, 0.000414, 0.000289, 0.000286
1326, 0.000416, 0.000289, 0.000285
1327, 0.000413, 0.000285, 0.000283
1328, 0.000418, 0.000294, 0.000292
1329, 0.000413, 0.000288, 0.000285
1330, 0.000414, 0.000287, 0.000284
1331, 0.000414, 0.000297, 0.000294
1332, 0.000416, 0.000281, 0.000278
1333, 0.000413, 0.000300, 0.000296
1334, 0.000415, 0.000282, 0.000281
1335, 0.000415, 0.000295, 0.000291
1336, 0.000413, 0.000282, 0.000280
1337, 0.000415, 0.000294, 0.000292
1338, 0.000416, 0.000284, 0.000282
1339, 0.000413, 0.000289, 0.000287
1340, 0.000413, 0.000289, 0.000287
1341, 0.000413, 0.000281, 0.000277
1342, 0.000416, 0.000297, 0.000293
1343, 0.000413, 0.000286, 0.000285
1344, 0.000414, 0.000287, 0.000283
1345, 0.000413, 0.000287, 0.000285
1346, 0.000413, 0.000286, 0.000285
1347, 0.000412, 0.000286, 0.000282
1348, 0.000413, 0.000291, 0.000289
1349, 0.000412, 0.000282, 0.000280
1350, 0.000411, 0.000292, 0.000288
1351, 0.000412, 0.000288, 0.000286
1352, 0.000414, 0.000287, 0.000285
1353, 0.000413, 0.000295, 0.000291
1354, 0.000416, 0.000281, 0.000281
1355, 0.000417, 0.000316, 0.000313
1356, 0.000419, 0.000276, 0.000274
1357, 0.000418, 0.000316, 0.000314
1358, 0.000418, 0.000276, 0.000274
1359, 0.000415, 0.000293, 0.000291
1360, 0.000410, 0.000288, 0.000286
1361, 0.000411, 0.000274, 0.000271
1362, 0.000415, 0.000318, 0.000315
1363, 0.000419, 0.000272, 0.000271
1364, 0.000419, 0.000314, 0.000309
1365, 0.000419, 0.000280, 0.000280
1366, 0.000415, 0.000293, 0.000288
1367, 0.000411, 0.000281, 0.000279
1368, 0.000411, 0.000290, 0.000289
1369, 0.000413, 0.000289, 0.000284
1370, 0.000413, 0.000277, 0.000275
1371, 0.000408, 0.000295, 0.000292
1372, 0.000410, 0.000281, 0.000277
1373, 0.000408, 0.000282, 0.000278
1374, 0.000409, 0.000293, 0.000289
1375, 0.000410, 0.000275, 0.000272
1376, 0.000409, 0.000296, 0.000293
1377, 0.000409, 0.000276, 0.000274
1378, 0.000409, 0.000288, 0.000285
1379, 0.000409, 0.000281, 0.000278
1380, 0.000407, 0.000277, 0.000274
1381, 0.000407, 0.000291, 0.000287
1382, 0.000408, 0.000276, 0.000273
1383, 0.000408, 0.000292, 0.000289
1384, 0.000409, 0.000276, 0.000273
1385, 0.000408, 0.000281, 0.000278
1386, 0.000406, 0.000283, 0.000280
1387, 0.000409, 0.000279, 0.000275
1388, 0.000408, 0.000291, 0.000287
1389, 0.000407, 0.000277, 0.000275
1390, 0.000407, 0.000294, 0.000290
1391, 0.000407, 0.000276, 0.000274
1392, 0.000408, 0.000286, 0.000283
1393, 0.000406, 0.000278, 0.000274
1394, 0.000404, 0.000281, 0.000278
1395, 0.000406, 0.000290, 0.000286
1396, 0.000404, 0.000276, 0.000273
1397, 0.000407, 0.000289, 0.000286
1398, 0.000406, 0.000280, 0.000277
1399, 0.000405, 0.000280, 0.000277
1400, 0.000405, 0.000289, 0.000285
1401, 0.000404, 0.000272, 0.000269
1402, 0.000407, 0.000303, 0.000298
1403, 0.000409, 0.000271, 0.000269
1404, 0.000407, 0.000299, 0.000295
1405, 0.000408, 0.000272, 0.000270
1406, 0.000406, 0.000285, 0.000282
1407, 0.000404, 0.000283, 0.000280
1408, 0.000402, 0.000274, 0.000273
1409, 0.000407, 0.000307, 0.000303
1410, 0.000411, 0.000269, 0.000267
1411, 0.000411, 0.000312, 0.000308
1412, 0.000410, 0.000269, 0.000267
1413, 0.000407, 0.000279, 0.000276
1414, 0.000402, 0.000290, 0.000287
1415, 0.000406, 0.000269, 0.000266
1416, 0.000408, 0.000307, 0.000303
1417, 0.000410, 0.000269, 0.000267
1418, 0.000408, 0.000294, 0.000290
1419, 0.000405, 0.000278, 0.000276
1420, 0.000404, 0.000277, 0.000274
1421, 0.000401, 0.000293, 0.000288
1422, 0.000405, 0.000270, 0.000268
1423, 0.000407, 0.000305, 0.000300
1424, 0.000408, 0.000269, 0.000265
1425, 0.000404, 0.000284, 0.000280
1426, 0.000401, 0.000286, 0.000283
1427, 0.000400, 0.000268, 0.000266
1428, 0.000404, 0.000304, 0.000300
1429, 0.000407, 0.000269, 0.000267
1430, 0.000408, 0.000295, 0.000290
1431, 0.000404, 0.000271, 0.000268
1432, 0.000400, 0.000272, 0.000269
1433, 0.000402, 0.000299, 0.000295
1434, 0.000406, 0.000269, 0.000267
1435, 0.000407, 0.000302, 0.000297
1436, 0.000405, 0.000268, 0.000265
1437, 0.000404, 0.000288, 0.000284
1438, 0.000401, 0.000275, 0.000271
1439, 0.000399, 0.000270, 0.000267
1440, 0.000403, 0.000298, 0.000293
1441, 0.000404, 0.000266, 0.000264
1442, 0.000406, 0.000295, 0.000291
1443, 0.000403, 0.000268, 0.000265
1444, 0.000401, 0.000272, 0.000268
1445, 0.000398, 0.000289, 0.000284
1446, 0.000399, 0.000267, 0.000263
1447, 0.000407, 0.000306, 0.000301
1448, 0.000405, 0.000267, 0.000265
1449, 0.000402, 0.000278, 0.000275
1450, 0.000397, 0.000289, 0.000286
1451, 0.000402, 0.000267, 0.000265
1452, 0.000405, 0.000311, 0.000306
1453, 0.000408, 0.000265, 0.000263
1454, 0.000403, 0.000281, 0.000277
1455, 0.000398, 0.000283, 0.000280
1456, 0.000399, 0.000265, 0.000262
1457, 0.000400, 0.000290, 0.000286
1458, 0.000401, 0.000268, 0.000266
1459, 0.000399, 0.000285, 0.000281
1460, 0.000400, 0.000274, 0.000271
1461, 0.000396, 0.000269, 0.000267
1462, 0.000396, 0.000284, 0.000279
1463, 0.000398, 0.000265, 0.000263
1464, 0.000401, 0.000288, 0.000283
1465, 0.000399, 0.000268, 0.000264
1466, 0.000398, 0.000273, 0.000269
1467, 0.000398, 0.000282, 0.000278
1468, 0.000399, 0.000264, 0.000261
1469, 0.000401, 0.000297, 0.000293
1470, 0.000404, 0.000265, 0.000261
1471, 0.000400, 0.000282, 0.000278
1472, 0.000397, 0.000279, 0.000275
1473, 0.000397, 0.000270, 0.000266
1474, 0.000397, 0.000290, 0.000285
1475, 0.000400, 0.000265, 0.000262
1476, 0.000402, 0.000300, 0.000293
1477, 0.000403, 0.000267, 0.000265
1478, 0.000399, 0.000283, 0.000280
1479, 0.000397, 0.000280, 0.000275
1480, 0.000398, 0.000263, 0.000261
1481, 0.000399, 0.000308, 0.000304
1482, 0.000402, 0.000264, 0.000260
1483, 0.000398, 0.000272, 0.000269
1484, 0.000394, 0.000287, 0.000284
1485, 0.000398, 0.000262, 0.000259
1486, 0.000397, 0.000285, 0.000280
1487, 0.000395, 0.000274, 0.000271
1488, 0.000395, 0.000268, 0.000264
1489, 0.000394, 0.000277, 0.000271
1490, 0.000397, 0.000275, 0.000272
1491, 0.000396, 0.000273, 0.000269
1492, 0.000392, 0.000271, 0.000266
1493, 0.000394, 0.000278, 0.000275
1494, 0.000393, 0.000272, 0.000268
1495, 0.000393, 0.000273, 0.000268
1496, 0.000391, 0.000272, 0.000269
1497, 0.000396, 0.000279, 0.000274
1498, 0.000394, 0.000265, 0.000261
1499, 0.000392, 0.000284, 0.000280
1500, 0.000393, 0.000269, 0.000264
1501, 0.000393, 0.000269, 0.000265
1502, 0.000392, 0.000282, 0.000278
1503, 0.000393, 0.000268, 0.000263
1504, 0.000393, 0.000270, 0.000266
1505, 0.000391, 0.000277, 0.000274
1506, 0.000393, 0.000268, 0.000263
1507, 0.000392, 0.000275, 0.000270
1508, 0.000389, 0.000273, 0.000270
1509, 0.000392, 0.000267, 0.000262
1510, 0.000390, 0.000275, 0.000269
1511, 0.000391, 0.000273, 0.000269
1512, 0.000392, 0.000268, 0.000263
1513, 0.000391, 0.000274, 0.000268
1514, 0.000392, 0.000272, 0.000268
1515, 0.000390, 0.000271, 0.000267
1516, 0.000390, 0.000276, 0.000271
1517, 0.000390, 0.000265, 0.000261
1518, 0.000391, 0.000277, 0.000273
1519, 0.000389, 0.000269, 0.000265
1520, 0.000391, 0.000272, 0.000268
1521, 0.000390, 0.000270, 0.000266
1522, 0.000389, 0.000269, 0.000264
1523, 0.000388, 0.000272, 0.000267
1524, 0.000392, 0.000270, 0.000265
1525, 0.000390, 0.000270, 0.000266
1526, 0.000388, 0.000266, 0.000263
1527, 0.000390, 0.000280, 0.000275
1528, 0.000390, 0.000261, 0.000257
1529, 0.000390, 0.000275, 0.000271
1530, 0.000389, 0.000266, 0.000262
1531, 0.000390, 0.000267, 0.000264
1532, 0.000388, 0.000279, 0.000275
1533, 0.000388, 0.000264, 0.000259
1534, 0.000389, 0.000279, 0.000275
1535, 0.000387, 0.000267, 0.000263
1536, 0.000386, 0.000267, 0.000262
1537, 0.000388, 0.000281, 0.000276
1538, 0.000388, 0.000259, 0.000255
1539, 0.000387, 0.000280, 0.000274
1540, 0.000389, 0.000265, 0.000263
1541, 0.000390, 0.000275, 0.000270
1542, 0.000388, 0.000265, 0.000261
1543, 0.000385, 0.000271, 0.000267
1544, 0.000385, 0.000268, 0.000264
1545, 0.000388, 0.000266, 0.000262
1546, 0.000388, 0.000267, 0.000264
1547, 0.000386, 0.000276, 0.000272
1548, 0.000388, 0.000260, 0.000256
1549, 0.000386, 0.000292, 0.000287
1550, 0.000390, 0.000258, 0.000254
1551, 0.000392, 0.000292, 0.000286
1552, 0.000390, 0.000262, 0.000259
1553, 0.000386, 0.000263, 0.000259
1554, 0.000386, 0.000295, 0.000289
1555, 0.000392, 0.000256, 0.000253
1556, 0.000394, 0.000316, 0.000309
1557, 0.000400, 0.000257, 0.000254
1558, 0.000392, 0.000277, 0.000271
1559, 0.000387, 0.000266, 0.000262
1560, 0.000385, 0.000262, 0.000257
1561, 0.000385, 0.000271, 0.000266
1562, 0.000386, 0.000262, 0.000258
1563, 0.000384, 0.000269, 0.000265
1564, 0.000382, 0.000265, 0.000259
1565, 0.000381, 0.000263, 0.000258
1566, 0.000383, 0.000274, 0.000269
1567, 0.000387, 0.000260, 0.000255
1568, 0.000384, 0.000274, 0.000269
1569, 0.000384, 0.000262, 0.000258
1570, 0.000386, 0.000280, 0.000274
1571, 0.000386, 0.000256, 0.000252
1572, 0.000386, 0.000279, 0.000274
1573, 0.000385, 0.000257, 0.000253
1574, 0.000384, 0.000271, 0.000266
1575, 0.000381, 0.000263, 0.000258
1576, 0.000382, 0.000262, 0.000257
1577, 0.000383, 0.000270, 0.000265
1578, 0.000380, 0.000256, 0.000251
1579, 0.000385, 0.000278, 0.000274
1580, 0.000385, 0.000256, 0.000252
1581, 0.000383, 0.000268, 0.000263
1582, 0.000382, 0.000263, 0.000259
1583, 0.000383, 0.000270, 0.000264
1584, 0.000382, 0.000261, 0.000256
1585, 0.000382, 0.000266, 0.000260
1586, 0.000381, 0.000266, 0.000261
1587, 0.000382, 0.000266, 0.000260
1588, 0.000381, 0.000256, 0.000251
1589, 0.000383, 0.000292, 0.000286
1590, 0.000386, 0.000254, 0.000251
1591, 0.000388, 0.000297, 0.000291
1592, 0.000388, 0.000250, 0.000246
1593, 0.000385, 0.000275, 0.000270
1594, 0.000380, 0.000268, 0.000263
1595, 0.000381, 0.000252, 0.000248
1596, 0.000382, 0.000295, 0.000288
1597, 0.000387, 0.000251, 0.000247
1598, 0.000387, 0.000281, 0.000274
1599, 0.000383, 0.000255, 0.000250
1600, 0.000378, 0.000259, 0.000254
1601, 0.000380, 0.000274, 0.000269
1602, 0.000379, 0.000251, 0.000247
1603, 0.000381, 0.000282, 0.000276
1604, 0.000381, 0.000252, 0.000247
1605, 0.000379, 0.000263, 0.000258
1606, 0.000379, 0.000268, 0.000263
1607, 0.000378, 0.000249, 0.000244
1608, 0.000378, 0.000284, 0.000278
1609, 0.000383, 0.000255, 0.000251
1610, 0.000382, 0.000266, 0.000260
1611, 0.000378, 0.000261, 0.000256
1612, 0.000377, 0.000261, 0.000256
1613, 0.000377, 0.000262, 0.000256
1614, 0.000379, 0.000266, 0.000259
1615, 0.000376, 0.000258, 0.000253
1616, 0.000378, 0.000267, 0.000260
1617, 0.000377, 0.000257, 0.000252
1618, 0.000379, 0.000264, 0.000258
1619, 0.000377, 0.000260, 0.000254
1620, 0.000377, 0.000256, 0.000251
1621, 0.000379, 0.000283, 0.000277
1622, 0.000378, 0.000248, 0.000244
1623, 0.000382, 0.000281, 0.000273
1624, 0.000379, 0.000252, 0.000247
1625, 0.000378, 0.000261, 0.000255
1626, 0.000375, 0.000277, 0.000270
1627, 0.000377, 0.000247, 0.000242
1628, 0.000380, 0.000292, 0.000285
1629, 0.000383, 0.000247, 0.000242
1630, 0.000380, 0.000271, 0.000264
1631, 0.000378, 0.000256, 0.000250
1632, 0.000376, 0.000252, 0.000246
1633, 0.000375, 0.000277, 0.000269
1634, 0.000377, 0.000248, 0.000243
1635, 0.000376, 0.000268, 0.000261
1636, 0.000377, 0.000253, 0.000247
1637, 0.000375, 0.000259, 0.000254
1638, 0.000373, 0.000269, 0.000263
1639, 0.000374, 0.000250, 0.000244
1640, 0.000375, 0.000272, 0.000266
1641, 0.000377, 0.000250, 0.000243
1642, 0.000374, 0.000261, 0.000254
1643, 0.000373, 0.000257, 0.000251
1644, 0.000374, 0.000256, 0.000250
1645, 0.000372, 0.000263, 0.000257
1646, 0.000374, 0.000255, 0.000250
1647, 0.000372, 0.000259, 0.000252
1648, 0.000375, 0.000259, 0.000254
1649, 0.000372, 0.000258, 0.000252
1650, 0.000373, 0.000258, 0.000250
1651, 0.000377, 0.000256, 0.000251
1652, 0.000372, 0.000272, 0.000264
1653, 0.000373, 0.000246, 0.000240
1654, 0.000376, 0.000278, 0.000272
1655, 0.000374, 0.000249, 0.000243
1656, 0.000369, 0.000255, 0.000247
1657, 0.000373, 0.000272, 0.000267
1658, 0.000374, 0.000246, 0.000240
1659, 0.000373, 0.000268, 0.000259
1660, 0.000373, 0.000258, 0.000253
1661, 0.000373, 0.000255, 0.000249
1662, 0.000371, 0.000261, 0.000255
1663, 0.000371, 0.000258, 0.000253
1664, 0.000373, 0.000259, 0.000252
1665, 0.000370, 0.000252, 0.000246
1666, 0.000370, 0.000262, 0.000256
1667, 0.000371, 0.000252, 0.000246
1668, 0.000370, 0.000252, 0.000245
1669, 0.000369, 0.000262, 0.000255
1670, 0.000371, 0.000245, 0.000239
1671, 0.000373, 0.000273, 0.000264
1672, 0.000373, 0.000243, 0.000237
1673, 0.000371, 0.000278, 0.000270
1674, 0.000374, 0.000245, 0.000240
1675, 0.000372, 0.000269, 0.000261
1676, 0.000369, 0.000253, 0.000246
1677, 0.000366, 0.000247, 0.000241
1678, 0.000368, 0.000274, 0.000265
1679, 0.000371, 0.000241, 0.000235
1680, 0.000372, 0.000285, 0.000277
1681, 0.000374, 0.000243, 0.000237
1682, 0.000370, 0.000254, 0.000247
1683, 0.000365, 0.000270, 0.000262
1684, 0.000370, 0.000237, 0.000232
1685, 0.000375, 0.000294, 0.000284
1686, 0.000375, 0.000242, 0.000237
1687, 0.000372, 0.000259, 0.000251
1688, 0.000366, 0.000260, 0.000252
1689, 0.000366, 0.000244, 0.000239
1690, 0.000368, 0.000281, 0.000272
1691, 0.000372, 0.000241, 0.000235
1692, 0.000368, 0.000261, 0.000253
1693, 0.000364, 0.000261, 0.000253
1694, 0.000366, 0.000242, 0.000235
1695, 0.000367, 0.000276, 0.000266
1696, 0.000368, 0.000238, 0.000232
1697, 0.000370, 0.000265, 0.000256
1698, 0.000366, 0.000247, 0.000240
1699, 0.000365, 0.000244, 0.000237
1700, 0.000366, 0.000268, 0.000260
1701, 0.000366, 0.000241, 0.000234
1702, 0.000365, 0.000264, 0.000255
1703, 0.000366, 0.000249, 0.000241
1704, 0.000365, 0.000246, 0.000239
1705, 0.000363, 0.000262, 0.000254
1706, 0.000363, 0.000242, 0.000235
1707, 0.000365, 0.000264, 0.000255
1708, 0.000365, 0.000242, 0.000235
1709, 0.000364, 0.000253, 0.000245
1710, 0.000362, 0.000253, 0.000244
1711, 0.000361, 0.000244, 0.000236
1712, 0.000362, 0.000254, 0.000246
1713, 0.000363, 0.000249, 0.000241
1714, 0.000361, 0.000250, 0.000243
1715, 0.000362, 0.000251, 0.000245
1716, 0.000361, 0.000252, 0.000245
1717, 0.000361, 0.000239, 0.000233
1718, 0.000364, 0.000275, 0.000267
1719, 0.000367, 0.000235, 0.000229
1720, 0.000370, 0.000281, 0.000272
1721, 0.000369, 0.000235, 0.000229
1722, 0.000363, 0.000248, 0.000240
1723, 0.000361, 0.000265, 0.000256
1724, 0.000363, 0.000235, 0.000229
1725, 0.000368, 0.000284, 0.000274
1726, 0.000369, 0.000235, 0.000228
1727, 0.000363, 0.000257, 0.000249
1728, 0.000362, 0.000252, 0.000244
1729, 0.000359, 0.000239, 0.000232
1730, 0.000360, 0.000272, 0.000263
1731, 0.000364, 0.000236, 0.000229
1732, 0.000365, 0.000269, 0.000260
1733, 0.000365, 0.000238, 0.000232
1734, 0.000361, 0.000252, 0.000244
1735, 0.000358, 0.000249, 0.000241
1736, 0.000358, 0.000239, 0.000232
1737, 0.000362, 0.000267, 0.000258
1738, 0.000363, 0.000232, 0.000225
1739, 0.000363, 0.000261, 0.000253
1740, 0.000359, 0.000243, 0.000235
1741, 0.000359, 0.000244, 0.000236
1742, 0.000357, 0.000247, 0.000239
1743, 0.000358, 0.000248, 0.000240
1744, 0.000357, 0.000247, 0.000239
1745, 0.000358, 0.000248, 0.000240
1746, 0.000357, 0.000249, 0.000240
1747, 0.000356, 0.000241, 0.000233
1748, 0.000358, 0.000253, 0.000244
1749, 0.000357, 0.000243, 0.000234
1750, 0.000357, 0.000251, 0.000242
1751, 0.000356, 0.000241, 0.000233
1752, 0.000355, 0.000250, 0.000241
1753, 0.000357, 0.000240, 0.000232
1754, 0.000356, 0.000246, 0.000238
1755, 0.000356, 0.000245, 0.000237
1756, 0.000355, 0.000243, 0.000236
1757, 0.000357, 0.000259, 0.000250
1758, 0.000358, 0.000232, 0.000224
1759, 0.000358, 0.000266, 0.000258
1760, 0.000359, 0.000237, 0.000228
1761, 0.000357, 0.000242, 0.000233
1762, 0.000354, 0.000257, 0.000249
1763, 0.000356, 0.000235, 0.000227
1764, 0.000357, 0.000263, 0.000253
1765, 0.000356, 0.000235, 0.000227
1766, 0.000358, 0.000258, 0.000248
1767, 0.000355, 0.000245, 0.000236
1768, 0.000355, 0.000233, 0.000225
1769, 0.000356, 0.000267, 0.000257
1770, 0.000358, 0.000229, 0.000221
1771, 0.000357, 0.000260, 0.000250
1772, 0.000356, 0.000236, 0.000228
1773, 0.000353, 0.000242, 0.000233
1774, 0.000353, 0.000249, 0.000239
1775, 0.000352, 0.000233, 0.000225
1776, 0.000355, 0.000265, 0.000254
1777, 0.000356, 0.000229, 0.000220
1778, 0.000356, 0.000263, 0.000253
1779, 0.000355, 0.000235, 0.000226
1780, 0.000353, 0.000245, 0.000236
1781, 0.000351, 0.000247, 0.000239
1782, 0.000353, 0.000232, 0.000223
1783, 0.000355, 0.000261, 0.000251
1784, 0.000354, 0.000231, 0.000223
1785, 0.000354, 0.000252, 0.000241
1786, 0.000356, 0.000240, 0.000231
1787, 0.000352, 0.000235, 0.000226
1788, 0.000352, 0.000257, 0.000245
1789, 0.000354, 0.000227, 0.000219
1790, 0.000354, 0.000266, 0.000256
1791, 0.000353, 0.000230, 0.000222
1792, 0.000352, 0.000237, 0.000228
1793, 0.000350, 0.000260, 0.000250
1794, 0.000352, 0.000225, 0.000217
1795, 0.000354, 0.000266, 0.000254
1796, 0.000354, 0.000226, 0.000218
1797, 0.000351, 0.000247, 0.000236
1798, 0.000348, 0.000249, 0.000238
1799, 0.000349, 0.000229, 0.000221
1800, 0.000352, 0.000269, 0.000257
1801, 0.000354, 0.000227, 0.000219
1802, 0.000351, 0.000249, 0.000238
1803, 0.000349, 0.000244, 0.000234
1804, 0.000349, 0.000231, 0.000223
1805, 0.000350, 0.000253, 0.000241
1806, 0.000351, 0.000230, 0.000221
1807, 0.000349, 0.000247, 0.000238
1808, 0.000348, 0.000238, 0.000228
1809, 0.000347, 0.000230, 0.000221
1810, 0.000349, 0.000253, 0.000242
1811, 0.000348, 0.000231, 0.000222
1812, 0.000347, 0.000241, 0.000230
1813, 0.000349, 0.000235, 0.000226
1814, 0.000347, 0.000242, 0.000232
1815, 0.000347, 0.000236, 0.000226
1816, 0.000348, 0.000247, 0.000237
1817, 0.000347, 0.000234, 0.000224
1818, 0.000347, 0.000245, 0.000234
1819, 0.000347, 0.000233, 0.000224
1820, 0.000344, 0.000235, 0.000225
1821, 0.000346, 0.000237, 0.000227
1822, 0.000345, 0.000232, 0.000222
1823, 0.000345, 0.000249, 0.000238
1824, 0.000346, 0.000231, 0.000221
1825, 0.000344, 0.000243, 0.000232
1826, 0.000344, 0.000238, 0.000227
1827, 0.000344, 0.000237, 0.000226
1828, 0.000343, 0.000241, 0.000230
1829, 0.000344, 0.000239, 0.000229
1830, 0.000346, 0.000234, 0.000224
1831, 0.000344, 0.000248, 0.000237
1832, 0.000346, 0.000223, 0.000215
1833, 0.000345, 0.000255, 0.000245
1834, 0.000347, 0.000224, 0.000215
1835, 0.000344, 0.000233, 0.000223
1836, 0.000343, 0.000250, 0.000240
1837, 0.000344, 0.000219, 0.000210
1838, 0.000350, 0.000271, 0.000258
1839, 0.000350, 0.000224, 0.000215
1840, 0.000345, 0.000243, 0.000232
1841, 0.000342, 0.000241, 0.000230
1842, 0.000343, 0.000226, 0.000217
1843, 0.000345, 0.000270, 0.000258
1844, 0.000348, 0.000221, 0.000212
1845, 0.000351, 0.000270, 0.000258
1846, 0.000350, 0.000219, 0.000210
1847, 0.000347, 0.000252, 0.000241
1848, 0.000344, 0.000234, 0.000223
1849, 0.000340, 0.000225, 0.000216
1850, 0.000345, 0.000271, 0.000259
1851, 0.000349, 0.000217, 0.000208
1852, 0.000350, 0.000272, 0.000260
1853, 0.000351, 0.000222, 0.000213
1854, 0.000345, 0.000240, 0.000229
1855, 0.000344, 0.000240, 0.000229
1856, 0.000341, 0.000223, 0.000215
1857, 0.000344, 0.000257, 0.000243
1858, 0.000344, 0.000220, 0.000210
1859, 0.000342, 0.000243, 0.000233
1860, 0.000341, 0.000236, 0.000224
1861, 0.000341, 0.000221, 0.000211
1862, 0.000342, 0.000264, 0.000253
1863, 0.000345, 0.000216, 0.000206
1864, 0.000344, 0.000251, 0.000239
1865, 0.000342, 0.000228, 0.000218
1866, 0.000340, 0.000224, 0.000213
1867, 0.000340, 0.000246, 0.000234
1868, 0.000341, 0.000220, 0.000210
1869, 0.000337, 0.000239, 0.000227
1870, 0.000340, 0.000227, 0.000216
1871, 0.000339, 0.000230, 0.000220
1872, 0.000338, 0.000234, 0.000223
1873, 0.000337, 0.000226, 0.000216
1874, 0.000339, 0.000243, 0.000232
1875, 0.000339, 0.000221, 0.000211
1876, 0.000339, 0.000237, 0.000226
1877, 0.000337, 0.000233, 0.000222
1878, 0.000338, 0.000216, 0.000206
1879, 0.000340, 0.000270, 0.000256
1880, 0.000345, 0.000211, 0.000202
1881, 0.000347, 0.000272, 0.000258
1882, 0.000344, 0.000214, 0.000204
1883, 0.000339, 0.000233, 0.000221
1884, 0.000335, 0.000236, 0.000223
1885, 0.000335, 0.000215, 0.000205
1886, 0.000339, 0.000254, 0.000242
1887, 0.000340, 0.000217, 0.000207
1888, 0.000336, 0.000229, 0.000218
1889, 0.000335, 0.000245, 0.000233
1890, 0.000336, 0.000214, 0.000204
1891, 0.000339, 0.000250, 0.000236
1892, 0.000338, 0.000218, 0.000207
1893, 0.000338, 0.000242, 0.000229
1894, 0.000337, 0.000218, 0.000208
1895, 0.000334, 0.000231, 0.000220
1896, 0.000336, 0.000225, 0.000213
1897, 0.000333, 0.000223, 0.000211
1898, 0.000335, 0.000234, 0.000222
1899, 0.000333, 0.000220, 0.000209
1900, 0.000333, 0.000231, 0.000220
1901, 0.000332, 0.000221, 0.000209
1902, 0.000333, 0.000237, 0.000225
1903, 0.000334, 0.000221, 0.000211
1904, 0.000333, 0.000228, 0.000216
1905, 0.000333, 0.000223, 0.000212
1906, 0.000330, 0.000229, 0.000217
1907, 0.000332, 0.000226, 0.000214
1908, 0.000330, 0.000222, 0.000210
1909, 0.000332, 0.000236, 0.000223
1910, 0.000332, 0.000216, 0.000205
1911, 0.000334, 0.000241, 0.000227
1912, 0.000332, 0.000218, 0.000206
1913, 0.000333, 0.000229, 0.000217
1914, 0.000330, 0.000231, 0.000218
1915, 0.000331, 0.000214, 0.000203
1916, 0.000331, 0.000244, 0.000230
1917, 0.000333, 0.000211, 0.000200
1918, 0.000333, 0.000236, 0.000222
1919, 0.000330, 0.000232, 0.000218
1920, 0.000331, 0.000212, 0.000201
1921, 0.000332, 0.000253, 0.000239
1922, 0.000334, 0.000209, 0.000198
1923, 0.000335, 0.000246, 0.000232
1924, 0.000332, 0.000215, 0.000203
1925, 0.000331, 0.000229, 0.000217
1926, 0.000329, 0.000228, 0.000215
1927, 0.000331, 0.000224, 0.000211
1928, 0.000327, 0.000218, 0.000206
1929, 0.000327, 0.000239, 0.000225
1930, 0.000329, 0.000212, 0.000200
1931, 0.000332, 0.000237, 0.000224
1932, 0.000330, 0.000224, 0.000211
1933, 0.000329, 0.000218, 0.000206
1934, 0.000330, 0.000232, 0.000219
1935, 0.000329, 0.000215, 0.000204
1936, 0.000327, 0.000225, 0.000212
1937, 0.000326, 0.000217, 0.000205
1938, 0.000326, 0.000228, 0.000215
1939, 0.000327, 0.000212, 0.000200
1940, 0.000328, 0.000235, 0.000221
1941, 0.000327, 0.000217, 0.000204
1942, 0.000326, 0.000231, 0.000217
1943, 0.000327, 0.000226, 0.000214
1944, 0.000325, 0.000213, 0.000201
1945, 0.000327, 0.000239, 0.000225
1946, 0.000329, 0.000211, 0.000200
1947, 0.000326, 0.000236, 0.000224
1948, 0.000325, 0.000218, 0.000207
1949, 0.000327, 0.000213, 0.000202
1950, 0.000326, 0.000246, 0.000233
1951, 0.000328, 0.000205, 0.000194
1952, 0.000333, 0.000261, 0.000247
1953, 0.000333, 0.000203, 0.000193
1954, 0.000333, 0.000248, 0.000235
1955, 0.000329, 0.000217, 0.000205
1956, 0.000324, 0.000213, 0.000200
1957, 0.000327, 0.000248, 0.000234
1958, 0.000328, 0.000206, 0.000195
1959, 0.000328, 0.000243, 0.000229
1960, 0.000327, 0.000212, 0.000199
1961, 0.000325, 0.000227, 0.000214
1962, 0.000322, 0.000221, 0.000207
1963, 0.000322, 0.000210, 0.000197
1964, 0.000325, 0.000246, 0.000232
1965, 0.000327, 0.000204, 0.000192
1966, 0.000327, 0.000237, 0.000223
1967, 0.000324, 0.000218, 0.000206
1968, 0.000322, 0.000207, 0.000195
1969, 0.000327, 0.000257, 0.000243
1970, 0.000330, 0.000201, 0.000191
1971, 0.000330, 0.000240, 0.000225
1972, 0.000324, 0.000223, 0.000209
1973, 0.000321, 0.000204, 0.000191
1974, 0.000326, 0.000259, 0.000243
1975, 0.000330, 0.000199, 0.000188
1976, 0.000332, 0.000257, 0.000242
1977, 0.000329, 0.000202, 0.000190
1978, 0.000324, 0.000227, 0.000216
1979, 0.000323, 0.000225, 0.000213
1980, 0.000321, 0.000203, 0.000191
1981, 0.000324, 0.000245, 0.000232
1982, 0.000326, 0.000204, 0.000193
1983, 0.000322, 0.000218, 0.000205
1984, 0.000321, 0.000224, 0.000210
1985, 0.000320, 0.000205, 0.000194
1986, 0.000323, 0.000233, 0.000219
1987, 0.000321, 0.000208, 0.000196
1988, 0.000322, 0.000223, 0.000211
1989, 0.000320, 0.000220, 0.000207
1990, 0.000322, 0.000211, 0.000198
1991, 0.000322, 0.000229, 0.000216
1992, 0.000318, 0.000209, 0.000196
1993, 0.000321, 0.000221, 0.000207
1994, 0.000320, 0.000226, 0.000212
1995, 0.000320, 0.000205, 0.000192
1996, 0.000323, 0.000238, 0.000224
1997, 0.000323, 0.000202, 0.000190
1998, 0.000320, 0.000227, 0.000213
1999, 0.000321, 0.000216, 0.000203
2000, 0.000318, 0.000207, 0.000193
2001, 0.000317, 0.000238, 0.000223
2002, 0.000320, 0.000203, 0.000191
2003, 0.000323, 0.000230, 0.000214
2004, 0.000319, 0.000212, 0.000198
2005, 0.000317, 0.000206, 0.000193
2006, 0.000318, 0.000233, 0.000218
2007, 0.000320, 0.000202, 0.000190
2008, 0.000319, 0.000228, 0.000215
2009, 0.000318, 0.000210, 0.000196
2010, 0.000319, 0.000213, 0.000200
2011, 0.000318, 0.000231, 0.000216
2012, 0.000319, 0.000200, 0.000187
2013, 0.000321, 0.000238, 0.000222
2014, 0.000321, 0.000204, 0.000190
2015, 0.000318, 0.000224, 0.000210
2016, 0.000315, 0.000217, 0.000203
2017, 0.000316, 0.000205, 0.000192
2018, 0.000317, 0.000240, 0.000225
2019, 0.000319, 0.000197, 0.000184
2020, 0.000318, 0.000233, 0.000218
2021, 0.000319, 0.000201, 0.000187
2022, 0.000317, 0.000220, 0.000205
2023, 0.000316, 0.000217, 0.000203
2024, 0.000316, 0.000203, 0.000190
2025, 0.000315, 0.000235, 0.000221
2026, 0.000317, 0.000203, 0.000190
2027, 0.000318, 0.000220, 0.000206
2028, 0.000314, 0.000203, 0.000191
2029, 0.000317, 0.000221, 0.000207
2030, 0.000315, 0.000209, 0.000196
2031, 0.000314, 0.000220, 0.000206
2032, 0.000313, 0.000211, 0.000196
2033, 0.000312, 0.000216, 0.000201
2034, 0.000312, 0.000209, 0.000195
2035, 0.000314, 0.000213, 0.000199
2036, 0.000312, 0.000211, 0.000198
2037, 0.000312, 0.000213, 0.000199
2038, 0.000313, 0.000221, 0.000206
2039, 0.000313, 0.000201, 0.000188
2040, 0.000315, 0.000235, 0.000218
2041, 0.000317, 0.000199, 0.000185
2042, 0.000316, 0.000229, 0.000213
2043, 0.000312, 0.000207, 0.000192
2044, 0.000315, 0.000213, 0.000198
2045, 0.000313, 0.000215, 0.000201
2046, 0.000311, 0.000204, 0.000190
2047, 0.000312, 0.000219, 0.000204
2048, 0.000312, 0.000212, 0.000198
2049, 0.000312, 0.000202, 0.000188
2050, 0.000309, 0.000229, 0.000213
2051, 0.000311, 0.000199, 0.000186
2052, 0.000313, 0.000229, 0.000213
2053, 0.000311, 0.000204, 0.000190
2054, 0.000312, 0.000222, 0.000207
2055, 0.000310, 0.000202, 0.000188
2056, 0.000311, 0.000224, 0.000208
2057, 0.000313, 0.000199, 0.000185
2058, 0.000311, 0.000231, 0.000215
2059, 0.000313, 0.000199, 0.000185
2060, 0.000313, 0.000229, 0.000212
2061, 0.000311, 0.000204, 0.000190
2062, 0.000310, 0.000210, 0.000195
2063, 0.000308, 0.000217, 0.000202
2064, 0.000308, 0.000200, 0.000186
2065, 0.000307, 0.000225, 0.000210
2066, 0.000309, 0.000203, 0.000188
2067, 0.000311, 0.000212, 0.000197
2068, 0.000310, 0.000220, 0.000205
2069, 0.000310, 0.000200, 0.000185
2070, 0.000307, 0.000219, 0.000203
2071, 0.000309, 0.000210, 0.000197
2072, 0.000311, 0.000207, 0.000192
2073, 0.000309, 0.000219, 0.000205
2074, 0.000308, 0.000208, 0.000196
2075, 0.000311, 0.000218, 0.000204
2076, 0.000309, 0.000211, 0.000196
2077, 0.000309, 0.000210, 0.000196
2078, 0.000311, 0.000214, 0.000199
2079, 0.000308, 0.000208, 0.000192
2080, 0.000306, 0.000211, 0.000197
2081, 0.000306, 0.000220, 0.000204
2082, 0.000308, 0.000199, 0.000185
2083, 0.000308, 0.000233, 0.000217
2084, 0.000311, 0.000196, 0.000182
2085, 0.000311, 0.000229, 0.000214
2086, 0.000308, 0.000206, 0.000191
2087, 0.000308, 0.000206, 0.000192
2088, 0.000307, 0.000218, 0.000204
2089, 0.000307, 0.000207, 0.000192
2090, 0.000305, 0.000209, 0.000194
2091, 0.000306, 0.000206, 0.000192
2092, 0.000306, 0.000213, 0.000197
2093, 0.000304, 0.000203, 0.000188
2094, 0.000304, 0.000211, 0.000196
2095, 0.000305, 0.000210, 0.000194
2096, 0.000304, 0.000206, 0.000190
2097, 0.000304, 0.000210, 0.000195
2098, 0.000305, 0.000208, 0.000193
2099, 0.000306, 0.000203, 0.000188
2100, 0.000305, 0.000219, 0.000204
2101, 0.000305, 0.000201, 0.000186
2102, 0.000305, 0.000225, 0.000209
2103, 0.000305, 0.000192, 0.000178
2104, 0.000307, 0.000241, 0.000223
2105, 0.000310, 0.000192, 0.000179
2106, 0.000309, 0.000237, 0.000220
2107, 0.000307, 0.000194, 0.000180
2108, 0.000304, 0.000213, 0.000198
2109, 0.000302, 0.000210, 0.000195
2110, 0.000304, 0.000202, 0.000187
2111, 0.000303, 0.000215, 0.000199
2112, 0.000303, 0.000203, 0.000187
2113, 0.000303, 0.000218, 0.000201
2114, 0.000303, 0.000200, 0.000185
2115, 0.000304, 0.000224, 0.000207
2116, 0.000303, 0.000201, 0.000186
2117, 0.000300, 0.000214, 0.000198
2118, 0.000302, 0.000205, 0.000190
2119, 0.000302, 0.000210, 0.000195
2120, 0.000301, 0.000204, 0.000188
2121, 0.000301, 0.000212, 0.000196
2122, 0.000298, 0.000204, 0.000188
2123, 0.000302, 0.000203, 0.000187
2124, 0.000301, 0.000207, 0.000192
2125, 0.000301, 0.000200, 0.000185
2126, 0.000300, 0.000216, 0.000200
2127, 0.000301, 0.000195, 0.000180
2128, 0.000301, 0.000227, 0.000210
2129, 0.000303, 0.000197, 0.000181
2130, 0.000301, 0.000222, 0.000204
2131, 0.000301, 0.000204, 0.000188
2132, 0.000302, 0.000208, 0.000192
2133, 0.000300, 0.000213, 0.000196
2134, 0.000300, 0.000196, 0.000182
2135, 0.000300, 0.000230, 0.000213
2136, 0.000301, 0.000187, 0.000172
2137, 0.000305, 0.000239, 0.000222
2138, 0.000304, 0.000185, 0.000170
2139, 0.000303, 0.000227, 0.000209
2140, 0.000300, 0.000205, 0.000189
2141, 0.000300, 0.000191, 0.000176
2142, 0.000302, 0.000252, 0.000234
2143, 0.000306, 0.000181, 0.000167
2144, 0.000310, 0.000269, 0.000251
2145, 0.000313, 0.000186, 0.000172
2146, 0.000309, 0.000237, 0.000221
2147, 0.000300, 0.000197, 0.000183
2148, 0.000299, 0.000198, 0.000183
2149, 0.000297, 0.000221, 0.000204
2150, 0.000298, 0.000189, 0.000174
2151, 0.000302, 0.000224, 0.000207
2152, 0.000299, 0.000193, 0.000178
2153, 0.000298, 0.000207, 0.000190
2154, 0.000296, 0.000201, 0.000186
2155, 0.000297, 0.000205, 0.000189
2156, 0.000295, 0.000198, 0.000182
2157, 0.000296, 0.000211, 0.000196
2158, 0.000297, 0.000192, 0.000177
2159, 0.000297, 0.000213, 0.000197
2160, 0.000296, 0.000196, 0.000181
2161, 0.000296, 0.000210, 0.000192
2162, 0.000298, 0.000197, 0.000181
2163, 0.000295, 0.000209, 0.000192
2164, 0.000296, 0.000204, 0.000187
2165, 0.000296, 0.000202, 0.000186
2166, 0.000294, 0.000206, 0.000189
2167, 0.000294, 0.000211, 0.000194
2168, 0.000297, 0.000191, 0.000176
2169, 0.000296, 0.000225, 0.000208
2170, 0.000298, 0.000187, 0.000172
2171, 0.000299, 0.000229, 0.000211
2172, 0.000298, 0.000188, 0.000173
2173, 0.000297, 0.000224, 0.000207
2174, 0.000297, 0.000191, 0.000175
2175, 0.000297, 0.000213, 0.000197
2176, 0.000295, 0.000198, 0.000183
2177, 0.000296, 0.000206, 0.000190
2178, 0.000292, 0.000201, 0.000185
2179, 0.000292, 0.000204, 0.000188
2180, 0.000295, 0.000198, 0.000182
2181, 0.000293, 0.000210, 0.000192
2182, 0.000294, 0.000193, 0.000177
2183, 0.000294, 0.000213, 0.000195
2184, 0.000294, 0.000187, 0.000171
2185, 0.000295, 0.000224, 0.000207
2186, 0.000295, 0.000190, 0.000175
2187, 0.000292, 0.000212, 0.000195
2188, 0.000291, 0.000203, 0.000188
2189, 0.000292, 0.000191, 0.000176
2190, 0.000294, 0.000224, 0.000206
2191, 0.000294, 0.000187, 0.000171
2192, 0.000295, 0.000224, 0.000207
2193, 0.000294, 0.000191, 0.000175
2194, 0.000295, 0.000203, 0.000186
2195, 0.000292, 0.000208, 0.000191
2196, 0.000292, 0.000196, 0.000180
2197, 0.000291, 0.000224, 0.000206
2198, 0.000294, 0.000182, 0.000167
2199, 0.000298, 0.000237, 0.000219
2200, 0.000296, 0.000182, 0.000167
2201, 0.000296, 0.000225, 0.000207
2202, 0.000296, 0.000190, 0.000174
2203, 0.000291, 0.000206, 0.000189
2204, 0.000290, 0.000207, 0.000191
2205, 0.000292, 0.000192, 0.000176
2206, 0.000292, 0.000228, 0.000210
2207, 0.000293, 0.000182, 0.000166
2208, 0.000296, 0.000251, 0.000231
2209, 0.000299, 0.000182, 0.000166
2210, 0.000295, 0.000222, 0.000203
2211, 0.000291, 0.000201, 0.000184
2212, 0.000293, 0.000187, 0.000171
2213, 0.000294, 0.000234, 0.000216
2214, 0.000295, 0.000177, 0.000162
2215, 0.000298, 0.000245, 0.000227
2216, 0.000299, 0.000176, 0.000161
2217, 0.000296, 0.000223, 0.000206
2218, 0.000292, 0.000199, 0.000183
2219, 0.000290, 0.000189, 0.000172
2220, 0.000292, 0.000231, 0.000212
2221, 0.000293, 0.000180, 0.000164
2222, 0.000294, 0.000231, 0.000211
2223, 0.000294, 0.000188, 0.000172
2224, 0.000292, 0.000213, 0.000196
2225, 0.000289, 0.000200, 0.000183
2226, 0.000288, 0.000191, 0.000175
2227, 0.000288, 0.000211, 0.000193
2228, 0.000289, 0.000188, 0.000171
2229, 0.000291, 0.000211, 0.000192
2230, 0.000288, 0.000188, 0.000172
2231, 0.000289, 0.000214, 0.000195
2232, 0.000288, 0.000186, 0.000170
2233, 0.000289, 0.000209, 0.000192
2234, 0.000289, 0.000195, 0.000179
2235, 0.000288, 0.000193, 0.000177
2236, 0.000288, 0.000223, 0.000205
2237, 0.000290, 0.000179, 0.000163
2238, 0.000292, 0.000236, 0.000217
2239, 0.000292, 0.000180, 0.000165
2240, 0.000291, 0.000210, 0.000192
2241, 0.000288, 0.000202, 0.000185
2242, 0.000285, 0.000183, 0.000167
2243, 0.000287, 0.000222, 0.000204
2244, 0.000290, 0.000183, 0.000168
2245, 0.000290, 0.000209, 0.000191
2246, 0.000287, 0.000204, 0.000186
2247, 0.000286, 0.000180, 0.000164
2248, 0.000288, 0.000240, 0.000221
2249, 0.000293, 0.000173, 0.000159
2250, 0.000295, 0.000235, 0.000217
2251, 0.000289, 0.000180, 0.000164
2252, 0.000290, 0.000211, 0.000195
2253, 0.000285, 0.000196, 0.000179
2254, 0.000284, 0.000188, 0.000171
2255, 0.000285, 0.000218, 0.000200
2256, 0.000286, 0.000179, 0.000164
2257, 0.000287, 0.000219, 0.000200
2258, 0.000286, 0.000191, 0.000174
2259, 0.000285, 0.000200, 0.000183
2260, 0.000283, 0.000199, 0.000182
2261, 0.000284, 0.000197, 0.000180
2262, 0.000283, 0.000201, 0.000184
2263, 0.000286, 0.000194, 0.000177
2264, 0.000282, 0.000188, 0.000171
2265, 0.000285, 0.000223, 0.000204
2266, 0.000286, 0.000180, 0.000164
2267, 0.000284, 0.000209, 0.000191
2268, 0.000283, 0.000192, 0.000175
2269, 0.000281, 0.000187, 0.000171
2270, 0.000283, 0.000214, 0.000197
2271, 0.000285, 0.000187, 0.000170
2272, 0.000282, 0.000208, 0.000190
2273, 0.000282, 0.000189, 0.000172
2274, 0.000282, 0.000198, 0.000180
2275, 0.000281, 0.000190, 0.000172
2276, 0.000282, 0.000202, 0.000184
2277, 0.000281, 0.000199, 0.000181
2278, 0.000282, 0.000198, 0.000180
2279, 0.000283, 0.000196, 0.000179
2280, 0.000280, 0.000192, 0.000175
2281, 0.000282, 0.000208, 0.000191
2282, 0.000281, 0.000181, 0.000165
2283, 0.000282, 0.000224, 0.000207
2284, 0.000283, 0.000178, 0.000163
2285, 0.000285, 0.000224, 0.000205
2286, 0.000285, 0.000179, 0.000163
2287, 0.000283, 0.000208, 0.000190
2288, 0.000281, 0.000196, 0.000178
2289, 0.000282, 0.000194, 0.000177
2290, 0.000281, 0.000205, 0.000187
2291, 0.000279, 0.000191, 0.000173
2292, 0.000280, 0.000199, 0.000181
2293, 0.000281, 0.000193, 0.000175
2294, 0.000280, 0.000201, 0.000183
2295, 0.000278, 0.000200, 0.000183
2296, 0.000281, 0.000191, 0.000174
2297, 0.000278, 0.000205, 0.000187
2298, 0.000282, 0.000190, 0.000173
2299, 0.000280, 0.000204, 0.000187
2300, 0.000279, 0.000186, 0.000169
2301, 0.000279, 0.000200, 0.000183
2302, 0.000279, 0.000199, 0.000181
2303, 0.000278, 0.000196, 0.000178
2304, 0.000278, 0.000195, 0.000177
2305, 0.000278, 0.000200, 0.000181
2306, 0.000279, 0.000209, 0.000191
2307, 0.000280, 0.000179, 0.000162
2308, 0.000281, 0.000247, 0.000228
2309, 0.000287, 0.000169, 0.000154
2310, 0.000287, 0.000254, 0.000235
2311, 0.000290, 0.000167, 0.000152
2312, 0.000286, 0.000232, 0.000213
2313, 0.000284, 0.000182, 0.000166
2314, 0.000278, 0.000192, 0.000174
2315, 0.000277, 0.000224, 0.000205
2316, 0.000282, 0.000169, 0.000154
2317, 0.000286, 0.000251, 0.000232
2318, 0.000289, 0.000166, 0.000151
2319, 0.000290, 0.000249, 0.000230
2320, 0.000287, 0.000173, 0.000158
2321, 0.000282, 0.000205, 0.000187
2322, 0.000277, 0.000201, 0.000184
2323, 0.000276, 0.000176, 0.000160
2324, 0.000280, 0.000222, 0.000203
2325, 0.000279, 0.000181, 0.000164
2326, 0.000277, 0.000198, 0.000178
2327, 0.000275, 0.000195, 0.000177
2328, 0.000276, 0.000190, 0.000172
2329, 0.000274, 0.000188, 0.000170
2330, 0.000275, 0.000199, 0.000181
2331, 0.000276, 0.000181, 0.000164
2332, 0.000276, 0.000195, 0.000178
2333, 0.000274, 0.000195, 0.000178
2334, 0.000276, 0.000184, 0.000167
2335, 0.000274, 0.000212, 0.000192
2336, 0.000277, 0.000176, 0.000158
2337, 0.000279, 0.000220, 0.000200
2338, 0.000280, 0.000178, 0.000160
2339, 0.000275, 0.000203, 0.000184
2340, 0.000274, 0.000193, 0.000176
2341, 0.000272, 0.000180, 0.000163
2342, 0.000275, 0.000225, 0.000207
2343, 0.000278, 0.000167, 0.000151
2344, 0.000280, 0.000240, 0.000220
2345, 0.000282, 0.000170, 0.000154
2346, 0.000278, 0.000200, 0.000182
2347, 0.000273, 0.000205, 0.000186
2348, 0.000274, 0.000171, 0.000154
2349, 0.000276, 0.000228, 0.000208
2350, 0.000278, 0.000171, 0.000154
2351, 0.000277, 0.000214, 0.000195
2352, 0.000276, 0.000174, 0.000158
2353, 0.000277, 0.000209, 0.000191
2354, 0.000274, 0.000175, 0.000159
2355, 0.000273, 0.000212, 0.000193
2356, 0.000274, 0.000177, 0.000160
2357, 0.000272, 0.000194, 0.000175
2358, 0.000270, 0.000195, 0.000176
2359, 0.000271, 0.000188, 0.000170
2360, 0.000272, 0.000193, 0.000174
2361, 0.000271, 0.000200, 0.000182
2362, 0.000272, 0.000175, 0.000158
2363, 0.000273, 0.000222, 0.000202
2364, 0.000275, 0.000171, 0.000154
2365, 0.000273, 0.000210, 0.000191
2366, 0.000274, 0.000175, 0.000158
2367, 0.000272, 0.000198, 0.000179
2368, 0.000270, 0.000186, 0.000168
2369, 0.000269, 0.000191, 0.000173
2370, 0.000270, 0.000190, 0.000172
2371, 0.000270, 0.000185, 0.000167
2372, 0.000270, 0.000200, 0.000181
2373, 0.000270, 0.000177, 0.000160
2374, 0.000271, 0.000212, 0.000192
2375, 0.000271, 0.000182, 0.000164
2376, 0.000270, 0.000188, 0.000169
2377, 0.000269, 0.000212, 0.000193
2378, 0.000271, 0.000172, 0.000155
2379, 0.000272, 0.000216, 0.000197
2380, 0.000273, 0.000171, 0.000154
2381, 0.000274, 0.000219, 0.000200
2382, 0.000270, 0.000179, 0.000162
2383, 0.000269, 0.000187, 0.000170
2384, 0.000270, 0.000214, 0.000194
2385, 0.000270, 0.000172, 0.000154
2386, 0.000272, 0.000226, 0.000205
2387, 0.000274, 0.000167, 0.000150
2388, 0.000273, 0.000209, 0.000189
2389, 0.000268, 0.000192, 0.000174
2390, 0.000269, 0.000175, 0.000158
2391, 0.000269, 0.000229, 0.000209
2392, 0.000272, 0.000166, 0.000150
2393, 0.000275, 0.000236, 0.000216
2394, 0.000276, 0.000171, 0.000154
2395, 0.000271, 0.000205, 0.000187
2396, 0.000268, 0.000185, 0.000167
2397, 0.000266, 0.000184, 0.000167
2398, 0.000267, 0.000192, 0.000176
2399, 0.000270, 0.000182, 0.000165
2400, 0.000267, 0.000204, 0.000186
2401, 0.000266, 0.000181, 0.000165
2402, 0.000267, 0.000191, 0.000173
2403, 0.000266, 0.000206, 0.000187
2404, 0.000269, 0.000175, 0.000158
2405, 0.000268, 0.000211, 0.000193
2406, 0.000267, 0.000182, 0.000165
2407, 0.000265, 0.000186, 0.000168
2408, 0.000265, 0.000207, 0.000189
2409, 0.000268, 0.000168, 0.000152
2410, 0.000267, 0.000222, 0.000203
2411, 0.000270, 0.000171, 0.000155
2412, 0.000269, 0.000204, 0.000186
2413, 0.000266, 0.000186, 0.000168
2414, 0.000267, 0.000185, 0.000168
2415, 0.000265, 0.000197, 0.000179
2416, 0.000266, 0.000182, 0.000165
2417, 0.000264, 0.000198, 0.000180
2418, 0.000264, 0.000189, 0.000172
2419, 0.000263, 0.000182, 0.000164
2420, 0.000262, 0.000195, 0.000177
2421, 0.000263, 0.000186, 0.000168
2422, 0.000263, 0.000182, 0.000164
2423, 0.000265, 0.000205, 0.000185
2424, 0.000265, 0.000180, 0.000163
2425, 0.000263, 0.000192, 0.000174
2426, 0.000262, 0.000179, 0.000162
2427, 0.000264, 0.000204, 0.000187
2428, 0.000265, 0.000173, 0.000157
2429, 0.000263, 0.000205, 0.000186
2430, 0.000261, 0.000186, 0.000169
2431, 0.000263, 0.000190, 0.000172
2432, 0.000262, 0.000199, 0.000180
2433, 0.000262, 0.000179, 0.000162
2434, 0.000264, 0.000201, 0.000183
2435, 0.000263, 0.000192, 0.000174
2436, 0.000262, 0.000184, 0.000167
2437, 0.000261, 0.000195, 0.000177
2438, 0.000262, 0.000190, 0.000172
2439, 0.000262, 0.000186, 0.000169
2440, 0.000261, 0.000186, 0.000169
2441, 0.000263, 0.000196, 0.000178
2442, 0.000261, 0.000185, 0.000167
2443, 0.000261, 0.000192, 0.000173
2444, 0.000262, 0.000187, 0.000168
2445, 0.000261, 0.000195, 0.000175
2446, 0.000260, 0.000183, 0.000165
2447, 0.000261, 0.000195, 0.000176
2448, 0.000259, 0.000185, 0.000166
2449, 0.000262, 0.000194, 0.000175
2450, 0.000259, 0.000191, 0.000174
2451, 0.000259, 0.000192, 0.000173
2452, 0.000262, 0.000188, 0.000171
2453, 0.000260, 0.000189, 0.000172
2454, 0.000259, 0.000188, 0.000170
2455, 0.000259, 0.000195, 0.000177
2456, 0.000259, 0.000177, 0.000161
2457, 0.000259, 0.000216, 0.000198
2458, 0.000261, 0.000164, 0.000147
2459, 0.000265, 0.000233, 0.000213
2460, 0.000264, 0.000160, 0.000144
2461, 0.000266, 0.000237, 0.000217
2462, 0.000265, 0.000166, 0.000149
2463, 0.000261, 0.000199, 0.000180
2464, 0.000258, 0.000200, 0.000181
2465, 0.000259, 0.000165, 0.000148
2466, 0.000262, 0.000262, 0.000240
2467, 0.000272, 0.000155, 0.000139
2468, 0.000283, 0.000297, 0.000276
2469, 0.000287, 0.000152, 0.000137
2470, 0.000281, 0.000248, 0.000228
2471, 0.000269, 0.000173, 0.000156
2472, 0.000257, 0.000166, 0.000150
2473, 0.000260, 0.000256, 0.000236
2474, 0.000271, 0.000153, 0.000137
2475, 0.000277, 0.000267, 0.000247
2476, 0.000275, 0.000162, 0.000146
2477, 0.000264, 0.000183, 0.000165
2478, 0.000257, 0.000218, 0.000198
2479, 0.000260, 0.000156, 0.000140
2480, 0.000268, 0.000240, 0.000219
2481, 0.000268, 0.000160, 0.000144
2482, 0.000261, 0.000185, 0.000167
2483, 0.000256, 0.000203, 0.000184
2484, 0.000257, 0.000158, 0.000142
2485, 0.000261, 0.000216, 0.000197
2486, 0.000260, 0.000171, 0.000153
2487, 0.000255, 0.000178, 0.000161
2488, 0.000254, 0.000196, 0.000178
2489, 0.000256, 0.000164, 0.000147
2490, 0.000256, 0.000190, 0.000172
2491, 0.000254, 0.000186, 0.000169
2492, 0.000253, 0.000167, 0.000150
2493, 0.000255, 0.000210, 0.000191
2494, 0.000256, 0.000163, 0.000147
2495, 0.000255, 0.000188, 0.000169
2496, 0.000255, 0.000180, 0.000162
2497, 0.000254, 0.000172, 0.000155
2498, 0.000252, 0.000186, 0.000168
2499, 0.000254, 0.000175, 0.000157
2500, 0.000252, 0.000181, 0.000163
2501, 0.000255, 0.000185, 0.000167
2502, 0.000252, 0.000170, 0.000152
2503, 0.000253, 0.000199, 0.000180
2504, 0.000255, 0.000171, 0.000154
2505, 0.000255, 0.000191, 0.000173
2506, 0.000253, 0.000175, 0.000157
2507, 0.000253, 0.000182, 0.000165
2508, 0.000252, 0.000178, 0.000161
2509, 0.000252, 0.000178, 0.000161
2510, 0.000251, 0.000181, 0.000163
2511, 0.000252, 0.000186, 0.000168
2512, 0.000249, 0.000168, 0.000151
2513, 0.000253, 0.000197, 0.000178
2514, 0.000255, 0.000170, 0.000152
2515, 0.000252, 0.000189, 0.000171
2516, 0.000251, 0.000179, 0.000162
2517, 0.000250, 0.000174, 0.000157
2518, 0.000249, 0.000186, 0.000168
2519, 0.000250, 0.000174, 0.000157
2520, 0.000248, 0.000178, 0.000160
2521, 0.000249, 0.000199, 0.000180
2522, 0.000251, 0.000164, 0.000147
2523, 0.000252, 0.000199, 0.000180
2524, 0.000251, 0.000184, 0.000165
2525, 0.000248, 0.000165, 0.000147
2526, 0.000250, 0.000212, 0.000192
2527, 0.000253, 0.000161, 0.000145
2528, 0.000251, 0.000194, 0.000175
2529, 0.000249, 0.000179, 0.000162
2530, 0.000249, 0.000174, 0.000157
2531, 0.000249, 0.000189, 0.000171
2532, 0.000247, 0.000173, 0.000155
2533, 0.000248, 0.000189, 0.000171
2534, 0.000247, 0.000171, 0.000154
2535, 0.000248, 0.000194, 0.000175
2536, 0.000250, 0.000166, 0.000149
2537, 0.000249, 0.000207, 0.000188
2538, 0.000248, 0.000166, 0.000149
2539, 0.000248, 0.000193, 0.000175
2540, 0.000249, 0.000185, 0.000167
2541, 0.000247, 0.000169, 0.000152
2542, 0.000247, 0.000213, 0.000194
2543, 0.000249, 0.000159, 0.000142
2544, 0.000250, 0.000204, 0.000186
2545, 0.000248, 0.000170, 0.000153
2546, 0.000245, 0.000171, 0.000154
2547, 0.000246, 0.000195, 0.000177
2548, 0.000245, 0.000171, 0.000154
2549, 0.000245, 0.000178, 0.000161
2550, 0.000245, 0.000200, 0.000182
2551, 0.000246, 0.000158, 0.000142
2552, 0.000250, 0.000226, 0.000207
2553, 0.000253, 0.000153, 0.000136
2554, 0.000252, 0.000220, 0.000201
2555, 0.000249, 0.000164, 0.000147
2556, 0.000245, 0.000180, 0.000162
2557, 0.000245, 0.000198, 0.000180
2558, 0.000244, 0.000158, 0.000142
2559, 0.000247, 0.000204, 0.000185
2560, 0.000245, 0.000171, 0.000154
2561, 0.000242, 0.000175, 0.000158
2562, 0.000243, 0.000200, 0.000182
2563, 0.000244, 0.000156, 0.000140
2564, 0.000249, 0.000225, 0.000206
2565, 0.000247, 0.000158, 0.000141
2566, 0.000246, 0.000198, 0.000181
2567, 0.000245, 0.000178, 0.000161
2568, 0.000242, 0.000162, 0.000146
2569, 0.000244, 0.000215, 0.000197
2570, 0.000247, 0.000152, 0.000136
2571, 0.000249, 0.000217, 0.000196
2572, 0.000245, 0.000169, 0.000151
2573, 0.000242, 0.000172, 0.000154
2574, 0.000240, 0.000213, 0.000193
2575, 0.000244, 0.000151, 0.000135
2576, 0.000248, 0.000222, 0.000204
2577, 0.000248, 0.000156, 0.000140
2578, 0.000244, 0.000193, 0.000176
2579, 0.000242, 0.000181, 0.000164
2580, 0.000239, 0.000167, 0.000150
2581, 0.000240, 0.000190, 0.000172
2582, 0.000240, 0.000168, 0.000151
2583, 0.000239, 0.000181, 0.000163
2584, 0.000239, 0.000175, 0.000157
2585, 0.000238, 0.000175, 0.000157
2586, 0.000237, 0.000175, 0.000158
2587, 0.000239, 0.000186, 0.000170
2588, 0.000240, 0.000166, 0.000150
2589, 0.000239, 0.000198, 0.000180
2590, 0.000242, 0.000156, 0.000140
2591, 0.000241, 0.000211, 0.000191
2592, 0.000243, 0.000159, 0.000142
2593, 0.000240, 0.000187, 0.000168
2594, 0.000238, 0.000185, 0.000166
2595, 0.000239, 0.000161, 0.000144
2596, 0.000239, 0.000213, 0.000194
2597, 0.000242, 0.000153, 0.000138
2598, 0.000240, 0.000196, 0.000179
2599, 0.000240, 0.000176, 0.000160
2600, 0.000236, 0.000169, 0.000153
2601, 0.000238, 0.000193, 0.000175
2602, 0.000236, 0.000162, 0.000145
2603, 0.000237, 0.000182, 0.000164
2604, 0.000236, 0.000179, 0.000161
2605, 0.000238, 0.000174, 0.000157
2606, 0.000234, 0.000186, 0.000168
2607, 0.000236, 0.000160, 0.000144
2608, 0.000236, 0.000193, 0.000175
2609, 0.000235, 0.000160, 0.000144
2610, 0.000237, 0.000188, 0.000171
2611, 0.000236, 0.000172, 0.000155
2612, 0.000235, 0.000167, 0.000151
2613, 0.000236, 0.000200, 0.000182
2614, 0.000235, 0.000158, 0.000142
2615, 0.000238, 0.000198, 0.000180
2616, 0.000236, 0.000169, 0.000152
2617, 0.000234, 0.000176, 0.000158
2618, 0.000234, 0.000177, 0.000159
2619, 0.000234, 0.000171, 0.000152
2620, 0.000233, 0.000178, 0.000159
2621, 0.000233, 0.000169, 0.000151
2622, 0.000233, 0.000184, 0.000166
2623, 0.000233, 0.000168, 0.000151
2624, 0.000232, 0.000186, 0.000169
2625, 0.000234, 0.000171, 0.000154
2626, 0.000234, 0.000177, 0.000161
2627, 0.000233, 0.000177, 0.000160
2628, 0.000233, 0.000181, 0.000164
2629, 0.000234, 0.000172, 0.000156
2630, 0.000231, 0.000169, 0.000154
2631, 0.000232, 0.000175, 0.000158
2632, 0.000231, 0.000169, 0.000152
2633, 0.000231, 0.000176, 0.000159
2634, 0.000233, 0.000174, 0.000157
2635, 0.000231, 0.000168, 0.000151
2636, 0.000230, 0.000194, 0.000176
2637, 0.000231, 0.000159, 0.000142
2638, 0.000232, 0.000195, 0.000177
2639, 0.000232, 0.000161, 0.000145
2640, 0.000232, 0.000195, 0.000177
2641, 0.000230, 0.000160, 0.000144
2642, 0.000228, 0.000181, 0.000165
2643, 0.000230, 0.000177, 0.000161
2644, 0.000228, 0.000156, 0.000141
2645, 0.000231, 0.000207, 0.000191
2646, 0.000233, 0.000144, 0.000130
2647, 0.000235, 0.000228, 0.000210
2648, 0.000236, 0.000147, 0.000133
2649, 0.000240, 0.000218, 0.000198
2650, 0.000235, 0.000166, 0.000149
2651, 0.000228, 0.000158, 0.000142
2652, 0.000232, 0.000246, 0.000225
2653, 0.000240, 0.000134, 0.000120
2654, 0.000250, 0.000292, 0.000270
2655, 0.000256, 0.000137, 0.000122
2656, 0.000253, 0.000239, 0.000220
2657, 0.000241, 0.000149, 0.000134
2658, 0.000231, 0.000171, 0.000155
2659, 0.000229, 0.000214, 0.000197
2660, 0.000231, 0.000135, 0.000122
2661, 0.000243, 0.000255, 0.000236
2662, 0.000244, 0.000140, 0.000126
2663, 0.000234, 0.000183, 0.000167
2664, 0.000227, 0.000192, 0.000176
2665, 0.000228, 0.000137, 0.000123
2666, 0.000236, 0.000237, 0.000217
2667, 0.000237, 0.000141, 0.000127
2668, 0.000232, 0.000194, 0.000177
2669, 0.000228, 0.000158, 0.000143
2670, 0.000224, 0.000159, 0.000144
2671, 0.000225, 0.000187, 0.000171
2672, 0.000225, 0.000145, 0.000131
2673, 0.000227, 0.000192, 0.000176
2674, 0.000228, 0.000156, 0.000140
2675, 0.000225, 0.000170, 0.000155
2676, 0.000224, 0.000179, 0.000163
2677, 0.000224, 0.000143, 0.000128
2678, 0.000228, 0.000202, 0.000184
2679, 0.000227, 0.000151, 0.000136
2680, 0.000224, 0.000157, 0.000140
2681, 0.000221, 0.000190, 0.000172
2682, 0.000226, 0.000142, 0.000127
2683, 0.000228, 0.000186, 0.000169
2684, 0.000223, 0.000164, 0.000148
2685, 0.000221, 0.000156, 0.000142
2686, 0.000223, 0.000185, 0.000168
2687, 0.000223, 0.000145, 0.000130
2688, 0.000226, 0.000187, 0.000171
2689, 0.000221, 0.000156, 0.000141
2690, 0.000221, 0.000156, 0.000141
2691, 0.000221, 0.000192, 0.000175
2692, 0.000222, 0.000141, 0.000126
2693, 0.000225, 0.000180, 0.000163
2694, 0.000223, 0.000160, 0.000144
2695, 0.000219, 0.000153, 0.000138
2696, 0.000219, 0.000195, 0.000178
2697, 0.000223, 0.000139, 0.000125
2698, 0.000226, 0.000215, 0.000197
2699, 0.000225, 0.000141, 0.000127
2700, 0.000223, 0.000172, 0.000156
2701, 0.000219, 0.000170, 0.000154
2702, 0.000217, 0.000145, 0.000130
2703, 0.000219, 0.000189, 0.000173
2704, 0.000220, 0.000146, 0.000131
2705, 0.000218, 0.000162, 0.000146
2706, 0.000217, 0.000176, 0.000160
2707, 0.000218, 0.000147, 0.000132
2708, 0.000218, 0.000174, 0.000157
2709, 0.000217, 0.000160, 0.000145
2710, 0.000218, 0.000153, 0.000138
2711, 0.000218, 0.000183, 0.000166
2712, 0.000219, 0.000141, 0.000127
2713, 0.000221, 0.000198, 0.000181
2714, 0.000221, 0.000137, 0.000123
2715, 0.000219, 0.000183, 0.000167
2716, 0.000215, 0.000165, 0.000150
2717, 0.000214, 0.000142, 0.000128
2718, 0.000218, 0.000200, 0.000185
2719, 0.000223, 0.000128, 0.000115
2720, 0.000226, 0.000219, 0.000201
2721, 0.000224, 0.000139, 0.000125
2722, 0.000217, 0.000168, 0.000152
2723, 0.000214, 0.000186, 0.000169
2724, 0.000216, 0.000131, 0.000118
2725, 0.000223, 0.000227, 0.000208
2726, 0.000226, 0.000131, 0.000118
2727, 0.000223, 0.000191, 0.000174
2728, 0.000219, 0.000150, 0.000135
2729, 0.000215, 0.000153, 0.000138
2730, 0.000213, 0.000190, 0.000173
2731, 0.000216, 0.000130, 0.000117
2732, 0.000219, 0.000205, 0.000189
2733, 0.000221, 0.000142, 0.000129
2734, 0.000213, 0.000156, 0.000142
2735, 0.000211, 0.000189, 0.000175
2736, 0.000214, 0.000130, 0.000117
2737, 0.000217, 0.000186, 0.000170
2738, 0.000213, 0.000149, 0.000134
2739, 0.000211, 0.000145, 0.000131
2740, 0.000212, 0.000197, 0.000179
2741, 0.000217, 0.000129, 0.000116
2742, 0.000219, 0.000203, 0.000186
2743, 0.000215, 0.000149, 0.000134
2744, 0.000211, 0.000146, 0.000132
2745, 0.000211, 0.000198, 0.000181
2746, 0.000214, 0.000127, 0.000113
2747, 0.000220, 0.000213, 0.000196
2748, 0.000219, 0.000132, 0.000118
2749, 0.000213, 0.000162, 0.000147
2750, 0.000209, 0.000173, 0.000157
2751, 0.000211, 0.000126, 0.000113
2752, 0.000217, 0.000221, 0.000204
2753, 0.000221, 0.000124, 0.000112
2754, 0.000215, 0.000172, 0.000156
2755, 0.000208, 0.000168, 0.000152
2756, 0.000206, 0.000129, 0.000115
2757, 0.000213, 0.000201, 0.000183
2758, 0.000214, 0.000129, 0.000115
2759, 0.000212, 0.000170, 0.000155
2760, 0.000206, 0.000159, 0.000145
2761, 0.000206, 0.000138, 0.000125
2762, 0.000206, 0.000171, 0.000157
2763, 0.000206, 0.000146, 0.000133
2764, 0.000205, 0.000144, 0.000130
2765, 0.000207, 0.000178, 0.000163
2766, 0.000209, 0.000130, 0.000117
2767, 0.000210, 0.000179, 0.000164
2768, 0.000208, 0.000138, 0.000125
2769, 0.000206, 0.000145, 0.000131
2770, 0.000204, 0.000171, 0.000156
2771, 0.000206, 0.000131, 0.000118
2772, 0.000207, 0.000173, 0.000158
2773, 0.000205, 0.000137, 0.000123
2774, 0.000204, 0.000160, 0.000145
2775, 0.000203, 0.000161, 0.000145
2776, 0.000203, 0.000129, 0.000115
2777, 0.000206, 0.000189, 0.000174
2778, 0.000208, 0.000131, 0.000119
2779, 0.000206, 0.000159, 0.000146
2780, 0.000202, 0.000163, 0.000149
2781, 0.000204, 0.000128, 0.000116
2782, 0.000207, 0.000199, 0.000183
2783, 0.000211, 0.000121, 0.000108
2784, 0.000210, 0.000182, 0.000167
2785, 0.000207, 0.000155, 0.000141
2786, 0.000201, 0.000125, 0.000112
2787, 0.000207, 0.000207, 0.000191
2788, 0.000212, 0.000120, 0.000108
2789, 0.000211, 0.000185, 0.000169
2790, 0.000205, 0.000138, 0.000124
2791, 0.000201, 0.000147, 0.000133
2792, 0.000201, 0.000172, 0.000157
2793, 0.000203, 0.000130, 0.000118
2794, 0.000202, 0.000166, 0.000153
2795, 0.000201, 0.000134, 0.000122
2796, 0.000199, 0.000158, 0.000145
2797, 0.000200, 0.000140, 0.000128
2798, 0.000199, 0.000151, 0.000138
2799, 0.000198, 0.000144, 0.000131
2800, 0.000198, 0.000144, 0.000131
2801, 0.000197, 0.000156, 0.000142
2802, 0.000197, 0.000137, 0.000124
2803, 0.000197, 0.000161, 0.000148
2804, 0.000198, 0.000135, 0.000122
2805, 0.000199, 0.000164, 0.000151
2806, 0.000198, 0.000141, 0.000129
2807, 0.000197, 0.000141, 0.000129
2808, 0.000196, 0.000181, 0.000167
2809, 0.000200, 0.000125, 0.000113
2810, 0.000199, 0.000169, 0.000155
2811, 0.000199, 0.000148, 0.000135
2812, 0.000195, 0.000124, 0.000111
2813, 0.000199, 0.000195, 0.000180
2814, 0.000201, 0.000121, 0.000110
2815, 0.000201, 0.000161, 0.000147
2816, 0.000197, 0.000156, 0.000143
2817, 0.000197, 0.000123, 0.000111
2818, 0.000199, 0.000193, 0.000179
2819, 0.000202, 0.000123, 0.000113
2820, 0.000200, 0.000163, 0.000149
2821, 0.000194, 0.000152, 0.000139
2822, 0.000194, 0.000131, 0.000120
2823, 0.000194, 0.000179, 0.000166
2824, 0.000197, 0.000122, 0.000111
2825, 0.000196, 0.000167, 0.000155
2826, 0.000193, 0.000147, 0.000135
2827, 0.000194, 0.000128, 0.000116
2828, 0.000193, 0.000181, 0.000166
2829, 0.000196, 0.000122, 0.000111
2830, 0.000198, 0.000173, 0.000158
2831, 0.000194, 0.000137, 0.000124
2832, 0.000192, 0.000137, 0.000125
2833, 0.000193, 0.000186, 0.000171
2834, 0.000198, 0.000115, 0.000104
2835, 0.000201, 0.000197, 0.000183
2836, 0.000199, 0.000126, 0.000114
2837, 0.000193, 0.000136, 0.000124
2838, 0.000191, 0.000180, 0.000167
2839, 0.000196, 0.000116, 0.000105
2840, 0.000196, 0.000171, 0.000157
2841, 0.000193, 0.000134, 0.000123
2842, 0.000191, 0.000140, 0.000128
2843, 0.000189, 0.000156, 0.000143
2844, 0.000192, 0.000135, 0.000124
2845, 0.000194, 0.000164, 0.000151
2846, 0.000191, 0.000128, 0.000117
2847, 0.000193, 0.000153, 0.000141
2848, 0.000190, 0.000155, 0.000141
2849, 0.000189, 0.000130, 0.000117
2850, 0.000193, 0.000172, 0.000158
2851, 0.000194, 0.000125, 0.000113
2852, 0.000188, 0.000160, 0.000146
2853, 0.000192, 0.000156, 0.000145
2854, 0.000195, 0.000124, 0.000112
2855, 0.000189, 0.000186, 0.000172
2856, 0.000196, 0.000126, 0.000117
2857, 0.000202, 0.000169, 0.000157
2858, 0.000190, 0.000143, 0.000131
2859, 0.000187, 0.000127, 0.000116
2860, 0.000193, 0.000187, 0.000173
2861, 0.000191, 0.000121, 0.000110
2862, 0.000195, 0.000168, 0.000156
2863, 0.000192, 0.000143, 0.000132
2864, 0.000185, 0.000131, 0.000120
2865, 0.000192, 0.000170, 0.000159
2866, 0.000193, 0.000119, 0.000109
2867, 0.000186, 0.000165, 0.000151
2868, 0.000190, 0.000131, 0.000120
2869, 0.000188, 0.000142, 0.000129
2870, 0.000183, 0.000149, 0.000135
2871, 0.000186, 0.000140, 0.000129
2872, 0.000187, 0.000138, 0.000126
2873, 0.000182, 0.000157, 0.000144
2874, 0.000188, 0.000125, 0.000116
2875, 0.000190, 0.000181, 0.000168
2876, 0.000188, 0.000118, 0.000107
2877, 0.000193, 0.000182, 0.000170
2878, 0.000190, 0.000122, 0.000111
2879, 0.000183, 0.000145, 0.000132
2880, 0.000187, 0.000149, 0.000138
2881, 0.000186, 0.000131, 0.000120
2882, 0.000181, 0.000150, 0.000138
2883, 0.000187, 0.000138, 0.000128
2884, 0.000184, 0.000142, 0.000131
2885, 0.000182, 0.000139, 0.000127
2886, 0.000187, 0.000152, 0.000141
2887, 0.000185, 0.000131, 0.000120
2888, 0.000179, 0.000145, 0.000134
2889, 0.000184, 0.000137, 0.000127
2890, 0.000183, 0.000145, 0.000134
2891, 0.000180, 0.000128, 0.000117
2892, 0.000184, 0.000155, 0.000144
2893, 0.000181, 0.000128, 0.000118
2894, 0.000180, 0.000136, 0.000125
2895, 0.000179, 0.000140, 0.000129
2896, 0.000175, 0.000138, 0.000127
2897, 0.000179, 0.000126, 0.000115
2898, 0.000181, 0.000160, 0.000149
2899, 0.000178, 0.000119, 0.000110
2900, 0.000180, 0.000156, 0.000144
2901, 0.000180, 0.000131, 0.000120
2902, 0.000178, 0.000130, 0.000120
2903, 0.000181, 0.000157, 0.000145
2904, 0.000180, 0.000119, 0.000109
2905, 0.000178, 0.000150, 0.000139
2906, 0.000179, 0.000126, 0.000116
2907, 0.000176, 0.000131, 0.000121
2908, 0.000175, 0.000147, 0.000138
2909, 0.000176, 0.000132, 0.000123
2910, 0.000176, 0.000137, 0.000128
2911, 0.000174, 0.000131, 0.000123
2912, 0.000175, 0.000141, 0.000130
2913, 0.000175, 0.000123, 0.000113
2914, 0.000177, 0.000151, 0.000140
2915, 0.000176, 0.000116, 0.000106
2916, 0.000175, 0.000148, 0.000137
2917, 0.000175, 0.000122, 0.000112
2918, 0.000176, 0.000147, 0.000137
2919, 0.000174, 0.000119, 0.000109
2920, 0.000175, 0.000143, 0.000132
2921, 0.000174, 0.000140, 0.000129
2922, 0.000172, 0.000123, 0.000113
2923, 0.000175, 0.000154, 0.000143
2924, 0.000174, 0.000120, 0.000110
2925, 0.000174, 0.000144, 0.000133
2926, 0.000172, 0.000136, 0.000126
2927, 0.000171, 0.000116, 0.000107
2928, 0.000173, 0.000176, 0.000164
2929, 0.000178, 0.000099, 0.000091
2930, 0.000183, 0.000223, 0.000209
2931, 0.000191, 0.000092, 0.000084
2932, 0.000198, 0.000245, 0.000232
2933, 0.000199, 0.000094, 0.000086
2934, 0.000193, 0.000192, 0.000180
2935, 0.000180, 0.000113, 0.000105
2936, 0.000175, 0.000127, 0.000118
2937, 0.000171, 0.000160, 0.000150
2938, 0.000173, 0.000102, 0.000094
2939, 0.000179, 0.000178, 0.000166
2940, 0.000178, 0.000114, 0.000105
2941, 0.000171, 0.000128, 0.000119
2942, 0.000171, 0.000159, 0.000149
2943, 0.000172, 0.000105, 0.000097
2944, 0.000174, 0.000155, 0.000146
2945, 0.000172, 0.000123, 0.000114
2946, 0.000170, 0.000112, 0.000104
2947, 0.000171, 0.000173, 0.000162
2948, 0.000177, 0.000093, 0.000084
2949, 0.000182, 0.000208, 0.000195
2950, 0.000187, 0.000093, 0.000086
2951, 0.000181, 0.000170, 0.000159
2952, 0.000174, 0.000119, 0.000110
2953, 0.000167, 0.000121, 0.000113
2954, 0.000168, 0.000157, 0.000147
2955, 0.000170, 0.000104, 0.000096
2956, 0.000171, 0.000141, 0.000131
2957, 0.000168, 0.000126, 0.000116
2958, 0.000166, 0.000114, 0.000105
2959, 0.000167, 0.000143, 0.000133
2960, 0.000167, 0.000116, 0.000107
2961, 0.000166, 0.000119, 0.000110
2962, 0.000166, 0.000154, 0.000144
2963, 0.000168, 0.000099, 0.000091
2964, 0.000169, 0.000165, 0.000154
2965, 0.000169, 0.000112, 0.000104
2966, 0.000166, 0.000112, 0.000103
2967, 0.000166, 0.000174, 0.000163
2968, 0.000172, 0.000089, 0.000081
2969, 0.000182, 0.000200, 0.000188
2970, 0.000180, 0.000097, 0.000089
2971, 0.000171, 0.000141, 0.000131
2972, 0.000165, 0.000138, 0.000128
2973, 0.000166, 0.000098, 0.000090
2974, 0.000171, 0.000181, 0.000170
2975, 0.000172, 0.000092, 0.000084
2976, 0.000172, 0.000155, 0.000145
2977, 0.000165, 0.000127, 0.000118
2978, 0.000162, 0.000093, 0.000086
2979, 0.000170, 0.000210, 0.000199
2980, 0.000180, 0.000087, 0.000080
2981, 0.000178, 0.000154, 0.000144
2982, 0.000164, 0.000146, 0.000137
2983, 0.000164, 0.000086, 0.000079
2984, 0.000176, 0.000205, 0.000193
2985, 0.000179, 0.000090, 0.000083
2986, 0.000170, 0.000130, 0.000121
2987, 0.000161, 0.000146, 0.000136
2988, 0.000164, 0.000092, 0.000084
2989, 0.000166, 0.000169, 0.000157
2990, 0.000169, 0.000096, 0.000087
2991, 0.000164, 0.000136, 0.000126
2992, 0.000161, 0.000121, 0.000112
2993, 0.000160, 0.000107, 0.000098
2994, 0.000161, 0.000148, 0.000137
2995, 0.000163, 0.000104, 0.000095
2996, 0.000162, 0.000120, 0.000111
2997, 0.000159, 0.000132, 0.000123
2998, 0.000160, 0.000105, 0.000097
2999, 0.000159, 0.000130, 0.000121
3000, 0.000159, 0.000120, 0.000110
3001, 0.000159, 0.000107, 0.000098
3002, 0.000160, 0.000135, 0.000125
3003, 0.000158, 0.000118, 0.000109
3004, 0.000157, 0.000108, 0.000100
3005, 0.000158, 0.000151, 0.000141
3006, 0.000161, 0.000096, 0.000089
3007, 0.000163, 0.000140, 0.000130
3008, 0.000160, 0.000112, 0.000103
3009, 0.000159, 0.000118, 0.000108
3010, 0.000158, 0.000125, 0.000116
3011, 0.000157, 0.000112, 0.000103
3012, 0.000156, 0.000113, 0.000105
3013, 0.000157, 0.000127, 0.000118
3014, 0.000156, 0.000115, 0.000107
3015, 0.000155, 0.000117, 0.000108
3016, 0.000156, 0.000134, 0.000124
3017, 0.000156, 0.000110, 0.000102
3018, 0.000156, 0.000119, 0.000110
3019, 0.000155, 0.000122, 0.000113
3020, 0.000155, 0.000114, 0.000105
3021, 0.000155, 0.000122, 0.000114
3022, 0.000154, 0.000116, 0.000109
3023, 0.000154, 0.000112, 0.000104
3024, 0.000155, 0.000120, 0.000113
3025, 0.000154, 0.000109, 0.000102
3026, 0.000155, 0.000140, 0.000131
3027, 0.000156, 0.000093, 0.000086
3028, 0.000158, 0.000157, 0.000147
3029, 0.000158, 0.000102, 0.000094
3030, 0.000156, 0.000125, 0.000117
3031, 0.000154, 0.000127, 0.000118
3032, 0.000152, 0.000102, 0.000094
3033, 0.000154, 0.000144, 0.000135
3034, 0.000157, 0.000100, 0.000092
3035, 0.000154, 0.000136, 0.000127
3036, 0.000154, 0.000104, 0.000096
3037, 0.000155, 0.000124, 0.000116
3038, 0.000153, 0.000119, 0.000111
3039, 0.000152, 0.000107, 0.000101
3040, 0.000154, 0.000137, 0.000129
3041, 0.000153, 0.000098, 0.000092
3042, 0.000155, 0.000142, 0.000135
3043, 0.000154, 0.000102, 0.000095
3044, 0.000152, 0.000121, 0.000113
3045, 0.000152, 0.000129, 0.000121
3046, 0.000151, 0.000094, 0.000087
3047, 0.000155, 0.000159, 0.000148
3048, 0.000156, 0.000094, 0.000087
3049, 0.000154, 0.000146, 0.000136
3050, 0.000152, 0.000108, 0.000100
3051, 0.000152, 0.000117, 0.000109
3052, 0.000151, 0.000139, 0.000131
3053, 0.000154, 0.000088, 0.000081
3054, 0.000157, 0.000189, 0.000178
3055, 0.000163, 0.000081, 0.000075
3056, 0.000161, 0.000160, 0.000151
3057, 0.000155, 0.000110, 0.000103
3058, 0.000148, 0.000097, 0.000091
3059, 0.000152, 0.000169, 0.000160
3060, 0.000157, 0.000080, 0.000075
3061, 0.000161, 0.000179, 0.000171
3062, 0.000160, 0.000090, 0.000083
3063, 0.000153, 0.000127, 0.000119
3064, 0.000148, 0.000131, 0.000122
3065, 0.000152, 0.000082, 0.000076
3066, 0.000159, 0.000202, 0.000191
3067, 0.000165, 0.000078, 0.000072
3068, 0.000161, 0.000144, 0.000135
3069, 0.000150, 0.000127, 0.000118
3070, 0.000148, 0.000090, 0.000083
3071, 0.000151, 0.000172, 0.000162
3072, 0.000157, 0.000079, 0.000073
3073, 0.000161, 0.000169, 0.000159
3074, 0.000155, 0.000091, 0.000084
3075, 0.000150, 0.000121, 0.000113
3076, 0.000147, 0.000128, 0.000120
3077, 0.000147, 0.000090, 0.000083
3078, 0.000151, 0.000147, 0.000138
3079, 0.000152, 0.000088, 0.000081
3080, 0.000150, 0.000133, 0.000124
3081, 0.000148, 0.000108, 0.000101
3082, 0.000146, 0.000098, 0.000092
3083, 0.000144, 0.000141, 0.000132
3084, 0.000148, 0.000090, 0.000083
3085, 0.000148, 0.000131, 0.000122
3086, 0.000146, 0.000107, 0.000099
3087, 0.000144, 0.000096, 0.000089
3088, 0.000145, 0.000143, 0.000133
3089, 0.000148, 0.000090, 0.000083
3090, 0.000146, 0.000132, 0.000123
3091, 0.000147, 0.000095, 0.000088
3092, 0.000146, 0.000127, 0.000120
3093, 0.000144, 0.000098, 0.000092
3094, 0.000143, 0.000116, 0.000109
3095, 0.000145, 0.000121, 0.000113
3096, 0.000144, 0.000092, 0.000086
3097, 0.000144, 0.000139, 0.000130
3098, 0.000145, 0.000091, 0.000084
3099, 0.000144, 0.000121, 0.000113
3100, 0.000144, 0.000110, 0.000103
3101, 0.000142, 0.000102, 0.000095
3102, 0.000142, 0.000121, 0.000114
3103, 0.000142, 0.000099, 0.000093
3104, 0.000142, 0.000127, 0.000119
3105, 0.000143, 0.000098, 0.000092
3106, 0.000144, 0.000131, 0.000123
3107, 0.000142, 0.000096, 0.000089
3108, 0.000142, 0.000122, 0.000113
3109, 0.000141, 0.000109, 0.000101
3110, 0.000140, 0.000103, 0.000095
3111, 0.000140, 0.000118, 0.000109
3112, 0.000143, 0.000092, 0.000085
3113, 0.000142, 0.000139, 0.000129
3114, 0.000143, 0.000092, 0.000085
3115, 0.000144, 0.000134, 0.000125
3116, 0.000143, 0.000091, 0.000085
3117, 0.000141, 0.000130, 0.000123
3118, 0.000142, 0.000094, 0.000088
3119, 0.000141, 0.000114, 0.000106
3120, 0.000141, 0.000114, 0.000107
3121, 0.000140, 0.000093, 0.000086
3122, 0.000142, 0.000139, 0.000130
3123, 0.000144, 0.000086, 0.000080
3124, 0.000143, 0.000129, 0.000121
3125, 0.000141, 0.000096, 0.000089
3126, 0.000140, 0.000110, 0.000102
3127, 0.000140, 0.000127, 0.000119
3128, 0.000139, 0.000093, 0.000087
3129, 0.000141, 0.000145, 0.000137
3130, 0.000144, 0.000083, 0.000077
3131, 0.000143, 0.000139, 0.000130
3132, 0.000141, 0.000095, 0.000089
3133, 0.000139, 0.000108, 0.000100
3134, 0.000140, 0.000125, 0.000116
3135, 0.000139, 0.000080, 0.000075
3136, 0.000141, 0.000148, 0.000140
3137, 0.000144, 0.000081, 0.000076
3138, 0.000142, 0.000131, 0.000125
3139, 0.000140, 0.000102, 0.000096
3140, 0.000138, 0.000103, 0.000096
3141, 0.000136, 0.000118, 0.000110
3142, 0.000137, 0.000096, 0.000089
3143, 0.000139, 0.000132, 0.000125
3144, 0.000138, 0.000090, 0.000084
3145, 0.000139, 0.000128, 0.000120
3146, 0.000137, 0.000091, 0.000086
3147, 0.000139, 0.000118, 0.000112
3148, 0.000136, 0.000101, 0.000095
3149, 0.000137, 0.000103, 0.000098
3150, 0.000137, 0.000116, 0.000109
3151, 0.000137, 0.000096, 0.000089
3152, 0.000136, 0.000117, 0.000109
3153, 0.000137, 0.000104, 0.000096
3154, 0.000136, 0.000123, 0.000116
3155, 0.000135, 0.000088, 0.000082
3156, 0.000136, 0.000131, 0.000123
3157, 0.000137, 0.000092, 0.000087
3158, 0.000138, 0.000124, 0.000117
3159, 0.000136, 0.000086, 0.000080
3160, 0.000137, 0.000129, 0.000122
3161, 0.000137, 0.000087, 0.000081
3162, 0.000136, 0.000114, 0.000107
3163, 0.000135, 0.000128, 0.000121
3164, 0.000136, 0.000078, 0.000072
3165, 0.000144, 0.000195, 0.000186
3166, 0.000154, 0.000066, 0.000063
3167, 0.000163, 0.000238, 0.000226
3168, 0.000169, 0.000066, 0.000063
3169, 0.000165, 0.000191, 0.000181
3170, 0.000153, 0.000072, 0.000066
3171, 0.000139, 0.000105, 0.000098
3172, 0.000133, 0.000127, 0.000120
3173, 0.000136, 0.000075, 0.000071
3174, 0.000141, 0.000152, 0.000146
3175, 0.000140, 0.000083, 0.000079
3176, 0.000135, 0.000102, 0.000097
3177, 0.000134, 0.000117, 0.000111
3178, 0.000135, 0.000084, 0.000079
3179, 0.000137, 0.000132, 0.000125
3180, 0.000138, 0.000080, 0.000074
3181, 0.000137, 0.000121, 0.000113
3182, 0.000135, 0.000093, 0.000087
3183, 0.000132, 0.000097, 0.000091
3184, 0.000132, 0.000116, 0.000109
3185, 0.000133, 0.000087, 0.000081
3186, 0.000133, 0.000126, 0.000117
3187, 0.000132, 0.000094, 0.000088
3188, 0.000132, 0.000090, 0.000084
3189, 0.000132, 0.000140, 0.000132
3190, 0.000135, 0.000074, 0.000070
3191, 0.000137, 0.000127, 0.000119
3192, 0.000133, 0.000091, 0.000085
3193, 0.000130, 0.000091, 0.000086
3194, 0.000131, 0.000111, 0.000105
3195, 0.000132, 0.000085, 0.000080
3196, 0.000132, 0.000120, 0.000114
3197, 0.000133, 0.000084, 0.000079
3198, 0.000132, 0.000118, 0.000110
3199, 0.000131, 0.000092, 0.000085
3200, 0.000131, 0.000102, 0.000095
3201, 0.000129, 0.000112, 0.000105
3202, 0.000129, 0.000075, 0.000070
3203, 0.000133, 0.000142, 0.000133
3204, 0.000135, 0.000073, 0.000069
3205, 0.000134, 0.000125, 0.000118
3206, 0.000132, 0.000091, 0.000085
3207, 0.000130, 0.000089, 0.000084
3208, 0.000130, 0.000129, 0.000123
3209, 0.000132, 0.000071, 0.000068
3210, 0.000134, 0.000140, 0.000134
3211, 0.000135, 0.000079, 0.000075
3212, 0.000131, 0.000103, 0.000097
3213, 0.000128, 0.000110, 0.000104
3214, 0.000130, 0.000078, 0.000073
3215, 0.000131, 0.000128, 0.000121
3216, 0.000131, 0.000081, 0.000077
3217, 0.000128, 0.000107, 0.000102
3218, 0.000129, 0.000104, 0.000100
3219, 0.000127, 0.000082, 0.000077
3220, 0.000129, 0.000125, 0.000119
3221, 0.000129, 0.000081, 0.000076
3222, 0.000129, 0.000116, 0.000110
3223, 0.000128, 0.000095, 0.000090
3224, 0.000127, 0.000088, 0.000083
3225, 0.000128, 0.000120, 0.000113
3226, 0.000128, 0.000081, 0.000076
3227, 0.000127, 0.000109, 0.000103
3228, 0.000126, 0.000101, 0.000095
3229, 0.000126, 0.000086, 0.000081
3230, 0.000127, 0.000108, 0.000102
3231, 0.000126, 0.000093, 0.000088
3232, 0.000125, 0.000099, 0.000094
3233, 0.000124, 0.000096, 0.000091
3234, 0.000126, 0.000104, 0.000099
3235, 0.000126, 0.000087, 0.000082
3236, 0.000126, 0.000113, 0.000108
3237, 0.000128, 0.000080, 0.000075
3238, 0.000128, 0.000120, 0.000113
3239, 0.000126, 0.000088, 0.000082
3240, 0.000125, 0.000095, 0.000090
3241, 0.000125, 0.000110, 0.000104
3242, 0.000125, 0.000089, 0.000084
3243, 0.000125, 0.000107, 0.000102
3244, 0.000126, 0.000087, 0.000081
3245, 0.000126, 0.000116, 0.000110
3246, 0.000127, 0.000077, 0.000072
3247, 0.000127, 0.000118, 0.000111
3248, 0.000126, 0.000084, 0.000079
3249, 0.000125, 0.000107, 0.000101
3250, 0.000125, 0.000104, 0.000099
3251, 0.000126, 0.000085, 0.000081
3252, 0.000124, 0.000116, 0.000109
3253, 0.000125, 0.000079, 0.000074
3254, 0.000126, 0.000114, 0.000107
3255, 0.000124, 0.000094, 0.000088
3256, 0.000124, 0.000085, 0.000080
3257, 0.000124, 0.000115, 0.000108
3258, 0.000126, 0.000075, 0.000071
3259, 0.000127, 0.000137, 0.000130
3260, 0.000129, 0.000067, 0.000063
3261, 0.000131, 0.000154, 0.000146
3262, 0.000133, 0.000066, 0.000061
3263, 0.000133, 0.000155, 0.000146
3264, 0.000133, 0.000068, 0.000064
3265, 0.000130, 0.000148, 0.000139
3266, 0.000131, 0.000070, 0.000065
3267, 0.000128, 0.000127, 0.000119
3268, 0.000126, 0.000079, 0.000074
3269, 0.000124, 0.000101, 0.000094
3270, 0.000123, 0.000101, 0.000094
3271, 0.000122, 0.000080, 0.000075
3272, 0.000124, 0.000130, 0.000123
3273, 0.000126, 0.000076, 0.000072
3274, 0.000124, 0.000106, 0.000101
3275, 0.000123, 0.000092, 0.000087
3276, 0.000123, 0.000082, 0.000077
3277, 0.000123, 0.000121, 0.000113
3278, 0.000123, 0.000079, 0.000074
3279, 0.000127, 0.000132, 0.000123
3280, 0.000126, 0.000070, 0.000067
3281, 0.000127, 0.000137, 0.000129
3282, 0.000127, 0.000070, 0.000066
3283, 0.000125, 0.000117, 0.000111
3284, 0.000124, 0.000088, 0.000082
3285, 0.000123, 0.000088, 0.000083
3286, 0.000121, 0.000112, 0.000106
3287, 0.000123, 0.000079, 0.000074
3288, 0.000124, 0.000115, 0.000110
3289, 0.000124, 0.000076, 0.000071
3290, 0.000122, 0.000113, 0.000106
3291, 0.000123, 0.000080, 0.000076
3292, 0.000124, 0.000110, 0.000102
3293, 0.000121, 0.000085, 0.000079
3294, 0.000120, 0.000094, 0.000088
3295, 0.000121, 0.000099, 0.000092
3296, 0.000120, 0.000094, 0.000088
3297, 0.000121, 0.000084, 0.000079
3298, 0.000121, 0.000112, 0.000105
3299, 0.000121, 0.000072, 0.000068
3300, 0.000123, 0.000117, 0.000110
3301, 0.000121, 0.000089, 0.000084
3302, 0.000119, 0.000083, 0.000077
3303, 0.000120, 0.000124, 0.000116
3304, 0.000124, 0.000070, 0.000066
3305, 0.000124, 0.000132, 0.000125
3306, 0.000124, 0.000068, 0.000064
3307, 0.000124, 0.000127, 0.000121
3308, 0.000123, 0.000076, 0.000071
3309, 0.000121, 0.000099, 0.000093
3310, 0.000120, 0.000112, 0.000106
3311, 0.000120, 0.000062, 0.000058
3312, 0.000128, 0.000189, 0.000178
3313, 0.000142, 0.000059, 0.000058
3314, 0.000151, 0.000235, 0.000223
3315, 0.000158, 0.000061, 0.000059
3316, 0.000156, 0.000188, 0.000179
3317, 0.000141, 0.000063, 0.000059
3318, 0.000126, 0.000095, 0.000090
3319, 0.000118, 0.000122, 0.000116
3320, 0.000121, 0.000065, 0.000062
3321, 0.000125, 0.000140, 0.000134
3322, 0.000127, 0.000066, 0.000062
3323, 0.000125, 0.000117, 0.000111
3324, 0.000121, 0.000083, 0.000077
3325, 0.000118, 0.000086, 0.000080
3326, 0.000117, 0.000110, 0.000103
3327, 0.000118, 0.000069, 0.000065
3328, 0.000121, 0.000117, 0.000111
3329, 0.000120, 0.000079, 0.000075
3330, 0.000117, 0.000079, 0.000075
3331, 0.000118, 0.000116, 0.000110
3332, 0.000120, 0.000070, 0.000066
3333, 0.000120, 0.000102, 0.000096
3334, 0.000119, 0.000085, 0.000079
3335, 0.000117, 0.000084, 0.000078
3336, 0.000116, 0.000096, 0.000089
3337, 0.000117, 0.000081, 0.000075
3338, 0.000115, 0.000091, 0.000085
3339, 0.000116, 0.000094, 0.000088
3340, 0.000115, 0.000083, 0.000079
3341, 0.000116, 0.000099, 0.000093
3342, 0.000117, 0.000073, 0.000069
3343, 0.000117, 0.000107, 0.000100
3344, 0.000116, 0.000075, 0.000070
3345, 0.000116, 0.000088, 0.000082
3346, 0.000115, 0.000097, 0.000091
3347, 0.000116, 0.000078, 0.000074
3348, 0.000115, 0.000102, 0.000097
3349, 0.000117, 0.000072, 0.000069
3350, 0.000118, 0.000113, 0.000107
3351, 0.000118, 0.000077, 0.000072
3352, 0.000116, 0.000090, 0.000084
3353, 0.000115, 0.000108, 0.000101
3354, 0.000117, 0.000064, 0.000061
3355, 0.000121, 0.000127, 0.000118
3356, 0.000122, 0.000066, 0.000062
3357, 0.000119, 0.000111, 0.000104
3358, 0.000118, 0.000080, 0.000075
3359, 0.000116, 0.000090, 0.000085
3360, 0.000115, 0.000095, 0.000090
3361, 0.000115, 0.000074, 0.000069
3362, 0.000117, 0.000100, 0.000094
3363, 0.000116, 0.000083, 0.000078
3364, 0.000115, 0.000086, 0.000081
3365, 0.000115, 0.000100, 0.000095
3366, 0.000117, 0.000070, 0.000066
3367, 0.000117, 0.000120, 0.000112
3368, 0.000118, 0.000072, 0.000068
3369, 0.000115, 0.000094, 0.000087
3370, 0.000114, 0.000095, 0.000089
3371, 0.000114, 0.000063, 0.000060
3372, 0.000117, 0.000135, 0.000128
3373, 0.000123, 0.000056, 0.000055
3374, 0.000126, 0.000145, 0.000138
3375, 0.000124, 0.000062, 0.000059
3376, 0.000121, 0.000116, 0.000109
3377, 0.000117, 0.000073, 0.000068
3378, 0.000114, 0.000092, 0.000085
3379, 0.000115, 0.000099, 0.000092
3380, 0.000114, 0.000070, 0.000066
3381, 0.000115, 0.000109, 0.000103
3382, 0.000116, 0.000072, 0.000068
3383, 0.000113, 0.000082, 0.000077
3384, 0.000113, 0.000100, 0.000094
3385, 0.000112, 0.000064, 0.000060
3386, 0.000117, 0.000121, 0.000113
3387, 0.000118, 0.000064, 0.000060
3388, 0.000117, 0.000121, 0.000114
3389, 0.000115, 0.000075, 0.000071
3390, 0.000113, 0.000079, 0.000075
3391, 0.000111, 0.000102, 0.000096
3392, 0.000113, 0.000067, 0.000063
3393, 0.000114, 0.000109, 0.000102
3394, 0.000116, 0.000073, 0.000067
3395, 0.000113, 0.000081, 0.000075
3396, 0.000111, 0.000104, 0.000097
3397, 0.000114, 0.000065, 0.000061
3398, 0.000118, 0.000126, 0.000120
3399, 0.000118, 0.000065, 0.000061
3400, 0.000116, 0.000105, 0.000100
3401, 0.000114, 0.000083, 0.000080
3402, 0.000114, 0.000078, 0.000074
3403, 0.000113, 0.000118, 0.000113
3404, 0.000117, 0.000055, 0.000054
3405, 0.000129, 0.000171, 0.000161
3406, 0.000135, 0.000058, 0.000057
3407, 0.000133, 0.000150, 0.000141
3408, 0.000126, 0.000059, 0.000055
3409, 0.000119, 0.000096, 0.000091
3410, 0.000113, 0.000091, 0.000085
3411, 0.000110, 0.000065, 0.000061
3412, 0.000113, 0.000107, 0.000101
3413, 0.000114, 0.000072, 0.000067
3414, 0.000111, 0.000083, 0.000078
3415, 0.000111, 0.000095, 0.000089
3416, 0.000110, 0.000066, 0.000061
3417, 0.000114, 0.000113, 0.000105
3418, 0.000114, 0.000069, 0.000064
3419, 0.000113, 0.000086, 0.000080
3420, 0.000110, 0.000092, 0.000085
3421, 0.000109, 0.000068, 0.000063
3422, 0.000111, 0.000088, 0.000082
3423, 0.000110, 0.000084, 0.000078
3424, 0.000109, 0.000080, 0.000074
3425, 0.000111, 0.000091, 0.000085
3426, 0.000111, 0.000080, 0.000076
3427, 0.000110, 0.000078, 0.000073
3428, 0.000109, 0.000098, 0.000093
3429, 0.000111, 0.000063, 0.000059
3430, 0.000114, 0.000118, 0.000112
3431, 0.000114, 0.000059, 0.000056
3432, 0.000116, 0.000115, 0.000109
3433, 0.000113, 0.000066, 0.000062
3434, 0.000111, 0.000083, 0.000078
3435, 0.000110, 0.000093, 0.000088
3436, 0.000109, 0.000062, 0.000059
3437, 0.000111, 0.000115, 0.000109
3438, 0.000115, 0.000062, 0.000059
3439, 0.000115, 0.000100, 0.000095
3440, 0.000112, 0.000081, 0.000077
3441, 0.000108, 0.000066, 0.000063
3442, 0.000110, 0.000128, 0.000118
3443, 0.000117, 0.000059, 0.000057
3444, 0.000118, 0.000122, 0.000113
3445, 0.000115, 0.000069, 0.000064
3446, 0.000109, 0.000079, 0.000075
3447, 0.000108, 0.000096, 0.000090
3448, 0.000109, 0.000062, 0.000058
3449, 0.000112, 0.000121, 0.000112
3450, 0.000114, 0.000058, 0.000055
3451, 0.000114, 0.000118, 0.000109
3452, 0.000112, 0.000063, 0.000058
3453, 0.000111, 0.000100, 0.000093
3454, 0.000108, 0.000070, 0.000065
3455, 0.000108, 0.000083, 0.000078
3456, 0.000107, 0.000081, 0.000076
3457, 0.000107, 0.000075, 0.000070
3458, 0.000107, 0.000087, 0.000080
3459, 0.000107, 0.000076, 0.000070
3460, 0.000109, 0.000088, 0.000082
3461, 0.000107, 0.000076, 0.000071
3462, 0.000107, 0.000084, 0.000078
3463, 0.000107, 0.000080, 0.000075
3464, 0.000107, 0.000076, 0.000072
3465, 0.000107, 0.000090, 0.000084
3466, 0.000106, 0.000068, 0.000063
3467, 0.000109, 0.000104, 0.000097
3468, 0.000111, 0.000060, 0.000055
3469, 0.000112, 0.000120, 0.000111
3470, 0.000113, 0.000062, 0.000059
3471, 0.000110, 0.000094, 0.000088
3472, 0.000109, 0.000078, 0.000073
3473, 0.000106, 0.000073, 0.000069
3474, 0.000106, 0.000099, 0.000092
3475, 0.000108, 0.000059, 0.000056
3476, 0.000109, 0.000105, 0.000098
3477, 0.000108, 0.000067, 0.000063
3478, 0.000106, 0.000082, 0.000076
3479, 0.000105, 0.000093, 0.000087
3480, 0.000107, 0.000061, 0.000057
3481, 0.000109, 0.000113, 0.000106
3482, 0.000110, 0.000058, 0.000055
3483, 0.000108, 0.000094, 0.000087
3484, 0.000107, 0.000084, 0.000078
3485, 0.000105, 0.000064, 0.000060
3486, 0.000108, 0.000115, 0.000108
3487, 0.000111, 0.000056, 0.000053
3488, 0.000114, 0.000116, 0.000109
3489, 0.000110, 0.000060, 0.000056
3490, 0.000109, 0.000089, 0.000082
3491, 0.000106, 0.000081, 0.000076
3492, 0.000105, 0.000066, 0.000062
3493, 0.000105, 0.000098, 0.000091
3494, 0.000105, 0.000069, 0.000064
3495, 0.000105, 0.000084, 0.000077
3496, 0.000107, 0.000096, 0.000090
3497, 0.000107, 0.000061, 0.000057
3498, 0.000108, 0.000117, 0.000108
3499, 0.000111, 0.000058, 0.000056
3500, 0.000115, 0.000126, 0.000117
3501, 0.000114, 0.000056, 0.000053
3502, 0.000114, 0.000119, 0.000111
3503, 0.000113, 0.000058, 0.000055
3504, 0.000111, 0.000115, 0.000108
3505, 0.000110, 0.000064, 0.000060
3506, 0.000105, 0.000086, 0.000080
3507, 0.000103, 0.000088, 0.000082
3508, 0.000108, 0.000069, 0.000064
3509, 0.000106, 0.000090, 0.000082
3510, 0.000105, 0.000067, 0.000062
3511, 0.000105, 0.000083, 0.000076
3512, 0.000103, 0.000077, 0.000071
3513, 0.000104, 0.000064, 0.000059
3514, 0.000106, 0.000112, 0.000103
3515, 0.000109, 0.000054, 0.000051
3516, 0.000114, 0.000130, 0.000121
3517, 0.000112, 0.000060, 0.000056
3518, 0.000107, 0.000089, 0.000083
3519, 0.000103, 0.000086, 0.000079
3520, 0.000105, 0.000064, 0.000060
3521, 0.000104, 0.000099, 0.000092
3522, 0.000106, 0.000061, 0.000058
3523, 0.000109, 0.000119, 0.000113
3524, 0.000114, 0.000054, 0.000052
3525, 0.000114, 0.000127, 0.000119
3526, 0.000113, 0.000057, 0.000054
3527, 0.000109, 0.000098, 0.000090
3528, 0.000106, 0.000075, 0.000069
3529, 0.000101, 0.000074, 0.000068
3530, 0.000102, 0.000090, 0.000083
3531, 0.000104, 0.000062, 0.000059
3532, 0.000103, 0.000096, 0.000090
3533, 0.000105, 0.000062, 0.000059
3534, 0.000104, 0.000081, 0.000077
3535, 0.000102, 0.000085, 0.000079
3536, 0.000102, 0.000069, 0.000064
3537, 0.000103, 0.000090, 0.000083
3538, 0.000103, 0.000069, 0.000063
3539, 0.000103, 0.000086, 0.000080
3540, 0.000103, 0.000071, 0.000067
3541, 0.000104, 0.000080, 0.000075
3542, 0.000103, 0.000068, 0.000065
3543, 0.000104, 0.000092, 0.000086
3544, 0.000103, 0.000067, 0.000063
3545, 0.000102, 0.000075, 0.000070
3546, 0.000102, 0.000083, 0.000077
3547, 0.000102, 0.000057, 0.000054
3548, 0.000105, 0.000110, 0.000102
3549, 0.000106, 0.000059, 0.000055
3550, 0.000106, 0.000094, 0.000087
3551, 0.000102, 0.000081, 0.000074
3552, 0.000100, 0.000064, 0.000059
3553, 0.000103, 0.000120, 0.000111
3554, 0.000108, 0.000051, 0.000048
3555, 0.000114, 0.000142, 0.000132
3556, 0.000115, 0.000051, 0.000048
3557, 0.000110, 0.000087, 0.000081
3558, 0.000102, 0.000075, 0.000070
3559, 0.000101, 0.000058, 0.000055
3560, 0.000102, 0.000117, 0.000110
3561, 0.000106, 0.000057, 0.000054
3562, 0.000107, 0.000110, 0.000104
3563, 0.000106, 0.000058, 0.000054
3564, 0.000104, 0.000082, 0.000076
3565, 0.000101, 0.000076, 0.000071
3566, 0.000101, 0.000063, 0.000058
3567, 0.000101, 0.000093, 0.000086
3568, 0.000103, 0.000061, 0.000057
3569, 0.000102, 0.000085, 0.000079
3570, 0.000100, 0.000068, 0.000064
3571, 0.000099, 0.000069, 0.000065
3572, 0.000100, 0.000089, 0.000084
3573, 0.000101, 0.000056, 0.000053
3574, 0.000104, 0.000097, 0.000091
3575, 0.000102, 0.000061, 0.000057
3576, 0.000101, 0.000084, 0.000078
3577, 0.000100, 0.000068, 0.000063
3578, 0.000099, 0.000068, 0.000063
3579, 0.000101, 0.000087, 0.000080
3580, 0.000102, 0.000060, 0.000056
3581, 0.000102, 0.000102, 0.000094
3582, 0.000104, 0.000056, 0.000053
3583, 0.000105, 0.000102, 0.000096
3584, 0.000103, 0.000060, 0.000056
3585, 0.000103, 0.000090, 0.000084
3586, 0.000101, 0.000059, 0.000055
3587, 0.000103, 0.000096, 0.000089
3588, 0.000103, 0.000056, 0.000052
3589, 0.000104, 0.000105, 0.000097
3590, 0.000105, 0.000058, 0.000054
3591, 0.000100, 0.000077, 0.000072
3592, 0.000099, 0.000088, 0.000083
3593, 0.000101, 0.000052, 0.000051
3594, 0.000107, 0.000138, 0.000131
3595, 0.000115, 0.000053, 0.000051
3596, 0.000120, 0.000153, 0.000145
3597, 0.000121, 0.000052, 0.000049
3598, 0.000113, 0.000105, 0.000097
3599, 0.000105, 0.000065, 0.000060
3600, 0.000099, 0.000062, 0.000057
3601, 0.000098, 0.000108, 0.000100
3602, 0.000106, 0.000051, 0.000048
3603, 0.000108, 0.000111, 0.000103
3604, 0.000106, 0.000054, 0.000051
3605, 0.000103, 0.000085, 0.000078
3606, 0.000101, 0.000074, 0.000068
3607, 0.000098, 0.000064, 0.000059
3608, 0.000098, 0.000080, 0.000073
3609, 0.000099, 0.000071, 0.000066
3610, 0.000100, 0.000075, 0.000069
3611, 0.000098, 0.000081, 0.000073
3612, 0.000098, 0.000058, 0.000054
3613, 0.000100, 0.000090, 0.000083
3614, 0.000100, 0.000058, 0.000055
3615, 0.000098, 0.000072, 0.000068
3616, 0.000097, 0.000081, 0.000076
3617, 0.000098, 0.000054, 0.000051
3618, 0.000103, 0.000106, 0.000098
3619, 0.000104, 0.000058, 0.000053
3620, 0.000102, 0.000081, 0.000075
3621, 0.000098, 0.000078, 0.000072
3622, 0.000097, 0.000058, 0.000054
3623, 0.000101, 0.000109, 0.000102
3624, 0.000104, 0.000052, 0.000049
3625, 0.000107, 0.000118, 0.000111
3626, 0.000107, 0.000053, 0.000050
3627, 0.000103, 0.000085, 0.000078
3628, 0.000099, 0.000062, 0.000057
3629, 0.000097, 0.000066, 0.000061
3630, 0.000096, 0.000075, 0.000069
3631, 0.000096, 0.000064, 0.000059
3632, 0.000097, 0.000078, 0.000072
3633, 0.000098, 0.000061, 0.000056
3634, 0.000098, 0.000079, 0.000074
3635, 0.000097, 0.000062, 0.000058
3636, 0.000096, 0.000070, 0.000065
3637, 0.000095, 0.000067, 0.000063
3638, 0.000098, 0.000074, 0.000068
3639, 0.000096, 0.000062, 0.000059
3640, 0.000096, 0.000070, 0.000066
3641, 0.000095, 0.000070, 0.000066
3642, 0.000096, 0.000071, 0.000067
3643, 0.000096, 0.000070, 0.000065
3644, 0.000096, 0.000069, 0.000065
3645, 0.000097, 0.000065, 0.000061
3646, 0.000095, 0.000069, 0.000065
3647, 0.000095, 0.000059, 0.000056
3648, 0.000096, 0.000084, 0.000078
3649, 0.000096, 0.000059, 0.000055
3650, 0.000096, 0.000078, 0.000072
3651, 0.000096, 0.000072, 0.000067
3652, 0.000095, 0.000061, 0.000057
3653, 0.000096, 0.000085, 0.000079
3654, 0.000097, 0.000057, 0.000053
3655, 0.000097, 0.000080, 0.000075
3656, 0.000096, 0.000060, 0.000057
3657, 0.000096, 0.000078, 0.000073
3658, 0.000096, 0.000063, 0.000059
3659, 0.000095, 0.000077, 0.000071
3660, 0.000095, 0.000070, 0.000065
3661, 0.000095, 0.000058, 0.000054
3662, 0.000097, 0.000104, 0.000097
3663, 0.000102, 0.000050, 0.000047
3664, 0.000107, 0.000125, 0.000117
3665, 0.000109, 0.000050, 0.000048
3666, 0.000109, 0.000121, 0.000111
3667, 0.000109, 0.000054, 0.000052
3668, 0.000106, 0.000102, 0.000093
3669, 0.000101, 0.000057, 0.000053
3670, 0.000096, 0.000070, 0.000065
3671, 0.000094, 0.000081, 0.000075
3672, 0.000097, 0.000055, 0.000052
3673, 0.000100, 0.000105, 0.000098
3674, 0.000102, 0.000052, 0.000048
3675, 0.000103, 0.000092, 0.000085
3676, 0.000099, 0.000057, 0.000053
3677, 0.000096, 0.000073, 0.000067
3678, 0.000094, 0.000077, 0.000071
3679, 0.000096, 0.000052, 0.000049
3680, 0.000100, 0.000126, 0.000119
3681, 0.000111, 0.000052, 0.000050
3682, 0.000116, 0.000138, 0.000132
3683, 0.000113, 0.000051, 0.000049
3684, 0.000102, 0.000068, 0.000065
3685, 0.000094, 0.000083, 0.000078
3686, 0.000097, 0.000050, 0.000047
3687, 0.000100, 0.000103, 0.000098
3688, 0.000100, 0.000053, 0.000049
3689, 0.000101, 0.000090, 0.000085
3690, 0.000098, 0.000057, 0.000053
3691, 0.000096, 0.000072, 0.000066
3692, 0.000094, 0.000070, 0.000066
3693, 0.000093, 0.000061, 0.000057
3694, 0.000094, 0.000069, 0.000064
3695, 0.000096, 0.000068, 0.000063
3696, 0.000093, 0.000061, 0.000057
3697, 0.000094, 0.000066, 0.000062
3698, 0.000096, 0.000074, 0.000069
3699, 0.000094, 0.000061, 0.000057
3700, 0.000092, 0.000065, 0.000062
3701, 0.000094, 0.000073, 0.000070
3702, 0.000094, 0.000060, 0.000058
3703, 0.000094, 0.000068, 0.000066
3704, 0.000094, 0.000065, 0.000062
3705, 0.000094, 0.000064, 0.000061
3706, 0.000092, 0.000062, 0.000058
3707, 0.000094, 0.000065, 0.000061
3708, 0.000093, 0.000071, 0.000065
3709, 0.000094, 0.000061, 0.000057
3710, 0.000093, 0.000081, 0.000076
3711, 0.000094, 0.000055, 0.000052
3712, 0.000097, 0.000093, 0.000088
3713, 0.000098, 0.000051, 0.000049
3714, 0.000103, 0.000113, 0.000107
3715, 0.000104, 0.000050, 0.000048
3716, 0.000102, 0.000098, 0.000092
3717, 0.000098, 0.000055, 0.000052
3718, 0.000094, 0.000064, 0.000060
3719, 0.000093, 0.000087, 0.000081
3720, 0.000094, 0.000050, 0.000048
3721, 0.000099, 0.000102, 0.000094
3722, 0.000099, 0.000055, 0.000051
3723, 0.000094, 0.000066, 0.000061
3724, 0.000092, 0.000084, 0.000078
3725, 0.000096, 0.000049, 0.000046
3726, 0.000101, 0.000104, 0.000098
3727, 0.000101, 0.000050, 0.000048
3728, 0.000100, 0.000082, 0.000077
3729, 0.000094, 0.000064, 0.000060
3730, 0.000092, 0.000055, 0.000052
3731, 0.000093, 0.000097, 0.000090
3732, 0.000099, 0.000051, 0.000048
3733, 0.000103, 0.000106, 0.000098
3734, 0.000101, 0.000051, 0.000049
3735, 0.000095, 0.000070, 0.000065
3736, 0.000092, 0.000077, 0.000073
3737, 0.000095, 0.000055, 0.000051
3738, 0.000096, 0.000096, 0.000089
3739, 0.000098, 0.000052, 0.000050
3740, 0.000099, 0.000102, 0.000096
3741, 0.000101, 0.000051, 0.000049
3742, 0.000098, 0.000087, 0.000082
3743, 0.000095, 0.000056, 0.000052
3744, 0.000091, 0.000057, 0.000053
3745, 0.000090, 0.000083, 0.000078
3746, 0.000095, 0.000051, 0.000048
3747, 0.000098, 0.000091, 0.000085
3748, 0.000096, 0.000053, 0.000050
3749, 0.000094, 0.000074, 0.000070
3750, 0.000091, 0.000061, 0.000057
3751, 0.000091, 0.000061, 0.000057
3752, 0.000091, 0.000071, 0.000066
3753, 0.000090, 0.000059, 0.000055
3754, 0.000091, 0.000067, 0.000063
3755, 0.000090, 0.000066, 0.000062
3756, 0.000091, 0.000053, 0.000050
3757, 0.000093, 0.000093, 0.000087
3758, 0.000097, 0.000050, 0.000048
3759, 0.000101, 0.000112, 0.000106
3760, 0.000104, 0.000051, 0.000049
3761, 0.000097, 0.000075, 0.000070
3762, 0.000091, 0.000069, 0.000064
3763, 0.000090, 0.000051, 0.000047
3764, 0.000095, 0.000106, 0.000098
3765, 0.000101, 0.000050, 0.000047
3766, 0.000101, 0.000096, 0.000089
3767, 0.000097, 0.000052, 0.000048
3768, 0.000096, 0.000073, 0.000068
3769, 0.000091, 0.000062, 0.000057
3770, 0.000090, 0.000057, 0.000053
3771, 0.000091, 0.000081, 0.000075
3772, 0.000094, 0.000052, 0.000048
3773, 0.000095, 0.000076, 0.000071
3774, 0.000092, 0.000061, 0.000057
3775, 0.000091, 0.000055, 0.000052
3776, 0.000091, 0.000085, 0.000080
3777, 0.000095, 0.000050, 0.000048
3778, 0.000097, 0.000091, 0.000084
3779, 0.000096, 0.000054, 0.000051
3780, 0.000092, 0.000065, 0.000059
3781, 0.000090, 0.000071, 0.000066
3782, 0.000090, 0.000053, 0.000050
3783, 0.000092, 0.000076, 0.000071
3784, 0.000091, 0.000058, 0.000055
3785, 0.000090, 0.000055, 0.000052
3786, 0.000090, 0.000076, 0.000072
3787, 0.000091, 0.000051, 0.000048
3788, 0.000092, 0.000074, 0.000071
3789, 0.000091, 0.000056, 0.000053
3790, 0.000090, 0.000060, 0.000056
3791, 0.000089, 0.000075, 0.000072
3792, 0.000092, 0.000052, 0.000050
3793, 0.000099, 0.000118, 0.000112
3794, 0.000106, 0.000050, 0.000048
3795, 0.000101, 0.000087, 0.000080
3796, 0.000094, 0.000057, 0.000053
3797, 0.000089, 0.000053, 0.000050
3798, 0.000090, 0.000075, 0.000070
3799, 0.000092, 0.000053, 0.000050
3800, 0.000090, 0.000065, 0.000061
3801, 0.000089, 0.000067, 0.000064
3802, 0.000089, 0.000051, 0.000048
3803, 0.000091, 0.000074, 0.000070
3804, 0.000090, 0.000057, 0.000055
3805, 0.000090, 0.000062, 0.000060
3806, 0.000090, 0.000067, 0.000063
3807, 0.000089, 0.000051, 0.000048
3808, 0.000091, 0.000076, 0.000072
3809, 0.000092, 0.000052, 0.000049
3810, 0.000090, 0.000073, 0.000068
3811, 0.000089, 0.000055, 0.000052
3812, 0.000089, 0.000069, 0.000065
3813, 0.000088, 0.000053, 0.000050
3814, 0.000090, 0.000068, 0.000065
3815, 0.000089, 0.000065, 0.000061
3816, 0.000088, 0.000054, 0.000050
3817, 0.000090, 0.000084, 0.000079
3818, 0.000092, 0.000052, 0.000049
3819, 0.000092, 0.000073, 0.000068
3820, 0.000090, 0.000053, 0.000050
3821, 0.000087, 0.000056, 0.000052
3822, 0.000087, 0.000073, 0.000069
3823, 0.000090, 0.000052, 0.000049
3824, 0.000090, 0.000074, 0.000069
3825, 0.000088, 0.000055, 0.000052
3826, 0.000089, 0.000069, 0.000064
3827, 0.000088, 0.000054, 0.000050
3828, 0.000088, 0.000069, 0.000066
3829, 0.000089, 0.000055, 0.000051
3830, 0.000088, 0.000063, 0.000059
3831, 0.000087, 0.000061, 0.000058
3832, 0.000087, 0.000059, 0.000055
3833, 0.000088, 0.000069, 0.000065
3834, 0.000087, 0.000053, 0.000050
3835, 0.000090, 0.000073, 0.000069
3836, 0.000089, 0.000054, 0.000052
3837, 0.000088, 0.000062, 0.000058
3838, 0.000087, 0.000059, 0.000056
3839, 0.000087, 0.000063, 0.000059
3840, 0.000087, 0.000063, 0.000058
3841, 0.000087, 0.000054, 0.000051
3842, 0.000086, 0.000066, 0.000062
3843, 0.000087, 0.000056, 0.000053
3844, 0.000086, 0.000061, 0.000057
3845, 0.000087, 0.000061, 0.000057
3846, 0.000087, 0.000064, 0.000061
3847, 0.000087, 0.000055, 0.000052
3848, 0.000087, 0.000066, 0.000062
3849, 0.000087, 0.000054, 0.000051
3850, 0.000087, 0.000071, 0.000067
3851, 0.000088, 0.000049, 0.000047
3852, 0.000091, 0.000092, 0.000087
3853, 0.000094, 0.000049, 0.000047
3854, 0.000095, 0.000083, 0.000078
3855, 0.000092, 0.000050, 0.000047
3856, 0.000089, 0.000068, 0.000064
3857, 0.000087, 0.000061, 0.000058
3858, 0.000086, 0.000055, 0.000053
3859, 0.000088, 0.000080, 0.000075
3860, 0.000089, 0.000050, 0.000048
3861, 0.000092, 0.000081, 0.000076
3862, 0.000090, 0.000051, 0.000048
3863, 0.000087, 0.000057, 0.000053
3864, 0.000086, 0.000071, 0.000066
3865, 0.000087, 0.000052, 0.000051
3866, 0.000090, 0.000082, 0.000076
3867, 0.000090, 0.000051, 0.000048
3868, 0.000087, 0.000063, 0.000058
3869, 0.000086, 0.000071, 0.000065
3870, 0.000087, 0.000049, 0.000048
3871, 0.000095, 0.000110, 0.000103
3872, 0.000102, 0.000052, 0.000051
3873, 0.000104, 0.000108, 0.000102
3874, 0.000103, 0.000050, 0.000047
3875, 0.000096, 0.000077, 0.000072
3876, 0.000088, 0.000058, 0.000055
3877, 0.000086, 0.000055, 0.000051
3878, 0.000089, 0.000091, 0.000085
3879, 0.000093, 0.000049, 0.000046
3880, 0.000093, 0.000083, 0.000077
3881, 0.000091, 0.000053, 0.000050
3882, 0.000089, 0.000062, 0.000058
3883, 0.000086, 0.000064, 0.000061
3884, 0.000086, 0.000049, 0.000048
3885, 0.000088, 0.000078, 0.000074
3886, 0.000089, 0.000053, 0.000051
3887, 0.000085, 0.000056, 0.000053
3888, 0.000084, 0.000073, 0.000068
3889, 0.000088, 0.000050, 0.000047
3890, 0.000090, 0.000080, 0.000074
3891, 0.000088, 0.000053, 0.000050
3892, 0.000085, 0.000056, 0.000053
3893, 0.000085, 0.000066, 0.000062
3894, 0.000087, 0.000053, 0.000051
3895, 0.000087, 0.000071, 0.000067
3896, 0.000086, 0.000052, 0.000049
3897, 0.000086, 0.000066, 0.000063
3898, 0.000086, 0.000051, 0.000048
3899, 0.000086, 0.000068, 0.000063
3900, 0.000085, 0.000052, 0.000049
3901, 0.000086, 0.000069, 0.000065
3902, 0.000084, 0.000051, 0.000048
3903, 0.000085, 0.000066, 0.000061
3904, 0.000086, 0.000054, 0.000050
3905, 0.000084, 0.000065, 0.000061
3906, 0.000084, 0.000056, 0.000052
3907, 0.000085, 0.000055, 0.000052
3908, 0.000085, 0.000070, 0.000065
3909, 0.000086, 0.000050, 0.000047
3910, 0.000087, 0.000068, 0.000063
3911, 0.000086, 0.000054, 0.000051
3912, 0.000084, 0.000056, 0.000052
3913, 0.000084, 0.000065, 0.000061
3914, 0.000084, 0.000052, 0.000050
3915, 0.000084, 0.000063, 0.000059
3916, 0.000084, 0.000051, 0.000048
3917, 0.000085, 0.000063, 0.000059
3918, 0.000085, 0.000054, 0.000050
3919, 0.000085, 0.000067, 0.000063
3920, 0.000085, 0.000055, 0.000051
3921, 0.000084, 0.000066, 0.000061
3922, 0.000084, 0.000050, 0.000048
3923, 0.000086, 0.000072, 0.000067
3924, 0.000086, 0.000047, 0.000044
3925, 0.000086, 0.000067, 0.000063
3926, 0.000085, 0.000052, 0.000047
3927, 0.000084, 0.000059, 0.000055
3928, 0.000083, 0.000059, 0.000054
3929, 0.000083, 0.000057, 0.000053
3930, 0.000084, 0.000062, 0.000057
3931, 0.000084, 0.000058, 0.000054
3932, 0.000083, 0.000054, 0.000050
3933, 0.000083, 0.000076, 0.000071
3934, 0.000087, 0.000048, 0.000046
3935, 0.000092, 0.000100, 0.000094
3936, 0.000097, 0.000053, 0.000051
3937, 0.000101, 0.000103, 0.000098
3938, 0.000098, 0.000049, 0.000046
3939, 0.000089, 0.000062, 0.000059
3940, 0.000084, 0.000069, 0.000065
3941, 0.000086, 0.000050, 0.000047
3942, 0.000094, 0.000109, 0.000103
3943, 0.000101, 0.000053, 0.000051
3944, 0.000100, 0.000095, 0.000087
3945, 0.000093, 0.000049, 0.000046
3946, 0.000087, 0.000058, 0.000054
3947, 0.000083, 0.000067, 0.000063
3948, 0.000084, 0.000048, 0.000046
3949, 0.000090, 0.000093, 0.000087
3950, 0.000095, 0.000050, 0.000049
3951, 0.000095, 0.000086, 0.000080
3952, 0.000090, 0.000050, 0.000046
3953, 0.000084, 0.000054, 0.000049
3954, 0.000082, 0.000061, 0.000056
3955, 0.000083, 0.000049, 0.000046
3956, 0.000085, 0.000075, 0.000071
3957, 0.000087, 0.000048, 0.000047
3958, 0.000086, 0.000063, 0.000059
3959, 0.000083, 0.000056, 0.000053
3960, 0.000082, 0.000049, 0.000046
3961, 0.000084, 0.000073, 0.000068
3962, 0.000086, 0.000048, 0.000046
3963, 0.000086, 0.000065, 0.000061
3964, 0.000084, 0.000052, 0.000049
3965, 0.000082, 0.000050, 0.000048
3966, 0.000082, 0.000073, 0.000068
3967, 0.000087, 0.000049, 0.000048
3968, 0.000090, 0.000090, 0.000082
3969, 0.000092, 0.000049, 0.000047
3970, 0.000087, 0.000060, 0.000056
3971, 0.000084, 0.000065, 0.000060
3972, 0.000084, 0.000047, 0.000045
3973, 0.000088, 0.000083, 0.000079
3974, 0.000091, 0.000051, 0.000048
3975, 0.000089, 0.000066, 0.000063
3976, 0.000085, 0.000055, 0.000052
3977, 0.000082, 0.000053, 0.000050
3978, 0.000083, 0.000080, 0.000076
3979, 0.000090, 0.000052, 0.000051
3980, 0.000095, 0.000089, 0.000083
3981, 0.000093, 0.000048, 0.000047
3982, 0.000086, 0.000056, 0.000051
3983, 0.000082, 0.000075, 0.000071
3984, 0.000088, 0.000053, 0.000051
3985, 0.000097, 0.000101, 0.000094
3986, 0.000096, 0.000049, 0.000048
3987, 0.000087, 0.000055, 0.000052
3988, 0.000082, 0.000073, 0.000069
3989, 0.000085, 0.000050, 0.000049
3990, 0.000092, 0.000087, 0.000082
3991, 0.000090, 0.000047, 0.000046
3992, 0.000083, 0.000049, 0.000047
3993, 0.000081, 0.000073, 0.000068
3994, 0.000087, 0.000049, 0.000048
3995, 0.000089, 0.000078, 0.000073
3996, 0.000086, 0.000052, 0.000049
3997, 0.000083, 0.000054, 0.000052
3998, 0.000081, 0.000062, 0.000059
3999, 0.000081, 0.000048, 0.000046
4000, 0.000083, 0.000057, 0.000054
4001, 0.000081, 0.000053, 0.000050
4002, 0.000080, 0.000049, 0.000046
4003, 0.000082, 0.000061, 0.000057
4004, 0.000083, 0.000051, 0.000048
4005, 0.000082, 0.000056, 0.000054
4006, 0.000080, 0.000061, 0.000058
4007, 0.000081, 0.000049, 0.000048
4008, 0.000083, 0.000067, 0.000065
4009, 0.000084, 0.000049, 0.000047
4010, 0.000083, 0.000060, 0.000057
4011, 0.000081, 0.000052, 0.000049
4012, 0.000081, 0.000051, 0.000047
4013, 0.000081, 0.000064, 0.000059
4014, 0.000082, 0.000048, 0.000046
4015, 0.000083, 0.000061, 0.000057
4016, 0.000082, 0.000052, 0.000051
4017, 0.000080, 0.000051, 0.000049
4018, 0.000080, 0.000067, 0.000063
4019, 0.000083, 0.000048, 0.000047
4020, 0.000085, 0.000068, 0.000064
4021, 0.000085, 0.000049, 0.000046
4022, 0.000083, 0.000059, 0.000056
4023, 0.000082, 0.000053, 0.000050
4024, 0.000081, 0.000051, 0.000048
4025, 0.000079, 0.000060, 0.000057
4026, 0.000081, 0.000054, 0.000051
4027, 0.000081, 0.000057, 0.000053
4028, 0.000079, 0.000054, 0.000052
4029, 0.000081, 0.000053, 0.000051
4030, 0.000080, 0.000057, 0.000054
4031, 0.000079, 0.000051, 0.000049
4032, 0.000079, 0.000052, 0.000049
4033, 0.000080, 0.000062, 0.000059
4034, 0.000082, 0.000049, 0.000046
4035, 0.000083, 0.000075, 0.000070
4036, 0.000086, 0.000049, 0.000047
4037, 0.000087, 0.000069, 0.000063
4038, 0.000083, 0.000052, 0.000048
4039, 0.000080, 0.000048, 0.000045
4040, 0.000081, 0.000072, 0.000067
4041, 0.000084, 0.000048, 0.000045
4042, 0.000083, 0.000059, 0.000055
4043, 0.000080, 0.000057, 0.000053
4044, 0.000079, 0.000047, 0.000045
4045, 0.000083, 0.000071, 0.000067
4046, 0.000084, 0.000047, 0.000046
4047, 0.000085, 0.000073, 0.000070
4048, 0.000085, 0.000051, 0.000048
4049, 0.000083, 0.000054, 0.000051
4050, 0.000079, 0.000063, 0.000060
4051, 0.000081, 0.000051, 0.000048
4052, 0.000088, 0.000086, 0.000080
4053, 0.000092, 0.000049, 0.000047
4054, 0.000091, 0.000072, 0.000066
4055, 0.000084, 0.000049, 0.000046
4056, 0.000081, 0.000051, 0.000048
4057, 0.000080, 0.000060, 0.000056
4058, 0.000080, 0.000048, 0.000047
4059, 0.000079, 0.000053, 0.000051
4060, 0.000079, 0.000050, 0.000048
4061, 0.000078, 0.000058, 0.000054
4062, 0.000079, 0.000050, 0.000047
4063, 0.000079, 0.000054, 0.000050
4064, 0.000079, 0.000050, 0.000047
4065, 0.000078, 0.000051, 0.000048
4066, 0.000078, 0.000052, 0.000049
4067, 0.000079, 0.000053, 0.000050
4068, 0.000077, 0.000052, 0.000050
4069, 0.000079, 0.000052, 0.000049
4070, 0.000078, 0.000054, 0.000051
4071, 0.000078, 0.000052, 0.000050
4072, 0.000079, 0.000051, 0.000048
4073, 0.000079, 0.000053, 0.000050
4074, 0.000078, 0.000048, 0.000046
4075, 0.000078, 0.000055, 0.000052
4076, 0.000079, 0.000050, 0.000048
4077, 0.000079, 0.000057, 0.000053
4078, 0.000078, 0.000051, 0.000048
4079, 0.000078, 0.000058, 0.000055
4080, 0.000080, 0.000050, 0.000047
4081, 0.000080, 0.000054, 0.000051
4082, 0.000078, 0.000048, 0.000047
4083, 0.000078, 0.000053, 0.000051
4084, 0.000078, 0.000052, 0.000050
4085, 0.000078, 0.000052, 0.000049
4086, 0.000078, 0.000053, 0.000049
4087, 0.000077, 0.000050, 0.000047
4088, 0.000078, 0.000051, 0.000048
4089, 0.000079, 0.000061, 0.000057
4090, 0.000079, 0.000048, 0.000046
4091, 0.000080, 0.000064, 0.000061
4092, 0.000080, 0.000047, 0.000046
4093, 0.000079, 0.000053, 0.000051
4094, 0.000077, 0.000054, 0.000051
4095, 0.000077, 0.000047, 0.000045
4096, 0.000078, 0.000055, 0.000051
4097, 0.000078, 0.000049, 0.000046
4098, 0.000078, 0.000052, 0.000050
4099, 0.000077, 0.000059, 0.000055
4100, 0.000077, 0.000049, 0.000047
4101, 0.000079, 0.000067, 0.000063
4102, 0.000081, 0.000048, 0.000046
4103, 0.000081, 0.000063, 0.000060
4104, 0.000079, 0.000048, 0.000045
4105, 0.000078, 0.000057, 0.000053
4106, 0.000078, 0.000048, 0.000045
4107, 0.000077, 0.000053, 0.000050
4108, 0.000077, 0.000053, 0.000050
4109, 0.000077, 0.000053, 0.000050
4110, 0.000076, 0.000052, 0.000048
4111, 0.000077, 0.000055, 0.000051
4112, 0.000078, 0.000051, 0.000048
4113, 0.000077, 0.000056, 0.000053
4114, 0.000077, 0.000049, 0.000047
4115, 0.000077, 0.000054, 0.000051
4116, 0.000078, 0.000047, 0.000045
4117, 0.000077, 0.000054, 0.000051
4118, 0.000077, 0.000049, 0.000047
4119, 0.000079, 0.000060, 0.000057
4120, 0.000078, 0.000049, 0.000047
4121, 0.000078, 0.000059, 0.000056
4122, 0.000077, 0.000048, 0.000046
4123, 0.000078, 0.000057, 0.000053
4124, 0.000077, 0.000051, 0.000048
4125, 0.000077, 0.000051, 0.000048
4126, 0.000077, 0.000063, 0.000058
4127, 0.000079, 0.000051, 0.000050
4128, 0.000083, 0.000071, 0.000067
4129, 0.000083, 0.000049, 0.000049
4130, 0.000083, 0.000072, 0.000069
4131, 0.000085, 0.000051, 0.000050
4132, 0.000081, 0.000061, 0.000057
4133, 0.000077, 0.000053, 0.000051
4134, 0.000078, 0.000053, 0.000050
4135, 0.000079, 0.000062, 0.000059
4136, 0.000080, 0.000047, 0.000046
4137, 0.000081, 0.000076, 0.000071
4138, 0.000085, 0.000051, 0.000050
4139, 0.000084, 0.000070, 0.000065
4140, 0.000081, 0.000050, 0.000047
4141, 0.000078, 0.000055, 0.000051
4142, 0.000076, 0.000054, 0.000051
4143, 0.000077, 0.000048, 0.000046
4144, 0.000077, 0.000063, 0.000060
4145, 0.000079, 0.000050, 0.000048
4146, 0.000083, 0.000069, 0.000065
4147, 0.000082, 0.000048, 0.000047
4148, 0.000080, 0.000068, 0.000063
4149, 0.000081, 0.000054, 0.000052
4150, 0.000080, 0.000054, 0.000050
4151, 0.000077, 0.000064, 0.000060
4152, 0.000077, 0.000050, 0.000050
4153, 0.000084, 0.000079, 0.000074
4154, 0.000087, 0.000049, 0.000048
4155, 0.000083, 0.000066, 0.000062
4156, 0.000079, 0.000050, 0.000048
4157, 0.000077, 0.000049, 0.000048
4158, 0.000077, 0.000063, 0.000061
4159, 0.000079, 0.000048, 0.000048
4160, 0.000081, 0.000069, 0.000065
4161, 0.000081, 0.000048, 0.000047
4162, 0.000078, 0.000054, 0.000051
4163, 0.000075, 0.000056, 0.000053
4164, 0.000076, 0.000049, 0.000049
4165, 0.000081, 0.000080, 0.000074
4166, 0.000086, 0.000052, 0.000051
4167, 0.000087, 0.000078, 0.000072
4168, 0.000084, 0.000048, 0.000046
4169, 0.000077, 0.000051, 0.000047
4170, 0.000075, 0.000059, 0.000055
4171, 0.000077, 0.000051, 0.000049
4172, 0.000085, 0.000086, 0.000080
4173, 0.000089, 0.000051, 0.000050
4174, 0.000087, 0.000066, 0.000061
4175, 0.000079, 0.000048, 0.000046
4176, 0.000076, 0.000049, 0.000047
4177, 0.000075, 0.000056, 0.000053
4178, 0.000075, 0.000046, 0.000045
4179, 0.000079, 0.000066, 0.000062
4180, 0.000080, 0.000048, 0.000047
4181, 0.000080, 0.000062, 0.000059
4182, 0.000078, 0.000048, 0.000046
4183, 0.000076, 0.000049, 0.000048
4184, 0.000075, 0.000050, 0.000048
4185, 0.000074, 0.000048, 0.000045
4186, 0.000075, 0.000052, 0.000048
4187, 0.000074, 0.000050, 0.000047
4188, 0.000074, 0.000050, 0.000047
4189, 0.000075, 0.000054, 0.000052
4190, 0.000074, 0.000047, 0.000046
4191, 0.000074, 0.000053, 0.000052
4192, 0.000076, 0.000048, 0.000047
4193, 0.000075, 0.000049, 0.000048
4194, 0.000074, 0.000051, 0.000050
4195, 0.000074, 0.000049, 0.000047
4196, 0.000075, 0.000058, 0.000056
4197, 0.000077, 0.000047, 0.000046
4198, 0.000075, 0.000051, 0.000049
4199, 0.000073, 0.000051, 0.000049
4200, 0.000074, 0.000047, 0.000046
4201, 0.000076, 0.000069, 0.000066
4202, 0.000080, 0.000050, 0.000048
4203, 0.000082, 0.000065, 0.000061
4204, 0.000080, 0.000049, 0.000047
4205, 0.000078, 0.000050, 0.000048
4206, 0.000075, 0.000055, 0.000052
4207, 0.000075, 0.000047, 0.000046
4208, 0.000077, 0.000061, 0.000058
4209, 0.000077, 0.000050, 0.000048
4210, 0.000077, 0.000056, 0.000054
4211, 0.000075, 0.000049, 0.000047
4212, 0.000073, 0.000049, 0.000046
4213, 0.000076, 0.000058, 0.000056
4214, 0.000077, 0.000048, 0.000046
4215, 0.000076, 0.000056, 0.000053
4216, 0.000075, 0.000049, 0.000048
4217, 0.000074, 0.000050, 0.000048
4218, 0.000074, 0.000053, 0.000051
4219, 0.000074, 0.000047, 0.000046
4220, 0.000076, 0.000060, 0.000057
4221, 0.000076, 0.000048, 0.000046
4222, 0.000076, 0.000054, 0.000051
4223, 0.000074, 0.000048, 0.000046
4224, 0.000073, 0.000049, 0.000047
4225, 0.000075, 0.000057, 0.000054
4226, 0.000076, 0.000048, 0.000046
4227, 0.000075, 0.000061, 0.000058
4228, 0.000076, 0.000049, 0.000048
4229, 0.000077, 0.000058, 0.000055
4230, 0.000075, 0.000047, 0.000046
4231, 0.000073, 0.000053, 0.000050
4232, 0.000074, 0.000047, 0.000045
4233, 0.000073, 0.000049, 0.000047
4234, 0.000073, 0.000054, 0.000052
4235, 0.000074, 0.000046, 0.000045
4236, 0.000074, 0.000054, 0.000052
4237, 0.000074, 0.000049, 0.000047
4238, 0.000073, 0.000049, 0.000047
4239, 0.000075, 0.000064, 0.000060
4240, 0.000075, 0.000048, 0.000046
4241, 0.000075, 0.000056, 0.000053
4242, 0.000074, 0.000049, 0.000046
4243, 0.000072, 0.000048, 0.000045
4244, 0.000074, 0.000062, 0.000058
4245, 0.000076, 0.000049, 0.000048
4246, 0.000077, 0.000063, 0.000061
4247, 0.000077, 0.000047, 0.000046
4248, 0.000075, 0.000050, 0.000049
4249, 0.000073, 0.000048, 0.000046
4250, 0.000072, 0.000049, 0.000047
4251, 0.000073, 0.000053, 0.000049
4252, 0.000074, 0.000052, 0.000049
4253, 0.000073, 0.000056, 0.000053
4254, 0.000074, 0.000049, 0.000048
4255, 0.000076, 0.000066, 0.000062
4256, 0.000078, 0.000047, 0.000046
4257, 0.000076, 0.000060, 0.000055
4258, 0.000074, 0.000047, 0.000045
4259, 0.000073, 0.000049, 0.000046
4260, 0.000072, 0.000054, 0.000050
4261, 0.000072, 0.000049, 0.000048
4262, 0.000074, 0.000053, 0.000052
4263, 0.000073, 0.000048, 0.000047
4264, 0.000071, 0.000049, 0.000047
4265, 0.000073, 0.000055, 0.000051
4266, 0.000074, 0.000050, 0.000046
4267, 0.000074, 0.000054, 0.000051
4268, 0.000073, 0.000049, 0.000046
4269, 0.000073, 0.000055, 0.000053
4270, 0.000075, 0.000048, 0.000047
4271, 0.000074, 0.000053, 0.000050
4272, 0.000073, 0.000047, 0.000045
4273, 0.000071, 0.000050, 0.000047
4274, 0.000072, 0.000049, 0.000045
4275, 0.000072, 0.000050, 0.000046
4276, 0.000070, 0.000048, 0.000047
4277, 0.000072, 0.000054, 0.000051
4278, 0.000072, 0.000048, 0.000047
4279, 0.000072, 0.000057, 0.000055
4280, 0.000073, 0.000050, 0.000048
4281, 0.000074, 0.000059, 0.000056
4282, 0.000074, 0.000047, 0.000046
4283, 0.000074, 0.000054, 0.000051
4284, 0.000072, 0.000047, 0.000045
4285, 0.000073, 0.000051, 0.000050
4286, 0.000073, 0.000050, 0.000048
4287, 0.000071, 0.000051, 0.000049
4288, 0.000071, 0.000050, 0.000047
4289, 0.000071, 0.000050, 0.000047
4290, 0.000071, 0.000049, 0.000046
4291, 0.000072, 0.000047, 0.000044
4292, 0.000071, 0.000049, 0.000046
4293, 0.000071, 0.000047, 0.000045
4294, 0.000071, 0.000051, 0.000048
4295, 0.000071, 0.000048, 0.000046
4296, 0.000072, 0.000057, 0.000054
4297, 0.000072, 0.000048, 0.000045
4298, 0.000072, 0.000055, 0.000052
4299, 0.000073, 0.000047, 0.000046
4300, 0.000073, 0.000057, 0.000055
4301, 0.000074, 0.000048, 0.000047
4302, 0.000076, 0.000065, 0.000062
4303, 0.000078, 0.000053, 0.000052
4304, 0.000083, 0.000078, 0.000074
4305, 0.000084, 0.000054, 0.000053
4306, 0.000081, 0.000072, 0.000066
4307, 0.000080, 0.000050, 0.000048
4308, 0.000076, 0.000058, 0.000053
4309, 0.000074, 0.000049, 0.000047
4310, 0.000071, 0.000048, 0.000047
4311, 0.000071, 0.000057, 0.000055
4312, 0.000074, 0.000051, 0.000051
4313, 0.000078, 0.000076, 0.000072
4314, 0.000084, 0.000059, 0.000057
4315, 0.000087, 0.000083, 0.000078
4316, 0.000091, 0.000063, 0.000063
4317, 0.000092, 0.000095, 0.000088
4318, 0.000094, 0.000060, 0.000061
4319, 0.000088, 0.000071, 0.000065
4320, 0.000079, 0.000047, 0.000045
4321, 0.000072, 0.000047, 0.000045
4322, 0.000072, 0.000076, 0.000068
4323, 0.000083, 0.000059, 0.000059
4324, 0.000087, 0.000075, 0.000069
4325, 0.000083, 0.000051, 0.000050
4326, 0.000075, 0.000051, 0.000050
4327, 0.000072, 0.000054, 0.000051
4328, 0.000071, 0.000049, 0.000048
4329, 0.000074, 0.000057, 0.000053
4330, 0.000075, 0.000047, 0.000045
4331, 0.000072, 0.000049, 0.000046
4332, 0.000070, 0.000052, 0.000050
4333, 0.000071, 0.000048, 0.000048
4334, 0.000074, 0.000065, 0.000062
4335, 0.000078, 0.000052, 0.000052
4336, 0.000078, 0.000062, 0.000058
4337, 0.000075, 0.000048, 0.000045
4338, 0.000072, 0.000047, 0.000045
4339, 0.000071, 0.000061, 0.000057
4340, 0.000074, 0.000048, 0.000048
4341, 0.000076, 0.000057, 0.000054
4342, 0.000074, 0.000047, 0.000046
4343, 0.000071, 0.000049, 0.000046
4344, 0.000070, 0.000054, 0.000049
4345, 0.000070, 0.000049, 0.000046
4346, 0.000074, 0.000058, 0.000053
4347, 0.000074, 0.000048, 0.000046
4348, 0.000074, 0.000056, 0.000053
4349, 0.000071, 0.000048, 0.000047
4350, 0.000071, 0.000049, 0.000047
4351, 0.000070, 0.000056, 0.000053
4352, 0.000073, 0.000048, 0.000048
4353, 0.000075, 0.000057, 0.000053
4354, 0.000075, 0.000049, 0.000047
4355, 0.000074, 0.000055, 0.000052
4356, 0.000073, 0.000049, 0.000046
4357, 0.000070, 0.000049, 0.000047
4358, 0.000070, 0.000058, 0.000054
4359, 0.000074, 0.000050, 0.000049
4360, 0.000074, 0.000055, 0.000053
4361, 0.000073, 0.000047, 0.000046
4362, 0.000072, 0.000051, 0.000049
4363, 0.000070, 0.000049, 0.000046
4364, 0.000069, 0.000046, 0.000044
4365, 0.000071, 0.000054, 0.000050
4366, 0.000071, 0.000047, 0.000045
4367, 0.000071, 0.000052, 0.000050
4368, 0.000071, 0.000049, 0.000047
4369, 0.000070, 0.000050, 0.000048
4370, 0.000069, 0.000049, 0.000048
4371, 0.000069, 0.000048, 0.000046
4372, 0.000069, 0.000050, 0.000048
4373, 0.000070, 0.000048, 0.000046
4374, 0.000071, 0.000051, 0.000048
4375, 0.000070, 0.000046, 0.000045
4376, 0.000070, 0.000051, 0.000048
4377, 0.000069, 0.000047, 0.000046
4378, 0.000068, 0.000047, 0.000046
4379, 0.000070, 0.000056, 0.000052
4380, 0.000071, 0.000047, 0.000046
4381, 0.000072, 0.000060, 0.000056
4382, 0.000074, 0.000049, 0.000047
4383, 0.000073, 0.000051, 0.000048
4384, 0.000069, 0.000048, 0.000047
4385, 0.000070, 0.000049, 0.000046
4386, 0.000070, 0.000053, 0.000050
4387, 0.000069, 0.000048, 0.000047
4388, 0.000070, 0.000051, 0.000048
4389, 0.000070, 0.000046, 0.000044
4390, 0.000069, 0.000045, 0.000044
4391, 0.000068, 0.000049, 0.000046
4392, 0.000068, 0.000045, 0.000043
4393, 0.000069, 0.000049, 0.000047
4394, 0.000069, 0.000046, 0.000044
4395, 0.000068, 0.000048, 0.000046
4396, 0.000068, 0.000049, 0.000047
4397, 0.000069, 0.000047, 0.000046
4398, 0.000070, 0.000050, 0.000048
4399, 0.000069, 0.000049, 0.000048
4400, 0.000071, 0.000053, 0.000051
4401, 0.000071, 0.000046, 0.000045
4402, 0.000069, 0.000048, 0.000045
4403, 0.000069, 0.000050, 0.000047
4404, 0.000070, 0.000049, 0.000047
4405, 0.000070, 0.000052, 0.000049
4406, 0.000069, 0.000047, 0.000046
4407, 0.000070, 0.000050, 0.000048
4408, 0.000068, 0.000048, 0.000046
4409, 0.000067, 0.000048, 0.000046
4410, 0.000068, 0.000055, 0.000052
4411, 0.000071, 0.000048, 0.000047
4412, 0.000070, 0.000052, 0.000049
4413, 0.000070, 0.000047, 0.000046
4414, 0.000068, 0.000046, 0.000044
4415, 0.000069, 0.000055, 0.000051
4416, 0.000071, 0.000049, 0.000048
4417, 0.000071, 0.000052, 0.000048
4418, 0.000069, 0.000051, 0.000048
4419, 0.000068, 0.000049, 0.000049
4420, 0.000072, 0.000067, 0.000064
4421, 0.000076, 0.000055, 0.000055
4422, 0.000077, 0.000061, 0.000059
4423, 0.000074, 0.000047, 0.000044
4424, 0.000068, 0.000048, 0.000046
4425, 0.000071, 0.000077, 0.000072
4426, 0.000087, 0.000078, 0.000077
4427, 0.000097, 0.000094, 0.000088
4428, 0.000094, 0.000054, 0.000055
4429, 0.000077, 0.000049, 0.000046
4430, 0.000068, 0.000058, 0.000055
4431, 0.000072, 0.000057, 0.000055
4432, 0.000078, 0.000070, 0.000065
4433, 0.000079, 0.000053, 0.000053
4434, 0.000075, 0.000049, 0.000048
4435, 0.000068, 0.000049, 0.000047
4436, 0.000069, 0.000051, 0.000051
4437, 0.000073, 0.000060, 0.000056
4438, 0.000076, 0.000052, 0.000049
4439, 0.000073, 0.000053, 0.000049
4440, 0.000070, 0.000049, 0.000045
4441, 0.000066, 0.000051, 0.000049
4442, 0.000073, 0.000069, 0.000064
4443, 0.000080, 0.000054, 0.000054
4444, 0.000077, 0.000054, 0.000051
4445, 0.000070, 0.000047, 0.000046
4446, 0.000067, 0.000049, 0.000048
4447, 0.000073, 0.000069, 0.000065
4448, 0.000080, 0.000058, 0.000058
4449, 0.000079, 0.000055, 0.000052
4450, 0.000070, 0.000047, 0.000046
4451, 0.000066, 0.000047, 0.000047
4452, 0.000069, 0.000055, 0.000052
4453, 0.000071, 0.000048, 0.000048
4454, 0.000070, 0.000050, 0.000046
4455, 0.000067, 0.000052, 0.000048
4456, 0.000068, 0.000049, 0.000048
4457, 0.000070, 0.000057, 0.000053
4458, 0.000070, 0.000047, 0.000046
4459, 0.000068, 0.000048, 0.000046
4460, 0.000067, 0.000051, 0.000049
4461, 0.000068, 0.000048, 0.000046
4462, 0.000068, 0.000051, 0.000048
4463, 0.000068, 0.000049, 0.000047
4464, 0.000067, 0.000047, 0.000046
4465, 0.000067, 0.000048, 0.000047
4466, 0.000067, 0.000049, 0.000048
4467, 0.000069, 0.000053, 0.000051
4468, 0.000069, 0.000047, 0.000046
4469, 0.000070, 0.000054, 0.000051
4470, 0.000070, 0.000046, 0.000044
4471, 0.000068, 0.000048, 0.000045
4472, 0.000068, 0.000047, 0.000045
4473, 0.000066, 0.000047, 0.000045
4474, 0.000068, 0.000055, 0.000052
4475, 0.000070, 0.000051, 0.000050
4476, 0.000071, 0.000056, 0.000053
4477, 0.000070, 0.000051, 0.000049
4478, 0.000069, 0.000048, 0.000046
4479, 0.000066, 0.000047, 0.000044
4480, 0.000066, 0.000048, 0.000045
4481, 0.000069, 0.000051, 0.000047
4482, 0.000068, 0.000047, 0.000044
4483, 0.000066, 0.000049, 0.000046
4484, 0.000067, 0.000051, 0.000048
4485, 0.000067, 0.000048, 0.000047
4486, 0.000068, 0.000052, 0.000050
4487, 0.000068, 0.000046, 0.000045
4488, 0.000067, 0.000045, 0.000044
4489, 0.000065, 0.000052, 0.000049
4490, 0.000068, 0.000048, 0.000047
4491, 0.000069, 0.000052, 0.000049
4492, 0.000067, 0.000047, 0.000045
4493, 0.000066, 0.000047, 0.000047
4494, 0.000067, 0.000057, 0.000053
4495, 0.000070, 0.000050, 0.000049
4496, 0.000071, 0.000055, 0.000052
4497, 0.000070, 0.000047, 0.000046
4498, 0.000069, 0.000047, 0.000045
4499, 0.000067, 0.000048, 0.000046
4500, 0.000066, 0.000047, 0.000045
4501, 0.000067, 0.000050, 0.000048
4502, 0.000068, 0.000049, 0.000047
4503, 0.000067, 0.000051, 0.000047
4504, 0.000067, 0.000048, 0.000046
4505, 0.000066, 0.000047, 0.000044
4506, 0.000065, 0.000048, 0.000045
4507, 0.000067, 0.000046, 0.000044
4508, 0.000066, 0.000049, 0.000047
4509, 0.000066, 0.000049, 0.000047
4510, 0.000068, 0.000053, 0.000050
4511, 0.000068, 0.000046, 0.000045
4512, 0.000066, 0.000049, 0.000046
4513, 0.000067, 0.000052, 0.000049
4514, 0.000068, 0.000048, 0.000046
4515, 0.000066, 0.000055, 0.000051
4516, 0.000068, 0.000051, 0.000050
4517, 0.000069, 0.000050, 0.000048
4518, 0.000067, 0.000046, 0.000044
4519, 0.000066, 0.000049, 0.000047
4520, 0.000066, 0.000048, 0.000046
4521, 0.000066, 0.000049, 0.000047
4522, 0.000067, 0.000056, 0.000053
4523, 0.000069, 0.000051, 0.000050
4524, 0.000070, 0.000054, 0.000051
4525, 0.000068, 0.000047, 0.000047
4526, 0.000066, 0.000048, 0.000046
4527, 0.000064, 0.000051, 0.000048
4528, 0.000065, 0.000047, 0.000047
4529, 0.000067, 0.000048, 0.000046
4530, 0.000066, 0.000049, 0.000046
4531, 0.000065, 0.000048, 0.000046
4532, 0.000067, 0.000056, 0.000053
4533, 0.000071, 0.000052, 0.000051
4534, 0.000070, 0.000054, 0.000051
4535, 0.000068, 0.000047, 0.000046
4536, 0.000065, 0.000047, 0.000046
4537, 0.000065, 0.000048, 0.000047
4538, 0.000067, 0.000048, 0.000047
4539, 0.000068, 0.000056, 0.000054
4540, 0.000069, 0.000051, 0.000051
4541, 0.000072, 0.000058, 0.000053
4542, 0.000069, 0.000047, 0.000045
4543, 0.000066, 0.000048, 0.000045
4544, 0.000065, 0.000052, 0.000048
4545, 0.000066, 0.000048, 0.000046
4546, 0.000066, 0.000049, 0.000046
4547, 0.000066, 0.000046, 0.000045
4548, 0.000065, 0.000046, 0.000045
4549, 0.000065, 0.000046, 0.000045
4550, 0.000064, 0.000050, 0.000048
4551, 0.000064, 0.000047, 0.000046
4552, 0.000066, 0.000049, 0.000047
4553, 0.000065, 0.000048, 0.000046
4554, 0.000064, 0.000045, 0.000045
4555, 0.000066, 0.000048, 0.000046
4556, 0.000064, 0.000047, 0.000045
4557, 0.000064, 0.000047, 0.000046
4558, 0.000064, 0.000048, 0.000046
4559, 0.000064, 0.000048, 0.000046
4560, 0.000064, 0.000048, 0.000047
4561, 0.000065, 0.000046, 0.000045
4562, 0.000065, 0.000050, 0.000047
4563, 0.000066, 0.000047, 0.000046
4564, 0.000066, 0.000046, 0.000043
4565, 0.000065, 0.000048, 0.000046
4566, 0.000065, 0.000047, 0.000046
4567, 0.000065, 0.000050, 0.000047
4568, 0.000064, 0.000051, 0.000049
4569, 0.000064, 0.000048, 0.000048
4570, 0.000067, 0.000055, 0.000052
4571, 0.000069, 0.000052, 0.000051
4572, 0.000071, 0.000063, 0.000061
4573, 0.000073, 0.000051, 0.000050
4574, 0.000069, 0.000053, 0.000050
4575, 0.000066, 0.000048, 0.000048
4576, 0.000066, 0.000049, 0.000047
4577, 0.000064, 0.000050, 0.000047
4578, 0.000065, 0.000048, 0.000047
4579, 0.000066, 0.000052, 0.000048
4580, 0.000066, 0.000047, 0.000045
4581, 0.000063, 0.000046, 0.000045
4582, 0.000065, 0.000047, 0.000045
4583, 0.000065, 0.000045, 0.000044
4584, 0.000065, 0.000048, 0.000047
4585, 0.000065, 0.000048, 0.000046
4586, 0.000065, 0.000048, 0.000046
4587, 0.000064, 0.000047, 0.000047
4588, 0.000064, 0.000050, 0.000048
4589, 0.000064, 0.000047, 0.000045
4590, 0.000064, 0.000048, 0.000047
4591, 0.000064, 0.000046, 0.000045
4592, 0.000063, 0.000046, 0.000044
4593, 0.000064, 0.000045, 0.000044
4594, 0.000063, 0.000047, 0.000045
4595, 0.000063, 0.000047, 0.000045
4596, 0.000063, 0.000048, 0.000046
4597, 0.000063, 0.000049, 0.000047
4598, 0.000064, 0.000050, 0.000047
4599, 0.000063, 0.000048, 0.000046
4600, 0.000064, 0.000048, 0.000046
4601, 0.000064, 0.000045, 0.000045
4602, 0.000065, 0.000049, 0.000049
4603, 0.000065, 0.000047, 0.000047
4604, 0.000066, 0.000054, 0.000053
4605, 0.000067, 0.000052, 0.000052
4606, 0.000068, 0.000057, 0.000054
4607, 0.000067, 0.000048, 0.000046
4608, 0.000064, 0.000047, 0.000045
4609, 0.000063, 0.000053, 0.000050
4610, 0.000066, 0.000051, 0.000050
4611, 0.000070, 0.000059, 0.000057
4612, 0.000072, 0.000054, 0.000053
4613, 0.000071, 0.000053, 0.000051
4614, 0.000065, 0.000048, 0.000046
4615, 0.000063, 0.000050, 0.000048
4616, 0.000066, 0.000058, 0.000055
4617, 0.000068, 0.000054, 0.000054
4618, 0.000072, 0.000058, 0.000054
4619, 0.000069, 0.000047, 0.000047
4620, 0.000064, 0.000046, 0.000045
4621, 0.000063, 0.000049, 0.000046
4622, 0.000063, 0.000048, 0.000047
4623, 0.000064, 0.000053, 0.000049
4624, 0.000066, 0.000050, 0.000049
4625, 0.000066, 0.000051, 0.000050
4626, 0.000064, 0.000047, 0.000047
4627, 0.000064, 0.000047, 0.000046
4628, 0.000063, 0.000047, 0.000046
4629, 0.000063, 0.000046, 0.000045
4630, 0.000064, 0.000052, 0.000049
4631, 0.000065, 0.000048, 0.000047
4632, 0.000063, 0.000049, 0.000046
4633, 0.000063, 0.000048, 0.000045
4634, 0.000063, 0.000047, 0.000045
4635, 0.000062, 0.000046, 0.000045
4636, 0.000063, 0.000048, 0.000045
4637, 0.000063, 0.000046, 0.000045
4638, 0.000062, 0.000045, 0.000044
4639, 0.000063, 0.000048, 0.000045
4640, 0.000063, 0.000047, 0.000045
4641, 0.000063, 0.000047, 0.000045
4642, 0.000062, 0.000049, 0.000046
4643, 0.000063, 0.000049, 0.000047
4644, 0.000062, 0.000047, 0.000045
4645, 0.000063, 0.000046, 0.000045
4646, 0.000063, 0.000048, 0.000047
4647, 0.000063, 0.000046, 0.000045
4648, 0.000063, 0.000047, 0.000045
4649, 0.000062, 0.000049, 0.000047
4650, 0.000062, 0.000050, 0.000047
4651, 0.000064, 0.000049, 0.000046
4652, 0.000062, 0.000047, 0.000045
4653, 0.000062, 0.000048, 0.000045
4654, 0.000062, 0.000047, 0.000045
4655, 0.000064, 0.000049, 0.000047
4656, 0.000064, 0.000049, 0.000048
4657, 0.000066, 0.000057, 0.000054
4658, 0.000066, 0.000052, 0.000052
4659, 0.000067, 0.000055, 0.000052
4660, 0.000066, 0.000048, 0.000046
4661, 0.000063, 0.000047, 0.000044
4662, 0.000063, 0.000046, 0.000043
4663, 0.000062, 0.000046, 0.000045
4664, 0.000063, 0.000053, 0.000051
4665, 0.000065, 0.000050, 0.000049
4666, 0.000064, 0.000050, 0.000049
4667, 0.000063, 0.000046, 0.000045
4668, 0.000061, 0.000047, 0.000045
4669, 0.000061, 0.000046, 0.000044
4670, 0.000061, 0.000046, 0.000044
4671, 0.000062, 0.000050, 0.000046
4672, 0.000062, 0.000047, 0.000045
4673, 0.000062, 0.000049, 0.000047
4674, 0.000064, 0.000049, 0.000048
4675, 0.000065, 0.000052, 0.000050
4676, 0.000065, 0.000046, 0.000046
4677, 0.000064, 0.000052, 0.000050
4678, 0.000064, 0.000046, 0.000046
4679, 0.000063, 0.000046, 0.000045
4680, 0.000062, 0.000047, 0.000047
4681, 0.000063, 0.000047, 0.000047
4682, 0.000062, 0.000048, 0.000046
4683, 0.000062, 0.000046, 0.000044
4684, 0.000062, 0.000047, 0.000045
4685, 0.000063, 0.000049, 0.000046
4686, 0.000063, 0.000048, 0.000046
4687, 0.000062, 0.000051, 0.000049
4688, 0.000063, 0.000049, 0.000049
4689, 0.000064, 0.000055, 0.000052
4690, 0.000067, 0.000050, 0.000050
4691, 0.000068, 0.000058, 0.000054
4692, 0.000069, 0.000056, 0.000055
4693, 0.000072, 0.000065, 0.000061
4694, 0.000072, 0.000053, 0.000052
4695, 0.000069, 0.000057, 0.000052
4696, 0.000066, 0.000049, 0.000048
4697, 0.000064, 0.000049, 0.000048
4698, 0.000061, 0.000049, 0.000047
4699, 0.000061, 0.000048, 0.000047
4700, 0.000062, 0.000051, 0.000049
4701, 0.000062, 0.000048, 0.000046
4702, 0.000062, 0.000051, 0.000048
4703, 0.000063, 0.000048, 0.000047
4704, 0.000063, 0.000054, 0.000050
4705, 0.000065, 0.000048, 0.000048
4706, 0.000065, 0.000048, 0.000047
4707, 0.000062, 0.000045, 0.000045
4708, 0.000061, 0.000047, 0.000047
4709, 0.000062, 0.000053, 0.000051
4710, 0.000064, 0.000050, 0.000050
4711, 0.000066, 0.000051, 0.000048
4712, 0.000065, 0.000046, 0.000045
4713, 0.000062, 0.000049, 0.000048
4714, 0.000061, 0.000047, 0.000045
4715, 0.000061, 0.000046, 0.000045
4716, 0.000060, 0.000048, 0.000046
4717, 0.000060, 0.000046, 0.000045
4718, 0.000061, 0.000047, 0.000046
4719, 0.000061, 0.000047, 0.000046
4720, 0.000060, 0.000047, 0.000046
4721, 0.000060, 0.000048, 0.000047
4722, 0.000060, 0.000047, 0.000046
4723, 0.000061, 0.000050, 0.000048
4724, 0.000061, 0.000049, 0.000048
4725, 0.000064, 0.000055, 0.000052
4726, 0.000065, 0.000050, 0.000049
4727, 0.000064, 0.000048, 0.000046
4728, 0.000061, 0.000045, 0.000044
4729, 0.000061, 0.000048, 0.000048
4730, 0.000063, 0.000055, 0.000053
4731, 0.000065, 0.000053, 0.000053
4732, 0.000067, 0.000062, 0.000058
4733, 0.000068, 0.000049, 0.000048
4734, 0.000064, 0.000049, 0.000045
4735, 0.000062, 0.000047, 0.000044
4736, 0.000060, 0.000047, 0.000046
4737, 0.000061, 0.000053, 0.000050
4738, 0.000062, 0.000048, 0.000047
4739, 0.000061, 0.000047, 0.000046
4740, 0.000060, 0.000049, 0.000047
4741, 0.000061, 0.000047, 0.000046
4742, 0.000062, 0.000053, 0.000051
4743, 0.000063, 0.000050, 0.000049
4744, 0.000065, 0.000053, 0.000051
4745, 0.000063, 0.000049, 0.000048
4746, 0.000063, 0.000052, 0.000049
4747, 0.000062, 0.000046, 0.000046
4748, 0.000061, 0.000046, 0.000046
4749, 0.000061, 0.000057, 0.000054
4750, 0.000066, 0.000055, 0.000056
4751, 0.000071, 0.000064, 0.000059
4752, 0.000072, 0.000054, 0.000053
4753, 0.000067, 0.000054, 0.000050
4754, 0.000063, 0.000047, 0.000045
4755, 0.000060, 0.000048, 0.000047
4756, 0.000060, 0.000053, 0.000051
4757, 0.000063, 0.000054, 0.000055
4758, 0.000069, 0.000062, 0.000060
4759, 0.000069, 0.000054, 0.000053
4760, 0.000069, 0.000054, 0.000051
4761, 0.000066, 0.000047, 0.000045
4762, 0.000062, 0.000047, 0.000045
4763, 0.000059, 0.000049, 0.000047
4764, 0.000060, 0.000049, 0.000048
4765, 0.000060, 0.000053, 0.000050
4766, 0.000060, 0.000048, 0.000046
4767, 0.000061, 0.000049, 0.000046
4768, 0.000060, 0.000046, 0.000045
4769, 0.000060, 0.000046, 0.000045
4770, 0.000060, 0.000046, 0.000045
4771, 0.000060, 0.000046, 0.000045
4772, 0.000059, 0.000048, 0.000045
4773, 0.000060, 0.000047, 0.000044
4774, 0.000059, 0.000046, 0.000044
4775, 0.000059, 0.000048, 0.000046
4776, 0.000059, 0.000046, 0.000045
4777, 0.000059, 0.000046, 0.000046
4778, 0.000059, 0.000046, 0.000044
4779, 0.000059, 0.000046, 0.000044
4780, 0.000060, 0.000048, 0.000046
4781, 0.000060, 0.000047, 0.000045
4782, 0.000059, 0.000047, 0.000046
4783, 0.000059, 0.000048, 0.000047
4784, 0.000060, 0.000046, 0.000046
4785, 0.000060, 0.000047, 0.000045
4786, 0.000060, 0.000045, 0.000043
4787, 0.000059, 0.000045, 0.000044
4788, 0.000059, 0.000048, 0.000046
4789, 0.000059, 0.000046, 0.000045
4790, 0.000059, 0.000047, 0.000045
4791, 0.000059, 0.000052, 0.000049
4792, 0.000061, 0.000048, 0.000049
4793, 0.000062, 0.000052, 0.000050
4794, 0.000062, 0.000047, 0.000047
4795, 0.000062, 0.000049, 0.000047
4796, 0.000061, 0.000046, 0.000044
4797, 0.000059, 0.000047, 0.000044
4798, 0.000060, 0.000047, 0.000045
4799, 0.000060, 0.000047, 0.000044
4800, 0.000058, 0.000046, 0.000044
4801, 0.000058, 0.000045, 0.000044
4802, 0.000059, 0.000047, 0.000045
4803, 0.000059, 0.000047, 0.000046
4804, 0.000058, 0.000048, 0.000046
4805, 0.000060, 0.000048, 0.000046
4806, 0.000059, 0.000047, 0.000045
4807, 0.000059, 0.000045, 0.000044
4808, 0.000058, 0.000048, 0.000046
4809, 0.000059, 0.000047, 0.000046
4810, 0.000059, 0.000048, 0.000047
4811, 0.000060, 0.000049, 0.000046
4812, 0.000061, 0.000046, 0.000045
4813, 0.000060, 0.000048, 0.000046
4814, 0.000060, 0.000046, 0.000045
4815, 0.000059, 0.000047, 0.000047
4816, 0.000058, 0.000049, 0.000048
4817, 0.000060, 0.000048, 0.000047
4818, 0.000060, 0.000050, 0.000048
4819, 0.000059, 0.000047, 0.000045
4820, 0.000059, 0.000049, 0.000046
4821, 0.000058, 0.000047, 0.000046
4822, 0.000058, 0.000046, 0.000045
4823, 0.000058, 0.000046, 0.000045
4824, 0.000058, 0.000045, 0.000044
4825, 0.000058, 0.000045, 0.000045
4826, 0.000057, 0.000050, 0.000047
4827, 0.000060, 0.000051, 0.000050
4828, 0.000062, 0.000057, 0.000054
4829, 0.000063, 0.000052, 0.000051
4830, 0.000064, 0.000056, 0.000052
4831, 0.000064, 0.000050, 0.000049
4832, 0.000061, 0.000052, 0.000047
4833, 0.000060, 0.000048, 0.000046
4834, 0.000059, 0.000048, 0.000046
4835, 0.000059, 0.000050, 0.000048
4836, 0.000059, 0.000047, 0.000047
4837, 0.000061, 0.000053, 0.000050
4838, 0.000061, 0.000051, 0.000051
4839, 0.000062, 0.000055, 0.000052
4840, 0.000063, 0.000051, 0.000050
4841, 0.000063, 0.000054, 0.000051
4842, 0.000063, 0.000050, 0.000050
4843, 0.000061, 0.000050, 0.000048
4844, 0.000059, 0.000047, 0.000046
4845, 0.000059, 0.000048, 0.000046
4846, 0.000058, 0.000046, 0.000044
4847, 0.000058, 0.000045, 0.000043
4848, 0.000058, 0.000048, 0.000045
4849, 0.000059, 0.000049, 0.000048
4850, 0.000061, 0.000055, 0.000053
4851, 0.000062, 0.000051, 0.000051
4852, 0.000062, 0.000055, 0.000052
4853, 0.000062, 0.000050, 0.000050
4854, 0.000061, 0.000048, 0.000046
4855, 0.000059, 0.000047, 0.000045
4856, 0.000058, 0.000048, 0.000047
4857, 0.000060, 0.000054, 0.000051
4858, 0.000062, 0.000053, 0.000053
4859, 0.000064, 0.000057, 0.000055
4860, 0.000063, 0.000051, 0.000051
4861, 0.000062, 0.000052, 0.000050
4862, 0.000060, 0.000048, 0.000046
4863, 0.000059, 0.000050, 0.000048
4864, 0.000061, 0.000061, 0.000057
4865, 0.000067, 0.000057, 0.000058
4866, 0.000069, 0.000060, 0.000057
4867, 0.000066, 0.000053, 0.000052
4868, 0.000063, 0.000051, 0.000049
4869, 0.000061, 0.000050, 0.000048
4870, 0.000058, 0.000047, 0.000046
4871, 0.000058, 0.000052, 0.000049
4872, 0.000062, 0.000057, 0.000056
4873, 0.000066, 0.000063, 0.000058
4874, 0.000068, 0.000058, 0.000058
4875, 0.000068, 0.000066, 0.000063
4876, 0.000069, 0.000053, 0.000053
4877, 0.000065, 0.000048, 0.000046
4878, 0.000058, 0.000047, 0.000045
4879, 0.000057, 0.000049, 0.000048
4880, 0.000061, 0.000052, 0.000050
4881, 0.000061, 0.000049, 0.000049
4882, 0.000059, 0.000054, 0.000050
4883, 0.000061, 0.000051, 0.000050
4884, 0.000060, 0.000048, 0.000045
4885, 0.000058, 0.000048, 0.000045
4886, 0.000059, 0.000050, 0.000049
4887, 0.000059, 0.000049, 0.000048
4888, 0.000059, 0.000046, 0.000046
4889, 0.000058, 0.000047, 0.000046
4890, 0.000057, 0.000046, 0.000045
4891, 0.000057, 0.000047, 0.000046
4892, 0.000058, 0.000048, 0.000046
4893, 0.000057, 0.000047, 0.000045
4894, 0.000057, 0.000046, 0.000044
4895, 0.000057, 0.000046, 0.000044
4896, 0.000057, 0.000047, 0.000046
4897, 0.000058, 0.000050, 0.000050
4898, 0.000062, 0.000060, 0.000057
4899, 0.000065, 0.000059, 0.000059
4900, 0.000067, 0.000058, 0.000054
4901, 0.000064, 0.000048, 0.000047
4902, 0.000059, 0.000045, 0.000045
4903, 0.000058, 0.000047, 0.000046
4904, 0.000057, 0.000047, 0.000046
4905, 0.000058, 0.000048, 0.000046
4906, 0.000058, 0.000050, 0.000048
4907, 0.000058, 0.000048, 0.000045
4908, 0.000058, 0.000046, 0.000044
4909, 0.000057, 0.000045, 0.000042
4910, 0.000057, 0.000044, 0.000042
4911, 0.000057, 0.000046, 0.000044
4912, 0.000056, 0.000046, 0.000045
4913, 0.000057, 0.000047, 0.000046
4914, 0.000057, 0.000049, 0.000047
4915, 0.000057, 0.000048, 0.000047
4916, 0.000057, 0.000049, 0.000047
4917, 0.000057, 0.000048, 0.000047
4918, 0.000058, 0.000048, 0.000045
4919, 0.000058, 0.000046, 0.000045
4920, 0.000056, 0.000047, 0.000046
4921, 0.000057, 0.000047, 0.000046
4922, 0.000057, 0.000048, 0.000047
4923, 0.000058, 0.000051, 0.000048
4924, 0.000059, 0.000047, 0.000046
4925, 0.000058, 0.000048, 0.000046
4926, 0.000057, 0.000047, 0.000045
4927, 0.000057, 0.000046, 0.000045
4928, 0.000057, 0.000049, 0.000047
4929, 0.000058, 0.000048, 0.000046
4930, 0.000056, 0.000049, 0.000047
4931, 0.000058, 0.000054, 0.000053
4932, 0.000062, 0.000051, 0.000049
4933, 0.000061, 0.000047, 0.000046
4934, 0.000057, 0.000048, 0.000047
4935, 0.000057, 0.000049, 0.000048
4936, 0.000061, 0.000053, 0.000051
4937, 0.000061, 0.000047, 0.000045
4938, 0.000058, 0.000048, 0.000045
4939, 0.000057, 0.000048, 0.000047
4940, 0.000058, 0.000048, 0.000046
4941, 0.000057, 0.000050, 0.000049
4942, 0.000058, 0.000049, 0.000048
4943, 0.000058, 0.000052, 0.000049
4944, 0.000060, 0.000053, 0.000053
4945, 0.000061, 0.000049, 0.000046
4946, 0.000058, 0.000047, 0.000045
4947, 0.000056, 0.000048, 0.000046
4948, 0.000057, 0.000049, 0.000046
4949, 0.000058, 0.000051, 0.000050
4950, 0.000060, 0.000056, 0.000054
4951, 0.000063, 0.000056, 0.000057
4952, 0.000064, 0.000056, 0.000054
4953, 0.000062, 0.000049, 0.000049
4954, 0.000059, 0.000048, 0.000046
4955, 0.000057, 0.000047, 0.000045
4956, 0.000056, 0.000047, 0.000045
4957, 0.000057, 0.000049, 0.000047
4958, 0.000058, 0.000049, 0.000050
4959, 0.000058, 0.000049, 0.000047
4960, 0.000057, 0.000046, 0.000046
4961, 0.000056, 0.000048, 0.000046
4962, 0.000056, 0.000047, 0.000045
4963, 0.000056, 0.000047, 0.000046
4964, 0.000057, 0.000049, 0.000048
4965, 0.000057, 0.000049, 0.000049
4966, 0.000059, 0.000050, 0.000048
4967, 0.000058, 0.000049, 0.000048
4968, 0.000056, 0.000048, 0.000046
4969, 0.000057, 0.000046, 0.000045
4970, 0.000056, 0.000046, 0.000044
4971, 0.000056, 0.000045, 0.000043
4972, 0.000056, 0.000046, 0.000044
4973, 0.000055, 0.000046, 0.000043
4974, 0.000055, 0.000047, 0.000045
4975, 0.000056, 0.000050, 0.000048
4976, 0.000058, 0.000051, 0.000050
4977, 0.000058, 0.000051, 0.000048
4978, 0.000058, 0.000051, 0.000051
4979, 0.000057, 0.000049, 0.000046
4980, 0.000058, 0.000048, 0.000046
4981, 0.000056, 0.000046, 0.000044
4982, 0.000056, 0.000047, 0.000044
4983, 0.000055, 0.000048, 0.000046
4984, 0.000056, 0.000046, 0.000045
4985, 0.000055, 0.000046, 0.000045
4986, 0.000055, 0.000048, 0.000047
4987, 0.000056, 0.000046, 0.000046
4988, 0.000056, 0.000047, 0.000046
4989, 0.000056, 0.000048, 0.000047
4990, 0.000056, 0.000049, 0.000048
4991, 0.000058, 0.000052, 0.000049
4992, 0.000059, 0.000049, 0.000049
4993, 0.000058, 0.000050, 0.000047
4994, 0.000057, 0.000050, 0.000048
4995, 0.000056, 0.000047, 0.000046
4996, 0.000056, 0.000048, 0.000046
4997, 0.000056, 0.000050, 0.000049
4998, 0.000058, 0.000055, 0.000054
4999, 0.000062, 0.000059, 0.000060
5000, 0.000064, 0.000059, 0.000056
