Epoch, Train Loss, Valid Loss, Test Loss
1, 0.443277, 0.542076, 0.543721
2, 0.382396, 0.475917, 0.478222
3, 0.335676, 0.417716, 0.420861
4, 0.300496, 0.369501, 0.373190
5, 0.273771, 0.331152, 0.335388
6, 0.252762, 0.306570, 0.310884
7, 0.238315, 0.286373, 0.290690
8, 0.225246, 0.268739, 0.272953
9, 0.212599, 0.251305, 0.255153
10, 0.199317, 0.234238, 0.237745
11, 0.185892, 0.217726, 0.220890
12, 0.172460, 0.201798, 0.204576
13, 0.159203, 0.187115, 0.189541
14, 0.146824, 0.173217, 0.175362
15, 0.135273, 0.159752, 0.161666
16, 0.124314, 0.146879, 0.148597
17, 0.113978, 0.134464, 0.136011
18, 0.104137, 0.122305, 0.123706
19, 0.094633, 0.110388, 0.111673
20, 0.085438, 0.098858, 0.100054
21, 0.076636, 0.087922, 0.089042
22, 0.068334, 0.077785, 0.078834
23, 0.060623, 0.068617, 0.069593
24, 0.053604, 0.060451, 0.061349
25, 0.047324, 0.053226, 0.054046
26, 0.041754, 0.046875, 0.047626
27, 0.036835, 0.041330, 0.042021
28, 0.032516, 0.036526, 0.037164
29, 0.028747, 0.032337, 0.032928
30, 0.025453, 0.028614, 0.029161
31, 0.022570, 0.025298, 0.025807
32, 0.019990, 0.022388, 0.022861
33, 0.017766, 0.019884, 0.020324
34, 0.015822, 0.017739, 0.018150
35, 0.014159, 0.015914, 0.016298
36, 0.012747, 0.014361, 0.014723
37, 0.011544, 0.013048, 0.013393
38, 0.010533, 0.011930, 0.012261
39, 0.009667, 0.010967, 0.011286
40, 0.008915, 0.010122, 0.010428
41, 0.008248, 0.009354, 0.009650
42, 0.007666, 0.008637, 0.008923
43, 0.007122, 0.007996, 0.008272
44, 0.006641, 0.007424, 0.007689
45, 0.006207, 0.006913, 0.007167
46, 0.005816, 0.006452, 0.006697
47, 0.005478, 0.006035, 0.006272
48, 0.005173, 0.005665, 0.005896
49, 0.004908, 0.005346, 0.005572
50, 0.004676, 0.005079, 0.005298
51, 0.004476, 0.004851, 0.005062
52, 0.004292, 0.004646, 0.004849
53, 0.004124, 0.004458, 0.004654
54, 0.003979, 0.004285, 0.004474
55, 0.003848, 0.004134, 0.004316
56, 0.003727, 0.004001, 0.004177
57, 0.003621, 0.003879, 0.004051
58, 0.003528, 0.003774, 0.003940
59, 0.003450, 0.003686, 0.003848
60, 0.003386, 0.003615, 0.003772
61, 0.003325, 0.003548, 0.003701
62, 0.003268, 0.003481, 0.003629
63, 0.003224, 0.003417, 0.003561
64, 0.003182, 0.003355, 0.003495
65, 0.003140, 0.003305, 0.003441
66, 0.003097, 0.003260, 0.003392
67, 0.003053, 0.003223, 0.003351
68, 0.003033, 0.003178, 0.003302
69, 0.002998, 0.003137, 0.003258
70, 0.002980, 0.003105, 0.003222
71, 0.002947, 0.003084, 0.003198
72, 0.002924, 0.003061, 0.003172
73, 0.002908, 0.003036, 0.003144
74, 0.002889, 0.003010, 0.003116
75, 0.002873, 0.002987, 0.003090
76, 0.002851, 0.002969, 0.003069
77, 0.002843, 0.002955, 0.003052
78, 0.002829, 0.002946, 0.003040
79, 0.002816, 0.002932, 0.003023
80, 0.002801, 0.002915, 0.003004
81, 0.002792, 0.002898, 0.002985
82, 0.002783, 0.002883, 0.002968
83, 0.002775, 0.002878, 0.002960
84, 0.002762, 0.002879, 0.002958
85, 0.002761, 0.002868, 0.002944
86, 0.002747, 0.002857, 0.002931
87, 0.002740, 0.002844, 0.002916
88, 0.002734, 0.002834, 0.002905
89, 0.002727, 0.002828, 0.002897
90, 0.002725, 0.002821, 0.002887
91, 0.002711, 0.002812, 0.002877
92, 0.002711, 0.002810, 0.002871
93, 0.002711, 0.002809, 0.002868
94, 0.002700, 0.002805, 0.002861
95, 0.002694, 0.002797, 0.002852
96, 0.002683, 0.002790, 0.002843
97, 0.002684, 0.002782, 0.002834
98, 0.002679, 0.002777, 0.002827
99, 0.002670, 0.002779, 0.002827
100, 0.002671, 0.002780, 0.002827
101, 0.002667, 0.002777, 0.002823
102, 0.002656, 0.002768, 0.002813
103, 0.002657, 0.002759, 0.002802
104, 0.002655, 0.002756, 0.002797
105, 0.002647, 0.002759, 0.002798
106, 0.002643, 0.002762, 0.002800
107, 0.002644, 0.002757, 0.002794
108, 0.002635, 0.002749, 0.002785
109, 0.002630, 0.002742, 0.002776
110, 0.002631, 0.002742, 0.002774
111, 0.002628, 0.002745, 0.002776
112, 0.002629, 0.002740, 0.002770
113, 0.002621, 0.002735, 0.002764
114, 0.002618, 0.002731, 0.002759
115, 0.002622, 0.002730, 0.002758
116, 0.002605, 0.002730, 0.002756
117, 0.002605, 0.002726, 0.002751
118, 0.002601, 0.002722, 0.002747
119, 0.002602, 0.002722, 0.002746
120, 0.002600, 0.002722, 0.002746
121, 0.002594, 0.002720, 0.002742
122, 0.002595, 0.002717, 0.002738
123, 0.002594, 0.002715, 0.002735
124, 0.002590, 0.002713, 0.002731
125, 0.002588, 0.002714, 0.002731
126, 0.002584, 0.002712, 0.002729
127, 0.002581, 0.002702, 0.002719
128, 0.002582, 0.002700, 0.002716
129, 0.002580, 0.002701, 0.002716
130, 0.002574, 0.002707, 0.002721
131, 0.002573, 0.002705, 0.002717
132, 0.002566, 0.002700, 0.002712
133, 0.002562, 0.002695, 0.002706
134, 0.002560, 0.002694, 0.002705
135, 0.002554, 0.002694, 0.002703
136, 0.002558, 0.002693, 0.002701
137, 0.002557, 0.002694, 0.002702
138, 0.002550, 0.002692, 0.002699
139, 0.002549, 0.002691, 0.002697
140, 0.002543, 0.002685, 0.002691
141, 0.002539, 0.002683, 0.002689
142, 0.002536, 0.002682, 0.002687
143, 0.002533, 0.002684, 0.002688
144, 0.002534, 0.002684, 0.002688
145, 0.002530, 0.002685, 0.002689
146, 0.002525, 0.002682, 0.002684
147, 0.002527, 0.002677, 0.002679
148, 0.002519, 0.002673, 0.002675
149, 0.002528, 0.002671, 0.002673
150, 0.002519, 0.002670, 0.002672
151, 0.002514, 0.002672, 0.002673
152, 0.002515, 0.002671, 0.002670
153, 0.002506, 0.002671, 0.002670
154, 0.002514, 0.002668, 0.002667
155, 0.002507, 0.002666, 0.002665
156, 0.002504, 0.002666, 0.002664
157, 0.002503, 0.002667, 0.002664
158, 0.002498, 0.002665, 0.002661
159, 0.002498, 0.002667, 0.002662
160, 0.002496, 0.002661, 0.002657
161, 0.002494, 0.002662, 0.002658
162, 0.002485, 0.002659, 0.002654
163, 0.002491, 0.002657, 0.002651
164, 0.002486, 0.002655, 0.002649
165, 0.002482, 0.002656, 0.002649
166, 0.002483, 0.002656, 0.002649
167, 0.002476, 0.002658, 0.002650
168, 0.002478, 0.002655, 0.002648
169, 0.002472, 0.002653, 0.002645
170, 0.002478, 0.002650, 0.002641
171, 0.002473, 0.002650, 0.002641
172, 0.002469, 0.002647, 0.002637
173, 0.002463, 0.002646, 0.002637
174, 0.002466, 0.002646, 0.002637
175, 0.002462, 0.002645, 0.002635
176, 0.002461, 0.002645, 0.002635
177, 0.002454, 0.002644, 0.002633
178, 0.002457, 0.002643, 0.002632
179, 0.002452, 0.002643, 0.002632
180, 0.002448, 0.002641, 0.002630
181, 0.002450, 0.002640, 0.002629
182, 0.002444, 0.002638, 0.002627
183, 0.002443, 0.002635, 0.002623
184, 0.002442, 0.002634, 0.002621
185, 0.002439, 0.002635, 0.002621
186, 0.002438, 0.002637, 0.002623
187, 0.002438, 0.002634, 0.002621
188, 0.002432, 0.002634, 0.002620
189, 0.002432, 0.002631, 0.002616
190, 0.002433, 0.002633, 0.002618
191, 0.002427, 0.002631, 0.002616
192, 0.002425, 0.002627, 0.002614
193, 0.002421, 0.002624, 0.002611
194, 0.002419, 0.002622, 0.002607
195, 0.002418, 0.002623, 0.002607
196, 0.002418, 0.002623, 0.002607
197, 0.002419, 0.002623, 0.002607
198, 0.002414, 0.002621, 0.002605
199, 0.002407, 0.002618, 0.002601
200, 0.002409, 0.002616, 0.002600
201, 0.002403, 0.002617, 0.002600
202, 0.002403, 0.002619, 0.002602
203, 0.002404, 0.002618, 0.002601
204, 0.002398, 0.002615, 0.002597
205, 0.002403, 0.002612, 0.002593
206, 0.002399, 0.002610, 0.002591
207, 0.002395, 0.002608, 0.002590
208, 0.002393, 0.002609, 0.002591
209, 0.002392, 0.002608, 0.002590
210, 0.002386, 0.002607, 0.002588
211, 0.002389, 0.002605, 0.002586
212, 0.002388, 0.002606, 0.002586
213, 0.002386, 0.002605, 0.002586
214, 0.002378, 0.002602, 0.002584
215, 0.002383, 0.002600, 0.002581
216, 0.002379, 0.002599, 0.002580
217, 0.002377, 0.002598, 0.002578
218, 0.002378, 0.002599, 0.002578
219, 0.002372, 0.002596, 0.002576
220, 0.002371, 0.002594, 0.002575
221, 0.002370, 0.002592, 0.002572
222, 0.002370, 0.002591, 0.002571
223, 0.002366, 0.002590, 0.002569
224, 0.002365, 0.002590, 0.002568
225, 0.002360, 0.002589, 0.002568
226, 0.002358, 0.002587, 0.002566
227, 0.002358, 0.002585, 0.002564
228, 0.002359, 0.002583, 0.002562
229, 0.002353, 0.002583, 0.002561
230, 0.002351, 0.002583, 0.002560
231, 0.002351, 0.002580, 0.002559
232, 0.002348, 0.002578, 0.002557
233, 0.002346, 0.002577, 0.002556
234, 0.002345, 0.002578, 0.002555
235, 0.002345, 0.002575, 0.002553
236, 0.002343, 0.002572, 0.002551
237, 0.002344, 0.002570, 0.002548
238, 0.002341, 0.002570, 0.002548
239, 0.002336, 0.002571, 0.002548
240, 0.002338, 0.002568, 0.002546
241, 0.002332, 0.002564, 0.002542
242, 0.002332, 0.002562, 0.002539
243, 0.002332, 0.002561, 0.002537
244, 0.002327, 0.002561, 0.002537
245, 0.002325, 0.002560, 0.002536
246, 0.002325, 0.002558, 0.002535
247, 0.002320, 0.002556, 0.002532
248, 0.002319, 0.002553, 0.002529
249, 0.002320, 0.002552, 0.002528
250, 0.002316, 0.002549, 0.002526
251, 0.002315, 0.002549, 0.002526
252, 0.002313, 0.002548, 0.002524
253, 0.002312, 0.002546, 0.002522
254, 0.002316, 0.002544, 0.002520
255, 0.002306, 0.002542, 0.002517
256, 0.002307, 0.002540, 0.002516
257, 0.002306, 0.002540, 0.002515
258, 0.002300, 0.002540, 0.002515
259, 0.002303, 0.002537, 0.002512
260, 0.002299, 0.002533, 0.002508
261, 0.002296, 0.002530, 0.002506
262, 0.002294, 0.002530, 0.002505
263, 0.002292, 0.002530, 0.002504
264, 0.002292, 0.002528, 0.002502
265, 0.002287, 0.002525, 0.002501
266, 0.002288, 0.002521, 0.002496
267, 0.002285, 0.002520, 0.002494
268, 0.002286, 0.002519, 0.002492
269, 0.002281, 0.002519, 0.002493
270, 0.002280, 0.002517, 0.002492
271, 0.002280, 0.002515, 0.002488
272, 0.002279, 0.002512, 0.002486
273, 0.002274, 0.002510, 0.002483
274, 0.002274, 0.002507, 0.002480
275, 0.002269, 0.002507, 0.002480
276, 0.002266, 0.002508, 0.002481
277, 0.002268, 0.002504, 0.002477
278, 0.002265, 0.002502, 0.002475
279, 0.002266, 0.002501, 0.002473
280, 0.002260, 0.002499, 0.002471
281, 0.002262, 0.002495, 0.002467
282, 0.002262, 0.002495, 0.002468
283, 0.002260, 0.002496, 0.002468
284, 0.002258, 0.002495, 0.002467
285, 0.002255, 0.002491, 0.002463
286, 0.002255, 0.002489, 0.002462
287, 0.002253, 0.002485, 0.002457
288, 0.002246, 0.002484, 0.002456
289, 0.002249, 0.002484, 0.002456
290, 0.002248, 0.002482, 0.002454
291, 0.002247, 0.002482, 0.002454
292, 0.002241, 0.002482, 0.002455
293, 0.002243, 0.002479, 0.002451
294, 0.002244, 0.002476, 0.002447
295, 0.002239, 0.002476, 0.002448
296, 0.002236, 0.002476, 0.002448
297, 0.002238, 0.002475, 0.002447
298, 0.002236, 0.002471, 0.002443
299, 0.002231, 0.002469, 0.002440
300, 0.002233, 0.002470, 0.002442
301, 0.002234, 0.002468, 0.002440
302, 0.002231, 0.002467, 0.002438
303, 0.002228, 0.002469, 0.002440
304, 0.002232, 0.002468, 0.002439
305, 0.002230, 0.002463, 0.002434
306, 0.002225, 0.002461, 0.002432
307, 0.002223, 0.002465, 0.002436
308, 0.002225, 0.002460, 0.002431
309, 0.002223, 0.002458, 0.002429
310, 0.002219, 0.002460, 0.002432
311, 0.002221, 0.002460, 0.002431
312, 0.002220, 0.002457, 0.002429
313, 0.002218, 0.002459, 0.002430
314, 0.002218, 0.002457, 0.002428
315, 0.002216, 0.002454, 0.002426
316, 0.002215, 0.002455, 0.002426
317, 0.002212, 0.002452, 0.002423
318, 0.002215, 0.002451, 0.002422
319, 0.002213, 0.002452, 0.002423
320, 0.002213, 0.002452, 0.002423
321, 0.002213, 0.002449, 0.002420
322, 0.002210, 0.002451, 0.002422
323, 0.002212, 0.002453, 0.002424
324, 0.002211, 0.002449, 0.002420
325, 0.002209, 0.002447, 0.002417
326, 0.002206, 0.002445, 0.002415
327, 0.002207, 0.002445, 0.002415
328, 0.002203, 0.002446, 0.002416
329, 0.002207, 0.002445, 0.002416
330, 0.002206, 0.002444, 0.002414
331, 0.002202, 0.002446, 0.002416
332, 0.002204, 0.002443, 0.002414
333, 0.002201, 0.002444, 0.002414
334, 0.002201, 0.002441, 0.002412
335, 0.002198, 0.002440, 0.002411
336, 0.002198, 0.002445, 0.002416
337, 0.002199, 0.002441, 0.002412
338, 0.002200, 0.002435, 0.002407
339, 0.002198, 0.002438, 0.002409
340, 0.002198, 0.002441, 0.002412
341, 0.002197, 0.002436, 0.002407
342, 0.002193, 0.002437, 0.002408
343, 0.002196, 0.002442, 0.002412
344, 0.002192, 0.002433, 0.002403
345, 0.002191, 0.002430, 0.002401
346, 0.002193, 0.002437, 0.002407
347, 0.002191, 0.002435, 0.002405
348, 0.002190, 0.002432, 0.002403
349, 0.002195, 0.002435, 0.002405
350, 0.002191, 0.002434, 0.002404
351, 0.002189, 0.002429, 0.002400
352, 0.002190, 0.002431, 0.002402
353, 0.002188, 0.002431, 0.002401
354, 0.002187, 0.002429, 0.002401
355, 0.002189, 0.002429, 0.002400
356, 0.002186, 0.002431, 0.002401
357, 0.002187, 0.002425, 0.002396
358, 0.002185, 0.002426, 0.002397
359, 0.002182, 0.002430, 0.002400
360, 0.002185, 0.002429, 0.002399
361, 0.002184, 0.002424, 0.002396
362, 0.002186, 0.002424, 0.002394
363, 0.002183, 0.002426, 0.002395
364, 0.002180, 0.002422, 0.002393
365, 0.002182, 0.002421, 0.002392
366, 0.002181, 0.002423, 0.002393
367, 0.002178, 0.002422, 0.002392
368, 0.002177, 0.002420, 0.002390
369, 0.002179, 0.002421, 0.002391
370, 0.002178, 0.002422, 0.002392
371, 0.002179, 0.002419, 0.002390
372, 0.002180, 0.002419, 0.002389
373, 0.002177, 0.002420, 0.002390
374, 0.002175, 0.002417, 0.002388
375, 0.002175, 0.002419, 0.002389
376, 0.002174, 0.002421, 0.002391
377, 0.002175, 0.002416, 0.002387
378, 0.002176, 0.002418, 0.002387
379, 0.002177, 0.002418, 0.002388
380, 0.002172, 0.002414, 0.002385
381, 0.002171, 0.002417, 0.002387
382, 0.002171, 0.002418, 0.002387
383, 0.002171, 0.002413, 0.002383
384, 0.002176, 0.002415, 0.002385
385, 0.002172, 0.002417, 0.002387
386, 0.002169, 0.002413, 0.002383
387, 0.002171, 0.002411, 0.002382
388, 0.002169, 0.002412, 0.002382
389, 0.002168, 0.002415, 0.002384
390, 0.002169, 0.002412, 0.002381
391, 0.002169, 0.002412, 0.002381
392, 0.002168, 0.002418, 0.002386
393, 0.002169, 0.002409, 0.002379
394, 0.002166, 0.002410, 0.002380
395, 0.002163, 0.002412, 0.002382
396, 0.002165, 0.002412, 0.002383
397, 0.002164, 0.002409, 0.002379
398, 0.002165, 0.002412, 0.002381
399, 0.002165, 0.002410, 0.002380
400, 0.002166, 0.002404, 0.002375
401, 0.002163, 0.002412, 0.002381
402, 0.002161, 0.002411, 0.002380
403, 0.002162, 0.002409, 0.002380
404, 0.002166, 0.002407, 0.002377
405, 0.002161, 0.002408, 0.002378
406, 0.002161, 0.002406, 0.002375
407, 0.002161, 0.002405, 0.002375
408, 0.002159, 0.002407, 0.002375
409, 0.002161, 0.002405, 0.002375
410, 0.002159, 0.002408, 0.002377
411, 0.002159, 0.002406, 0.002375
412, 0.002158, 0.002405, 0.002374
413, 0.002159, 0.002404, 0.002373
414, 0.002157, 0.002405, 0.002374
415, 0.002156, 0.002404, 0.002374
416, 0.002161, 0.002403, 0.002373
417, 0.002154, 0.002407, 0.002375
418, 0.002155, 0.002399, 0.002370
419, 0.002158, 0.002406, 0.002376
420, 0.002153, 0.002409, 0.002378
421, 0.002153, 0.002400, 0.002371
422, 0.002158, 0.002402, 0.002372
423, 0.002154, 0.002414, 0.002382
424, 0.002158, 0.002398, 0.002369
425, 0.002157, 0.002399, 0.002369
426, 0.002155, 0.002423, 0.002390
427, 0.002156, 0.002399, 0.002370
428, 0.002158, 0.002397, 0.002368
429, 0.002156, 0.002417, 0.002384
430, 0.002161, 0.002397, 0.002367
431, 0.002150, 0.002397, 0.002369
432, 0.002154, 0.002411, 0.002378
433, 0.002155, 0.002402, 0.002370
434, 0.002153, 0.002397, 0.002368
435, 0.002154, 0.002415, 0.002383
436, 0.002152, 0.002405, 0.002373
437, 0.002149, 0.002398, 0.002369
438, 0.002155, 0.002407, 0.002374
439, 0.002150, 0.002401, 0.002370
440, 0.002149, 0.002393, 0.002365
441, 0.002152, 0.002403, 0.002371
442, 0.002152, 0.002403, 0.002372
443, 0.002151, 0.002395, 0.002366
444, 0.002152, 0.002402, 0.002371
445, 0.002145, 0.002403, 0.002371
446, 0.002149, 0.002393, 0.002364
447, 0.002150, 0.002396, 0.002365
448, 0.002147, 0.002407, 0.002375
449, 0.002148, 0.002393, 0.002363
450, 0.002146, 0.002394, 0.002364
451, 0.002145, 0.002403, 0.002371
452, 0.002148, 0.002393, 0.002362
453, 0.002143, 0.002392, 0.002362
454, 0.002149, 0.002402, 0.002369
455, 0.002146, 0.002397, 0.002365
456, 0.002144, 0.002393, 0.002363
457, 0.002142, 0.002400, 0.002368
458, 0.002145, 0.002394, 0.002363
459, 0.002147, 0.002395, 0.002364
460, 0.002144, 0.002396, 0.002365
461, 0.002145, 0.002392, 0.002361
462, 0.002142, 0.002392, 0.002362
463, 0.002144, 0.002393, 0.002363
464, 0.002141, 0.002395, 0.002364
465, 0.002142, 0.002393, 0.002362
466, 0.002141, 0.002390, 0.002360
467, 0.002143, 0.002396, 0.002365
468, 0.002141, 0.002397, 0.002365
469, 0.002142, 0.002389, 0.002359
470, 0.002145, 0.002396, 0.002364
471, 0.002139, 0.002395, 0.002363
472, 0.002144, 0.002389, 0.002359
473, 0.002141, 0.002395, 0.002363
474, 0.002140, 0.002392, 0.002361
475, 0.002142, 0.002389, 0.002359
476, 0.002143, 0.002394, 0.002363
477, 0.002136, 0.002395, 0.002363
478, 0.002139, 0.002387, 0.002357
479, 0.002143, 0.002394, 0.002362
480, 0.002139, 0.002392, 0.002360
481, 0.002139, 0.002386, 0.002357
482, 0.002139, 0.002394, 0.002363
483, 0.002138, 0.002390, 0.002359
484, 0.002137, 0.002389, 0.002358
485, 0.002136, 0.002390, 0.002359
486, 0.002141, 0.002394, 0.002361
487, 0.002138, 0.002387, 0.002356
488, 0.002138, 0.002390, 0.002358
489, 0.002137, 0.002394, 0.002361
490, 0.002138, 0.002387, 0.002356
491, 0.002135, 0.002388, 0.002356
492, 0.002136, 0.002390, 0.002358
493, 0.002134, 0.002387, 0.002356
494, 0.002137, 0.002387, 0.002356
495, 0.002134, 0.002393, 0.002361
496, 0.002136, 0.002388, 0.002358
497, 0.002137, 0.002385, 0.002355
498, 0.002135, 0.002392, 0.002360
499, 0.002136, 0.002387, 0.002356
500, 0.002135, 0.002384, 0.002354
501, 0.002132, 0.002394, 0.002363
502, 0.002134, 0.002385, 0.002355
503, 0.002135, 0.002384, 0.002354
504, 0.002133, 0.002388, 0.002357
505, 0.002132, 0.002387, 0.002356
506, 0.002134, 0.002381, 0.002352
507, 0.002136, 0.002394, 0.002362
508, 0.002133, 0.002388, 0.002357
509, 0.002133, 0.002383, 0.002354
510, 0.002133, 0.002394, 0.002362
511, 0.002133, 0.002390, 0.002358
512, 0.002134, 0.002380, 0.002351
513, 0.002136, 0.002398, 0.002366
514, 0.002136, 0.002383, 0.002353
515, 0.002133, 0.002381, 0.002351
516, 0.002132, 0.002395, 0.002363
517, 0.002129, 0.002384, 0.002354
518, 0.002132, 0.002381, 0.002351
519, 0.002132, 0.002399, 0.002366
520, 0.002134, 0.002382, 0.002351
521, 0.002131, 0.002381, 0.002350
522, 0.002130, 0.002399, 0.002365
523, 0.002133, 0.002380, 0.002349
524, 0.002131, 0.002380, 0.002349
525, 0.002127, 0.002395, 0.002361
526, 0.002132, 0.002380, 0.002349
527, 0.002129, 0.002382, 0.002352
528, 0.002129, 0.002396, 0.002363
529, 0.002129, 0.002377, 0.002348
530, 0.002129, 0.002381, 0.002351
531, 0.002126, 0.002401, 0.002368
532, 0.002132, 0.002378, 0.002349
533, 0.002134, 0.002386, 0.002355
534, 0.002127, 0.002388, 0.002357
535, 0.002127, 0.002378, 0.002349
536, 0.002128, 0.002386, 0.002355
537, 0.002127, 0.002384, 0.002352
538, 0.002131, 0.002379, 0.002348
539, 0.002128, 0.002382, 0.002351
540, 0.002125, 0.002385, 0.002353
541, 0.002126, 0.002378, 0.002347
542, 0.002125, 0.002380, 0.002349
543, 0.002128, 0.002381, 0.002350
544, 0.002127, 0.002378, 0.002348
545, 0.002123, 0.002381, 0.002350
546, 0.002123, 0.002379, 0.002348
547, 0.002125, 0.002376, 0.002346
548, 0.002122, 0.002385, 0.002354
549, 0.002125, 0.002380, 0.002349
550, 0.002122, 0.002378, 0.002348
551, 0.002124, 0.002384, 0.002353
552, 0.002121, 0.002373, 0.002343
553, 0.002125, 0.002384, 0.002353
554, 0.002122, 0.002376, 0.002346
555, 0.002125, 0.002378, 0.002347
556, 0.002120, 0.002378, 0.002347
557, 0.002121, 0.002377, 0.002346
558, 0.002123, 0.002377, 0.002346
559, 0.002119, 0.002378, 0.002347
560, 0.002121, 0.002378, 0.002347
561, 0.002122, 0.002377, 0.002347
562, 0.002119, 0.002377, 0.002347
563, 0.002121, 0.002379, 0.002349
564, 0.002123, 0.002370, 0.002342
565, 0.002123, 0.002379, 0.002348
566, 0.002120, 0.002379, 0.002348
567, 0.002119, 0.002372, 0.002343
568, 0.002120, 0.002381, 0.002349
569, 0.002122, 0.002376, 0.002344
570, 0.002116, 0.002369, 0.002340
571, 0.002119, 0.002378, 0.002346
572, 0.002118, 0.002372, 0.002342
573, 0.002115, 0.002374, 0.002343
574, 0.002116, 0.002380, 0.002348
575, 0.002119, 0.002369, 0.002340
576, 0.002120, 0.002380, 0.002348
577, 0.002120, 0.002378, 0.002347
578, 0.002116, 0.002367, 0.002339
579, 0.002122, 0.002381, 0.002350
580, 0.002118, 0.002371, 0.002341
581, 0.002118, 0.002368, 0.002339
582, 0.002116, 0.002377, 0.002345
583, 0.002117, 0.002375, 0.002343
584, 0.002117, 0.002371, 0.002340
585, 0.002115, 0.002373, 0.002342
586, 0.002115, 0.002375, 0.002343
587, 0.002116, 0.002366, 0.002337
588, 0.002117, 0.002379, 0.002347
589, 0.002116, 0.002367, 0.002337
590, 0.002115, 0.002370, 0.002339
591, 0.002114, 0.002378, 0.002346
592, 0.002114, 0.002369, 0.002339
593, 0.002111, 0.002369, 0.002339
594, 0.002112, 0.002374, 0.002344
595, 0.002112, 0.002364, 0.002335
596, 0.002117, 0.002375, 0.002344
597, 0.002112, 0.002369, 0.002339
598, 0.002113, 0.002365, 0.002335
599, 0.002111, 0.002371, 0.002340
600, 0.002111, 0.002371, 0.002341
601, 0.002114, 0.002360, 0.002332
602, 0.002114, 0.002376, 0.002344
603, 0.002115, 0.002367, 0.002336
604, 0.002111, 0.002363, 0.002334
605, 0.002108, 0.002386, 0.002353
606, 0.002114, 0.002361, 0.002332
607, 0.002110, 0.002364, 0.002334
608, 0.002107, 0.002379, 0.002346
609, 0.002111, 0.002360, 0.002331
610, 0.002114, 0.002372, 0.002340
611, 0.002109, 0.002373, 0.002341
612, 0.002109, 0.002358, 0.002329
613, 0.002114, 0.002387, 0.002353
614, 0.002112, 0.002359, 0.002329
615, 0.002108, 0.002361, 0.002331
616, 0.002106, 0.002377, 0.002345
617, 0.002114, 0.002358, 0.002328
618, 0.002107, 0.002366, 0.002334
619, 0.002106, 0.002368, 0.002337
620, 0.002105, 0.002355, 0.002326
621, 0.002107, 0.002368, 0.002337
622, 0.002105, 0.002359, 0.002330
623, 0.002107, 0.002360, 0.002331
624, 0.002108, 0.002369, 0.002339
625, 0.002106, 0.002356, 0.002327
626, 0.002105, 0.002367, 0.002336
627, 0.002101, 0.002358, 0.002328
628, 0.002103, 0.002355, 0.002325
629, 0.002105, 0.002375, 0.002342
630, 0.002104, 0.002357, 0.002326
631, 0.002103, 0.002354, 0.002324
632, 0.002102, 0.002376, 0.002343
633, 0.002108, 0.002350, 0.002322
634, 0.002104, 0.002361, 0.002330
635, 0.002101, 0.002362, 0.002331
636, 0.002101, 0.002347, 0.002320
637, 0.002105, 0.002367, 0.002336
638, 0.002102, 0.002358, 0.002328
639, 0.002100, 0.002350, 0.002322
640, 0.002100, 0.002373, 0.002342
641, 0.002101, 0.002349, 0.002320
642, 0.002099, 0.002350, 0.002321
643, 0.002101, 0.002369, 0.002337
644, 0.002101, 0.002344, 0.002317
645, 0.002106, 0.002366, 0.002334
646, 0.002100, 0.002354, 0.002324
647, 0.002096, 0.002347, 0.002318
648, 0.002099, 0.002364, 0.002333
649, 0.002096, 0.002346, 0.002317
650, 0.002098, 0.002349, 0.002319
651, 0.002095, 0.002350, 0.002320
652, 0.002096, 0.002348, 0.002318
653, 0.002092, 0.002350, 0.002319
654, 0.002092, 0.002349, 0.002319
655, 0.002094, 0.002344, 0.002314
656, 0.002094, 0.002355, 0.002324
657, 0.002092, 0.002342, 0.002313
658, 0.002093, 0.002348, 0.002317
659, 0.002092, 0.002357, 0.002325
660, 0.002092, 0.002338, 0.002309
661, 0.002094, 0.002352, 0.002321
662, 0.002091, 0.002340, 0.002311
663, 0.002090, 0.002343, 0.002313
664, 0.002092, 0.002347, 0.002316
665, 0.002092, 0.002341, 0.002311
666, 0.002089, 0.002345, 0.002315
667, 0.002091, 0.002344, 0.002313
668, 0.002085, 0.002337, 0.002308
669, 0.002084, 0.002345, 0.002314
670, 0.002087, 0.002337, 0.002307
671, 0.002087, 0.002343, 0.002313
672, 0.002085, 0.002336, 0.002307
673, 0.002084, 0.002343, 0.002311
674, 0.002088, 0.002333, 0.002304
675, 0.002085, 0.002335, 0.002306
676, 0.002084, 0.002340, 0.002310
677, 0.002083, 0.002331, 0.002303
678, 0.002084, 0.002346, 0.002316
679, 0.002085, 0.002330, 0.002303
680, 0.002083, 0.002339, 0.002310
681, 0.002083, 0.002334, 0.002304
682, 0.002084, 0.002327, 0.002298
683, 0.002082, 0.002335, 0.002305
684, 0.002081, 0.002324, 0.002296
685, 0.002079, 0.002337, 0.002306
686, 0.002081, 0.002336, 0.002306
687, 0.002077, 0.002321, 0.002294
688, 0.002080, 0.002346, 0.002314
689, 0.002082, 0.002324, 0.002295
690, 0.002076, 0.002320, 0.002291
691, 0.002077, 0.002346, 0.002314
692, 0.002082, 0.002316, 0.002289
693, 0.002080, 0.002342, 0.002311
694, 0.002076, 0.002319, 0.002291
695, 0.002076, 0.002318, 0.002289
696, 0.002070, 0.002335, 0.002304
697, 0.002078, 0.002312, 0.002285
698, 0.002074, 0.002341, 0.002309
699, 0.002075, 0.002317, 0.002287
700, 0.002071, 0.002316, 0.002286
701, 0.002072, 0.002330, 0.002298
702, 0.002069, 0.002308, 0.002281
703, 0.002070, 0.002332, 0.002301
704, 0.002070, 0.002311, 0.002282
705, 0.002066, 0.002310, 0.002281
706, 0.002069, 0.002329, 0.002297
707, 0.002069, 0.002303, 0.002276
708, 0.002066, 0.002320, 0.002289
709, 0.002064, 0.002311, 0.002281
710, 0.002062, 0.002300, 0.002273
711, 0.002065, 0.002335, 0.002303
712, 0.002069, 0.002298, 0.002271
713, 0.002062, 0.002309, 0.002280
714, 0.002060, 0.002308, 0.002279
715, 0.002056, 0.002298, 0.002269
716, 0.002056, 0.002307, 0.002277
717, 0.002055, 0.002302, 0.002272
718, 0.002056, 0.002295, 0.002267
719, 0.002057, 0.002303, 0.002273
720, 0.002053, 0.002299, 0.002270
721, 0.002054, 0.002294, 0.002266
722, 0.002050, 0.002296, 0.002267
723, 0.002049, 0.002294, 0.002265
724, 0.002053, 0.002289, 0.002260
725, 0.002049, 0.002287, 0.002259
726, 0.002049, 0.002300, 0.002270
727, 0.002047, 0.002282, 0.002255
728, 0.002048, 0.002295, 0.002265
729, 0.002046, 0.002285, 0.002256
730, 0.002047, 0.002280, 0.002251
731, 0.002042, 0.002293, 0.002263
732, 0.002046, 0.002276, 0.002248
733, 0.002043, 0.002284, 0.002254
734, 0.002039, 0.002287, 0.002256
735, 0.002039, 0.002270, 0.002243
736, 0.002042, 0.002291, 0.002260
737, 0.002041, 0.002267, 0.002240
738, 0.002037, 0.002272, 0.002244
739, 0.002031, 0.002279, 0.002250
740, 0.002035, 0.002263, 0.002236
741, 0.002035, 0.002279, 0.002250
742, 0.002034, 0.002263, 0.002235
743, 0.002031, 0.002264, 0.002235
744, 0.002030, 0.002271, 0.002241
745, 0.002031, 0.002253, 0.002226
746, 0.002030, 0.002275, 0.002245
747, 0.002029, 0.002255, 0.002226
748, 0.002023, 0.002255, 0.002227
749, 0.002022, 0.002259, 0.002229
750, 0.002020, 0.002249, 0.002221
751, 0.002018, 0.002253, 0.002224
752, 0.002017, 0.002253, 0.002224
753, 0.002017, 0.002243, 0.002215
754, 0.002016, 0.002252, 0.002223
755, 0.002013, 0.002244, 0.002216
756, 0.002012, 0.002237, 0.002210
757, 0.002010, 0.002249, 0.002220
758, 0.002016, 0.002231, 0.002204
759, 0.002010, 0.002250, 0.002220
760, 0.002011, 0.002227, 0.002200
761, 0.002006, 0.002241, 0.002210
762, 0.002005, 0.002234, 0.002204
763, 0.002003, 0.002219, 0.002193
764, 0.002007, 0.002261, 0.002229
765, 0.002011, 0.002215, 0.002189
766, 0.002003, 0.002222, 0.002193
767, 0.001998, 0.002236, 0.002206
768, 0.001997, 0.002208, 0.002181
769, 0.001998, 0.002239, 0.002209
770, 0.001997, 0.002203, 0.002178
771, 0.001991, 0.002220, 0.002192
772, 0.001987, 0.002207, 0.002178
773, 0.001984, 0.002200, 0.002172
774, 0.001986, 0.002212, 0.002182
775, 0.001983, 0.002193, 0.002165
776, 0.001982, 0.002204, 0.002174
777, 0.001980, 0.002189, 0.002161
778, 0.001974, 0.002199, 0.002169
779, 0.001975, 0.002187, 0.002159
780, 0.001970, 0.002184, 0.002156
781, 0.001972, 0.002189, 0.002161
782, 0.001969, 0.002177, 0.002149
783, 0.001966, 0.002181, 0.002152
784, 0.001961, 0.002175, 0.002147
785, 0.001961, 0.002171, 0.002143
786, 0.001957, 0.002167, 0.002139
787, 0.001953, 0.002161, 0.002134
788, 0.001951, 0.002177, 0.002147
789, 0.001954, 0.002153, 0.002125
790, 0.001952, 0.002158, 0.002130
791, 0.001949, 0.002165, 0.002135
792, 0.001947, 0.002145, 0.002120
793, 0.001954, 0.002201, 0.002169
794, 0.001959, 0.002138, 0.002114
795, 0.001951, 0.002156, 0.002126
796, 0.001940, 0.002141, 0.002112
797, 0.001931, 0.002129, 0.002101
798, 0.001930, 0.002140, 0.002110
799, 0.001928, 0.002124, 0.002096
800, 0.001925, 0.002128, 0.002098
801, 0.001924, 0.002116, 0.002088
802, 0.001921, 0.002119, 0.002090
803, 0.001914, 0.002111, 0.002083
804, 0.001913, 0.002104, 0.002077
805, 0.001910, 0.002112, 0.002084
806, 0.001907, 0.002098, 0.002070
807, 0.001905, 0.002106, 0.002076
808, 0.001902, 0.002089, 0.002061
809, 0.001898, 0.002090, 0.002062
810, 0.001894, 0.002082, 0.002054
811, 0.001891, 0.002084, 0.002055
812, 0.001890, 0.002076, 0.002048
813, 0.001882, 0.002068, 0.002042
814, 0.001887, 0.002085, 0.002056
815, 0.001883, 0.002057, 0.002031
816, 0.001887, 0.002080, 0.002049
817, 0.001878, 0.002049, 0.002022
818, 0.001870, 0.002054, 0.002026
819, 0.001864, 0.002046, 0.002018
820, 0.001863, 0.002037, 0.002010
821, 0.001858, 0.002053, 0.002024
822, 0.001858, 0.002025, 0.001999
823, 0.001859, 0.002048, 0.002017
824, 0.001851, 0.002019, 0.001991
825, 0.001843, 0.002014, 0.001986
826, 0.001838, 0.002029, 0.001999
827, 0.001840, 0.002002, 0.001976
828, 0.001842, 0.002041, 0.002010
829, 0.001842, 0.001995, 0.001971
830, 0.001835, 0.002009, 0.001979
831, 0.001824, 0.001990, 0.001961
832, 0.001819, 0.001977, 0.001951
833, 0.001820, 0.002017, 0.001986
834, 0.001827, 0.001968, 0.001944
835, 0.001820, 0.001994, 0.001963
836, 0.001810, 0.001957, 0.001931
837, 0.001804, 0.001963, 0.001934
838, 0.001790, 0.001951, 0.001924
839, 0.001787, 0.001938, 0.001912
840, 0.001784, 0.001958, 0.001928
841, 0.001784, 0.001925, 0.001899
842, 0.001783, 0.001946, 0.001917
843, 0.001778, 0.001915, 0.001889
844, 0.001770, 0.001926, 0.001897
845, 0.001763, 0.001907, 0.001880
846, 0.001757, 0.001902, 0.001875
847, 0.001754, 0.001894, 0.001867
848, 0.001748, 0.001888, 0.001861
849, 0.001741, 0.001891, 0.001863
850, 0.001738, 0.001873, 0.001847
851, 0.001730, 0.001873, 0.001846
852, 0.001728, 0.001865, 0.001838
853, 0.001723, 0.001856, 0.001829
854, 0.001718, 0.001858, 0.001830
855, 0.001712, 0.001841, 0.001814
856, 0.001711, 0.001843, 0.001815
857, 0.001701, 0.001830, 0.001803
858, 0.001695, 0.001824, 0.001798
859, 0.001696, 0.001822, 0.001795
860, 0.001690, 0.001808, 0.001782
861, 0.001681, 0.001812, 0.001784
862, 0.001678, 0.001795, 0.001769
863, 0.001673, 0.001792, 0.001765
864, 0.001667, 0.001783, 0.001756
865, 0.001661, 0.001777, 0.001750
866, 0.001655, 0.001771, 0.001744
867, 0.001648, 0.001764, 0.001737
868, 0.001646, 0.001756, 0.001730
869, 0.001639, 0.001746, 0.001720
870, 0.001636, 0.001744, 0.001718
871, 0.001628, 0.001732, 0.001707
872, 0.001622, 0.001729, 0.001702
873, 0.001617, 0.001713, 0.001688
874, 0.001614, 0.001727, 0.001700
875, 0.001608, 0.001700, 0.001675
876, 0.001605, 0.001722, 0.001693
877, 0.001599, 0.001683, 0.001660
878, 0.001591, 0.001686, 0.001660
879, 0.001582, 0.001678, 0.001650
880, 0.001577, 0.001660, 0.001636
881, 0.001573, 0.001687, 0.001659
882, 0.001572, 0.001645, 0.001622
883, 0.001568, 0.001662, 0.001634
884, 0.001555, 0.001632, 0.001608
885, 0.001548, 0.001623, 0.001597
886, 0.001542, 0.001632, 0.001603
887, 0.001536, 0.001606, 0.001583
888, 0.001533, 0.001632, 0.001604
889, 0.001529, 0.001593, 0.001570
890, 0.001524, 0.001609, 0.001582
891, 0.001511, 0.001570, 0.001547
892, 0.001502, 0.001571, 0.001545
893, 0.001494, 0.001564, 0.001538
894, 0.001489, 0.001547, 0.001525
895, 0.001486, 0.001575, 0.001547
896, 0.001489, 0.001533, 0.001512
897, 0.001484, 0.001571, 0.001543
898, 0.001478, 0.001522, 0.001502
899, 0.001471, 0.001536, 0.001510
900, 0.001458, 0.001498, 0.001475
901, 0.001443, 0.001494, 0.001470
902, 0.001437, 0.001496, 0.001469
903, 0.001431, 0.001472, 0.001452
904, 0.001428, 0.001495, 0.001468
905, 0.001425, 0.001453, 0.001431
906, 0.001419, 0.001470, 0.001444
907, 0.001407, 0.001437, 0.001414
908, 0.001400, 0.001435, 0.001410
909, 0.001388, 0.001428, 0.001404
910, 0.001384, 0.001412, 0.001390
911, 0.001378, 0.001447, 0.001419
912, 0.001383, 0.001404, 0.001386
913, 0.001384, 0.001445, 0.001419
914, 0.001383, 0.001386, 0.001367
915, 0.001371, 0.001408, 0.001383
916, 0.001355, 0.001358, 0.001337
917, 0.001341, 0.001362, 0.001339
918, 0.001332, 0.001351, 0.001327
919, 0.001323, 0.001334, 0.001314
920, 0.001315, 0.001346, 0.001322
921, 0.001315, 0.001315, 0.001293
922, 0.001309, 0.001341, 0.001319
923, 0.001308, 0.001297, 0.001276
924, 0.001296, 0.001302, 0.001278
925, 0.001284, 0.001292, 0.001271
926, 0.001275, 0.001272, 0.001251
927, 0.001270, 0.001288, 0.001264
928, 0.001265, 0.001254, 0.001235
929, 0.001260, 0.001258, 0.001234
930, 0.001248, 0.001244, 0.001222
931, 0.001240, 0.001232, 0.001211
932, 0.001235, 0.001230, 0.001208
933, 0.001224, 0.001216, 0.001195
934, 0.001222, 0.001213, 0.001193
935, 0.001215, 0.001203, 0.001183
936, 0.001207, 0.001187, 0.001166
937, 0.001200, 0.001206, 0.001184
938, 0.001198, 0.001171, 0.001154
939, 0.001198, 0.001212, 0.001189
940, 0.001195, 0.001158, 0.001144
941, 0.001187, 0.001166, 0.001144
942, 0.001168, 0.001139, 0.001119
943, 0.001159, 0.001127, 0.001110
944, 0.001156, 0.001155, 0.001132
945, 0.001153, 0.001111, 0.001095
946, 0.001146, 0.001130, 0.001109
947, 0.001136, 0.001092, 0.001074
948, 0.001126, 0.001091, 0.001075
949, 0.001118, 0.001104, 0.001083
950, 0.001120, 0.001075, 0.001061
951, 0.001120, 0.001118, 0.001096
952, 0.001118, 0.001060, 0.001045
953, 0.001112, 0.001085, 0.001063
954, 0.001097, 0.001040, 0.001025
955, 0.001083, 0.001040, 0.001021
956, 0.001075, 0.001042, 0.001022
957, 0.001067, 0.001017, 0.001002
958, 0.001064, 0.001033, 0.001013
959, 0.001060, 0.001002, 0.000985
960, 0.001047, 0.001001, 0.000986
961, 0.001042, 0.000997, 0.000977
962, 0.001035, 0.000984, 0.000971
963, 0.001027, 0.000983, 0.000962
964, 0.001021, 0.000960, 0.000941
965, 0.001017, 0.000974, 0.000958
966, 0.001012, 0.000951, 0.000931
967, 0.001003, 0.000941, 0.000924
968, 0.000992, 0.000953, 0.000939
969, 0.000992, 0.000924, 0.000905
970, 0.000987, 0.000937, 0.000919
971, 0.000978, 0.000914, 0.000900
972, 0.000969, 0.000911, 0.000891
973, 0.000966, 0.000906, 0.000891
974, 0.000958, 0.000890, 0.000873
975, 0.000954, 0.000907, 0.000887
976, 0.000952, 0.000881, 0.000869
977, 0.000947, 0.000903, 0.000880
978, 0.000944, 0.000868, 0.000856
979, 0.000941, 0.000891, 0.000874
980, 0.000931, 0.000853, 0.000834
981, 0.000925, 0.000870, 0.000859
982, 0.000919, 0.000844, 0.000822
983, 0.000907, 0.000842, 0.000829
984, 0.000902, 0.000846, 0.000828
985, 0.000902, 0.000824, 0.000806
986, 0.000892, 0.000821, 0.000804
987, 0.000880, 0.000801, 0.000782
988, 0.000872, 0.000810, 0.000795
989, 0.000876, 0.000827, 0.000805
990, 0.000887, 0.000825, 0.000814
991, 0.000889, 0.000838, 0.000816
992, 0.000893, 0.000824, 0.000814
993, 0.000884, 0.000803, 0.000780
994, 0.000887, 0.000849, 0.000837
995, 0.000881, 0.000758, 0.000741
996, 0.000875, 0.000810, 0.000794
997, 0.000859, 0.000750, 0.000741
998, 0.000850, 0.000780, 0.000757
999, 0.000854, 0.000754, 0.000747
1000, 0.000831, 0.000715, 0.000699
1001, 0.000809, 0.000726, 0.000710
1002, 0.000804, 0.000729, 0.000720
1003, 0.000815, 0.000744, 0.000722
1004, 0.000827, 0.000736, 0.000730
1005, 0.000812, 0.000705, 0.000685
1006, 0.000796, 0.000725, 0.000710
1007, 0.000791, 0.000688, 0.000677
1008, 0.000793, 0.000732, 0.000712
1009, 0.000791, 0.000674, 0.000665
1010, 0.000775, 0.000671, 0.000655
1011, 0.000758, 0.000679, 0.000666
1012, 0.000758, 0.000659, 0.000647
1013, 0.000770, 0.000716, 0.000700
1014, 0.000781, 0.000655, 0.000642
1015, 0.000769, 0.000680, 0.000670
1016, 0.000756, 0.000651, 0.000633
1017, 0.000748, 0.000633, 0.000626
1018, 0.000738, 0.000637, 0.000620
1019, 0.000730, 0.000611, 0.000599
1020, 0.000721, 0.000613, 0.000601
1021, 0.000720, 0.000619, 0.000604
1022, 0.000721, 0.000614, 0.000607
1023, 0.000723, 0.000623, 0.000608
1024, 0.000722, 0.000604, 0.000595
1025, 0.000715, 0.000588, 0.000574
1026, 0.000700, 0.000595, 0.000582
1027, 0.000695, 0.000578, 0.000570
1028, 0.000695, 0.000582, 0.000569
1029, 0.000690, 0.000572, 0.000562
1030, 0.000684, 0.000565, 0.000556
1031, 0.000683, 0.000574, 0.000563
1032, 0.000679, 0.000554, 0.000545
1033, 0.000677, 0.000562, 0.000553
1034, 0.000673, 0.000553, 0.000540
1035, 0.000671, 0.000546, 0.000538
1036, 0.000668, 0.000555, 0.000542
1037, 0.000664, 0.000531, 0.000520
1038, 0.000661, 0.000545, 0.000537
1039, 0.000663, 0.000541, 0.000528
1040, 0.000660, 0.000530, 0.000523
1041, 0.000650, 0.000525, 0.000516
1042, 0.000649, 0.000527, 0.000517
1043, 0.000650, 0.000513, 0.000506
1044, 0.000645, 0.000528, 0.000518
1045, 0.000641, 0.000506, 0.000496
1046, 0.000639, 0.000513, 0.000506
1047, 0.000636, 0.000502, 0.000493
1048, 0.000633, 0.000507, 0.000498
1049, 0.000628, 0.000495, 0.000488
1050, 0.000628, 0.000498, 0.000485
1051, 0.000631, 0.000511, 0.000504
1052, 0.000629, 0.000484, 0.000474
1053, 0.000627, 0.000511, 0.000502
1054, 0.000624, 0.000474, 0.000467
1055, 0.000620, 0.000492, 0.000483
1056, 0.000613, 0.000474, 0.000466
1057, 0.000611, 0.000469, 0.000459
1058, 0.000610, 0.000488, 0.000479
1059, 0.000609, 0.000464, 0.000455
1060, 0.000606, 0.000482, 0.000473
1061, 0.000607, 0.000456, 0.000450
1062, 0.000605, 0.000472, 0.000462
1063, 0.000599, 0.000456, 0.000448
1064, 0.000596, 0.000450, 0.000442
1065, 0.000593, 0.000473, 0.000463
1066, 0.000598, 0.000443, 0.000436
1067, 0.000602, 0.000488, 0.000478
1068, 0.000599, 0.000438, 0.000430
1069, 0.000590, 0.000450, 0.000444
1070, 0.000586, 0.000458, 0.000447
1071, 0.000588, 0.000435, 0.000430
1072, 0.000590, 0.000465, 0.000458
1073, 0.000586, 0.000427, 0.000420
1074, 0.000579, 0.000440, 0.000432
1075, 0.000579, 0.000431, 0.000423
1076, 0.000574, 0.000424, 0.000416
1077, 0.000571, 0.000440, 0.000431
1078, 0.000572, 0.000417, 0.000410
1079, 0.000577, 0.000452, 0.000445
1080, 0.000577, 0.000415, 0.000408
1081, 0.000574, 0.000435, 0.000431
1082, 0.000569, 0.000416, 0.000409
1083, 0.000563, 0.000407, 0.000402
1084, 0.000563, 0.000430, 0.000423
1085, 0.000565, 0.000405, 0.000397
1086, 0.000564, 0.000420, 0.000414
1087, 0.000562, 0.000412, 0.000405
1088, 0.000560, 0.000397, 0.000391
1089, 0.000560, 0.000439, 0.000431
1090, 0.000560, 0.000392, 0.000387
1091, 0.000556, 0.000412, 0.000405
1092, 0.000553, 0.000401, 0.000395
1093, 0.000551, 0.000390, 0.000385
1094, 0.000548, 0.000425, 0.000416
1095, 0.000553, 0.000386, 0.000382
1096, 0.000555, 0.000407, 0.000398
1097, 0.000545, 0.000389, 0.000383
1098, 0.000541, 0.000385, 0.000381
1099, 0.000545, 0.000407, 0.000400
1100, 0.000544, 0.000379, 0.000375
1101, 0.000541, 0.000386, 0.000382
1102, 0.000537, 0.000390, 0.000385
1103, 0.000537, 0.000371, 0.000366
1104, 0.000539, 0.000410, 0.000403
1105, 0.000545, 0.000376, 0.000372
1106, 0.000544, 0.000407, 0.000399
1107, 0.000542, 0.000375, 0.000373
1108, 0.000539, 0.000378, 0.000371
1109, 0.000530, 0.000373, 0.000367
1110, 0.000527, 0.000375, 0.000373
1111, 0.000528, 0.000381, 0.000374
1112, 0.000530, 0.000363, 0.000360
1113, 0.000527, 0.000377, 0.000372
1114, 0.000524, 0.000364, 0.000358
1115, 0.000523, 0.000366, 0.000362
1116, 0.000522, 0.000376, 0.000369
1117, 0.000523, 0.000354, 0.000349
1118, 0.000526, 0.000392, 0.000386
1119, 0.000528, 0.000352, 0.000348
1120, 0.000523, 0.000374, 0.000367
1121, 0.000521, 0.000354, 0.000350
1122, 0.000520, 0.000354, 0.000348
1123, 0.000518, 0.000374, 0.000369
1124, 0.000517, 0.000350, 0.000347
1125, 0.000523, 0.000382, 0.000374
1126, 0.000523, 0.000351, 0.000349
1127, 0.000517, 0.000360, 0.000354
1128, 0.000508, 0.000350, 0.000342
1129, 0.000514, 0.000355, 0.000352
1130, 0.000515, 0.000364, 0.000358
1131, 0.000512, 0.000341, 0.000337
1132, 0.000513, 0.000374, 0.000369
1133, 0.000512, 0.000338, 0.000333
1134, 0.000510, 0.000349, 0.000344
1135, 0.000506, 0.000351, 0.000346
1136, 0.000502, 0.000336, 0.000331
1137, 0.000507, 0.000355, 0.000350
1138, 0.000504, 0.000342, 0.000338
1139, 0.000502, 0.000335, 0.000329
1140, 0.000503, 0.000369, 0.000365
1141, 0.000511, 0.000330, 0.000325
1142, 0.000508, 0.000343, 0.000338
1143, 0.000498, 0.000350, 0.000347
1144, 0.000501, 0.000328, 0.000324
1145, 0.000506, 0.000365, 0.000360
1146, 0.000504, 0.000330, 0.000328
1147, 0.000504, 0.000349, 0.000343
1148, 0.000503, 0.000341, 0.000339
1149, 0.000501, 0.000331, 0.000326
1150, 0.000497, 0.000341, 0.000336
1151, 0.000494, 0.000332, 0.000327
1152, 0.000494, 0.000332, 0.000327
1153, 0.000495, 0.000343, 0.000337
1154, 0.000495, 0.000324, 0.000319
1155, 0.000495, 0.000338, 0.000332
1156, 0.000493, 0.000330, 0.000325
1157, 0.000492, 0.000324, 0.000319
1158, 0.000491, 0.000338, 0.000333
1159, 0.000491, 0.000323, 0.000319
1160, 0.000491, 0.000337, 0.000332
1161, 0.000492, 0.000324, 0.000321
1162, 0.000490, 0.000327, 0.000321
1163, 0.000490, 0.000332, 0.000328
1164, 0.000490, 0.000323, 0.000321
1165, 0.000491, 0.000330, 0.000324
1166, 0.000491, 0.000328, 0.000324
1167, 0.000484, 0.000321, 0.000317
1168, 0.000489, 0.000334, 0.000328
1169, 0.000489, 0.000318, 0.000315
1170, 0.000487, 0.000337, 0.000332
1171, 0.000487, 0.000317, 0.000312
1172, 0.000486, 0.000321, 0.000317
1173, 0.000482, 0.000336, 0.000331
1174, 0.000484, 0.000311, 0.000307
1175, 0.000492, 0.000363, 0.000358
1176, 0.000493, 0.000309, 0.000306
1177, 0.000488, 0.000336, 0.000331
1178, 0.000484, 0.000322, 0.000319
1179, 0.000482, 0.000315, 0.000309
1180, 0.000481, 0.000334, 0.000329
1181, 0.000484, 0.000309, 0.000306
1182, 0.000484, 0.000334, 0.000329
1183, 0.000486, 0.000318, 0.000316
1184, 0.000486, 0.000319, 0.000315
1185, 0.000485, 0.000319, 0.000316
1186, 0.000480, 0.000313, 0.000311
1187, 0.000477, 0.000321, 0.000317
1188, 0.000480, 0.000318, 0.000316
1189, 0.000480, 0.000321, 0.000318
1190, 0.000475, 0.000308, 0.000304
1191, 0.000480, 0.000327, 0.000323
1192, 0.000478, 0.000314, 0.000311
1193, 0.000474, 0.000311, 0.000307
1194, 0.000479, 0.000329, 0.000326
1195, 0.000481, 0.000308, 0.000304
1196, 0.000475, 0.000323, 0.000319
1197, 0.000476, 0.000317, 0.000315
1198, 0.000482, 0.000321, 0.000316
1199, 0.000478, 0.000313, 0.000310
1200, 0.000470, 0.000313, 0.000311
1201, 0.000478, 0.000326, 0.000322
1202, 0.000479, 0.000304, 0.000303
1203, 0.000475, 0.000336, 0.000331
1204, 0.000480, 0.000302, 0.000298
1205, 0.000485, 0.000342, 0.000339
1206, 0.000480, 0.000300, 0.000295
1207, 0.000474, 0.000314, 0.000310
1208, 0.000471, 0.000316, 0.000313
1209, 0.000471, 0.000300, 0.000295
1210, 0.000473, 0.000320, 0.000317
1211, 0.000473, 0.000302, 0.000300
1212, 0.000469, 0.000306, 0.000302
1213, 0.000471, 0.000319, 0.000317
1214, 0.000472, 0.000300, 0.000297
1215, 0.000472, 0.000329, 0.000324
1216, 0.000473, 0.000306, 0.000304
1217, 0.000474, 0.000323, 0.000318
1218, 0.000473, 0.000298, 0.000294
1219, 0.000469, 0.000317, 0.000314
1220, 0.000472, 0.000315, 0.000311
1221, 0.000469, 0.000300, 0.000296
1222, 0.000468, 0.000318, 0.000314
1223, 0.000470, 0.000302, 0.000299
1224, 0.000471, 0.000311, 0.000307
1225, 0.000466, 0.000300, 0.000298
1226, 0.000467, 0.000307, 0.000303
1227, 0.000467, 0.000301, 0.000298
1228, 0.000465, 0.000310, 0.000308
1229, 0.000466, 0.000305, 0.000300
1230, 0.000470, 0.000297, 0.000295
1231, 0.000466, 0.000320, 0.000317
1232, 0.000465, 0.000292, 0.000289
1233, 0.000468, 0.000319, 0.000316
1234, 0.000466, 0.000296, 0.000294
1235, 0.000464, 0.000302, 0.000297
1236, 0.000465, 0.000314, 0.000313
1237, 0.000466, 0.000294, 0.000290
1238, 0.000463, 0.000318, 0.000311
1239, 0.000469, 0.000305, 0.000307
1240, 0.000476, 0.000335, 0.000330
1241, 0.000477, 0.000288, 0.000287
1242, 0.000472, 0.000347, 0.000345
1243, 0.000479, 0.000292, 0.000288
1244, 0.000475, 0.000312, 0.000311
1245, 0.000464, 0.000302, 0.000300
1246, 0.000459, 0.000298, 0.000292
1247, 0.000469, 0.000325, 0.000323
1248, 0.000469, 0.000291, 0.000287
1249, 0.000462, 0.000312, 0.000307
1250, 0.000466, 0.000310, 0.000310
1251, 0.000473, 0.000309, 0.000303
1252, 0.000464, 0.000291, 0.000287
1253, 0.000461, 0.000323, 0.000322
1254, 0.000471, 0.000302, 0.000296
1255, 0.000469, 0.000299, 0.000297
1256, 0.000463, 0.000308, 0.000306
1257, 0.000459, 0.000294, 0.000289
1258, 0.000464, 0.000306, 0.000305
1259, 0.000460, 0.000305, 0.000301
1260, 0.000459, 0.000288, 0.000283
1261, 0.000460, 0.000313, 0.000310
1262, 0.000461, 0.000294, 0.000291
1263, 0.000459, 0.000294, 0.000291
1264, 0.000457, 0.000309, 0.000307
1265, 0.000460, 0.000290, 0.000287
1266, 0.000459, 0.000305, 0.000301
1267, 0.000458, 0.000295, 0.000293
1268, 0.000458, 0.000298, 0.000295
1269, 0.000459, 0.000296, 0.000293
1270, 0.000456, 0.000294, 0.000291
1271, 0.000455, 0.000301, 0.000297
1272, 0.000457, 0.000287, 0.000283
1273, 0.000455, 0.000310, 0.000307
1274, 0.000456, 0.000288, 0.000285
1275, 0.000456, 0.000305, 0.000302
1276, 0.000456, 0.000294, 0.000292
1277, 0.000459, 0.000297, 0.000294
1278, 0.000457, 0.000295, 0.000292
1279, 0.000455, 0.000293, 0.000291
1280, 0.000455, 0.000305, 0.000301
1281, 0.000456, 0.000286, 0.000284
1282, 0.000456, 0.000307, 0.000304
1283, 0.000456, 0.000287, 0.000282
1284, 0.000453, 0.000292, 0.000290
1285, 0.000453, 0.000298, 0.000296
1286, 0.000453, 0.000282, 0.000279
1287, 0.000454, 0.000312, 0.000309
1288, 0.000456, 0.000286, 0.000284
1289, 0.000458, 0.000306, 0.000301
1290, 0.000456, 0.000290, 0.000288
1291, 0.000455, 0.000297, 0.000294
1292, 0.000451, 0.000294, 0.000290
1293, 0.000454, 0.000284, 0.000282
1294, 0.000456, 0.000312, 0.000308
1295, 0.000456, 0.000279, 0.000276
1296, 0.000457, 0.000325, 0.000322
1297, 0.000458, 0.000284, 0.000281
1298, 0.000454, 0.000297, 0.000293
1299, 0.000451, 0.000298, 0.000295
1300, 0.000452, 0.000289, 0.000284
1301, 0.000449, 0.000295, 0.000292
1302, 0.000450, 0.000293, 0.000290
1303, 0.000450, 0.000285, 0.000281
1304, 0.000452, 0.000295, 0.000292
1305, 0.000450, 0.000289, 0.000286
1306, 0.000451, 0.000292, 0.000289
1307, 0.000449, 0.000290, 0.000287
1308, 0.000450, 0.000287, 0.000285
1309, 0.000449, 0.000296, 0.000292
1310, 0.000449, 0.000290, 0.000287
1311, 0.000451, 0.000288, 0.000286
1312, 0.000447, 0.000290, 0.000287
1313, 0.000448, 0.000289, 0.000286
1314, 0.000449, 0.000298, 0.000295
1315, 0.000449, 0.000284, 0.000281
1316, 0.000446, 0.000300, 0.000297
1317, 0.000450, 0.000284, 0.000280
1318, 0.000450, 0.000302, 0.000299
1319, 0.000450, 0.000283, 0.000282
1320, 0.000453, 0.000318, 0.000314
1321, 0.000455, 0.000283, 0.000282
1322, 0.000457, 0.000323, 0.000319
1323, 0.000455, 0.000276, 0.000273
1324, 0.000451, 0.000306, 0.000303
1325, 0.000449, 0.000282, 0.000279
1326, 0.000449, 0.000296, 0.000292
1327, 0.000446, 0.000284, 0.000282
1328, 0.000449, 0.000295, 0.000292
1329, 0.000446, 0.000290, 0.000286
1330, 0.000446, 0.000286, 0.000284
1331, 0.000445, 0.000302, 0.000298
1332, 0.000449, 0.000280, 0.000277
1333, 0.000447, 0.000310, 0.000306
1334, 0.000449, 0.000278, 0.000276
1335, 0.000448, 0.000305, 0.000300
1336, 0.000447, 0.000280, 0.000278
1337, 0.000447, 0.000295, 0.000292
1338, 0.000448, 0.000285, 0.000282
1339, 0.000444, 0.000288, 0.000285
1340, 0.000445, 0.000291, 0.000288
1341, 0.000444, 0.000278, 0.000274
1342, 0.000449, 0.000306, 0.000302
1343, 0.000446, 0.000279, 0.000277
1344, 0.000446, 0.000293, 0.000289
1345, 0.000445, 0.000284, 0.000282
1346, 0.000444, 0.000287, 0.000285
1347, 0.000444, 0.000285, 0.000282
1348, 0.000443, 0.000289, 0.000287
1349, 0.000444, 0.000283, 0.000280
1350, 0.000443, 0.000291, 0.000287
1351, 0.000443, 0.000287, 0.000284
1352, 0.000443, 0.000285, 0.000282
1353, 0.000443, 0.000298, 0.000294
1354, 0.000446, 0.000277, 0.000275
1355, 0.000447, 0.000320, 0.000316
1356, 0.000452, 0.000275, 0.000272
1357, 0.000452, 0.000325, 0.000322
1358, 0.000453, 0.000272, 0.000269
1359, 0.000450, 0.000312, 0.000309
1360, 0.000446, 0.000278, 0.000276
1361, 0.000443, 0.000279, 0.000275
1362, 0.000443, 0.000310, 0.000306
1363, 0.000447, 0.000270, 0.000268
1364, 0.000452, 0.000336, 0.000331
1365, 0.000459, 0.000276, 0.000276
1366, 0.000458, 0.000326, 0.000321
1367, 0.000454, 0.000272, 0.000270
1368, 0.000448, 0.000299, 0.000297
1369, 0.000446, 0.000286, 0.000282
1370, 0.000444, 0.000275, 0.000272
1371, 0.000441, 0.000308, 0.000304
1372, 0.000445, 0.000274, 0.000269
1373, 0.000443, 0.000296, 0.000291
1374, 0.000442, 0.000282, 0.000279
1375, 0.000441, 0.000280, 0.000276
1376, 0.000440, 0.000295, 0.000291
1377, 0.000441, 0.000273, 0.000271
1378, 0.000443, 0.000301, 0.000297
1379, 0.000444, 0.000275, 0.000273
1380, 0.000441, 0.000282, 0.000279
1381, 0.000438, 0.000287, 0.000284
1382, 0.000439, 0.000277, 0.000273
1383, 0.000439, 0.000295, 0.000291
1384, 0.000441, 0.000274, 0.000271
1385, 0.000441, 0.000286, 0.000282
1386, 0.000438, 0.000282, 0.000279
1387, 0.000441, 0.000277, 0.000273
1388, 0.000440, 0.000301, 0.000297
1389, 0.000441, 0.000273, 0.000270
1390, 0.000442, 0.000304, 0.000300
1391, 0.000441, 0.000273, 0.000270
1392, 0.000441, 0.000290, 0.000286
1393, 0.000437, 0.000276, 0.000272
1394, 0.000436, 0.000282, 0.000279
1395, 0.000438, 0.000288, 0.000284
1396, 0.000436, 0.000276, 0.000274
1397, 0.000439, 0.000290, 0.000287
1398, 0.000437, 0.000277, 0.000273
1399, 0.000438, 0.000287, 0.000284
1400, 0.000437, 0.000281, 0.000277
1401, 0.000435, 0.000276, 0.000272
1402, 0.000437, 0.000296, 0.000293
1403, 0.000439, 0.000272, 0.000269
1404, 0.000438, 0.000300, 0.000296
1405, 0.000440, 0.000272, 0.000270
1406, 0.000439, 0.000290, 0.000286
1407, 0.000436, 0.000280, 0.000277
1408, 0.000434, 0.000279, 0.000277
1409, 0.000438, 0.000305, 0.000300
1410, 0.000442, 0.000268, 0.000265
1411, 0.000441, 0.000322, 0.000319
1412, 0.000444, 0.000267, 0.000264
1413, 0.000443, 0.000293, 0.000289
1414, 0.000434, 0.000283, 0.000280
1415, 0.000437, 0.000270, 0.000266
1416, 0.000439, 0.000311, 0.000307
1417, 0.000442, 0.000268, 0.000265
1418, 0.000443, 0.000313, 0.000307
1419, 0.000444, 0.000274, 0.000272
1420, 0.000440, 0.000289, 0.000284
1421, 0.000433, 0.000285, 0.000280
1422, 0.000436, 0.000273, 0.000271
1423, 0.000439, 0.000305, 0.000300
1424, 0.000439, 0.000267, 0.000263
1425, 0.000439, 0.000298, 0.000294
1426, 0.000437, 0.000277, 0.000272
1427, 0.000431, 0.000272, 0.000268
1428, 0.000433, 0.000302, 0.000298
1429, 0.000437, 0.000267, 0.000263
1430, 0.000441, 0.000310, 0.000305
1431, 0.000440, 0.000269, 0.000267
1432, 0.000437, 0.000285, 0.000281
1433, 0.000435, 0.000287, 0.000282
1434, 0.000433, 0.000270, 0.000268
1435, 0.000438, 0.000312, 0.000307
1436, 0.000439, 0.000265, 0.000262
1437, 0.000442, 0.000310, 0.000306
1438, 0.000439, 0.000267, 0.000263
1439, 0.000434, 0.000276, 0.000272
1440, 0.000433, 0.000299, 0.000294
1441, 0.000435, 0.000264, 0.000261
1442, 0.000440, 0.000310, 0.000305
1443, 0.000439, 0.000265, 0.000263
1444, 0.000437, 0.000283, 0.000279
1445, 0.000431, 0.000282, 0.000278
1446, 0.000429, 0.000266, 0.000263
1447, 0.000438, 0.000316, 0.000311
1448, 0.000440, 0.000265, 0.000262
1449, 0.000439, 0.000292, 0.000288
1450, 0.000431, 0.000281, 0.000277
1451, 0.000432, 0.000265, 0.000263
1452, 0.000436, 0.000325, 0.000321
1453, 0.000444, 0.000265, 0.000262
1454, 0.000442, 0.000297, 0.000292
1455, 0.000433, 0.000277, 0.000274
1456, 0.000431, 0.000265, 0.000261
1457, 0.000431, 0.000296, 0.000291
1458, 0.000434, 0.000267, 0.000265
1459, 0.000436, 0.000297, 0.000292
1460, 0.000435, 0.000270, 0.000266
1461, 0.000428, 0.000272, 0.000269
1462, 0.000428, 0.000289, 0.000284
1463, 0.000431, 0.000262, 0.000259
1464, 0.000434, 0.000295, 0.000290
1465, 0.000432, 0.000269, 0.000264
1466, 0.000431, 0.000273, 0.000269
1467, 0.000429, 0.000288, 0.000284
1468, 0.000432, 0.000264, 0.000259
1469, 0.000434, 0.000302, 0.000298
1470, 0.000437, 0.000265, 0.000262
1471, 0.000432, 0.000280, 0.000275
1472, 0.000428, 0.000282, 0.000278
1473, 0.000429, 0.000268, 0.000264
1474, 0.000429, 0.000297, 0.000292
1475, 0.000433, 0.000263, 0.000260
1476, 0.000436, 0.000305, 0.000298
1477, 0.000436, 0.000264, 0.000261
1478, 0.000429, 0.000280, 0.000277
1479, 0.000429, 0.000286, 0.000280
1480, 0.000430, 0.000262, 0.000259
1481, 0.000431, 0.000307, 0.000303
1482, 0.000434, 0.000264, 0.000260
1483, 0.000429, 0.000270, 0.000266
1484, 0.000425, 0.000296, 0.000293
1485, 0.000432, 0.000261, 0.000257
1486, 0.000430, 0.000291, 0.000286
1487, 0.000428, 0.000274, 0.000271
1488, 0.000427, 0.000267, 0.000263
1489, 0.000426, 0.000281, 0.000275
1490, 0.000429, 0.000272, 0.000269
1491, 0.000426, 0.000271, 0.000267
1492, 0.000424, 0.000276, 0.000271
1493, 0.000424, 0.000274, 0.000271
1494, 0.000423, 0.000272, 0.000268
1495, 0.000424, 0.000278, 0.000274
1496, 0.000423, 0.000267, 0.000265
1497, 0.000428, 0.000288, 0.000283
1498, 0.000427, 0.000262, 0.000258
1499, 0.000425, 0.000287, 0.000283
1500, 0.000425, 0.000271, 0.000265
1501, 0.000423, 0.000269, 0.000265
1502, 0.000424, 0.000285, 0.000281
1503, 0.000424, 0.000266, 0.000261
1504, 0.000425, 0.000273, 0.000268
1505, 0.000421, 0.000279, 0.000276
1506, 0.000425, 0.000267, 0.000262
1507, 0.000424, 0.000277, 0.000273
1508, 0.000420, 0.000275, 0.000271
1509, 0.000422, 0.000269, 0.000263
1510, 0.000422, 0.000277, 0.000272
1511, 0.000421, 0.000272, 0.000268
1512, 0.000423, 0.000270, 0.000265
1513, 0.000422, 0.000275, 0.000269
1514, 0.000422, 0.000272, 0.000268
1515, 0.000423, 0.000273, 0.000268
1516, 0.000420, 0.000275, 0.000271
1517, 0.000421, 0.000268, 0.000265
1518, 0.000421, 0.000280, 0.000275
1519, 0.000420, 0.000269, 0.000264
1520, 0.000421, 0.000277, 0.000273
1521, 0.000421, 0.000270, 0.000266
1522, 0.000420, 0.000270, 0.000265
1523, 0.000419, 0.000275, 0.000270
1524, 0.000424, 0.000270, 0.000264
1525, 0.000421, 0.000275, 0.000269
1526, 0.000420, 0.000267, 0.000263
1527, 0.000422, 0.000285, 0.000279
1528, 0.000423, 0.000260, 0.000257
1529, 0.000422, 0.000281, 0.000277
1530, 0.000421, 0.000267, 0.000262
1531, 0.000421, 0.000270, 0.000267
1532, 0.000420, 0.000279, 0.000275
1533, 0.000419, 0.000267, 0.000261
1534, 0.000422, 0.000286, 0.000282
1535, 0.000420, 0.000265, 0.000260
1536, 0.000417, 0.000275, 0.000269
1537, 0.000420, 0.000281, 0.000277
1538, 0.000420, 0.000260, 0.000256
1539, 0.000417, 0.000286, 0.000280
1540, 0.000421, 0.000265, 0.000262
1541, 0.000422, 0.000284, 0.000278
1542, 0.000420, 0.000264, 0.000259
1543, 0.000417, 0.000277, 0.000274
1544, 0.000417, 0.000269, 0.000265
1545, 0.000419, 0.000267, 0.000263
1546, 0.000419, 0.000275, 0.000273
1547, 0.000419, 0.000271, 0.000267
1548, 0.000419, 0.000266, 0.000261
1549, 0.000415, 0.000289, 0.000285
1550, 0.000421, 0.000259, 0.000254
1551, 0.000422, 0.000295, 0.000289
1552, 0.000421, 0.000263, 0.000260
1553, 0.000418, 0.000270, 0.000265
1554, 0.000417, 0.000286, 0.000280
1555, 0.000419, 0.000258, 0.000254
1556, 0.000421, 0.000309, 0.000302
1557, 0.000427, 0.000257, 0.000253
1558, 0.000422, 0.000284, 0.000278
1559, 0.000418, 0.000265, 0.000260
1560, 0.000416, 0.000270, 0.000265
1561, 0.000415, 0.000269, 0.000264
1562, 0.000416, 0.000268, 0.000263
1563, 0.000414, 0.000267, 0.000263
1564, 0.000413, 0.000270, 0.000265
1565, 0.000412, 0.000263, 0.000257
1566, 0.000414, 0.000277, 0.000272
1567, 0.000418, 0.000263, 0.000258
1568, 0.000415, 0.000277, 0.000271
1569, 0.000415, 0.000263, 0.000259
1570, 0.000416, 0.000287, 0.000282
1571, 0.000417, 0.000256, 0.000252
1572, 0.000418, 0.000293, 0.000287
1573, 0.000418, 0.000256, 0.000253
1574, 0.000417, 0.000283, 0.000277
1575, 0.000414, 0.000261, 0.000256
1576, 0.000413, 0.000268, 0.000264
1577, 0.000413, 0.000272, 0.000266
1578, 0.000411, 0.000256, 0.000251
1579, 0.000418, 0.000294, 0.000289
1580, 0.000420, 0.000253, 0.000248
1581, 0.000418, 0.000289, 0.000283
1582, 0.000416, 0.000259, 0.000255
1583, 0.000416, 0.000281, 0.000275
1584, 0.000414, 0.000265, 0.000259
1585, 0.000413, 0.000261, 0.000256
1586, 0.000411, 0.000281, 0.000275
1587, 0.000414, 0.000260, 0.000254
1588, 0.000412, 0.000264, 0.000259
1589, 0.000412, 0.000291, 0.000285
1590, 0.000416, 0.000252, 0.000248
1591, 0.000420, 0.000319, 0.000313
1592, 0.000426, 0.000250, 0.000246
1593, 0.000425, 0.000297, 0.000291
1594, 0.000416, 0.000261, 0.000256
1595, 0.000411, 0.000254, 0.000249
1596, 0.000411, 0.000299, 0.000292
1597, 0.000417, 0.000250, 0.000246
1598, 0.000421, 0.000297, 0.000290
1599, 0.000418, 0.000251, 0.000246
1600, 0.000411, 0.000268, 0.000263
1601, 0.000411, 0.000270, 0.000265
1602, 0.000408, 0.000253, 0.000249
1603, 0.000412, 0.000290, 0.000284
1604, 0.000413, 0.000251, 0.000246
1605, 0.000412, 0.000270, 0.000265
1606, 0.000410, 0.000267, 0.000261
1607, 0.000408, 0.000250, 0.000245
1608, 0.000409, 0.000287, 0.000281
1609, 0.000413, 0.000254, 0.000250
1610, 0.000412, 0.000269, 0.000262
1611, 0.000408, 0.000264, 0.000259
1612, 0.000408, 0.000262, 0.000257
1613, 0.000407, 0.000262, 0.000256
1614, 0.000409, 0.000270, 0.000265
1615, 0.000407, 0.000258, 0.000253
1616, 0.000409, 0.000272, 0.000265
1617, 0.000407, 0.000257, 0.000251
1618, 0.000409, 0.000269, 0.000263
1619, 0.000408, 0.000262, 0.000256
1620, 0.000408, 0.000254, 0.000249
1621, 0.000408, 0.000294, 0.000287
1622, 0.000411, 0.000247, 0.000242
1623, 0.000414, 0.000290, 0.000283
1624, 0.000411, 0.000252, 0.000248
1625, 0.000409, 0.000262, 0.000256
1626, 0.000405, 0.000279, 0.000273
1627, 0.000406, 0.000249, 0.000244
1628, 0.000411, 0.000293, 0.000285
1629, 0.000412, 0.000247, 0.000242
1630, 0.000409, 0.000271, 0.000265
1631, 0.000408, 0.000262, 0.000256
1632, 0.000407, 0.000251, 0.000246
1633, 0.000407, 0.000286, 0.000279
1634, 0.000409, 0.000247, 0.000241
1635, 0.000409, 0.000279, 0.000272
1636, 0.000410, 0.000251, 0.000245
1637, 0.000406, 0.000267, 0.000261
1638, 0.000404, 0.000266, 0.000260
1639, 0.000404, 0.000253, 0.000248
1640, 0.000403, 0.000275, 0.000269
1641, 0.000408, 0.000249, 0.000243
1642, 0.000406, 0.000272, 0.000265
1643, 0.000404, 0.000252, 0.000247
1644, 0.000404, 0.000265, 0.000259
1645, 0.000403, 0.000264, 0.000258
1646, 0.000403, 0.000253, 0.000248
1647, 0.000402, 0.000265, 0.000258
1648, 0.000404, 0.000257, 0.000251
1649, 0.000402, 0.000261, 0.000255
1650, 0.000404, 0.000262, 0.000254
1651, 0.000407, 0.000256, 0.000251
1652, 0.000402, 0.000274, 0.000267
1653, 0.000404, 0.000248, 0.000242
1654, 0.000405, 0.000277, 0.000272
1655, 0.000403, 0.000253, 0.000247
1656, 0.000398, 0.000253, 0.000246
1657, 0.000404, 0.000279, 0.000274
1658, 0.000405, 0.000246, 0.000240
1659, 0.000405, 0.000277, 0.000269
1660, 0.000404, 0.000255, 0.000251
1661, 0.000404, 0.000261, 0.000254
1662, 0.000401, 0.000268, 0.000261
1663, 0.000401, 0.000255, 0.000251
1664, 0.000404, 0.000270, 0.000263
1665, 0.000400, 0.000249, 0.000243
1666, 0.000401, 0.000273, 0.000267
1667, 0.000403, 0.000251, 0.000245
1668, 0.000400, 0.000257, 0.000250
1669, 0.000399, 0.000263, 0.000256
1670, 0.000400, 0.000247, 0.000241
1671, 0.000403, 0.000280, 0.000272
1672, 0.000404, 0.000243, 0.000237
1673, 0.000403, 0.000294, 0.000286
1674, 0.000408, 0.000242, 0.000237
1675, 0.000406, 0.000285, 0.000278
1676, 0.000402, 0.000253, 0.000247
1677, 0.000397, 0.000247, 0.000241
1678, 0.000399, 0.000284, 0.000276
1679, 0.000403, 0.000240, 0.000234
1680, 0.000406, 0.000296, 0.000288
1681, 0.000406, 0.000244, 0.000238
1682, 0.000401, 0.000259, 0.000252
1683, 0.000395, 0.000272, 0.000265
1684, 0.000399, 0.000238, 0.000233
1685, 0.000405, 0.000300, 0.000291
1686, 0.000407, 0.000241, 0.000236
1687, 0.000402, 0.000263, 0.000256
1688, 0.000397, 0.000263, 0.000256
1689, 0.000395, 0.000244, 0.000239
1690, 0.000398, 0.000284, 0.000277
1691, 0.000401, 0.000242, 0.000236
1692, 0.000398, 0.000261, 0.000254
1693, 0.000395, 0.000267, 0.000260
1694, 0.000396, 0.000243, 0.000237
1695, 0.000398, 0.000280, 0.000271
1696, 0.000398, 0.000240, 0.000234
1697, 0.000400, 0.000269, 0.000261
1698, 0.000396, 0.000249, 0.000241
1699, 0.000395, 0.000247, 0.000240
1700, 0.000395, 0.000273, 0.000265
1701, 0.000396, 0.000242, 0.000235
1702, 0.000397, 0.000272, 0.000264
1703, 0.000398, 0.000249, 0.000242
1704, 0.000395, 0.000250, 0.000243
1705, 0.000392, 0.000264, 0.000256
1706, 0.000393, 0.000245, 0.000238
1707, 0.000394, 0.000267, 0.000259
1708, 0.000394, 0.000247, 0.000240
1709, 0.000393, 0.000256, 0.000248
1710, 0.000392, 0.000255, 0.000247
1711, 0.000392, 0.000248, 0.000241
1712, 0.000391, 0.000256, 0.000249
1713, 0.000394, 0.000254, 0.000247
1714, 0.000392, 0.000253, 0.000246
1715, 0.000391, 0.000255, 0.000250
1716, 0.000392, 0.000256, 0.000249
1717, 0.000392, 0.000240, 0.000234
1718, 0.000394, 0.000280, 0.000272
1719, 0.000396, 0.000235, 0.000229
1720, 0.000400, 0.000286, 0.000278
1721, 0.000399, 0.000238, 0.000231
1722, 0.000393, 0.000255, 0.000247
1723, 0.000391, 0.000263, 0.000255
1724, 0.000391, 0.000239, 0.000233
1725, 0.000396, 0.000280, 0.000271
1726, 0.000395, 0.000238, 0.000231
1727, 0.000392, 0.000264, 0.000257
1728, 0.000392, 0.000247, 0.000240
1729, 0.000389, 0.000252, 0.000245
1730, 0.000386, 0.000261, 0.000255
1731, 0.000391, 0.000242, 0.000235
1732, 0.000393, 0.000275, 0.000267
1733, 0.000395, 0.000238, 0.000232
1734, 0.000393, 0.000271, 0.000262
1735, 0.000389, 0.000241, 0.000234
1736, 0.000388, 0.000250, 0.000244
1737, 0.000390, 0.000262, 0.000254
1738, 0.000389, 0.000236, 0.000229
1739, 0.000392, 0.000273, 0.000266
1740, 0.000391, 0.000239, 0.000232
1741, 0.000390, 0.000258, 0.000250
1742, 0.000388, 0.000245, 0.000238
1743, 0.000389, 0.000258, 0.000250
1744, 0.000387, 0.000250, 0.000242
1745, 0.000388, 0.000254, 0.000247
1746, 0.000388, 0.000255, 0.000247
1747, 0.000386, 0.000242, 0.000234
1748, 0.000389, 0.000269, 0.000262
1749, 0.000391, 0.000241, 0.000233
1750, 0.000388, 0.000265, 0.000256
1751, 0.000387, 0.000244, 0.000237
1752, 0.000387, 0.000258, 0.000249
1753, 0.000388, 0.000246, 0.000239
1754, 0.000385, 0.000245, 0.000237
1755, 0.000386, 0.000259, 0.000251
1756, 0.000386, 0.000240, 0.000234
1757, 0.000388, 0.000264, 0.000256
1758, 0.000387, 0.000239, 0.000231
1759, 0.000386, 0.000257, 0.000250
1760, 0.000386, 0.000250, 0.000242
1761, 0.000386, 0.000239, 0.000231
1762, 0.000386, 0.000269, 0.000261
1763, 0.000388, 0.000237, 0.000229
1764, 0.000387, 0.000265, 0.000256
1765, 0.000385, 0.000241, 0.000234
1766, 0.000386, 0.000255, 0.000246
1767, 0.000383, 0.000255, 0.000246
1768, 0.000385, 0.000234, 0.000227
1769, 0.000387, 0.000277, 0.000268
1770, 0.000389, 0.000229, 0.000222
1771, 0.000386, 0.000263, 0.000255
1772, 0.000384, 0.000244, 0.000236
1773, 0.000382, 0.000239, 0.000230
1774, 0.000383, 0.000264, 0.000255
1775, 0.000383, 0.000232, 0.000224
1776, 0.000386, 0.000279, 0.000268
1777, 0.000387, 0.000230, 0.000222
1778, 0.000386, 0.000266, 0.000258
1779, 0.000384, 0.000240, 0.000233
1780, 0.000381, 0.000247, 0.000240
1781, 0.000380, 0.000254, 0.000246
1782, 0.000383, 0.000233, 0.000225
1783, 0.000384, 0.000272, 0.000264
1784, 0.000385, 0.000229, 0.000222
1785, 0.000386, 0.000264, 0.000255
1786, 0.000386, 0.000239, 0.000231
1787, 0.000381, 0.000241, 0.000233
1788, 0.000381, 0.000260, 0.000250
1789, 0.000382, 0.000226, 0.000219
1790, 0.000384, 0.000276, 0.000267
1791, 0.000384, 0.000231, 0.000224
1792, 0.000381, 0.000243, 0.000235
1793, 0.000379, 0.000262, 0.000253
1794, 0.000380, 0.000228, 0.000220
1795, 0.000385, 0.000275, 0.000264
1796, 0.000385, 0.000227, 0.000218
1797, 0.000382, 0.000257, 0.000247
1798, 0.000378, 0.000246, 0.000237
1799, 0.000378, 0.000235, 0.000227
1800, 0.000380, 0.000272, 0.000262
1801, 0.000382, 0.000228, 0.000220
1802, 0.000381, 0.000259, 0.000249
1803, 0.000379, 0.000241, 0.000231
1804, 0.000379, 0.000240, 0.000231
1805, 0.000378, 0.000251, 0.000241
1806, 0.000378, 0.000237, 0.000227
1807, 0.000377, 0.000246, 0.000238
1808, 0.000377, 0.000244, 0.000235
1809, 0.000376, 0.000233, 0.000225
1810, 0.000377, 0.000252, 0.000243
1811, 0.000376, 0.000241, 0.000231
1812, 0.000375, 0.000237, 0.000228
1813, 0.000377, 0.000245, 0.000237
1814, 0.000376, 0.000242, 0.000234
1815, 0.000376, 0.000240, 0.000230
1816, 0.000376, 0.000253, 0.000244
1817, 0.000377, 0.000235, 0.000227
1818, 0.000377, 0.000252, 0.000242
1819, 0.000376, 0.000238, 0.000230
1820, 0.000373, 0.000240, 0.000230
1821, 0.000375, 0.000242, 0.000232
1822, 0.000374, 0.000236, 0.000227
1823, 0.000374, 0.000252, 0.000242
1824, 0.000375, 0.000235, 0.000225
1825, 0.000373, 0.000249, 0.000239
1826, 0.000372, 0.000240, 0.000230
1827, 0.000371, 0.000243, 0.000233
1828, 0.000371, 0.000247, 0.000237
1829, 0.000372, 0.000241, 0.000231
1830, 0.000375, 0.000241, 0.000231
1831, 0.000373, 0.000251, 0.000241
1832, 0.000375, 0.000227, 0.000219
1833, 0.000374, 0.000262, 0.000253
1834, 0.000375, 0.000228, 0.000219
1835, 0.000373, 0.000242, 0.000233
1836, 0.000371, 0.000254, 0.000245
1837, 0.000373, 0.000219, 0.000210
1838, 0.000381, 0.000294, 0.000282
1839, 0.000383, 0.000220, 0.000212
1840, 0.000381, 0.000273, 0.000261
1841, 0.000375, 0.000232, 0.000222
1842, 0.000372, 0.000235, 0.000225
1843, 0.000371, 0.000272, 0.000261
1844, 0.000374, 0.000221, 0.000212
1845, 0.000381, 0.000285, 0.000274
1846, 0.000382, 0.000217, 0.000209
1847, 0.000381, 0.000274, 0.000264
1848, 0.000377, 0.000227, 0.000218
1849, 0.000370, 0.000238, 0.000228
1850, 0.000372, 0.000260, 0.000250
1851, 0.000373, 0.000219, 0.000210
1852, 0.000377, 0.000287, 0.000275
1853, 0.000384, 0.000219, 0.000211
1854, 0.000379, 0.000261, 0.000250
1855, 0.000375, 0.000232, 0.000223
1856, 0.000369, 0.000230, 0.000222
1857, 0.000372, 0.000258, 0.000247
1858, 0.000371, 0.000223, 0.000213
1859, 0.000370, 0.000250, 0.000241
1860, 0.000371, 0.000237, 0.000226
1861, 0.000369, 0.000226, 0.000216
1862, 0.000370, 0.000263, 0.000253
1863, 0.000372, 0.000218, 0.000209
1864, 0.000372, 0.000255, 0.000244
1865, 0.000371, 0.000231, 0.000222
1866, 0.000369, 0.000231, 0.000221
1867, 0.000369, 0.000245, 0.000234
1868, 0.000368, 0.000226, 0.000217
1869, 0.000366, 0.000241, 0.000230
1870, 0.000368, 0.000231, 0.000221
1871, 0.000368, 0.000238, 0.000228
1872, 0.000368, 0.000233, 0.000223
1873, 0.000366, 0.000234, 0.000225
1874, 0.000365, 0.000241, 0.000231
1875, 0.000367, 0.000231, 0.000220
1876, 0.000366, 0.000239, 0.000228
1877, 0.000365, 0.000235, 0.000224
1878, 0.000366, 0.000223, 0.000213
1879, 0.000367, 0.000262, 0.000250
1880, 0.000370, 0.000215, 0.000205
1881, 0.000371, 0.000272, 0.000259
1882, 0.000370, 0.000217, 0.000207
1883, 0.000367, 0.000244, 0.000234
1884, 0.000364, 0.000231, 0.000220
1885, 0.000363, 0.000223, 0.000213
1886, 0.000365, 0.000251, 0.000241
1887, 0.000366, 0.000222, 0.000212
1888, 0.000364, 0.000233, 0.000224
1889, 0.000363, 0.000247, 0.000236
1890, 0.000363, 0.000220, 0.000209
1891, 0.000365, 0.000249, 0.000237
1892, 0.000363, 0.000223, 0.000213
1893, 0.000365, 0.000247, 0.000234
1894, 0.000365, 0.000221, 0.000211
1895, 0.000363, 0.000247, 0.000237
1896, 0.000365, 0.000220, 0.000209
1897, 0.000363, 0.000241, 0.000231
1898, 0.000363, 0.000229, 0.000219
1899, 0.000360, 0.000227, 0.000216
1900, 0.000360, 0.000242, 0.000232
1901, 0.000360, 0.000217, 0.000207
1902, 0.000363, 0.000259, 0.000247
1903, 0.000365, 0.000217, 0.000208
1904, 0.000363, 0.000243, 0.000232
1905, 0.000362, 0.000223, 0.000213
1906, 0.000359, 0.000234, 0.000223
1907, 0.000360, 0.000235, 0.000224
1908, 0.000357, 0.000221, 0.000210
1909, 0.000361, 0.000251, 0.000239
1910, 0.000362, 0.000216, 0.000206
1911, 0.000362, 0.000248, 0.000236
1912, 0.000360, 0.000223, 0.000212
1913, 0.000361, 0.000231, 0.000220
1914, 0.000358, 0.000241, 0.000228
1915, 0.000359, 0.000216, 0.000206
1916, 0.000360, 0.000250, 0.000237
1917, 0.000362, 0.000213, 0.000202
1918, 0.000360, 0.000243, 0.000231
1919, 0.000358, 0.000234, 0.000222
1920, 0.000359, 0.000216, 0.000206
1921, 0.000359, 0.000257, 0.000245
1922, 0.000361, 0.000211, 0.000201
1923, 0.000364, 0.000264, 0.000251
1924, 0.000363, 0.000212, 0.000202
1925, 0.000363, 0.000255, 0.000243
1926, 0.000361, 0.000219, 0.000208
1927, 0.000360, 0.000242, 0.000230
1928, 0.000355, 0.000218, 0.000207
1929, 0.000356, 0.000239, 0.000227
1930, 0.000357, 0.000222, 0.000211
1931, 0.000358, 0.000227, 0.000216
1932, 0.000356, 0.000241, 0.000228
1933, 0.000357, 0.000217, 0.000206
1934, 0.000358, 0.000238, 0.000227
1935, 0.000357, 0.000225, 0.000214
1936, 0.000355, 0.000222, 0.000212
1937, 0.000354, 0.000231, 0.000220
1938, 0.000354, 0.000223, 0.000212
1939, 0.000355, 0.000224, 0.000213
1940, 0.000355, 0.000232, 0.000220
1941, 0.000354, 0.000223, 0.000211
1942, 0.000353, 0.000237, 0.000224
1943, 0.000355, 0.000225, 0.000214
1944, 0.000352, 0.000222, 0.000211
1945, 0.000353, 0.000239, 0.000227
1946, 0.000357, 0.000214, 0.000204
1947, 0.000353, 0.000244, 0.000233
1948, 0.000353, 0.000219, 0.000209
1949, 0.000355, 0.000223, 0.000212
1950, 0.000353, 0.000246, 0.000235
1951, 0.000354, 0.000209, 0.000199
1952, 0.000359, 0.000267, 0.000255
1953, 0.000361, 0.000204, 0.000194
1954, 0.000364, 0.000269, 0.000257
1955, 0.000360, 0.000212, 0.000201
1956, 0.000353, 0.000226, 0.000214
1957, 0.000353, 0.000247, 0.000235
1958, 0.000354, 0.000206, 0.000196
1959, 0.000356, 0.000264, 0.000250
1960, 0.000359, 0.000206, 0.000195
1961, 0.000357, 0.000252, 0.000240
1962, 0.000353, 0.000214, 0.000203
1963, 0.000351, 0.000220, 0.000208
1964, 0.000351, 0.000248, 0.000234
1965, 0.000354, 0.000205, 0.000194
1966, 0.000357, 0.000254, 0.000241
1967, 0.000354, 0.000212, 0.000201
1968, 0.000351, 0.000220, 0.000209
1969, 0.000352, 0.000248, 0.000235
1970, 0.000353, 0.000204, 0.000194
1971, 0.000355, 0.000255, 0.000242
1972, 0.000353, 0.000216, 0.000204
1973, 0.000349, 0.000216, 0.000204
1974, 0.000350, 0.000247, 0.000234
1975, 0.000353, 0.000204, 0.000192
1976, 0.000356, 0.000264, 0.000251
1977, 0.000356, 0.000201, 0.000190
1978, 0.000355, 0.000250, 0.000237
1979, 0.000353, 0.000214, 0.000203
1980, 0.000348, 0.000214, 0.000203
1981, 0.000348, 0.000241, 0.000229
1982, 0.000351, 0.000206, 0.000195
1983, 0.000349, 0.000234, 0.000222
1984, 0.000349, 0.000215, 0.000203
1985, 0.000348, 0.000217, 0.000206
1986, 0.000347, 0.000229, 0.000217
1987, 0.000346, 0.000213, 0.000202
1988, 0.000348, 0.000233, 0.000223
1989, 0.000347, 0.000212, 0.000201
1990, 0.000350, 0.000230, 0.000218
1991, 0.000348, 0.000217, 0.000205
1992, 0.000345, 0.000224, 0.000211
1993, 0.000347, 0.000220, 0.000207
1994, 0.000347, 0.000228, 0.000215
1995, 0.000348, 0.000217, 0.000204
1996, 0.000348, 0.000224, 0.000211
1997, 0.000346, 0.000217, 0.000205
1998, 0.000345, 0.000225, 0.000212
1999, 0.000347, 0.000215, 0.000203
2000, 0.000344, 0.000221, 0.000209
2001, 0.000344, 0.000226, 0.000213
2002, 0.000344, 0.000212, 0.000200
2003, 0.000347, 0.000231, 0.000218
2004, 0.000344, 0.000213, 0.000200
2005, 0.000344, 0.000220, 0.000207
2006, 0.000343, 0.000223, 0.000210
2007, 0.000343, 0.000214, 0.000202
2008, 0.000343, 0.000230, 0.000218
2009, 0.000344, 0.000211, 0.000199
2010, 0.000346, 0.000230, 0.000217
2011, 0.000345, 0.000217, 0.000204
2012, 0.000344, 0.000219, 0.000206
2013, 0.000345, 0.000231, 0.000218
2014, 0.000344, 0.000209, 0.000196
2015, 0.000344, 0.000244, 0.000230
2016, 0.000344, 0.000206, 0.000194
2017, 0.000345, 0.000235, 0.000221
2018, 0.000344, 0.000218, 0.000205
2019, 0.000342, 0.000213, 0.000200
2020, 0.000341, 0.000236, 0.000223
2021, 0.000345, 0.000198, 0.000185
2022, 0.000349, 0.000267, 0.000252
2023, 0.000351, 0.000197, 0.000185
2024, 0.000351, 0.000247, 0.000233
2025, 0.000344, 0.000213, 0.000202
2026, 0.000342, 0.000219, 0.000206
2027, 0.000343, 0.000231, 0.000218
2028, 0.000342, 0.000198, 0.000187
2029, 0.000352, 0.000278, 0.000263
2030, 0.000355, 0.000195, 0.000183
2031, 0.000358, 0.000284, 0.000270
2032, 0.000356, 0.000195, 0.000183
2033, 0.000349, 0.000243, 0.000229
2034, 0.000342, 0.000210, 0.000198
2035, 0.000341, 0.000207, 0.000194
2036, 0.000340, 0.000245, 0.000231
2037, 0.000343, 0.000196, 0.000183
2038, 0.000348, 0.000267, 0.000253
2039, 0.000352, 0.000194, 0.000183
2040, 0.000350, 0.000244, 0.000229
2041, 0.000344, 0.000204, 0.000191
2042, 0.000340, 0.000210, 0.000198
2043, 0.000338, 0.000236, 0.000221
2044, 0.000342, 0.000196, 0.000184
2045, 0.000343, 0.000238, 0.000225
2046, 0.000341, 0.000205, 0.000193
2047, 0.000339, 0.000209, 0.000197
2048, 0.000339, 0.000241, 0.000228
2049, 0.000343, 0.000191, 0.000179
2050, 0.000345, 0.000259, 0.000243
2051, 0.000346, 0.000195, 0.000183
2052, 0.000341, 0.000221, 0.000206
2053, 0.000336, 0.000222, 0.000207
2054, 0.000338, 0.000201, 0.000189
2055, 0.000337, 0.000223, 0.000209
2056, 0.000337, 0.000208, 0.000194
2057, 0.000338, 0.000206, 0.000193
2058, 0.000336, 0.000233, 0.000219
2059, 0.000341, 0.000196, 0.000183
2060, 0.000341, 0.000239, 0.000225
2061, 0.000339, 0.000202, 0.000189
2062, 0.000336, 0.000213, 0.000200
2063, 0.000335, 0.000218, 0.000204
2064, 0.000334, 0.000200, 0.000187
2065, 0.000334, 0.000227, 0.000213
2066, 0.000335, 0.000204, 0.000191
2067, 0.000338, 0.000213, 0.000200
2068, 0.000336, 0.000220, 0.000206
2069, 0.000336, 0.000203, 0.000189
2070, 0.000333, 0.000216, 0.000202
2071, 0.000334, 0.000215, 0.000202
2072, 0.000337, 0.000204, 0.000190
2073, 0.000334, 0.000224, 0.000210
2074, 0.000335, 0.000209, 0.000197
2075, 0.000336, 0.000213, 0.000200
2076, 0.000334, 0.000222, 0.000208
2077, 0.000336, 0.000203, 0.000191
2078, 0.000337, 0.000221, 0.000207
2079, 0.000334, 0.000208, 0.000194
2080, 0.000333, 0.000209, 0.000196
2081, 0.000333, 0.000230, 0.000215
2082, 0.000333, 0.000196, 0.000182
2083, 0.000337, 0.000240, 0.000225
2084, 0.000338, 0.000199, 0.000186
2085, 0.000334, 0.000216, 0.000203
2086, 0.000333, 0.000223, 0.000210
2087, 0.000335, 0.000198, 0.000185
2088, 0.000333, 0.000228, 0.000214
2089, 0.000333, 0.000206, 0.000193
2090, 0.000331, 0.000213, 0.000199
2091, 0.000331, 0.000206, 0.000193
2092, 0.000331, 0.000211, 0.000197
2093, 0.000330, 0.000210, 0.000196
2094, 0.000330, 0.000207, 0.000194
2095, 0.000330, 0.000215, 0.000201
2096, 0.000329, 0.000207, 0.000193
2097, 0.000330, 0.000211, 0.000197
2098, 0.000330, 0.000213, 0.000199
2099, 0.000331, 0.000203, 0.000189
2100, 0.000332, 0.000226, 0.000212
2101, 0.000331, 0.000200, 0.000186
2102, 0.000331, 0.000234, 0.000219
2103, 0.000332, 0.000193, 0.000180
2104, 0.000333, 0.000237, 0.000222
2105, 0.000334, 0.000199, 0.000186
2106, 0.000331, 0.000220, 0.000206
2107, 0.000329, 0.000211, 0.000197
2108, 0.000328, 0.000201, 0.000187
2109, 0.000328, 0.000227, 0.000213
2110, 0.000332, 0.000201, 0.000187
2111, 0.000329, 0.000213, 0.000199
2112, 0.000328, 0.000215, 0.000200
2113, 0.000329, 0.000206, 0.000192
2114, 0.000329, 0.000217, 0.000202
2115, 0.000329, 0.000212, 0.000197
2116, 0.000328, 0.000211, 0.000196
2117, 0.000326, 0.000215, 0.000200
2118, 0.000329, 0.000208, 0.000193
2119, 0.000328, 0.000222, 0.000207
2120, 0.000327, 0.000200, 0.000186
2121, 0.000328, 0.000227, 0.000213
2122, 0.000325, 0.000202, 0.000188
2123, 0.000329, 0.000207, 0.000192
2124, 0.000327, 0.000215, 0.000201
2125, 0.000326, 0.000196, 0.000182
2126, 0.000328, 0.000230, 0.000215
2127, 0.000328, 0.000194, 0.000181
2128, 0.000328, 0.000233, 0.000218
2129, 0.000330, 0.000201, 0.000186
2130, 0.000327, 0.000223, 0.000207
2131, 0.000327, 0.000210, 0.000195
2132, 0.000327, 0.000209, 0.000194
2133, 0.000327, 0.000219, 0.000204
2134, 0.000326, 0.000201, 0.000187
2135, 0.000325, 0.000225, 0.000210
2136, 0.000325, 0.000196, 0.000182
2137, 0.000328, 0.000226, 0.000211
2138, 0.000325, 0.000195, 0.000181
2139, 0.000326, 0.000216, 0.000200
2140, 0.000324, 0.000224, 0.000209
2141, 0.000327, 0.000189, 0.000175
2142, 0.000331, 0.000268, 0.000251
2143, 0.000335, 0.000183, 0.000169
2144, 0.000337, 0.000268, 0.000252
2145, 0.000337, 0.000189, 0.000176
2146, 0.000332, 0.000229, 0.000215
2147, 0.000323, 0.000212, 0.000198
2148, 0.000324, 0.000194, 0.000180
2149, 0.000324, 0.000232, 0.000216
2150, 0.000325, 0.000192, 0.000178
2151, 0.000328, 0.000221, 0.000206
2152, 0.000323, 0.000206, 0.000191
2153, 0.000323, 0.000200, 0.000185
2154, 0.000322, 0.000220, 0.000205
2155, 0.000323, 0.000197, 0.000183
2156, 0.000321, 0.000211, 0.000196
2157, 0.000322, 0.000209, 0.000195
2158, 0.000323, 0.000196, 0.000182
2159, 0.000322, 0.000224, 0.000209
2160, 0.000322, 0.000192, 0.000178
2161, 0.000323, 0.000226, 0.000210
2162, 0.000325, 0.000192, 0.000178
2163, 0.000322, 0.000223, 0.000208
2164, 0.000323, 0.000203, 0.000187
2165, 0.000322, 0.000207, 0.000192
2166, 0.000319, 0.000209, 0.000194
2167, 0.000320, 0.000215, 0.000199
2168, 0.000322, 0.000195, 0.000180
2169, 0.000321, 0.000232, 0.000216
2170, 0.000323, 0.000189, 0.000175
2171, 0.000324, 0.000233, 0.000217
2172, 0.000324, 0.000190, 0.000176
2173, 0.000322, 0.000229, 0.000215
2174, 0.000323, 0.000193, 0.000178
2175, 0.000323, 0.000220, 0.000205
2176, 0.000321, 0.000201, 0.000186
2177, 0.000322, 0.000209, 0.000194
2178, 0.000317, 0.000206, 0.000191
2179, 0.000318, 0.000207, 0.000192
2180, 0.000321, 0.000203, 0.000188
2181, 0.000318, 0.000213, 0.000197
2182, 0.000319, 0.000199, 0.000184
2183, 0.000319, 0.000215, 0.000198
2184, 0.000319, 0.000191, 0.000176
2185, 0.000320, 0.000227, 0.000211
2186, 0.000319, 0.000194, 0.000179
2187, 0.000318, 0.000217, 0.000202
2188, 0.000317, 0.000206, 0.000192
2189, 0.000317, 0.000193, 0.000179
2190, 0.000319, 0.000232, 0.000217
2191, 0.000320, 0.000187, 0.000172
2192, 0.000321, 0.000235, 0.000219
2193, 0.000321, 0.000191, 0.000176
2194, 0.000322, 0.000213, 0.000197
2195, 0.000317, 0.000206, 0.000191
2196, 0.000317, 0.000201, 0.000186
2197, 0.000315, 0.000228, 0.000211
2198, 0.000319, 0.000184, 0.000170
2199, 0.000324, 0.000243, 0.000226
2200, 0.000322, 0.000184, 0.000169
2201, 0.000321, 0.000232, 0.000217
2202, 0.000322, 0.000191, 0.000177
2203, 0.000316, 0.000212, 0.000196
2204, 0.000315, 0.000210, 0.000196
2205, 0.000317, 0.000194, 0.000179
2206, 0.000318, 0.000237, 0.000220
2207, 0.000319, 0.000182, 0.000167
2208, 0.000324, 0.000263, 0.000245
2209, 0.000326, 0.000181, 0.000165
2210, 0.000321, 0.000231, 0.000213
2211, 0.000318, 0.000204, 0.000188
2212, 0.000318, 0.000188, 0.000173
2213, 0.000320, 0.000243, 0.000226
2214, 0.000321, 0.000179, 0.000165
2215, 0.000322, 0.000242, 0.000226
2216, 0.000321, 0.000182, 0.000168
2217, 0.000318, 0.000212, 0.000197
2218, 0.000315, 0.000215, 0.000199
2219, 0.000315, 0.000184, 0.000169
2220, 0.000319, 0.000249, 0.000231
2221, 0.000321, 0.000180, 0.000165
2222, 0.000319, 0.000228, 0.000210
2223, 0.000317, 0.000197, 0.000182
2224, 0.000315, 0.000202, 0.000187
2225, 0.000314, 0.000217, 0.000201
2226, 0.000313, 0.000187, 0.000173
2227, 0.000314, 0.000219, 0.000203
2228, 0.000314, 0.000189, 0.000174
2229, 0.000315, 0.000210, 0.000193
2230, 0.000312, 0.000197, 0.000182
2231, 0.000315, 0.000208, 0.000191
2232, 0.000312, 0.000197, 0.000181
2233, 0.000313, 0.000206, 0.000191
2234, 0.000313, 0.000200, 0.000184
2235, 0.000312, 0.000199, 0.000183
2236, 0.000313, 0.000217, 0.000201
2237, 0.000314, 0.000190, 0.000175
2238, 0.000313, 0.000222, 0.000205
2239, 0.000314, 0.000190, 0.000176
2240, 0.000315, 0.000210, 0.000193
2241, 0.000312, 0.000203, 0.000187
2242, 0.000310, 0.000192, 0.000177
2243, 0.000312, 0.000216, 0.000200
2244, 0.000312, 0.000193, 0.000178
2245, 0.000311, 0.000203, 0.000188
2246, 0.000311, 0.000217, 0.000200
2247, 0.000312, 0.000180, 0.000165
2248, 0.000314, 0.000248, 0.000230
2249, 0.000318, 0.000177, 0.000163
2250, 0.000318, 0.000228, 0.000212
2251, 0.000311, 0.000190, 0.000174
2252, 0.000313, 0.000211, 0.000196
2253, 0.000308, 0.000199, 0.000184
2254, 0.000309, 0.000197, 0.000181
2255, 0.000309, 0.000213, 0.000197
2256, 0.000308, 0.000188, 0.000173
2257, 0.000310, 0.000213, 0.000197
2258, 0.000308, 0.000198, 0.000182
2259, 0.000309, 0.000205, 0.000190
2260, 0.000309, 0.000198, 0.000182
2261, 0.000308, 0.000210, 0.000194
2262, 0.000307, 0.000196, 0.000181
2263, 0.000310, 0.000203, 0.000188
2264, 0.000307, 0.000191, 0.000175
2265, 0.000310, 0.000221, 0.000204
2266, 0.000308, 0.000192, 0.000176
2267, 0.000307, 0.000200, 0.000183
2268, 0.000306, 0.000207, 0.000191
2269, 0.000306, 0.000188, 0.000173
2270, 0.000308, 0.000218, 0.000203
2271, 0.000308, 0.000196, 0.000180
2272, 0.000305, 0.000203, 0.000187
2273, 0.000306, 0.000204, 0.000188
2274, 0.000307, 0.000194, 0.000177
2275, 0.000305, 0.000201, 0.000185
2276, 0.000306, 0.000204, 0.000188
2277, 0.000306, 0.000199, 0.000182
2278, 0.000306, 0.000213, 0.000197
2279, 0.000308, 0.000186, 0.000171
2280, 0.000306, 0.000216, 0.000200
2281, 0.000307, 0.000196, 0.000181
2282, 0.000304, 0.000195, 0.000179
2283, 0.000305, 0.000224, 0.000209
2284, 0.000306, 0.000183, 0.000168
2285, 0.000309, 0.000235, 0.000218
2286, 0.000310, 0.000180, 0.000165
2287, 0.000310, 0.000223, 0.000206
2288, 0.000306, 0.000193, 0.000177
2289, 0.000307, 0.000208, 0.000192
2290, 0.000305, 0.000205, 0.000188
2291, 0.000303, 0.000195, 0.000178
2292, 0.000304, 0.000208, 0.000191
2293, 0.000304, 0.000189, 0.000173
2294, 0.000305, 0.000221, 0.000203
2295, 0.000305, 0.000192, 0.000177
2296, 0.000306, 0.000210, 0.000193
2297, 0.000303, 0.000201, 0.000185
2298, 0.000306, 0.000198, 0.000183
2299, 0.000305, 0.000210, 0.000193
2300, 0.000304, 0.000191, 0.000175
2301, 0.000303, 0.000209, 0.000193
2302, 0.000304, 0.000200, 0.000183
2303, 0.000303, 0.000210, 0.000193
2304, 0.000304, 0.000189, 0.000173
2305, 0.000304, 0.000220, 0.000202
2306, 0.000304, 0.000201, 0.000184
2307, 0.000303, 0.000188, 0.000172
2308, 0.000303, 0.000247, 0.000230
2309, 0.000309, 0.000171, 0.000156
2310, 0.000312, 0.000271, 0.000254
2311, 0.000317, 0.000166, 0.000151
2312, 0.000317, 0.000267, 0.000249
2313, 0.000317, 0.000172, 0.000157
2314, 0.000309, 0.000226, 0.000208
2315, 0.000304, 0.000203, 0.000186
2316, 0.000302, 0.000180, 0.000165
2317, 0.000305, 0.000249, 0.000232
2318, 0.000311, 0.000167, 0.000153
2319, 0.000316, 0.000277, 0.000259
2320, 0.000319, 0.000168, 0.000154
2321, 0.000314, 0.000232, 0.000215
2322, 0.000305, 0.000193, 0.000177
2323, 0.000300, 0.000183, 0.000167
2324, 0.000304, 0.000232, 0.000213
2325, 0.000304, 0.000177, 0.000161
2326, 0.000303, 0.000217, 0.000198
2327, 0.000301, 0.000186, 0.000170
2328, 0.000301, 0.000201, 0.000184
2329, 0.000299, 0.000193, 0.000177
2330, 0.000299, 0.000191, 0.000176
2331, 0.000299, 0.000201, 0.000185
2332, 0.000300, 0.000182, 0.000166
2333, 0.000299, 0.000214, 0.000198
2334, 0.000301, 0.000184, 0.000168
2335, 0.000298, 0.000211, 0.000193
2336, 0.000300, 0.000186, 0.000169
2337, 0.000302, 0.000207, 0.000189
2338, 0.000301, 0.000189, 0.000172
2339, 0.000296, 0.000196, 0.000180
2340, 0.000297, 0.000200, 0.000184
2341, 0.000295, 0.000185, 0.000169
2342, 0.000299, 0.000218, 0.000201
2343, 0.000300, 0.000174, 0.000159
2344, 0.000301, 0.000230, 0.000212
2345, 0.000303, 0.000177, 0.000161
2346, 0.000299, 0.000202, 0.000184
2347, 0.000297, 0.000207, 0.000189
2348, 0.000297, 0.000176, 0.000160
2349, 0.000298, 0.000225, 0.000207
2350, 0.000300, 0.000175, 0.000159
2351, 0.000299, 0.000216, 0.000199
2352, 0.000299, 0.000179, 0.000163
2353, 0.000300, 0.000214, 0.000196
2354, 0.000298, 0.000181, 0.000165
2355, 0.000296, 0.000216, 0.000198
2356, 0.000298, 0.000180, 0.000164
2357, 0.000296, 0.000200, 0.000182
2358, 0.000294, 0.000196, 0.000179
2359, 0.000294, 0.000197, 0.000180
2360, 0.000296, 0.000191, 0.000174
2361, 0.000294, 0.000214, 0.000196
2362, 0.000296, 0.000174, 0.000158
2363, 0.000299, 0.000234, 0.000216
2364, 0.000300, 0.000173, 0.000157
2365, 0.000297, 0.000212, 0.000194
2366, 0.000296, 0.000187, 0.000170
2367, 0.000294, 0.000192, 0.000175
2368, 0.000293, 0.000202, 0.000184
2369, 0.000292, 0.000189, 0.000172
2370, 0.000295, 0.000201, 0.000183
2371, 0.000293, 0.000188, 0.000171
2372, 0.000294, 0.000201, 0.000184
2373, 0.000294, 0.000187, 0.000170
2374, 0.000294, 0.000207, 0.000189
2375, 0.000294, 0.000195, 0.000178
2376, 0.000293, 0.000188, 0.000171
2377, 0.000292, 0.000220, 0.000202
2378, 0.000294, 0.000177, 0.000161
2379, 0.000295, 0.000214, 0.000197
2380, 0.000294, 0.000185, 0.000168
2381, 0.000294, 0.000206, 0.000190
2382, 0.000290, 0.000198, 0.000181
2383, 0.000292, 0.000185, 0.000168
2384, 0.000293, 0.000218, 0.000200
2385, 0.000294, 0.000181, 0.000164
2386, 0.000293, 0.000218, 0.000199
2387, 0.000294, 0.000176, 0.000160
2388, 0.000296, 0.000211, 0.000193
2389, 0.000291, 0.000197, 0.000180
2390, 0.000292, 0.000186, 0.000170
2391, 0.000292, 0.000226, 0.000208
2392, 0.000294, 0.000173, 0.000157
2393, 0.000295, 0.000239, 0.000220
2394, 0.000299, 0.000177, 0.000161
2395, 0.000296, 0.000222, 0.000205
2396, 0.000293, 0.000181, 0.000165
2397, 0.000291, 0.000209, 0.000192
2398, 0.000292, 0.000184, 0.000169
2399, 0.000294, 0.000196, 0.000179
2400, 0.000289, 0.000210, 0.000193
2401, 0.000289, 0.000178, 0.000163
2402, 0.000292, 0.000214, 0.000197
2403, 0.000290, 0.000192, 0.000174
2404, 0.000293, 0.000197, 0.000181
2405, 0.000291, 0.000203, 0.000186
2406, 0.000288, 0.000195, 0.000178
2407, 0.000289, 0.000195, 0.000179
2408, 0.000289, 0.000205, 0.000189
2409, 0.000290, 0.000181, 0.000165
2410, 0.000287, 0.000208, 0.000192
2411, 0.000291, 0.000192, 0.000175
2412, 0.000290, 0.000190, 0.000174
2413, 0.000288, 0.000202, 0.000186
2414, 0.000291, 0.000192, 0.000175
2415, 0.000289, 0.000193, 0.000177
2416, 0.000288, 0.000206, 0.000189
2417, 0.000287, 0.000187, 0.000171
2418, 0.000288, 0.000212, 0.000196
2419, 0.000287, 0.000183, 0.000168
2420, 0.000286, 0.000201, 0.000184
2421, 0.000286, 0.000203, 0.000185
2422, 0.000287, 0.000177, 0.000161
2423, 0.000291, 0.000232, 0.000213
2424, 0.000292, 0.000175, 0.000159
2425, 0.000288, 0.000215, 0.000197
2426, 0.000288, 0.000180, 0.000164
2427, 0.000289, 0.000214, 0.000197
2428, 0.000289, 0.000183, 0.000168
2429, 0.000286, 0.000200, 0.000183
2430, 0.000284, 0.000204, 0.000188
2431, 0.000286, 0.000185, 0.000169
2432, 0.000286, 0.000215, 0.000198
2433, 0.000286, 0.000183, 0.000167
2434, 0.000287, 0.000206, 0.000189
2435, 0.000286, 0.000205, 0.000187
2436, 0.000285, 0.000183, 0.000168
2437, 0.000285, 0.000213, 0.000195
2438, 0.000285, 0.000185, 0.000168
2439, 0.000286, 0.000208, 0.000192
2440, 0.000286, 0.000179, 0.000163
2441, 0.000287, 0.000219, 0.000202
2442, 0.000286, 0.000183, 0.000167
2443, 0.000285, 0.000203, 0.000186
2444, 0.000285, 0.000194, 0.000176
2445, 0.000285, 0.000197, 0.000179
2446, 0.000283, 0.000197, 0.000180
2447, 0.000285, 0.000189, 0.000172
2448, 0.000282, 0.000204, 0.000186
2449, 0.000285, 0.000186, 0.000170
2450, 0.000283, 0.000210, 0.000193
2451, 0.000282, 0.000189, 0.000172
2452, 0.000285, 0.000203, 0.000186
2453, 0.000283, 0.000192, 0.000176
2454, 0.000282, 0.000193, 0.000176
2455, 0.000283, 0.000212, 0.000195
2456, 0.000283, 0.000174, 0.000158
2457, 0.000284, 0.000248, 0.000229
2458, 0.000289, 0.000159, 0.000143
2459, 0.000296, 0.000276, 0.000256
2460, 0.000298, 0.000157, 0.000141
2461, 0.000299, 0.000272, 0.000252
2462, 0.000296, 0.000163, 0.000147
2463, 0.000287, 0.000207, 0.000189
2464, 0.000282, 0.000212, 0.000194
2465, 0.000283, 0.000164, 0.000148
2466, 0.000289, 0.000285, 0.000265
2467, 0.000301, 0.000155, 0.000140
2468, 0.000313, 0.000310, 0.000290
2469, 0.000313, 0.000155, 0.000139
2470, 0.000300, 0.000229, 0.000212
2471, 0.000286, 0.000200, 0.000183
2472, 0.000280, 0.000158, 0.000143
2473, 0.000291, 0.000282, 0.000263
2474, 0.000303, 0.000154, 0.000139
2475, 0.000299, 0.000239, 0.000221
2476, 0.000289, 0.000184, 0.000168
2477, 0.000283, 0.000167, 0.000150
2478, 0.000284, 0.000244, 0.000225
2479, 0.000289, 0.000160, 0.000144
2480, 0.000290, 0.000218, 0.000198
2481, 0.000284, 0.000185, 0.000168
2482, 0.000280, 0.000167, 0.000152
2483, 0.000283, 0.000230, 0.000211
2484, 0.000285, 0.000162, 0.000147
2485, 0.000285, 0.000196, 0.000179
2486, 0.000279, 0.000199, 0.000182
2487, 0.000278, 0.000165, 0.000149
2488, 0.000281, 0.000212, 0.000195
2489, 0.000282, 0.000173, 0.000156
2490, 0.000277, 0.000176, 0.000159
2491, 0.000278, 0.000218, 0.000201
2492, 0.000281, 0.000162, 0.000147
2493, 0.000282, 0.000211, 0.000193
2494, 0.000279, 0.000181, 0.000164
2495, 0.000275, 0.000170, 0.000154
2496, 0.000279, 0.000203, 0.000184
2497, 0.000279, 0.000175, 0.000158
2498, 0.000275, 0.000178, 0.000162
2499, 0.000277, 0.000200, 0.000182
2500, 0.000276, 0.000170, 0.000153
2501, 0.000280, 0.000199, 0.000182
2502, 0.000278, 0.000177, 0.000160
2503, 0.000276, 0.000190, 0.000173
2504, 0.000277, 0.000188, 0.000173
2505, 0.000277, 0.000183, 0.000166
2506, 0.000276, 0.000183, 0.000166
2507, 0.000276, 0.000189, 0.000172
2508, 0.000274, 0.000174, 0.000158
2509, 0.000276, 0.000198, 0.000181
2510, 0.000275, 0.000175, 0.000158
2511, 0.000275, 0.000193, 0.000175
2512, 0.000272, 0.000181, 0.000165
2513, 0.000275, 0.000182, 0.000165
2514, 0.000276, 0.000192, 0.000175
2515, 0.000274, 0.000183, 0.000166
2516, 0.000273, 0.000184, 0.000168
2517, 0.000273, 0.000190, 0.000173
2518, 0.000273, 0.000176, 0.000160
2519, 0.000274, 0.000194, 0.000178
2520, 0.000272, 0.000176, 0.000160
2521, 0.000273, 0.000203, 0.000186
2522, 0.000274, 0.000177, 0.000161
2523, 0.000273, 0.000185, 0.000168
2524, 0.000274, 0.000211, 0.000193
2525, 0.000274, 0.000161, 0.000144
2526, 0.000277, 0.000220, 0.000202
2527, 0.000277, 0.000173, 0.000157
2528, 0.000273, 0.000182, 0.000165
2529, 0.000272, 0.000202, 0.000185
2530, 0.000273, 0.000168, 0.000153
2531, 0.000274, 0.000202, 0.000185
2532, 0.000271, 0.000181, 0.000164
2533, 0.000271, 0.000187, 0.000170
2534, 0.000270, 0.000184, 0.000167
2535, 0.000271, 0.000195, 0.000177
2536, 0.000272, 0.000172, 0.000156
2537, 0.000272, 0.000216, 0.000198
2538, 0.000272, 0.000167, 0.000151
2539, 0.000272, 0.000204, 0.000186
2540, 0.000273, 0.000186, 0.000169
2541, 0.000270, 0.000177, 0.000160
2542, 0.000270, 0.000219, 0.000201
2543, 0.000272, 0.000162, 0.000146
2544, 0.000274, 0.000215, 0.000197
2545, 0.000271, 0.000173, 0.000157
2546, 0.000268, 0.000176, 0.000160
2547, 0.000269, 0.000204, 0.000186
2548, 0.000268, 0.000171, 0.000155
2549, 0.000268, 0.000188, 0.000171
2550, 0.000269, 0.000204, 0.000187
2551, 0.000268, 0.000163, 0.000147
2552, 0.000273, 0.000239, 0.000220
2553, 0.000277, 0.000155, 0.000139
2554, 0.000278, 0.000232, 0.000213
2555, 0.000274, 0.000167, 0.000151
2556, 0.000270, 0.000187, 0.000170
2557, 0.000267, 0.000205, 0.000188
2558, 0.000267, 0.000161, 0.000145
2559, 0.000271, 0.000221, 0.000203
2560, 0.000271, 0.000168, 0.000152
2561, 0.000266, 0.000186, 0.000169
2562, 0.000266, 0.000203, 0.000186
2563, 0.000266, 0.000160, 0.000144
2564, 0.000271, 0.000232, 0.000214
2565, 0.000271, 0.000162, 0.000146
2566, 0.000268, 0.000203, 0.000187
2567, 0.000268, 0.000187, 0.000171
2568, 0.000265, 0.000166, 0.000151
2569, 0.000267, 0.000221, 0.000203
2570, 0.000271, 0.000158, 0.000141
2571, 0.000272, 0.000218, 0.000198
2572, 0.000268, 0.000181, 0.000163
2573, 0.000264, 0.000172, 0.000154
2574, 0.000265, 0.000227, 0.000208
2575, 0.000269, 0.000153, 0.000138
2576, 0.000272, 0.000228, 0.000211
2577, 0.000271, 0.000165, 0.000150
2578, 0.000266, 0.000190, 0.000174
2579, 0.000264, 0.000197, 0.000180
2580, 0.000263, 0.000169, 0.000153
2581, 0.000263, 0.000196, 0.000179
2582, 0.000263, 0.000178, 0.000160
2583, 0.000261, 0.000180, 0.000163
2584, 0.000261, 0.000192, 0.000174
2585, 0.000262, 0.000175, 0.000158
2586, 0.000260, 0.000184, 0.000167
2587, 0.000263, 0.000196, 0.000180
2588, 0.000263, 0.000167, 0.000151
2589, 0.000264, 0.000218, 0.000200
2590, 0.000268, 0.000156, 0.000141
2591, 0.000266, 0.000224, 0.000205
2592, 0.000267, 0.000166, 0.000150
2593, 0.000263, 0.000188, 0.000171
2594, 0.000261, 0.000200, 0.000182
2595, 0.000264, 0.000160, 0.000144
2596, 0.000266, 0.000230, 0.000212
2597, 0.000267, 0.000157, 0.000142
2598, 0.000265, 0.000200, 0.000184
2599, 0.000264, 0.000188, 0.000172
2600, 0.000259, 0.000169, 0.000153
2601, 0.000262, 0.000210, 0.000192
2602, 0.000261, 0.000166, 0.000149
2603, 0.000261, 0.000189, 0.000171
2604, 0.000259, 0.000189, 0.000172
2605, 0.000262, 0.000177, 0.000160
2606, 0.000258, 0.000198, 0.000181
2607, 0.000259, 0.000163, 0.000147
2608, 0.000260, 0.000204, 0.000186
2609, 0.000258, 0.000166, 0.000151
2610, 0.000259, 0.000189, 0.000172
2611, 0.000258, 0.000187, 0.000171
2612, 0.000259, 0.000163, 0.000148
2613, 0.000261, 0.000216, 0.000199
2614, 0.000260, 0.000161, 0.000145
2615, 0.000261, 0.000201, 0.000184
2616, 0.000258, 0.000184, 0.000167
2617, 0.000257, 0.000170, 0.000154
2618, 0.000258, 0.000201, 0.000183
2619, 0.000258, 0.000164, 0.000147
2620, 0.000258, 0.000198, 0.000179
2621, 0.000257, 0.000170, 0.000153
2622, 0.000256, 0.000190, 0.000171
2623, 0.000256, 0.000179, 0.000162
2624, 0.000255, 0.000181, 0.000164
2625, 0.000256, 0.000186, 0.000169
2626, 0.000256, 0.000177, 0.000162
2627, 0.000256, 0.000184, 0.000168
2628, 0.000256, 0.000191, 0.000174
2629, 0.000257, 0.000174, 0.000159
2630, 0.000255, 0.000182, 0.000167
2631, 0.000255, 0.000177, 0.000161
2632, 0.000254, 0.000181, 0.000165
2633, 0.000254, 0.000179, 0.000164
2634, 0.000255, 0.000182, 0.000166
2635, 0.000254, 0.000178, 0.000162
2636, 0.000253, 0.000187, 0.000171
2637, 0.000252, 0.000181, 0.000164
2638, 0.000254, 0.000179, 0.000162
2639, 0.000253, 0.000189, 0.000173
2640, 0.000253, 0.000180, 0.000164
2641, 0.000251, 0.000179, 0.000163
2642, 0.000250, 0.000180, 0.000165
2643, 0.000252, 0.000185, 0.000169
2644, 0.000251, 0.000171, 0.000156
2645, 0.000254, 0.000197, 0.000181
2646, 0.000254, 0.000166, 0.000151
2647, 0.000253, 0.000204, 0.000187
2648, 0.000252, 0.000171, 0.000156
2649, 0.000253, 0.000182, 0.000165
2650, 0.000252, 0.000210, 0.000192
2651, 0.000253, 0.000147, 0.000131
2652, 0.000261, 0.000281, 0.000261
2653, 0.000271, 0.000136, 0.000121
2654, 0.000278, 0.000295, 0.000274
2655, 0.000277, 0.000140, 0.000125
2656, 0.000269, 0.000222, 0.000204
2657, 0.000257, 0.000169, 0.000153
2658, 0.000249, 0.000165, 0.000149
2659, 0.000251, 0.000238, 0.000219
2660, 0.000258, 0.000140, 0.000126
2661, 0.000264, 0.000249, 0.000231
2662, 0.000262, 0.000152, 0.000138
2663, 0.000252, 0.000177, 0.000162
2664, 0.000249, 0.000216, 0.000199
2665, 0.000254, 0.000140, 0.000126
2666, 0.000261, 0.000245, 0.000226
2667, 0.000258, 0.000151, 0.000135
2668, 0.000254, 0.000195, 0.000177
2669, 0.000249, 0.000174, 0.000158
2670, 0.000246, 0.000162, 0.000146
2671, 0.000247, 0.000198, 0.000180
2672, 0.000248, 0.000156, 0.000141
2673, 0.000249, 0.000196, 0.000180
2674, 0.000250, 0.000167, 0.000152
2675, 0.000247, 0.000179, 0.000164
2676, 0.000246, 0.000186, 0.000171
2677, 0.000245, 0.000153, 0.000138
2678, 0.000250, 0.000210, 0.000193
2679, 0.000249, 0.000157, 0.000142
2680, 0.000247, 0.000173, 0.000156
2681, 0.000244, 0.000186, 0.000169
2682, 0.000247, 0.000157, 0.000140
2683, 0.000248, 0.000194, 0.000177
2684, 0.000246, 0.000168, 0.000152
2685, 0.000244, 0.000176, 0.000161
2686, 0.000245, 0.000180, 0.000165
2687, 0.000245, 0.000161, 0.000145
2688, 0.000246, 0.000193, 0.000177
2689, 0.000244, 0.000161, 0.000147
2690, 0.000245, 0.000177, 0.000161
2691, 0.000243, 0.000185, 0.000169
2692, 0.000243, 0.000157, 0.000141
2693, 0.000246, 0.000187, 0.000170
2694, 0.000245, 0.000165, 0.000149
2695, 0.000242, 0.000175, 0.000159
2696, 0.000242, 0.000187, 0.000170
2697, 0.000242, 0.000157, 0.000142
2698, 0.000245, 0.000219, 0.000201
2699, 0.000246, 0.000145, 0.000131
2700, 0.000249, 0.000206, 0.000189
2701, 0.000244, 0.000158, 0.000143
2702, 0.000241, 0.000175, 0.000159
2703, 0.000240, 0.000186, 0.000170
2704, 0.000241, 0.000156, 0.000142
2705, 0.000241, 0.000189, 0.000173
2706, 0.000242, 0.000164, 0.000150
2707, 0.000241, 0.000179, 0.000163
2708, 0.000240, 0.000171, 0.000155
2709, 0.000240, 0.000176, 0.000161
2710, 0.000242, 0.000170, 0.000154
2711, 0.000241, 0.000180, 0.000164
2712, 0.000240, 0.000162, 0.000147
2713, 0.000242, 0.000198, 0.000182
2714, 0.000242, 0.000149, 0.000135
2715, 0.000242, 0.000209, 0.000193
2716, 0.000240, 0.000159, 0.000145
2717, 0.000237, 0.000173, 0.000158
2718, 0.000239, 0.000189, 0.000174
2719, 0.000241, 0.000142, 0.000128
2720, 0.000245, 0.000246, 0.000227
2721, 0.000251, 0.000137, 0.000124
2722, 0.000250, 0.000232, 0.000213
2723, 0.000246, 0.000157, 0.000142
2724, 0.000238, 0.000165, 0.000150
2725, 0.000238, 0.000218, 0.000200
2726, 0.000243, 0.000135, 0.000122
2727, 0.000251, 0.000259, 0.000241
2728, 0.000257, 0.000132, 0.000118
2729, 0.000254, 0.000230, 0.000212
2730, 0.000245, 0.000158, 0.000144
2731, 0.000235, 0.000149, 0.000134
2732, 0.000237, 0.000239, 0.000222
2733, 0.000249, 0.000132, 0.000119
2734, 0.000249, 0.000229, 0.000213
2735, 0.000243, 0.000151, 0.000138
2736, 0.000237, 0.000161, 0.000147
2737, 0.000235, 0.000196, 0.000180
2738, 0.000236, 0.000141, 0.000127
2739, 0.000238, 0.000199, 0.000182
2740, 0.000238, 0.000161, 0.000145
2741, 0.000235, 0.000158, 0.000143
2742, 0.000234, 0.000201, 0.000184
2743, 0.000235, 0.000148, 0.000133
2744, 0.000237, 0.000190, 0.000174
2745, 0.000236, 0.000165, 0.000150
2746, 0.000231, 0.000153, 0.000139
2747, 0.000234, 0.000209, 0.000193
2748, 0.000238, 0.000135, 0.000121
2749, 0.000240, 0.000211, 0.000195
2750, 0.000238, 0.000149, 0.000134
2751, 0.000233, 0.000156, 0.000141
2752, 0.000232, 0.000214, 0.000197
2753, 0.000238, 0.000129, 0.000115
2754, 0.000242, 0.000227, 0.000210
2755, 0.000241, 0.000142, 0.000128
2756, 0.000232, 0.000166, 0.000150
2757, 0.000231, 0.000194, 0.000177
2758, 0.000233, 0.000132, 0.000118
2759, 0.000239, 0.000231, 0.000213
2760, 0.000240, 0.000138, 0.000124
2761, 0.000236, 0.000183, 0.000168
2762, 0.000230, 0.000168, 0.000154
2763, 0.000227, 0.000146, 0.000133
2764, 0.000230, 0.000188, 0.000173
2765, 0.000231, 0.000152, 0.000139
2766, 0.000229, 0.000158, 0.000144
2767, 0.000228, 0.000186, 0.000171
2768, 0.000230, 0.000138, 0.000125
2769, 0.000231, 0.000186, 0.000171
2770, 0.000229, 0.000154, 0.000139
2771, 0.000227, 0.000155, 0.000141
2772, 0.000227, 0.000183, 0.000167
2773, 0.000228, 0.000138, 0.000124
2774, 0.000230, 0.000201, 0.000184
2775, 0.000230, 0.000150, 0.000135
2776, 0.000226, 0.000150, 0.000135
2777, 0.000226, 0.000199, 0.000184
2778, 0.000229, 0.000135, 0.000122
2779, 0.000232, 0.000189, 0.000175
2780, 0.000227, 0.000158, 0.000145
2781, 0.000226, 0.000147, 0.000134
2782, 0.000225, 0.000206, 0.000191
2783, 0.000232, 0.000126, 0.000113
2784, 0.000238, 0.000223, 0.000206
2785, 0.000236, 0.000147, 0.000133
2786, 0.000225, 0.000147, 0.000133
2787, 0.000226, 0.000211, 0.000194
2788, 0.000231, 0.000125, 0.000112
2789, 0.000237, 0.000224, 0.000206
2790, 0.000234, 0.000134, 0.000120
2791, 0.000229, 0.000172, 0.000157
2792, 0.000224, 0.000179, 0.000164
2793, 0.000225, 0.000135, 0.000122
2794, 0.000227, 0.000200, 0.000186
2795, 0.000228, 0.000130, 0.000118
2796, 0.000227, 0.000188, 0.000174
2797, 0.000226, 0.000146, 0.000134
2798, 0.000222, 0.000155, 0.000142
2799, 0.000220, 0.000172, 0.000158
2800, 0.000221, 0.000139, 0.000126
2801, 0.000222, 0.000182, 0.000167
2802, 0.000222, 0.000143, 0.000130
2803, 0.000221, 0.000168, 0.000154
2804, 0.000220, 0.000153, 0.000140
2805, 0.000220, 0.000159, 0.000146
2806, 0.000220, 0.000163, 0.000150
2807, 0.000219, 0.000148, 0.000135
2808, 0.000219, 0.000186, 0.000172
2809, 0.000221, 0.000142, 0.000130
2810, 0.000218, 0.000164, 0.000151
2811, 0.000220, 0.000171, 0.000157
2812, 0.000218, 0.000130, 0.000117
2813, 0.000223, 0.000208, 0.000193
2814, 0.000224, 0.000134, 0.000121
2815, 0.000222, 0.000164, 0.000150
2816, 0.000219, 0.000176, 0.000162
2817, 0.000220, 0.000129, 0.000117
2818, 0.000223, 0.000210, 0.000195
2819, 0.000226, 0.000133, 0.000122
2820, 0.000222, 0.000166, 0.000153
2821, 0.000215, 0.000178, 0.000164
2822, 0.000217, 0.000132, 0.000120
2823, 0.000220, 0.000205, 0.000192
2824, 0.000223, 0.000133, 0.000121
2825, 0.000219, 0.000172, 0.000160
2826, 0.000214, 0.000173, 0.000160
2827, 0.000217, 0.000128, 0.000116
2828, 0.000219, 0.000205, 0.000190
2829, 0.000221, 0.000130, 0.000118
2830, 0.000220, 0.000175, 0.000160
2831, 0.000215, 0.000158, 0.000143
2832, 0.000215, 0.000140, 0.000127
2833, 0.000217, 0.000205, 0.000188
2834, 0.000221, 0.000127, 0.000114
2835, 0.000222, 0.000194, 0.000179
2836, 0.000218, 0.000146, 0.000133
2837, 0.000213, 0.000141, 0.000129
2838, 0.000214, 0.000191, 0.000178
2839, 0.000218, 0.000130, 0.000119
2840, 0.000215, 0.000167, 0.000154
2841, 0.000213, 0.000158, 0.000146
2842, 0.000213, 0.000139, 0.000127
2843, 0.000212, 0.000181, 0.000166
2844, 0.000215, 0.000142, 0.000130
2845, 0.000214, 0.000163, 0.000151
2846, 0.000212, 0.000154, 0.000141
2847, 0.000213, 0.000149, 0.000136
2848, 0.000211, 0.000178, 0.000164
2849, 0.000213, 0.000138, 0.000124
2850, 0.000215, 0.000176, 0.000162
2851, 0.000213, 0.000139, 0.000126
2852, 0.000210, 0.000162, 0.000148
2853, 0.000212, 0.000171, 0.000158
2854, 0.000212, 0.000126, 0.000114
2855, 0.000212, 0.000211, 0.000195
2856, 0.000220, 0.000125, 0.000115
2857, 0.000218, 0.000178, 0.000165
2858, 0.000210, 0.000158, 0.000145
2859, 0.000208, 0.000128, 0.000117
2860, 0.000213, 0.000210, 0.000196
2861, 0.000216, 0.000127, 0.000115
2862, 0.000218, 0.000179, 0.000166
2863, 0.000211, 0.000155, 0.000143
2864, 0.000207, 0.000137, 0.000124
2865, 0.000212, 0.000187, 0.000175
2866, 0.000212, 0.000123, 0.000112
2867, 0.000211, 0.000188, 0.000174
2868, 0.000212, 0.000132, 0.000120
2869, 0.000209, 0.000156, 0.000143
2870, 0.000206, 0.000162, 0.000148
2871, 0.000206, 0.000141, 0.000129
2872, 0.000206, 0.000157, 0.000144
2873, 0.000204, 0.000161, 0.000148
2874, 0.000206, 0.000134, 0.000123
2875, 0.000208, 0.000190, 0.000177
2876, 0.000208, 0.000124, 0.000113
2877, 0.000212, 0.000195, 0.000182
2878, 0.000210, 0.000129, 0.000118
2879, 0.000205, 0.000160, 0.000147
2880, 0.000206, 0.000152, 0.000140
2881, 0.000205, 0.000146, 0.000134
2882, 0.000203, 0.000156, 0.000143
2883, 0.000206, 0.000146, 0.000135
2884, 0.000204, 0.000158, 0.000146
2885, 0.000204, 0.000140, 0.000127
2886, 0.000205, 0.000173, 0.000160
2887, 0.000206, 0.000138, 0.000126
2888, 0.000201, 0.000158, 0.000145
2889, 0.000203, 0.000148, 0.000137
2890, 0.000203, 0.000151, 0.000139
2891, 0.000201, 0.000142, 0.000130
2892, 0.000202, 0.000160, 0.000147
2893, 0.000201, 0.000141, 0.000129
2894, 0.000200, 0.000151, 0.000138
2895, 0.000199, 0.000143, 0.000131
2896, 0.000197, 0.000158, 0.000147
2897, 0.000201, 0.000130, 0.000119
2898, 0.000203, 0.000181, 0.000169
2899, 0.000201, 0.000126, 0.000115
2900, 0.000201, 0.000171, 0.000158
2901, 0.000201, 0.000144, 0.000133
2902, 0.000199, 0.000141, 0.000131
2903, 0.000201, 0.000170, 0.000157
2904, 0.000201, 0.000130, 0.000119
2905, 0.000199, 0.000165, 0.000153
2906, 0.000200, 0.000134, 0.000123
2907, 0.000197, 0.000149, 0.000137
2908, 0.000196, 0.000154, 0.000143
2909, 0.000196, 0.000145, 0.000134
2910, 0.000197, 0.000154, 0.000144
2911, 0.000195, 0.000138, 0.000128
2912, 0.000195, 0.000162, 0.000151
2913, 0.000197, 0.000130, 0.000120
2914, 0.000199, 0.000169, 0.000158
2915, 0.000197, 0.000125, 0.000114
2916, 0.000196, 0.000167, 0.000155
2917, 0.000196, 0.000129, 0.000119
2918, 0.000197, 0.000162, 0.000151
2919, 0.000195, 0.000131, 0.000121
2920, 0.000195, 0.000150, 0.000139
2921, 0.000194, 0.000159, 0.000147
2922, 0.000193, 0.000127, 0.000116
2923, 0.000197, 0.000181, 0.000169
2924, 0.000197, 0.000123, 0.000113
2925, 0.000197, 0.000167, 0.000156
2926, 0.000193, 0.000142, 0.000131
2927, 0.000191, 0.000131, 0.000121
2928, 0.000193, 0.000189, 0.000177
2929, 0.000199, 0.000105, 0.000095
2930, 0.000207, 0.000256, 0.000241
2931, 0.000219, 0.000097, 0.000088
2932, 0.000231, 0.000301, 0.000285
2933, 0.000237, 0.000098, 0.000090
2934, 0.000229, 0.000240, 0.000227
2935, 0.000212, 0.000113, 0.000105
2936, 0.000200, 0.000141, 0.000130
2937, 0.000192, 0.000181, 0.000170
2938, 0.000196, 0.000102, 0.000094
2939, 0.000205, 0.000208, 0.000195
2940, 0.000204, 0.000115, 0.000106
2941, 0.000192, 0.000135, 0.000126
2942, 0.000192, 0.000178, 0.000167
2943, 0.000195, 0.000106, 0.000097
2944, 0.000196, 0.000170, 0.000160
2945, 0.000194, 0.000134, 0.000124
2946, 0.000191, 0.000116, 0.000107
2947, 0.000193, 0.000187, 0.000176
2948, 0.000200, 0.000102, 0.000092
2949, 0.000203, 0.000199, 0.000186
2950, 0.000202, 0.000108, 0.000099
2951, 0.000194, 0.000151, 0.000140
2952, 0.000190, 0.000142, 0.000132
2953, 0.000186, 0.000123, 0.000114
2954, 0.000190, 0.000161, 0.000150
2955, 0.000189, 0.000122, 0.000112
2956, 0.000188, 0.000130, 0.000120
2957, 0.000188, 0.000151, 0.000139
2958, 0.000188, 0.000118, 0.000108
2959, 0.000188, 0.000146, 0.000135
2960, 0.000187, 0.000138, 0.000127
2961, 0.000187, 0.000114, 0.000105
2962, 0.000187, 0.000177, 0.000166
2963, 0.000192, 0.000106, 0.000097
2964, 0.000192, 0.000165, 0.000154
2965, 0.000188, 0.000132, 0.000123
2966, 0.000186, 0.000110, 0.000101
2967, 0.000190, 0.000198, 0.000186
2968, 0.000197, 0.000095, 0.000087
2969, 0.000200, 0.000184, 0.000171
2970, 0.000193, 0.000122, 0.000112
2971, 0.000185, 0.000122, 0.000112
2972, 0.000185, 0.000168, 0.000156
2973, 0.000189, 0.000105, 0.000096
2974, 0.000192, 0.000165, 0.000155
2975, 0.000187, 0.000114, 0.000105
2976, 0.000183, 0.000135, 0.000126
2977, 0.000182, 0.000158, 0.000148
2978, 0.000184, 0.000099, 0.000091
2979, 0.000192, 0.000203, 0.000191
2980, 0.000195, 0.000103, 0.000094
2981, 0.000188, 0.000131, 0.000121
2982, 0.000181, 0.000185, 0.000173
2983, 0.000190, 0.000090, 0.000082
2984, 0.000200, 0.000202, 0.000189
2985, 0.000194, 0.000108, 0.000099
2986, 0.000183, 0.000117, 0.000108
2987, 0.000181, 0.000177, 0.000165
2988, 0.000188, 0.000099, 0.000090
2989, 0.000188, 0.000167, 0.000154
2990, 0.000185, 0.000117, 0.000107
2991, 0.000180, 0.000126, 0.000116
2992, 0.000179, 0.000141, 0.000130
2993, 0.000180, 0.000119, 0.000109
2994, 0.000180, 0.000140, 0.000130
2995, 0.000181, 0.000128, 0.000118
2996, 0.000179, 0.000118, 0.000109
2997, 0.000179, 0.000145, 0.000135
2998, 0.000180, 0.000120, 0.000111
2999, 0.000177, 0.000127, 0.000117
3000, 0.000177, 0.000144, 0.000134
3001, 0.000180, 0.000108, 0.000099
3002, 0.000182, 0.000151, 0.000140
3003, 0.000177, 0.000131, 0.000121
3004, 0.000176, 0.000109, 0.000100
3005, 0.000179, 0.000181, 0.000170
3006, 0.000185, 0.000096, 0.000089
3007, 0.000186, 0.000157, 0.000146
3008, 0.000181, 0.000122, 0.000112
3009, 0.000177, 0.000120, 0.000110
3010, 0.000177, 0.000145, 0.000134
3011, 0.000177, 0.000115, 0.000107
3012, 0.000175, 0.000125, 0.000116
3013, 0.000176, 0.000139, 0.000129
3014, 0.000176, 0.000116, 0.000107
3015, 0.000175, 0.000136, 0.000126
3016, 0.000175, 0.000134, 0.000124
3017, 0.000175, 0.000122, 0.000112
3018, 0.000174, 0.000131, 0.000121
3019, 0.000174, 0.000123, 0.000114
3020, 0.000173, 0.000135, 0.000125
3021, 0.000174, 0.000120, 0.000111
3022, 0.000173, 0.000136, 0.000127
3023, 0.000173, 0.000117, 0.000109
3024, 0.000174, 0.000129, 0.000121
3025, 0.000173, 0.000124, 0.000115
3026, 0.000173, 0.000140, 0.000131
3027, 0.000173, 0.000107, 0.000100
3028, 0.000174, 0.000156, 0.000146
3029, 0.000174, 0.000114, 0.000105
3030, 0.000174, 0.000139, 0.000129
3031, 0.000173, 0.000126, 0.000117
3032, 0.000170, 0.000121, 0.000111
3033, 0.000172, 0.000145, 0.000135
3034, 0.000175, 0.000109, 0.000101
3035, 0.000173, 0.000159, 0.000148
3036, 0.000174, 0.000103, 0.000095
3037, 0.000176, 0.000151, 0.000141
3038, 0.000174, 0.000118, 0.000109
3039, 0.000170, 0.000121, 0.000113
3040, 0.000172, 0.000151, 0.000141
3041, 0.000172, 0.000099, 0.000091
3042, 0.000176, 0.000177, 0.000168
3043, 0.000178, 0.000099, 0.000092
3044, 0.000173, 0.000143, 0.000134
3045, 0.000170, 0.000138, 0.000129
3046, 0.000169, 0.000098, 0.000090
3047, 0.000175, 0.000193, 0.000181
3048, 0.000179, 0.000091, 0.000084
3049, 0.000178, 0.000175, 0.000165
3050, 0.000174, 0.000109, 0.000101
3051, 0.000171, 0.000124, 0.000117
3052, 0.000168, 0.000156, 0.000147
3053, 0.000173, 0.000088, 0.000081
3054, 0.000179, 0.000219, 0.000207
3055, 0.000187, 0.000084, 0.000078
3056, 0.000183, 0.000170, 0.000160
3057, 0.000173, 0.000126, 0.000118
3058, 0.000165, 0.000094, 0.000087
3059, 0.000174, 0.000207, 0.000197
3060, 0.000184, 0.000082, 0.000075
3061, 0.000184, 0.000185, 0.000175
3062, 0.000177, 0.000106, 0.000098
3063, 0.000168, 0.000116, 0.000107
3064, 0.000165, 0.000160, 0.000150
3065, 0.000174, 0.000085, 0.000078
3066, 0.000181, 0.000197, 0.000187
3067, 0.000179, 0.000092, 0.000085
3068, 0.000172, 0.000122, 0.000113
3069, 0.000165, 0.000170, 0.000160
3070, 0.000171, 0.000087, 0.000080
3071, 0.000174, 0.000175, 0.000164
3072, 0.000174, 0.000094, 0.000087
3073, 0.000171, 0.000134, 0.000125
3074, 0.000163, 0.000126, 0.000118
3075, 0.000164, 0.000107, 0.000099
3076, 0.000166, 0.000145, 0.000135
3077, 0.000165, 0.000102, 0.000094
3078, 0.000167, 0.000132, 0.000123
3079, 0.000166, 0.000113, 0.000105
3080, 0.000164, 0.000121, 0.000112
3081, 0.000164, 0.000123, 0.000115
3082, 0.000163, 0.000108, 0.000100
3083, 0.000161, 0.000134, 0.000125
3084, 0.000164, 0.000110, 0.000103
3085, 0.000162, 0.000125, 0.000116
3086, 0.000163, 0.000118, 0.000109
3087, 0.000162, 0.000110, 0.000102
3088, 0.000161, 0.000137, 0.000127
3089, 0.000163, 0.000108, 0.000100
3090, 0.000160, 0.000131, 0.000123
3091, 0.000164, 0.000104, 0.000096
3092, 0.000163, 0.000144, 0.000135
3093, 0.000162, 0.000100, 0.000094
3094, 0.000161, 0.000134, 0.000126
3095, 0.000163, 0.000123, 0.000115
3096, 0.000161, 0.000103, 0.000096
3097, 0.000160, 0.000147, 0.000137
3098, 0.000162, 0.000098, 0.000090
3099, 0.000162, 0.000135, 0.000126
3100, 0.000161, 0.000114, 0.000106
3101, 0.000158, 0.000119, 0.000111
3102, 0.000159, 0.000123, 0.000115
3103, 0.000158, 0.000115, 0.000108
3104, 0.000158, 0.000129, 0.000121
3105, 0.000159, 0.000109, 0.000102
3106, 0.000159, 0.000143, 0.000134
3107, 0.000158, 0.000100, 0.000093
3108, 0.000160, 0.000140, 0.000131
3109, 0.000159, 0.000112, 0.000104
3110, 0.000157, 0.000114, 0.000106
3111, 0.000156, 0.000127, 0.000118
3112, 0.000159, 0.000100, 0.000093
3113, 0.000159, 0.000153, 0.000143
3114, 0.000160, 0.000097, 0.000089
3115, 0.000162, 0.000154, 0.000144
3116, 0.000161, 0.000095, 0.000088
3117, 0.000160, 0.000151, 0.000142
3118, 0.000160, 0.000097, 0.000091
3119, 0.000158, 0.000130, 0.000122
3120, 0.000157, 0.000120, 0.000112
3121, 0.000156, 0.000102, 0.000094
3122, 0.000158, 0.000151, 0.000141
3123, 0.000160, 0.000092, 0.000084
3124, 0.000161, 0.000155, 0.000145
3125, 0.000160, 0.000095, 0.000088
3126, 0.000158, 0.000135, 0.000126
3127, 0.000156, 0.000128, 0.000119
3128, 0.000155, 0.000104, 0.000097
3129, 0.000157, 0.000160, 0.000151
3130, 0.000161, 0.000084, 0.000078
3131, 0.000163, 0.000173, 0.000163
3132, 0.000162, 0.000090, 0.000083
3133, 0.000158, 0.000140, 0.000130
3134, 0.000157, 0.000115, 0.000107
3135, 0.000153, 0.000096, 0.000089
3136, 0.000154, 0.000152, 0.000143
3137, 0.000159, 0.000086, 0.000080
3138, 0.000159, 0.000161, 0.000153
3139, 0.000159, 0.000094, 0.000087
3140, 0.000157, 0.000137, 0.000129
3141, 0.000154, 0.000109, 0.000101
3142, 0.000152, 0.000115, 0.000106
3143, 0.000154, 0.000140, 0.000132
3144, 0.000153, 0.000090, 0.000084
3145, 0.000157, 0.000169, 0.000160
3146, 0.000160, 0.000081, 0.000076
3147, 0.000161, 0.000159, 0.000150
3148, 0.000156, 0.000096, 0.000090
3149, 0.000154, 0.000116, 0.000108
3150, 0.000152, 0.000134, 0.000125
3151, 0.000153, 0.000096, 0.000089
3152, 0.000154, 0.000141, 0.000132
3153, 0.000153, 0.000104, 0.000096
3154, 0.000152, 0.000133, 0.000125
3155, 0.000151, 0.000103, 0.000096
3156, 0.000150, 0.000121, 0.000113
3157, 0.000150, 0.000125, 0.000118
3158, 0.000153, 0.000104, 0.000097
3159, 0.000150, 0.000120, 0.000112
3160, 0.000151, 0.000113, 0.000106
3161, 0.000150, 0.000110, 0.000103
3162, 0.000150, 0.000111, 0.000104
3163, 0.000150, 0.000145, 0.000137
3164, 0.000152, 0.000084, 0.000077
3165, 0.000160, 0.000206, 0.000196
3166, 0.000169, 0.000069, 0.000064
3167, 0.000177, 0.000237, 0.000225
3168, 0.000180, 0.000069, 0.000065
3169, 0.000172, 0.000174, 0.000163
3170, 0.000159, 0.000092, 0.000085
3171, 0.000150, 0.000099, 0.000091
3172, 0.000148, 0.000151, 0.000142
3173, 0.000154, 0.000082, 0.000077
3174, 0.000155, 0.000143, 0.000137
3175, 0.000150, 0.000110, 0.000105
3176, 0.000148, 0.000090, 0.000086
3177, 0.000151, 0.000152, 0.000145
3178, 0.000153, 0.000088, 0.000081
3179, 0.000156, 0.000141, 0.000134
3180, 0.000154, 0.000097, 0.000089
3181, 0.000150, 0.000116, 0.000108
3182, 0.000148, 0.000115, 0.000108
3183, 0.000147, 0.000100, 0.000093
3184, 0.000148, 0.000130, 0.000122
3185, 0.000149, 0.000097, 0.000091
3186, 0.000148, 0.000130, 0.000121
3187, 0.000147, 0.000114, 0.000107
3188, 0.000147, 0.000090, 0.000084
3189, 0.000148, 0.000165, 0.000156
3190, 0.000153, 0.000077, 0.000072
3191, 0.000154, 0.000141, 0.000133
3192, 0.000148, 0.000105, 0.000098
3193, 0.000145, 0.000095, 0.000089
3194, 0.000147, 0.000132, 0.000125
3195, 0.000148, 0.000090, 0.000084
3196, 0.000148, 0.000137, 0.000130
3197, 0.000149, 0.000093, 0.000087
3198, 0.000147, 0.000126, 0.000118
3199, 0.000145, 0.000104, 0.000097
3200, 0.000146, 0.000108, 0.000101
3201, 0.000144, 0.000124, 0.000116
3202, 0.000144, 0.000084, 0.000079
3203, 0.000147, 0.000155, 0.000146
3204, 0.000150, 0.000079, 0.000073
3205, 0.000150, 0.000150, 0.000142
3206, 0.000150, 0.000090, 0.000084
3207, 0.000146, 0.000113, 0.000106
3208, 0.000144, 0.000130, 0.000123
3209, 0.000145, 0.000080, 0.000075
3210, 0.000148, 0.000162, 0.000155
3211, 0.000152, 0.000080, 0.000075
3212, 0.000149, 0.000134, 0.000126
3213, 0.000144, 0.000105, 0.000098
3214, 0.000143, 0.000094, 0.000088
3215, 0.000144, 0.000142, 0.000134
3216, 0.000145, 0.000083, 0.000078
3217, 0.000145, 0.000140, 0.000132
3218, 0.000145, 0.000096, 0.000091
3219, 0.000141, 0.000107, 0.000100
3220, 0.000142, 0.000127, 0.000121
3221, 0.000141, 0.000087, 0.000082
3222, 0.000144, 0.000148, 0.000141
3223, 0.000145, 0.000088, 0.000083
3224, 0.000143, 0.000117, 0.000111
3225, 0.000141, 0.000120, 0.000114
3226, 0.000142, 0.000092, 0.000086
3227, 0.000141, 0.000131, 0.000123
3228, 0.000141, 0.000096, 0.000090
3229, 0.000142, 0.000114, 0.000106
3230, 0.000141, 0.000103, 0.000097
3231, 0.000140, 0.000119, 0.000113
3232, 0.000139, 0.000100, 0.000094
3233, 0.000138, 0.000111, 0.000106
3234, 0.000139, 0.000116, 0.000111
3235, 0.000140, 0.000091, 0.000086
3236, 0.000140, 0.000139, 0.000133
3237, 0.000143, 0.000081, 0.000075
3238, 0.000145, 0.000148, 0.000140
3239, 0.000143, 0.000090, 0.000084
3240, 0.000140, 0.000116, 0.000109
3241, 0.000139, 0.000113, 0.000107
3242, 0.000138, 0.000105, 0.000099
3243, 0.000138, 0.000115, 0.000108
3244, 0.000139, 0.000098, 0.000091
3245, 0.000140, 0.000135, 0.000127
3246, 0.000141, 0.000081, 0.000075
3247, 0.000143, 0.000143, 0.000135
3248, 0.000142, 0.000085, 0.000080
3249, 0.000140, 0.000131, 0.000125
3250, 0.000140, 0.000107, 0.000101
3251, 0.000139, 0.000106, 0.000100
3252, 0.000137, 0.000117, 0.000110
3253, 0.000137, 0.000100, 0.000093
3254, 0.000138, 0.000112, 0.000104
3255, 0.000137, 0.000116, 0.000109
3256, 0.000137, 0.000092, 0.000086
3257, 0.000138, 0.000132, 0.000124
3258, 0.000139, 0.000085, 0.000080
3259, 0.000140, 0.000146, 0.000138
3260, 0.000140, 0.000079, 0.000073
3261, 0.000142, 0.000161, 0.000151
3262, 0.000144, 0.000074, 0.000069
3263, 0.000143, 0.000167, 0.000157
3264, 0.000146, 0.000076, 0.000070
3265, 0.000147, 0.000183, 0.000174
3266, 0.000151, 0.000066, 0.000061
3267, 0.000150, 0.000182, 0.000173
3268, 0.000150, 0.000070, 0.000065
3269, 0.000146, 0.000145, 0.000137
3270, 0.000140, 0.000093, 0.000087
3271, 0.000136, 0.000098, 0.000092
3272, 0.000135, 0.000138, 0.000131
3273, 0.000138, 0.000084, 0.000079
3274, 0.000137, 0.000122, 0.000115
3275, 0.000136, 0.000102, 0.000096
3276, 0.000136, 0.000094, 0.000087
3277, 0.000135, 0.000130, 0.000121
3278, 0.000136, 0.000090, 0.000085
3279, 0.000140, 0.000139, 0.000130
3280, 0.000138, 0.000079, 0.000074
3281, 0.000137, 0.000133, 0.000125
3282, 0.000137, 0.000091, 0.000085
3283, 0.000135, 0.000107, 0.000101
3284, 0.000135, 0.000115, 0.000108
3285, 0.000135, 0.000088, 0.000083
3286, 0.000135, 0.000134, 0.000127
3287, 0.000137, 0.000086, 0.000080
3288, 0.000137, 0.000125, 0.000118
3289, 0.000136, 0.000085, 0.000080
3290, 0.000134, 0.000120, 0.000112
3291, 0.000135, 0.000094, 0.000087
3292, 0.000135, 0.000115, 0.000107
3293, 0.000132, 0.000099, 0.000092
3294, 0.000133, 0.000104, 0.000097
3295, 0.000133, 0.000110, 0.000102
3296, 0.000133, 0.000115, 0.000107
3297, 0.000134, 0.000084, 0.000078
3298, 0.000135, 0.000151, 0.000142
3299, 0.000138, 0.000068, 0.000064
3300, 0.000142, 0.000154, 0.000146
3301, 0.000139, 0.000087, 0.000082
3302, 0.000132, 0.000094, 0.000088
3303, 0.000132, 0.000145, 0.000136
3304, 0.000139, 0.000069, 0.000064
3305, 0.000142, 0.000185, 0.000175
3306, 0.000147, 0.000061, 0.000057
3307, 0.000150, 0.000188, 0.000179
3308, 0.000148, 0.000068, 0.000063
3309, 0.000141, 0.000130, 0.000123
3310, 0.000134, 0.000117, 0.000110
3311, 0.000132, 0.000063, 0.000059
3312, 0.000144, 0.000226, 0.000215
3313, 0.000163, 0.000058, 0.000056
3314, 0.000174, 0.000264, 0.000252
3315, 0.000176, 0.000059, 0.000055
3316, 0.000159, 0.000150, 0.000143
3317, 0.000138, 0.000100, 0.000095
3318, 0.000130, 0.000070, 0.000066
3319, 0.000137, 0.000177, 0.000170
3320, 0.000144, 0.000068, 0.000063
3321, 0.000139, 0.000126, 0.000120
3322, 0.000134, 0.000100, 0.000093
3323, 0.000131, 0.000086, 0.000081
3324, 0.000130, 0.000127, 0.000119
3325, 0.000133, 0.000081, 0.000074
3326, 0.000131, 0.000113, 0.000105
3327, 0.000129, 0.000100, 0.000093
3328, 0.000129, 0.000085, 0.000080
3329, 0.000131, 0.000132, 0.000125
3330, 0.000133, 0.000069, 0.000065
3331, 0.000135, 0.000131, 0.000124
3332, 0.000133, 0.000092, 0.000087
3333, 0.000129, 0.000081, 0.000077
3334, 0.000132, 0.000134, 0.000125
3335, 0.000133, 0.000077, 0.000072
3336, 0.000131, 0.000108, 0.000101
3337, 0.000130, 0.000109, 0.000102
3338, 0.000127, 0.000072, 0.000067
3339, 0.000134, 0.000153, 0.000145
3340, 0.000135, 0.000073, 0.000069
3341, 0.000133, 0.000118, 0.000112
3342, 0.000130, 0.000088, 0.000083
3343, 0.000128, 0.000091, 0.000085
3344, 0.000126, 0.000116, 0.000108
3345, 0.000129, 0.000075, 0.000069
3346, 0.000132, 0.000127, 0.000120
3347, 0.000130, 0.000090, 0.000085
3348, 0.000127, 0.000093, 0.000088
3349, 0.000128, 0.000107, 0.000102
3350, 0.000128, 0.000091, 0.000085
3351, 0.000128, 0.000108, 0.000103
3352, 0.000128, 0.000092, 0.000086
3353, 0.000128, 0.000111, 0.000103
3354, 0.000127, 0.000084, 0.000078
3355, 0.000128, 0.000104, 0.000097
3356, 0.000128, 0.000096, 0.000089
3357, 0.000126, 0.000097, 0.000091
3358, 0.000128, 0.000103, 0.000095
3359, 0.000128, 0.000097, 0.000091
3360, 0.000126, 0.000098, 0.000092
3361, 0.000126, 0.000095, 0.000088
3362, 0.000128, 0.000095, 0.000090
3363, 0.000127, 0.000107, 0.000101
3364, 0.000126, 0.000086, 0.000080
3365, 0.000129, 0.000122, 0.000116
3366, 0.000130, 0.000076, 0.000071
3367, 0.000129, 0.000124, 0.000116
3368, 0.000128, 0.000094, 0.000088
3369, 0.000126, 0.000089, 0.000082
3370, 0.000125, 0.000124, 0.000117
3371, 0.000128, 0.000066, 0.000063
3372, 0.000131, 0.000145, 0.000138
3373, 0.000133, 0.000067, 0.000064
3374, 0.000131, 0.000123, 0.000117
3375, 0.000127, 0.000091, 0.000085
3376, 0.000126, 0.000098, 0.000091
3377, 0.000124, 0.000101, 0.000093
3378, 0.000124, 0.000097, 0.000090
3379, 0.000127, 0.000108, 0.000101
3380, 0.000124, 0.000090, 0.000084
3381, 0.000124, 0.000104, 0.000098
3382, 0.000125, 0.000095, 0.000089
3383, 0.000123, 0.000084, 0.000080
3384, 0.000125, 0.000119, 0.000112
3385, 0.000125, 0.000073, 0.000068
3386, 0.000128, 0.000128, 0.000119
3387, 0.000127, 0.000080, 0.000074
3388, 0.000125, 0.000124, 0.000117
3389, 0.000125, 0.000094, 0.000088
3390, 0.000124, 0.000085, 0.000080
3391, 0.000122, 0.000121, 0.000115
3392, 0.000126, 0.000073, 0.000068
3393, 0.000127, 0.000132, 0.000126
3394, 0.000129, 0.000080, 0.000074
3395, 0.000124, 0.000098, 0.000091
3396, 0.000122, 0.000117, 0.000110
3397, 0.000125, 0.000071, 0.000066
3398, 0.000129, 0.000147, 0.000139
3399, 0.000131, 0.000072, 0.000068
3400, 0.000131, 0.000131, 0.000124
3401, 0.000126, 0.000084, 0.000081
3402, 0.000125, 0.000103, 0.000098
3403, 0.000125, 0.000121, 0.000116
3404, 0.000125, 0.000059, 0.000056
3405, 0.000138, 0.000200, 0.000191
3406, 0.000151, 0.000056, 0.000054
3407, 0.000152, 0.000208, 0.000197
3408, 0.000151, 0.000057, 0.000054
3409, 0.000141, 0.000135, 0.000129
3410, 0.000129, 0.000091, 0.000086
3411, 0.000121, 0.000077, 0.000072
3412, 0.000123, 0.000124, 0.000116
3413, 0.000125, 0.000075, 0.000070
3414, 0.000124, 0.000107, 0.000100
3415, 0.000124, 0.000095, 0.000088
3416, 0.000121, 0.000081, 0.000075
3417, 0.000122, 0.000115, 0.000108
3418, 0.000124, 0.000083, 0.000077
3419, 0.000123, 0.000096, 0.000089
3420, 0.000120, 0.000102, 0.000094
3421, 0.000120, 0.000080, 0.000074
3422, 0.000122, 0.000094, 0.000087
3423, 0.000121, 0.000098, 0.000091
3424, 0.000120, 0.000088, 0.000082
3425, 0.000122, 0.000101, 0.000095
3426, 0.000121, 0.000092, 0.000087
3427, 0.000120, 0.000084, 0.000078
3428, 0.000120, 0.000116, 0.000110
3429, 0.000122, 0.000067, 0.000063
3430, 0.000125, 0.000140, 0.000133
3431, 0.000127, 0.000063, 0.000059
3432, 0.000127, 0.000131, 0.000124
3433, 0.000124, 0.000075, 0.000070
3434, 0.000122, 0.000091, 0.000085
3435, 0.000121, 0.000112, 0.000106
3436, 0.000121, 0.000065, 0.000061
3437, 0.000124, 0.000138, 0.000131
3438, 0.000127, 0.000066, 0.000063
3439, 0.000124, 0.000107, 0.000101
3440, 0.000122, 0.000101, 0.000095
3441, 0.000119, 0.000070, 0.000065
3442, 0.000123, 0.000143, 0.000133
3443, 0.000127, 0.000064, 0.000060
3444, 0.000124, 0.000117, 0.000109
3445, 0.000122, 0.000091, 0.000085
3446, 0.000118, 0.000078, 0.000073
3447, 0.000119, 0.000113, 0.000107
3448, 0.000121, 0.000073, 0.000068
3449, 0.000121, 0.000117, 0.000109
3450, 0.000120, 0.000077, 0.000071
3451, 0.000120, 0.000107, 0.000100
3452, 0.000118, 0.000081, 0.000076
3453, 0.000119, 0.000105, 0.000098
3454, 0.000118, 0.000078, 0.000073
3455, 0.000119, 0.000102, 0.000096
3456, 0.000118, 0.000082, 0.000077
3457, 0.000118, 0.000105, 0.000098
3458, 0.000119, 0.000081, 0.000074
3459, 0.000118, 0.000102, 0.000094
3460, 0.000120, 0.000088, 0.000081
3461, 0.000117, 0.000094, 0.000087
3462, 0.000118, 0.000097, 0.000091
3463, 0.000118, 0.000083, 0.000078
3464, 0.000118, 0.000104, 0.000098
3465, 0.000118, 0.000083, 0.000078
3466, 0.000116, 0.000092, 0.000086
3467, 0.000117, 0.000101, 0.000094
3468, 0.000118, 0.000072, 0.000066
3469, 0.000119, 0.000124, 0.000116
3470, 0.000121, 0.000072, 0.000068
3471, 0.000120, 0.000113, 0.000106
3472, 0.000120, 0.000084, 0.000078
3473, 0.000117, 0.000092, 0.000086
3474, 0.000117, 0.000108, 0.000101
3475, 0.000118, 0.000065, 0.000061
3476, 0.000120, 0.000128, 0.000120
3477, 0.000120, 0.000068, 0.000064
3478, 0.000119, 0.000112, 0.000104
3479, 0.000116, 0.000088, 0.000082
3480, 0.000116, 0.000078, 0.000073
3481, 0.000116, 0.000120, 0.000113
3482, 0.000118, 0.000064, 0.000060
3483, 0.000119, 0.000121, 0.000113
3484, 0.000119, 0.000080, 0.000075
3485, 0.000115, 0.000091, 0.000084
3486, 0.000115, 0.000101, 0.000095
3487, 0.000115, 0.000079, 0.000073
3488, 0.000118, 0.000105, 0.000098
3489, 0.000115, 0.000079, 0.000074
3490, 0.000116, 0.000095, 0.000089
3491, 0.000116, 0.000092, 0.000086
3492, 0.000115, 0.000084, 0.000078
3493, 0.000115, 0.000096, 0.000089
3494, 0.000113, 0.000096, 0.000090
3495, 0.000115, 0.000079, 0.000073
3496, 0.000119, 0.000135, 0.000128
3497, 0.000122, 0.000060, 0.000055
3498, 0.000125, 0.000162, 0.000152
3499, 0.000129, 0.000055, 0.000053
3500, 0.000133, 0.000172, 0.000162
3501, 0.000133, 0.000054, 0.000052
3502, 0.000133, 0.000157, 0.000148
3503, 0.000130, 0.000056, 0.000052
3504, 0.000126, 0.000145, 0.000137
3505, 0.000123, 0.000069, 0.000064
3506, 0.000117, 0.000095, 0.000088
3507, 0.000112, 0.000108, 0.000101
3508, 0.000118, 0.000072, 0.000066
3509, 0.000118, 0.000118, 0.000111
3510, 0.000117, 0.000068, 0.000062
3511, 0.000116, 0.000103, 0.000096
3512, 0.000113, 0.000080, 0.000074
3513, 0.000114, 0.000076, 0.000070
3514, 0.000115, 0.000118, 0.000110
3515, 0.000118, 0.000061, 0.000056
3516, 0.000121, 0.000140, 0.000130
3517, 0.000119, 0.000068, 0.000063
3518, 0.000117, 0.000101, 0.000093
3519, 0.000113, 0.000095, 0.000087
3520, 0.000114, 0.000073, 0.000067
3521, 0.000113, 0.000107, 0.000100
3522, 0.000115, 0.000067, 0.000063
3523, 0.000116, 0.000125, 0.000118
3524, 0.000120, 0.000058, 0.000054
3525, 0.000121, 0.000136, 0.000130
3526, 0.000121, 0.000064, 0.000060
3527, 0.000116, 0.000105, 0.000098
3528, 0.000114, 0.000089, 0.000082
3529, 0.000111, 0.000081, 0.000074
3530, 0.000113, 0.000103, 0.000096
3531, 0.000114, 0.000069, 0.000064
3532, 0.000113, 0.000108, 0.000101
3533, 0.000115, 0.000072, 0.000068
3534, 0.000113, 0.000089, 0.000083
3535, 0.000112, 0.000104, 0.000096
3536, 0.000112, 0.000073, 0.000067
3537, 0.000113, 0.000110, 0.000102
3538, 0.000114, 0.000071, 0.000065
3539, 0.000113, 0.000105, 0.000099
3540, 0.000114, 0.000074, 0.000070
3541, 0.000114, 0.000096, 0.000091
3542, 0.000113, 0.000080, 0.000077
3543, 0.000114, 0.000095, 0.000090
3544, 0.000111, 0.000090, 0.000085
3545, 0.000110, 0.000070, 0.000065
3546, 0.000114, 0.000125, 0.000117
3547, 0.000117, 0.000053, 0.000050
3548, 0.000123, 0.000153, 0.000144
3549, 0.000123, 0.000061, 0.000057
3550, 0.000118, 0.000102, 0.000095
3551, 0.000112, 0.000106, 0.000098
3552, 0.000111, 0.000061, 0.000057
3553, 0.000118, 0.000159, 0.000150
3554, 0.000125, 0.000052, 0.000048
3555, 0.000129, 0.000155, 0.000147
3556, 0.000124, 0.000058, 0.000054
3557, 0.000115, 0.000078, 0.000073
3558, 0.000110, 0.000114, 0.000108
3559, 0.000115, 0.000053, 0.000049
3560, 0.000122, 0.000162, 0.000154
3561, 0.000126, 0.000057, 0.000053
3562, 0.000121, 0.000122, 0.000116
3563, 0.000115, 0.000070, 0.000065
3564, 0.000111, 0.000075, 0.000071
3565, 0.000110, 0.000110, 0.000104
3566, 0.000114, 0.000058, 0.000054
3567, 0.000116, 0.000125, 0.000117
3568, 0.000116, 0.000065, 0.000060
3569, 0.000112, 0.000087, 0.000081
3570, 0.000109, 0.000095, 0.000089
3571, 0.000109, 0.000061, 0.000057
3572, 0.000115, 0.000133, 0.000126
3573, 0.000118, 0.000054, 0.000051
3574, 0.000119, 0.000114, 0.000107
3575, 0.000113, 0.000079, 0.000075
3576, 0.000108, 0.000066, 0.000061
3577, 0.000111, 0.000116, 0.000110
3578, 0.000115, 0.000056, 0.000052
3579, 0.000118, 0.000119, 0.000112
3580, 0.000116, 0.000065, 0.000061
3581, 0.000113, 0.000098, 0.000090
3582, 0.000112, 0.000080, 0.000075
3583, 0.000109, 0.000076, 0.000071
3584, 0.000108, 0.000098, 0.000092
3585, 0.000111, 0.000072, 0.000068
3586, 0.000109, 0.000078, 0.000072
3587, 0.000110, 0.000102, 0.000095
3588, 0.000111, 0.000058, 0.000054
3589, 0.000115, 0.000133, 0.000124
3590, 0.000118, 0.000057, 0.000053
3591, 0.000112, 0.000092, 0.000087
3592, 0.000109, 0.000099, 0.000094
3593, 0.000110, 0.000054, 0.000052
3594, 0.000118, 0.000154, 0.000149
3595, 0.000125, 0.000052, 0.000049
3596, 0.000124, 0.000137, 0.000131
3597, 0.000119, 0.000066, 0.000061
3598, 0.000111, 0.000080, 0.000074
3599, 0.000108, 0.000102, 0.000095
3600, 0.000110, 0.000059, 0.000053
3601, 0.000113, 0.000122, 0.000114
3602, 0.000116, 0.000060, 0.000055
3603, 0.000111, 0.000087, 0.000081
3604, 0.000107, 0.000087, 0.000081
3605, 0.000108, 0.000069, 0.000064
3606, 0.000110, 0.000094, 0.000088
3607, 0.000107, 0.000081, 0.000076
3608, 0.000106, 0.000068, 0.000062
3609, 0.000111, 0.000122, 0.000115
3610, 0.000116, 0.000059, 0.000053
3611, 0.000116, 0.000127, 0.000119
3612, 0.000115, 0.000058, 0.000054
3613, 0.000111, 0.000090, 0.000083
3614, 0.000108, 0.000088, 0.000083
3615, 0.000107, 0.000056, 0.000053
3616, 0.000112, 0.000136, 0.000129
3617, 0.000118, 0.000051, 0.000048
3618, 0.000121, 0.000121, 0.000114
3619, 0.000113, 0.000071, 0.000065
3620, 0.000107, 0.000064, 0.000059
3621, 0.000109, 0.000131, 0.000122
3622, 0.000116, 0.000052, 0.000048
3623, 0.000121, 0.000137, 0.000130
3624, 0.000118, 0.000057, 0.000053
3625, 0.000112, 0.000092, 0.000086
3626, 0.000107, 0.000087, 0.000081
3627, 0.000106, 0.000061, 0.000056
3628, 0.000109, 0.000105, 0.000098
3629, 0.000109, 0.000063, 0.000058
3630, 0.000107, 0.000078, 0.000072
3631, 0.000105, 0.000095, 0.000089
3632, 0.000107, 0.000058, 0.000054
3633, 0.000109, 0.000102, 0.000096
3634, 0.000110, 0.000064, 0.000060
3635, 0.000106, 0.000077, 0.000072
3636, 0.000104, 0.000087, 0.000082
3637, 0.000105, 0.000059, 0.000055
3638, 0.000111, 0.000117, 0.000110
3639, 0.000112, 0.000056, 0.000053
3640, 0.000109, 0.000086, 0.000081
3641, 0.000105, 0.000080, 0.000074
3642, 0.000104, 0.000069, 0.000065
3643, 0.000107, 0.000094, 0.000088
3644, 0.000106, 0.000063, 0.000059
3645, 0.000107, 0.000086, 0.000080
3646, 0.000106, 0.000071, 0.000067
3647, 0.000103, 0.000064, 0.000061
3648, 0.000106, 0.000106, 0.000099
3649, 0.000107, 0.000058, 0.000054
3650, 0.000109, 0.000102, 0.000096
3651, 0.000107, 0.000073, 0.000068
3652, 0.000104, 0.000069, 0.000065
3653, 0.000105, 0.000097, 0.000091
3654, 0.000107, 0.000060, 0.000056
3655, 0.000106, 0.000091, 0.000086
3656, 0.000105, 0.000069, 0.000064
3657, 0.000104, 0.000081, 0.000076
3658, 0.000104, 0.000074, 0.000069
3659, 0.000103, 0.000077, 0.000071
3660, 0.000103, 0.000088, 0.000082
3661, 0.000105, 0.000059, 0.000055
3662, 0.000109, 0.000123, 0.000116
3663, 0.000114, 0.000053, 0.000049
3664, 0.000114, 0.000114, 0.000108
3665, 0.000110, 0.000060, 0.000055
3666, 0.000107, 0.000087, 0.000080
3667, 0.000106, 0.000079, 0.000074
3668, 0.000105, 0.000073, 0.000067
3669, 0.000104, 0.000086, 0.000080
3670, 0.000104, 0.000065, 0.000061
3671, 0.000103, 0.000093, 0.000087
3672, 0.000106, 0.000066, 0.000061
3673, 0.000106, 0.000085, 0.000079
3674, 0.000105, 0.000074, 0.000069
3675, 0.000105, 0.000070, 0.000066
3676, 0.000104, 0.000082, 0.000076
3677, 0.000103, 0.000073, 0.000068
3678, 0.000103, 0.000085, 0.000079
3679, 0.000104, 0.000062, 0.000058
3680, 0.000105, 0.000110, 0.000104
3681, 0.000109, 0.000052, 0.000049
3682, 0.000111, 0.000118, 0.000113
3683, 0.000110, 0.000061, 0.000057
3684, 0.000106, 0.000078, 0.000074
3685, 0.000103, 0.000082, 0.000078
3686, 0.000104, 0.000067, 0.000064
3687, 0.000103, 0.000082, 0.000078
3688, 0.000101, 0.000072, 0.000068
3689, 0.000103, 0.000088, 0.000084
3690, 0.000104, 0.000061, 0.000057
3691, 0.000106, 0.000103, 0.000097
3692, 0.000106, 0.000059, 0.000055
3693, 0.000105, 0.000102, 0.000096
3694, 0.000107, 0.000057, 0.000054
3695, 0.000110, 0.000109, 0.000103
3696, 0.000107, 0.000057, 0.000053
3697, 0.000105, 0.000084, 0.000079
3698, 0.000104, 0.000087, 0.000081
3699, 0.000103, 0.000061, 0.000057
3700, 0.000103, 0.000097, 0.000092
3701, 0.000105, 0.000062, 0.000059
3702, 0.000104, 0.000094, 0.000091
3703, 0.000105, 0.000060, 0.000058
3704, 0.000105, 0.000088, 0.000085
3705, 0.000103, 0.000071, 0.000068
3706, 0.000100, 0.000068, 0.000063
3707, 0.000102, 0.000083, 0.000079
3708, 0.000103, 0.000071, 0.000065
3709, 0.000103, 0.000083, 0.000077
3710, 0.000101, 0.000076, 0.000071
3711, 0.000101, 0.000068, 0.000063
3712, 0.000102, 0.000099, 0.000093
3713, 0.000105, 0.000052, 0.000048
3714, 0.000113, 0.000154, 0.000147
3715, 0.000121, 0.000049, 0.000047
3716, 0.000126, 0.000162, 0.000155
3717, 0.000125, 0.000049, 0.000046
3718, 0.000116, 0.000100, 0.000095
3719, 0.000105, 0.000081, 0.000076
3720, 0.000100, 0.000054, 0.000051
3721, 0.000105, 0.000128, 0.000121
3722, 0.000112, 0.000053, 0.000050
3723, 0.000112, 0.000105, 0.000100
3724, 0.000105, 0.000068, 0.000064
3725, 0.000102, 0.000062, 0.000058
3726, 0.000103, 0.000105, 0.000100
3727, 0.000105, 0.000052, 0.000048
3728, 0.000110, 0.000110, 0.000105
3729, 0.000107, 0.000059, 0.000055
3730, 0.000102, 0.000078, 0.000072
3731, 0.000100, 0.000083, 0.000078
3732, 0.000102, 0.000059, 0.000054
3733, 0.000107, 0.000111, 0.000105
3734, 0.000108, 0.000054, 0.000051
3735, 0.000105, 0.000095, 0.000088
3736, 0.000104, 0.000073, 0.000070
3737, 0.000105, 0.000073, 0.000066
3738, 0.000103, 0.000093, 0.000087
3739, 0.000103, 0.000055, 0.000052
3740, 0.000106, 0.000126, 0.000119
3741, 0.000114, 0.000056, 0.000055
3742, 0.000118, 0.000122, 0.000115
3743, 0.000112, 0.000057, 0.000053
3744, 0.000101, 0.000067, 0.000063
3745, 0.000099, 0.000102, 0.000096
3746, 0.000106, 0.000052, 0.000049
3747, 0.000111, 0.000114, 0.000108
3748, 0.000108, 0.000057, 0.000053
3749, 0.000105, 0.000087, 0.000084
3750, 0.000103, 0.000075, 0.000070
3751, 0.000102, 0.000067, 0.000063
3752, 0.000100, 0.000086, 0.000080
3753, 0.000099, 0.000064, 0.000059
3754, 0.000102, 0.000085, 0.000080
3755, 0.000101, 0.000068, 0.000063
3756, 0.000099, 0.000066, 0.000061
3757, 0.000100, 0.000096, 0.000092
3758, 0.000103, 0.000053, 0.000050
3759, 0.000107, 0.000121, 0.000116
3760, 0.000111, 0.000052, 0.000050
3761, 0.000106, 0.000091, 0.000085
3762, 0.000100, 0.000072, 0.000068
3763, 0.000099, 0.000060, 0.000056
3764, 0.000100, 0.000104, 0.000098
3765, 0.000104, 0.000053, 0.000050
3766, 0.000107, 0.000107, 0.000099
3767, 0.000104, 0.000054, 0.000050
3768, 0.000105, 0.000090, 0.000085
3769, 0.000102, 0.000063, 0.000058
3770, 0.000100, 0.000073, 0.000069
3771, 0.000099, 0.000084, 0.000079
3772, 0.000100, 0.000056, 0.000051
3773, 0.000103, 0.000094, 0.000088
3774, 0.000102, 0.000061, 0.000056
3775, 0.000101, 0.000073, 0.000070
3776, 0.000098, 0.000079, 0.000074
3777, 0.000099, 0.000054, 0.000052
3778, 0.000100, 0.000094, 0.000088
3779, 0.000102, 0.000058, 0.000054
3780, 0.000100, 0.000083, 0.000077
3781, 0.000099, 0.000065, 0.000060
3782, 0.000098, 0.000071, 0.000067
3783, 0.000097, 0.000069, 0.000064
3784, 0.000097, 0.000074, 0.000069
3785, 0.000097, 0.000060, 0.000057
3786, 0.000099, 0.000078, 0.000074
3787, 0.000098, 0.000061, 0.000058
3788, 0.000097, 0.000072, 0.000069
3789, 0.000097, 0.000069, 0.000065
3790, 0.000097, 0.000064, 0.000061
3791, 0.000097, 0.000085, 0.000081
3792, 0.000100, 0.000053, 0.000050
3793, 0.000105, 0.000123, 0.000118
3794, 0.000110, 0.000049, 0.000047
3795, 0.000108, 0.000103, 0.000097
3796, 0.000103, 0.000058, 0.000054
3797, 0.000098, 0.000067, 0.000063
3798, 0.000098, 0.000076, 0.000072
3799, 0.000099, 0.000060, 0.000057
3800, 0.000098, 0.000078, 0.000074
3801, 0.000097, 0.000068, 0.000065
3802, 0.000096, 0.000063, 0.000059
3803, 0.000097, 0.000075, 0.000071
3804, 0.000096, 0.000064, 0.000061
3805, 0.000098, 0.000076, 0.000073
3806, 0.000098, 0.000065, 0.000062
3807, 0.000097, 0.000067, 0.000063
3808, 0.000097, 0.000071, 0.000067
3809, 0.000097, 0.000063, 0.000060
3810, 0.000097, 0.000081, 0.000076
3811, 0.000097, 0.000057, 0.000054
3812, 0.000099, 0.000097, 0.000092
3813, 0.000099, 0.000051, 0.000048
3814, 0.000103, 0.000103, 0.000098
3815, 0.000104, 0.000061, 0.000057
3816, 0.000098, 0.000065, 0.000060
3817, 0.000095, 0.000092, 0.000087
3818, 0.000100, 0.000055, 0.000051
3819, 0.000103, 0.000104, 0.000100
3820, 0.000105, 0.000050, 0.000047
3821, 0.000101, 0.000088, 0.000083
3822, 0.000098, 0.000063, 0.000060
3823, 0.000097, 0.000065, 0.000060
3824, 0.000096, 0.000082, 0.000077
3825, 0.000095, 0.000056, 0.000052
3826, 0.000099, 0.000097, 0.000090
3827, 0.000100, 0.000051, 0.000048
3828, 0.000104, 0.000105, 0.000100
3829, 0.000104, 0.000051, 0.000048
3830, 0.000101, 0.000082, 0.000078
3831, 0.000097, 0.000069, 0.000065
3832, 0.000095, 0.000058, 0.000054
3833, 0.000096, 0.000097, 0.000091
3834, 0.000100, 0.000050, 0.000047
3835, 0.000107, 0.000113, 0.000107
3836, 0.000107, 0.000050, 0.000047
3837, 0.000101, 0.000080, 0.000075
3838, 0.000096, 0.000063, 0.000059
3839, 0.000095, 0.000065, 0.000061
3840, 0.000095, 0.000083, 0.000077
3841, 0.000096, 0.000051, 0.000048
3842, 0.000099, 0.000101, 0.000095
3843, 0.000101, 0.000053, 0.000050
3844, 0.000098, 0.000079, 0.000074
3845, 0.000097, 0.000066, 0.000062
3846, 0.000095, 0.000065, 0.000062
3847, 0.000095, 0.000071, 0.000066
3848, 0.000095, 0.000061, 0.000057
3849, 0.000094, 0.000073, 0.000070
3850, 0.000095, 0.000065, 0.000062
3851, 0.000094, 0.000055, 0.000053
3852, 0.000095, 0.000088, 0.000083
3853, 0.000097, 0.000052, 0.000048
3854, 0.000099, 0.000083, 0.000079
3855, 0.000098, 0.000056, 0.000052
3856, 0.000096, 0.000077, 0.000073
3857, 0.000094, 0.000065, 0.000062
3858, 0.000094, 0.000061, 0.000057
3859, 0.000096, 0.000089, 0.000084
3860, 0.000098, 0.000052, 0.000049
3861, 0.000099, 0.000093, 0.000087
3862, 0.000098, 0.000054, 0.000051
3863, 0.000095, 0.000066, 0.000062
3864, 0.000094, 0.000078, 0.000074
3865, 0.000093, 0.000052, 0.000049
3866, 0.000097, 0.000098, 0.000091
3867, 0.000100, 0.000051, 0.000048
3868, 0.000097, 0.000077, 0.000072
3869, 0.000095, 0.000073, 0.000068
3870, 0.000094, 0.000050, 0.000048
3871, 0.000102, 0.000121, 0.000115
3872, 0.000109, 0.000049, 0.000046
3873, 0.000112, 0.000120, 0.000115
3874, 0.000109, 0.000050, 0.000046
3875, 0.000101, 0.000078, 0.000074
3876, 0.000094, 0.000072, 0.000068
3877, 0.000094, 0.000053, 0.000050
3878, 0.000100, 0.000118, 0.000111
3879, 0.000107, 0.000049, 0.000046
3880, 0.000104, 0.000094, 0.000087
3881, 0.000098, 0.000055, 0.000052
3882, 0.000095, 0.000065, 0.000061
3883, 0.000094, 0.000076, 0.000072
3884, 0.000094, 0.000050, 0.000048
3885, 0.000097, 0.000092, 0.000088
3886, 0.000097, 0.000056, 0.000054
3887, 0.000093, 0.000062, 0.000059
3888, 0.000092, 0.000082, 0.000077
3889, 0.000095, 0.000050, 0.000047
3890, 0.000097, 0.000094, 0.000088
3891, 0.000096, 0.000057, 0.000054
3892, 0.000093, 0.000061, 0.000058
3893, 0.000093, 0.000077, 0.000073
3894, 0.000094, 0.000053, 0.000050
3895, 0.000095, 0.000090, 0.000085
3896, 0.000096, 0.000052, 0.000049
3897, 0.000095, 0.000078, 0.000073
3898, 0.000094, 0.000053, 0.000050
3899, 0.000093, 0.000074, 0.000070
3900, 0.000093, 0.000058, 0.000054
3901, 0.000093, 0.000074, 0.000070
3902, 0.000091, 0.000055, 0.000051
3903, 0.000093, 0.000077, 0.000074
3904, 0.000093, 0.000055, 0.000052
3905, 0.000092, 0.000075, 0.000071
3906, 0.000092, 0.000060, 0.000057
3907, 0.000093, 0.000058, 0.000054
3908, 0.000091, 0.000078, 0.000073
3909, 0.000093, 0.000053, 0.000049
3910, 0.000094, 0.000077, 0.000071
3911, 0.000093, 0.000060, 0.000056
3912, 0.000092, 0.000062, 0.000058
3913, 0.000091, 0.000072, 0.000068
3914, 0.000091, 0.000059, 0.000057
3915, 0.000091, 0.000066, 0.000062
3916, 0.000091, 0.000059, 0.000056
3917, 0.000092, 0.000064, 0.000061
3918, 0.000092, 0.000062, 0.000058
3919, 0.000091, 0.000069, 0.000065
3920, 0.000092, 0.000062, 0.000058
3921, 0.000091, 0.000071, 0.000066
3922, 0.000091, 0.000056, 0.000053
3923, 0.000094, 0.000080, 0.000074
3924, 0.000093, 0.000051, 0.000047
3925, 0.000094, 0.000078, 0.000073
3926, 0.000093, 0.000053, 0.000048
3927, 0.000092, 0.000072, 0.000068
3928, 0.000092, 0.000060, 0.000056
3929, 0.000092, 0.000066, 0.000063
3930, 0.000092, 0.000066, 0.000061
3931, 0.000091, 0.000065, 0.000061
3932, 0.000091, 0.000060, 0.000056
3933, 0.000091, 0.000087, 0.000081
3934, 0.000096, 0.000049, 0.000046
3935, 0.000099, 0.000110, 0.000104
3936, 0.000103, 0.000050, 0.000047
3937, 0.000107, 0.000112, 0.000109
3938, 0.000107, 0.000051, 0.000048
3939, 0.000098, 0.000072, 0.000069
3940, 0.000091, 0.000073, 0.000069
3941, 0.000093, 0.000053, 0.000048
3942, 0.000100, 0.000122, 0.000117
3943, 0.000110, 0.000051, 0.000048
3944, 0.000110, 0.000117, 0.000110
3945, 0.000105, 0.000049, 0.000047
3946, 0.000099, 0.000078, 0.000072
3947, 0.000093, 0.000060, 0.000057
3948, 0.000090, 0.000054, 0.000051
3949, 0.000092, 0.000092, 0.000087
3950, 0.000097, 0.000049, 0.000047
3951, 0.000102, 0.000108, 0.000102
3952, 0.000102, 0.000048, 0.000045
3953, 0.000097, 0.000075, 0.000070
3954, 0.000093, 0.000056, 0.000051
3955, 0.000089, 0.000056, 0.000053
3956, 0.000090, 0.000084, 0.000079
3957, 0.000093, 0.000049, 0.000047
3958, 0.000097, 0.000086, 0.000082
3959, 0.000094, 0.000052, 0.000050
3960, 0.000090, 0.000057, 0.000053
3961, 0.000089, 0.000073, 0.000069
3962, 0.000090, 0.000050, 0.000047
3963, 0.000092, 0.000074, 0.000070
3964, 0.000091, 0.000055, 0.000052
3965, 0.000090, 0.000060, 0.000056
3966, 0.000088, 0.000072, 0.000068
3967, 0.000091, 0.000050, 0.000047
3968, 0.000094, 0.000094, 0.000088
3969, 0.000097, 0.000050, 0.000047
3970, 0.000095, 0.000072, 0.000067
3971, 0.000091, 0.000064, 0.000059
3972, 0.000090, 0.000051, 0.000049
3973, 0.000091, 0.000083, 0.000078
3974, 0.000092, 0.000051, 0.000047
3975, 0.000095, 0.000079, 0.000076
3976, 0.000094, 0.000056, 0.000053
3977, 0.000090, 0.000060, 0.000057
3978, 0.000088, 0.000079, 0.000076
3979, 0.000093, 0.000049, 0.000047
3980, 0.000100, 0.000106, 0.000100
3981, 0.000103, 0.000047, 0.000046
3982, 0.000097, 0.000077, 0.000072
3983, 0.000092, 0.000064, 0.000061
3984, 0.000092, 0.000049, 0.000046
3985, 0.000096, 0.000106, 0.000100
3986, 0.000100, 0.000050, 0.000048
3987, 0.000098, 0.000080, 0.000075
3988, 0.000094, 0.000060, 0.000057
3989, 0.000089, 0.000052, 0.000050
3990, 0.000091, 0.000092, 0.000087
3991, 0.000095, 0.000049, 0.000048
3992, 0.000096, 0.000075, 0.000071
3993, 0.000090, 0.000056, 0.000053
3994, 0.000089, 0.000056, 0.000053
3995, 0.000089, 0.000078, 0.000072
3996, 0.000091, 0.000050, 0.000048
3997, 0.000092, 0.000083, 0.000079
3998, 0.000092, 0.000052, 0.000049
3999, 0.000090, 0.000070, 0.000068
4000, 0.000091, 0.000053, 0.000050
4001, 0.000089, 0.000064, 0.000061
4002, 0.000087, 0.000058, 0.000055
4003, 0.000088, 0.000057, 0.000054
4004, 0.000089, 0.000064, 0.000061
4005, 0.000089, 0.000054, 0.000053
4006, 0.000087, 0.000074, 0.000071
4007, 0.000089, 0.000053, 0.000052
4008, 0.000088, 0.000061, 0.000059
4009, 0.000087, 0.000060, 0.000057
4010, 0.000087, 0.000057, 0.000055
4011, 0.000087, 0.000062, 0.000059
4012, 0.000088, 0.000054, 0.000050
4013, 0.000087, 0.000066, 0.000062
4014, 0.000087, 0.000054, 0.000051
4015, 0.000088, 0.000062, 0.000059
4016, 0.000088, 0.000059, 0.000057
4017, 0.000087, 0.000056, 0.000053
4018, 0.000087, 0.000070, 0.000067
4019, 0.000088, 0.000049, 0.000047
4020, 0.000090, 0.000079, 0.000075
4021, 0.000092, 0.000048, 0.000045
4022, 0.000092, 0.000078, 0.000074
4023, 0.000090, 0.000051, 0.000048
4024, 0.000089, 0.000065, 0.000061
4025, 0.000087, 0.000059, 0.000057
4026, 0.000086, 0.000058, 0.000055
4027, 0.000087, 0.000064, 0.000061
4028, 0.000086, 0.000055, 0.000053
4029, 0.000088, 0.000067, 0.000063
4030, 0.000088, 0.000054, 0.000051
4031, 0.000087, 0.000064, 0.000061
4032, 0.000086, 0.000054, 0.000051
4033, 0.000088, 0.000069, 0.000066
4034, 0.000089, 0.000053, 0.000050
4035, 0.000088, 0.000074, 0.000070
4036, 0.000089, 0.000049, 0.000047
4037, 0.000090, 0.000076, 0.000071
4038, 0.000089, 0.000052, 0.000049
4039, 0.000087, 0.000058, 0.000053
4040, 0.000086, 0.000063, 0.000058
4041, 0.000086, 0.000055, 0.000051
4042, 0.000086, 0.000059, 0.000055
4043, 0.000086, 0.000065, 0.000061
4044, 0.000086, 0.000050, 0.000048
4045, 0.000088, 0.000071, 0.000068
4046, 0.000089, 0.000050, 0.000048
4047, 0.000089, 0.000081, 0.000078
4048, 0.000090, 0.000050, 0.000047
4049, 0.000092, 0.000074, 0.000071
4050, 0.000088, 0.000055, 0.000052
4051, 0.000086, 0.000054, 0.000051
4052, 0.000087, 0.000073, 0.000070
4053, 0.000089, 0.000048, 0.000045
4054, 0.000096, 0.000106, 0.000101
4055, 0.000102, 0.000052, 0.000050
4056, 0.000105, 0.000106, 0.000100
4057, 0.000102, 0.000049, 0.000048
4058, 0.000099, 0.000090, 0.000084
4059, 0.000096, 0.000053, 0.000052
4060, 0.000088, 0.000051, 0.000048
4061, 0.000086, 0.000092, 0.000087
4062, 0.000096, 0.000054, 0.000052
4063, 0.000104, 0.000109, 0.000103
4064, 0.000104, 0.000048, 0.000046
4065, 0.000097, 0.000073, 0.000070
4066, 0.000088, 0.000059, 0.000056
4067, 0.000087, 0.000050, 0.000048
4068, 0.000088, 0.000085, 0.000080
4069, 0.000093, 0.000052, 0.000049
4070, 0.000097, 0.000087, 0.000083
4071, 0.000094, 0.000050, 0.000047
4072, 0.000086, 0.000055, 0.000051
4073, 0.000085, 0.000075, 0.000072
4074, 0.000091, 0.000049, 0.000046
4075, 0.000092, 0.000080, 0.000077
4076, 0.000091, 0.000048, 0.000046
4077, 0.000090, 0.000069, 0.000065
4078, 0.000088, 0.000056, 0.000053
4079, 0.000085, 0.000054, 0.000051
4080, 0.000084, 0.000064, 0.000061
4081, 0.000087, 0.000052, 0.000051
4082, 0.000087, 0.000059, 0.000055
4083, 0.000085, 0.000054, 0.000052
4084, 0.000084, 0.000055, 0.000053
4085, 0.000085, 0.000064, 0.000060
4086, 0.000087, 0.000054, 0.000052
4087, 0.000085, 0.000057, 0.000054
4088, 0.000084, 0.000053, 0.000050
4089, 0.000086, 0.000066, 0.000063
4090, 0.000087, 0.000050, 0.000047
4091, 0.000085, 0.000065, 0.000061
4092, 0.000085, 0.000051, 0.000048
4093, 0.000085, 0.000056, 0.000053
4094, 0.000083, 0.000059, 0.000056
4095, 0.000084, 0.000050, 0.000048
4096, 0.000084, 0.000056, 0.000053
4097, 0.000084, 0.000053, 0.000051
4098, 0.000084, 0.000054, 0.000052
4099, 0.000083, 0.000064, 0.000061
4100, 0.000084, 0.000049, 0.000047
4101, 0.000086, 0.000070, 0.000067
4102, 0.000086, 0.000050, 0.000047
4103, 0.000086, 0.000067, 0.000064
4104, 0.000085, 0.000052, 0.000049
4105, 0.000085, 0.000063, 0.000060
4106, 0.000085, 0.000049, 0.000047
4107, 0.000084, 0.000061, 0.000058
4108, 0.000084, 0.000053, 0.000051
4109, 0.000084, 0.000058, 0.000055
4110, 0.000083, 0.000053, 0.000049
4111, 0.000084, 0.000058, 0.000055
4112, 0.000085, 0.000054, 0.000050
4113, 0.000084, 0.000060, 0.000058
4114, 0.000084, 0.000055, 0.000053
4115, 0.000084, 0.000056, 0.000054
4116, 0.000085, 0.000055, 0.000053
4117, 0.000084, 0.000051, 0.000048
4118, 0.000084, 0.000056, 0.000053
4119, 0.000084, 0.000057, 0.000055
4120, 0.000084, 0.000053, 0.000050
4121, 0.000085, 0.000066, 0.000063
4122, 0.000084, 0.000047, 0.000045
4123, 0.000086, 0.000067, 0.000063
4124, 0.000085, 0.000051, 0.000050
4125, 0.000086, 0.000060, 0.000056
4126, 0.000084, 0.000062, 0.000058
4127, 0.000084, 0.000050, 0.000049
4128, 0.000088, 0.000076, 0.000072
4129, 0.000089, 0.000047, 0.000046
4130, 0.000087, 0.000074, 0.000073
4131, 0.000089, 0.000052, 0.000050
4132, 0.000086, 0.000063, 0.000061
4133, 0.000083, 0.000056, 0.000053
4134, 0.000083, 0.000054, 0.000051
4135, 0.000085, 0.000068, 0.000066
4136, 0.000087, 0.000046, 0.000045
4137, 0.000088, 0.000086, 0.000082
4138, 0.000093, 0.000048, 0.000047
4139, 0.000093, 0.000083, 0.000079
4140, 0.000091, 0.000048, 0.000045
4141, 0.000087, 0.000065, 0.000062
4142, 0.000083, 0.000055, 0.000051
4143, 0.000083, 0.000051, 0.000049
4144, 0.000083, 0.000068, 0.000065
4145, 0.000085, 0.000048, 0.000046
4146, 0.000089, 0.000080, 0.000076
4147, 0.000091, 0.000048, 0.000046
4148, 0.000088, 0.000076, 0.000071
4149, 0.000087, 0.000053, 0.000051
4150, 0.000085, 0.000057, 0.000053
4151, 0.000086, 0.000078, 0.000074
4152, 0.000088, 0.000050, 0.000048
4153, 0.000094, 0.000101, 0.000095
4154, 0.000100, 0.000050, 0.000050
4155, 0.000096, 0.000078, 0.000074
4156, 0.000088, 0.000049, 0.000047
4157, 0.000083, 0.000049, 0.000049
4158, 0.000084, 0.000078, 0.000075
4159, 0.000090, 0.000048, 0.000047
4160, 0.000091, 0.000082, 0.000079
4161, 0.000092, 0.000050, 0.000047
4162, 0.000089, 0.000060, 0.000058
4163, 0.000083, 0.000056, 0.000054
4164, 0.000081, 0.000048, 0.000047
4165, 0.000085, 0.000081, 0.000077
4166, 0.000091, 0.000049, 0.000047
4167, 0.000093, 0.000083, 0.000078
4168, 0.000090, 0.000048, 0.000046
4169, 0.000084, 0.000057, 0.000053
4170, 0.000081, 0.000062, 0.000059
4171, 0.000083, 0.000048, 0.000046
4172, 0.000089, 0.000088, 0.000084
4173, 0.000093, 0.000047, 0.000045
4174, 0.000092, 0.000069, 0.000065
4175, 0.000085, 0.000050, 0.000048
4176, 0.000081, 0.000049, 0.000047
4177, 0.000082, 0.000066, 0.000063
4178, 0.000084, 0.000045, 0.000044
4179, 0.000087, 0.000076, 0.000073
4180, 0.000089, 0.000047, 0.000046
4181, 0.000087, 0.000066, 0.000064
4182, 0.000084, 0.000050, 0.000048
4183, 0.000082, 0.000050, 0.000048
4184, 0.000081, 0.000056, 0.000054
4185, 0.000081, 0.000048, 0.000046
4186, 0.000081, 0.000055, 0.000052
4187, 0.000080, 0.000052, 0.000050
4188, 0.000080, 0.000050, 0.000048
4189, 0.000081, 0.000062, 0.000059
4190, 0.000082, 0.000047, 0.000046
4191, 0.000083, 0.000065, 0.000064
4192, 0.000085, 0.000048, 0.000047
4193, 0.000085, 0.000057, 0.000055
4194, 0.000081, 0.000052, 0.000050
4195, 0.000079, 0.000049, 0.000047
4196, 0.000082, 0.000067, 0.000065
4197, 0.000085, 0.000047, 0.000046
4198, 0.000085, 0.000060, 0.000058
4199, 0.000081, 0.000050, 0.000049
4200, 0.000080, 0.000048, 0.000047
4201, 0.000081, 0.000072, 0.000069
4202, 0.000085, 0.000047, 0.000046
4203, 0.000089, 0.000074, 0.000071
4204, 0.000088, 0.000048, 0.000046
4205, 0.000086, 0.000056, 0.000053
4206, 0.000081, 0.000058, 0.000054
4207, 0.000082, 0.000047, 0.000045
4208, 0.000083, 0.000066, 0.000063
4209, 0.000084, 0.000050, 0.000048
4210, 0.000083, 0.000060, 0.000058
4211, 0.000081, 0.000052, 0.000049
4212, 0.000079, 0.000048, 0.000045
4213, 0.000081, 0.000063, 0.000060
4214, 0.000084, 0.000050, 0.000047
4215, 0.000083, 0.000059, 0.000056
4216, 0.000081, 0.000051, 0.000049
4217, 0.000080, 0.000053, 0.000051
4218, 0.000081, 0.000056, 0.000054
4219, 0.000080, 0.000048, 0.000047
4220, 0.000081, 0.000063, 0.000060
4221, 0.000081, 0.000049, 0.000048
4222, 0.000082, 0.000054, 0.000051
4223, 0.000080, 0.000055, 0.000052
4224, 0.000080, 0.000047, 0.000046
4225, 0.000082, 0.000067, 0.000063
4226, 0.000085, 0.000050, 0.000049
4227, 0.000082, 0.000061, 0.000058
4228, 0.000080, 0.000051, 0.000050
4229, 0.000079, 0.000053, 0.000052
4230, 0.000080, 0.000054, 0.000051
4231, 0.000079, 0.000050, 0.000048
4232, 0.000079, 0.000051, 0.000049
4233, 0.000079, 0.000053, 0.000050
4234, 0.000081, 0.000056, 0.000055
4235, 0.000081, 0.000048, 0.000047
4236, 0.000078, 0.000050, 0.000048
4237, 0.000078, 0.000061, 0.000060
4238, 0.000082, 0.000050, 0.000048
4239, 0.000085, 0.000074, 0.000070
4240, 0.000084, 0.000047, 0.000047
4241, 0.000082, 0.000056, 0.000053
4242, 0.000080, 0.000056, 0.000054
4243, 0.000079, 0.000047, 0.000045
4244, 0.000084, 0.000078, 0.000074
4245, 0.000087, 0.000049, 0.000048
4246, 0.000087, 0.000069, 0.000067
4247, 0.000084, 0.000048, 0.000047
4248, 0.000080, 0.000050, 0.000049
4249, 0.000080, 0.000060, 0.000057
4250, 0.000081, 0.000047, 0.000045
4251, 0.000081, 0.000063, 0.000060
4252, 0.000082, 0.000053, 0.000050
4253, 0.000082, 0.000059, 0.000057
4254, 0.000081, 0.000049, 0.000048
4255, 0.000080, 0.000061, 0.000058
4256, 0.000081, 0.000049, 0.000047
4257, 0.000078, 0.000056, 0.000052
4258, 0.000078, 0.000054, 0.000051
4259, 0.000079, 0.000048, 0.000046
4260, 0.000079, 0.000062, 0.000059
4261, 0.000080, 0.000049, 0.000048
4262, 0.000082, 0.000059, 0.000058
4263, 0.000080, 0.000049, 0.000048
4264, 0.000078, 0.000051, 0.000050
4265, 0.000080, 0.000063, 0.000060
4266, 0.000083, 0.000051, 0.000047
4267, 0.000083, 0.000064, 0.000062
4268, 0.000081, 0.000049, 0.000047
4269, 0.000081, 0.000062, 0.000060
4270, 0.000083, 0.000050, 0.000050
4271, 0.000082, 0.000058, 0.000056
4272, 0.000080, 0.000049, 0.000046
4273, 0.000078, 0.000053, 0.000051
4274, 0.000080, 0.000053, 0.000049
4275, 0.000079, 0.000050, 0.000048
4276, 0.000076, 0.000052, 0.000051
4277, 0.000078, 0.000054, 0.000052
4278, 0.000078, 0.000050, 0.000050
4279, 0.000077, 0.000054, 0.000053
4280, 0.000077, 0.000051, 0.000049
4281, 0.000078, 0.000057, 0.000055
4282, 0.000078, 0.000049, 0.000047
4283, 0.000078, 0.000054, 0.000052
4284, 0.000077, 0.000048, 0.000047
4285, 0.000078, 0.000052, 0.000051
4286, 0.000077, 0.000050, 0.000049
4287, 0.000077, 0.000052, 0.000050
4288, 0.000077, 0.000052, 0.000050
4289, 0.000077, 0.000051, 0.000049
4290, 0.000078, 0.000052, 0.000050
4291, 0.000078, 0.000047, 0.000045
4292, 0.000077, 0.000051, 0.000049
4293, 0.000077, 0.000049, 0.000047
4294, 0.000078, 0.000053, 0.000050
4295, 0.000077, 0.000049, 0.000047
4296, 0.000078, 0.000060, 0.000057
4297, 0.000078, 0.000049, 0.000046
4298, 0.000078, 0.000056, 0.000053
4299, 0.000078, 0.000049, 0.000047
4300, 0.000078, 0.000056, 0.000054
4301, 0.000078, 0.000046, 0.000045
4302, 0.000079, 0.000063, 0.000061
4303, 0.000081, 0.000047, 0.000046
4304, 0.000084, 0.000074, 0.000071
4305, 0.000085, 0.000050, 0.000049
4306, 0.000086, 0.000081, 0.000077
4307, 0.000087, 0.000050, 0.000049
4308, 0.000086, 0.000076, 0.000071
4309, 0.000086, 0.000049, 0.000048
4310, 0.000082, 0.000061, 0.000059
4311, 0.000079, 0.000049, 0.000048
4312, 0.000078, 0.000046, 0.000046
4313, 0.000078, 0.000065, 0.000063
4314, 0.000082, 0.000051, 0.000049
4315, 0.000088, 0.000092, 0.000090
4316, 0.000099, 0.000068, 0.000066
4317, 0.000110, 0.000139, 0.000134
4318, 0.000124, 0.000079, 0.000080
4319, 0.000121, 0.000113, 0.000107
4320, 0.000106, 0.000049, 0.000048
4321, 0.000084, 0.000047, 0.000044
4322, 0.000077, 0.000091, 0.000084
4323, 0.000095, 0.000070, 0.000069
4324, 0.000110, 0.000104, 0.000099
4325, 0.000105, 0.000053, 0.000052
4326, 0.000086, 0.000053, 0.000052
4327, 0.000078, 0.000069, 0.000065
4328, 0.000082, 0.000056, 0.000055
4329, 0.000091, 0.000077, 0.000072
4330, 0.000090, 0.000047, 0.000045
4331, 0.000080, 0.000047, 0.000045
4332, 0.000076, 0.000063, 0.000061
4333, 0.000081, 0.000052, 0.000051
4334, 0.000087, 0.000074, 0.000071
4335, 0.000086, 0.000049, 0.000048
4336, 0.000080, 0.000054, 0.000051
4337, 0.000077, 0.000056, 0.000054
4338, 0.000079, 0.000048, 0.000047
4339, 0.000083, 0.000069, 0.000066
4340, 0.000082, 0.000045, 0.000044
4341, 0.000078, 0.000046, 0.000045
4342, 0.000075, 0.000058, 0.000055
4343, 0.000079, 0.000047, 0.000046
4344, 0.000080, 0.000059, 0.000055
4345, 0.000077, 0.000048, 0.000045
4346, 0.000076, 0.000047, 0.000045
4347, 0.000075, 0.000052, 0.000049
4348, 0.000077, 0.000048, 0.000047
4349, 0.000075, 0.000049, 0.000048
4350, 0.000076, 0.000052, 0.000049
4351, 0.000076, 0.000047, 0.000045
4352, 0.000075, 0.000046, 0.000044
4353, 0.000075, 0.000050, 0.000048
4354, 0.000077, 0.000046, 0.000045
4355, 0.000078, 0.000059, 0.000057
4356, 0.000079, 0.000049, 0.000047
4357, 0.000077, 0.000050, 0.000049
4358, 0.000075, 0.000054, 0.000052
4359, 0.000077, 0.000048, 0.000047
4360, 0.000079, 0.000057, 0.000055
4361, 0.000079, 0.000046, 0.000045
4362, 0.000077, 0.000052, 0.000050
4363, 0.000075, 0.000051, 0.000050
4364, 0.000076, 0.000047, 0.000045
4365, 0.000077, 0.000056, 0.000053
4366, 0.000076, 0.000047, 0.000046
4367, 0.000076, 0.000051, 0.000049
4368, 0.000076, 0.000048, 0.000047
4369, 0.000074, 0.000048, 0.000047
4370, 0.000075, 0.000052, 0.000050
4371, 0.000075, 0.000047, 0.000046
4372, 0.000075, 0.000049, 0.000047
4373, 0.000074, 0.000050, 0.000048
4374, 0.000076, 0.000050, 0.000048
4375, 0.000076, 0.000048, 0.000047
4376, 0.000075, 0.000051, 0.000050
4377, 0.000075, 0.000048, 0.000047
4378, 0.000074, 0.000048, 0.000047
4379, 0.000075, 0.000052, 0.000049
4380, 0.000075, 0.000046, 0.000044
4381, 0.000076, 0.000058, 0.000055
4382, 0.000078, 0.000047, 0.000045
4383, 0.000078, 0.000052, 0.000050
4384, 0.000075, 0.000048, 0.000048
4385, 0.000076, 0.000049, 0.000047
4386, 0.000075, 0.000054, 0.000051
4387, 0.000074, 0.000048, 0.000047
4388, 0.000076, 0.000052, 0.000049
4389, 0.000075, 0.000046, 0.000045
4390, 0.000074, 0.000046, 0.000046
4391, 0.000075, 0.000050, 0.000049
4392, 0.000074, 0.000046, 0.000045
4393, 0.000074, 0.000050, 0.000048
4394, 0.000074, 0.000047, 0.000045
4395, 0.000074, 0.000048, 0.000046
4396, 0.000074, 0.000050, 0.000048
4397, 0.000075, 0.000049, 0.000047
4398, 0.000076, 0.000050, 0.000048
4399, 0.000074, 0.000050, 0.000049
4400, 0.000076, 0.000054, 0.000053
4401, 0.000078, 0.000047, 0.000045
4402, 0.000074, 0.000048, 0.000046
4403, 0.000075, 0.000052, 0.000050
4404, 0.000077, 0.000051, 0.000049
4405, 0.000076, 0.000051, 0.000049
4406, 0.000074, 0.000049, 0.000047
4407, 0.000075, 0.000050, 0.000048
4408, 0.000074, 0.000052, 0.000051
4409, 0.000074, 0.000048, 0.000047
4410, 0.000075, 0.000056, 0.000053
4411, 0.000076, 0.000048, 0.000047
4412, 0.000075, 0.000050, 0.000048
4413, 0.000075, 0.000053, 0.000052
4414, 0.000075, 0.000047, 0.000046
4415, 0.000078, 0.000062, 0.000059
4416, 0.000080, 0.000049, 0.000048
4417, 0.000078, 0.000050, 0.000048
4418, 0.000074, 0.000058, 0.000055
4419, 0.000077, 0.000053, 0.000054
4420, 0.000085, 0.000082, 0.000079
4421, 0.000089, 0.000055, 0.000055
4422, 0.000086, 0.000061, 0.000060
4423, 0.000079, 0.000050, 0.000047
4424, 0.000074, 0.000051, 0.000049
4425, 0.000081, 0.000089, 0.000085
4426, 0.000099, 0.000073, 0.000073
4427, 0.000104, 0.000082, 0.000079
4428, 0.000092, 0.000047, 0.000046
4429, 0.000075, 0.000050, 0.000049
4430, 0.000079, 0.000083, 0.000081
4431, 0.000092, 0.000062, 0.000061
4432, 0.000093, 0.000069, 0.000065
4433, 0.000083, 0.000048, 0.000047
4434, 0.000074, 0.000048, 0.000047
4435, 0.000076, 0.000068, 0.000065
4436, 0.000084, 0.000054, 0.000054
4437, 0.000084, 0.000058, 0.000056
4438, 0.000079, 0.000048, 0.000046
4439, 0.000074, 0.000048, 0.000046
4440, 0.000074, 0.000058, 0.000055
4441, 0.000076, 0.000051, 0.000049
4442, 0.000080, 0.000061, 0.000058
4443, 0.000079, 0.000046, 0.000045
4444, 0.000074, 0.000048, 0.000046
4445, 0.000075, 0.000058, 0.000056
4446, 0.000077, 0.000050, 0.000049
4447, 0.000080, 0.000061, 0.000058
4448, 0.000080, 0.000047, 0.000046
4449, 0.000075, 0.000047, 0.000046
4450, 0.000072, 0.000055, 0.000053
4451, 0.000075, 0.000048, 0.000048
4452, 0.000076, 0.000052, 0.000050
4453, 0.000074, 0.000048, 0.000046
4454, 0.000073, 0.000049, 0.000047
4455, 0.000074, 0.000060, 0.000057
4456, 0.000077, 0.000049, 0.000048
4457, 0.000075, 0.000053, 0.000051
4458, 0.000074, 0.000048, 0.000048
4459, 0.000073, 0.000048, 0.000048
4460, 0.000074, 0.000057, 0.000054
4461, 0.000075, 0.000048, 0.000047
4462, 0.000073, 0.000048, 0.000047
4463, 0.000073, 0.000052, 0.000050
4464, 0.000073, 0.000046, 0.000047
4465, 0.000073, 0.000050, 0.000050
4466, 0.000073, 0.000049, 0.000048
4467, 0.000073, 0.000048, 0.000048
4468, 0.000072, 0.000047, 0.000045
4469, 0.000072, 0.000050, 0.000048
4470, 0.000074, 0.000047, 0.000046
4471, 0.000074, 0.000051, 0.000048
4472, 0.000074, 0.000046, 0.000045
4473, 0.000072, 0.000047, 0.000047
4474, 0.000074, 0.000053, 0.000050
4475, 0.000074, 0.000048, 0.000047
4476, 0.000075, 0.000058, 0.000056
4477, 0.000077, 0.000052, 0.000050
4478, 0.000076, 0.000053, 0.000051
4479, 0.000073, 0.000046, 0.000045
4480, 0.000072, 0.000048, 0.000045
4481, 0.000074, 0.000053, 0.000050
4482, 0.000074, 0.000047, 0.000045
4483, 0.000073, 0.000051, 0.000048
4484, 0.000073, 0.000049, 0.000047
4485, 0.000072, 0.000047, 0.000046
4486, 0.000073, 0.000054, 0.000052
4487, 0.000073, 0.000047, 0.000046
4488, 0.000073, 0.000047, 0.000046
4489, 0.000070, 0.000049, 0.000047
4490, 0.000071, 0.000046, 0.000046
4491, 0.000074, 0.000055, 0.000053
4492, 0.000074, 0.000047, 0.000046
4493, 0.000073, 0.000049, 0.000048
4494, 0.000071, 0.000052, 0.000049
4495, 0.000072, 0.000047, 0.000047
4496, 0.000074, 0.000057, 0.000055
4497, 0.000076, 0.000047, 0.000047
4498, 0.000076, 0.000050, 0.000049
4499, 0.000073, 0.000047, 0.000046
4500, 0.000071, 0.000046, 0.000045
4501, 0.000072, 0.000052, 0.000050
4502, 0.000073, 0.000048, 0.000047
4503, 0.000073, 0.000053, 0.000050
4504, 0.000073, 0.000047, 0.000045
4505, 0.000071, 0.000047, 0.000045
4506, 0.000071, 0.000051, 0.000048
4507, 0.000074, 0.000047, 0.000046
4508, 0.000073, 0.000055, 0.000053
4509, 0.000074, 0.000050, 0.000048
4510, 0.000076, 0.000057, 0.000053
4511, 0.000075, 0.000046, 0.000045
4512, 0.000071, 0.000048, 0.000046
4513, 0.000072, 0.000055, 0.000052
4514, 0.000074, 0.000049, 0.000048
4515, 0.000074, 0.000060, 0.000058
4516, 0.000076, 0.000050, 0.000050
4517, 0.000076, 0.000051, 0.000050
4518, 0.000073, 0.000046, 0.000045
4519, 0.000071, 0.000049, 0.000047
4520, 0.000071, 0.000051, 0.000050
4521, 0.000073, 0.000049, 0.000047
4522, 0.000074, 0.000056, 0.000054
4523, 0.000073, 0.000049, 0.000049
4524, 0.000074, 0.000053, 0.000051
4525, 0.000073, 0.000047, 0.000048
4526, 0.000071, 0.000047, 0.000046
4527, 0.000069, 0.000053, 0.000051
4528, 0.000072, 0.000048, 0.000048
4529, 0.000073, 0.000050, 0.000048
4530, 0.000071, 0.000049, 0.000047
4531, 0.000070, 0.000048, 0.000047
4532, 0.000073, 0.000058, 0.000056
4533, 0.000077, 0.000051, 0.000050
4534, 0.000075, 0.000055, 0.000054
4535, 0.000073, 0.000048, 0.000047
4536, 0.000070, 0.000047, 0.000046
4537, 0.000070, 0.000048, 0.000048
4538, 0.000072, 0.000047, 0.000047
4539, 0.000073, 0.000057, 0.000056
4540, 0.000075, 0.000051, 0.000052
4541, 0.000078, 0.000062, 0.000058
4542, 0.000075, 0.000048, 0.000046
4543, 0.000073, 0.000049, 0.000047
4544, 0.000071, 0.000051, 0.000049
4545, 0.000071, 0.000048, 0.000047
4546, 0.000073, 0.000051, 0.000050
4547, 0.000072, 0.000045, 0.000044
4548, 0.000070, 0.000047, 0.000046
4549, 0.000071, 0.000047, 0.000046
4550, 0.000070, 0.000050, 0.000048
4551, 0.000069, 0.000048, 0.000047
4552, 0.000070, 0.000049, 0.000048
4553, 0.000070, 0.000050, 0.000049
4554, 0.000071, 0.000047, 0.000047
4555, 0.000073, 0.000053, 0.000051
4556, 0.000072, 0.000047, 0.000045
4557, 0.000070, 0.000048, 0.000047
4558, 0.000069, 0.000050, 0.000048
4559, 0.000070, 0.000047, 0.000046
4560, 0.000070, 0.000053, 0.000052
4561, 0.000072, 0.000046, 0.000047
4562, 0.000071, 0.000050, 0.000049
4563, 0.000070, 0.000047, 0.000046
4564, 0.000070, 0.000046, 0.000045
4565, 0.000071, 0.000052, 0.000050
4566, 0.000071, 0.000047, 0.000047
4567, 0.000071, 0.000051, 0.000049
4568, 0.000071, 0.000051, 0.000049
4569, 0.000070, 0.000048, 0.000048
4570, 0.000072, 0.000058, 0.000056
4571, 0.000075, 0.000055, 0.000055
4572, 0.000080, 0.000068, 0.000068
4573, 0.000082, 0.000050, 0.000050
4574, 0.000075, 0.000051, 0.000050
4575, 0.000070, 0.000049, 0.000050
4576, 0.000071, 0.000049, 0.000048
4577, 0.000070, 0.000052, 0.000050
4578, 0.000071, 0.000049, 0.000049
4579, 0.000072, 0.000054, 0.000050
4580, 0.000072, 0.000048, 0.000046
4581, 0.000068, 0.000046, 0.000046
4582, 0.000070, 0.000050, 0.000048
4583, 0.000070, 0.000047, 0.000047
4584, 0.000071, 0.000049, 0.000049
4585, 0.000070, 0.000046, 0.000045
4586, 0.000068, 0.000047, 0.000046
4587, 0.000069, 0.000051, 0.000051
4588, 0.000070, 0.000048, 0.000047
4589, 0.000070, 0.000048, 0.000047
4590, 0.000069, 0.000050, 0.000050
4591, 0.000069, 0.000047, 0.000046
4592, 0.000070, 0.000052, 0.000051
4593, 0.000072, 0.000047, 0.000047
4594, 0.000071, 0.000049, 0.000048
4595, 0.000069, 0.000046, 0.000046
4596, 0.000068, 0.000047, 0.000047
4597, 0.000068, 0.000050, 0.000048
4598, 0.000069, 0.000048, 0.000047
4599, 0.000068, 0.000049, 0.000048
4600, 0.000068, 0.000048, 0.000047
4601, 0.000069, 0.000046, 0.000046
4602, 0.000070, 0.000050, 0.000050
4603, 0.000070, 0.000047, 0.000047
4604, 0.000071, 0.000056, 0.000055
4605, 0.000073, 0.000051, 0.000052
4606, 0.000073, 0.000054, 0.000053
4607, 0.000071, 0.000047, 0.000046
4608, 0.000068, 0.000047, 0.000047
4609, 0.000069, 0.000058, 0.000056
4610, 0.000073, 0.000053, 0.000053
4611, 0.000078, 0.000063, 0.000062
4612, 0.000080, 0.000052, 0.000052
4613, 0.000075, 0.000051, 0.000049
4614, 0.000068, 0.000051, 0.000050
4615, 0.000069, 0.000052, 0.000052
4616, 0.000074, 0.000062, 0.000060
4617, 0.000075, 0.000052, 0.000053
4618, 0.000076, 0.000052, 0.000051
4619, 0.000070, 0.000045, 0.000045
4620, 0.000067, 0.000047, 0.000047
4621, 0.000069, 0.000056, 0.000053
4622, 0.000072, 0.000050, 0.000050
4623, 0.000072, 0.000055, 0.000052
4624, 0.000071, 0.000047, 0.000046
4625, 0.000069, 0.000047, 0.000047
4626, 0.000067, 0.000050, 0.000050
4627, 0.000069, 0.000048, 0.000048
4628, 0.000071, 0.000053, 0.000052
4629, 0.000071, 0.000046, 0.000046
4630, 0.000070, 0.000052, 0.000049
4631, 0.000070, 0.000046, 0.000046
4632, 0.000067, 0.000047, 0.000046
4633, 0.000068, 0.000050, 0.000048
4634, 0.000068, 0.000047, 0.000046
4635, 0.000068, 0.000048, 0.000047
4636, 0.000067, 0.000047, 0.000045
4637, 0.000068, 0.000047, 0.000046
4638, 0.000067, 0.000046, 0.000045
4639, 0.000068, 0.000048, 0.000046
4640, 0.000068, 0.000048, 0.000047
4641, 0.000068, 0.000048, 0.000047
4642, 0.000068, 0.000051, 0.000049
4643, 0.000069, 0.000049, 0.000048
4644, 0.000067, 0.000047, 0.000046
4645, 0.000068, 0.000046, 0.000045
4646, 0.000068, 0.000047, 0.000047
4647, 0.000068, 0.000046, 0.000046
4648, 0.000067, 0.000046, 0.000046
4649, 0.000067, 0.000049, 0.000048
4650, 0.000067, 0.000049, 0.000048
4651, 0.000069, 0.000048, 0.000047
4652, 0.000067, 0.000047, 0.000046
4653, 0.000067, 0.000050, 0.000049
4654, 0.000068, 0.000046, 0.000046
4655, 0.000070, 0.000050, 0.000049
4656, 0.000069, 0.000047, 0.000047
4657, 0.000070, 0.000052, 0.000050
4658, 0.000068, 0.000047, 0.000047
4659, 0.000068, 0.000050, 0.000048
4660, 0.000068, 0.000048, 0.000046
4661, 0.000066, 0.000046, 0.000045
4662, 0.000067, 0.000048, 0.000046
4663, 0.000068, 0.000047, 0.000046
4664, 0.000069, 0.000053, 0.000052
4665, 0.000070, 0.000047, 0.000047
4666, 0.000067, 0.000047, 0.000047
4667, 0.000067, 0.000049, 0.000048
4668, 0.000067, 0.000048, 0.000047
4669, 0.000068, 0.000050, 0.000048
4670, 0.000067, 0.000047, 0.000047
4671, 0.000067, 0.000048, 0.000047
4672, 0.000067, 0.000046, 0.000046
4673, 0.000066, 0.000045, 0.000045
4674, 0.000067, 0.000046, 0.000045
4675, 0.000067, 0.000047, 0.000047
4676, 0.000067, 0.000046, 0.000046
4677, 0.000066, 0.000048, 0.000048
4678, 0.000067, 0.000046, 0.000046
4679, 0.000067, 0.000047, 0.000046
4680, 0.000067, 0.000046, 0.000046
4681, 0.000068, 0.000047, 0.000048
4682, 0.000066, 0.000046, 0.000045
4683, 0.000066, 0.000046, 0.000045
4684, 0.000067, 0.000045, 0.000045
4685, 0.000067, 0.000050, 0.000049
4686, 0.000069, 0.000048, 0.000048
4687, 0.000069, 0.000054, 0.000053
4688, 0.000069, 0.000049, 0.000049
4689, 0.000069, 0.000052, 0.000051
4690, 0.000069, 0.000046, 0.000046
4691, 0.000069, 0.000048, 0.000047
4692, 0.000067, 0.000047, 0.000047
4693, 0.000068, 0.000052, 0.000050
4694, 0.000068, 0.000046, 0.000046
4695, 0.000067, 0.000050, 0.000048
4696, 0.000066, 0.000047, 0.000047
4697, 0.000066, 0.000048, 0.000048
4698, 0.000066, 0.000049, 0.000048
4699, 0.000066, 0.000047, 0.000047
4700, 0.000066, 0.000048, 0.000047
4701, 0.000065, 0.000047, 0.000046
4702, 0.000065, 0.000047, 0.000046
4703, 0.000066, 0.000047, 0.000046
4704, 0.000065, 0.000049, 0.000048
4705, 0.000066, 0.000047, 0.000047
4706, 0.000067, 0.000049, 0.000049
4707, 0.000067, 0.000045, 0.000046
4708, 0.000065, 0.000047, 0.000046
4709, 0.000066, 0.000049, 0.000048
4710, 0.000067, 0.000048, 0.000047
4711, 0.000068, 0.000049, 0.000048
4712, 0.000068, 0.000046, 0.000046
4713, 0.000067, 0.000051, 0.000050
4714, 0.000067, 0.000048, 0.000048
4715, 0.000068, 0.000052, 0.000051
4716, 0.000067, 0.000048, 0.000049
4717, 0.000068, 0.000054, 0.000052
4718, 0.000069, 0.000049, 0.000049
4719, 0.000069, 0.000053, 0.000051
4720, 0.000068, 0.000048, 0.000049
4721, 0.000068, 0.000055, 0.000053
4722, 0.000068, 0.000050, 0.000051
4723, 0.000070, 0.000058, 0.000056
4724, 0.000070, 0.000053, 0.000053
4725, 0.000073, 0.000061, 0.000059
4726, 0.000073, 0.000052, 0.000052
4727, 0.000072, 0.000052, 0.000051
4728, 0.000068, 0.000045, 0.000046
4729, 0.000066, 0.000049, 0.000049
4730, 0.000067, 0.000055, 0.000055
4731, 0.000070, 0.000054, 0.000055
4732, 0.000073, 0.000067, 0.000065
4733, 0.000076, 0.000054, 0.000054
4734, 0.000075, 0.000058, 0.000055
4735, 0.000072, 0.000048, 0.000048
4736, 0.000068, 0.000051, 0.000050
4737, 0.000067, 0.000048, 0.000048
4738, 0.000067, 0.000050, 0.000049
4739, 0.000066, 0.000048, 0.000048
4740, 0.000067, 0.000054, 0.000053
4741, 0.000068, 0.000048, 0.000048
4742, 0.000068, 0.000051, 0.000052
4743, 0.000067, 0.000048, 0.000049
4744, 0.000068, 0.000049, 0.000049
4745, 0.000066, 0.000046, 0.000046
4746, 0.000065, 0.000048, 0.000047
4747, 0.000066, 0.000048, 0.000048
4748, 0.000066, 0.000048, 0.000048
4749, 0.000067, 0.000056, 0.000054
4750, 0.000069, 0.000050, 0.000051
4751, 0.000071, 0.000053, 0.000051
4752, 0.000070, 0.000047, 0.000046
4753, 0.000066, 0.000048, 0.000046
4754, 0.000064, 0.000049, 0.000047
4755, 0.000065, 0.000049, 0.000048
4756, 0.000065, 0.000053, 0.000052
4757, 0.000068, 0.000051, 0.000052
4758, 0.000071, 0.000055, 0.000054
4759, 0.000070, 0.000048, 0.000048
4760, 0.000070, 0.000053, 0.000051
4761, 0.000070, 0.000048, 0.000048
4762, 0.000068, 0.000050, 0.000049
4763, 0.000065, 0.000047, 0.000047
4764, 0.000065, 0.000048, 0.000047
4765, 0.000064, 0.000049, 0.000048
4766, 0.000063, 0.000047, 0.000046
4767, 0.000065, 0.000049, 0.000047
4768, 0.000065, 0.000048, 0.000048
4769, 0.000066, 0.000052, 0.000052
4770, 0.000068, 0.000048, 0.000048
4771, 0.000068, 0.000052, 0.000051
4772, 0.000067, 0.000049, 0.000048
4773, 0.000068, 0.000050, 0.000049
4774, 0.000066, 0.000047, 0.000046
4775, 0.000065, 0.000048, 0.000047
4776, 0.000064, 0.000047, 0.000047
4777, 0.000064, 0.000046, 0.000047
4778, 0.000064, 0.000050, 0.000049
4779, 0.000065, 0.000047, 0.000046
4780, 0.000066, 0.000049, 0.000047
4781, 0.000064, 0.000046, 0.000046
4782, 0.000064, 0.000047, 0.000047
4783, 0.000063, 0.000050, 0.000050
4784, 0.000066, 0.000049, 0.000049
4785, 0.000067, 0.000052, 0.000051
4786, 0.000068, 0.000047, 0.000046
4787, 0.000066, 0.000048, 0.000047
4788, 0.000065, 0.000047, 0.000047
4789, 0.000064, 0.000048, 0.000047
4790, 0.000065, 0.000047, 0.000047
4791, 0.000064, 0.000050, 0.000049
4792, 0.000064, 0.000047, 0.000047
4793, 0.000064, 0.000048, 0.000047
4794, 0.000065, 0.000046, 0.000046
4795, 0.000064, 0.000048, 0.000048
4796, 0.000065, 0.000046, 0.000046
4797, 0.000065, 0.000049, 0.000047
4798, 0.000066, 0.000047, 0.000046
4799, 0.000066, 0.000051, 0.000049
4800, 0.000065, 0.000047, 0.000047
4801, 0.000065, 0.000048, 0.000048
4802, 0.000065, 0.000046, 0.000046
4803, 0.000064, 0.000047, 0.000047
4804, 0.000062, 0.000048, 0.000048
4805, 0.000064, 0.000049, 0.000049
4806, 0.000065, 0.000053, 0.000051
4807, 0.000067, 0.000049, 0.000050
4808, 0.000067, 0.000055, 0.000053
4809, 0.000067, 0.000048, 0.000049
4810, 0.000066, 0.000051, 0.000049
4811, 0.000065, 0.000047, 0.000046
4812, 0.000064, 0.000046, 0.000045
4813, 0.000063, 0.000048, 0.000047
4814, 0.000064, 0.000046, 0.000047
4815, 0.000064, 0.000050, 0.000050
4816, 0.000064, 0.000050, 0.000052
4817, 0.000067, 0.000053, 0.000053
4818, 0.000067, 0.000050, 0.000050
4819, 0.000065, 0.000049, 0.000047
4820, 0.000064, 0.000047, 0.000046
4821, 0.000062, 0.000048, 0.000047
4822, 0.000062, 0.000046, 0.000047
4823, 0.000063, 0.000046, 0.000046
4824, 0.000062, 0.000046, 0.000046
4825, 0.000063, 0.000047, 0.000047
4826, 0.000064, 0.000054, 0.000052
4827, 0.000067, 0.000053, 0.000055
4828, 0.000070, 0.000061, 0.000059
4829, 0.000070, 0.000053, 0.000054
4830, 0.000070, 0.000055, 0.000053
4831, 0.000068, 0.000048, 0.000048
4832, 0.000063, 0.000047, 0.000046
4833, 0.000063, 0.000050, 0.000049
4834, 0.000065, 0.000051, 0.000051
4835, 0.000067, 0.000054, 0.000052
4836, 0.000066, 0.000050, 0.000051
4837, 0.000068, 0.000057, 0.000055
4838, 0.000069, 0.000054, 0.000055
4839, 0.000070, 0.000056, 0.000054
4840, 0.000068, 0.000049, 0.000049
