Epoch, Train Loss, Valid Loss, Test Loss
1, 0.460824, 0.542091, 0.543737
2, 0.396217, 0.475920, 0.478226
3, 0.346951, 0.417427, 0.420618
4, 0.310318, 0.369374, 0.373155
5, 0.282472, 0.331321, 0.335627
6, 0.260770, 0.307096, 0.311472
7, 0.246097, 0.287369, 0.291744
8, 0.233031, 0.270123, 0.274386
9, 0.220487, 0.252947, 0.256855
10, 0.207312, 0.236016, 0.239602
11, 0.193935, 0.219483, 0.222730
12, 0.180433, 0.203421, 0.206279
13, 0.167013, 0.188562, 0.191067
14, 0.154449, 0.174462, 0.176687
15, 0.142654, 0.160863, 0.162855
16, 0.131413, 0.147927, 0.149715
17, 0.120767, 0.135536, 0.137141
18, 0.110617, 0.123469, 0.124918
19, 0.100801, 0.111657, 0.112984
20, 0.091265, 0.100201, 0.101432
21, 0.082077, 0.089275, 0.090425
22, 0.073347, 0.079093, 0.080166
23, 0.065188, 0.069838, 0.070831
24, 0.057715, 0.061554, 0.062464
25, 0.050990, 0.054201, 0.055029
26, 0.045001, 0.047720, 0.048477
27, 0.039699, 0.042056, 0.042752
28, 0.035040, 0.037154, 0.037795
29, 0.030983, 0.032875, 0.033467
30, 0.027435, 0.029078, 0.029625
31, 0.024328, 0.025708, 0.026216
32, 0.021554, 0.022762, 0.023233
33, 0.019166, 0.020242, 0.020679
34, 0.017079, 0.018074, 0.018481
35, 0.015298, 0.016220, 0.016600
36, 0.013789, 0.014679, 0.015036
37, 0.012510, 0.013372, 0.013711
38, 0.011437, 0.012248, 0.012573
39, 0.010512, 0.011279, 0.011591
40, 0.009726, 0.010454, 0.010753
41, 0.009011, 0.009693, 0.009981
42, 0.008396, 0.008969, 0.009247
43, 0.007814, 0.008314, 0.008582
44, 0.007295, 0.007724, 0.007981
45, 0.006832, 0.007223, 0.007469
46, 0.006408, 0.006760, 0.006998
47, 0.006047, 0.006324, 0.006555
48, 0.005712, 0.005934, 0.006158
49, 0.005416, 0.005599, 0.005818
50, 0.005181, 0.005363, 0.005576
51, 0.004962, 0.005154, 0.005360
52, 0.004783, 0.004943, 0.005142
53, 0.004604, 0.004746, 0.004937
54, 0.004443, 0.004568, 0.004751
55, 0.004294, 0.004404, 0.004581
56, 0.004151, 0.004249, 0.004421
57, 0.004023, 0.004105, 0.004273
58, 0.003953, 0.004012, 0.004176
59, 0.003849, 0.003940, 0.004100
60, 0.003791, 0.003877, 0.004032
61, 0.003723, 0.003815, 0.003964
62, 0.003657, 0.003737, 0.003881
63, 0.003599, 0.003652, 0.003793
64, 0.003542, 0.003570, 0.003707
65, 0.003530, 0.003555, 0.003688
66, 0.003475, 0.003529, 0.003659
67, 0.003446, 0.003506, 0.003633
68, 0.003431, 0.003472, 0.003595
69, 0.003396, 0.003419, 0.003539
70, 0.003366, 0.003366, 0.003482
71, 0.003317, 0.003328, 0.003441
72, 0.003280, 0.003286, 0.003395
73, 0.003249, 0.003233, 0.003340
74, 0.003275, 0.003199, 0.003302
75, 0.003256, 0.003169, 0.003270
76, 0.003225, 0.003145, 0.003243
77, 0.003204, 0.003128, 0.003224
78, 0.003180, 0.003117, 0.003210
79, 0.003160, 0.003095, 0.003186
80, 0.003138, 0.003063, 0.003151
81, 0.003118, 0.003036, 0.003122
82, 0.003103, 0.003014, 0.003097
83, 0.003089, 0.002997, 0.003078
84, 0.003066, 0.002984, 0.003062
85, 0.003055, 0.002962, 0.003037
86, 0.003033, 0.002941, 0.003015
87, 0.003017, 0.002924, 0.002996
88, 0.003002, 0.002909, 0.002979
89, 0.002987, 0.002894, 0.002961
90, 0.002976, 0.002873, 0.002939
91, 0.002956, 0.002850, 0.002915
92, 0.002947, 0.002839, 0.002902
93, 0.002942, 0.002835, 0.002894
94, 0.002926, 0.002828, 0.002885
95, 0.002915, 0.002821, 0.002876
96, 0.002902, 0.002811, 0.002865
97, 0.002900, 0.002801, 0.002854
98, 0.002893, 0.002791, 0.002842
99, 0.002882, 0.002790, 0.002839
100, 0.002882, 0.002792, 0.002839
101, 0.002876, 0.002791, 0.002837
102, 0.002864, 0.002783, 0.002828
103, 0.002865, 0.002771, 0.002815
104, 0.002862, 0.002766, 0.002808
105, 0.002854, 0.002768, 0.002809
106, 0.002849, 0.002772, 0.002811
107, 0.002849, 0.002768, 0.002805
108, 0.002839, 0.002760, 0.002796
109, 0.002834, 0.002751, 0.002785
110, 0.002834, 0.002749, 0.002782
111, 0.002831, 0.002752, 0.002783
112, 0.002832, 0.002746, 0.002776
113, 0.002822, 0.002741, 0.002770
114, 0.002819, 0.002737, 0.002766
115, 0.002823, 0.002736, 0.002764
116, 0.002805, 0.002734, 0.002761
117, 0.002804, 0.002729, 0.002755
118, 0.002801, 0.002726, 0.002751
119, 0.002801, 0.002726, 0.002750
120, 0.002799, 0.002725, 0.002749
121, 0.002793, 0.002723, 0.002745
122, 0.002794, 0.002720, 0.002742
123, 0.002792, 0.002718, 0.002738
124, 0.002788, 0.002715, 0.002734
125, 0.002786, 0.002716, 0.002734
126, 0.002781, 0.002714, 0.002731
127, 0.002778, 0.002705, 0.002722
128, 0.002779, 0.002702, 0.002719
129, 0.002777, 0.002703, 0.002718
130, 0.002771, 0.002708, 0.002722
131, 0.002770, 0.002707, 0.002720
132, 0.002762, 0.002703, 0.002715
133, 0.002758, 0.002698, 0.002710
134, 0.002756, 0.002696, 0.002707
135, 0.002750, 0.002695, 0.002705
136, 0.002754, 0.002694, 0.002703
137, 0.002753, 0.002696, 0.002704
138, 0.002746, 0.002694, 0.002702
139, 0.002744, 0.002693, 0.002700
140, 0.002738, 0.002688, 0.002694
141, 0.002734, 0.002686, 0.002692
142, 0.002731, 0.002684, 0.002690
143, 0.002728, 0.002685, 0.002691
144, 0.002729, 0.002686, 0.002691
145, 0.002724, 0.002688, 0.002692
146, 0.002720, 0.002685, 0.002687
147, 0.002721, 0.002680, 0.002683
148, 0.002713, 0.002676, 0.002678
149, 0.002723, 0.002673, 0.002676
150, 0.002713, 0.002673, 0.002675
151, 0.002708, 0.002675, 0.002676
152, 0.002709, 0.002674, 0.002674
153, 0.002700, 0.002674, 0.002673
154, 0.002707, 0.002671, 0.002670
155, 0.002701, 0.002669, 0.002668
156, 0.002697, 0.002669, 0.002667
157, 0.002696, 0.002670, 0.002668
158, 0.002692, 0.002668, 0.002665
159, 0.002691, 0.002670, 0.002666
160, 0.002689, 0.002665, 0.002661
161, 0.002687, 0.002665, 0.002662
162, 0.002678, 0.002661, 0.002657
163, 0.002684, 0.002660, 0.002655
164, 0.002679, 0.002658, 0.002652
165, 0.002674, 0.002660, 0.002653
166, 0.002676, 0.002660, 0.002653
167, 0.002668, 0.002661, 0.002654
168, 0.002670, 0.002658, 0.002651
169, 0.002664, 0.002656, 0.002649
170, 0.002671, 0.002653, 0.002645
171, 0.002665, 0.002653, 0.002645
172, 0.002661, 0.002650, 0.002641
173, 0.002655, 0.002650, 0.002641
174, 0.002658, 0.002650, 0.002640
175, 0.002653, 0.002649, 0.002639
176, 0.002653, 0.002648, 0.002638
177, 0.002645, 0.002648, 0.002638
178, 0.002648, 0.002646, 0.002636
179, 0.002643, 0.002647, 0.002636
180, 0.002640, 0.002645, 0.002634
181, 0.002641, 0.002645, 0.002634
182, 0.002635, 0.002642, 0.002631
183, 0.002634, 0.002639, 0.002628
184, 0.002633, 0.002638, 0.002625
185, 0.002629, 0.002639, 0.002625
186, 0.002628, 0.002641, 0.002627
187, 0.002628, 0.002639, 0.002626
188, 0.002622, 0.002638, 0.002624
189, 0.002622, 0.002635, 0.002621
190, 0.002623, 0.002637, 0.002622
191, 0.002617, 0.002635, 0.002620
192, 0.002616, 0.002632, 0.002618
193, 0.002611, 0.002629, 0.002616
194, 0.002609, 0.002626, 0.002612
195, 0.002608, 0.002627, 0.002611
196, 0.002608, 0.002627, 0.002612
197, 0.002609, 0.002628, 0.002612
198, 0.002604, 0.002625, 0.002610
199, 0.002597, 0.002622, 0.002606
200, 0.002598, 0.002621, 0.002605
201, 0.002593, 0.002621, 0.002605
202, 0.002592, 0.002623, 0.002607
203, 0.002593, 0.002624, 0.002607
204, 0.002587, 0.002620, 0.002602
205, 0.002593, 0.002616, 0.002598
206, 0.002588, 0.002615, 0.002596
207, 0.002584, 0.002613, 0.002596
208, 0.002582, 0.002614, 0.002596
209, 0.002581, 0.002613, 0.002595
210, 0.002574, 0.002612, 0.002593
211, 0.002577, 0.002610, 0.002591
212, 0.002576, 0.002612, 0.002592
213, 0.002574, 0.002610, 0.002591
214, 0.002566, 0.002607, 0.002589
215, 0.002571, 0.002605, 0.002587
216, 0.002567, 0.002604, 0.002586
217, 0.002565, 0.002604, 0.002584
218, 0.002566, 0.002604, 0.002584
219, 0.002560, 0.002601, 0.002581
220, 0.002558, 0.002600, 0.002580
221, 0.002558, 0.002597, 0.002578
222, 0.002558, 0.002597, 0.002577
223, 0.002554, 0.002596, 0.002576
224, 0.002553, 0.002596, 0.002575
225, 0.002548, 0.002595, 0.002574
226, 0.002545, 0.002593, 0.002573
227, 0.002545, 0.002591, 0.002570
228, 0.002547, 0.002589, 0.002568
229, 0.002540, 0.002589, 0.002567
230, 0.002538, 0.002589, 0.002567
231, 0.002538, 0.002586, 0.002565
232, 0.002535, 0.002585, 0.002564
233, 0.002533, 0.002584, 0.002562
234, 0.002531, 0.002584, 0.002562
235, 0.002532, 0.002581, 0.002559
236, 0.002530, 0.002579, 0.002557
237, 0.002531, 0.002577, 0.002556
238, 0.002527, 0.002576, 0.002555
239, 0.002522, 0.002577, 0.002554
240, 0.002525, 0.002575, 0.002552
241, 0.002519, 0.002572, 0.002550
242, 0.002518, 0.002569, 0.002547
243, 0.002518, 0.002567, 0.002544
244, 0.002513, 0.002567, 0.002543
245, 0.002511, 0.002567, 0.002543
246, 0.002510, 0.002566, 0.002542
247, 0.002506, 0.002563, 0.002540
248, 0.002504, 0.002560, 0.002537
249, 0.002507, 0.002558, 0.002534
250, 0.002501, 0.002557, 0.002533
251, 0.002500, 0.002557, 0.002533
252, 0.002498, 0.002556, 0.002532
253, 0.002498, 0.002554, 0.002529
254, 0.002501, 0.002551, 0.002527
255, 0.002492, 0.002549, 0.002525
256, 0.002493, 0.002548, 0.002524
257, 0.002491, 0.002548, 0.002523
258, 0.002485, 0.002547, 0.002522
259, 0.002489, 0.002545, 0.002520
260, 0.002484, 0.002541, 0.002516
261, 0.002481, 0.002538, 0.002514
262, 0.002479, 0.002538, 0.002513
263, 0.002478, 0.002537, 0.002511
264, 0.002477, 0.002537, 0.002511
265, 0.002472, 0.002533, 0.002508
266, 0.002473, 0.002530, 0.002505
267, 0.002470, 0.002527, 0.002502
268, 0.002470, 0.002527, 0.002501
269, 0.002465, 0.002527, 0.002501
270, 0.002465, 0.002525, 0.002499
271, 0.002465, 0.002523, 0.002497
272, 0.002463, 0.002521, 0.002495
273, 0.002459, 0.002518, 0.002492
274, 0.002459, 0.002516, 0.002489
275, 0.002453, 0.002515, 0.002488
276, 0.002450, 0.002515, 0.002489
277, 0.002452, 0.002513, 0.002486
278, 0.002449, 0.002511, 0.002484
279, 0.002449, 0.002509, 0.002481
280, 0.002444, 0.002507, 0.002479
281, 0.002446, 0.002504, 0.002477
282, 0.002445, 0.002503, 0.002476
283, 0.002443, 0.002502, 0.002475
284, 0.002443, 0.002503, 0.002475
285, 0.002438, 0.002500, 0.002473
286, 0.002437, 0.002497, 0.002470
287, 0.002436, 0.002493, 0.002465
288, 0.002429, 0.002492, 0.002465
289, 0.002432, 0.002493, 0.002465
290, 0.002432, 0.002489, 0.002461
291, 0.002429, 0.002489, 0.002462
292, 0.002423, 0.002491, 0.002464
293, 0.002426, 0.002488, 0.002460
294, 0.002426, 0.002483, 0.002454
295, 0.002422, 0.002482, 0.002454
296, 0.002418, 0.002484, 0.002456
297, 0.002420, 0.002483, 0.002455
298, 0.002418, 0.002478, 0.002449
299, 0.002413, 0.002476, 0.002447
300, 0.002415, 0.002477, 0.002448
301, 0.002416, 0.002476, 0.002447
302, 0.002412, 0.002473, 0.002444
303, 0.002410, 0.002474, 0.002445
304, 0.002414, 0.002475, 0.002446
305, 0.002411, 0.002470, 0.002441
306, 0.002407, 0.002466, 0.002437
307, 0.002405, 0.002469, 0.002440
308, 0.002405, 0.002467, 0.002438
309, 0.002403, 0.002464, 0.002435
310, 0.002400, 0.002464, 0.002435
311, 0.002401, 0.002466, 0.002437
312, 0.002400, 0.002464, 0.002435
313, 0.002398, 0.002462, 0.002433
314, 0.002398, 0.002461, 0.002432
315, 0.002396, 0.002461, 0.002433
316, 0.002396, 0.002459, 0.002430
317, 0.002392, 0.002456, 0.002427
318, 0.002395, 0.002456, 0.002427
319, 0.002393, 0.002457, 0.002428
320, 0.002394, 0.002456, 0.002426
321, 0.002393, 0.002453, 0.002424
322, 0.002390, 0.002456, 0.002426
323, 0.002392, 0.002458, 0.002428
324, 0.002391, 0.002453, 0.002423
325, 0.002388, 0.002451, 0.002421
326, 0.002386, 0.002450, 0.002420
327, 0.002386, 0.002449, 0.002419
328, 0.002382, 0.002449, 0.002419
329, 0.002386, 0.002450, 0.002420
330, 0.002385, 0.002448, 0.002418
331, 0.002382, 0.002449, 0.002420
332, 0.002383, 0.002448, 0.002418
333, 0.002381, 0.002448, 0.002418
334, 0.002380, 0.002445, 0.002416
335, 0.002377, 0.002444, 0.002414
336, 0.002377, 0.002448, 0.002419
337, 0.002378, 0.002446, 0.002416
338, 0.002379, 0.002439, 0.002410
339, 0.002377, 0.002441, 0.002412
340, 0.002377, 0.002445, 0.002416
341, 0.002375, 0.002441, 0.002412
342, 0.002372, 0.002440, 0.002411
343, 0.002375, 0.002446, 0.002416
344, 0.002370, 0.002439, 0.002409
345, 0.002370, 0.002434, 0.002405
346, 0.002371, 0.002439, 0.002409
347, 0.002370, 0.002442, 0.002411
348, 0.002369, 0.002436, 0.002407
349, 0.002373, 0.002437, 0.002407
350, 0.002369, 0.002439, 0.002409
351, 0.002367, 0.002434, 0.002405
352, 0.002369, 0.002433, 0.002403
353, 0.002367, 0.002434, 0.002405
354, 0.002366, 0.002434, 0.002405
355, 0.002367, 0.002431, 0.002402
356, 0.002365, 0.002433, 0.002403
357, 0.002365, 0.002431, 0.002401
358, 0.002362, 0.002430, 0.002400
359, 0.002361, 0.002430, 0.002400
360, 0.002363, 0.002435, 0.002405
361, 0.002363, 0.002429, 0.002399
362, 0.002363, 0.002426, 0.002397
363, 0.002362, 0.002429, 0.002399
364, 0.002357, 0.002429, 0.002399
365, 0.002361, 0.002424, 0.002394
366, 0.002361, 0.002425, 0.002395
367, 0.002357, 0.002428, 0.002398
368, 0.002356, 0.002424, 0.002394
369, 0.002357, 0.002423, 0.002393
370, 0.002356, 0.002426, 0.002396
371, 0.002358, 0.002425, 0.002394
372, 0.002359, 0.002421, 0.002392
373, 0.002356, 0.002423, 0.002393
374, 0.002354, 0.002422, 0.002392
375, 0.002354, 0.002421, 0.002391
376, 0.002352, 0.002423, 0.002393
377, 0.002353, 0.002421, 0.002391
378, 0.002354, 0.002421, 0.002390
379, 0.002355, 0.002421, 0.002390
380, 0.002351, 0.002418, 0.002388
381, 0.002349, 0.002420, 0.002390
382, 0.002350, 0.002419, 0.002389
383, 0.002349, 0.002417, 0.002387
384, 0.002354, 0.002418, 0.002388
385, 0.002350, 0.002420, 0.002390
386, 0.002348, 0.002416, 0.002386
387, 0.002349, 0.002416, 0.002385
388, 0.002347, 0.002414, 0.002384
389, 0.002347, 0.002419, 0.002387
390, 0.002348, 0.002416, 0.002385
391, 0.002347, 0.002414, 0.002384
392, 0.002346, 0.002418, 0.002387
393, 0.002347, 0.002413, 0.002383
394, 0.002344, 0.002413, 0.002382
395, 0.002341, 0.002414, 0.002384
396, 0.002344, 0.002417, 0.002386
397, 0.002342, 0.002412, 0.002382
398, 0.002343, 0.002414, 0.002383
399, 0.002344, 0.002413, 0.002383
400, 0.002345, 0.002408, 0.002378
401, 0.002341, 0.002410, 0.002379
402, 0.002338, 0.002416, 0.002385
403, 0.002341, 0.002410, 0.002381
404, 0.002342, 0.002408, 0.002379
405, 0.002340, 0.002412, 0.002381
406, 0.002339, 0.002410, 0.002379
407, 0.002340, 0.002406, 0.002376
408, 0.002338, 0.002409, 0.002378
409, 0.002339, 0.002409, 0.002378
410, 0.002336, 0.002409, 0.002378
411, 0.002336, 0.002407, 0.002376
412, 0.002336, 0.002409, 0.002378
413, 0.002338, 0.002406, 0.002375
414, 0.002335, 0.002406, 0.002375
415, 0.002334, 0.002407, 0.002376
416, 0.002339, 0.002406, 0.002375
417, 0.002333, 0.002406, 0.002375
418, 0.002332, 0.002402, 0.002372
419, 0.002335, 0.002406, 0.002376
420, 0.002330, 0.002408, 0.002378
421, 0.002331, 0.002402, 0.002373
422, 0.002335, 0.002403, 0.002373
423, 0.002332, 0.002413, 0.002381
424, 0.002335, 0.002402, 0.002371
425, 0.002334, 0.002401, 0.002371
426, 0.002335, 0.002418, 0.002385
427, 0.002332, 0.002402, 0.002372
428, 0.002334, 0.002400, 0.002371
429, 0.002336, 0.002410, 0.002377
430, 0.002335, 0.002403, 0.002372
431, 0.002328, 0.002399, 0.002370
432, 0.002332, 0.002403, 0.002371
433, 0.002330, 0.002411, 0.002378
434, 0.002333, 0.002399, 0.002370
435, 0.002330, 0.002404, 0.002373
436, 0.002325, 0.002414, 0.002381
437, 0.002329, 0.002399, 0.002369
438, 0.002329, 0.002398, 0.002367
439, 0.002326, 0.002405, 0.002374
440, 0.002328, 0.002397, 0.002367
441, 0.002326, 0.002396, 0.002366
442, 0.002329, 0.002404, 0.002372
443, 0.002329, 0.002400, 0.002369
444, 0.002326, 0.002399, 0.002369
445, 0.002323, 0.002401, 0.002369
446, 0.002325, 0.002400, 0.002368
447, 0.002326, 0.002395, 0.002365
448, 0.002325, 0.002401, 0.002369
449, 0.002324, 0.002401, 0.002369
450, 0.002322, 0.002395, 0.002365
451, 0.002323, 0.002397, 0.002366
452, 0.002324, 0.002399, 0.002368
453, 0.002320, 0.002394, 0.002364
454, 0.002325, 0.002395, 0.002364
455, 0.002323, 0.002402, 0.002370
456, 0.002323, 0.002396, 0.002365
457, 0.002319, 0.002395, 0.002364
458, 0.002321, 0.002397, 0.002365
459, 0.002324, 0.002401, 0.002369
460, 0.002322, 0.002393, 0.002363
461, 0.002322, 0.002393, 0.002363
462, 0.002319, 0.002397, 0.002366
463, 0.002322, 0.002393, 0.002362
464, 0.002319, 0.002395, 0.002364
465, 0.002319, 0.002399, 0.002367
466, 0.002319, 0.002391, 0.002361
467, 0.002321, 0.002394, 0.002363
468, 0.002318, 0.002403, 0.002371
469, 0.002322, 0.002391, 0.002361
470, 0.002322, 0.002393, 0.002362
471, 0.002316, 0.002401, 0.002368
472, 0.002323, 0.002391, 0.002361
473, 0.002317, 0.002391, 0.002360
474, 0.002316, 0.002396, 0.002364
475, 0.002320, 0.002392, 0.002361
476, 0.002320, 0.002391, 0.002361
477, 0.002314, 0.002398, 0.002366
478, 0.002316, 0.002391, 0.002360
479, 0.002319, 0.002389, 0.002359
480, 0.002315, 0.002393, 0.002362
481, 0.002316, 0.002390, 0.002359
482, 0.002314, 0.002391, 0.002360
483, 0.002314, 0.002392, 0.002361
484, 0.002314, 0.002394, 0.002362
485, 0.002313, 0.002389, 0.002358
486, 0.002319, 0.002394, 0.002361
487, 0.002315, 0.002391, 0.002359
488, 0.002314, 0.002389, 0.002357
489, 0.002314, 0.002394, 0.002361
490, 0.002315, 0.002392, 0.002360
491, 0.002312, 0.002387, 0.002356
492, 0.002313, 0.002389, 0.002357
493, 0.002311, 0.002392, 0.002360
494, 0.002314, 0.002387, 0.002356
495, 0.002312, 0.002392, 0.002360
496, 0.002313, 0.002394, 0.002362
497, 0.002315, 0.002386, 0.002356
498, 0.002313, 0.002389, 0.002358
499, 0.002312, 0.002393, 0.002361
500, 0.002312, 0.002385, 0.002355
501, 0.002309, 0.002389, 0.002359
502, 0.002310, 0.002390, 0.002359
503, 0.002312, 0.002384, 0.002355
504, 0.002310, 0.002385, 0.002355
505, 0.002309, 0.002394, 0.002362
506, 0.002312, 0.002383, 0.002353
507, 0.002313, 0.002388, 0.002357
508, 0.002309, 0.002395, 0.002363
509, 0.002311, 0.002385, 0.002355
510, 0.002309, 0.002387, 0.002356
511, 0.002308, 0.002399, 0.002365
512, 0.002313, 0.002382, 0.002352
513, 0.002312, 0.002388, 0.002357
514, 0.002309, 0.002390, 0.002359
515, 0.002310, 0.002383, 0.002353
516, 0.002309, 0.002386, 0.002355
517, 0.002303, 0.002394, 0.002361
518, 0.002310, 0.002382, 0.002352
519, 0.002308, 0.002389, 0.002357
520, 0.002307, 0.002389, 0.002356
521, 0.002307, 0.002382, 0.002351
522, 0.002307, 0.002388, 0.002356
523, 0.002307, 0.002388, 0.002356
524, 0.002308, 0.002381, 0.002350
525, 0.002304, 0.002386, 0.002354
526, 0.002305, 0.002388, 0.002356
527, 0.002305, 0.002382, 0.002351
528, 0.002306, 0.002387, 0.002356
529, 0.002303, 0.002381, 0.002350
530, 0.002302, 0.002380, 0.002350
531, 0.002302, 0.002393, 0.002361
532, 0.002306, 0.002380, 0.002350
533, 0.002305, 0.002382, 0.002352
534, 0.002303, 0.002386, 0.002355
535, 0.002302, 0.002384, 0.002354
536, 0.002303, 0.002381, 0.002351
537, 0.002303, 0.002384, 0.002352
538, 0.002307, 0.002384, 0.002353
539, 0.002304, 0.002379, 0.002349
540, 0.002302, 0.002385, 0.002353
541, 0.002302, 0.002384, 0.002352
542, 0.002301, 0.002377, 0.002347
543, 0.002305, 0.002382, 0.002351
544, 0.002303, 0.002383, 0.002352
545, 0.002299, 0.002378, 0.002348
546, 0.002299, 0.002381, 0.002350
547, 0.002301, 0.002379, 0.002349
548, 0.002297, 0.002381, 0.002350
549, 0.002300, 0.002382, 0.002351
550, 0.002298, 0.002381, 0.002350
551, 0.002299, 0.002380, 0.002349
552, 0.002296, 0.002375, 0.002345
553, 0.002300, 0.002385, 0.002353
554, 0.002298, 0.002375, 0.002345
555, 0.002302, 0.002381, 0.002349
556, 0.002296, 0.002378, 0.002347
557, 0.002296, 0.002376, 0.002346
558, 0.002298, 0.002379, 0.002348
559, 0.002294, 0.002379, 0.002348
560, 0.002297, 0.002377, 0.002347
561, 0.002298, 0.002380, 0.002349
562, 0.002295, 0.002377, 0.002347
563, 0.002297, 0.002378, 0.002348
564, 0.002298, 0.002373, 0.002343
565, 0.002298, 0.002379, 0.002348
566, 0.002295, 0.002379, 0.002348
567, 0.002294, 0.002374, 0.002344
568, 0.002295, 0.002380, 0.002348
569, 0.002297, 0.002377, 0.002345
570, 0.002292, 0.002371, 0.002341
571, 0.002294, 0.002376, 0.002345
572, 0.002293, 0.002375, 0.002344
573, 0.002290, 0.002375, 0.002344
574, 0.002291, 0.002378, 0.002346
575, 0.002294, 0.002371, 0.002341
576, 0.002294, 0.002378, 0.002346
577, 0.002296, 0.002378, 0.002347
578, 0.002292, 0.002369, 0.002340
579, 0.002296, 0.002378, 0.002347
580, 0.002292, 0.002374, 0.002343
581, 0.002293, 0.002370, 0.002340
582, 0.002291, 0.002375, 0.002344
583, 0.002292, 0.002377, 0.002345
584, 0.002292, 0.002371, 0.002340
585, 0.002291, 0.002372, 0.002341
586, 0.002290, 0.002378, 0.002346
587, 0.002292, 0.002367, 0.002337
588, 0.002293, 0.002377, 0.002345
589, 0.002291, 0.002370, 0.002339
590, 0.002289, 0.002369, 0.002338
591, 0.002289, 0.002378, 0.002346
592, 0.002289, 0.002372, 0.002341
593, 0.002286, 0.002367, 0.002337
594, 0.002287, 0.002377, 0.002346
595, 0.002287, 0.002366, 0.002337
596, 0.002291, 0.002371, 0.002340
597, 0.002286, 0.002374, 0.002343
598, 0.002288, 0.002365, 0.002335
599, 0.002287, 0.002369, 0.002338
600, 0.002286, 0.002378, 0.002346
601, 0.002291, 0.002361, 0.002333
602, 0.002291, 0.002373, 0.002342
603, 0.002289, 0.002373, 0.002341
604, 0.002287, 0.002363, 0.002334
605, 0.002286, 0.002386, 0.002353
606, 0.002289, 0.002365, 0.002335
607, 0.002283, 0.002361, 0.002332
608, 0.002284, 0.002385, 0.002351
609, 0.002288, 0.002362, 0.002333
610, 0.002288, 0.002363, 0.002333
611, 0.002283, 0.002383, 0.002350
612, 0.002287, 0.002359, 0.002330
613, 0.002288, 0.002373, 0.002340
614, 0.002282, 0.002368, 0.002336
615, 0.002281, 0.002359, 0.002330
616, 0.002282, 0.002371, 0.002339
617, 0.002287, 0.002365, 0.002334
618, 0.002280, 0.002358, 0.002328
619, 0.002282, 0.002371, 0.002339
620, 0.002280, 0.002360, 0.002330
621, 0.002280, 0.002358, 0.002329
622, 0.002279, 0.002366, 0.002335
623, 0.002282, 0.002362, 0.002332
624, 0.002282, 0.002361, 0.002331
625, 0.002280, 0.002364, 0.002333
626, 0.002279, 0.002363, 0.002332
627, 0.002275, 0.002356, 0.002327
628, 0.002278, 0.002360, 0.002329
629, 0.002279, 0.002366, 0.002333
630, 0.002276, 0.002360, 0.002329
631, 0.002277, 0.002356, 0.002326
632, 0.002276, 0.002367, 0.002335
633, 0.002280, 0.002353, 0.002324
634, 0.002276, 0.002359, 0.002328
635, 0.002274, 0.002359, 0.002329
636, 0.002275, 0.002349, 0.002321
637, 0.002277, 0.002360, 0.002329
638, 0.002275, 0.002362, 0.002331
639, 0.002275, 0.002351, 0.002322
640, 0.002273, 0.002365, 0.002334
641, 0.002273, 0.002353, 0.002324
642, 0.002272, 0.002348, 0.002319
643, 0.002275, 0.002367, 0.002335
644, 0.002274, 0.002345, 0.002318
645, 0.002276, 0.002356, 0.002326
646, 0.002271, 0.002359, 0.002329
647, 0.002270, 0.002347, 0.002319
648, 0.002273, 0.002356, 0.002325
649, 0.002268, 0.002353, 0.002322
650, 0.002271, 0.002346, 0.002316
651, 0.002269, 0.002350, 0.002319
652, 0.002270, 0.002353, 0.002322
653, 0.002265, 0.002346, 0.002316
654, 0.002265, 0.002351, 0.002320
655, 0.002267, 0.002346, 0.002315
656, 0.002267, 0.002349, 0.002318
657, 0.002264, 0.002346, 0.002316
658, 0.002266, 0.002346, 0.002316
659, 0.002266, 0.002353, 0.002322
660, 0.002265, 0.002340, 0.002311
661, 0.002266, 0.002346, 0.002315
662, 0.002263, 0.002343, 0.002312
663, 0.002263, 0.002344, 0.002314
664, 0.002265, 0.002343, 0.002313
665, 0.002265, 0.002345, 0.002314
666, 0.002262, 0.002343, 0.002313
667, 0.002264, 0.002343, 0.002312
668, 0.002258, 0.002340, 0.002310
669, 0.002257, 0.002341, 0.002311
670, 0.002259, 0.002338, 0.002308
671, 0.002259, 0.002344, 0.002313
672, 0.002258, 0.002335, 0.002305
673, 0.002257, 0.002346, 0.002314
674, 0.002262, 0.002332, 0.002303
675, 0.002257, 0.002334, 0.002305
676, 0.002257, 0.002341, 0.002311
677, 0.002256, 0.002331, 0.002303
678, 0.002257, 0.002346, 0.002315
679, 0.002257, 0.002331, 0.002303
680, 0.002255, 0.002336, 0.002307
681, 0.002255, 0.002336, 0.002306
682, 0.002257, 0.002327, 0.002298
683, 0.002254, 0.002333, 0.002303
684, 0.002253, 0.002326, 0.002297
685, 0.002251, 0.002334, 0.002303
686, 0.002253, 0.002337, 0.002306
687, 0.002249, 0.002322, 0.002294
688, 0.002252, 0.002340, 0.002309
689, 0.002252, 0.002328, 0.002298
690, 0.002248, 0.002318, 0.002290
691, 0.002250, 0.002343, 0.002312
692, 0.002254, 0.002317, 0.002289
693, 0.002249, 0.002331, 0.002301
694, 0.002245, 0.002324, 0.002294
695, 0.002247, 0.002316, 0.002288
696, 0.002243, 0.002331, 0.002300
697, 0.002249, 0.002313, 0.002285
698, 0.002243, 0.002331, 0.002300
699, 0.002244, 0.002320, 0.002289
700, 0.002242, 0.002316, 0.002286
701, 0.002243, 0.002324, 0.002293
702, 0.002240, 0.002310, 0.002281
703, 0.002239, 0.002326, 0.002295
704, 0.002240, 0.002312, 0.002282
705, 0.002237, 0.002311, 0.002281
706, 0.002240, 0.002323, 0.002292
707, 0.002238, 0.002304, 0.002276
708, 0.002235, 0.002316, 0.002285
709, 0.002234, 0.002311, 0.002281
710, 0.002233, 0.002300, 0.002272
711, 0.002235, 0.002329, 0.002297
712, 0.002238, 0.002299, 0.002271
713, 0.002231, 0.002306, 0.002277
714, 0.002231, 0.002308, 0.002278
715, 0.002227, 0.002298, 0.002270
716, 0.002226, 0.002302, 0.002273
717, 0.002225, 0.002305, 0.002275
718, 0.002227, 0.002294, 0.002265
719, 0.002228, 0.002303, 0.002272
720, 0.002224, 0.002301, 0.002271
721, 0.002225, 0.002292, 0.002263
722, 0.002221, 0.002297, 0.002268
723, 0.002219, 0.002293, 0.002264
724, 0.002223, 0.002288, 0.002259
725, 0.002219, 0.002288, 0.002259
726, 0.002218, 0.002298, 0.002268
727, 0.002217, 0.002282, 0.002255
728, 0.002218, 0.002294, 0.002264
729, 0.002216, 0.002284, 0.002255
730, 0.002217, 0.002280, 0.002251
731, 0.002211, 0.002291, 0.002261
732, 0.002216, 0.002276, 0.002247
733, 0.002212, 0.002284, 0.002253
734, 0.002208, 0.002285, 0.002254
735, 0.002208, 0.002270, 0.002242
736, 0.002211, 0.002288, 0.002257
737, 0.002209, 0.002267, 0.002239
738, 0.002205, 0.002270, 0.002241
739, 0.002200, 0.002280, 0.002250
740, 0.002204, 0.002262, 0.002235
741, 0.002203, 0.002276, 0.002247
742, 0.002202, 0.002263, 0.002234
743, 0.002199, 0.002261, 0.002232
744, 0.002199, 0.002272, 0.002242
745, 0.002200, 0.002252, 0.002225
746, 0.002198, 0.002274, 0.002243
747, 0.002197, 0.002254, 0.002225
748, 0.002191, 0.002252, 0.002224
749, 0.002190, 0.002259, 0.002229
750, 0.002187, 0.002246, 0.002218
751, 0.002186, 0.002251, 0.002222
752, 0.002184, 0.002253, 0.002223
753, 0.002184, 0.002240, 0.002213
754, 0.002184, 0.002251, 0.002222
755, 0.002180, 0.002242, 0.002214
756, 0.002179, 0.002236, 0.002208
757, 0.002177, 0.002247, 0.002218
758, 0.002183, 0.002229, 0.002202
759, 0.002177, 0.002246, 0.002217
760, 0.002177, 0.002226, 0.002198
761, 0.002172, 0.002236, 0.002206
762, 0.002171, 0.002233, 0.002203
763, 0.002169, 0.002217, 0.002190
764, 0.002173, 0.002257, 0.002225
765, 0.002176, 0.002212, 0.002186
766, 0.002167, 0.002217, 0.002188
767, 0.002163, 0.002237, 0.002207
768, 0.002164, 0.002205, 0.002179
769, 0.002164, 0.002233, 0.002203
770, 0.002160, 0.002201, 0.002175
771, 0.002153, 0.002212, 0.002184
772, 0.002150, 0.002207, 0.002178
773, 0.002148, 0.002197, 0.002169
774, 0.002150, 0.002206, 0.002176
775, 0.002146, 0.002191, 0.002163
776, 0.002145, 0.002196, 0.002166
777, 0.002142, 0.002187, 0.002158
778, 0.002137, 0.002194, 0.002165
779, 0.002138, 0.002182, 0.002154
780, 0.002133, 0.002184, 0.002155
781, 0.002135, 0.002180, 0.002152
782, 0.002131, 0.002175, 0.002147
783, 0.002128, 0.002175, 0.002147
784, 0.002123, 0.002171, 0.002142
785, 0.002123, 0.002169, 0.002141
786, 0.002119, 0.002159, 0.002132
787, 0.002115, 0.002160, 0.002132
788, 0.002111, 0.002168, 0.002138
789, 0.002114, 0.002148, 0.002121
790, 0.002112, 0.002153, 0.002125
791, 0.002109, 0.002158, 0.002128
792, 0.002107, 0.002139, 0.002114
793, 0.002113, 0.002190, 0.002159
794, 0.002117, 0.002132, 0.002107
795, 0.002107, 0.002147, 0.002117
796, 0.002099, 0.002136, 0.002107
797, 0.002089, 0.002122, 0.002096
798, 0.002089, 0.002133, 0.002104
799, 0.002086, 0.002118, 0.002090
800, 0.002083, 0.002119, 0.002091
801, 0.002081, 0.002109, 0.002082
802, 0.002078, 0.002112, 0.002083
803, 0.002071, 0.002104, 0.002076
804, 0.002069, 0.002096, 0.002070
805, 0.002067, 0.002105, 0.002077
806, 0.002063, 0.002092, 0.002065
807, 0.002061, 0.002096, 0.002067
808, 0.002058, 0.002082, 0.002054
809, 0.002053, 0.002083, 0.002055
810, 0.002049, 0.002074, 0.002047
811, 0.002045, 0.002075, 0.002048
812, 0.002046, 0.002069, 0.002041
813, 0.002036, 0.002060, 0.002034
814, 0.002041, 0.002076, 0.002047
815, 0.002037, 0.002048, 0.002023
816, 0.002040, 0.002070, 0.002040
817, 0.002032, 0.002039, 0.002013
818, 0.002022, 0.002041, 0.002015
819, 0.002016, 0.002039, 0.002011
820, 0.002015, 0.002027, 0.002001
821, 0.002010, 0.002043, 0.002015
822, 0.002009, 0.002014, 0.001990
823, 0.002009, 0.002036, 0.002006
824, 0.002001, 0.002009, 0.001981
825, 0.001992, 0.002001, 0.001974
826, 0.001987, 0.002019, 0.001990
827, 0.001989, 0.001990, 0.001965
828, 0.001990, 0.002027, 0.001996
829, 0.001989, 0.001982, 0.001959
830, 0.001981, 0.001992, 0.001963
831, 0.001969, 0.001979, 0.001951
832, 0.001966, 0.001964, 0.001940
833, 0.001967, 0.002006, 0.001975
834, 0.001974, 0.001954, 0.001930
835, 0.001964, 0.001973, 0.001944
836, 0.001952, 0.001944, 0.001918
837, 0.001946, 0.001943, 0.001916
838, 0.001933, 0.001940, 0.001913
839, 0.001930, 0.001923, 0.001898
840, 0.001927, 0.001939, 0.001910
841, 0.001924, 0.001910, 0.001884
842, 0.001922, 0.001921, 0.001894
843, 0.001915, 0.001900, 0.001874
844, 0.001907, 0.001905, 0.001877
845, 0.001901, 0.001890, 0.001864
846, 0.001896, 0.001886, 0.001859
847, 0.001893, 0.001874, 0.001849
848, 0.001886, 0.001874, 0.001847
849, 0.001878, 0.001869, 0.001843
850, 0.001874, 0.001855, 0.001830
851, 0.001866, 0.001854, 0.001828
852, 0.001863, 0.001844, 0.001818
853, 0.001858, 0.001838, 0.001812
854, 0.001852, 0.001835, 0.001808
855, 0.001845, 0.001821, 0.001796
856, 0.001843, 0.001820, 0.001793
857, 0.001833, 0.001810, 0.001784
858, 0.001826, 0.001802, 0.001777
859, 0.001827, 0.001799, 0.001773
860, 0.001820, 0.001786, 0.001761
861, 0.001810, 0.001787, 0.001761
862, 0.001807, 0.001771, 0.001747
863, 0.001800, 0.001768, 0.001742
864, 0.001795, 0.001758, 0.001733
865, 0.001788, 0.001753, 0.001728
866, 0.001781, 0.001744, 0.001719
867, 0.001773, 0.001741, 0.001715
868, 0.001771, 0.001728, 0.001704
869, 0.001763, 0.001721, 0.001696
870, 0.001759, 0.001715, 0.001690
871, 0.001750, 0.001706, 0.001682
872, 0.001744, 0.001701, 0.001675
873, 0.001738, 0.001685, 0.001660
874, 0.001734, 0.001700, 0.001674
875, 0.001729, 0.001671, 0.001648
876, 0.001726, 0.001699, 0.001671
877, 0.001720, 0.001654, 0.001632
878, 0.001711, 0.001659, 0.001634
879, 0.001700, 0.001643, 0.001617
880, 0.001692, 0.001629, 0.001606
881, 0.001686, 0.001647, 0.001621
882, 0.001683, 0.001612, 0.001590
883, 0.001681, 0.001630, 0.001603
884, 0.001668, 0.001597, 0.001576
885, 0.001660, 0.001590, 0.001566
886, 0.001653, 0.001594, 0.001568
887, 0.001645, 0.001569, 0.001548
888, 0.001641, 0.001591, 0.001564
889, 0.001635, 0.001557, 0.001536
890, 0.001631, 0.001571, 0.001546
891, 0.001618, 0.001533, 0.001512
892, 0.001609, 0.001537, 0.001513
893, 0.001600, 0.001522, 0.001499
894, 0.001594, 0.001509, 0.001488
895, 0.001587, 0.001528, 0.001502
896, 0.001588, 0.001491, 0.001473
897, 0.001583, 0.001524, 0.001499
898, 0.001575, 0.001480, 0.001463
899, 0.001571, 0.001504, 0.001480
900, 0.001563, 0.001459, 0.001441
901, 0.001547, 0.001463, 0.001440
902, 0.001536, 0.001438, 0.001418
903, 0.001524, 0.001433, 0.001414
904, 0.001517, 0.001428, 0.001406
905, 0.001512, 0.001412, 0.001392
906, 0.001509, 0.001422, 0.001399
907, 0.001498, 0.001390, 0.001372
908, 0.001495, 0.001408, 0.001385
909, 0.001485, 0.001374, 0.001355
910, 0.001478, 0.001377, 0.001356
911, 0.001463, 0.001370, 0.001348
912, 0.001457, 0.001345, 0.001329
913, 0.001457, 0.001382, 0.001359
914, 0.001461, 0.001346, 0.001333
915, 0.001467, 0.001423, 0.001397
916, 0.001480, 0.001337, 0.001325
917, 0.001465, 0.001380, 0.001356
918, 0.001450, 0.001300, 0.001284
919, 0.001425, 0.001314, 0.001294
920, 0.001403, 0.001281, 0.001261
921, 0.001394, 0.001268, 0.001250
922, 0.001389, 0.001312, 0.001291
923, 0.001397, 0.001263, 0.001249
924, 0.001397, 0.001292, 0.001270
925, 0.001380, 0.001235, 0.001217
926, 0.001353, 0.001225, 0.001209
927, 0.001345, 0.001257, 0.001235
928, 0.001348, 0.001210, 0.001194
929, 0.001343, 0.001221, 0.001201
930, 0.001323, 0.001196, 0.001178
931, 0.001310, 0.001184, 0.001167
932, 0.001308, 0.001203, 0.001185
933, 0.001299, 0.001167, 0.001152
934, 0.001291, 0.001169, 0.001151
935, 0.001279, 0.001166, 0.001150
936, 0.001274, 0.001148, 0.001134
937, 0.001271, 0.001181, 0.001161
938, 0.001268, 0.001132, 0.001120
939, 0.001260, 0.001149, 0.001132
940, 0.001243, 0.001118, 0.001104
941, 0.001232, 0.001104, 0.001092
942, 0.001224, 0.001147, 0.001127
943, 0.001233, 0.001104, 0.001094
944, 0.001228, 0.001119, 0.001097
945, 0.001206, 0.001081, 0.001067
946, 0.001188, 0.001068, 0.001052
947, 0.001189, 0.001112, 0.001092
948, 0.001197, 0.001067, 0.001058
949, 0.001190, 0.001080, 0.001057
950, 0.001174, 0.001035, 0.001021
951, 0.001151, 0.001028, 0.001010
952, 0.001142, 0.001043, 0.001021
953, 0.001142, 0.001013, 0.001000
954, 0.001133, 0.001022, 0.001001
955, 0.001118, 0.000995, 0.000975
956, 0.001108, 0.000995, 0.000980
957, 0.001101, 0.001011, 0.000983
958, 0.001102, 0.000985, 0.000972
959, 0.001095, 0.000989, 0.000963
960, 0.001079, 0.000966, 0.000949
961, 0.001065, 0.000953, 0.000931
962, 0.001060, 0.001007, 0.000988
963, 0.001066, 0.000960, 0.000930
964, 0.001083, 0.001088, 0.001078
965, 0.001133, 0.001109, 0.001066
966, 0.001210, 0.001206, 0.001193
967, 0.001251, 0.001072, 0.001043
968, 0.001167, 0.000904, 0.000884
969, 0.001044, 0.001062, 0.001046
970, 0.001130, 0.000995, 0.000971
971, 0.001120, 0.000878, 0.000858
972, 0.001051, 0.000983, 0.000963
973, 0.001069, 0.000858, 0.000839
974, 0.000999, 0.000891, 0.000872
975, 0.001064, 0.000874, 0.000855
976, 0.000990, 0.000901, 0.000889
977, 0.001000, 0.000862, 0.000838
978, 0.001007, 0.000822, 0.000802
979, 0.000951, 0.000940, 0.000939
980, 0.001027, 0.000865, 0.000835
981, 0.000979, 0.000824, 0.000805
982, 0.000960, 0.000919, 0.000915
983, 0.000993, 0.000857, 0.000832
984, 0.000959, 0.000854, 0.000836
985, 0.000997, 0.000853, 0.000844
986, 0.000940, 0.000813, 0.000794
987, 0.000918, 0.000843, 0.000827
988, 0.000977, 0.000787, 0.000772
989, 0.000905, 0.000804, 0.000787
990, 0.000903, 0.000784, 0.000768
991, 0.000928, 0.000736, 0.000717
992, 0.000853, 0.000781, 0.000765
993, 0.000883, 0.000738, 0.000722
994, 0.000888, 0.000741, 0.000721
995, 0.000859, 0.000756, 0.000744
996, 0.000874, 0.000705, 0.000695
997, 0.000844, 0.000704, 0.000682
998, 0.000853, 0.000723, 0.000716
999, 0.000848, 0.000673, 0.000661
1000, 0.000810, 0.000687, 0.000666
1001, 0.000839, 0.000708, 0.000705
1002, 0.000839, 0.000689, 0.000674
1003, 0.000815, 0.000666, 0.000648
1004, 0.000817, 0.000658, 0.000653
1005, 0.000804, 0.000692, 0.000675
1006, 0.000810, 0.000638, 0.000625
1007, 0.000788, 0.000630, 0.000621
1008, 0.000786, 0.000677, 0.000661
1009, 0.000796, 0.000613, 0.000606
1010, 0.000767, 0.000607, 0.000596
1011, 0.000771, 0.000657, 0.000643
1012, 0.000785, 0.000608, 0.000603
1013, 0.000766, 0.000595, 0.000582
1014, 0.000761, 0.000602, 0.000590
1015, 0.000746, 0.000594, 0.000589
1016, 0.000745, 0.000579, 0.000566
1017, 0.000737, 0.000579, 0.000565
1018, 0.000732, 0.000586, 0.000582
1019, 0.000741, 0.000569, 0.000555
1020, 0.000726, 0.000561, 0.000549
1021, 0.000722, 0.000566, 0.000560
1022, 0.000724, 0.000556, 0.000544
1023, 0.000712, 0.000548, 0.000538
1024, 0.000712, 0.000548, 0.000541
1025, 0.000715, 0.000552, 0.000540
1026, 0.000705, 0.000530, 0.000519
1027, 0.000700, 0.000531, 0.000524
1028, 0.000697, 0.000544, 0.000533
1029, 0.000698, 0.000522, 0.000511
1030, 0.000697, 0.000528, 0.000522
1031, 0.000696, 0.000537, 0.000526
1032, 0.000689, 0.000508, 0.000499
1033, 0.000682, 0.000508, 0.000503
1034, 0.000681, 0.000533, 0.000520
1035, 0.000687, 0.000503, 0.000496
1036, 0.000677, 0.000495, 0.000485
1037, 0.000669, 0.000511, 0.000499
1038, 0.000671, 0.000493, 0.000487
1039, 0.000672, 0.000491, 0.000480
1040, 0.000665, 0.000498, 0.000488
1041, 0.000657, 0.000484, 0.000481
1042, 0.000663, 0.000489, 0.000477
1043, 0.000663, 0.000484, 0.000477
1044, 0.000655, 0.000478, 0.000473
1045, 0.000654, 0.000483, 0.000471
1046, 0.000652, 0.000470, 0.000462
1047, 0.000645, 0.000468, 0.000463
1048, 0.000649, 0.000485, 0.000472
1049, 0.000647, 0.000459, 0.000452
1050, 0.000639, 0.000459, 0.000452
1051, 0.000643, 0.000481, 0.000469
1052, 0.000645, 0.000449, 0.000444
1053, 0.000632, 0.000451, 0.000443
1054, 0.000629, 0.000474, 0.000464
1055, 0.000641, 0.000443, 0.000437
1056, 0.000627, 0.000439, 0.000432
1057, 0.000620, 0.000452, 0.000442
1058, 0.000626, 0.000436, 0.000430
1059, 0.000623, 0.000441, 0.000433
1060, 0.000616, 0.000444, 0.000434
1061, 0.000619, 0.000433, 0.000429
1062, 0.000626, 0.000441, 0.000432
1063, 0.000614, 0.000436, 0.000426
1064, 0.000611, 0.000422, 0.000417
1065, 0.000614, 0.000438, 0.000428
1066, 0.000614, 0.000421, 0.000413
1067, 0.000604, 0.000415, 0.000410
1068, 0.000605, 0.000433, 0.000421
1069, 0.000605, 0.000410, 0.000403
1070, 0.000596, 0.000408, 0.000403
1071, 0.000596, 0.000429, 0.000419
1072, 0.000604, 0.000403, 0.000397
1073, 0.000593, 0.000406, 0.000401
1074, 0.000591, 0.000423, 0.000413
1075, 0.000599, 0.000396, 0.000391
1076, 0.000591, 0.000403, 0.000395
1077, 0.000586, 0.000421, 0.000412
1078, 0.000595, 0.000393, 0.000387
1079, 0.000591, 0.000401, 0.000394
1080, 0.000581, 0.000405, 0.000397
1081, 0.000584, 0.000387, 0.000383
1082, 0.000583, 0.000393, 0.000387
1083, 0.000576, 0.000394, 0.000387
1084, 0.000577, 0.000381, 0.000375
1085, 0.000578, 0.000386, 0.000378
1086, 0.000572, 0.000389, 0.000382
1087, 0.000576, 0.000381, 0.000375
1088, 0.000578, 0.000380, 0.000373
1089, 0.000571, 0.000385, 0.000378
1090, 0.000567, 0.000379, 0.000374
1091, 0.000570, 0.000377, 0.000371
1092, 0.000567, 0.000378, 0.000371
1093, 0.000568, 0.000374, 0.000370
1094, 0.000565, 0.000379, 0.000372
1095, 0.000562, 0.000370, 0.000362
1096, 0.000562, 0.000365, 0.000360
1097, 0.000561, 0.000381, 0.000373
1098, 0.000561, 0.000366, 0.000360
1099, 0.000560, 0.000364, 0.000360
1100, 0.000562, 0.000389, 0.000382
1101, 0.000565, 0.000358, 0.000353
1102, 0.000555, 0.000358, 0.000353
1103, 0.000556, 0.000378, 0.000372
1104, 0.000560, 0.000357, 0.000351
1105, 0.000555, 0.000354, 0.000350
1106, 0.000553, 0.000383, 0.000375
1107, 0.000558, 0.000354, 0.000349
1108, 0.000553, 0.000352, 0.000347
1109, 0.000547, 0.000367, 0.000360
1110, 0.000549, 0.000352, 0.000348
1111, 0.000546, 0.000352, 0.000347
1112, 0.000544, 0.000357, 0.000351
1113, 0.000544, 0.000348, 0.000343
1114, 0.000544, 0.000351, 0.000346
1115, 0.000541, 0.000354, 0.000348
1116, 0.000542, 0.000346, 0.000340
1117, 0.000539, 0.000344, 0.000337
1118, 0.000539, 0.000350, 0.000344
1119, 0.000540, 0.000343, 0.000338
1120, 0.000538, 0.000347, 0.000340
1121, 0.000539, 0.000342, 0.000336
1122, 0.000539, 0.000339, 0.000334
1123, 0.000538, 0.000348, 0.000342
1124, 0.000535, 0.000344, 0.000341
1125, 0.000540, 0.000344, 0.000337
1126, 0.000536, 0.000341, 0.000335
1127, 0.000533, 0.000345, 0.000342
1128, 0.000534, 0.000343, 0.000335
1129, 0.000538, 0.000334, 0.000329
1130, 0.000530, 0.000344, 0.000340
1131, 0.000530, 0.000338, 0.000332
1132, 0.000531, 0.000333, 0.000328
1133, 0.000527, 0.000340, 0.000335
1134, 0.000529, 0.000334, 0.000327
1135, 0.000529, 0.000330, 0.000326
1136, 0.000525, 0.000339, 0.000334
1137, 0.000527, 0.000328, 0.000323
1138, 0.000527, 0.000336, 0.000331
1139, 0.000526, 0.000332, 0.000326
1140, 0.000521, 0.000325, 0.000320
1141, 0.000524, 0.000330, 0.000325
1142, 0.000525, 0.000323, 0.000319
1143, 0.000520, 0.000330, 0.000325
1144, 0.000522, 0.000328, 0.000324
1145, 0.000523, 0.000324, 0.000319
1146, 0.000519, 0.000327, 0.000323
1147, 0.000519, 0.000326, 0.000322
1148, 0.000519, 0.000322, 0.000317
1149, 0.000520, 0.000328, 0.000323
1150, 0.000518, 0.000324, 0.000321
1151, 0.000519, 0.000333, 0.000325
1152, 0.000521, 0.000321, 0.000317
1153, 0.000519, 0.000329, 0.000323
1154, 0.000517, 0.000325, 0.000317
1155, 0.000517, 0.000316, 0.000312
1156, 0.000517, 0.000335, 0.000328
1157, 0.000518, 0.000316, 0.000310
1158, 0.000515, 0.000316, 0.000312
1159, 0.000513, 0.000333, 0.000327
1160, 0.000515, 0.000313, 0.000308
1161, 0.000515, 0.000319, 0.000314
1162, 0.000512, 0.000322, 0.000317
1163, 0.000512, 0.000314, 0.000309
1164, 0.000513, 0.000320, 0.000315
1165, 0.000512, 0.000314, 0.000311
1166, 0.000514, 0.000322, 0.000317
1167, 0.000508, 0.000316, 0.000311
1168, 0.000513, 0.000316, 0.000312
1169, 0.000510, 0.000317, 0.000312
1170, 0.000508, 0.000314, 0.000310
1171, 0.000509, 0.000322, 0.000316
1172, 0.000510, 0.000311, 0.000305
1173, 0.000507, 0.000319, 0.000313
1174, 0.000506, 0.000312, 0.000308
1175, 0.000507, 0.000313, 0.000308
1176, 0.000504, 0.000317, 0.000312
1177, 0.000504, 0.000310, 0.000306
1178, 0.000505, 0.000316, 0.000311
1179, 0.000505, 0.000317, 0.000311
1180, 0.000504, 0.000309, 0.000305
1181, 0.000505, 0.000312, 0.000307
1182, 0.000504, 0.000312, 0.000307
1183, 0.000506, 0.000311, 0.000307
1184, 0.000506, 0.000313, 0.000308
1185, 0.000507, 0.000307, 0.000303
1186, 0.000505, 0.000315, 0.000312
1187, 0.000503, 0.000308, 0.000305
1188, 0.000501, 0.000310, 0.000306
1189, 0.000503, 0.000320, 0.000316
1190, 0.000502, 0.000302, 0.000298
1191, 0.000502, 0.000311, 0.000305
1192, 0.000502, 0.000322, 0.000318
1193, 0.000503, 0.000302, 0.000299
1194, 0.000501, 0.000310, 0.000304
1195, 0.000501, 0.000314, 0.000311
1196, 0.000501, 0.000310, 0.000306
1197, 0.000500, 0.000306, 0.000301
1198, 0.000500, 0.000307, 0.000303
1199, 0.000498, 0.000314, 0.000310
1200, 0.000496, 0.000303, 0.000299
1201, 0.000501, 0.000310, 0.000306
1202, 0.000497, 0.000306, 0.000302
1203, 0.000496, 0.000309, 0.000304
1204, 0.000499, 0.000301, 0.000297
1205, 0.000499, 0.000310, 0.000307
1206, 0.000496, 0.000305, 0.000300
1207, 0.000494, 0.000300, 0.000296
1208, 0.000495, 0.000309, 0.000305
1209, 0.000495, 0.000304, 0.000300
1210, 0.000496, 0.000297, 0.000294
1211, 0.000495, 0.000309, 0.000306
1212, 0.000494, 0.000298, 0.000295
1213, 0.000495, 0.000304, 0.000300
1214, 0.000494, 0.000304, 0.000301
1215, 0.000494, 0.000308, 0.000304
1216, 0.000495, 0.000308, 0.000303
1217, 0.000493, 0.000305, 0.000301
1218, 0.000495, 0.000303, 0.000299
1219, 0.000494, 0.000304, 0.000300
1220, 0.000496, 0.000310, 0.000307
1221, 0.000493, 0.000308, 0.000303
1222, 0.000494, 0.000298, 0.000293
1223, 0.000495, 0.000310, 0.000308
1224, 0.000495, 0.000305, 0.000301
1225, 0.000491, 0.000293, 0.000290
1226, 0.000492, 0.000311, 0.000307
1227, 0.000492, 0.000297, 0.000294
1228, 0.000491, 0.000303, 0.000299
1229, 0.000492, 0.000307, 0.000303
1230, 0.000494, 0.000293, 0.000289
1231, 0.000492, 0.000316, 0.000310
1232, 0.000491, 0.000295, 0.000293
1233, 0.000490, 0.000300, 0.000297
1234, 0.000489, 0.000307, 0.000302
1235, 0.000490, 0.000291, 0.000288
1236, 0.000490, 0.000310, 0.000305
1237, 0.000491, 0.000300, 0.000297
1238, 0.000489, 0.000300, 0.000294
1239, 0.000489, 0.000298, 0.000295
1240, 0.000488, 0.000306, 0.000302
1241, 0.000490, 0.000291, 0.000287
1242, 0.000490, 0.000310, 0.000307
1243, 0.000492, 0.000297, 0.000294
1244, 0.000490, 0.000294, 0.000291
1245, 0.000487, 0.000303, 0.000300
1246, 0.000486, 0.000302, 0.000297
1247, 0.000489, 0.000295, 0.000291
1248, 0.000485, 0.000303, 0.000299
1249, 0.000488, 0.000300, 0.000296
1250, 0.000488, 0.000294, 0.000291
1251, 0.000487, 0.000308, 0.000303
1252, 0.000488, 0.000291, 0.000288
1253, 0.000486, 0.000305, 0.000302
1254, 0.000486, 0.000297, 0.000292
1255, 0.000486, 0.000292, 0.000289
1256, 0.000488, 0.000308, 0.000305
1257, 0.000484, 0.000289, 0.000285
1258, 0.000485, 0.000297, 0.000293
1259, 0.000483, 0.000313, 0.000309
1260, 0.000486, 0.000285, 0.000282
1261, 0.000488, 0.000310, 0.000305
1262, 0.000486, 0.000299, 0.000297
1263, 0.000485, 0.000291, 0.000288
1264, 0.000485, 0.000316, 0.000310
1265, 0.000489, 0.000293, 0.000292
1266, 0.000489, 0.000308, 0.000303
1267, 0.000486, 0.000297, 0.000292
1268, 0.000484, 0.000295, 0.000294
1269, 0.000489, 0.000315, 0.000310
1270, 0.000486, 0.000286, 0.000282
1271, 0.000485, 0.000306, 0.000303
1272, 0.000485, 0.000296, 0.000292
1273, 0.000480, 0.000289, 0.000285
1274, 0.000482, 0.000309, 0.000306
1275, 0.000483, 0.000292, 0.000289
1276, 0.000482, 0.000295, 0.000291
1277, 0.000485, 0.000306, 0.000303
1278, 0.000486, 0.000289, 0.000286
1279, 0.000483, 0.000298, 0.000293
1280, 0.000481, 0.000299, 0.000296
1281, 0.000481, 0.000291, 0.000287
1282, 0.000481, 0.000298, 0.000292
1283, 0.000482, 0.000294, 0.000290
1284, 0.000479, 0.000290, 0.000287
1285, 0.000480, 0.000295, 0.000291
1286, 0.000480, 0.000288, 0.000286
1287, 0.000479, 0.000300, 0.000295
1288, 0.000480, 0.000290, 0.000286
1289, 0.000481, 0.000294, 0.000290
1290, 0.000479, 0.000296, 0.000292
1291, 0.000479, 0.000291, 0.000288
1292, 0.000478, 0.000299, 0.000295
1293, 0.000481, 0.000285, 0.000282
1294, 0.000481, 0.000299, 0.000295
1295, 0.000478, 0.000288, 0.000285
1296, 0.000477, 0.000297, 0.000293
1297, 0.000478, 0.000301, 0.000296
1298, 0.000479, 0.000289, 0.000285
1299, 0.000479, 0.000300, 0.000295
1300, 0.000478, 0.000296, 0.000290
1301, 0.000475, 0.000286, 0.000283
1302, 0.000479, 0.000313, 0.000308
1303, 0.000481, 0.000281, 0.000278
1304, 0.000483, 0.000302, 0.000297
1305, 0.000478, 0.000295, 0.000291
1306, 0.000478, 0.000285, 0.000282
1307, 0.000478, 0.000309, 0.000304
1308, 0.000481, 0.000283, 0.000280
1309, 0.000481, 0.000306, 0.000302
1310, 0.000478, 0.000293, 0.000289
1311, 0.000478, 0.000284, 0.000282
1312, 0.000476, 0.000309, 0.000304
1313, 0.000478, 0.000283, 0.000280
1314, 0.000480, 0.000306, 0.000301
1315, 0.000478, 0.000289, 0.000285
1316, 0.000472, 0.000289, 0.000286
1317, 0.000477, 0.000302, 0.000297
1318, 0.000477, 0.000287, 0.000284
1319, 0.000476, 0.000291, 0.000289
1320, 0.000477, 0.000306, 0.000302
1321, 0.000476, 0.000283, 0.000281
1322, 0.000479, 0.000314, 0.000310
1323, 0.000478, 0.000283, 0.000280
1324, 0.000474, 0.000291, 0.000288
1325, 0.000473, 0.000296, 0.000292
1326, 0.000475, 0.000288, 0.000284
1327, 0.000473, 0.000290, 0.000286
1328, 0.000476, 0.000293, 0.000290
1329, 0.000473, 0.000292, 0.000289
1330, 0.000473, 0.000290, 0.000286
1331, 0.000472, 0.000297, 0.000293
1332, 0.000475, 0.000288, 0.000284
1333, 0.000472, 0.000299, 0.000294
1334, 0.000473, 0.000286, 0.000283
1335, 0.000473, 0.000294, 0.000290
1336, 0.000471, 0.000289, 0.000285
1337, 0.000473, 0.000291, 0.000288
1338, 0.000475, 0.000291, 0.000287
1339, 0.000471, 0.000290, 0.000285
1340, 0.000473, 0.000292, 0.000289
1341, 0.000472, 0.000285, 0.000280
1342, 0.000475, 0.000294, 0.000289
1343, 0.000472, 0.000291, 0.000288
1344, 0.000473, 0.000287, 0.000283
1345, 0.000470, 0.000288, 0.000284
1346, 0.000472, 0.000294, 0.000292
1347, 0.000473, 0.000287, 0.000283
1348, 0.000470, 0.000292, 0.000288
1349, 0.000472, 0.000288, 0.000285
1350, 0.000471, 0.000294, 0.000290
1351, 0.000470, 0.000289, 0.000284
1352, 0.000472, 0.000289, 0.000286
1353, 0.000473, 0.000305, 0.000300
1354, 0.000475, 0.000276, 0.000273
1355, 0.000475, 0.000319, 0.000315
1356, 0.000478, 0.000280, 0.000278
1357, 0.000473, 0.000294, 0.000290
1358, 0.000471, 0.000291, 0.000288
1359, 0.000469, 0.000283, 0.000281
1360, 0.000470, 0.000303, 0.000299
1361, 0.000473, 0.000275, 0.000272
1362, 0.000474, 0.000313, 0.000309
1363, 0.000473, 0.000278, 0.000274
1364, 0.000471, 0.000291, 0.000287
1365, 0.000470, 0.000292, 0.000290
1366, 0.000468, 0.000284, 0.000280
1367, 0.000470, 0.000289, 0.000285
1368, 0.000471, 0.000292, 0.000290
1369, 0.000471, 0.000286, 0.000282
1370, 0.000470, 0.000289, 0.000285
1371, 0.000466, 0.000287, 0.000284
1372, 0.000469, 0.000296, 0.000290
1373, 0.000468, 0.000283, 0.000279
1374, 0.000469, 0.000294, 0.000290
1375, 0.000469, 0.000289, 0.000284
1376, 0.000467, 0.000284, 0.000280
1377, 0.000467, 0.000289, 0.000286
1378, 0.000468, 0.000286, 0.000283
1379, 0.000468, 0.000290, 0.000286
1380, 0.000467, 0.000279, 0.000276
1381, 0.000466, 0.000293, 0.000289
1382, 0.000467, 0.000288, 0.000283
1383, 0.000466, 0.000286, 0.000281
1384, 0.000467, 0.000289, 0.000285
1385, 0.000468, 0.000281, 0.000277
1386, 0.000466, 0.000289, 0.000286
1387, 0.000468, 0.000286, 0.000282
1388, 0.000467, 0.000292, 0.000288
1389, 0.000466, 0.000284, 0.000280
1390, 0.000465, 0.000293, 0.000289
1391, 0.000465, 0.000285, 0.000281
1392, 0.000466, 0.000290, 0.000286
1393, 0.000464, 0.000279, 0.000276
1394, 0.000463, 0.000293, 0.000289
1395, 0.000465, 0.000285, 0.000281
1396, 0.000463, 0.000287, 0.000284
1397, 0.000466, 0.000289, 0.000285
1398, 0.000464, 0.000283, 0.000279
1399, 0.000465, 0.000294, 0.000290
1400, 0.000465, 0.000283, 0.000279
1401, 0.000463, 0.000284, 0.000279
1402, 0.000464, 0.000295, 0.000291
1403, 0.000465, 0.000281, 0.000278
1404, 0.000463, 0.000295, 0.000290
1405, 0.000465, 0.000280, 0.000278
1406, 0.000464, 0.000290, 0.000286
1407, 0.000463, 0.000288, 0.000283
1408, 0.000461, 0.000283, 0.000281
1409, 0.000466, 0.000309, 0.000303
1410, 0.000469, 0.000271, 0.000268
1411, 0.000468, 0.000321, 0.000317
1412, 0.000469, 0.000273, 0.000270
1413, 0.000468, 0.000290, 0.000285
1414, 0.000461, 0.000295, 0.000291
1415, 0.000465, 0.000272, 0.000268
1416, 0.000465, 0.000310, 0.000304
1417, 0.000468, 0.000274, 0.000272
1418, 0.000468, 0.000305, 0.000300
1419, 0.000466, 0.000279, 0.000275
1420, 0.000464, 0.000289, 0.000285
1421, 0.000460, 0.000296, 0.000290
1422, 0.000464, 0.000272, 0.000269
1423, 0.000465, 0.000313, 0.000308
1424, 0.000467, 0.000270, 0.000266
1425, 0.000464, 0.000291, 0.000286
1426, 0.000461, 0.000292, 0.000288
1427, 0.000459, 0.000272, 0.000268
1428, 0.000463, 0.000310, 0.000304
1429, 0.000465, 0.000271, 0.000269
1430, 0.000468, 0.000311, 0.000305
1431, 0.000466, 0.000272, 0.000269
1432, 0.000461, 0.000286, 0.000282
1433, 0.000461, 0.000298, 0.000293
1434, 0.000462, 0.000270, 0.000268
1435, 0.000467, 0.000320, 0.000315
1436, 0.000467, 0.000268, 0.000265
1437, 0.000468, 0.000308, 0.000303
1438, 0.000464, 0.000276, 0.000273
1439, 0.000461, 0.000278, 0.000274
1440, 0.000461, 0.000306, 0.000300
1441, 0.000463, 0.000271, 0.000269
1442, 0.000468, 0.000312, 0.000306
1443, 0.000466, 0.000269, 0.000265
1444, 0.000463, 0.000288, 0.000284
1445, 0.000458, 0.000288, 0.000283
1446, 0.000458, 0.000268, 0.000265
1447, 0.000464, 0.000318, 0.000313
1448, 0.000465, 0.000268, 0.000265
1449, 0.000464, 0.000291, 0.000286
1450, 0.000457, 0.000293, 0.000289
1451, 0.000461, 0.000268, 0.000265
1452, 0.000464, 0.000321, 0.000316
1453, 0.000467, 0.000269, 0.000267
1454, 0.000464, 0.000294, 0.000288
1455, 0.000459, 0.000283, 0.000280
1456, 0.000457, 0.000270, 0.000267
1457, 0.000458, 0.000299, 0.000293
1458, 0.000461, 0.000270, 0.000267
1459, 0.000460, 0.000298, 0.000293
1460, 0.000460, 0.000276, 0.000271
1461, 0.000456, 0.000275, 0.000271
1462, 0.000455, 0.000296, 0.000290
1463, 0.000457, 0.000265, 0.000261
1464, 0.000462, 0.000297, 0.000292
1465, 0.000458, 0.000273, 0.000269
1466, 0.000456, 0.000274, 0.000270
1467, 0.000456, 0.000297, 0.000292
1468, 0.000460, 0.000266, 0.000263
1469, 0.000460, 0.000306, 0.000301
1470, 0.000464, 0.000270, 0.000266
1471, 0.000459, 0.000283, 0.000279
1472, 0.000455, 0.000288, 0.000283
1473, 0.000456, 0.000272, 0.000268
1474, 0.000457, 0.000304, 0.000299
1475, 0.000461, 0.000265, 0.000262
1476, 0.000462, 0.000309, 0.000302
1477, 0.000463, 0.000270, 0.000267
1478, 0.000456, 0.000282, 0.000278
1479, 0.000456, 0.000292, 0.000286
1480, 0.000458, 0.000267, 0.000265
1481, 0.000459, 0.000311, 0.000306
1482, 0.000460, 0.000268, 0.000264
1483, 0.000456, 0.000275, 0.000272
1484, 0.000452, 0.000301, 0.000296
1485, 0.000458, 0.000265, 0.000262
1486, 0.000458, 0.000295, 0.000289
1487, 0.000454, 0.000280, 0.000276
1488, 0.000454, 0.000271, 0.000266
1489, 0.000454, 0.000287, 0.000280
1490, 0.000457, 0.000276, 0.000273
1491, 0.000453, 0.000276, 0.000272
1492, 0.000451, 0.000282, 0.000276
1493, 0.000452, 0.000277, 0.000275
1494, 0.000450, 0.000278, 0.000274
1495, 0.000451, 0.000282, 0.000278
1496, 0.000451, 0.000271, 0.000268
1497, 0.000455, 0.000295, 0.000290
1498, 0.000454, 0.000265, 0.000260
1499, 0.000453, 0.000292, 0.000287
1500, 0.000452, 0.000277, 0.000271
1501, 0.000450, 0.000272, 0.000266
1502, 0.000452, 0.000292, 0.000287
1503, 0.000451, 0.000271, 0.000266
1504, 0.000451, 0.000275, 0.000269
1505, 0.000450, 0.000288, 0.000284
1506, 0.000453, 0.000271, 0.000267
1507, 0.000451, 0.000281, 0.000275
1508, 0.000449, 0.000282, 0.000278
1509, 0.000450, 0.000272, 0.000267
1510, 0.000449, 0.000284, 0.000278
1511, 0.000450, 0.000276, 0.000272
1512, 0.000450, 0.000276, 0.000271
1513, 0.000449, 0.000282, 0.000276
1514, 0.000451, 0.000273, 0.000269
1515, 0.000450, 0.000283, 0.000279
1516, 0.000447, 0.000276, 0.000271
1517, 0.000449, 0.000274, 0.000270
1518, 0.000448, 0.000286, 0.000282
1519, 0.000448, 0.000273, 0.000267
1520, 0.000450, 0.000282, 0.000277
1521, 0.000448, 0.000277, 0.000273
1522, 0.000448, 0.000275, 0.000269
1523, 0.000448, 0.000280, 0.000274
1524, 0.000451, 0.000276, 0.000271
1525, 0.000448, 0.000278, 0.000272
1526, 0.000448, 0.000271, 0.000266
1527, 0.000449, 0.000291, 0.000285
1528, 0.000450, 0.000264, 0.000260
1529, 0.000450, 0.000283, 0.000279
1530, 0.000447, 0.000274, 0.000269
1531, 0.000447, 0.000269, 0.000265
1532, 0.000447, 0.000289, 0.000284
1533, 0.000447, 0.000268, 0.000264
1534, 0.000447, 0.000287, 0.000282
1535, 0.000446, 0.000273, 0.000268
1536, 0.000444, 0.000273, 0.000267
1537, 0.000446, 0.000289, 0.000284
1538, 0.000447, 0.000263, 0.000259
1539, 0.000446, 0.000291, 0.000285
1540, 0.000448, 0.000267, 0.000263
1541, 0.000446, 0.000283, 0.000278
1542, 0.000446, 0.000271, 0.000266
1543, 0.000443, 0.000274, 0.000270
1544, 0.000442, 0.000276, 0.000272
1545, 0.000446, 0.000271, 0.000267
1546, 0.000446, 0.000274, 0.000271
1547, 0.000444, 0.000281, 0.000278
1548, 0.000446, 0.000266, 0.000262
1549, 0.000443, 0.000296, 0.000292
1550, 0.000447, 0.000262, 0.000258
1551, 0.000448, 0.000295, 0.000289
1552, 0.000447, 0.000270, 0.000266
1553, 0.000444, 0.000268, 0.000264
1554, 0.000444, 0.000299, 0.000293
1555, 0.000449, 0.000259, 0.000256
1556, 0.000450, 0.000311, 0.000305
1557, 0.000453, 0.000261, 0.000257
1558, 0.000446, 0.000278, 0.000273
1559, 0.000443, 0.000278, 0.000274
1560, 0.000443, 0.000267, 0.000263
1561, 0.000443, 0.000277, 0.000272
1562, 0.000443, 0.000273, 0.000269
1563, 0.000441, 0.000268, 0.000263
1564, 0.000440, 0.000281, 0.000275
1565, 0.000439, 0.000263, 0.000258
1566, 0.000442, 0.000287, 0.000281
1567, 0.000447, 0.000266, 0.000262
1568, 0.000442, 0.000281, 0.000275
1569, 0.000442, 0.000270, 0.000264
1570, 0.000443, 0.000286, 0.000280
1571, 0.000443, 0.000264, 0.000260
1572, 0.000443, 0.000288, 0.000282
1573, 0.000443, 0.000263, 0.000260
1574, 0.000443, 0.000283, 0.000278
1575, 0.000440, 0.000266, 0.000261
1576, 0.000441, 0.000273, 0.000268
1577, 0.000440, 0.000275, 0.000270
1578, 0.000438, 0.000262, 0.000256
1579, 0.000445, 0.000292, 0.000287
1580, 0.000445, 0.000260, 0.000256
1581, 0.000443, 0.000286, 0.000279
1582, 0.000441, 0.000266, 0.000262
1583, 0.000442, 0.000284, 0.000278
1584, 0.000440, 0.000269, 0.000264
1585, 0.000440, 0.000267, 0.000262
1586, 0.000439, 0.000285, 0.000278
1587, 0.000441, 0.000266, 0.000260
1588, 0.000439, 0.000266, 0.000261
1589, 0.000439, 0.000302, 0.000295
1590, 0.000444, 0.000254, 0.000250
1591, 0.000449, 0.000328, 0.000321
1592, 0.000454, 0.000252, 0.000249
1593, 0.000451, 0.000293, 0.000287
1594, 0.000440, 0.000273, 0.000268
1595, 0.000438, 0.000255, 0.000251
1596, 0.000441, 0.000315, 0.000307
1597, 0.000448, 0.000253, 0.000250
1598, 0.000450, 0.000302, 0.000295
1599, 0.000444, 0.000258, 0.000252
1600, 0.000437, 0.000263, 0.000258
1601, 0.000438, 0.000292, 0.000286
1602, 0.000439, 0.000253, 0.000249
1603, 0.000443, 0.000300, 0.000294
1604, 0.000442, 0.000256, 0.000252
1605, 0.000437, 0.000264, 0.000259
1606, 0.000436, 0.000288, 0.000282
1607, 0.000438, 0.000250, 0.000245
1608, 0.000440, 0.000297, 0.000290
1609, 0.000442, 0.000262, 0.000258
1610, 0.000439, 0.000262, 0.000256
1611, 0.000434, 0.000283, 0.000276
1612, 0.000437, 0.000262, 0.000257
1613, 0.000437, 0.000269, 0.000263
1614, 0.000436, 0.000277, 0.000271
1615, 0.000434, 0.000260, 0.000256
1616, 0.000440, 0.000288, 0.000281
1617, 0.000437, 0.000255, 0.000249
1618, 0.000438, 0.000280, 0.000274
1619, 0.000436, 0.000267, 0.000262
1620, 0.000434, 0.000253, 0.000248
1621, 0.000438, 0.000313, 0.000306
1622, 0.000444, 0.000248, 0.000244
1623, 0.000444, 0.000290, 0.000282
1624, 0.000438, 0.000265, 0.000260
1625, 0.000435, 0.000255, 0.000250
1626, 0.000434, 0.000306, 0.000297
1627, 0.000442, 0.000253, 0.000249
1628, 0.000444, 0.000294, 0.000287
1629, 0.000438, 0.000256, 0.000249
1630, 0.000433, 0.000259, 0.000255
1631, 0.000435, 0.000289, 0.000282
1632, 0.000438, 0.000249, 0.000244
1633, 0.000439, 0.000288, 0.000281
1634, 0.000435, 0.000259, 0.000253
1635, 0.000431, 0.000258, 0.000252
1636, 0.000433, 0.000274, 0.000267
1637, 0.000432, 0.000259, 0.000254
1638, 0.000432, 0.000273, 0.000266
1639, 0.000432, 0.000263, 0.000257
1640, 0.000429, 0.000261, 0.000256
1641, 0.000433, 0.000271, 0.000264
1642, 0.000432, 0.000257, 0.000252
1643, 0.000429, 0.000263, 0.000257
1644, 0.000430, 0.000271, 0.000264
1645, 0.000430, 0.000258, 0.000252
1646, 0.000431, 0.000270, 0.000265
1647, 0.000429, 0.000256, 0.000250
1648, 0.000431, 0.000266, 0.000261
1649, 0.000428, 0.000267, 0.000261
1650, 0.000431, 0.000259, 0.000252
1651, 0.000435, 0.000268, 0.000262
1652, 0.000427, 0.000268, 0.000261
1653, 0.000429, 0.000257, 0.000251
1654, 0.000431, 0.000274, 0.000268
1655, 0.000428, 0.000259, 0.000254
1656, 0.000424, 0.000259, 0.000252
1657, 0.000431, 0.000274, 0.000268
1658, 0.000429, 0.000255, 0.000249
1659, 0.000429, 0.000271, 0.000263
1660, 0.000429, 0.000262, 0.000257
1661, 0.000429, 0.000262, 0.000256
1662, 0.000428, 0.000274, 0.000267
1663, 0.000429, 0.000258, 0.000254
1664, 0.000430, 0.000270, 0.000264
1665, 0.000425, 0.000257, 0.000250
1666, 0.000428, 0.000269, 0.000264
1667, 0.000428, 0.000260, 0.000254
1668, 0.000425, 0.000258, 0.000251
1669, 0.000426, 0.000266, 0.000259
1670, 0.000426, 0.000254, 0.000248
1671, 0.000430, 0.000278, 0.000269
1672, 0.000430, 0.000248, 0.000242
1673, 0.000427, 0.000290, 0.000283
1674, 0.000431, 0.000248, 0.000242
1675, 0.000430, 0.000279, 0.000272
1676, 0.000425, 0.000265, 0.000259
1677, 0.000423, 0.000249, 0.000242
1678, 0.000427, 0.000288, 0.000279
1679, 0.000428, 0.000248, 0.000243
1680, 0.000430, 0.000283, 0.000276
1681, 0.000428, 0.000255, 0.000248
1682, 0.000424, 0.000256, 0.000250
1683, 0.000423, 0.000286, 0.000278
1684, 0.000428, 0.000242, 0.000236
1685, 0.000432, 0.000296, 0.000288
1686, 0.000430, 0.000250, 0.000243
1687, 0.000424, 0.000256, 0.000249
1688, 0.000423, 0.000282, 0.000274
1689, 0.000424, 0.000246, 0.000240
1690, 0.000425, 0.000285, 0.000277
1691, 0.000427, 0.000253, 0.000247
1692, 0.000422, 0.000254, 0.000248
1693, 0.000421, 0.000286, 0.000277
1694, 0.000425, 0.000245, 0.000239
1695, 0.000426, 0.000283, 0.000274
1696, 0.000423, 0.000248, 0.000241
1697, 0.000423, 0.000260, 0.000253
1698, 0.000420, 0.000265, 0.000257
1699, 0.000422, 0.000246, 0.000240
1700, 0.000424, 0.000281, 0.000274
1701, 0.000423, 0.000249, 0.000242
1702, 0.000421, 0.000264, 0.000256
1703, 0.000422, 0.000264, 0.000257
1704, 0.000421, 0.000247, 0.000240
1705, 0.000420, 0.000274, 0.000266
1706, 0.000420, 0.000250, 0.000244
1707, 0.000420, 0.000266, 0.000258
1708, 0.000419, 0.000258, 0.000250
1709, 0.000418, 0.000253, 0.000246
1710, 0.000418, 0.000268, 0.000259
1711, 0.000418, 0.000250, 0.000243
1712, 0.000418, 0.000259, 0.000253
1713, 0.000420, 0.000264, 0.000257
1714, 0.000418, 0.000251, 0.000244
1715, 0.000418, 0.000269, 0.000263
1716, 0.000419, 0.000256, 0.000249
1717, 0.000417, 0.000244, 0.000238
1718, 0.000420, 0.000290, 0.000282
1719, 0.000424, 0.000238, 0.000232
1720, 0.000428, 0.000294, 0.000285
1721, 0.000426, 0.000242, 0.000236
1722, 0.000419, 0.000256, 0.000249
1723, 0.000417, 0.000273, 0.000265
1724, 0.000419, 0.000242, 0.000236
1725, 0.000424, 0.000287, 0.000279
1726, 0.000421, 0.000243, 0.000236
1727, 0.000418, 0.000261, 0.000255
1728, 0.000417, 0.000259, 0.000252
1729, 0.000415, 0.000249, 0.000242
1730, 0.000413, 0.000272, 0.000265
1731, 0.000417, 0.000246, 0.000239
1732, 0.000418, 0.000274, 0.000265
1733, 0.000420, 0.000247, 0.000241
1734, 0.000417, 0.000266, 0.000258
1735, 0.000413, 0.000252, 0.000243
1736, 0.000414, 0.000252, 0.000245
1737, 0.000416, 0.000269, 0.000261
1738, 0.000415, 0.000243, 0.000235
1739, 0.000417, 0.000270, 0.000262
1740, 0.000415, 0.000251, 0.000244
1741, 0.000415, 0.000256, 0.000246
1742, 0.000415, 0.000253, 0.000246
1743, 0.000414, 0.000262, 0.000255
1744, 0.000413, 0.000255, 0.000246
1745, 0.000416, 0.000261, 0.000253
1746, 0.000413, 0.000257, 0.000250
1747, 0.000411, 0.000249, 0.000240
1748, 0.000417, 0.000271, 0.000263
1749, 0.000415, 0.000245, 0.000238
1750, 0.000413, 0.000271, 0.000260
1751, 0.000415, 0.000248, 0.000241
1752, 0.000411, 0.000261, 0.000253
1753, 0.000411, 0.000252, 0.000243
1754, 0.000411, 0.000248, 0.000240
1755, 0.000411, 0.000265, 0.000257
1756, 0.000410, 0.000242, 0.000235
1757, 0.000413, 0.000267, 0.000259
1758, 0.000413, 0.000245, 0.000238
1759, 0.000410, 0.000255, 0.000247
1760, 0.000410, 0.000259, 0.000251
1761, 0.000412, 0.000242, 0.000234
1762, 0.000410, 0.000269, 0.000261
1763, 0.000411, 0.000244, 0.000236
1764, 0.000411, 0.000264, 0.000255
1765, 0.000409, 0.000249, 0.000241
1766, 0.000410, 0.000254, 0.000245
1767, 0.000408, 0.000267, 0.000258
1768, 0.000412, 0.000236, 0.000229
1769, 0.000414, 0.000281, 0.000271
1770, 0.000413, 0.000237, 0.000229
1771, 0.000410, 0.000258, 0.000249
1772, 0.000408, 0.000259, 0.000251
1773, 0.000407, 0.000239, 0.000230
1774, 0.000410, 0.000275, 0.000265
1775, 0.000411, 0.000235, 0.000228
1776, 0.000411, 0.000278, 0.000267
1777, 0.000411, 0.000239, 0.000231
1778, 0.000408, 0.000258, 0.000249
1779, 0.000407, 0.000258, 0.000249
1780, 0.000406, 0.000243, 0.000236
1781, 0.000406, 0.000264, 0.000257
1782, 0.000409, 0.000238, 0.000231
1783, 0.000409, 0.000268, 0.000259
1784, 0.000408, 0.000239, 0.000232
1785, 0.000408, 0.000256, 0.000247
1786, 0.000409, 0.000250, 0.000241
1787, 0.000406, 0.000243, 0.000235
1788, 0.000407, 0.000264, 0.000254
1789, 0.000406, 0.000232, 0.000224
1790, 0.000408, 0.000271, 0.000262
1791, 0.000406, 0.000242, 0.000235
1792, 0.000405, 0.000242, 0.000233
1793, 0.000405, 0.000276, 0.000267
1794, 0.000406, 0.000231, 0.000223
1795, 0.000411, 0.000279, 0.000267
1796, 0.000410, 0.000233, 0.000225
1797, 0.000405, 0.000256, 0.000246
1798, 0.000402, 0.000257, 0.000247
1799, 0.000403, 0.000236, 0.000228
1800, 0.000406, 0.000281, 0.000271
1801, 0.000408, 0.000231, 0.000223
1802, 0.000405, 0.000261, 0.000251
1803, 0.000403, 0.000250, 0.000241
1804, 0.000404, 0.000240, 0.000231
1805, 0.000403, 0.000260, 0.000250
1806, 0.000403, 0.000241, 0.000232
1807, 0.000402, 0.000249, 0.000240
1808, 0.000402, 0.000253, 0.000243
1809, 0.000401, 0.000235, 0.000227
1810, 0.000402, 0.000263, 0.000254
1811, 0.000402, 0.000242, 0.000233
1812, 0.000400, 0.000242, 0.000233
1813, 0.000402, 0.000251, 0.000243
1814, 0.000401, 0.000244, 0.000235
1815, 0.000400, 0.000246, 0.000236
1816, 0.000401, 0.000255, 0.000246
1817, 0.000401, 0.000241, 0.000232
1818, 0.000401, 0.000254, 0.000243
1819, 0.000400, 0.000246, 0.000237
1820, 0.000398, 0.000242, 0.000233
1821, 0.000399, 0.000246, 0.000236
1822, 0.000398, 0.000244, 0.000235
1823, 0.000398, 0.000252, 0.000243
1824, 0.000398, 0.000243, 0.000233
1825, 0.000397, 0.000248, 0.000239
1826, 0.000397, 0.000250, 0.000240
1827, 0.000395, 0.000244, 0.000233
1828, 0.000396, 0.000254, 0.000243
1829, 0.000397, 0.000247, 0.000237
1830, 0.000400, 0.000243, 0.000233
1831, 0.000398, 0.000261, 0.000251
1832, 0.000400, 0.000229, 0.000221
1833, 0.000399, 0.000270, 0.000260
1834, 0.000400, 0.000232, 0.000223
1835, 0.000397, 0.000245, 0.000236
1836, 0.000395, 0.000263, 0.000253
1837, 0.000397, 0.000221, 0.000212
1838, 0.000408, 0.000306, 0.000294
1839, 0.000410, 0.000222, 0.000214
1840, 0.000406, 0.000274, 0.000262
1841, 0.000399, 0.000240, 0.000229
1842, 0.000396, 0.000232, 0.000223
1843, 0.000397, 0.000295, 0.000282
1844, 0.000404, 0.000222, 0.000214
1845, 0.000412, 0.000302, 0.000291
1846, 0.000411, 0.000219, 0.000211
1847, 0.000406, 0.000269, 0.000260
1848, 0.000399, 0.000240, 0.000231
1849, 0.000393, 0.000230, 0.000221
1850, 0.000399, 0.000283, 0.000272
1851, 0.000403, 0.000221, 0.000213
1852, 0.000406, 0.000290, 0.000279
1853, 0.000410, 0.000224, 0.000216
1854, 0.000399, 0.000245, 0.000236
1855, 0.000396, 0.000256, 0.000246
1856, 0.000396, 0.000223, 0.000216
1857, 0.000400, 0.000275, 0.000263
1858, 0.000399, 0.000229, 0.000219
1859, 0.000394, 0.000239, 0.000229
1860, 0.000394, 0.000262, 0.000250
1861, 0.000396, 0.000221, 0.000212
1862, 0.000399, 0.000276, 0.000266
1863, 0.000399, 0.000223, 0.000214
1864, 0.000395, 0.000241, 0.000231
1865, 0.000392, 0.000251, 0.000242
1866, 0.000394, 0.000222, 0.000213
1867, 0.000396, 0.000261, 0.000249
1868, 0.000395, 0.000230, 0.000221
1869, 0.000390, 0.000232, 0.000222
1870, 0.000391, 0.000253, 0.000241
1871, 0.000394, 0.000227, 0.000219
1872, 0.000394, 0.000245, 0.000235
1873, 0.000389, 0.000235, 0.000225
1874, 0.000389, 0.000236, 0.000227
1875, 0.000390, 0.000246, 0.000235
1876, 0.000390, 0.000226, 0.000216
1877, 0.000389, 0.000251, 0.000239
1878, 0.000391, 0.000224, 0.000214
1879, 0.000391, 0.000257, 0.000244
1880, 0.000392, 0.000225, 0.000215
1881, 0.000389, 0.000249, 0.000238
1882, 0.000387, 0.000231, 0.000221
1883, 0.000386, 0.000234, 0.000224
1884, 0.000387, 0.000240, 0.000229
1885, 0.000386, 0.000227, 0.000217
1886, 0.000388, 0.000243, 0.000233
1887, 0.000388, 0.000237, 0.000227
1888, 0.000386, 0.000224, 0.000214
1889, 0.000389, 0.000264, 0.000253
1890, 0.000390, 0.000221, 0.000211
1891, 0.000389, 0.000244, 0.000232
1892, 0.000386, 0.000238, 0.000227
1893, 0.000387, 0.000233, 0.000222
1894, 0.000386, 0.000236, 0.000225
1895, 0.000385, 0.000241, 0.000231
1896, 0.000388, 0.000225, 0.000215
1897, 0.000384, 0.000246, 0.000235
1898, 0.000387, 0.000228, 0.000218
1899, 0.000384, 0.000238, 0.000228
1900, 0.000384, 0.000237, 0.000226
1901, 0.000383, 0.000223, 0.000213
1902, 0.000385, 0.000257, 0.000245
1903, 0.000388, 0.000222, 0.000212
1904, 0.000386, 0.000245, 0.000234
1905, 0.000385, 0.000227, 0.000217
1906, 0.000382, 0.000238, 0.000226
1907, 0.000383, 0.000237, 0.000226
1908, 0.000381, 0.000225, 0.000215
1909, 0.000384, 0.000255, 0.000242
1910, 0.000385, 0.000220, 0.000210
1911, 0.000385, 0.000251, 0.000239
1912, 0.000383, 0.000228, 0.000217
1913, 0.000384, 0.000232, 0.000221
1914, 0.000382, 0.000248, 0.000236
1915, 0.000382, 0.000218, 0.000207
1916, 0.000384, 0.000253, 0.000240
1917, 0.000385, 0.000218, 0.000207
1918, 0.000382, 0.000241, 0.000228
1919, 0.000381, 0.000244, 0.000231
1920, 0.000382, 0.000216, 0.000206
1921, 0.000384, 0.000264, 0.000252
1922, 0.000385, 0.000215, 0.000205
1923, 0.000385, 0.000257, 0.000244
1924, 0.000383, 0.000221, 0.000211
1925, 0.000383, 0.000243, 0.000232
1926, 0.000381, 0.000232, 0.000221
1927, 0.000381, 0.000236, 0.000224
1928, 0.000377, 0.000225, 0.000214
1929, 0.000378, 0.000242, 0.000229
1930, 0.000379, 0.000223, 0.000211
1931, 0.000381, 0.000234, 0.000223
1932, 0.000379, 0.000240, 0.000228
1933, 0.000380, 0.000224, 0.000213
1934, 0.000381, 0.000239, 0.000228
1935, 0.000380, 0.000229, 0.000218
1936, 0.000378, 0.000228, 0.000217
1937, 0.000376, 0.000234, 0.000223
1938, 0.000377, 0.000228, 0.000217
1939, 0.000378, 0.000229, 0.000218
1940, 0.000378, 0.000233, 0.000221
1941, 0.000377, 0.000229, 0.000217
1942, 0.000376, 0.000237, 0.000225
1943, 0.000377, 0.000232, 0.000221
1944, 0.000375, 0.000221, 0.000210
1945, 0.000377, 0.000250, 0.000237
1946, 0.000381, 0.000215, 0.000204
1947, 0.000377, 0.000250, 0.000239
1948, 0.000376, 0.000223, 0.000213
1949, 0.000377, 0.000224, 0.000213
1950, 0.000377, 0.000254, 0.000243
1951, 0.000378, 0.000209, 0.000199
1952, 0.000383, 0.000278, 0.000265
1953, 0.000386, 0.000205, 0.000195
1954, 0.000387, 0.000271, 0.000259
1955, 0.000382, 0.000219, 0.000208
1956, 0.000374, 0.000221, 0.000209
1957, 0.000376, 0.000264, 0.000251
1958, 0.000380, 0.000205, 0.000195
1959, 0.000382, 0.000272, 0.000258
1960, 0.000382, 0.000210, 0.000200
1961, 0.000379, 0.000244, 0.000231
1962, 0.000373, 0.000227, 0.000215
1963, 0.000372, 0.000214, 0.000202
1964, 0.000376, 0.000265, 0.000250
1965, 0.000380, 0.000207, 0.000195
1966, 0.000380, 0.000249, 0.000236
1967, 0.000374, 0.000224, 0.000213
1968, 0.000372, 0.000212, 0.000201
1969, 0.000378, 0.000270, 0.000257
1970, 0.000381, 0.000204, 0.000194
1971, 0.000381, 0.000254, 0.000241
1972, 0.000375, 0.000229, 0.000216
1973, 0.000370, 0.000208, 0.000197
1974, 0.000376, 0.000272, 0.000257
1975, 0.000382, 0.000203, 0.000191
1976, 0.000382, 0.000263, 0.000249
1977, 0.000378, 0.000209, 0.000198
1978, 0.000372, 0.000227, 0.000216
1979, 0.000371, 0.000239, 0.000227
1980, 0.000371, 0.000206, 0.000195
1981, 0.000375, 0.000253, 0.000240
1982, 0.000376, 0.000212, 0.000201
1983, 0.000370, 0.000219, 0.000208
1984, 0.000370, 0.000241, 0.000228
1985, 0.000372, 0.000207, 0.000196
1986, 0.000374, 0.000244, 0.000232
1987, 0.000370, 0.000216, 0.000205
1988, 0.000370, 0.000222, 0.000211
1989, 0.000369, 0.000233, 0.000221
1990, 0.000371, 0.000213, 0.000202
1991, 0.000371, 0.000236, 0.000224
1992, 0.000368, 0.000219, 0.000206
1993, 0.000369, 0.000221, 0.000208
1994, 0.000369, 0.000241, 0.000227
1995, 0.000371, 0.000210, 0.000198
1996, 0.000372, 0.000239, 0.000225
1997, 0.000370, 0.000214, 0.000203
1998, 0.000368, 0.000227, 0.000214
1999, 0.000369, 0.000222, 0.000210
2000, 0.000366, 0.000215, 0.000202
2001, 0.000367, 0.000241, 0.000228
2002, 0.000368, 0.000208, 0.000197
2003, 0.000371, 0.000236, 0.000222
2004, 0.000367, 0.000219, 0.000207
2005, 0.000366, 0.000212, 0.000200
2006, 0.000366, 0.000240, 0.000226
2007, 0.000367, 0.000209, 0.000197
2008, 0.000367, 0.000236, 0.000223
2009, 0.000366, 0.000216, 0.000203
2010, 0.000367, 0.000220, 0.000208
2011, 0.000367, 0.000235, 0.000221
2012, 0.000367, 0.000207, 0.000195
2013, 0.000369, 0.000247, 0.000233
2014, 0.000369, 0.000208, 0.000195
2015, 0.000367, 0.000235, 0.000221
2016, 0.000364, 0.000223, 0.000211
2017, 0.000365, 0.000213, 0.000201
2018, 0.000365, 0.000244, 0.000230
2019, 0.000367, 0.000204, 0.000191
2020, 0.000366, 0.000245, 0.000231
2021, 0.000369, 0.000203, 0.000190
2022, 0.000368, 0.000239, 0.000225
2023, 0.000366, 0.000216, 0.000204
2024, 0.000365, 0.000212, 0.000199
2025, 0.000363, 0.000247, 0.000234
2026, 0.000366, 0.000203, 0.000191
2027, 0.000368, 0.000241, 0.000227
2028, 0.000366, 0.000203, 0.000192
2029, 0.000370, 0.000242, 0.000228
2030, 0.000365, 0.000210, 0.000198
2031, 0.000364, 0.000230, 0.000217
2032, 0.000363, 0.000219, 0.000206
2033, 0.000360, 0.000215, 0.000202
2034, 0.000360, 0.000224, 0.000211
2035, 0.000362, 0.000213, 0.000201
2036, 0.000360, 0.000224, 0.000211
2037, 0.000360, 0.000214, 0.000202
2038, 0.000361, 0.000234, 0.000221
2039, 0.000362, 0.000203, 0.000191
2040, 0.000364, 0.000242, 0.000227
2041, 0.000364, 0.000202, 0.000190
2042, 0.000363, 0.000232, 0.000217
2043, 0.000359, 0.000216, 0.000202
2044, 0.000361, 0.000212, 0.000199
2045, 0.000360, 0.000230, 0.000217
2046, 0.000359, 0.000207, 0.000195
2047, 0.000361, 0.000226, 0.000213
2048, 0.000360, 0.000221, 0.000209
2049, 0.000360, 0.000203, 0.000191
2050, 0.000358, 0.000246, 0.000231
2051, 0.000361, 0.000198, 0.000186
2052, 0.000362, 0.000242, 0.000227
2053, 0.000360, 0.000206, 0.000193
2054, 0.000361, 0.000228, 0.000214
2055, 0.000358, 0.000209, 0.000196
2056, 0.000358, 0.000223, 0.000209
2057, 0.000360, 0.000211, 0.000198
2058, 0.000358, 0.000228, 0.000214
2059, 0.000360, 0.000210, 0.000196
2060, 0.000359, 0.000228, 0.000214
2061, 0.000357, 0.000212, 0.000198
2062, 0.000357, 0.000219, 0.000205
2063, 0.000356, 0.000216, 0.000202
2064, 0.000355, 0.000214, 0.000200
2065, 0.000353, 0.000219, 0.000206
2066, 0.000354, 0.000215, 0.000201
2067, 0.000359, 0.000221, 0.000208
2068, 0.000358, 0.000217, 0.000203
2069, 0.000356, 0.000219, 0.000204
2070, 0.000354, 0.000210, 0.000197
2071, 0.000356, 0.000231, 0.000217
2072, 0.000358, 0.000206, 0.000192
2073, 0.000357, 0.000231, 0.000217
2074, 0.000356, 0.000213, 0.000201
2075, 0.000356, 0.000218, 0.000204
2076, 0.000356, 0.000228, 0.000214
2077, 0.000357, 0.000207, 0.000194
2078, 0.000358, 0.000228, 0.000213
2079, 0.000355, 0.000210, 0.000195
2080, 0.000354, 0.000216, 0.000203
2081, 0.000353, 0.000230, 0.000215
2082, 0.000353, 0.000200, 0.000186
2083, 0.000357, 0.000249, 0.000234
2084, 0.000360, 0.000198, 0.000185
2085, 0.000357, 0.000233, 0.000219
2086, 0.000355, 0.000215, 0.000203
2087, 0.000360, 0.000222, 0.000209
2088, 0.000356, 0.000212, 0.000200
2089, 0.000353, 0.000227, 0.000215
2090, 0.000353, 0.000217, 0.000203
2091, 0.000354, 0.000207, 0.000193
2092, 0.000352, 0.000231, 0.000216
2093, 0.000353, 0.000200, 0.000185
2094, 0.000354, 0.000231, 0.000216
2095, 0.000352, 0.000206, 0.000192
2096, 0.000351, 0.000221, 0.000206
2097, 0.000352, 0.000214, 0.000200
2098, 0.000350, 0.000212, 0.000198
2099, 0.000353, 0.000218, 0.000204
2100, 0.000352, 0.000214, 0.000200
2101, 0.000350, 0.000216, 0.000201
2102, 0.000350, 0.000226, 0.000212
2103, 0.000350, 0.000197, 0.000184
2104, 0.000353, 0.000249, 0.000233
2105, 0.000357, 0.000193, 0.000180
2106, 0.000356, 0.000248, 0.000233
2107, 0.000354, 0.000198, 0.000185
2108, 0.000352, 0.000222, 0.000207
2109, 0.000349, 0.000216, 0.000203
2110, 0.000351, 0.000208, 0.000193
2111, 0.000349, 0.000219, 0.000204
2112, 0.000349, 0.000209, 0.000194
2113, 0.000350, 0.000222, 0.000207
2114, 0.000349, 0.000208, 0.000193
2115, 0.000350, 0.000225, 0.000209
2116, 0.000349, 0.000210, 0.000195
2117, 0.000346, 0.000218, 0.000203
2118, 0.000349, 0.000213, 0.000199
2119, 0.000348, 0.000218, 0.000203
2120, 0.000348, 0.000209, 0.000194
2121, 0.000347, 0.000222, 0.000207
2122, 0.000344, 0.000208, 0.000194
2123, 0.000349, 0.000208, 0.000193
2124, 0.000347, 0.000216, 0.000202
2125, 0.000346, 0.000199, 0.000185
2126, 0.000348, 0.000229, 0.000213
2127, 0.000349, 0.000198, 0.000184
2128, 0.000347, 0.000233, 0.000218
2129, 0.000350, 0.000205, 0.000190
2130, 0.000347, 0.000225, 0.000209
2131, 0.000347, 0.000211, 0.000197
2132, 0.000348, 0.000214, 0.000198
2133, 0.000348, 0.000218, 0.000202
2134, 0.000345, 0.000207, 0.000194
2135, 0.000346, 0.000222, 0.000207
2136, 0.000344, 0.000201, 0.000187
2137, 0.000347, 0.000225, 0.000211
2138, 0.000346, 0.000200, 0.000185
2139, 0.000345, 0.000215, 0.000199
2140, 0.000344, 0.000233, 0.000218
2141, 0.000350, 0.000189, 0.000175
2142, 0.000352, 0.000275, 0.000257
2143, 0.000357, 0.000186, 0.000174
2144, 0.000361, 0.000278, 0.000262
2145, 0.000360, 0.000189, 0.000176
2146, 0.000355, 0.000242, 0.000228
2147, 0.000346, 0.000207, 0.000193
2148, 0.000344, 0.000200, 0.000186
2149, 0.000343, 0.000230, 0.000215
2150, 0.000345, 0.000194, 0.000180
2151, 0.000348, 0.000225, 0.000209
2152, 0.000343, 0.000205, 0.000190
2153, 0.000344, 0.000209, 0.000193
2154, 0.000343, 0.000214, 0.000199
2155, 0.000342, 0.000206, 0.000191
2156, 0.000341, 0.000211, 0.000196
2157, 0.000342, 0.000209, 0.000195
2158, 0.000342, 0.000202, 0.000188
2159, 0.000342, 0.000221, 0.000206
2160, 0.000341, 0.000197, 0.000183
2161, 0.000343, 0.000227, 0.000211
2162, 0.000346, 0.000193, 0.000179
2163, 0.000342, 0.000228, 0.000212
2164, 0.000344, 0.000202, 0.000187
2165, 0.000343, 0.000213, 0.000198
2166, 0.000339, 0.000207, 0.000192
2167, 0.000340, 0.000220, 0.000204
2168, 0.000344, 0.000198, 0.000184
2169, 0.000341, 0.000227, 0.000211
2170, 0.000342, 0.000197, 0.000182
2171, 0.000343, 0.000225, 0.000209
2172, 0.000341, 0.000197, 0.000182
2173, 0.000341, 0.000227, 0.000212
2174, 0.000341, 0.000196, 0.000180
2175, 0.000342, 0.000224, 0.000209
2176, 0.000341, 0.000198, 0.000184
2177, 0.000342, 0.000219, 0.000203
2178, 0.000337, 0.000201, 0.000186
2179, 0.000337, 0.000213, 0.000198
2180, 0.000340, 0.000205, 0.000190
2181, 0.000339, 0.000214, 0.000198
2182, 0.000339, 0.000203, 0.000187
2183, 0.000338, 0.000214, 0.000197
2184, 0.000339, 0.000197, 0.000181
2185, 0.000339, 0.000224, 0.000208
2186, 0.000338, 0.000197, 0.000182
2187, 0.000338, 0.000222, 0.000207
2188, 0.000337, 0.000204, 0.000189
2189, 0.000337, 0.000199, 0.000184
2190, 0.000337, 0.000226, 0.000211
2191, 0.000338, 0.000192, 0.000177
2192, 0.000339, 0.000231, 0.000215
2193, 0.000340, 0.000193, 0.000178
2194, 0.000341, 0.000218, 0.000202
2195, 0.000338, 0.000202, 0.000187
2196, 0.000337, 0.000211, 0.000195
2197, 0.000335, 0.000222, 0.000206
2198, 0.000338, 0.000188, 0.000173
2199, 0.000341, 0.000243, 0.000226
2200, 0.000342, 0.000184, 0.000170
2201, 0.000341, 0.000240, 0.000224
2202, 0.000343, 0.000189, 0.000174
2203, 0.000338, 0.000228, 0.000212
2204, 0.000336, 0.000199, 0.000185
2205, 0.000337, 0.000205, 0.000189
2206, 0.000335, 0.000228, 0.000211
2207, 0.000336, 0.000185, 0.000172
2208, 0.000348, 0.000288, 0.000267
2209, 0.000354, 0.000177, 0.000161
2210, 0.000353, 0.000275, 0.000258
2211, 0.000349, 0.000186, 0.000170
2212, 0.000341, 0.000208, 0.000192
2213, 0.000338, 0.000232, 0.000217
2214, 0.000339, 0.000180, 0.000166
2215, 0.000343, 0.000261, 0.000244
2216, 0.000347, 0.000179, 0.000166
2217, 0.000346, 0.000237, 0.000220
2218, 0.000339, 0.000202, 0.000186
2219, 0.000334, 0.000190, 0.000175
2220, 0.000337, 0.000249, 0.000231
2221, 0.000342, 0.000180, 0.000164
2222, 0.000342, 0.000239, 0.000223
2223, 0.000340, 0.000191, 0.000177
2224, 0.000337, 0.000207, 0.000191
2225, 0.000334, 0.000220, 0.000204
2226, 0.000334, 0.000185, 0.000170
2227, 0.000335, 0.000227, 0.000209
2228, 0.000335, 0.000188, 0.000173
2229, 0.000336, 0.000211, 0.000194
2230, 0.000332, 0.000198, 0.000181
2231, 0.000332, 0.000202, 0.000186
2232, 0.000331, 0.000205, 0.000189
2233, 0.000332, 0.000197, 0.000182
2234, 0.000331, 0.000205, 0.000189
2235, 0.000332, 0.000196, 0.000181
2236, 0.000333, 0.000212, 0.000196
2237, 0.000331, 0.000192, 0.000177
2238, 0.000331, 0.000216, 0.000200
2239, 0.000332, 0.000191, 0.000176
2240, 0.000333, 0.000205, 0.000189
2241, 0.000330, 0.000207, 0.000191
2242, 0.000329, 0.000189, 0.000174
2243, 0.000330, 0.000215, 0.000199
2244, 0.000330, 0.000196, 0.000181
2245, 0.000330, 0.000196, 0.000179
2246, 0.000330, 0.000225, 0.000208
2247, 0.000333, 0.000178, 0.000162
2248, 0.000335, 0.000246, 0.000228
2249, 0.000337, 0.000181, 0.000167
2250, 0.000335, 0.000216, 0.000199
2251, 0.000328, 0.000198, 0.000182
2252, 0.000331, 0.000204, 0.000190
2253, 0.000329, 0.000206, 0.000190
2254, 0.000328, 0.000196, 0.000180
2255, 0.000329, 0.000211, 0.000196
2256, 0.000328, 0.000194, 0.000179
2257, 0.000327, 0.000203, 0.000186
2258, 0.000327, 0.000208, 0.000193
2259, 0.000328, 0.000197, 0.000182
2260, 0.000327, 0.000202, 0.000186
2261, 0.000328, 0.000211, 0.000195
2262, 0.000326, 0.000191, 0.000175
2263, 0.000330, 0.000213, 0.000196
2264, 0.000327, 0.000184, 0.000169
2265, 0.000330, 0.000230, 0.000213
2266, 0.000329, 0.000189, 0.000173
2267, 0.000325, 0.000196, 0.000180
2268, 0.000325, 0.000215, 0.000199
2269, 0.000325, 0.000182, 0.000166
2270, 0.000329, 0.000227, 0.000211
2271, 0.000329, 0.000192, 0.000176
2272, 0.000324, 0.000205, 0.000188
2273, 0.000325, 0.000206, 0.000190
2274, 0.000326, 0.000189, 0.000173
2275, 0.000324, 0.000208, 0.000191
2276, 0.000326, 0.000197, 0.000181
2277, 0.000325, 0.000205, 0.000188
2278, 0.000324, 0.000207, 0.000190
2279, 0.000326, 0.000190, 0.000174
2280, 0.000324, 0.000212, 0.000196
2281, 0.000326, 0.000197, 0.000181
2282, 0.000323, 0.000193, 0.000178
2283, 0.000323, 0.000224, 0.000209
2284, 0.000325, 0.000184, 0.000169
2285, 0.000327, 0.000229, 0.000212
2286, 0.000328, 0.000184, 0.000169
2287, 0.000327, 0.000213, 0.000196
2288, 0.000323, 0.000203, 0.000185
2289, 0.000326, 0.000200, 0.000183
2290, 0.000324, 0.000213, 0.000195
2291, 0.000323, 0.000191, 0.000174
2292, 0.000324, 0.000210, 0.000193
2293, 0.000323, 0.000190, 0.000174
2294, 0.000323, 0.000212, 0.000195
2295, 0.000323, 0.000201, 0.000186
2296, 0.000325, 0.000200, 0.000183
2297, 0.000321, 0.000212, 0.000194
2298, 0.000326, 0.000193, 0.000178
2299, 0.000325, 0.000214, 0.000197
2300, 0.000322, 0.000192, 0.000175
2301, 0.000322, 0.000206, 0.000190
2302, 0.000323, 0.000206, 0.000189
2303, 0.000321, 0.000201, 0.000183
2304, 0.000323, 0.000198, 0.000182
2305, 0.000322, 0.000210, 0.000192
2306, 0.000321, 0.000210, 0.000192
2307, 0.000323, 0.000184, 0.000169
2308, 0.000324, 0.000254, 0.000237
2309, 0.000329, 0.000170, 0.000155
2310, 0.000331, 0.000261, 0.000244
2311, 0.000333, 0.000169, 0.000154
2312, 0.000330, 0.000243, 0.000225
2313, 0.000329, 0.000181, 0.000166
2314, 0.000323, 0.000209, 0.000193
2315, 0.000321, 0.000213, 0.000195
2316, 0.000323, 0.000179, 0.000164
2317, 0.000324, 0.000243, 0.000225
2318, 0.000327, 0.000172, 0.000156
2319, 0.000331, 0.000259, 0.000241
2320, 0.000332, 0.000173, 0.000159
2321, 0.000327, 0.000222, 0.000205
2322, 0.000321, 0.000195, 0.000179
2323, 0.000319, 0.000187, 0.000170
2324, 0.000321, 0.000220, 0.000201
2325, 0.000319, 0.000186, 0.000169
2326, 0.000320, 0.000210, 0.000191
2327, 0.000317, 0.000188, 0.000171
2328, 0.000318, 0.000209, 0.000192
2329, 0.000317, 0.000188, 0.000172
2330, 0.000318, 0.000203, 0.000187
2331, 0.000317, 0.000195, 0.000179
2332, 0.000318, 0.000188, 0.000172
2333, 0.000317, 0.000217, 0.000199
2334, 0.000320, 0.000182, 0.000166
2335, 0.000317, 0.000226, 0.000208
2336, 0.000321, 0.000180, 0.000163
2337, 0.000322, 0.000223, 0.000204
2338, 0.000321, 0.000185, 0.000169
2339, 0.000315, 0.000205, 0.000188
2340, 0.000316, 0.000201, 0.000185
2341, 0.000313, 0.000186, 0.000170
2342, 0.000317, 0.000227, 0.000210
2343, 0.000320, 0.000172, 0.000156
2344, 0.000322, 0.000247, 0.000228
2345, 0.000324, 0.000171, 0.000155
2346, 0.000320, 0.000219, 0.000200
2347, 0.000316, 0.000198, 0.000181
2348, 0.000315, 0.000183, 0.000166
2349, 0.000315, 0.000226, 0.000208
2350, 0.000318, 0.000174, 0.000158
2351, 0.000319, 0.000232, 0.000214
2352, 0.000321, 0.000173, 0.000158
2353, 0.000322, 0.000230, 0.000213
2354, 0.000319, 0.000175, 0.000159
2355, 0.000317, 0.000228, 0.000210
2356, 0.000319, 0.000179, 0.000162
2357, 0.000315, 0.000203, 0.000185
2358, 0.000312, 0.000198, 0.000180
2359, 0.000312, 0.000196, 0.000179
2360, 0.000314, 0.000194, 0.000177
2361, 0.000312, 0.000212, 0.000194
2362, 0.000314, 0.000176, 0.000160
2363, 0.000316, 0.000231, 0.000213
2364, 0.000317, 0.000175, 0.000159
2365, 0.000314, 0.000213, 0.000195
2366, 0.000314, 0.000187, 0.000170
2367, 0.000312, 0.000196, 0.000178
2368, 0.000311, 0.000201, 0.000183
2369, 0.000311, 0.000191, 0.000174
2370, 0.000313, 0.000201, 0.000183
2371, 0.000311, 0.000189, 0.000172
2372, 0.000312, 0.000202, 0.000185
2373, 0.000311, 0.000186, 0.000169
2374, 0.000312, 0.000211, 0.000193
2375, 0.000312, 0.000194, 0.000177
2376, 0.000311, 0.000192, 0.000175
2377, 0.000310, 0.000217, 0.000199
2378, 0.000311, 0.000179, 0.000163
2379, 0.000312, 0.000215, 0.000197
2380, 0.000312, 0.000183, 0.000166
2381, 0.000312, 0.000213, 0.000196
2382, 0.000308, 0.000194, 0.000177
2383, 0.000309, 0.000187, 0.000170
2384, 0.000311, 0.000219, 0.000201
2385, 0.000312, 0.000180, 0.000163
2386, 0.000311, 0.000223, 0.000204
2387, 0.000312, 0.000174, 0.000158
2388, 0.000315, 0.000219, 0.000200
2389, 0.000310, 0.000191, 0.000174
2390, 0.000311, 0.000193, 0.000177
2391, 0.000310, 0.000218, 0.000200
2392, 0.000310, 0.000176, 0.000161
2393, 0.000312, 0.000237, 0.000219
2394, 0.000316, 0.000177, 0.000160
2395, 0.000313, 0.000227, 0.000209
2396, 0.000312, 0.000178, 0.000163
2397, 0.000310, 0.000220, 0.000201
2398, 0.000311, 0.000180, 0.000164
2399, 0.000312, 0.000203, 0.000186
2400, 0.000307, 0.000212, 0.000194
2401, 0.000307, 0.000175, 0.000160
2402, 0.000310, 0.000223, 0.000204
2403, 0.000309, 0.000186, 0.000169
2404, 0.000312, 0.000206, 0.000189
2405, 0.000308, 0.000190, 0.000174
2406, 0.000305, 0.000210, 0.000192
2407, 0.000308, 0.000185, 0.000169
2408, 0.000306, 0.000212, 0.000195
2409, 0.000308, 0.000183, 0.000166
2410, 0.000305, 0.000202, 0.000186
2411, 0.000311, 0.000216, 0.000197
2412, 0.000310, 0.000176, 0.000160
2413, 0.000311, 0.000234, 0.000218
2414, 0.000316, 0.000180, 0.000163
2415, 0.000309, 0.000204, 0.000187
2416, 0.000307, 0.000209, 0.000193
2417, 0.000307, 0.000178, 0.000163
2418, 0.000308, 0.000235, 0.000217
2419, 0.000309, 0.000174, 0.000159
2420, 0.000310, 0.000223, 0.000205
2421, 0.000306, 0.000194, 0.000176
2422, 0.000306, 0.000184, 0.000168
2423, 0.000311, 0.000234, 0.000215
2424, 0.000310, 0.000173, 0.000156
2425, 0.000309, 0.000231, 0.000213
2426, 0.000311, 0.000173, 0.000157
2427, 0.000308, 0.000223, 0.000204
2428, 0.000309, 0.000183, 0.000168
2429, 0.000306, 0.000199, 0.000182
2430, 0.000301, 0.000207, 0.000189
2431, 0.000303, 0.000180, 0.000165
2432, 0.000305, 0.000221, 0.000204
2433, 0.000304, 0.000180, 0.000164
2434, 0.000305, 0.000206, 0.000189
2435, 0.000303, 0.000208, 0.000191
2436, 0.000302, 0.000175, 0.000159
2437, 0.000303, 0.000224, 0.000206
2438, 0.000305, 0.000176, 0.000160
2439, 0.000304, 0.000211, 0.000194
2440, 0.000304, 0.000180, 0.000165
2441, 0.000303, 0.000207, 0.000190
2442, 0.000303, 0.000197, 0.000179
2443, 0.000303, 0.000187, 0.000170
2444, 0.000303, 0.000210, 0.000192
2445, 0.000303, 0.000187, 0.000169
2446, 0.000302, 0.000206, 0.000188
2447, 0.000303, 0.000188, 0.000171
2448, 0.000299, 0.000201, 0.000183
2449, 0.000304, 0.000192, 0.000175
2450, 0.000300, 0.000200, 0.000183
2451, 0.000300, 0.000198, 0.000180
2452, 0.000303, 0.000196, 0.000179
2453, 0.000301, 0.000199, 0.000182
2454, 0.000300, 0.000191, 0.000174
2455, 0.000302, 0.000211, 0.000194
2456, 0.000300, 0.000177, 0.000161
2457, 0.000300, 0.000237, 0.000218
2458, 0.000305, 0.000164, 0.000148
2459, 0.000307, 0.000243, 0.000224
2460, 0.000306, 0.000169, 0.000152
2461, 0.000306, 0.000229, 0.000210
2462, 0.000301, 0.000184, 0.000167
2463, 0.000299, 0.000185, 0.000167
2464, 0.000299, 0.000232, 0.000213
2465, 0.000303, 0.000165, 0.000149
2466, 0.000310, 0.000275, 0.000254
2467, 0.000314, 0.000158, 0.000142
2468, 0.000318, 0.000276, 0.000257
2469, 0.000318, 0.000160, 0.000144
2470, 0.000308, 0.000225, 0.000206
2471, 0.000301, 0.000197, 0.000180
2472, 0.000298, 0.000166, 0.000150
2473, 0.000302, 0.000259, 0.000240
2474, 0.000310, 0.000158, 0.000143
2475, 0.000311, 0.000250, 0.000231
2476, 0.000307, 0.000175, 0.000158
2477, 0.000301, 0.000184, 0.000167
2478, 0.000296, 0.000222, 0.000204
2479, 0.000299, 0.000165, 0.000148
2480, 0.000305, 0.000241, 0.000221
2481, 0.000305, 0.000168, 0.000153
2482, 0.000301, 0.000195, 0.000177
2483, 0.000297, 0.000212, 0.000194
2484, 0.000296, 0.000165, 0.000149
2485, 0.000302, 0.000228, 0.000209
2486, 0.000300, 0.000176, 0.000159
2487, 0.000295, 0.000192, 0.000175
2488, 0.000294, 0.000201, 0.000184
2489, 0.000295, 0.000174, 0.000158
2490, 0.000295, 0.000199, 0.000183
2491, 0.000294, 0.000192, 0.000176
2492, 0.000293, 0.000183, 0.000167
2493, 0.000295, 0.000211, 0.000194
2494, 0.000294, 0.000173, 0.000157
2495, 0.000294, 0.000208, 0.000189
2496, 0.000297, 0.000174, 0.000157
2497, 0.000295, 0.000205, 0.000187
2498, 0.000293, 0.000179, 0.000162
2499, 0.000294, 0.000191, 0.000174
2500, 0.000291, 0.000195, 0.000177
2501, 0.000295, 0.000180, 0.000163
2502, 0.000293, 0.000196, 0.000179
2503, 0.000292, 0.000193, 0.000176
2504, 0.000293, 0.000181, 0.000165
2505, 0.000294, 0.000213, 0.000194
2506, 0.000295, 0.000168, 0.000152
2507, 0.000298, 0.000222, 0.000203
2508, 0.000295, 0.000170, 0.000153
2509, 0.000296, 0.000210, 0.000193
2510, 0.000293, 0.000184, 0.000167
2511, 0.000292, 0.000195, 0.000177
2512, 0.000290, 0.000191, 0.000174
2513, 0.000293, 0.000185, 0.000168
2514, 0.000293, 0.000202, 0.000183
2515, 0.000292, 0.000190, 0.000173
2516, 0.000290, 0.000186, 0.000170
2517, 0.000291, 0.000202, 0.000184
2518, 0.000290, 0.000175, 0.000159
2519, 0.000291, 0.000206, 0.000189
2520, 0.000290, 0.000175, 0.000159
2521, 0.000291, 0.000217, 0.000199
2522, 0.000292, 0.000177, 0.000161
2523, 0.000290, 0.000193, 0.000176
2524, 0.000290, 0.000216, 0.000198
2525, 0.000291, 0.000160, 0.000144
2526, 0.000295, 0.000243, 0.000224
2527, 0.000297, 0.000166, 0.000150
2528, 0.000293, 0.000202, 0.000185
2529, 0.000288, 0.000194, 0.000177
2530, 0.000288, 0.000176, 0.000159
2531, 0.000290, 0.000216, 0.000198
2532, 0.000289, 0.000172, 0.000156
2533, 0.000290, 0.000214, 0.000195
2534, 0.000289, 0.000170, 0.000154
2535, 0.000291, 0.000218, 0.000200
2536, 0.000291, 0.000171, 0.000154
2537, 0.000292, 0.000221, 0.000203
2538, 0.000289, 0.000177, 0.000160
2539, 0.000287, 0.000195, 0.000177
2540, 0.000288, 0.000202, 0.000184
2541, 0.000287, 0.000174, 0.000157
2542, 0.000288, 0.000232, 0.000213
2543, 0.000291, 0.000163, 0.000147
2544, 0.000291, 0.000223, 0.000204
2545, 0.000289, 0.000176, 0.000159
2546, 0.000285, 0.000183, 0.000166
2547, 0.000285, 0.000207, 0.000189
2548, 0.000284, 0.000174, 0.000158
2549, 0.000284, 0.000192, 0.000175
2550, 0.000285, 0.000206, 0.000189
2551, 0.000285, 0.000166, 0.000150
2552, 0.000290, 0.000247, 0.000228
2553, 0.000295, 0.000154, 0.000138
2554, 0.000298, 0.000256, 0.000236
2555, 0.000295, 0.000160, 0.000144
2556, 0.000290, 0.000206, 0.000188
2557, 0.000285, 0.000198, 0.000180
2558, 0.000282, 0.000165, 0.000149
2559, 0.000287, 0.000233, 0.000214
2560, 0.000289, 0.000163, 0.000147
2561, 0.000285, 0.000205, 0.000187
2562, 0.000283, 0.000192, 0.000175
2563, 0.000281, 0.000168, 0.000152
2564, 0.000286, 0.000235, 0.000216
2565, 0.000287, 0.000161, 0.000145
2566, 0.000287, 0.000221, 0.000203
2567, 0.000286, 0.000179, 0.000163
2568, 0.000282, 0.000177, 0.000161
2569, 0.000282, 0.000217, 0.000200
2570, 0.000286, 0.000161, 0.000145
2571, 0.000289, 0.000228, 0.000208
2572, 0.000285, 0.000175, 0.000158
2573, 0.000282, 0.000186, 0.000167
2574, 0.000280, 0.000220, 0.000201
2575, 0.000283, 0.000156, 0.000140
2576, 0.000288, 0.000242, 0.000223
2577, 0.000289, 0.000159, 0.000144
2578, 0.000285, 0.000209, 0.000192
2579, 0.000283, 0.000193, 0.000175
2580, 0.000279, 0.000174, 0.000157
2581, 0.000279, 0.000207, 0.000189
2582, 0.000281, 0.000174, 0.000156
2583, 0.000279, 0.000194, 0.000176
2584, 0.000277, 0.000190, 0.000173
2585, 0.000278, 0.000177, 0.000160
2586, 0.000276, 0.000193, 0.000176
2587, 0.000279, 0.000190, 0.000174
2588, 0.000280, 0.000177, 0.000160
2589, 0.000279, 0.000216, 0.000197
2590, 0.000282, 0.000160, 0.000145
2591, 0.000282, 0.000232, 0.000212
2592, 0.000284, 0.000166, 0.000149
2593, 0.000281, 0.000204, 0.000187
2594, 0.000280, 0.000192, 0.000174
2595, 0.000278, 0.000171, 0.000154
2596, 0.000281, 0.000223, 0.000206
2597, 0.000283, 0.000162, 0.000146
2598, 0.000279, 0.000205, 0.000188
2599, 0.000280, 0.000185, 0.000169
2600, 0.000275, 0.000178, 0.000162
2601, 0.000278, 0.000207, 0.000189
2602, 0.000277, 0.000171, 0.000154
2603, 0.000276, 0.000197, 0.000179
2604, 0.000275, 0.000187, 0.000169
2605, 0.000279, 0.000190, 0.000173
2606, 0.000273, 0.000192, 0.000175
2607, 0.000274, 0.000170, 0.000153
2608, 0.000276, 0.000210, 0.000193
2609, 0.000274, 0.000165, 0.000149
2610, 0.000276, 0.000203, 0.000186
2611, 0.000277, 0.000184, 0.000168
2612, 0.000275, 0.000172, 0.000156
2613, 0.000275, 0.000215, 0.000197
2614, 0.000276, 0.000168, 0.000152
2615, 0.000276, 0.000203, 0.000185
2616, 0.000274, 0.000189, 0.000171
2617, 0.000274, 0.000179, 0.000162
2618, 0.000274, 0.000198, 0.000180
2619, 0.000273, 0.000173, 0.000155
2620, 0.000275, 0.000201, 0.000183
2621, 0.000273, 0.000172, 0.000155
2622, 0.000272, 0.000203, 0.000183
2623, 0.000273, 0.000176, 0.000160
2624, 0.000272, 0.000196, 0.000179
2625, 0.000273, 0.000180, 0.000163
2626, 0.000273, 0.000194, 0.000178
2627, 0.000272, 0.000180, 0.000164
2628, 0.000272, 0.000203, 0.000185
2629, 0.000274, 0.000177, 0.000162
2630, 0.000271, 0.000184, 0.000168
2631, 0.000271, 0.000186, 0.000169
2632, 0.000271, 0.000180, 0.000164
2633, 0.000270, 0.000188, 0.000172
2634, 0.000271, 0.000186, 0.000169
2635, 0.000269, 0.000181, 0.000164
2636, 0.000269, 0.000197, 0.000181
2637, 0.000268, 0.000181, 0.000164
2638, 0.000270, 0.000188, 0.000171
2639, 0.000269, 0.000190, 0.000173
2640, 0.000268, 0.000185, 0.000168
2641, 0.000267, 0.000189, 0.000172
2642, 0.000266, 0.000176, 0.000160
2643, 0.000268, 0.000203, 0.000186
2644, 0.000268, 0.000167, 0.000152
2645, 0.000271, 0.000211, 0.000195
2646, 0.000270, 0.000164, 0.000149
2647, 0.000271, 0.000217, 0.000200
2648, 0.000269, 0.000171, 0.000155
2649, 0.000268, 0.000189, 0.000172
2650, 0.000268, 0.000216, 0.000197
2651, 0.000270, 0.000146, 0.000131
2652, 0.000279, 0.000301, 0.000280
2653, 0.000291, 0.000137, 0.000122
2654, 0.000300, 0.000318, 0.000295
2655, 0.000299, 0.000140, 0.000125
2656, 0.000290, 0.000235, 0.000216
2657, 0.000275, 0.000170, 0.000154
2658, 0.000265, 0.000166, 0.000150
2659, 0.000266, 0.000247, 0.000227
2660, 0.000275, 0.000140, 0.000126
2661, 0.000283, 0.000261, 0.000242
2662, 0.000280, 0.000153, 0.000139
2663, 0.000268, 0.000179, 0.000163
2664, 0.000265, 0.000225, 0.000208
2665, 0.000271, 0.000140, 0.000126
2666, 0.000278, 0.000248, 0.000229
2667, 0.000274, 0.000156, 0.000140
2668, 0.000267, 0.000186, 0.000169
2669, 0.000263, 0.000189, 0.000173
2670, 0.000262, 0.000156, 0.000141
2671, 0.000264, 0.000207, 0.000189
2672, 0.000264, 0.000160, 0.000145
2673, 0.000264, 0.000186, 0.000170
2674, 0.000263, 0.000187, 0.000170
2675, 0.000263, 0.000166, 0.000151
2676, 0.000263, 0.000200, 0.000184
2677, 0.000262, 0.000157, 0.000142
2678, 0.000265, 0.000196, 0.000180
2679, 0.000262, 0.000177, 0.000160
2680, 0.000260, 0.000158, 0.000142
2681, 0.000261, 0.000205, 0.000187
2682, 0.000265, 0.000156, 0.000140
2683, 0.000264, 0.000191, 0.000173
2684, 0.000260, 0.000182, 0.000166
2685, 0.000258, 0.000164, 0.000149
2686, 0.000260, 0.000199, 0.000183
2687, 0.000262, 0.000156, 0.000141
2688, 0.000262, 0.000195, 0.000179
2689, 0.000258, 0.000174, 0.000158
2690, 0.000259, 0.000162, 0.000147
2691, 0.000259, 0.000212, 0.000195
2692, 0.000261, 0.000150, 0.000135
2693, 0.000264, 0.000195, 0.000177
2694, 0.000260, 0.000173, 0.000157
2695, 0.000257, 0.000166, 0.000150
2696, 0.000257, 0.000208, 0.000190
2697, 0.000259, 0.000151, 0.000136
2698, 0.000263, 0.000226, 0.000208
2699, 0.000262, 0.000151, 0.000136
2700, 0.000262, 0.000191, 0.000175
2701, 0.000256, 0.000179, 0.000163
2702, 0.000255, 0.000163, 0.000148
2703, 0.000256, 0.000197, 0.000180
2704, 0.000256, 0.000164, 0.000148
2705, 0.000256, 0.000178, 0.000163
2706, 0.000255, 0.000185, 0.000169
2707, 0.000255, 0.000166, 0.000150
2708, 0.000256, 0.000185, 0.000169
2709, 0.000255, 0.000175, 0.000159
2710, 0.000256, 0.000168, 0.000152
2711, 0.000256, 0.000197, 0.000179
2712, 0.000256, 0.000154, 0.000139
2713, 0.000258, 0.000216, 0.000198
2714, 0.000260, 0.000151, 0.000137
2715, 0.000258, 0.000202, 0.000186
2716, 0.000252, 0.000178, 0.000163
2717, 0.000252, 0.000160, 0.000146
2718, 0.000256, 0.000211, 0.000195
2719, 0.000258, 0.000140, 0.000126
2720, 0.000264, 0.000250, 0.000232
2721, 0.000267, 0.000142, 0.000127
2722, 0.000259, 0.000210, 0.000191
2723, 0.000255, 0.000182, 0.000166
2724, 0.000253, 0.000152, 0.000136
2725, 0.000256, 0.000244, 0.000225
2726, 0.000265, 0.000139, 0.000126
2727, 0.000271, 0.000244, 0.000226
2728, 0.000265, 0.000150, 0.000135
2729, 0.000260, 0.000188, 0.000173
2730, 0.000255, 0.000198, 0.000182
2731, 0.000251, 0.000142, 0.000128
2732, 0.000264, 0.000257, 0.000240
2733, 0.000272, 0.000139, 0.000126
2734, 0.000257, 0.000196, 0.000180
2735, 0.000253, 0.000198, 0.000183
2736, 0.000255, 0.000139, 0.000125
2737, 0.000257, 0.000232, 0.000213
2738, 0.000258, 0.000148, 0.000134
2739, 0.000253, 0.000174, 0.000158
2740, 0.000249, 0.000202, 0.000184
2741, 0.000255, 0.000142, 0.000128
2742, 0.000256, 0.000218, 0.000200
2743, 0.000253, 0.000164, 0.000147
2744, 0.000254, 0.000167, 0.000152
2745, 0.000252, 0.000203, 0.000186
2746, 0.000250, 0.000147, 0.000132
2747, 0.000258, 0.000221, 0.000205
2748, 0.000257, 0.000145, 0.000131
2749, 0.000250, 0.000185, 0.000168
2750, 0.000248, 0.000178, 0.000164
2751, 0.000248, 0.000145, 0.000131
2752, 0.000250, 0.000226, 0.000208
2753, 0.000256, 0.000135, 0.000122
2754, 0.000252, 0.000196, 0.000180
2755, 0.000247, 0.000173, 0.000157
2756, 0.000245, 0.000148, 0.000134
2757, 0.000248, 0.000213, 0.000195
2758, 0.000251, 0.000141, 0.000127
2759, 0.000253, 0.000203, 0.000187
2760, 0.000247, 0.000162, 0.000147
2761, 0.000245, 0.000169, 0.000153
2762, 0.000245, 0.000180, 0.000166
2763, 0.000243, 0.000156, 0.000142
2764, 0.000243, 0.000175, 0.000159
2765, 0.000247, 0.000180, 0.000166
2766, 0.000247, 0.000148, 0.000134
2767, 0.000244, 0.000200, 0.000184
2768, 0.000247, 0.000146, 0.000134
2769, 0.000247, 0.000178, 0.000163
2770, 0.000241, 0.000177, 0.000161
2771, 0.000244, 0.000151, 0.000138
2772, 0.000244, 0.000192, 0.000176
2773, 0.000242, 0.000151, 0.000136
2774, 0.000245, 0.000190, 0.000174
2775, 0.000243, 0.000167, 0.000152
2776, 0.000239, 0.000149, 0.000134
2777, 0.000244, 0.000209, 0.000193
2778, 0.000244, 0.000143, 0.000130
2779, 0.000245, 0.000180, 0.000166
2780, 0.000240, 0.000178, 0.000163
2781, 0.000241, 0.000141, 0.000128
2782, 0.000242, 0.000219, 0.000202
2783, 0.000248, 0.000129, 0.000116
2784, 0.000249, 0.000210, 0.000194
2785, 0.000246, 0.000164, 0.000149
2786, 0.000238, 0.000142, 0.000128
2787, 0.000241, 0.000222, 0.000205
2788, 0.000247, 0.000130, 0.000117
2789, 0.000248, 0.000211, 0.000194
2790, 0.000243, 0.000147, 0.000133
2791, 0.000239, 0.000165, 0.000150
2792, 0.000237, 0.000190, 0.000174
2793, 0.000239, 0.000141, 0.000128
2794, 0.000239, 0.000193, 0.000178
2795, 0.000238, 0.000138, 0.000126
2796, 0.000238, 0.000190, 0.000176
2797, 0.000238, 0.000148, 0.000135
2798, 0.000236, 0.000166, 0.000152
2799, 0.000234, 0.000172, 0.000158
2800, 0.000235, 0.000144, 0.000131
2801, 0.000236, 0.000194, 0.000179
2802, 0.000237, 0.000143, 0.000130
2803, 0.000235, 0.000180, 0.000165
2804, 0.000234, 0.000157, 0.000143
2805, 0.000234, 0.000163, 0.000150
2806, 0.000234, 0.000174, 0.000161
2807, 0.000233, 0.000144, 0.000132
2808, 0.000234, 0.000203, 0.000188
2809, 0.000237, 0.000142, 0.000129
2810, 0.000233, 0.000168, 0.000154
2811, 0.000233, 0.000185, 0.000170
2812, 0.000232, 0.000128, 0.000115
2813, 0.000240, 0.000230, 0.000214
2814, 0.000242, 0.000132, 0.000120
2815, 0.000238, 0.000173, 0.000159
2816, 0.000233, 0.000184, 0.000170
2817, 0.000234, 0.000128, 0.000116
2818, 0.000239, 0.000228, 0.000212
2819, 0.000243, 0.000132, 0.000120
2820, 0.000237, 0.000172, 0.000158
2821, 0.000229, 0.000190, 0.000176
2822, 0.000231, 0.000129, 0.000118
2823, 0.000237, 0.000224, 0.000210
2824, 0.000239, 0.000133, 0.000121
2825, 0.000233, 0.000177, 0.000164
2826, 0.000228, 0.000185, 0.000171
2827, 0.000231, 0.000126, 0.000113
2828, 0.000235, 0.000222, 0.000207
2829, 0.000238, 0.000131, 0.000119
2830, 0.000235, 0.000175, 0.000160
2831, 0.000228, 0.000170, 0.000154
2832, 0.000229, 0.000137, 0.000124
2833, 0.000233, 0.000220, 0.000202
2834, 0.000237, 0.000129, 0.000116
2835, 0.000236, 0.000193, 0.000178
2836, 0.000230, 0.000157, 0.000144
2837, 0.000226, 0.000136, 0.000124
2838, 0.000229, 0.000206, 0.000193
2839, 0.000232, 0.000132, 0.000121
2840, 0.000228, 0.000162, 0.000149
2841, 0.000226, 0.000174, 0.000161
2842, 0.000227, 0.000133, 0.000121
2843, 0.000227, 0.000194, 0.000179
2844, 0.000230, 0.000146, 0.000133
2845, 0.000227, 0.000161, 0.000148
2846, 0.000223, 0.000169, 0.000155
2847, 0.000226, 0.000143, 0.000131
2848, 0.000225, 0.000187, 0.000172
2849, 0.000226, 0.000142, 0.000128
2850, 0.000228, 0.000168, 0.000154
2851, 0.000225, 0.000158, 0.000144
2852, 0.000221, 0.000150, 0.000136
2853, 0.000226, 0.000188, 0.000175
2854, 0.000229, 0.000130, 0.000118
2855, 0.000225, 0.000199, 0.000184
2856, 0.000231, 0.000146, 0.000135
2857, 0.000231, 0.000160, 0.000147
2858, 0.000221, 0.000183, 0.000168
2859, 0.000224, 0.000131, 0.000120
2860, 0.000232, 0.000202, 0.000188
2861, 0.000225, 0.000148, 0.000135
2862, 0.000229, 0.000157, 0.000147
2863, 0.000229, 0.000192, 0.000178
2864, 0.000223, 0.000138, 0.000126
2865, 0.000235, 0.000194, 0.000182
2866, 0.000234, 0.000143, 0.000131
2867, 0.000219, 0.000166, 0.000152
2868, 0.000228, 0.000175, 0.000163
2869, 0.000231, 0.000144, 0.000131
2870, 0.000218, 0.000179, 0.000163
2871, 0.000228, 0.000172, 0.000160
2872, 0.000231, 0.000138, 0.000125
2873, 0.000219, 0.000212, 0.000196
2874, 0.000237, 0.000146, 0.000138
2875, 0.000250, 0.000209, 0.000195
2876, 0.000225, 0.000157, 0.000143
2877, 0.000240, 0.000190, 0.000179
2878, 0.000240, 0.000163, 0.000151
2879, 0.000217, 0.000167, 0.000154
2880, 0.000247, 0.000205, 0.000194
2881, 0.000252, 0.000157, 0.000145
2882, 0.000217, 0.000185, 0.000171
2883, 0.000259, 0.000210, 0.000199
2884, 0.000246, 0.000148, 0.000136
2885, 0.000222, 0.000201, 0.000184
2886, 0.000259, 0.000195, 0.000183
2887, 0.000238, 0.000142, 0.000132
2888, 0.000224, 0.000207, 0.000190
2889, 0.000249, 0.000157, 0.000147
2890, 0.000233, 0.000176, 0.000164
2891, 0.000227, 0.000176, 0.000161
2892, 0.000240, 0.000163, 0.000150
2893, 0.000215, 0.000167, 0.000157
2894, 0.000234, 0.000147, 0.000136
2895, 0.000215, 0.000174, 0.000162
2896, 0.000223, 0.000164, 0.000155
2897, 0.000229, 0.000130, 0.000120
2898, 0.000216, 0.000204, 0.000191
2899, 0.000233, 0.000136, 0.000126
2900, 0.000218, 0.000161, 0.000151
2901, 0.000222, 0.000181, 0.000167
2902, 0.000224, 0.000134, 0.000123
2903, 0.000215, 0.000176, 0.000165
2904, 0.000223, 0.000146, 0.000134
2905, 0.000211, 0.000151, 0.000138
2906, 0.000219, 0.000166, 0.000154
2907, 0.000213, 0.000127, 0.000117
2908, 0.000214, 0.000168, 0.000155
2909, 0.000212, 0.000157, 0.000145
2910, 0.000210, 0.000132, 0.000123
2911, 0.000212, 0.000166, 0.000155
2912, 0.000208, 0.000144, 0.000132
2913, 0.000211, 0.000138, 0.000128
2914, 0.000211, 0.000171, 0.000159
2915, 0.000211, 0.000126, 0.000115
2916, 0.000211, 0.000166, 0.000154
2917, 0.000209, 0.000138, 0.000128
2918, 0.000210, 0.000139, 0.000128
2919, 0.000206, 0.000158, 0.000146
2920, 0.000209, 0.000130, 0.000119
2921, 0.000208, 0.000167, 0.000154
2922, 0.000206, 0.000135, 0.000122
2923, 0.000209, 0.000151, 0.000138
2924, 0.000206, 0.000158, 0.000145
2925, 0.000207, 0.000129, 0.000117
2926, 0.000205, 0.000174, 0.000161
2927, 0.000207, 0.000123, 0.000113
2928, 0.000207, 0.000170, 0.000159
2929, 0.000208, 0.000128, 0.000117
2930, 0.000206, 0.000161, 0.000150
2931, 0.000205, 0.000131, 0.000121
2932, 0.000206, 0.000156, 0.000144
2933, 0.000205, 0.000135, 0.000123
2934, 0.000205, 0.000164, 0.000152
2935, 0.000204, 0.000131, 0.000121
2936, 0.000206, 0.000155, 0.000144
2937, 0.000203, 0.000145, 0.000134
2938, 0.000203, 0.000138, 0.000128
2939, 0.000203, 0.000150, 0.000139
2940, 0.000203, 0.000147, 0.000136
2941, 0.000201, 0.000136, 0.000125
2942, 0.000202, 0.000160, 0.000149
2943, 0.000202, 0.000136, 0.000125
2944, 0.000202, 0.000142, 0.000131
2945, 0.000200, 0.000162, 0.000150
2946, 0.000202, 0.000121, 0.000110
2947, 0.000205, 0.000185, 0.000172
2948, 0.000207, 0.000111, 0.000101
2949, 0.000207, 0.000199, 0.000186
2950, 0.000210, 0.000112, 0.000102
2951, 0.000207, 0.000185, 0.000172
2952, 0.000204, 0.000124, 0.000114
2953, 0.000200, 0.000157, 0.000146
2954, 0.000199, 0.000154, 0.000142
2955, 0.000198, 0.000128, 0.000117
2956, 0.000200, 0.000160, 0.000148
2957, 0.000199, 0.000133, 0.000122
2958, 0.000198, 0.000147, 0.000136
2959, 0.000198, 0.000145, 0.000134
2960, 0.000197, 0.000141, 0.000131
2961, 0.000197, 0.000136, 0.000125
2962, 0.000197, 0.000166, 0.000156
2963, 0.000198, 0.000116, 0.000107
2964, 0.000200, 0.000184, 0.000172
2965, 0.000201, 0.000127, 0.000118
2966, 0.000196, 0.000131, 0.000121
2967, 0.000196, 0.000191, 0.000178
2968, 0.000202, 0.000100, 0.000090
2969, 0.000211, 0.000236, 0.000221
2970, 0.000215, 0.000102, 0.000092
2971, 0.000208, 0.000188, 0.000175
2972, 0.000200, 0.000129, 0.000119
2973, 0.000196, 0.000130, 0.000119
2974, 0.000196, 0.000185, 0.000173
2975, 0.000200, 0.000100, 0.000092
2976, 0.000205, 0.000209, 0.000198
2977, 0.000203, 0.000117, 0.000108
2978, 0.000194, 0.000131, 0.000122
2979, 0.000193, 0.000200, 0.000188
2980, 0.000201, 0.000096, 0.000087
2981, 0.000209, 0.000207, 0.000194
2982, 0.000202, 0.000125, 0.000115
2983, 0.000193, 0.000120, 0.000109
2984, 0.000194, 0.000197, 0.000184
2985, 0.000200, 0.000099, 0.000090
2986, 0.000205, 0.000194, 0.000181
2987, 0.000200, 0.000118, 0.000108
2988, 0.000194, 0.000141, 0.000130
2989, 0.000190, 0.000160, 0.000148
2990, 0.000193, 0.000106, 0.000097
2991, 0.000196, 0.000198, 0.000186
2992, 0.000200, 0.000102, 0.000093
2993, 0.000199, 0.000172, 0.000161
2994, 0.000193, 0.000136, 0.000126
2995, 0.000191, 0.000118, 0.000108
2996, 0.000192, 0.000176, 0.000165
2997, 0.000195, 0.000108, 0.000099
2998, 0.000195, 0.000166, 0.000155
2999, 0.000190, 0.000126, 0.000116
3000, 0.000189, 0.000133, 0.000123
3001, 0.000189, 0.000148, 0.000137
3002, 0.000190, 0.000121, 0.000111
3003, 0.000189, 0.000168, 0.000157
3004, 0.000190, 0.000111, 0.000103
3005, 0.000191, 0.000173, 0.000162
3006, 0.000193, 0.000114, 0.000105
3007, 0.000191, 0.000144, 0.000134
3008, 0.000189, 0.000141, 0.000130
3009, 0.000188, 0.000125, 0.000116
3010, 0.000187, 0.000142, 0.000131
3011, 0.000187, 0.000134, 0.000124
3012, 0.000184, 0.000122, 0.000113
3013, 0.000186, 0.000153, 0.000142
3014, 0.000187, 0.000123, 0.000113
3015, 0.000186, 0.000138, 0.000127
3016, 0.000185, 0.000150, 0.000139
3017, 0.000186, 0.000123, 0.000113
3018, 0.000185, 0.000142, 0.000131
3019, 0.000185, 0.000132, 0.000123
3020, 0.000185, 0.000137, 0.000127
3021, 0.000184, 0.000132, 0.000122
3022, 0.000183, 0.000144, 0.000135
3023, 0.000184, 0.000120, 0.000111
3024, 0.000184, 0.000143, 0.000133
3025, 0.000184, 0.000121, 0.000113
3026, 0.000185, 0.000158, 0.000148
3027, 0.000185, 0.000109, 0.000101
3028, 0.000186, 0.000164, 0.000154
3029, 0.000185, 0.000122, 0.000113
3030, 0.000184, 0.000140, 0.000130
3031, 0.000183, 0.000139, 0.000130
3032, 0.000181, 0.000120, 0.000110
3033, 0.000182, 0.000155, 0.000144
3034, 0.000184, 0.000114, 0.000106
3035, 0.000183, 0.000163, 0.000152
3036, 0.000184, 0.000111, 0.000102
3037, 0.000186, 0.000150, 0.000140
3038, 0.000183, 0.000127, 0.000118
3039, 0.000179, 0.000124, 0.000115
3040, 0.000181, 0.000157, 0.000147
3041, 0.000181, 0.000102, 0.000095
3042, 0.000186, 0.000185, 0.000176
3043, 0.000187, 0.000100, 0.000093
3044, 0.000184, 0.000154, 0.000145
3045, 0.000181, 0.000136, 0.000127
3046, 0.000178, 0.000106, 0.000097
3047, 0.000184, 0.000197, 0.000185
3048, 0.000188, 0.000092, 0.000084
3049, 0.000190, 0.000200, 0.000188
3050, 0.000188, 0.000102, 0.000094
3051, 0.000185, 0.000150, 0.000141
3052, 0.000179, 0.000142, 0.000133
3053, 0.000180, 0.000097, 0.000089
3054, 0.000184, 0.000222, 0.000211
3055, 0.000195, 0.000085, 0.000078
3056, 0.000199, 0.000209, 0.000198
3057, 0.000191, 0.000107, 0.000100
3058, 0.000177, 0.000115, 0.000107
3059, 0.000179, 0.000194, 0.000183
3060, 0.000188, 0.000083, 0.000076
3061, 0.000194, 0.000218, 0.000207
3062, 0.000195, 0.000094, 0.000086
3063, 0.000184, 0.000145, 0.000135
3064, 0.000175, 0.000147, 0.000137
3065, 0.000180, 0.000089, 0.000082
3066, 0.000188, 0.000213, 0.000201
3067, 0.000191, 0.000089, 0.000082
3068, 0.000187, 0.000142, 0.000133
3069, 0.000174, 0.000157, 0.000147
3070, 0.000177, 0.000092, 0.000085
3071, 0.000182, 0.000188, 0.000176
3072, 0.000185, 0.000091, 0.000083
3073, 0.000185, 0.000163, 0.000153
3074, 0.000176, 0.000116, 0.000108
3075, 0.000175, 0.000118, 0.000109
3076, 0.000175, 0.000154, 0.000145
3077, 0.000177, 0.000097, 0.000089
3078, 0.000179, 0.000158, 0.000147
3079, 0.000179, 0.000105, 0.000098
3080, 0.000176, 0.000131, 0.000122
3081, 0.000173, 0.000133, 0.000124
3082, 0.000172, 0.000102, 0.000094
3083, 0.000173, 0.000161, 0.000151
3084, 0.000176, 0.000103, 0.000095
3085, 0.000174, 0.000136, 0.000127
3086, 0.000173, 0.000128, 0.000119
3087, 0.000171, 0.000103, 0.000095
3088, 0.000172, 0.000162, 0.000152
3089, 0.000175, 0.000101, 0.000094
3090, 0.000172, 0.000142, 0.000134
3091, 0.000175, 0.000109, 0.000102
3092, 0.000172, 0.000137, 0.000129
3093, 0.000170, 0.000117, 0.000109
3094, 0.000170, 0.000123, 0.000115
3095, 0.000172, 0.000136, 0.000127
3096, 0.000171, 0.000106, 0.000098
3097, 0.000170, 0.000147, 0.000137
3098, 0.000171, 0.000105, 0.000097
3099, 0.000170, 0.000132, 0.000123
3100, 0.000170, 0.000122, 0.000113
3101, 0.000168, 0.000121, 0.000113
3102, 0.000168, 0.000125, 0.000117
3103, 0.000167, 0.000122, 0.000115
3104, 0.000168, 0.000127, 0.000119
3105, 0.000168, 0.000118, 0.000110
3106, 0.000169, 0.000142, 0.000134
3107, 0.000168, 0.000104, 0.000097
3108, 0.000170, 0.000149, 0.000139
3109, 0.000169, 0.000109, 0.000101
3110, 0.000167, 0.000128, 0.000119
3111, 0.000166, 0.000121, 0.000112
3112, 0.000169, 0.000110, 0.000102
3113, 0.000167, 0.000147, 0.000137
3114, 0.000168, 0.000104, 0.000096
3115, 0.000170, 0.000149, 0.000140
3116, 0.000168, 0.000102, 0.000095
3117, 0.000168, 0.000150, 0.000142
3118, 0.000169, 0.000099, 0.000093
3119, 0.000167, 0.000137, 0.000129
3120, 0.000167, 0.000118, 0.000110
3121, 0.000165, 0.000110, 0.000102
3122, 0.000166, 0.000147, 0.000137
3123, 0.000169, 0.000097, 0.000090
3124, 0.000168, 0.000154, 0.000144
3125, 0.000168, 0.000100, 0.000092
3126, 0.000167, 0.000135, 0.000126
3127, 0.000164, 0.000135, 0.000126
3128, 0.000164, 0.000103, 0.000096
3129, 0.000167, 0.000173, 0.000163
3130, 0.000173, 0.000083, 0.000077
3131, 0.000173, 0.000184, 0.000173
3132, 0.000173, 0.000091, 0.000085
3133, 0.000168, 0.000140, 0.000131
3134, 0.000165, 0.000125, 0.000116
3135, 0.000162, 0.000092, 0.000085
3136, 0.000164, 0.000164, 0.000155
3137, 0.000170, 0.000086, 0.000080
3138, 0.000169, 0.000162, 0.000154
3139, 0.000168, 0.000100, 0.000093
3140, 0.000164, 0.000128, 0.000120
3141, 0.000161, 0.000121, 0.000114
3142, 0.000161, 0.000110, 0.000102
3143, 0.000162, 0.000145, 0.000136
3144, 0.000161, 0.000094, 0.000087
3145, 0.000165, 0.000159, 0.000150
3146, 0.000165, 0.000090, 0.000083
3147, 0.000165, 0.000147, 0.000140
3148, 0.000162, 0.000108, 0.000101
3149, 0.000161, 0.000108, 0.000101
3150, 0.000160, 0.000146, 0.000137
3151, 0.000162, 0.000097, 0.000089
3152, 0.000162, 0.000135, 0.000126
3153, 0.000160, 0.000118, 0.000110
3154, 0.000159, 0.000119, 0.000111
3155, 0.000158, 0.000119, 0.000111
3156, 0.000158, 0.000113, 0.000106
3157, 0.000158, 0.000131, 0.000123
3158, 0.000161, 0.000109, 0.000102
3159, 0.000158, 0.000118, 0.000111
3160, 0.000160, 0.000123, 0.000116
3161, 0.000158, 0.000104, 0.000098
3162, 0.000159, 0.000121, 0.000114
3163, 0.000158, 0.000141, 0.000133
3164, 0.000159, 0.000086, 0.000079
3165, 0.000167, 0.000208, 0.000198
3166, 0.000178, 0.000069, 0.000064
3167, 0.000188, 0.000249, 0.000236
3168, 0.000192, 0.000070, 0.000065
3169, 0.000183, 0.000182, 0.000171
3170, 0.000169, 0.000094, 0.000087
3171, 0.000158, 0.000099, 0.000092
3172, 0.000157, 0.000160, 0.000150
3173, 0.000163, 0.000081, 0.000076
3174, 0.000166, 0.000156, 0.000149
3175, 0.000161, 0.000107, 0.000101
3176, 0.000156, 0.000093, 0.000089
3177, 0.000159, 0.000156, 0.000149
3178, 0.000162, 0.000088, 0.000081
3179, 0.000165, 0.000144, 0.000136
3180, 0.000161, 0.000098, 0.000091
3181, 0.000158, 0.000119, 0.000110
3182, 0.000157, 0.000118, 0.000111
3183, 0.000155, 0.000100, 0.000094
3184, 0.000156, 0.000139, 0.000130
3185, 0.000158, 0.000095, 0.000089
3186, 0.000158, 0.000137, 0.000128
3187, 0.000155, 0.000118, 0.000110
3188, 0.000155, 0.000088, 0.000082
3189, 0.000159, 0.000181, 0.000171
3190, 0.000165, 0.000076, 0.000071
3191, 0.000166, 0.000149, 0.000141
3192, 0.000158, 0.000108, 0.000101
3193, 0.000153, 0.000093, 0.000086
3194, 0.000157, 0.000146, 0.000139
3195, 0.000159, 0.000086, 0.000080
3196, 0.000158, 0.000145, 0.000137
3197, 0.000159, 0.000096, 0.000090
3198, 0.000156, 0.000123, 0.000115
3199, 0.000153, 0.000115, 0.000107
3200, 0.000155, 0.000104, 0.000098
3201, 0.000154, 0.000133, 0.000124
3202, 0.000153, 0.000086, 0.000079
3203, 0.000156, 0.000153, 0.000145
3204, 0.000158, 0.000086, 0.000080
3205, 0.000155, 0.000131, 0.000123
3206, 0.000155, 0.000109, 0.000103
3207, 0.000154, 0.000100, 0.000094
3208, 0.000153, 0.000144, 0.000137
3209, 0.000155, 0.000081, 0.000077
3210, 0.000157, 0.000151, 0.000144
3211, 0.000157, 0.000092, 0.000087
3212, 0.000154, 0.000116, 0.000110
3213, 0.000151, 0.000122, 0.000115
3214, 0.000151, 0.000089, 0.000083
3215, 0.000155, 0.000146, 0.000139
3216, 0.000155, 0.000089, 0.000084
3217, 0.000152, 0.000127, 0.000119
3218, 0.000153, 0.000113, 0.000107
3219, 0.000149, 0.000097, 0.000091
3220, 0.000151, 0.000142, 0.000135
3221, 0.000151, 0.000085, 0.000080
3222, 0.000153, 0.000144, 0.000137
3223, 0.000152, 0.000098, 0.000093
3224, 0.000149, 0.000101, 0.000096
3225, 0.000150, 0.000143, 0.000136
3226, 0.000152, 0.000082, 0.000077
3227, 0.000151, 0.000137, 0.000129
3228, 0.000150, 0.000103, 0.000097
3229, 0.000149, 0.000101, 0.000094
3230, 0.000149, 0.000126, 0.000118
3231, 0.000149, 0.000100, 0.000094
3232, 0.000147, 0.000120, 0.000113
3233, 0.000146, 0.000101, 0.000096
3234, 0.000148, 0.000122, 0.000117
3235, 0.000149, 0.000096, 0.000091
3236, 0.000147, 0.000123, 0.000117
3237, 0.000149, 0.000096, 0.000090
3238, 0.000149, 0.000119, 0.000112
3239, 0.000147, 0.000113, 0.000106
3240, 0.000146, 0.000097, 0.000091
3241, 0.000147, 0.000130, 0.000123
3242, 0.000147, 0.000100, 0.000094
3243, 0.000146, 0.000112, 0.000106
3244, 0.000148, 0.000111, 0.000104
3245, 0.000146, 0.000114, 0.000108
3246, 0.000146, 0.000096, 0.000090
3247, 0.000147, 0.000120, 0.000113
3248, 0.000147, 0.000100, 0.000094
3249, 0.000146, 0.000116, 0.000111
3250, 0.000146, 0.000117, 0.000112
3251, 0.000147, 0.000102, 0.000097
3252, 0.000144, 0.000117, 0.000111
3253, 0.000144, 0.000104, 0.000098
3254, 0.000145, 0.000107, 0.000100
3255, 0.000144, 0.000127, 0.000120
3256, 0.000145, 0.000085, 0.000079
3257, 0.000148, 0.000147, 0.000139
3258, 0.000149, 0.000081, 0.000075
3259, 0.000150, 0.000154, 0.000146
3260, 0.000149, 0.000081, 0.000075
3261, 0.000149, 0.000149, 0.000141
3262, 0.000149, 0.000082, 0.000077
3263, 0.000146, 0.000143, 0.000135
3264, 0.000147, 0.000089, 0.000083
3265, 0.000146, 0.000149, 0.000140
3266, 0.000149, 0.000079, 0.000073
3267, 0.000149, 0.000155, 0.000146
3268, 0.000150, 0.000077, 0.000071
3269, 0.000149, 0.000142, 0.000135
3270, 0.000147, 0.000090, 0.000084
3271, 0.000144, 0.000113, 0.000106
3272, 0.000142, 0.000116, 0.000111
3273, 0.000143, 0.000102, 0.000097
3274, 0.000142, 0.000107, 0.000101
3275, 0.000142, 0.000113, 0.000107
3276, 0.000144, 0.000094, 0.000088
3277, 0.000143, 0.000126, 0.000118
3278, 0.000143, 0.000101, 0.000095
3279, 0.000147, 0.000126, 0.000118
3280, 0.000142, 0.000091, 0.000084
3281, 0.000142, 0.000124, 0.000117
3282, 0.000144, 0.000099, 0.000093
3283, 0.000141, 0.000105, 0.000099
3284, 0.000141, 0.000116, 0.000110
3285, 0.000142, 0.000094, 0.000088
3286, 0.000141, 0.000126, 0.000119
3287, 0.000143, 0.000095, 0.000090
3288, 0.000143, 0.000119, 0.000112
3289, 0.000142, 0.000090, 0.000084
3290, 0.000141, 0.000127, 0.000119
3291, 0.000143, 0.000087, 0.000081
3292, 0.000144, 0.000135, 0.000127
3293, 0.000142, 0.000086, 0.000080
3294, 0.000142, 0.000130, 0.000121
3295, 0.000142, 0.000092, 0.000086
3296, 0.000141, 0.000139, 0.000130
3297, 0.000144, 0.000075, 0.000070
3298, 0.000149, 0.000182, 0.000174
3299, 0.000154, 0.000061, 0.000057
3300, 0.000158, 0.000191, 0.000182
3301, 0.000156, 0.000073, 0.000069
3302, 0.000146, 0.000121, 0.000114
3303, 0.000139, 0.000121, 0.000113
3304, 0.000142, 0.000080, 0.000075
3305, 0.000144, 0.000169, 0.000160
3306, 0.000150, 0.000064, 0.000060
3307, 0.000155, 0.000199, 0.000190
3308, 0.000158, 0.000065, 0.000060
3309, 0.000153, 0.000151, 0.000143
3310, 0.000145, 0.000100, 0.000095
3311, 0.000138, 0.000072, 0.000067
3312, 0.000144, 0.000201, 0.000191
3313, 0.000162, 0.000060, 0.000057
3314, 0.000177, 0.000268, 0.000255
3315, 0.000184, 0.000061, 0.000056
3316, 0.000175, 0.000185, 0.000177
3317, 0.000154, 0.000084, 0.000079
3318, 0.000140, 0.000078, 0.000075
3319, 0.000141, 0.000172, 0.000166
3320, 0.000150, 0.000067, 0.000062
3321, 0.000151, 0.000148, 0.000142
3322, 0.000146, 0.000085, 0.000079
3323, 0.000139, 0.000100, 0.000093
3324, 0.000137, 0.000120, 0.000112
3325, 0.000140, 0.000082, 0.000076
3326, 0.000139, 0.000125, 0.000116
3327, 0.000138, 0.000092, 0.000087
3328, 0.000139, 0.000094, 0.000089
3329, 0.000138, 0.000127, 0.000121
3330, 0.000139, 0.000071, 0.000068
3331, 0.000146, 0.000146, 0.000139
3332, 0.000143, 0.000083, 0.000078
3333, 0.000138, 0.000094, 0.000089
3334, 0.000140, 0.000126, 0.000118
3335, 0.000139, 0.000078, 0.000073
3336, 0.000138, 0.000115, 0.000108
3337, 0.000138, 0.000099, 0.000093
3338, 0.000134, 0.000080, 0.000075
3339, 0.000139, 0.000144, 0.000138
3340, 0.000140, 0.000075, 0.000071
3341, 0.000140, 0.000126, 0.000120
3342, 0.000139, 0.000082, 0.000077
3343, 0.000137, 0.000101, 0.000095
3344, 0.000133, 0.000109, 0.000102
3345, 0.000136, 0.000077, 0.000072
3346, 0.000137, 0.000126, 0.000119
3347, 0.000137, 0.000091, 0.000086
3348, 0.000135, 0.000095, 0.000091
3349, 0.000135, 0.000104, 0.000099
3350, 0.000134, 0.000093, 0.000089
3351, 0.000135, 0.000105, 0.000100
3352, 0.000134, 0.000096, 0.000090
3353, 0.000134, 0.000108, 0.000102
3354, 0.000133, 0.000087, 0.000082
3355, 0.000135, 0.000103, 0.000096
3356, 0.000134, 0.000095, 0.000089
3357, 0.000132, 0.000100, 0.000094
3358, 0.000133, 0.000099, 0.000092
3359, 0.000134, 0.000100, 0.000095
3360, 0.000132, 0.000095, 0.000090
3361, 0.000133, 0.000097, 0.000091
3362, 0.000134, 0.000091, 0.000086
3363, 0.000133, 0.000111, 0.000106
3364, 0.000134, 0.000084, 0.000079
3365, 0.000135, 0.000120, 0.000115
3366, 0.000136, 0.000079, 0.000074
3367, 0.000134, 0.000118, 0.000111
3368, 0.000134, 0.000100, 0.000095
3369, 0.000132, 0.000084, 0.000079
3370, 0.000133, 0.000128, 0.000121
3371, 0.000136, 0.000066, 0.000063
3372, 0.000138, 0.000141, 0.000135
3373, 0.000139, 0.000070, 0.000067
3374, 0.000136, 0.000118, 0.000113
3375, 0.000133, 0.000090, 0.000085
3376, 0.000131, 0.000096, 0.000091
3377, 0.000130, 0.000099, 0.000093
3378, 0.000131, 0.000100, 0.000094
3379, 0.000134, 0.000104, 0.000097
3380, 0.000131, 0.000091, 0.000085
3381, 0.000131, 0.000106, 0.000100
3382, 0.000132, 0.000090, 0.000085
3383, 0.000130, 0.000088, 0.000083
3384, 0.000131, 0.000114, 0.000109
3385, 0.000131, 0.000072, 0.000068
3386, 0.000135, 0.000131, 0.000123
3387, 0.000135, 0.000075, 0.000070
3388, 0.000133, 0.000131, 0.000124
3389, 0.000132, 0.000090, 0.000085
3390, 0.000131, 0.000088, 0.000083
3391, 0.000129, 0.000122, 0.000116
3392, 0.000132, 0.000070, 0.000066
3393, 0.000134, 0.000139, 0.000133
3394, 0.000137, 0.000075, 0.000070
3395, 0.000131, 0.000104, 0.000097
3396, 0.000130, 0.000112, 0.000106
3397, 0.000131, 0.000069, 0.000064
3398, 0.000135, 0.000150, 0.000143
3399, 0.000140, 0.000070, 0.000066
3400, 0.000141, 0.000146, 0.000139
3401, 0.000137, 0.000074, 0.000072
3402, 0.000136, 0.000121, 0.000116
3403, 0.000130, 0.000099, 0.000095
3404, 0.000128, 0.000067, 0.000065
3405, 0.000141, 0.000185, 0.000177
3406, 0.000152, 0.000054, 0.000051
3407, 0.000158, 0.000221, 0.000213
3408, 0.000165, 0.000056, 0.000052
3409, 0.000156, 0.000151, 0.000145
3410, 0.000139, 0.000083, 0.000079
3411, 0.000129, 0.000078, 0.000073
3412, 0.000129, 0.000127, 0.000120
3413, 0.000132, 0.000069, 0.000064
3414, 0.000132, 0.000118, 0.000110
3415, 0.000132, 0.000085, 0.000080
3416, 0.000128, 0.000085, 0.000080
3417, 0.000128, 0.000109, 0.000103
3418, 0.000129, 0.000080, 0.000076
3419, 0.000130, 0.000101, 0.000095
3420, 0.000127, 0.000095, 0.000089
3421, 0.000127, 0.000084, 0.000079
3422, 0.000128, 0.000090, 0.000084
3423, 0.000128, 0.000095, 0.000089
3424, 0.000127, 0.000094, 0.000089
3425, 0.000128, 0.000091, 0.000085
3426, 0.000129, 0.000102, 0.000096
3427, 0.000127, 0.000078, 0.000074
3428, 0.000127, 0.000116, 0.000110
3429, 0.000128, 0.000070, 0.000066
3430, 0.000130, 0.000124, 0.000119
3431, 0.000130, 0.000070, 0.000067
3432, 0.000129, 0.000112, 0.000107
3433, 0.000127, 0.000083, 0.000079
3434, 0.000127, 0.000086, 0.000080
3435, 0.000128, 0.000112, 0.000107
3436, 0.000129, 0.000067, 0.000063
3437, 0.000129, 0.000129, 0.000123
3438, 0.000132, 0.000072, 0.000069
3439, 0.000131, 0.000100, 0.000095
3440, 0.000128, 0.000104, 0.000099
3441, 0.000125, 0.000071, 0.000067
3442, 0.000131, 0.000138, 0.000128
3443, 0.000133, 0.000067, 0.000063
3444, 0.000129, 0.000109, 0.000103
3445, 0.000128, 0.000097, 0.000091
3446, 0.000125, 0.000073, 0.000070
3447, 0.000126, 0.000117, 0.000112
3448, 0.000128, 0.000072, 0.000067
3449, 0.000127, 0.000113, 0.000107
3450, 0.000126, 0.000079, 0.000074
3451, 0.000126, 0.000101, 0.000094
3452, 0.000124, 0.000087, 0.000082
3453, 0.000125, 0.000097, 0.000091
3454, 0.000124, 0.000084, 0.000079
3455, 0.000124, 0.000096, 0.000091
3456, 0.000124, 0.000084, 0.000079
3457, 0.000125, 0.000107, 0.000101
3458, 0.000125, 0.000077, 0.000071
3459, 0.000125, 0.000108, 0.000100
3460, 0.000127, 0.000081, 0.000075
3461, 0.000124, 0.000097, 0.000091
3462, 0.000124, 0.000095, 0.000090
3463, 0.000124, 0.000079, 0.000075
3464, 0.000124, 0.000108, 0.000103
3465, 0.000124, 0.000080, 0.000076
3466, 0.000123, 0.000094, 0.000089
3467, 0.000123, 0.000096, 0.000090
3468, 0.000124, 0.000073, 0.000068
3469, 0.000125, 0.000120, 0.000112
3470, 0.000127, 0.000072, 0.000067
3471, 0.000126, 0.000114, 0.000108
3472, 0.000127, 0.000080, 0.000074
3473, 0.000125, 0.000100, 0.000094
3474, 0.000124, 0.000094, 0.000089
3475, 0.000123, 0.000073, 0.000068
3476, 0.000123, 0.000111, 0.000105
3477, 0.000124, 0.000075, 0.000070
3478, 0.000123, 0.000105, 0.000098
3479, 0.000123, 0.000089, 0.000083
3480, 0.000122, 0.000081, 0.000076
3481, 0.000122, 0.000108, 0.000102
3482, 0.000123, 0.000071, 0.000067
3483, 0.000122, 0.000102, 0.000096
3484, 0.000122, 0.000091, 0.000085
3485, 0.000121, 0.000079, 0.000074
3486, 0.000122, 0.000110, 0.000104
3487, 0.000122, 0.000074, 0.000069
3488, 0.000124, 0.000105, 0.000099
3489, 0.000121, 0.000083, 0.000078
3490, 0.000122, 0.000087, 0.000082
3491, 0.000122, 0.000100, 0.000094
3492, 0.000122, 0.000076, 0.000071
3493, 0.000122, 0.000105, 0.000099
3494, 0.000120, 0.000086, 0.000080
3495, 0.000121, 0.000084, 0.000078
3496, 0.000121, 0.000117, 0.000110
3497, 0.000123, 0.000063, 0.000059
3498, 0.000127, 0.000147, 0.000138
3499, 0.000131, 0.000056, 0.000054
3500, 0.000137, 0.000175, 0.000167
3501, 0.000141, 0.000052, 0.000050
3502, 0.000146, 0.000188, 0.000179
3503, 0.000149, 0.000052, 0.000049
3504, 0.000149, 0.000196, 0.000187
3505, 0.000149, 0.000054, 0.000051
3506, 0.000136, 0.000125, 0.000118
3507, 0.000124, 0.000087, 0.000082
3508, 0.000124, 0.000075, 0.000069
3509, 0.000122, 0.000121, 0.000114
3510, 0.000124, 0.000060, 0.000056
3511, 0.000127, 0.000122, 0.000114
3512, 0.000124, 0.000066, 0.000061
3513, 0.000122, 0.000087, 0.000082
3514, 0.000121, 0.000103, 0.000096
3515, 0.000121, 0.000059, 0.000056
3516, 0.000126, 0.000139, 0.000131
3517, 0.000127, 0.000065, 0.000061
3518, 0.000123, 0.000099, 0.000092
3519, 0.000119, 0.000094, 0.000087
3520, 0.000120, 0.000068, 0.000063
3521, 0.000120, 0.000113, 0.000107
3522, 0.000123, 0.000065, 0.000061
3523, 0.000124, 0.000117, 0.000112
3524, 0.000125, 0.000061, 0.000058
3525, 0.000124, 0.000113, 0.000108
3526, 0.000122, 0.000077, 0.000073
3527, 0.000119, 0.000084, 0.000078
3528, 0.000119, 0.000105, 0.000098
3529, 0.000118, 0.000070, 0.000065
3530, 0.000121, 0.000104, 0.000098
3531, 0.000121, 0.000073, 0.000069
3532, 0.000118, 0.000086, 0.000082
3533, 0.000119, 0.000094, 0.000089
3534, 0.000120, 0.000065, 0.000062
3535, 0.000123, 0.000136, 0.000127
3536, 0.000125, 0.000064, 0.000059
3537, 0.000126, 0.000119, 0.000112
3538, 0.000124, 0.000073, 0.000067
3539, 0.000119, 0.000088, 0.000083
3540, 0.000119, 0.000095, 0.000091
3541, 0.000122, 0.000071, 0.000068
3542, 0.000121, 0.000104, 0.000101
3543, 0.000121, 0.000075, 0.000072
3544, 0.000118, 0.000098, 0.000093
3545, 0.000118, 0.000072, 0.000069
3546, 0.000122, 0.000107, 0.000100
3547, 0.000119, 0.000062, 0.000057
3548, 0.000121, 0.000110, 0.000104
3549, 0.000120, 0.000082, 0.000077
3550, 0.000117, 0.000069, 0.000064
3551, 0.000119, 0.000143, 0.000136
3552, 0.000127, 0.000055, 0.000051
3553, 0.000133, 0.000160, 0.000151
3554, 0.000133, 0.000057, 0.000054
3555, 0.000130, 0.000115, 0.000108
3556, 0.000120, 0.000080, 0.000076
3557, 0.000116, 0.000057, 0.000054
3558, 0.000123, 0.000148, 0.000141
3559, 0.000133, 0.000053, 0.000050
3560, 0.000137, 0.000155, 0.000149
3561, 0.000131, 0.000065, 0.000061
3562, 0.000120, 0.000085, 0.000081
3563, 0.000117, 0.000101, 0.000096
3564, 0.000119, 0.000056, 0.000053
3565, 0.000123, 0.000133, 0.000127
3566, 0.000127, 0.000058, 0.000054
3567, 0.000123, 0.000099, 0.000094
3568, 0.000118, 0.000087, 0.000083
3569, 0.000115, 0.000060, 0.000056
3570, 0.000119, 0.000128, 0.000122
3571, 0.000124, 0.000054, 0.000051
3572, 0.000127, 0.000122, 0.000116
3573, 0.000122, 0.000065, 0.000062
3574, 0.000117, 0.000072, 0.000067
3575, 0.000115, 0.000123, 0.000118
3576, 0.000121, 0.000052, 0.000049
3577, 0.000128, 0.000130, 0.000124
3578, 0.000126, 0.000060, 0.000056
3579, 0.000120, 0.000081, 0.000077
3580, 0.000116, 0.000097, 0.000091
3581, 0.000116, 0.000062, 0.000058
3582, 0.000118, 0.000103, 0.000098
3583, 0.000117, 0.000069, 0.000065
3584, 0.000115, 0.000082, 0.000078
3585, 0.000115, 0.000093, 0.000088
3586, 0.000116, 0.000057, 0.000053
3587, 0.000122, 0.000131, 0.000123
3588, 0.000125, 0.000054, 0.000051
3589, 0.000124, 0.000117, 0.000110
3590, 0.000121, 0.000070, 0.000066
3591, 0.000113, 0.000063, 0.000060
3592, 0.000117, 0.000138, 0.000132
3593, 0.000128, 0.000050, 0.000048
3594, 0.000136, 0.000149, 0.000145
3595, 0.000131, 0.000057, 0.000054
3596, 0.000120, 0.000083, 0.000080
3597, 0.000114, 0.000106, 0.000101
3598, 0.000117, 0.000055, 0.000051
3599, 0.000123, 0.000122, 0.000116
3600, 0.000123, 0.000061, 0.000056
3601, 0.000116, 0.000082, 0.000076
3602, 0.000115, 0.000094, 0.000089
3603, 0.000116, 0.000055, 0.000052
3604, 0.000119, 0.000115, 0.000109
3605, 0.000120, 0.000064, 0.000060
3606, 0.000116, 0.000074, 0.000069
3607, 0.000113, 0.000117, 0.000111
3608, 0.000120, 0.000053, 0.000049
3609, 0.000132, 0.000149, 0.000142
3610, 0.000131, 0.000056, 0.000052
3611, 0.000121, 0.000092, 0.000086
3612, 0.000114, 0.000088, 0.000083
3613, 0.000113, 0.000055, 0.000051
3614, 0.000119, 0.000125, 0.000119
3615, 0.000123, 0.000053, 0.000051
3616, 0.000120, 0.000097, 0.000092
3617, 0.000114, 0.000076, 0.000072
3618, 0.000115, 0.000063, 0.000060
3619, 0.000117, 0.000119, 0.000110
3620, 0.000120, 0.000055, 0.000051
3621, 0.000121, 0.000109, 0.000102
3622, 0.000117, 0.000071, 0.000065
3623, 0.000113, 0.000068, 0.000064
3624, 0.000111, 0.000099, 0.000094
3625, 0.000114, 0.000063, 0.000059
3626, 0.000115, 0.000088, 0.000083
3627, 0.000112, 0.000077, 0.000072
3628, 0.000112, 0.000063, 0.000058
3629, 0.000114, 0.000104, 0.000098
3630, 0.000117, 0.000056, 0.000052
3631, 0.000116, 0.000101, 0.000095
3632, 0.000115, 0.000069, 0.000066
3633, 0.000112, 0.000065, 0.000061
3634, 0.000114, 0.000103, 0.000098
3635, 0.000115, 0.000056, 0.000053
3636, 0.000117, 0.000097, 0.000091
3637, 0.000114, 0.000066, 0.000062
3638, 0.000113, 0.000077, 0.000072
3639, 0.000111, 0.000082, 0.000077
3640, 0.000111, 0.000059, 0.000056
3641, 0.000112, 0.000095, 0.000090
3642, 0.000112, 0.000070, 0.000066
3643, 0.000111, 0.000070, 0.000066
3644, 0.000110, 0.000089, 0.000084
3645, 0.000113, 0.000060, 0.000056
3646, 0.000113, 0.000087, 0.000083
3647, 0.000111, 0.000061, 0.000058
3648, 0.000112, 0.000088, 0.000083
3649, 0.000110, 0.000072, 0.000068
3650, 0.000110, 0.000070, 0.000066
3651, 0.000110, 0.000094, 0.000089
3652, 0.000112, 0.000060, 0.000057
3653, 0.000114, 0.000095, 0.000089
3654, 0.000112, 0.000069, 0.000065
3655, 0.000110, 0.000066, 0.000062
3656, 0.000110, 0.000091, 0.000087
3657, 0.000111, 0.000062, 0.000059
3658, 0.000111, 0.000082, 0.000077
3659, 0.000109, 0.000076, 0.000071
3660, 0.000109, 0.000072, 0.000068
3661, 0.000109, 0.000070, 0.000066
3662, 0.000110, 0.000090, 0.000085
3663, 0.000112, 0.000061, 0.000057
3664, 0.000112, 0.000091, 0.000086
3665, 0.000111, 0.000064, 0.000060
3666, 0.000111, 0.000086, 0.000079
3667, 0.000112, 0.000070, 0.000065
3668, 0.000110, 0.000081, 0.000075
3669, 0.000109, 0.000070, 0.000065
3670, 0.000109, 0.000074, 0.000070
3671, 0.000108, 0.000079, 0.000075
3672, 0.000110, 0.000066, 0.000063
3673, 0.000110, 0.000083, 0.000078
3674, 0.000111, 0.000068, 0.000064
3675, 0.000111, 0.000076, 0.000071
3676, 0.000109, 0.000070, 0.000066
3677, 0.000108, 0.000078, 0.000074
3678, 0.000108, 0.000077, 0.000073
3679, 0.000109, 0.000063, 0.000060
3680, 0.000110, 0.000105, 0.000101
3681, 0.000115, 0.000051, 0.000049
3682, 0.000118, 0.000118, 0.000114
3683, 0.000116, 0.000058, 0.000055
3684, 0.000112, 0.000078, 0.000075
3685, 0.000110, 0.000081, 0.000076
3686, 0.000110, 0.000065, 0.000062
3687, 0.000109, 0.000084, 0.000081
3688, 0.000107, 0.000067, 0.000063
3689, 0.000109, 0.000089, 0.000085
3690, 0.000110, 0.000060, 0.000056
3691, 0.000112, 0.000097, 0.000092
3692, 0.000111, 0.000061, 0.000058
3693, 0.000110, 0.000090, 0.000086
3694, 0.000111, 0.000059, 0.000056
3695, 0.000113, 0.000096, 0.000091
3696, 0.000110, 0.000060, 0.000056
3697, 0.000111, 0.000079, 0.000075
3698, 0.000110, 0.000087, 0.000082
3699, 0.000108, 0.000060, 0.000056
3700, 0.000110, 0.000095, 0.000091
3701, 0.000112, 0.000060, 0.000057
3702, 0.000109, 0.000089, 0.000086
3703, 0.000110, 0.000060, 0.000059
3704, 0.000110, 0.000081, 0.000079
3705, 0.000108, 0.000073, 0.000071
3706, 0.000106, 0.000062, 0.000059
3707, 0.000108, 0.000084, 0.000079
3708, 0.000107, 0.000065, 0.000061
3709, 0.000108, 0.000081, 0.000076
3710, 0.000107, 0.000075, 0.000070
3711, 0.000106, 0.000064, 0.000060
3712, 0.000107, 0.000095, 0.000090
3713, 0.000110, 0.000053, 0.000049
3714, 0.000117, 0.000138, 0.000132
3715, 0.000122, 0.000049, 0.000047
3716, 0.000124, 0.000134, 0.000128
3717, 0.000121, 0.000051, 0.000049
3718, 0.000113, 0.000081, 0.000077
3719, 0.000106, 0.000089, 0.000084
3720, 0.000107, 0.000052, 0.000050
3721, 0.000114, 0.000127, 0.000120
3722, 0.000118, 0.000053, 0.000050
3723, 0.000115, 0.000094, 0.000090
3724, 0.000109, 0.000072, 0.000068
3725, 0.000106, 0.000056, 0.000052
3726, 0.000110, 0.000112, 0.000107
3727, 0.000114, 0.000051, 0.000048
3728, 0.000116, 0.000104, 0.000099
3729, 0.000111, 0.000062, 0.000059
3730, 0.000107, 0.000072, 0.000067
3731, 0.000106, 0.000087, 0.000082
3732, 0.000108, 0.000056, 0.000051
3733, 0.000112, 0.000109, 0.000102
3734, 0.000113, 0.000054, 0.000052
3735, 0.000111, 0.000091, 0.000085
3736, 0.000109, 0.000070, 0.000067
3737, 0.000108, 0.000066, 0.000061
3738, 0.000105, 0.000093, 0.000087
3739, 0.000109, 0.000055, 0.000053
3740, 0.000114, 0.000124, 0.000118
3741, 0.000119, 0.000050, 0.000048
3742, 0.000119, 0.000116, 0.000111
3743, 0.000115, 0.000055, 0.000051
3744, 0.000107, 0.000065, 0.000061
3745, 0.000103, 0.000097, 0.000092
3746, 0.000109, 0.000051, 0.000048
3747, 0.000116, 0.000118, 0.000112
3748, 0.000115, 0.000052, 0.000050
3749, 0.000112, 0.000088, 0.000084
3750, 0.000106, 0.000067, 0.000064
3751, 0.000104, 0.000065, 0.000062
3752, 0.000104, 0.000084, 0.000079
3753, 0.000105, 0.000059, 0.000056
3754, 0.000106, 0.000083, 0.000078
3755, 0.000105, 0.000065, 0.000061
3756, 0.000103, 0.000063, 0.000059
3757, 0.000105, 0.000095, 0.000090
3758, 0.000109, 0.000051, 0.000048
3759, 0.000113, 0.000122, 0.000117
3760, 0.000118, 0.000052, 0.000049
3761, 0.000113, 0.000090, 0.000086
3762, 0.000107, 0.000067, 0.000063
3763, 0.000104, 0.000059, 0.000055
3764, 0.000105, 0.000099, 0.000094
3765, 0.000109, 0.000052, 0.000049
3766, 0.000112, 0.000107, 0.000100
3767, 0.000111, 0.000052, 0.000048
3768, 0.000112, 0.000093, 0.000088
3769, 0.000108, 0.000057, 0.000053
3770, 0.000106, 0.000075, 0.000071
3771, 0.000104, 0.000078, 0.000073
3772, 0.000105, 0.000056, 0.000051
3773, 0.000108, 0.000092, 0.000087
3774, 0.000107, 0.000057, 0.000053
3775, 0.000107, 0.000074, 0.000070
3776, 0.000103, 0.000075, 0.000072
3777, 0.000104, 0.000053, 0.000051
3778, 0.000105, 0.000094, 0.000089
3779, 0.000108, 0.000056, 0.000053
3780, 0.000107, 0.000081, 0.000075
3781, 0.000104, 0.000065, 0.000060
3782, 0.000103, 0.000066, 0.000062
3783, 0.000103, 0.000071, 0.000067
3784, 0.000102, 0.000068, 0.000065
3785, 0.000103, 0.000059, 0.000057
3786, 0.000104, 0.000079, 0.000075
3787, 0.000103, 0.000057, 0.000054
3788, 0.000103, 0.000074, 0.000071
3789, 0.000103, 0.000063, 0.000060
3790, 0.000102, 0.000064, 0.000060
3791, 0.000103, 0.000084, 0.000080
3792, 0.000106, 0.000051, 0.000048
3793, 0.000111, 0.000124, 0.000119
3794, 0.000116, 0.000049, 0.000047
3795, 0.000114, 0.000096, 0.000091
3796, 0.000107, 0.000060, 0.000056
3797, 0.000102, 0.000059, 0.000055
3798, 0.000103, 0.000081, 0.000077
3799, 0.000105, 0.000056, 0.000053
3800, 0.000104, 0.000077, 0.000073
3801, 0.000102, 0.000068, 0.000065
3802, 0.000101, 0.000057, 0.000054
3803, 0.000103, 0.000081, 0.000077
3804, 0.000102, 0.000058, 0.000055
3805, 0.000105, 0.000079, 0.000076
3806, 0.000104, 0.000061, 0.000058
3807, 0.000101, 0.000062, 0.000059
3808, 0.000102, 0.000073, 0.000069
3809, 0.000102, 0.000057, 0.000054
3810, 0.000103, 0.000086, 0.000081
3811, 0.000104, 0.000053, 0.000050
3812, 0.000106, 0.000102, 0.000097
3813, 0.000107, 0.000050, 0.000047
3814, 0.000110, 0.000096, 0.000091
3815, 0.000107, 0.000062, 0.000058
3816, 0.000101, 0.000057, 0.000053
3817, 0.000101, 0.000102, 0.000097
3818, 0.000109, 0.000051, 0.000048
3819, 0.000110, 0.000102, 0.000097
3820, 0.000109, 0.000050, 0.000047
3821, 0.000104, 0.000071, 0.000068
3822, 0.000101, 0.000078, 0.000076
3823, 0.000107, 0.000064, 0.000061
3824, 0.000107, 0.000084, 0.000080
3825, 0.000102, 0.000061, 0.000059
3826, 0.000107, 0.000087, 0.000080
3827, 0.000106, 0.000056, 0.000054
3828, 0.000105, 0.000083, 0.000079
3829, 0.000104, 0.000059, 0.000055
3830, 0.000104, 0.000068, 0.000066
3831, 0.000102, 0.000076, 0.000072
3832, 0.000101, 0.000058, 0.000054
3833, 0.000105, 0.000092, 0.000088
3834, 0.000106, 0.000052, 0.000049
3835, 0.000109, 0.000094, 0.000089
3836, 0.000108, 0.000058, 0.000055
3837, 0.000106, 0.000074, 0.000069
3838, 0.000101, 0.000064, 0.000060
3839, 0.000100, 0.000065, 0.000062
3840, 0.000101, 0.000076, 0.000070
3841, 0.000100, 0.000054, 0.000050
3842, 0.000103, 0.000089, 0.000085
3843, 0.000104, 0.000055, 0.000052
3844, 0.000101, 0.000071, 0.000068
3845, 0.000102, 0.000067, 0.000064
3846, 0.000100, 0.000063, 0.000060
3847, 0.000099, 0.000066, 0.000062
3848, 0.000099, 0.000063, 0.000059
3849, 0.000099, 0.000067, 0.000064
3850, 0.000099, 0.000065, 0.000061
3851, 0.000099, 0.000054, 0.000051
3852, 0.000101, 0.000089, 0.000085
3853, 0.000103, 0.000051, 0.000048
3854, 0.000104, 0.000082, 0.000078
3855, 0.000103, 0.000054, 0.000051
3856, 0.000101, 0.000074, 0.000070
3857, 0.000099, 0.000066, 0.000064
3858, 0.000100, 0.000058, 0.000054
3859, 0.000101, 0.000088, 0.000082
3860, 0.000103, 0.000052, 0.000050
3861, 0.000107, 0.000094, 0.000088
3862, 0.000105, 0.000052, 0.000050
3863, 0.000100, 0.000065, 0.000062
3864, 0.000100, 0.000077, 0.000072
3865, 0.000099, 0.000053, 0.000051
3866, 0.000104, 0.000098, 0.000092
3867, 0.000106, 0.000051, 0.000048
3868, 0.000102, 0.000075, 0.000071
3869, 0.000101, 0.000072, 0.000067
3870, 0.000100, 0.000049, 0.000047
3871, 0.000108, 0.000126, 0.000120
3872, 0.000118, 0.000053, 0.000051
3873, 0.000123, 0.000122, 0.000117
3874, 0.000118, 0.000048, 0.000045
3875, 0.000105, 0.000072, 0.000067
3876, 0.000099, 0.000082, 0.000078
3877, 0.000103, 0.000051, 0.000048
3878, 0.000109, 0.000124, 0.000116
3879, 0.000115, 0.000050, 0.000048
3880, 0.000111, 0.000086, 0.000079
3881, 0.000103, 0.000060, 0.000057
3882, 0.000098, 0.000054, 0.000052
3883, 0.000099, 0.000087, 0.000084
3884, 0.000104, 0.000050, 0.000049
3885, 0.000106, 0.000088, 0.000084
3886, 0.000101, 0.000060, 0.000057
3887, 0.000096, 0.000054, 0.000052
3888, 0.000099, 0.000094, 0.000089
3889, 0.000105, 0.000049, 0.000046
3890, 0.000107, 0.000095, 0.000090
3891, 0.000103, 0.000058, 0.000055
3892, 0.000097, 0.000052, 0.000050
3893, 0.000099, 0.000090, 0.000085
3894, 0.000104, 0.000050, 0.000048
3895, 0.000106, 0.000095, 0.000090
3896, 0.000104, 0.000052, 0.000049
3897, 0.000100, 0.000067, 0.000063
3898, 0.000097, 0.000061, 0.000058
3899, 0.000097, 0.000056, 0.000053
3900, 0.000097, 0.000067, 0.000064
3901, 0.000097, 0.000063, 0.000060
3902, 0.000095, 0.000055, 0.000052
3903, 0.000098, 0.000081, 0.000077
3904, 0.000100, 0.000051, 0.000048
3905, 0.000100, 0.000080, 0.000076
3906, 0.000099, 0.000057, 0.000055
3907, 0.000098, 0.000055, 0.000052
3908, 0.000096, 0.000080, 0.000075
3909, 0.000100, 0.000050, 0.000048
3910, 0.000101, 0.000076, 0.000070
3911, 0.000099, 0.000059, 0.000055
3912, 0.000096, 0.000057, 0.000054
3913, 0.000097, 0.000075, 0.000070
3914, 0.000097, 0.000056, 0.000054
3915, 0.000096, 0.000063, 0.000060
3916, 0.000095, 0.000058, 0.000055
3917, 0.000096, 0.000059, 0.000056
3918, 0.000097, 0.000062, 0.000059
3919, 0.000095, 0.000061, 0.000057
3920, 0.000096, 0.000062, 0.000059
3921, 0.000095, 0.000064, 0.000060
3922, 0.000095, 0.000055, 0.000052
3923, 0.000097, 0.000073, 0.000069
3924, 0.000097, 0.000050, 0.000047
3925, 0.000099, 0.000074, 0.000069
3926, 0.000097, 0.000052, 0.000048
3927, 0.000096, 0.000064, 0.000059
3928, 0.000095, 0.000062, 0.000058
3929, 0.000095, 0.000057, 0.000054
3930, 0.000096, 0.000070, 0.000066
3931, 0.000096, 0.000058, 0.000055
3932, 0.000095, 0.000058, 0.000054
3933, 0.000095, 0.000082, 0.000077
3934, 0.000099, 0.000049, 0.000047
3935, 0.000105, 0.000104, 0.000098
3936, 0.000108, 0.000049, 0.000047
3937, 0.000106, 0.000085, 0.000082
3938, 0.000102, 0.000056, 0.000053
3939, 0.000096, 0.000053, 0.000051
3940, 0.000097, 0.000095, 0.000091
3941, 0.000105, 0.000052, 0.000049
3942, 0.000113, 0.000120, 0.000115
3943, 0.000116, 0.000049, 0.000046
3944, 0.000106, 0.000077, 0.000072
3945, 0.000097, 0.000064, 0.000061
3946, 0.000096, 0.000052, 0.000049
3947, 0.000097, 0.000079, 0.000075
3948, 0.000097, 0.000050, 0.000048
3949, 0.000101, 0.000083, 0.000079
3950, 0.000100, 0.000050, 0.000048
3951, 0.000098, 0.000074, 0.000070
3952, 0.000097, 0.000057, 0.000053
3953, 0.000095, 0.000057, 0.000053
3954, 0.000094, 0.000061, 0.000057
3955, 0.000094, 0.000057, 0.000053
3956, 0.000094, 0.000070, 0.000066
3957, 0.000095, 0.000053, 0.000051
3958, 0.000095, 0.000064, 0.000061
3959, 0.000094, 0.000061, 0.000058
3960, 0.000094, 0.000051, 0.000048
3961, 0.000094, 0.000074, 0.000070
3962, 0.000095, 0.000052, 0.000050
3963, 0.000096, 0.000065, 0.000061
3964, 0.000095, 0.000061, 0.000058
3965, 0.000094, 0.000052, 0.000050
3966, 0.000095, 0.000081, 0.000076
3967, 0.000099, 0.000051, 0.000049
3968, 0.000101, 0.000089, 0.000083
3969, 0.000100, 0.000052, 0.000049
3970, 0.000098, 0.000064, 0.000061
3971, 0.000096, 0.000068, 0.000063
3972, 0.000096, 0.000049, 0.000048
3973, 0.000097, 0.000086, 0.000082
3974, 0.000099, 0.000052, 0.000049
3975, 0.000101, 0.000074, 0.000072
3976, 0.000098, 0.000057, 0.000054
3977, 0.000094, 0.000058, 0.000055
3978, 0.000094, 0.000083, 0.000079
3979, 0.000100, 0.000049, 0.000048
3980, 0.000105, 0.000106, 0.000100
3981, 0.000109, 0.000051, 0.000051
3982, 0.000106, 0.000077, 0.000072
3983, 0.000097, 0.000060, 0.000057
3984, 0.000094, 0.000049, 0.000047
3985, 0.000100, 0.000101, 0.000095
3986, 0.000105, 0.000050, 0.000049
3987, 0.000102, 0.000076, 0.000071
3988, 0.000097, 0.000057, 0.000053
3989, 0.000092, 0.000053, 0.000051
3990, 0.000095, 0.000080, 0.000076
3991, 0.000096, 0.000048, 0.000046
3992, 0.000097, 0.000070, 0.000067
3993, 0.000094, 0.000054, 0.000051
3994, 0.000094, 0.000057, 0.000054
3995, 0.000093, 0.000069, 0.000066
3996, 0.000093, 0.000052, 0.000050
3997, 0.000096, 0.000082, 0.000079
3998, 0.000097, 0.000049, 0.000047
3999, 0.000097, 0.000078, 0.000074
4000, 0.000098, 0.000049, 0.000047
4001, 0.000096, 0.000068, 0.000065
4002, 0.000092, 0.000055, 0.000052
4003, 0.000093, 0.000054, 0.000052
4004, 0.000094, 0.000069, 0.000065
4005, 0.000094, 0.000051, 0.000049
4006, 0.000094, 0.000078, 0.000075
4007, 0.000095, 0.000051, 0.000050
4008, 0.000093, 0.000061, 0.000059
4009, 0.000092, 0.000058, 0.000056
4010, 0.000092, 0.000055, 0.000052
4011, 0.000091, 0.000063, 0.000060
4012, 0.000092, 0.000051, 0.000048
4013, 0.000092, 0.000067, 0.000063
4014, 0.000092, 0.000053, 0.000051
4015, 0.000094, 0.000061, 0.000058
4016, 0.000092, 0.000060, 0.000058
4017, 0.000092, 0.000053, 0.000051
4018, 0.000093, 0.000073, 0.000069
4019, 0.000094, 0.000048, 0.000046
4020, 0.000097, 0.000078, 0.000074
4021, 0.000098, 0.000049, 0.000046
4022, 0.000097, 0.000071, 0.000068
4023, 0.000094, 0.000052, 0.000049
4024, 0.000092, 0.000059, 0.000055
4025, 0.000091, 0.000064, 0.000061
4026, 0.000093, 0.000056, 0.000053
4027, 0.000091, 0.000066, 0.000062
4028, 0.000091, 0.000055, 0.000053
4029, 0.000094, 0.000064, 0.000060
4030, 0.000092, 0.000054, 0.000051
4031, 0.000091, 0.000060, 0.000058
4032, 0.000091, 0.000055, 0.000052
4033, 0.000092, 0.000063, 0.000061
4034, 0.000092, 0.000054, 0.000051
4035, 0.000090, 0.000066, 0.000062
4036, 0.000092, 0.000052, 0.000050
4037, 0.000093, 0.000066, 0.000062
4038, 0.000091, 0.000054, 0.000051
4039, 0.000091, 0.000057, 0.000053
4040, 0.000091, 0.000061, 0.000056
4041, 0.000091, 0.000055, 0.000052
4042, 0.000090, 0.000056, 0.000052
4043, 0.000091, 0.000068, 0.000064
4044, 0.000092, 0.000049, 0.000047
4045, 0.000094, 0.000072, 0.000069
4046, 0.000094, 0.000049, 0.000047
4047, 0.000095, 0.000079, 0.000076
4048, 0.000095, 0.000050, 0.000047
4049, 0.000096, 0.000069, 0.000066
4050, 0.000092, 0.000055, 0.000053
4051, 0.000090, 0.000052, 0.000049
4052, 0.000092, 0.000073, 0.000070
4053, 0.000095, 0.000049, 0.000046
4054, 0.000101, 0.000102, 0.000096
4055, 0.000106, 0.000052, 0.000050
4056, 0.000108, 0.000099, 0.000093
4057, 0.000105, 0.000051, 0.000050
4058, 0.000101, 0.000077, 0.000073
4059, 0.000095, 0.000051, 0.000049
4060, 0.000089, 0.000050, 0.000048
4061, 0.000092, 0.000091, 0.000086
4062, 0.000101, 0.000053, 0.000052
4063, 0.000108, 0.000104, 0.000098
4064, 0.000107, 0.000050, 0.000047
4065, 0.000101, 0.000070, 0.000067
4066, 0.000093, 0.000057, 0.000054
4067, 0.000090, 0.000050, 0.000048
4068, 0.000093, 0.000086, 0.000083
4069, 0.000101, 0.000052, 0.000049
4070, 0.000101, 0.000083, 0.000078
4071, 0.000097, 0.000052, 0.000050
4072, 0.000092, 0.000054, 0.000051
4073, 0.000091, 0.000076, 0.000073
4074, 0.000095, 0.000048, 0.000047
4075, 0.000098, 0.000083, 0.000080
4076, 0.000099, 0.000049, 0.000048
4077, 0.000095, 0.000065, 0.000062
4078, 0.000090, 0.000057, 0.000054
4079, 0.000089, 0.000053, 0.000052
4080, 0.000090, 0.000060, 0.000057
4081, 0.000090, 0.000052, 0.000049
4082, 0.000089, 0.000054, 0.000052
4083, 0.000089, 0.000057, 0.000055
4084, 0.000089, 0.000053, 0.000051
4085, 0.000089, 0.000059, 0.000057
4086, 0.000089, 0.000053, 0.000051
4087, 0.000088, 0.000056, 0.000053
4088, 0.000089, 0.000052, 0.000050
4089, 0.000090, 0.000061, 0.000058
4090, 0.000089, 0.000050, 0.000048
4091, 0.000089, 0.000062, 0.000059
4092, 0.000089, 0.000051, 0.000049
4093, 0.000088, 0.000054, 0.000052
4094, 0.000087, 0.000057, 0.000054
4095, 0.000088, 0.000051, 0.000049
4096, 0.000088, 0.000055, 0.000052
4097, 0.000089, 0.000054, 0.000052
4098, 0.000088, 0.000054, 0.000052
4099, 0.000088, 0.000062, 0.000059
4100, 0.000088, 0.000050, 0.000048
4101, 0.000090, 0.000065, 0.000062
4102, 0.000090, 0.000051, 0.000048
4103, 0.000089, 0.000062, 0.000059
4104, 0.000088, 0.000052, 0.000049
4105, 0.000088, 0.000061, 0.000057
4106, 0.000089, 0.000048, 0.000047
4107, 0.000089, 0.000061, 0.000059
4108, 0.000089, 0.000050, 0.000048
4109, 0.000089, 0.000060, 0.000057
4110, 0.000088, 0.000051, 0.000048
4111, 0.000089, 0.000057, 0.000053
4112, 0.000088, 0.000053, 0.000050
4113, 0.000087, 0.000057, 0.000055
4114, 0.000088, 0.000057, 0.000055
4115, 0.000088, 0.000052, 0.000050
4116, 0.000088, 0.000056, 0.000054
4117, 0.000088, 0.000051, 0.000048
4118, 0.000088, 0.000054, 0.000051
4119, 0.000088, 0.000058, 0.000056
4120, 0.000088, 0.000050, 0.000047
4121, 0.000089, 0.000068, 0.000065
4122, 0.000090, 0.000047, 0.000046
4123, 0.000091, 0.000068, 0.000064
4124, 0.000090, 0.000050, 0.000049
4125, 0.000090, 0.000060, 0.000056
4126, 0.000088, 0.000060, 0.000056
4127, 0.000088, 0.000051, 0.000050
4128, 0.000092, 0.000069, 0.000065
4129, 0.000091, 0.000049, 0.000048
4130, 0.000091, 0.000071, 0.000069
4131, 0.000093, 0.000051, 0.000050
4132, 0.000090, 0.000064, 0.000061
4133, 0.000088, 0.000054, 0.000053
4134, 0.000089, 0.000055, 0.000052
4135, 0.000089, 0.000062, 0.000059
4136, 0.000088, 0.000048, 0.000048
4137, 0.000091, 0.000079, 0.000076
4138, 0.000096, 0.000049, 0.000048
4139, 0.000096, 0.000080, 0.000077
4140, 0.000095, 0.000049, 0.000047
4141, 0.000093, 0.000068, 0.000064
4142, 0.000089, 0.000051, 0.000049
4143, 0.000087, 0.000051, 0.000049
4144, 0.000086, 0.000064, 0.000061
4145, 0.000089, 0.000048, 0.000047
4146, 0.000093, 0.000074, 0.000071
4147, 0.000093, 0.000048, 0.000047
4148, 0.000093, 0.000080, 0.000075
4149, 0.000094, 0.000051, 0.000050
4150, 0.000090, 0.000056, 0.000052
4151, 0.000087, 0.000067, 0.000064
4152, 0.000088, 0.000049, 0.000048
4153, 0.000094, 0.000086, 0.000081
4154, 0.000098, 0.000048, 0.000047
4155, 0.000095, 0.000073, 0.000069
4156, 0.000091, 0.000049, 0.000047
4157, 0.000088, 0.000051, 0.000049
4158, 0.000086, 0.000063, 0.000061
4159, 0.000089, 0.000048, 0.000047
4160, 0.000091, 0.000076, 0.000073
4161, 0.000094, 0.000049, 0.000048
4162, 0.000093, 0.000067, 0.000064
4163, 0.000088, 0.000050, 0.000048
4164, 0.000085, 0.000050, 0.000049
4165, 0.000086, 0.000069, 0.000066
4166, 0.000090, 0.000048, 0.000047
4167, 0.000095, 0.000087, 0.000082
4168, 0.000097, 0.000051, 0.000049
4169, 0.000095, 0.000070, 0.000066
4170, 0.000090, 0.000050, 0.000048
4171, 0.000086, 0.000050, 0.000048
4172, 0.000087, 0.000075, 0.000071
4173, 0.000092, 0.000049, 0.000048
4174, 0.000097, 0.000085, 0.000080
4175, 0.000097, 0.000049, 0.000048
4176, 0.000093, 0.000062, 0.000059
4177, 0.000088, 0.000050, 0.000049
4178, 0.000084, 0.000046, 0.000045
4179, 0.000087, 0.000077, 0.000074
4180, 0.000094, 0.000053, 0.000052
4181, 0.000100, 0.000091, 0.000088
4182, 0.000101, 0.000050, 0.000049
4183, 0.000096, 0.000064, 0.000061
4184, 0.000089, 0.000050, 0.000048
4185, 0.000085, 0.000049, 0.000047
4186, 0.000085, 0.000060, 0.000057
4187, 0.000086, 0.000048, 0.000046
4188, 0.000086, 0.000057, 0.000055
4189, 0.000085, 0.000052, 0.000051
4190, 0.000084, 0.000048, 0.000047
4191, 0.000085, 0.000066, 0.000065
4192, 0.000091, 0.000049, 0.000048
4193, 0.000092, 0.000065, 0.000062
4194, 0.000088, 0.000048, 0.000047
4195, 0.000084, 0.000052, 0.000049
4196, 0.000086, 0.000064, 0.000061
4197, 0.000088, 0.000048, 0.000048
4198, 0.000090, 0.000065, 0.000063
4199, 0.000087, 0.000048, 0.000047
4200, 0.000085, 0.000048, 0.000047
4201, 0.000084, 0.000070, 0.000067
4202, 0.000089, 0.000049, 0.000049
4203, 0.000095, 0.000076, 0.000072
4204, 0.000094, 0.000051, 0.000049
4205, 0.000093, 0.000057, 0.000055
4206, 0.000087, 0.000057, 0.000053
4207, 0.000086, 0.000048, 0.000046
4208, 0.000087, 0.000068, 0.000065
4209, 0.000090, 0.000051, 0.000049
4210, 0.000088, 0.000057, 0.000054
4211, 0.000084, 0.000054, 0.000051
4212, 0.000084, 0.000049, 0.000047
4213, 0.000089, 0.000067, 0.000065
4214, 0.000090, 0.000048, 0.000047
4215, 0.000088, 0.000061, 0.000057
4216, 0.000086, 0.000053, 0.000052
4217, 0.000085, 0.000050, 0.000048
4218, 0.000085, 0.000061, 0.000058
4219, 0.000086, 0.000048, 0.000048
4220, 0.000088, 0.000062, 0.000059
4221, 0.000086, 0.000050, 0.000048
4222, 0.000085, 0.000047, 0.000046
4223, 0.000083, 0.000061, 0.000059
4224, 0.000087, 0.000048, 0.000047
4225, 0.000089, 0.000064, 0.000062
4226, 0.000088, 0.000049, 0.000048
4227, 0.000085, 0.000057, 0.000054
4228, 0.000084, 0.000054, 0.000052
4229, 0.000083, 0.000048, 0.000047
4230, 0.000083, 0.000058, 0.000055
4231, 0.000084, 0.000048, 0.000046
4232, 0.000084, 0.000049, 0.000048
4233, 0.000083, 0.000053, 0.000051
4234, 0.000083, 0.000049, 0.000048
4235, 0.000083, 0.000052, 0.000052
4236, 0.000082, 0.000047, 0.000046
4237, 0.000085, 0.000064, 0.000062
4238, 0.000087, 0.000050, 0.000049
4239, 0.000088, 0.000063, 0.000060
4240, 0.000085, 0.000052, 0.000050
4241, 0.000083, 0.000048, 0.000047
4242, 0.000086, 0.000073, 0.000069
4243, 0.000091, 0.000051, 0.000050
4244, 0.000094, 0.000076, 0.000073
4245, 0.000092, 0.000049, 0.000047
4246, 0.000086, 0.000051, 0.000050
4247, 0.000083, 0.000059, 0.000058
4248, 0.000086, 0.000049, 0.000048
4249, 0.000091, 0.000073, 0.000070
4250, 0.000091, 0.000049, 0.000048
4251, 0.000088, 0.000058, 0.000055
4252, 0.000085, 0.000059, 0.000055
4253, 0.000084, 0.000050, 0.000050
4254, 0.000085, 0.000061, 0.000058
4255, 0.000085, 0.000050, 0.000048
4256, 0.000084, 0.000054, 0.000053
4257, 0.000083, 0.000053, 0.000050
4258, 0.000082, 0.000050, 0.000048
4259, 0.000083, 0.000054, 0.000052
4260, 0.000083, 0.000052, 0.000050
4261, 0.000083, 0.000054, 0.000052
4262, 0.000083, 0.000049, 0.000049
4263, 0.000083, 0.000055, 0.000054
4264, 0.000083, 0.000050, 0.000048
4265, 0.000085, 0.000061, 0.000059
4266, 0.000087, 0.000051, 0.000048
4267, 0.000084, 0.000053, 0.000050
4268, 0.000082, 0.000056, 0.000055
4269, 0.000084, 0.000051, 0.000050
4270, 0.000085, 0.000053, 0.000052
4271, 0.000083, 0.000051, 0.000051
4272, 0.000082, 0.000050, 0.000048
4273, 0.000081, 0.000052, 0.000049
4274, 0.000082, 0.000049, 0.000047
4275, 0.000082, 0.000053, 0.000050
4276, 0.000081, 0.000050, 0.000049
4277, 0.000082, 0.000055, 0.000053
4278, 0.000081, 0.000050, 0.000049
4279, 0.000082, 0.000056, 0.000055
4280, 0.000082, 0.000049, 0.000048
4281, 0.000081, 0.000058, 0.000055
4282, 0.000083, 0.000049, 0.000047
4283, 0.000082, 0.000052, 0.000050
4284, 0.000081, 0.000051, 0.000049
4285, 0.000082, 0.000051, 0.000051
4286, 0.000082, 0.000052, 0.000050
4287, 0.000080, 0.000051, 0.000049
4288, 0.000081, 0.000054, 0.000052
4289, 0.000081, 0.000049, 0.000047
4290, 0.000081, 0.000053, 0.000050
4291, 0.000082, 0.000047, 0.000046
4292, 0.000081, 0.000051, 0.000049
4293, 0.000080, 0.000050, 0.000048
4294, 0.000082, 0.000052, 0.000050
4295, 0.000081, 0.000051, 0.000049
4296, 0.000081, 0.000058, 0.000055
4297, 0.000082, 0.000050, 0.000048
4298, 0.000081, 0.000053, 0.000050
4299, 0.000081, 0.000052, 0.000050
4300, 0.000082, 0.000053, 0.000052
4301, 0.000082, 0.000047, 0.000047
4302, 0.000081, 0.000057, 0.000055
4303, 0.000083, 0.000048, 0.000047
4304, 0.000085, 0.000063, 0.000061
4305, 0.000084, 0.000051, 0.000049
4306, 0.000085, 0.000065, 0.000063
4307, 0.000085, 0.000048, 0.000047
4308, 0.000083, 0.000063, 0.000058
4309, 0.000085, 0.000051, 0.000050
4310, 0.000083, 0.000055, 0.000054
4311, 0.000080, 0.000053, 0.000051
4312, 0.000082, 0.000048, 0.000049
4313, 0.000084, 0.000063, 0.000062
4314, 0.000085, 0.000052, 0.000051
4315, 0.000091, 0.000083, 0.000081
4316, 0.000099, 0.000062, 0.000061
4317, 0.000106, 0.000128, 0.000121
4318, 0.000122, 0.000083, 0.000085
4319, 0.000127, 0.000123, 0.000117
4320, 0.000117, 0.000053, 0.000052
4321, 0.000093, 0.000051, 0.000049
4322, 0.000080, 0.000071, 0.000066
4323, 0.000089, 0.000061, 0.000060
4324, 0.000103, 0.000103, 0.000098
4325, 0.000109, 0.000060, 0.000059
4326, 0.000097, 0.000061, 0.000059
4327, 0.000084, 0.000055, 0.000053
4328, 0.000080, 0.000052, 0.000051
4329, 0.000088, 0.000078, 0.000073
4330, 0.000095, 0.000053, 0.000052
4331, 0.000091, 0.000058, 0.000055
4332, 0.000082, 0.000052, 0.000050
4333, 0.000080, 0.000050, 0.000050
4334, 0.000087, 0.000080, 0.000078
4335, 0.000095, 0.000058, 0.000059
4336, 0.000096, 0.000070, 0.000067
4337, 0.000088, 0.000049, 0.000047
4338, 0.000080, 0.000049, 0.000047
4339, 0.000084, 0.000080, 0.000076
4340, 0.000092, 0.000052, 0.000051
4341, 0.000090, 0.000056, 0.000055
4342, 0.000082, 0.000051, 0.000049
4343, 0.000079, 0.000048, 0.000048
4344, 0.000084, 0.000070, 0.000066
4345, 0.000087, 0.000050, 0.000048
4346, 0.000086, 0.000052, 0.000050
4347, 0.000080, 0.000049, 0.000047
4348, 0.000080, 0.000049, 0.000048
4349, 0.000079, 0.000055, 0.000054
4350, 0.000082, 0.000049, 0.000047
4351, 0.000080, 0.000052, 0.000050
4352, 0.000079, 0.000047, 0.000046
4353, 0.000079, 0.000047, 0.000045
4354, 0.000079, 0.000049, 0.000047
4355, 0.000079, 0.000054, 0.000053
4356, 0.000081, 0.000050, 0.000048
4357, 0.000080, 0.000053, 0.000051
4358, 0.000079, 0.000052, 0.000051
4359, 0.000081, 0.000049, 0.000047
4360, 0.000080, 0.000053, 0.000051
4361, 0.000080, 0.000047, 0.000047
4362, 0.000081, 0.000054, 0.000052
4363, 0.000079, 0.000049, 0.000047
4364, 0.000078, 0.000047, 0.000045
4365, 0.000079, 0.000055, 0.000052
4366, 0.000079, 0.000047, 0.000047
4367, 0.000079, 0.000052, 0.000051
4368, 0.000081, 0.000049, 0.000048
4369, 0.000079, 0.000050, 0.000049
4370, 0.000078, 0.000050, 0.000049
4371, 0.000078, 0.000048, 0.000047
4372, 0.000078, 0.000050, 0.000049
4373, 0.000079, 0.000048, 0.000047
4374, 0.000079, 0.000051, 0.000050
4375, 0.000079, 0.000047, 0.000047
4376, 0.000079, 0.000050, 0.000049
4377, 0.000078, 0.000049, 0.000048
4378, 0.000078, 0.000047, 0.000047
4379, 0.000079, 0.000054, 0.000051
4380, 0.000079, 0.000048, 0.000046
4381, 0.000080, 0.000057, 0.000055
4382, 0.000081, 0.000047, 0.000046
4383, 0.000080, 0.000051, 0.000049
4384, 0.000078, 0.000051, 0.000050
4385, 0.000080, 0.000049, 0.000048
4386, 0.000079, 0.000058, 0.000055
4387, 0.000080, 0.000048, 0.000048
4388, 0.000080, 0.000049, 0.000048
4389, 0.000079, 0.000050, 0.000048
4390, 0.000079, 0.000046, 0.000046
4391, 0.000080, 0.000052, 0.000051
4392, 0.000078, 0.000049, 0.000048
4393, 0.000079, 0.000049, 0.000047
4394, 0.000077, 0.000049, 0.000048
4395, 0.000078, 0.000049, 0.000047
4396, 0.000079, 0.000050, 0.000049
4397, 0.000078, 0.000048, 0.000047
4398, 0.000078, 0.000049, 0.000048
4399, 0.000078, 0.000051, 0.000050
4400, 0.000080, 0.000050, 0.000050
4401, 0.000079, 0.000047, 0.000046
4402, 0.000077, 0.000050, 0.000047
4403, 0.000079, 0.000049, 0.000048
4404, 0.000079, 0.000050, 0.000048
4405, 0.000078, 0.000049, 0.000048
4406, 0.000076, 0.000051, 0.000050
4407, 0.000079, 0.000049, 0.000048
4408, 0.000078, 0.000052, 0.000050
4409, 0.000077, 0.000048, 0.000048
4410, 0.000078, 0.000052, 0.000050
4411, 0.000078, 0.000049, 0.000048
4412, 0.000077, 0.000048, 0.000047
4413, 0.000078, 0.000054, 0.000052
4414, 0.000078, 0.000047, 0.000047
4415, 0.000080, 0.000055, 0.000054
4416, 0.000080, 0.000048, 0.000048
4417, 0.000079, 0.000050, 0.000048
4418, 0.000078, 0.000058, 0.000056
4419, 0.000080, 0.000052, 0.000053
4420, 0.000086, 0.000072, 0.000069
4421, 0.000088, 0.000053, 0.000054
4422, 0.000086, 0.000058, 0.000056
4423, 0.000081, 0.000049, 0.000047
4424, 0.000077, 0.000051, 0.000050
4425, 0.000084, 0.000082, 0.000078
4426, 0.000099, 0.000070, 0.000070
4427, 0.000103, 0.000081, 0.000077
4428, 0.000094, 0.000048, 0.000048
4429, 0.000079, 0.000048, 0.000048
4430, 0.000079, 0.000076, 0.000072
4431, 0.000090, 0.000060, 0.000060
4432, 0.000094, 0.000069, 0.000065
4433, 0.000087, 0.000049, 0.000048
4434, 0.000079, 0.000047, 0.000047
4435, 0.000077, 0.000061, 0.000059
4436, 0.000083, 0.000055, 0.000056
4437, 0.000088, 0.000064, 0.000062
4438, 0.000086, 0.000048, 0.000047
4439, 0.000079, 0.000050, 0.000047
4440, 0.000077, 0.000054, 0.000052
4441, 0.000078, 0.000051, 0.000049
4442, 0.000082, 0.000067, 0.000063
4443, 0.000085, 0.000050, 0.000050
4444, 0.000081, 0.000049, 0.000048
4445, 0.000077, 0.000054, 0.000052
4446, 0.000078, 0.000053, 0.000053
4447, 0.000085, 0.000068, 0.000065
4448, 0.000087, 0.000053, 0.000053
4449, 0.000084, 0.000052, 0.000051
4450, 0.000077, 0.000050, 0.000050
4451, 0.000076, 0.000050, 0.000050
4452, 0.000080, 0.000056, 0.000055
4453, 0.000079, 0.000048, 0.000047
4454, 0.000077, 0.000051, 0.000048
4455, 0.000076, 0.000057, 0.000054
4456, 0.000078, 0.000050, 0.000049
4457, 0.000079, 0.000056, 0.000054
4458, 0.000079, 0.000048, 0.000048
4459, 0.000076, 0.000049, 0.000049
4460, 0.000075, 0.000054, 0.000052
4461, 0.000077, 0.000048, 0.000047
4462, 0.000076, 0.000051, 0.000049
4463, 0.000077, 0.000049, 0.000047
4464, 0.000076, 0.000048, 0.000047
4465, 0.000076, 0.000050, 0.000050
4466, 0.000076, 0.000049, 0.000049
4467, 0.000077, 0.000053, 0.000052
4468, 0.000077, 0.000047, 0.000047
4469, 0.000077, 0.000053, 0.000050
4470, 0.000078, 0.000047, 0.000045
4471, 0.000076, 0.000049, 0.000046
4472, 0.000076, 0.000048, 0.000046
4473, 0.000075, 0.000046, 0.000046
4474, 0.000078, 0.000053, 0.000051
4475, 0.000077, 0.000049, 0.000048
4476, 0.000078, 0.000056, 0.000053
4477, 0.000078, 0.000051, 0.000049
4478, 0.000077, 0.000052, 0.000050
4479, 0.000075, 0.000047, 0.000046
4480, 0.000075, 0.000049, 0.000047
4481, 0.000077, 0.000050, 0.000048
4482, 0.000075, 0.000048, 0.000046
4483, 0.000075, 0.000050, 0.000048
4484, 0.000076, 0.000049, 0.000048
4485, 0.000075, 0.000047, 0.000047
4486, 0.000076, 0.000054, 0.000052
4487, 0.000077, 0.000048, 0.000047
4488, 0.000076, 0.000048, 0.000047
4489, 0.000073, 0.000050, 0.000049
4490, 0.000075, 0.000047, 0.000047
4491, 0.000077, 0.000054, 0.000051
4492, 0.000076, 0.000047, 0.000047
4493, 0.000076, 0.000050, 0.000049
4494, 0.000075, 0.000050, 0.000048
4495, 0.000075, 0.000047, 0.000047
4496, 0.000076, 0.000053, 0.000052
4497, 0.000077, 0.000048, 0.000048
4498, 0.000078, 0.000052, 0.000051
4499, 0.000077, 0.000047, 0.000046
4500, 0.000075, 0.000048, 0.000046
4501, 0.000075, 0.000050, 0.000048
4502, 0.000076, 0.000048, 0.000047
4503, 0.000076, 0.000054, 0.000051
4504, 0.000077, 0.000047, 0.000046
4505, 0.000075, 0.000049, 0.000047
4506, 0.000074, 0.000048, 0.000047
4507, 0.000076, 0.000047, 0.000046
4508, 0.000076, 0.000058, 0.000056
4509, 0.000079, 0.000052, 0.000051
4510, 0.000082, 0.000061, 0.000058
4511, 0.000081, 0.000049, 0.000049
4512, 0.000077, 0.000049, 0.000048
4513, 0.000075, 0.000055, 0.000052
4514, 0.000077, 0.000051, 0.000051
4515, 0.000079, 0.000064, 0.000061
4516, 0.000083, 0.000054, 0.000054
4517, 0.000082, 0.000055, 0.000054
4518, 0.000078, 0.000047, 0.000046
4519, 0.000075, 0.000051, 0.000048
4520, 0.000075, 0.000053, 0.000051
4521, 0.000076, 0.000050, 0.000049
4522, 0.000077, 0.000060, 0.000057
4523, 0.000079, 0.000052, 0.000053
4524, 0.000080, 0.000053, 0.000051
4525, 0.000076, 0.000047, 0.000047
4526, 0.000074, 0.000047, 0.000048
4527, 0.000073, 0.000053, 0.000052
4528, 0.000075, 0.000048, 0.000048
4529, 0.000076, 0.000049, 0.000049
4530, 0.000075, 0.000050, 0.000049
4531, 0.000073, 0.000049, 0.000049
4532, 0.000077, 0.000058, 0.000057
4533, 0.000080, 0.000053, 0.000053
4534, 0.000078, 0.000055, 0.000053
4535, 0.000076, 0.000047, 0.000047
4536, 0.000073, 0.000047, 0.000047
4537, 0.000073, 0.000049, 0.000048
4538, 0.000075, 0.000048, 0.000048
4539, 0.000077, 0.000061, 0.000059
4540, 0.000080, 0.000053, 0.000054
4541, 0.000082, 0.000061, 0.000057
4542, 0.000078, 0.000048, 0.000047
4543, 0.000074, 0.000048, 0.000046
4544, 0.000074, 0.000055, 0.000052
4545, 0.000076, 0.000049, 0.000049
4546, 0.000077, 0.000051, 0.000050
4547, 0.000075, 0.000046, 0.000046
4548, 0.000073, 0.000046, 0.000046
4549, 0.000074, 0.000048, 0.000047
4550, 0.000072, 0.000050, 0.000049
4551, 0.000072, 0.000049, 0.000049
4552, 0.000074, 0.000051, 0.000049
4553, 0.000073, 0.000050, 0.000048
4554, 0.000074, 0.000047, 0.000048
4555, 0.000076, 0.000053, 0.000052
4556, 0.000075, 0.000047, 0.000047
4557, 0.000074, 0.000048, 0.000048
4558, 0.000073, 0.000050, 0.000049
4559, 0.000073, 0.000048, 0.000048
4560, 0.000074, 0.000051, 0.000051
4561, 0.000074, 0.000047, 0.000048
4562, 0.000073, 0.000051, 0.000050
4563, 0.000074, 0.000048, 0.000048
4564, 0.000073, 0.000046, 0.000045
4565, 0.000073, 0.000050, 0.000049
4566, 0.000073, 0.000048, 0.000048
4567, 0.000074, 0.000050, 0.000049
4568, 0.000073, 0.000051, 0.000050
4569, 0.000073, 0.000049, 0.000049
4570, 0.000075, 0.000055, 0.000053
4571, 0.000076, 0.000053, 0.000053
4572, 0.000080, 0.000062, 0.000062
4573, 0.000081, 0.000049, 0.000049
4574, 0.000075, 0.000052, 0.000050
4575, 0.000074, 0.000050, 0.000050
4576, 0.000075, 0.000049, 0.000048
4577, 0.000073, 0.000053, 0.000051
4578, 0.000076, 0.000050, 0.000050
4579, 0.000075, 0.000054, 0.000051
4580, 0.000075, 0.000050, 0.000048
4581, 0.000073, 0.000047, 0.000047
4582, 0.000073, 0.000050, 0.000049
4583, 0.000074, 0.000049, 0.000049
4584, 0.000075, 0.000050, 0.000050
4585, 0.000073, 0.000047, 0.000047
4586, 0.000072, 0.000049, 0.000048
4587, 0.000073, 0.000051, 0.000050
4588, 0.000072, 0.000049, 0.000049
4589, 0.000073, 0.000050, 0.000049
4590, 0.000074, 0.000051, 0.000050
4591, 0.000072, 0.000049, 0.000049
4592, 0.000073, 0.000053, 0.000052
4593, 0.000076, 0.000048, 0.000048
4594, 0.000074, 0.000051, 0.000051
4595, 0.000073, 0.000048, 0.000047
4596, 0.000071, 0.000047, 0.000047
4597, 0.000072, 0.000050, 0.000050
4598, 0.000073, 0.000049, 0.000048
4599, 0.000072, 0.000051, 0.000049
4600, 0.000072, 0.000048, 0.000048
4601, 0.000072, 0.000047, 0.000047
4602, 0.000073, 0.000050, 0.000050
4603, 0.000073, 0.000048, 0.000049
4604, 0.000075, 0.000059, 0.000058
4605, 0.000077, 0.000053, 0.000054
4606, 0.000078, 0.000057, 0.000056
4607, 0.000076, 0.000048, 0.000047
4608, 0.000072, 0.000047, 0.000047
4609, 0.000071, 0.000058, 0.000056
4610, 0.000076, 0.000056, 0.000056
4611, 0.000082, 0.000068, 0.000066
4612, 0.000085, 0.000056, 0.000057
4613, 0.000081, 0.000054, 0.000052
4614, 0.000072, 0.000050, 0.000049
4615, 0.000071, 0.000051, 0.000051
4616, 0.000075, 0.000062, 0.000060
4617, 0.000078, 0.000054, 0.000055
4618, 0.000080, 0.000054, 0.000053
4619, 0.000074, 0.000046, 0.000046
4620, 0.000070, 0.000047, 0.000047
4621, 0.000072, 0.000056, 0.000054
4622, 0.000075, 0.000052, 0.000052
4623, 0.000077, 0.000057, 0.000055
4624, 0.000076, 0.000049, 0.000048
4625, 0.000074, 0.000049, 0.000048
4626, 0.000071, 0.000050, 0.000050
4627, 0.000072, 0.000049, 0.000050
4628, 0.000073, 0.000056, 0.000055
4629, 0.000075, 0.000048, 0.000049
4630, 0.000075, 0.000054, 0.000052
4631, 0.000074, 0.000048, 0.000047
4632, 0.000071, 0.000048, 0.000047
4633, 0.000071, 0.000049, 0.000048
4634, 0.000071, 0.000047, 0.000047
4635, 0.000071, 0.000049, 0.000048
4636, 0.000071, 0.000047, 0.000047
4637, 0.000072, 0.000050, 0.000048
4638, 0.000071, 0.000047, 0.000048
4639, 0.000073, 0.000050, 0.000048
4640, 0.000071, 0.000049, 0.000047
4641, 0.000071, 0.000048, 0.000048
4642, 0.000071, 0.000051, 0.000049
4643, 0.000072, 0.000050, 0.000048
4644, 0.000071, 0.000049, 0.000048
4645, 0.000071, 0.000046, 0.000046
4646, 0.000071, 0.000049, 0.000048
4647, 0.000072, 0.000047, 0.000048
4648, 0.000071, 0.000047, 0.000046
4649, 0.000070, 0.000050, 0.000049
4650, 0.000070, 0.000049, 0.000048
4651, 0.000072, 0.000050, 0.000049
4652, 0.000070, 0.000049, 0.000048
4653, 0.000071, 0.000050, 0.000049
4654, 0.000071, 0.000046, 0.000046
4655, 0.000072, 0.000048, 0.000047
4656, 0.000071, 0.000046, 0.000046
4657, 0.000071, 0.000049, 0.000048
4658, 0.000070, 0.000048, 0.000048
4659, 0.000071, 0.000051, 0.000049
4660, 0.000071, 0.000048, 0.000048
4661, 0.000070, 0.000047, 0.000046
4662, 0.000070, 0.000046, 0.000045
4663, 0.000070, 0.000046, 0.000046
4664, 0.000070, 0.000051, 0.000050
4665, 0.000071, 0.000048, 0.000048
4666, 0.000070, 0.000048, 0.000048
4667, 0.000070, 0.000048, 0.000047
4668, 0.000070, 0.000048, 0.000047
4669, 0.000069, 0.000049, 0.000047
4670, 0.000069, 0.000050, 0.000049
4671, 0.000070, 0.000048, 0.000048
4672, 0.000070, 0.000049, 0.000048
4673, 0.000070, 0.000046, 0.000046
4674, 0.000070, 0.000046, 0.000046
4675, 0.000070, 0.000048, 0.000048
4676, 0.000070, 0.000047, 0.000047
4677, 0.000070, 0.000052, 0.000051
4678, 0.000072, 0.000048, 0.000049
4679, 0.000071, 0.000049, 0.000049
4680, 0.000071, 0.000047, 0.000047
4681, 0.000071, 0.000048, 0.000048
4682, 0.000069, 0.000047, 0.000047
4683, 0.000069, 0.000046, 0.000046
4684, 0.000070, 0.000047, 0.000047
4685, 0.000070, 0.000047, 0.000047
4686, 0.000070, 0.000048, 0.000048
4687, 0.000069, 0.000050, 0.000050
4688, 0.000070, 0.000048, 0.000049
4689, 0.000070, 0.000052, 0.000051
4690, 0.000071, 0.000047, 0.000048
4691, 0.000072, 0.000050, 0.000050
4692, 0.000071, 0.000050, 0.000050
4693, 0.000073, 0.000055, 0.000054
4694, 0.000073, 0.000049, 0.000049
4695, 0.000072, 0.000053, 0.000051
4696, 0.000071, 0.000048, 0.000048
4697, 0.000069, 0.000050, 0.000050
4698, 0.000069, 0.000049, 0.000049
4699, 0.000069, 0.000048, 0.000048
4700, 0.000069, 0.000050, 0.000050
4701, 0.000069, 0.000048, 0.000047
4702, 0.000068, 0.000048, 0.000047
4703, 0.000069, 0.000047, 0.000047
4704, 0.000068, 0.000049, 0.000049
4705, 0.000069, 0.000048, 0.000048
4706, 0.000071, 0.000049, 0.000049
4707, 0.000070, 0.000046, 0.000047
4708, 0.000068, 0.000048, 0.000048
4709, 0.000069, 0.000049, 0.000049
4710, 0.000070, 0.000049, 0.000049
4711, 0.000070, 0.000049, 0.000048
4712, 0.000071, 0.000047, 0.000047
4713, 0.000069, 0.000050, 0.000049
4714, 0.000069, 0.000048, 0.000048
4715, 0.000069, 0.000049, 0.000049
4716, 0.000069, 0.000048, 0.000048
4717, 0.000069, 0.000050, 0.000050
4718, 0.000070, 0.000048, 0.000049
4719, 0.000070, 0.000051, 0.000050
4720, 0.000070, 0.000048, 0.000049
4721, 0.000071, 0.000057, 0.000055
4722, 0.000072, 0.000052, 0.000053
4723, 0.000074, 0.000064, 0.000062
4724, 0.000077, 0.000061, 0.000062
4725, 0.000082, 0.000074, 0.000072
4726, 0.000086, 0.000063, 0.000064
4727, 0.000085, 0.000064, 0.000063
4728, 0.000080, 0.000050, 0.000051
4729, 0.000073, 0.000050, 0.000050
4730, 0.000070, 0.000051, 0.000050
4731, 0.000070, 0.000053, 0.000053
4732, 0.000073, 0.000066, 0.000063
4733, 0.000078, 0.000053, 0.000054
4734, 0.000076, 0.000055, 0.000052
4735, 0.000072, 0.000047, 0.000047
4736, 0.000069, 0.000048, 0.000048
4737, 0.000069, 0.000048, 0.000048
4738, 0.000068, 0.000049, 0.000048
4739, 0.000068, 0.000049, 0.000049
4740, 0.000068, 0.000051, 0.000050
4741, 0.000069, 0.000048, 0.000048
4742, 0.000069, 0.000049, 0.000050
4743, 0.000069, 0.000049, 0.000050
4744, 0.000069, 0.000049, 0.000049
4745, 0.000068, 0.000047, 0.000047
4746, 0.000068, 0.000050, 0.000050
4747, 0.000070, 0.000048, 0.000048
4748, 0.000069, 0.000048, 0.000048
4749, 0.000068, 0.000051, 0.000051
4750, 0.000069, 0.000047, 0.000048
4751, 0.000070, 0.000049, 0.000048
4752, 0.000069, 0.000047, 0.000047
4753, 0.000067, 0.000048, 0.000047
4754, 0.000067, 0.000050, 0.000049
4755, 0.000068, 0.000049, 0.000050
4756, 0.000068, 0.000051, 0.000050
4757, 0.000069, 0.000049, 0.000050
4758, 0.000071, 0.000052, 0.000052
4759, 0.000070, 0.000047, 0.000048
4760, 0.000070, 0.000052, 0.000051
4761, 0.000072, 0.000048, 0.000049
4762, 0.000071, 0.000052, 0.000051
4763, 0.000068, 0.000049, 0.000049
4764, 0.000069, 0.000051, 0.000050
4765, 0.000067, 0.000049, 0.000049
4766, 0.000066, 0.000049, 0.000048
4767, 0.000067, 0.000048, 0.000047
4768, 0.000066, 0.000047, 0.000048
4769, 0.000068, 0.000051, 0.000051
4770, 0.000069, 0.000048, 0.000050
4771, 0.000070, 0.000054, 0.000053
4772, 0.000070, 0.000050, 0.000050
4773, 0.000071, 0.000052, 0.000051
4774, 0.000069, 0.000049, 0.000049
4775, 0.000069, 0.000050, 0.000049
4776, 0.000067, 0.000047, 0.000047
4777, 0.000066, 0.000047, 0.000047
4778, 0.000066, 0.000050, 0.000049
4779, 0.000067, 0.000048, 0.000048
4780, 0.000069, 0.000051, 0.000050
4781, 0.000068, 0.000048, 0.000048
4782, 0.000068, 0.000049, 0.000049
4783, 0.000066, 0.000048, 0.000048
4784, 0.000067, 0.000047, 0.000047
4785, 0.000067, 0.000049, 0.000049
4786, 0.000069, 0.000046, 0.000046
4787, 0.000067, 0.000048, 0.000047
4788, 0.000067, 0.000048, 0.000048
4789, 0.000067, 0.000050, 0.000049
4790, 0.000068, 0.000048, 0.000049
4791, 0.000068, 0.000054, 0.000053
4792, 0.000069, 0.000049, 0.000051
4793, 0.000069, 0.000054, 0.000053
4794, 0.000070, 0.000050, 0.000052
4795, 0.000072, 0.000058, 0.000057
4796, 0.000074, 0.000054, 0.000055
4797, 0.000074, 0.000058, 0.000056
4798, 0.000075, 0.000054, 0.000054
4799, 0.000074, 0.000059, 0.000057
4800, 0.000073, 0.000051, 0.000051
4801, 0.000071, 0.000051, 0.000050
4802, 0.000069, 0.000048, 0.000048
4803, 0.000067, 0.000048, 0.000048
4804, 0.000066, 0.000053, 0.000052
4805, 0.000069, 0.000054, 0.000054
4806, 0.000071, 0.000061, 0.000058
4807, 0.000075, 0.000055, 0.000057
4808, 0.000075, 0.000059, 0.000057
4809, 0.000073, 0.000050, 0.000051
4810, 0.000070, 0.000050, 0.000049
4811, 0.000067, 0.000048, 0.000047
4812, 0.000066, 0.000048, 0.000049
4813, 0.000068, 0.000054, 0.000053
4814, 0.000069, 0.000050, 0.000051
4815, 0.000070, 0.000054, 0.000053
4816, 0.000069, 0.000053, 0.000054
4817, 0.000070, 0.000052, 0.000052
4818, 0.000069, 0.000051, 0.000051
4819, 0.000067, 0.000048, 0.000047
4820, 0.000067, 0.000049, 0.000048
4821, 0.000066, 0.000049, 0.000048
4822, 0.000066, 0.000047, 0.000048
4823, 0.000066, 0.000047, 0.000048
4824, 0.000065, 0.000048, 0.000048
4825, 0.000066, 0.000047, 0.000049
4826, 0.000066, 0.000051, 0.000050
4827, 0.000067, 0.000049, 0.000050
4828, 0.000068, 0.000052, 0.000051
4829, 0.000068, 0.000049, 0.000049
4830, 0.000067, 0.000048, 0.000048
4831, 0.000066, 0.000047, 0.000047
4832, 0.000065, 0.000050, 0.000050
4833, 0.000068, 0.000056, 0.000054
4834, 0.000072, 0.000054, 0.000055
4835, 0.000072, 0.000055, 0.000053
4836, 0.000069, 0.000050, 0.000050
4837, 0.000069, 0.000055, 0.000053
4838, 0.000069, 0.000050, 0.000051
4839, 0.000068, 0.000050, 0.000049
4840, 0.000066, 0.000049, 0.000049
4841, 0.000066, 0.000048, 0.000048
4842, 0.000065, 0.000048, 0.000048
4843, 0.000065, 0.000047, 0.000047
4844, 0.000065, 0.000047, 0.000048
4845, 0.000066, 0.000048, 0.000048
4846, 0.000065, 0.000048, 0.000048
4847, 0.000065, 0.000048, 0.000047
4848, 0.000065, 0.000049, 0.000048
4849, 0.000065, 0.000048, 0.000048
4850, 0.000065, 0.000049, 0.000049
4851, 0.000065, 0.000048, 0.000048
4852, 0.000065, 0.000047, 0.000047
4853, 0.000065, 0.000047, 0.000047
4854, 0.000065, 0.000047, 0.000047
4855, 0.000065, 0.000051, 0.000050
4856, 0.000067, 0.000052, 0.000053
4857, 0.000070, 0.000057, 0.000055
4858, 0.000070, 0.000054, 0.000056
4859, 0.000072, 0.000057, 0.000056
4860, 0.000071, 0.000052, 0.000054
4861, 0.000070, 0.000053, 0.000053
4862, 0.000068, 0.000047, 0.000046
4863, 0.000066, 0.000047, 0.000047
4864, 0.000066, 0.000055, 0.000053
4865, 0.000070, 0.000056, 0.000059
4866, 0.000075, 0.000063, 0.000061
4867, 0.000075, 0.000057, 0.000059
4868, 0.000073, 0.000054, 0.000053
4869, 0.000070, 0.000050, 0.000050
4870, 0.000066, 0.000048, 0.000048
4871, 0.000064, 0.000050, 0.000049
4872, 0.000067, 0.000056, 0.000056
4873, 0.000071, 0.000066, 0.000063
4874, 0.000077, 0.000063, 0.000065
4875, 0.000080, 0.000069, 0.000067
4876, 0.000081, 0.000058, 0.000059
4877, 0.000077, 0.000053, 0.000052
4878, 0.000070, 0.000049, 0.000050
4879, 0.000067, 0.000048, 0.000048
4880, 0.000066, 0.000049, 0.000049
4881, 0.000066, 0.000048, 0.000049
4882, 0.000065, 0.000051, 0.000050
4883, 0.000066, 0.000050, 0.000049
4884, 0.000066, 0.000049, 0.000048
4885, 0.000065, 0.000048, 0.000048
4886, 0.000066, 0.000049, 0.000049
4887, 0.000064, 0.000048, 0.000049
4888, 0.000064, 0.000048, 0.000049
4889, 0.000065, 0.000047, 0.000048
4890, 0.000064, 0.000047, 0.000048
4891, 0.000064, 0.000050, 0.000050
4892, 0.000066, 0.000050, 0.000051
4893, 0.000066, 0.000051, 0.000050
4894, 0.000066, 0.000048, 0.000049
4895, 0.000065, 0.000049, 0.000048
4896, 0.000065, 0.000047, 0.000048
4897, 0.000064, 0.000049, 0.000050
4898, 0.000066, 0.000057, 0.000055
4899, 0.000069, 0.000056, 0.000058
4900, 0.000071, 0.000054, 0.000052
4901, 0.000069, 0.000048, 0.000049
4902, 0.000066, 0.000047, 0.000048
4903, 0.000066, 0.000047, 0.000048
4904, 0.000064, 0.000048, 0.000048
4905, 0.000065, 0.000048, 0.000049
4906, 0.000065, 0.000050, 0.000049
4907, 0.000065, 0.000048, 0.000047
4908, 0.000064, 0.000048, 0.000047
4909, 0.000064, 0.000046, 0.000046
4910, 0.000064, 0.000046, 0.000046
4911, 0.000065, 0.000048, 0.000047
4912, 0.000063, 0.000047, 0.000047
4913, 0.000064, 0.000049, 0.000048
4914, 0.000064, 0.000050, 0.000049
4915, 0.000064, 0.000050, 0.000051
4916, 0.000065, 0.000052, 0.000051
4917, 0.000065, 0.000049, 0.000051
4918, 0.000066, 0.000049, 0.000049
4919, 0.000066, 0.000048, 0.000049
4920, 0.000064, 0.000047, 0.000048
4921, 0.000063, 0.000048, 0.000048
4922, 0.000064, 0.000048, 0.000048
4923, 0.000063, 0.000048, 0.000048
4924, 0.000064, 0.000047, 0.000047
4925, 0.000063, 0.000047, 0.000048
4926, 0.000064, 0.000049, 0.000049
4927, 0.000065, 0.000048, 0.000049
4928, 0.000065, 0.000049, 0.000048
4929, 0.000064, 0.000049, 0.000049
4930, 0.000064, 0.000049, 0.000049
4931, 0.000065, 0.000052, 0.000052
4932, 0.000067, 0.000049, 0.000049
4933, 0.000066, 0.000049, 0.000049
4934, 0.000064, 0.000048, 0.000048
4935, 0.000064, 0.000049, 0.000050
4936, 0.000067, 0.000057, 0.000055
4937, 0.000070, 0.000054, 0.000055
4938, 0.000070, 0.000055, 0.000053
4939, 0.000068, 0.000051, 0.000052
4940, 0.000066, 0.000051, 0.000051
4941, 0.000065, 0.000053, 0.000053
4942, 0.000066, 0.000051, 0.000053
4943, 0.000067, 0.000055, 0.000054
4944, 0.000070, 0.000058, 0.000060
4945, 0.000071, 0.000052, 0.000051
4946, 0.000067, 0.000048, 0.000048
4947, 0.000064, 0.000049, 0.000049
4948, 0.000064, 0.000050, 0.000049
4949, 0.000066, 0.000055, 0.000056
4950, 0.000069, 0.000060, 0.000058
4951, 0.000072, 0.000058, 0.000060
4952, 0.000072, 0.000056, 0.000055
4953, 0.000068, 0.000048, 0.000049
4954, 0.000064, 0.000047, 0.000047
4955, 0.000063, 0.000050, 0.000049
4956, 0.000064, 0.000052, 0.000053
4957, 0.000067, 0.000056, 0.000054
4958, 0.000070, 0.000057, 0.000059
4959, 0.000070, 0.000053, 0.000052
4960, 0.000067, 0.000049, 0.000050
4961, 0.000064, 0.000048, 0.000048
4962, 0.000063, 0.000049, 0.000048
4963, 0.000065, 0.000053, 0.000054
4964, 0.000068, 0.000056, 0.000055
4965, 0.000069, 0.000055, 0.000056
4966, 0.000069, 0.000053, 0.000052
4967, 0.000066, 0.000049, 0.000050
4968, 0.000063, 0.000048, 0.000049
4969, 0.000063, 0.000048, 0.000048
4970, 0.000062, 0.000047, 0.000048
4971, 0.000063, 0.000048, 0.000047
4972, 0.000064, 0.000048, 0.000048
4973, 0.000063, 0.000047, 0.000046
4974, 0.000063, 0.000047, 0.000047
4975, 0.000063, 0.000049, 0.000048
4976, 0.000062, 0.000048, 0.000049
4977, 0.000062, 0.000050, 0.000051
4978, 0.000063, 0.000051, 0.000050
4979, 0.000063, 0.000050, 0.000051
4980, 0.000066, 0.000053, 0.000051
4981, 0.000066, 0.000049, 0.000049
4982, 0.000065, 0.000049, 0.000048
4983, 0.000063, 0.000049, 0.000049
4984, 0.000063, 0.000048, 0.000048
4985, 0.000062, 0.000052, 0.000050
4986, 0.000064, 0.000054, 0.000055
4987, 0.000066, 0.000053, 0.000052
4988, 0.000067, 0.000054, 0.000056
4989, 0.000068, 0.000054, 0.000053
4990, 0.000067, 0.000052, 0.000054
4991, 0.000066, 0.000049, 0.000049
4992, 0.000065, 0.000046, 0.000047
4993, 0.000062, 0.000048, 0.000048
4994, 0.000061, 0.000050, 0.000049
4995, 0.000063, 0.000051, 0.000051
4996, 0.000066, 0.000055, 0.000054
4997, 0.000067, 0.000052, 0.000053
4998, 0.000066, 0.000052, 0.000052
4999, 0.000065, 0.000051, 0.000053
5000, 0.000064, 0.000048, 0.000048
