Epoch, Train Loss, Valid Loss, Test Loss
1, 0.405361, 0.542086, 0.543734
2, 0.348670, 0.475923, 0.478233
3, 0.305394, 0.417440, 0.420634
4, 0.273142, 0.369345, 0.373122
5, 0.248641, 0.331301, 0.335605
6, 0.229559, 0.307059, 0.311429
7, 0.216630, 0.287295, 0.291665
8, 0.205101, 0.270008, 0.274269
9, 0.194020, 0.252812, 0.256715
10, 0.182384, 0.235867, 0.239447
11, 0.170572, 0.219329, 0.222570
12, 0.158656, 0.203274, 0.206126
13, 0.146820, 0.188426, 0.190925
14, 0.135741, 0.174341, 0.176560
15, 0.125346, 0.160756, 0.162742
16, 0.115446, 0.147830, 0.149613
17, 0.106075, 0.135439, 0.137040
18, 0.097139, 0.123363, 0.124809
19, 0.088498, 0.111538, 0.112862
20, 0.080107, 0.100072, 0.101302
21, 0.072029, 0.089144, 0.090292
22, 0.064354, 0.078965, 0.080036
23, 0.057188, 0.069715, 0.070707
24, 0.050632, 0.061433, 0.062341
25, 0.044734, 0.054079, 0.054906
26, 0.039482, 0.047596, 0.048354
27, 0.034829, 0.041928, 0.042625
28, 0.030737, 0.037012, 0.037655
29, 0.027166, 0.032716, 0.033310
30, 0.024037, 0.028896, 0.029446
31, 0.021294, 0.025510, 0.026021
32, 0.018845, 0.022550, 0.023025
33, 0.016733, 0.020010, 0.020449
34, 0.014886, 0.017834, 0.018243
35, 0.013309, 0.015977, 0.016359
36, 0.011971, 0.014398, 0.014758
37, 0.010833, 0.013070, 0.013413
38, 0.009879, 0.011951, 0.012279
39, 0.009066, 0.010990, 0.011305
40, 0.008366, 0.010141, 0.010444
41, 0.007744, 0.009369, 0.009661
42, 0.007200, 0.008656, 0.008939
43, 0.006697, 0.008030, 0.008301
44, 0.006252, 0.007466, 0.007726
45, 0.005851, 0.006954, 0.007204
46, 0.005491, 0.006490, 0.006731
47, 0.005181, 0.006078, 0.006312
48, 0.004900, 0.005722, 0.005949
49, 0.004658, 0.005410, 0.005632
50, 0.004447, 0.005145, 0.005360
51, 0.004264, 0.004919, 0.005126
52, 0.004097, 0.004722, 0.004922
53, 0.003945, 0.004545, 0.004737
54, 0.003814, 0.004376, 0.004562
55, 0.003695, 0.004224, 0.004403
56, 0.003586, 0.004093, 0.004267
57, 0.003490, 0.003976, 0.004145
58, 0.003406, 0.003874, 0.004038
59, 0.003336, 0.003792, 0.003950
60, 0.003278, 0.003724, 0.003878
61, 0.003223, 0.003657, 0.003807
62, 0.003170, 0.003590, 0.003735
63, 0.003131, 0.003525, 0.003666
64, 0.003092, 0.003463, 0.003600
65, 0.003053, 0.003416, 0.003549
66, 0.003012, 0.003370, 0.003499
67, 0.002971, 0.003327, 0.003452
68, 0.002951, 0.003280, 0.003402
69, 0.002919, 0.003243, 0.003362
70, 0.002900, 0.003211, 0.003326
71, 0.002869, 0.003184, 0.003296
72, 0.002844, 0.003153, 0.003263
73, 0.002829, 0.003129, 0.003236
74, 0.002807, 0.003105, 0.003209
75, 0.002792, 0.003079, 0.003180
76, 0.002769, 0.003054, 0.003153
77, 0.002760, 0.003040, 0.003135
78, 0.002746, 0.003031, 0.003123
79, 0.002732, 0.003016, 0.003106
80, 0.002716, 0.002994, 0.003081
81, 0.002706, 0.002975, 0.003060
82, 0.002697, 0.002961, 0.003044
83, 0.002688, 0.002955, 0.003036
84, 0.002675, 0.002953, 0.003031
85, 0.002672, 0.002938, 0.003014
86, 0.002660, 0.002928, 0.003001
87, 0.002651, 0.002917, 0.002988
88, 0.002646, 0.002904, 0.002973
89, 0.002638, 0.002896, 0.002964
90, 0.002636, 0.002886, 0.002952
91, 0.002622, 0.002878, 0.002942
92, 0.002621, 0.002876, 0.002937
93, 0.002620, 0.002875, 0.002933
94, 0.002610, 0.002868, 0.002924
95, 0.002603, 0.002860, 0.002915
96, 0.002593, 0.002853, 0.002906
97, 0.002594, 0.002845, 0.002896
98, 0.002589, 0.002841, 0.002890
99, 0.002580, 0.002841, 0.002888
100, 0.002581, 0.002840, 0.002886
101, 0.002576, 0.002837, 0.002882
102, 0.002567, 0.002831, 0.002875
103, 0.002567, 0.002821, 0.002863
104, 0.002565, 0.002816, 0.002856
105, 0.002558, 0.002819, 0.002858
106, 0.002554, 0.002822, 0.002860
107, 0.002555, 0.002818, 0.002854
108, 0.002546, 0.002810, 0.002845
109, 0.002541, 0.002802, 0.002836
110, 0.002542, 0.002802, 0.002834
111, 0.002540, 0.002805, 0.002835
112, 0.002540, 0.002800, 0.002829
113, 0.002533, 0.002795, 0.002824
114, 0.002530, 0.002790, 0.002818
115, 0.002533, 0.002790, 0.002817
116, 0.002518, 0.002789, 0.002815
117, 0.002517, 0.002785, 0.002810
118, 0.002514, 0.002782, 0.002806
119, 0.002515, 0.002782, 0.002805
120, 0.002513, 0.002782, 0.002804
121, 0.002507, 0.002779, 0.002801
122, 0.002509, 0.002776, 0.002797
123, 0.002507, 0.002774, 0.002794
124, 0.002503, 0.002772, 0.002790
125, 0.002502, 0.002776, 0.002793
126, 0.002499, 0.002773, 0.002790
127, 0.002496, 0.002760, 0.002777
128, 0.002496, 0.002759, 0.002775
129, 0.002494, 0.002761, 0.002775
130, 0.002489, 0.002768, 0.002781
131, 0.002488, 0.002764, 0.002776
132, 0.002481, 0.002758, 0.002769
133, 0.002479, 0.002757, 0.002768
134, 0.002477, 0.002759, 0.002769
135, 0.002473, 0.002756, 0.002766
136, 0.002475, 0.002751, 0.002759
137, 0.002473, 0.002750, 0.002757
138, 0.002468, 0.002757, 0.002763
139, 0.002469, 0.002761, 0.002767
140, 0.002466, 0.002755, 0.002760
141, 0.002462, 0.002746, 0.002752
142, 0.002456, 0.002739, 0.002744
143, 0.002451, 0.002740, 0.002744
144, 0.002459, 0.002760, 0.002763
145, 0.002456, 0.002773, 0.002776
146, 0.002462, 0.002769, 0.002771
147, 0.002465, 0.002760, 0.002762
148, 0.002457, 0.002752, 0.002754
149, 0.002462, 0.002747, 0.002749
150, 0.002448, 0.002740, 0.002742
151, 0.002437, 0.002732, 0.002732
152, 0.002459, 0.002726, 0.002726
153, 0.002449, 0.002730, 0.002729
154, 0.002446, 0.002738, 0.002737
155, 0.002442, 0.002744, 0.002743
156, 0.002441, 0.002744, 0.002741
157, 0.002439, 0.002743, 0.002739
158, 0.002433, 0.002738, 0.002733
159, 0.002429, 0.002737, 0.002733
160, 0.002423, 0.002726, 0.002721
161, 0.002426, 0.002727, 0.002723
162, 0.002415, 0.002728, 0.002723
163, 0.002418, 0.002731, 0.002725
164, 0.002415, 0.002725, 0.002720
165, 0.002411, 0.002719, 0.002712
166, 0.002408, 0.002718, 0.002710
167, 0.002406, 0.002727, 0.002718
168, 0.002406, 0.002727, 0.002718
169, 0.002401, 0.002722, 0.002714
170, 0.002407, 0.002712, 0.002704
171, 0.002400, 0.002710, 0.002701
172, 0.002395, 0.002712, 0.002702
173, 0.002392, 0.002719, 0.002708
174, 0.002395, 0.002719, 0.002708
175, 0.002390, 0.002711, 0.002701
176, 0.002388, 0.002704, 0.002695
177, 0.002383, 0.002708, 0.002697
178, 0.002383, 0.002712, 0.002700
179, 0.002381, 0.002713, 0.002701
180, 0.002378, 0.002707, 0.002695
181, 0.002376, 0.002700, 0.002689
182, 0.002376, 0.002710, 0.002698
183, 0.002376, 0.002718, 0.002704
184, 0.002382, 0.002720, 0.002706
185, 0.002381, 0.002717, 0.002702
186, 0.002377, 0.002715, 0.002701
187, 0.002375, 0.002705, 0.002692
188, 0.002364, 0.002698, 0.002684
189, 0.002365, 0.002700, 0.002685
190, 0.002365, 0.002708, 0.002692
191, 0.002363, 0.002705, 0.002690
192, 0.002361, 0.002698, 0.002684
193, 0.002354, 0.002688, 0.002674
194, 0.002349, 0.002683, 0.002667
195, 0.002360, 0.002708, 0.002690
196, 0.002361, 0.002726, 0.002708
197, 0.002374, 0.002733, 0.002716
198, 0.002376, 0.002725, 0.002709
199, 0.002368, 0.002722, 0.002705
200, 0.002369, 0.002718, 0.002701
201, 0.002360, 0.002712, 0.002694
202, 0.002352, 0.002702, 0.002685
203, 0.002344, 0.002687, 0.002670
204, 0.002333, 0.002676, 0.002659
205, 0.002349, 0.002713, 0.002694
206, 0.002356, 0.002745, 0.002724
207, 0.002375, 0.002753, 0.002733
208, 0.002381, 0.002743, 0.002725
209, 0.002375, 0.002736, 0.002718
210, 0.002365, 0.002733, 0.002714
211, 0.002365, 0.002729, 0.002709
212, 0.002359, 0.002719, 0.002700
213, 0.002349, 0.002700, 0.002681
214, 0.002330, 0.002680, 0.002662
215, 0.002325, 0.002668, 0.002650
216, 0.002341, 0.002662, 0.002643
217, 0.002332, 0.002656, 0.002637
218, 0.002327, 0.002653, 0.002633
219, 0.002319, 0.002644, 0.002624
220, 0.002315, 0.002637, 0.002618
221, 0.002311, 0.002631, 0.002612
222, 0.002308, 0.002628, 0.002610
223, 0.002302, 0.002628, 0.002608
224, 0.002299, 0.002626, 0.002606
225, 0.002293, 0.002622, 0.002601
226, 0.002287, 0.002614, 0.002595
227, 0.002285, 0.002608, 0.002589
228, 0.002284, 0.002604, 0.002584
229, 0.002277, 0.002602, 0.002581
230, 0.002273, 0.002601, 0.002578
231, 0.002272, 0.002596, 0.002574
232, 0.002268, 0.002593, 0.002573
233, 0.002266, 0.002592, 0.002571
234, 0.002264, 0.002593, 0.002571
235, 0.002264, 0.002591, 0.002568
236, 0.002262, 0.002587, 0.002565
237, 0.002262, 0.002584, 0.002563
238, 0.002259, 0.002581, 0.002560
239, 0.002254, 0.002581, 0.002559
240, 0.002256, 0.002580, 0.002558
241, 0.002251, 0.002578, 0.002556
242, 0.002250, 0.002574, 0.002553
243, 0.002250, 0.002572, 0.002549
244, 0.002245, 0.002571, 0.002548
245, 0.002243, 0.002570, 0.002547
246, 0.002242, 0.002569, 0.002546
247, 0.002238, 0.002566, 0.002543
248, 0.002236, 0.002562, 0.002539
249, 0.002238, 0.002559, 0.002536
250, 0.002233, 0.002558, 0.002535
251, 0.002233, 0.002558, 0.002535
252, 0.002230, 0.002557, 0.002534
253, 0.002230, 0.002555, 0.002531
254, 0.002233, 0.002553, 0.002529
255, 0.002225, 0.002551, 0.002527
256, 0.002225, 0.002549, 0.002525
257, 0.002224, 0.002548, 0.002524
258, 0.002219, 0.002548, 0.002523
259, 0.002222, 0.002546, 0.002521
260, 0.002217, 0.002542, 0.002518
261, 0.002215, 0.002539, 0.002515
262, 0.002213, 0.002538, 0.002513
263, 0.002212, 0.002537, 0.002512
264, 0.002212, 0.002537, 0.002511
265, 0.002207, 0.002534, 0.002509
266, 0.002208, 0.002531, 0.002506
267, 0.002206, 0.002528, 0.002503
268, 0.002205, 0.002527, 0.002502
269, 0.002200, 0.002527, 0.002502
270, 0.002200, 0.002526, 0.002500
271, 0.002201, 0.002524, 0.002498
272, 0.002199, 0.002521, 0.002496
273, 0.002196, 0.002519, 0.002493
274, 0.002195, 0.002516, 0.002490
275, 0.002190, 0.002515, 0.002489
276, 0.002187, 0.002516, 0.002490
277, 0.002189, 0.002514, 0.002487
278, 0.002187, 0.002512, 0.002485
279, 0.002186, 0.002510, 0.002482
280, 0.002183, 0.002507, 0.002480
281, 0.002184, 0.002505, 0.002478
282, 0.002183, 0.002504, 0.002477
283, 0.002182, 0.002503, 0.002476
284, 0.002181, 0.002503, 0.002476
285, 0.002177, 0.002501, 0.002474
286, 0.002177, 0.002498, 0.002471
287, 0.002175, 0.002493, 0.002466
288, 0.002169, 0.002493, 0.002465
289, 0.002172, 0.002493, 0.002466
290, 0.002171, 0.002490, 0.002462
291, 0.002169, 0.002490, 0.002462
292, 0.002164, 0.002492, 0.002465
293, 0.002166, 0.002489, 0.002462
294, 0.002167, 0.002484, 0.002456
295, 0.002163, 0.002482, 0.002454
296, 0.002159, 0.002484, 0.002457
297, 0.002162, 0.002485, 0.002457
298, 0.002160, 0.002479, 0.002451
299, 0.002155, 0.002476, 0.002448
300, 0.002157, 0.002478, 0.002450
301, 0.002158, 0.002477, 0.002449
302, 0.002154, 0.002474, 0.002445
303, 0.002153, 0.002474, 0.002446
304, 0.002156, 0.002476, 0.002447
305, 0.002153, 0.002472, 0.002443
306, 0.002150, 0.002467, 0.002438
307, 0.002148, 0.002469, 0.002440
308, 0.002148, 0.002469, 0.002440
309, 0.002147, 0.002466, 0.002437
310, 0.002143, 0.002464, 0.002436
311, 0.002145, 0.002467, 0.002438
312, 0.002144, 0.002465, 0.002437
313, 0.002142, 0.002463, 0.002434
314, 0.002142, 0.002461, 0.002433
315, 0.002141, 0.002463, 0.002434
316, 0.002140, 0.002461, 0.002433
317, 0.002137, 0.002456, 0.002428
318, 0.002140, 0.002457, 0.002428
319, 0.002138, 0.002459, 0.002431
320, 0.002138, 0.002457, 0.002428
321, 0.002137, 0.002453, 0.002425
322, 0.002135, 0.002457, 0.002428
323, 0.002137, 0.002460, 0.002431
324, 0.002136, 0.002454, 0.002425
325, 0.002133, 0.002451, 0.002422
326, 0.002132, 0.002451, 0.002421
327, 0.002131, 0.002451, 0.002421
328, 0.002128, 0.002449, 0.002420
329, 0.002131, 0.002450, 0.002421
330, 0.002131, 0.002449, 0.002420
331, 0.002127, 0.002450, 0.002421
332, 0.002129, 0.002449, 0.002419
333, 0.002127, 0.002449, 0.002420
334, 0.002126, 0.002446, 0.002417
335, 0.002123, 0.002444, 0.002415
336, 0.002124, 0.002449, 0.002420
337, 0.002124, 0.002447, 0.002418
338, 0.002125, 0.002440, 0.002412
339, 0.002123, 0.002441, 0.002412
340, 0.002123, 0.002447, 0.002418
341, 0.002122, 0.002442, 0.002413
342, 0.002119, 0.002441, 0.002412
343, 0.002122, 0.002446, 0.002416
344, 0.002117, 0.002441, 0.002411
345, 0.002117, 0.002435, 0.002406
346, 0.002118, 0.002439, 0.002409
347, 0.002117, 0.002443, 0.002413
348, 0.002117, 0.002437, 0.002408
349, 0.002120, 0.002437, 0.002407
350, 0.002117, 0.002440, 0.002410
351, 0.002115, 0.002436, 0.002407
352, 0.002116, 0.002433, 0.002404
353, 0.002114, 0.002434, 0.002405
354, 0.002113, 0.002435, 0.002406
355, 0.002114, 0.002433, 0.002404
356, 0.002113, 0.002433, 0.002403
357, 0.002113, 0.002432, 0.002403
358, 0.002110, 0.002431, 0.002402
359, 0.002109, 0.002430, 0.002401
360, 0.002112, 0.002435, 0.002406
361, 0.002111, 0.002430, 0.002401
362, 0.002111, 0.002427, 0.002398
363, 0.002111, 0.002429, 0.002399
364, 0.002106, 0.002431, 0.002401
365, 0.002109, 0.002425, 0.002396
366, 0.002109, 0.002425, 0.002396
367, 0.002106, 0.002429, 0.002399
368, 0.002105, 0.002425, 0.002395
369, 0.002106, 0.002424, 0.002394
370, 0.002105, 0.002427, 0.002396
371, 0.002106, 0.002427, 0.002397
372, 0.002108, 0.002422, 0.002393
373, 0.002105, 0.002423, 0.002393
374, 0.002103, 0.002424, 0.002394
375, 0.002103, 0.002423, 0.002393
376, 0.002102, 0.002423, 0.002393
377, 0.002102, 0.002422, 0.002392
378, 0.002103, 0.002423, 0.002392
379, 0.002104, 0.002421, 0.002391
380, 0.002100, 0.002419, 0.002389
381, 0.002098, 0.002421, 0.002391
382, 0.002100, 0.002421, 0.002390
383, 0.002099, 0.002418, 0.002388
384, 0.002103, 0.002419, 0.002389
385, 0.002100, 0.002421, 0.002391
386, 0.002098, 0.002417, 0.002387
387, 0.002098, 0.002416, 0.002386
388, 0.002097, 0.002415, 0.002385
389, 0.002097, 0.002419, 0.002389
390, 0.002098, 0.002417, 0.002386
391, 0.002097, 0.002415, 0.002385
392, 0.002096, 0.002419, 0.002389
393, 0.002097, 0.002414, 0.002384
394, 0.002095, 0.002413, 0.002383
395, 0.002091, 0.002415, 0.002385
396, 0.002094, 0.002417, 0.002387
397, 0.002092, 0.002413, 0.002383
398, 0.002093, 0.002415, 0.002384
399, 0.002094, 0.002414, 0.002384
400, 0.002095, 0.002408, 0.002379
401, 0.002091, 0.002410, 0.002380
402, 0.002089, 0.002417, 0.002386
403, 0.002092, 0.002411, 0.002382
404, 0.002092, 0.002409, 0.002380
405, 0.002091, 0.002412, 0.002382
406, 0.002090, 0.002412, 0.002381
407, 0.002090, 0.002406, 0.002377
408, 0.002088, 0.002409, 0.002378
409, 0.002090, 0.002410, 0.002379
410, 0.002087, 0.002410, 0.002379
411, 0.002087, 0.002407, 0.002377
412, 0.002087, 0.002410, 0.002379
413, 0.002089, 0.002408, 0.002377
414, 0.002086, 0.002406, 0.002376
415, 0.002085, 0.002408, 0.002377
416, 0.002090, 0.002407, 0.002377
417, 0.002084, 0.002407, 0.002376
418, 0.002084, 0.002403, 0.002373
419, 0.002087, 0.002407, 0.002378
420, 0.002082, 0.002410, 0.002379
421, 0.002083, 0.002403, 0.002373
422, 0.002086, 0.002404, 0.002374
423, 0.002084, 0.002414, 0.002382
424, 0.002086, 0.002402, 0.002373
425, 0.002085, 0.002401, 0.002372
426, 0.002086, 0.002419, 0.002387
427, 0.002083, 0.002404, 0.002373
428, 0.002085, 0.002401, 0.002372
429, 0.002087, 0.002410, 0.002378
430, 0.002086, 0.002406, 0.002374
431, 0.002081, 0.002400, 0.002371
432, 0.002084, 0.002402, 0.002371
433, 0.002082, 0.002413, 0.002380
434, 0.002085, 0.002400, 0.002370
435, 0.002081, 0.002404, 0.002373
436, 0.002078, 0.002415, 0.002383
437, 0.002081, 0.002400, 0.002370
438, 0.002081, 0.002398, 0.002368
439, 0.002078, 0.002406, 0.002374
440, 0.002080, 0.002399, 0.002369
441, 0.002078, 0.002397, 0.002367
442, 0.002081, 0.002404, 0.002373
443, 0.002080, 0.002402, 0.002371
444, 0.002078, 0.002399, 0.002370
445, 0.002076, 0.002400, 0.002369
446, 0.002077, 0.002402, 0.002370
447, 0.002078, 0.002396, 0.002366
448, 0.002077, 0.002400, 0.002369
449, 0.002077, 0.002402, 0.002371
450, 0.002075, 0.002396, 0.002367
451, 0.002075, 0.002397, 0.002367
452, 0.002076, 0.002400, 0.002369
453, 0.002073, 0.002396, 0.002365
454, 0.002078, 0.002396, 0.002365
455, 0.002075, 0.002402, 0.002370
456, 0.002075, 0.002398, 0.002367
457, 0.002072, 0.002396, 0.002365
458, 0.002074, 0.002397, 0.002366
459, 0.002077, 0.002404, 0.002372
460, 0.002075, 0.002394, 0.002364
461, 0.002075, 0.002393, 0.002363
462, 0.002073, 0.002399, 0.002368
463, 0.002075, 0.002394, 0.002363
464, 0.002072, 0.002395, 0.002364
465, 0.002072, 0.002400, 0.002369
466, 0.002072, 0.002392, 0.002362
467, 0.002074, 0.002394, 0.002364
468, 0.002071, 0.002404, 0.002372
469, 0.002074, 0.002392, 0.002362
470, 0.002074, 0.002393, 0.002362
471, 0.002069, 0.002401, 0.002369
472, 0.002075, 0.002393, 0.002362
473, 0.002070, 0.002391, 0.002361
474, 0.002070, 0.002396, 0.002365
475, 0.002073, 0.002394, 0.002363
476, 0.002073, 0.002392, 0.002361
477, 0.002067, 0.002398, 0.002366
478, 0.002069, 0.002392, 0.002361
479, 0.002072, 0.002390, 0.002360
480, 0.002069, 0.002393, 0.002362
481, 0.002069, 0.002391, 0.002360
482, 0.002068, 0.002391, 0.002361
483, 0.002068, 0.002392, 0.002361
484, 0.002068, 0.002396, 0.002364
485, 0.002067, 0.002390, 0.002359
486, 0.002072, 0.002394, 0.002361
487, 0.002069, 0.002392, 0.002360
488, 0.002068, 0.002390, 0.002358
489, 0.002067, 0.002394, 0.002361
490, 0.002068, 0.002393, 0.002361
491, 0.002066, 0.002388, 0.002357
492, 0.002067, 0.002389, 0.002358
493, 0.002065, 0.002393, 0.002361
494, 0.002067, 0.002388, 0.002357
495, 0.002066, 0.002392, 0.002360
496, 0.002066, 0.002396, 0.002364
497, 0.002068, 0.002386, 0.002357
498, 0.002066, 0.002389, 0.002358
499, 0.002066, 0.002394, 0.002363
500, 0.002066, 0.002385, 0.002356
501, 0.002063, 0.002390, 0.002359
502, 0.002064, 0.002391, 0.002360
503, 0.002065, 0.002385, 0.002356
504, 0.002064, 0.002386, 0.002356
505, 0.002063, 0.002395, 0.002363
506, 0.002066, 0.002384, 0.002354
507, 0.002066, 0.002389, 0.002358
508, 0.002063, 0.002396, 0.002364
509, 0.002065, 0.002385, 0.002356
510, 0.002063, 0.002388, 0.002357
511, 0.002063, 0.002400, 0.002367
512, 0.002067, 0.002383, 0.002353
513, 0.002065, 0.002388, 0.002357
514, 0.002063, 0.002391, 0.002360
515, 0.002064, 0.002384, 0.002354
516, 0.002063, 0.002387, 0.002356
517, 0.002058, 0.002394, 0.002363
518, 0.002064, 0.002383, 0.002353
519, 0.002062, 0.002389, 0.002357
520, 0.002061, 0.002389, 0.002357
521, 0.002061, 0.002383, 0.002352
522, 0.002061, 0.002389, 0.002357
523, 0.002061, 0.002389, 0.002357
524, 0.002062, 0.002381, 0.002351
525, 0.002059, 0.002387, 0.002355
526, 0.002060, 0.002389, 0.002357
527, 0.002059, 0.002383, 0.002353
528, 0.002060, 0.002388, 0.002356
529, 0.002058, 0.002381, 0.002351
530, 0.002057, 0.002381, 0.002351
531, 0.002057, 0.002394, 0.002362
532, 0.002060, 0.002381, 0.002351
533, 0.002060, 0.002383, 0.002353
534, 0.002057, 0.002387, 0.002356
535, 0.002057, 0.002385, 0.002355
536, 0.002058, 0.002382, 0.002352
537, 0.002058, 0.002384, 0.002353
538, 0.002061, 0.002385, 0.002354
539, 0.002059, 0.002380, 0.002350
540, 0.002057, 0.002386, 0.002354
541, 0.002057, 0.002384, 0.002353
542, 0.002056, 0.002378, 0.002348
543, 0.002059, 0.002383, 0.002352
544, 0.002058, 0.002384, 0.002353
545, 0.002055, 0.002378, 0.002348
546, 0.002054, 0.002381, 0.002351
547, 0.002056, 0.002380, 0.002350
548, 0.002052, 0.002381, 0.002351
549, 0.002055, 0.002383, 0.002352
550, 0.002053, 0.002382, 0.002351
551, 0.002055, 0.002381, 0.002350
552, 0.002052, 0.002376, 0.002346
553, 0.002055, 0.002386, 0.002354
554, 0.002053, 0.002376, 0.002346
555, 0.002057, 0.002381, 0.002350
556, 0.002051, 0.002379, 0.002348
557, 0.002052, 0.002377, 0.002347
558, 0.002054, 0.002380, 0.002349
559, 0.002050, 0.002379, 0.002348
560, 0.002052, 0.002378, 0.002348
561, 0.002053, 0.002380, 0.002350
562, 0.002050, 0.002378, 0.002348
563, 0.002052, 0.002379, 0.002349
564, 0.002053, 0.002373, 0.002344
565, 0.002053, 0.002379, 0.002348
566, 0.002051, 0.002380, 0.002349
567, 0.002050, 0.002375, 0.002344
568, 0.002051, 0.002380, 0.002349
569, 0.002053, 0.002378, 0.002347
570, 0.002048, 0.002371, 0.002341
571, 0.002050, 0.002377, 0.002345
572, 0.002049, 0.002376, 0.002345
573, 0.002047, 0.002375, 0.002344
574, 0.002047, 0.002379, 0.002347
575, 0.002049, 0.002372, 0.002342
576, 0.002050, 0.002378, 0.002347
577, 0.002051, 0.002379, 0.002348
578, 0.002048, 0.002369, 0.002340
579, 0.002052, 0.002378, 0.002347
580, 0.002048, 0.002375, 0.002344
581, 0.002049, 0.002370, 0.002340
582, 0.002047, 0.002375, 0.002344
583, 0.002048, 0.002378, 0.002347
584, 0.002048, 0.002372, 0.002341
585, 0.002047, 0.002372, 0.002342
586, 0.002046, 0.002379, 0.002347
587, 0.002048, 0.002367, 0.002337
588, 0.002048, 0.002378, 0.002346
589, 0.002047, 0.002370, 0.002340
590, 0.002046, 0.002368, 0.002338
591, 0.002045, 0.002378, 0.002347
592, 0.002045, 0.002373, 0.002342
593, 0.002043, 0.002367, 0.002338
594, 0.002044, 0.002377, 0.002347
595, 0.002044, 0.002366, 0.002337
596, 0.002047, 0.002371, 0.002341
597, 0.002043, 0.002375, 0.002344
598, 0.002045, 0.002365, 0.002336
599, 0.002043, 0.002368, 0.002338
600, 0.002042, 0.002379, 0.002347
601, 0.002047, 0.002361, 0.002333
602, 0.002046, 0.002373, 0.002342
603, 0.002045, 0.002374, 0.002343
604, 0.002043, 0.002363, 0.002334
605, 0.002042, 0.002385, 0.002352
606, 0.002044, 0.002366, 0.002336
607, 0.002040, 0.002361, 0.002332
608, 0.002041, 0.002384, 0.002351
609, 0.002044, 0.002363, 0.002333
610, 0.002043, 0.002363, 0.002333
611, 0.002040, 0.002383, 0.002351
612, 0.002043, 0.002359, 0.002330
613, 0.002044, 0.002372, 0.002340
614, 0.002039, 0.002368, 0.002337
615, 0.002038, 0.002359, 0.002330
616, 0.002039, 0.002371, 0.002339
617, 0.002043, 0.002366, 0.002335
618, 0.002037, 0.002358, 0.002328
619, 0.002039, 0.002371, 0.002339
620, 0.002037, 0.002360, 0.002330
621, 0.002037, 0.002358, 0.002328
622, 0.002036, 0.002366, 0.002335
623, 0.002038, 0.002362, 0.002332
624, 0.002039, 0.002361, 0.002331
625, 0.002037, 0.002364, 0.002333
626, 0.002036, 0.002363, 0.002332
627, 0.002032, 0.002356, 0.002326
628, 0.002035, 0.002360, 0.002330
629, 0.002036, 0.002366, 0.002334
630, 0.002034, 0.002359, 0.002328
631, 0.002034, 0.002356, 0.002326
632, 0.002033, 0.002367, 0.002335
633, 0.002037, 0.002353, 0.002323
634, 0.002033, 0.002359, 0.002328
635, 0.002032, 0.002359, 0.002328
636, 0.002033, 0.002349, 0.002320
637, 0.002034, 0.002360, 0.002329
638, 0.002032, 0.002361, 0.002330
639, 0.002032, 0.002350, 0.002322
640, 0.002031, 0.002364, 0.002334
641, 0.002030, 0.002353, 0.002324
642, 0.002030, 0.002348, 0.002319
643, 0.002033, 0.002366, 0.002335
644, 0.002031, 0.002345, 0.002317
645, 0.002033, 0.002355, 0.002325
646, 0.002029, 0.002358, 0.002328
647, 0.002028, 0.002346, 0.002318
648, 0.002030, 0.002356, 0.002325
649, 0.002026, 0.002352, 0.002322
650, 0.002029, 0.002345, 0.002316
651, 0.002027, 0.002349, 0.002318
652, 0.002028, 0.002352, 0.002321
653, 0.002024, 0.002345, 0.002315
654, 0.002024, 0.002350, 0.002320
655, 0.002026, 0.002345, 0.002315
656, 0.002025, 0.002349, 0.002318
657, 0.002022, 0.002345, 0.002315
658, 0.002024, 0.002346, 0.002316
659, 0.002024, 0.002353, 0.002322
660, 0.002023, 0.002339, 0.002310
661, 0.002024, 0.002345, 0.002315
662, 0.002022, 0.002342, 0.002312
663, 0.002021, 0.002343, 0.002313
664, 0.002023, 0.002342, 0.002312
665, 0.002023, 0.002344, 0.002313
666, 0.002021, 0.002341, 0.002312
667, 0.002022, 0.002342, 0.002311
668, 0.002017, 0.002338, 0.002309
669, 0.002016, 0.002340, 0.002310
670, 0.002018, 0.002337, 0.002307
671, 0.002018, 0.002343, 0.002312
672, 0.002017, 0.002333, 0.002304
673, 0.002016, 0.002345, 0.002313
674, 0.002020, 0.002331, 0.002301
675, 0.002016, 0.002333, 0.002304
676, 0.002016, 0.002340, 0.002309
677, 0.002015, 0.002329, 0.002301
678, 0.002016, 0.002345, 0.002314
679, 0.002016, 0.002330, 0.002302
680, 0.002014, 0.002334, 0.002305
681, 0.002014, 0.002335, 0.002304
682, 0.002016, 0.002325, 0.002296
683, 0.002013, 0.002331, 0.002301
684, 0.002013, 0.002325, 0.002295
685, 0.002010, 0.002332, 0.002301
686, 0.002012, 0.002336, 0.002305
687, 0.002009, 0.002319, 0.002292
688, 0.002011, 0.002339, 0.002307
689, 0.002012, 0.002326, 0.002296
690, 0.002008, 0.002316, 0.002288
691, 0.002009, 0.002342, 0.002310
692, 0.002013, 0.002314, 0.002287
693, 0.002009, 0.002330, 0.002300
694, 0.002005, 0.002321, 0.002292
695, 0.002007, 0.002313, 0.002285
696, 0.002003, 0.002329, 0.002298
697, 0.002008, 0.002310, 0.002282
698, 0.002003, 0.002329, 0.002298
699, 0.002004, 0.002317, 0.002287
700, 0.002002, 0.002313, 0.002283
701, 0.002003, 0.002322, 0.002291
702, 0.002000, 0.002307, 0.002278
703, 0.001999, 0.002323, 0.002293
704, 0.002000, 0.002309, 0.002280
705, 0.001997, 0.002308, 0.002279
706, 0.002000, 0.002320, 0.002289
707, 0.001999, 0.002301, 0.002273
708, 0.001996, 0.002313, 0.002283
709, 0.001994, 0.002308, 0.002278
710, 0.001993, 0.002296, 0.002269
711, 0.001996, 0.002326, 0.002295
712, 0.001998, 0.002295, 0.002267
713, 0.001992, 0.002303, 0.002274
714, 0.001992, 0.002304, 0.002275
715, 0.001988, 0.002294, 0.002266
716, 0.001988, 0.002299, 0.002270
717, 0.001987, 0.002300, 0.002271
718, 0.001988, 0.002290, 0.002262
719, 0.001989, 0.002299, 0.002269
720, 0.001985, 0.002296, 0.002267
721, 0.001986, 0.002288, 0.002260
722, 0.001982, 0.002292, 0.002263
723, 0.001981, 0.002289, 0.002260
724, 0.001984, 0.002283, 0.002255
725, 0.001980, 0.002283, 0.002254
726, 0.001980, 0.002294, 0.002264
727, 0.001979, 0.002276, 0.002250
728, 0.001979, 0.002290, 0.002260
729, 0.001977, 0.002280, 0.002251
730, 0.001979, 0.002274, 0.002246
731, 0.001973, 0.002287, 0.002257
732, 0.001978, 0.002270, 0.002242
733, 0.001974, 0.002278, 0.002248
734, 0.001971, 0.002280, 0.002250
735, 0.001970, 0.002264, 0.002236
736, 0.001973, 0.002282, 0.002252
737, 0.001972, 0.002262, 0.002234
738, 0.001967, 0.002264, 0.002235
739, 0.001963, 0.002274, 0.002245
740, 0.001966, 0.002256, 0.002229
741, 0.001966, 0.002271, 0.002241
742, 0.001964, 0.002257, 0.002229
743, 0.001962, 0.002254, 0.002226
744, 0.001962, 0.002266, 0.002237
745, 0.001963, 0.002245, 0.002219
746, 0.001961, 0.002267, 0.002237
747, 0.001959, 0.002248, 0.002219
748, 0.001954, 0.002245, 0.002217
749, 0.001954, 0.002253, 0.002223
750, 0.001951, 0.002239, 0.002211
751, 0.001950, 0.002244, 0.002215
752, 0.001949, 0.002247, 0.002217
753, 0.001948, 0.002233, 0.002205
754, 0.001948, 0.002244, 0.002215
755, 0.001944, 0.002234, 0.002207
756, 0.001944, 0.002228, 0.002200
757, 0.001942, 0.002241, 0.002212
758, 0.001947, 0.002220, 0.002194
759, 0.001942, 0.002239, 0.002210
760, 0.001942, 0.002217, 0.002190
761, 0.001937, 0.002227, 0.002197
762, 0.001935, 0.002226, 0.002196
763, 0.001934, 0.002208, 0.002182
764, 0.001938, 0.002250, 0.002218
765, 0.001941, 0.002203, 0.002177
766, 0.001932, 0.002207, 0.002178
767, 0.001928, 0.002231, 0.002201
768, 0.001930, 0.002195, 0.002169
769, 0.001930, 0.002224, 0.002194
770, 0.001926, 0.002192, 0.002165
771, 0.001919, 0.002201, 0.002173
772, 0.001916, 0.002199, 0.002170
773, 0.001915, 0.002186, 0.002158
774, 0.001916, 0.002196, 0.002166
775, 0.001913, 0.002182, 0.002154
776, 0.001911, 0.002184, 0.002155
777, 0.001909, 0.002177, 0.002148
778, 0.001904, 0.002184, 0.002154
779, 0.001905, 0.002172, 0.002143
780, 0.001901, 0.002175, 0.002145
781, 0.001902, 0.002169, 0.002140
782, 0.001899, 0.002166, 0.002137
783, 0.001896, 0.002165, 0.002135
784, 0.001891, 0.002160, 0.002131
785, 0.001891, 0.002159, 0.002130
786, 0.001887, 0.002148, 0.002121
787, 0.001883, 0.002149, 0.002120
788, 0.001880, 0.002156, 0.002126
789, 0.001883, 0.002136, 0.002108
790, 0.001881, 0.002141, 0.002112
791, 0.001878, 0.002145, 0.002115
792, 0.001876, 0.002125, 0.002100
793, 0.001880, 0.002175, 0.002144
794, 0.001884, 0.002117, 0.002092
795, 0.001875, 0.002132, 0.002103
796, 0.001868, 0.002122, 0.002094
797, 0.001860, 0.002108, 0.002081
798, 0.001859, 0.002118, 0.002089
799, 0.001856, 0.002104, 0.002076
800, 0.001854, 0.002103, 0.002075
801, 0.001852, 0.002096, 0.002068
802, 0.001849, 0.002097, 0.002068
803, 0.001843, 0.002088, 0.002061
804, 0.001842, 0.002082, 0.002055
805, 0.001840, 0.002088, 0.002060
806, 0.001835, 0.002077, 0.002049
807, 0.001834, 0.002080, 0.002051
808, 0.001831, 0.002065, 0.002038
809, 0.001827, 0.002068, 0.002040
810, 0.001824, 0.002057, 0.002030
811, 0.001820, 0.002059, 0.002032
812, 0.001821, 0.002052, 0.002024
813, 0.001812, 0.002043, 0.002017
814, 0.001816, 0.002060, 0.002031
815, 0.001812, 0.002030, 0.002005
816, 0.001814, 0.002054, 0.002024
817, 0.001808, 0.002021, 0.001995
818, 0.001798, 0.002024, 0.001997
819, 0.001793, 0.002022, 0.001994
820, 0.001792, 0.002008, 0.001982
821, 0.001787, 0.002027, 0.001998
822, 0.001788, 0.001995, 0.001970
823, 0.001786, 0.002019, 0.001988
824, 0.001780, 0.001989, 0.001962
825, 0.001771, 0.001982, 0.001955
826, 0.001767, 0.002002, 0.001973
827, 0.001769, 0.001971, 0.001945
828, 0.001770, 0.002009, 0.001979
829, 0.001769, 0.001963, 0.001940
830, 0.001762, 0.001973, 0.001944
831, 0.001751, 0.001961, 0.001932
832, 0.001748, 0.001944, 0.001920
833, 0.001749, 0.001988, 0.001958
834, 0.001755, 0.001933, 0.001910
835, 0.001747, 0.001955, 0.001926
836, 0.001735, 0.001923, 0.001897
837, 0.001729, 0.001922, 0.001895
838, 0.001717, 0.001920, 0.001893
839, 0.001714, 0.001902, 0.001877
840, 0.001712, 0.001919, 0.001890
841, 0.001709, 0.001888, 0.001863
842, 0.001707, 0.001901, 0.001873
843, 0.001701, 0.001879, 0.001853
844, 0.001693, 0.001883, 0.001855
845, 0.001687, 0.001869, 0.001843
846, 0.001682, 0.001865, 0.001838
847, 0.001679, 0.001852, 0.001827
848, 0.001673, 0.001853, 0.001826
849, 0.001666, 0.001847, 0.001821
850, 0.001661, 0.001834, 0.001808
851, 0.001654, 0.001833, 0.001806
852, 0.001652, 0.001823, 0.001797
853, 0.001646, 0.001817, 0.001791
854, 0.001640, 0.001812, 0.001786
855, 0.001634, 0.001800, 0.001774
856, 0.001632, 0.001797, 0.001770
857, 0.001623, 0.001788, 0.001762
858, 0.001616, 0.001781, 0.001755
859, 0.001616, 0.001777, 0.001750
860, 0.001610, 0.001764, 0.001738
861, 0.001600, 0.001764, 0.001737
862, 0.001597, 0.001749, 0.001724
863, 0.001591, 0.001744, 0.001718
864, 0.001585, 0.001734, 0.001709
865, 0.001579, 0.001730, 0.001703
866, 0.001572, 0.001720, 0.001694
867, 0.001565, 0.001718, 0.001691
868, 0.001562, 0.001704, 0.001679
869, 0.001555, 0.001697, 0.001671
870, 0.001550, 0.001690, 0.001664
871, 0.001541, 0.001681, 0.001656
872, 0.001535, 0.001676, 0.001648
873, 0.001530, 0.001659, 0.001633
874, 0.001526, 0.001675, 0.001648
875, 0.001520, 0.001645, 0.001620
876, 0.001517, 0.001672, 0.001642
877, 0.001510, 0.001628, 0.001605
878, 0.001502, 0.001630, 0.001603
879, 0.001490, 0.001620, 0.001590
880, 0.001485, 0.001603, 0.001578
881, 0.001479, 0.001626, 0.001597
882, 0.001476, 0.001587, 0.001561
883, 0.001474, 0.001604, 0.001574
884, 0.001459, 0.001572, 0.001546
885, 0.001451, 0.001563, 0.001534
886, 0.001443, 0.001573, 0.001543
887, 0.001437, 0.001545, 0.001521
888, 0.001435, 0.001580, 0.001547
889, 0.001432, 0.001539, 0.001516
890, 0.001431, 0.001572, 0.001542
891, 0.001424, 0.001510, 0.001488
892, 0.001409, 0.001524, 0.001495
893, 0.001396, 0.001486, 0.001463
894, 0.001386, 0.001487, 0.001464
895, 0.001378, 0.001490, 0.001462
896, 0.001377, 0.001460, 0.001442
897, 0.001374, 0.001507, 0.001480
898, 0.001372, 0.001450, 0.001432
899, 0.001368, 0.001478, 0.001451
900, 0.001355, 0.001423, 0.001403
901, 0.001336, 0.001419, 0.001393
902, 0.001325, 0.001411, 0.001389
903, 0.001314, 0.001389, 0.001369
904, 0.001309, 0.001401, 0.001375
905, 0.001304, 0.001373, 0.001353
906, 0.001299, 0.001383, 0.001359
907, 0.001290, 0.001356, 0.001337
908, 0.001282, 0.001351, 0.001326
909, 0.001269, 0.001338, 0.001317
910, 0.001263, 0.001328, 0.001308
911, 0.001255, 0.001348, 0.001323
912, 0.001257, 0.001320, 0.001306
913, 0.001261, 0.001365, 0.001340
914, 0.001268, 0.001318, 0.001306
915, 0.001259, 0.001334, 0.001308
916, 0.001239, 0.001269, 0.001253
917, 0.001215, 0.001275, 0.001255
918, 0.001206, 0.001268, 0.001245
919, 0.001201, 0.001254, 0.001238
920, 0.001192, 0.001253, 0.001231
921, 0.001184, 0.001225, 0.001204
922, 0.001174, 0.001250, 0.001232
923, 0.001177, 0.001220, 0.001199
924, 0.001169, 0.001219, 0.001199
925, 0.001155, 0.001204, 0.001185
926, 0.001140, 0.001187, 0.001169
927, 0.001136, 0.001202, 0.001181
928, 0.001131, 0.001168, 0.001149
929, 0.001121, 0.001162, 0.001142
930, 0.001108, 0.001166, 0.001147
931, 0.001104, 0.001146, 0.001128
932, 0.001100, 0.001149, 0.001128
933, 0.001086, 0.001126, 0.001109
934, 0.001079, 0.001122, 0.001104
935, 0.001074, 0.001128, 0.001108
936, 0.001071, 0.001100, 0.001084
937, 0.001064, 0.001128, 0.001105
938, 0.001058, 0.001082, 0.001067
939, 0.001056, 0.001114, 0.001094
940, 0.001046, 0.001063, 0.001045
941, 0.001033, 0.001055, 0.001039
942, 0.001018, 0.001074, 0.001050
943, 0.001022, 0.001045, 0.001032
944, 0.001024, 0.001087, 0.001062
945, 0.001014, 0.001015, 0.000998
946, 0.000996, 0.001024, 0.001004
947, 0.000985, 0.001026, 0.001005
948, 0.000984, 0.001003, 0.000987
949, 0.000985, 0.001057, 0.001035
950, 0.000987, 0.000987, 0.000967
951, 0.000977, 0.001022, 0.001002
952, 0.000961, 0.000965, 0.000940
953, 0.000945, 0.000964, 0.000948
954, 0.000936, 0.000986, 0.000960
955, 0.000936, 0.000943, 0.000926
956, 0.000932, 0.000970, 0.000945
957, 0.000917, 0.000927, 0.000902
958, 0.000906, 0.000933, 0.000918
959, 0.000909, 0.000975, 0.000944
960, 0.000931, 0.000969, 0.000960
961, 0.000941, 0.001009, 0.000975
962, 0.000979, 0.001062, 0.001054
963, 0.000982, 0.000924, 0.000895
964, 0.000943, 0.000903, 0.000881
965, 0.000886, 0.000907, 0.000894
966, 0.000903, 0.000910, 0.000887
967, 0.000923, 0.000863, 0.000845
968, 0.000857, 0.000890, 0.000879
969, 0.000886, 0.000946, 0.000920
970, 0.000935, 0.000844, 0.000831
971, 0.000841, 0.000849, 0.000842
972, 0.000848, 0.000920, 0.000891
973, 0.000913, 0.000817, 0.000806
974, 0.000824, 0.000814, 0.000806
975, 0.000819, 0.000865, 0.000836
976, 0.000870, 0.000801, 0.000796
977, 0.000815, 0.000799, 0.000786
978, 0.000795, 0.000810, 0.000782
979, 0.000833, 0.000788, 0.000781
980, 0.000797, 0.000758, 0.000741
981, 0.000769, 0.000746, 0.000726
982, 0.000780, 0.000797, 0.000789
983, 0.000794, 0.000756, 0.000733
984, 0.000781, 0.000736, 0.000718
985, 0.000760, 0.000743, 0.000734
986, 0.000764, 0.000733, 0.000708
987, 0.000757, 0.000706, 0.000694
988, 0.000735, 0.000698, 0.000685
989, 0.000731, 0.000708, 0.000685
990, 0.000738, 0.000702, 0.000694
991, 0.000731, 0.000678, 0.000664
992, 0.000718, 0.000719, 0.000698
993, 0.000738, 0.000703, 0.000695
994, 0.000744, 0.000722, 0.000708
995, 0.000733, 0.000683, 0.000663
996, 0.000734, 0.000699, 0.000694
997, 0.000724, 0.000643, 0.000627
998, 0.000693, 0.000647, 0.000630
999, 0.000689, 0.000658, 0.000652
1000, 0.000699, 0.000637, 0.000620
1001, 0.000690, 0.000654, 0.000640
1002, 0.000691, 0.000633, 0.000624
1003, 0.000692, 0.000639, 0.000623
1004, 0.000682, 0.000603, 0.000592
1005, 0.000663, 0.000600, 0.000590
1006, 0.000659, 0.000618, 0.000602
1007, 0.000663, 0.000589, 0.000579
1008, 0.000658, 0.000608, 0.000597
1009, 0.000655, 0.000592, 0.000577
1010, 0.000650, 0.000579, 0.000570
1011, 0.000644, 0.000586, 0.000574
1012, 0.000639, 0.000564, 0.000552
1013, 0.000633, 0.000564, 0.000555
1014, 0.000634, 0.000571, 0.000559
1015, 0.000631, 0.000557, 0.000548
1016, 0.000630, 0.000567, 0.000557
1017, 0.000627, 0.000554, 0.000542
1018, 0.000622, 0.000536, 0.000527
1019, 0.000618, 0.000560, 0.000552
1020, 0.000618, 0.000532, 0.000520
1021, 0.000617, 0.000537, 0.000527
1022, 0.000608, 0.000530, 0.000521
1023, 0.000603, 0.000525, 0.000513
1024, 0.000606, 0.000535, 0.000526
1025, 0.000607, 0.000515, 0.000504
1026, 0.000596, 0.000515, 0.000501
1027, 0.000595, 0.000524, 0.000517
1028, 0.000596, 0.000501, 0.000491
1029, 0.000589, 0.000509, 0.000496
1030, 0.000588, 0.000512, 0.000506
1031, 0.000590, 0.000493, 0.000482
1032, 0.000582, 0.000506, 0.000494
1033, 0.000583, 0.000495, 0.000489
1034, 0.000585, 0.000495, 0.000482
1035, 0.000578, 0.000482, 0.000472
1036, 0.000572, 0.000489, 0.000482
1037, 0.000575, 0.000485, 0.000472
1038, 0.000573, 0.000472, 0.000463
1039, 0.000568, 0.000481, 0.000473
1040, 0.000567, 0.000476, 0.000464
1041, 0.000563, 0.000468, 0.000463
1042, 0.000565, 0.000478, 0.000469
1043, 0.000563, 0.000459, 0.000451
1044, 0.000561, 0.000467, 0.000461
1045, 0.000557, 0.000468, 0.000458
1046, 0.000555, 0.000452, 0.000443
1047, 0.000556, 0.000462, 0.000456
1048, 0.000554, 0.000461, 0.000450
1049, 0.000547, 0.000440, 0.000432
1050, 0.000549, 0.000461, 0.000453
1051, 0.000553, 0.000453, 0.000443
1052, 0.000547, 0.000432, 0.000424
1053, 0.000542, 0.000461, 0.000453
1054, 0.000542, 0.000433, 0.000425
1055, 0.000542, 0.000437, 0.000428
1056, 0.000535, 0.000443, 0.000437
1057, 0.000538, 0.000421, 0.000412
1058, 0.000536, 0.000437, 0.000428
1059, 0.000530, 0.000431, 0.000425
1060, 0.000531, 0.000424, 0.000414
1061, 0.000533, 0.000425, 0.000420
1062, 0.000529, 0.000417, 0.000410
1063, 0.000523, 0.000421, 0.000411
1064, 0.000526, 0.000417, 0.000412
1065, 0.000524, 0.000419, 0.000410
1066, 0.000522, 0.000404, 0.000395
1067, 0.000520, 0.000422, 0.000414
1068, 0.000519, 0.000410, 0.000401
1069, 0.000517, 0.000401, 0.000394
1070, 0.000517, 0.000423, 0.000415
1071, 0.000517, 0.000396, 0.000388
1072, 0.000514, 0.000399, 0.000393
1073, 0.000510, 0.000417, 0.000410
1074, 0.000515, 0.000397, 0.000391
1075, 0.000517, 0.000399, 0.000391
1076, 0.000507, 0.000401, 0.000393
1077, 0.000506, 0.000402, 0.000394
1078, 0.000514, 0.000403, 0.000394
1079, 0.000511, 0.000401, 0.000395
1080, 0.000505, 0.000382, 0.000375
1081, 0.000504, 0.000401, 0.000395
1082, 0.000504, 0.000387, 0.000383
1083, 0.000503, 0.000385, 0.000377
1084, 0.000501, 0.000385, 0.000379
1085, 0.000497, 0.000376, 0.000371
1086, 0.000496, 0.000389, 0.000380
1087, 0.000499, 0.000378, 0.000373
1088, 0.000498, 0.000372, 0.000365
1089, 0.000495, 0.000395, 0.000387
1090, 0.000496, 0.000372, 0.000368
1091, 0.000493, 0.000377, 0.000370
1092, 0.000490, 0.000377, 0.000368
1093, 0.000494, 0.000373, 0.000369
1094, 0.000491, 0.000384, 0.000376
1095, 0.000487, 0.000359, 0.000352
1096, 0.000489, 0.000374, 0.000369
1097, 0.000487, 0.000377, 0.000369
1098, 0.000486, 0.000356, 0.000351
1099, 0.000488, 0.000381, 0.000377
1100, 0.000486, 0.000367, 0.000360
1101, 0.000484, 0.000351, 0.000347
1102, 0.000483, 0.000390, 0.000385
1103, 0.000488, 0.000348, 0.000342
1104, 0.000486, 0.000375, 0.000367
1105, 0.000483, 0.000357, 0.000353
1106, 0.000479, 0.000357, 0.000349
1107, 0.000478, 0.000363, 0.000357
1108, 0.000478, 0.000351, 0.000347
1109, 0.000476, 0.000354, 0.000347
1110, 0.000475, 0.000360, 0.000355
1111, 0.000473, 0.000349, 0.000346
1112, 0.000474, 0.000355, 0.000348
1113, 0.000473, 0.000347, 0.000342
1114, 0.000471, 0.000352, 0.000347
1115, 0.000470, 0.000349, 0.000342
1116, 0.000470, 0.000349, 0.000343
1117, 0.000468, 0.000341, 0.000336
1118, 0.000468, 0.000352, 0.000345
1119, 0.000470, 0.000342, 0.000338
1120, 0.000469, 0.000354, 0.000347
1121, 0.000469, 0.000335, 0.000329
1122, 0.000469, 0.000344, 0.000339
1123, 0.000467, 0.000350, 0.000345
1124, 0.000465, 0.000335, 0.000332
1125, 0.000470, 0.000360, 0.000353
1126, 0.000468, 0.000332, 0.000328
1127, 0.000466, 0.000352, 0.000348
1128, 0.000464, 0.000339, 0.000331
1129, 0.000467, 0.000335, 0.000331
1130, 0.000462, 0.000349, 0.000344
1131, 0.000461, 0.000330, 0.000325
1132, 0.000465, 0.000356, 0.000351
1133, 0.000462, 0.000326, 0.000322
1134, 0.000460, 0.000337, 0.000331
1135, 0.000461, 0.000343, 0.000339
1136, 0.000460, 0.000326, 0.000321
1137, 0.000458, 0.000338, 0.000332
1138, 0.000458, 0.000344, 0.000341
1139, 0.000462, 0.000324, 0.000318
1140, 0.000459, 0.000350, 0.000344
1141, 0.000460, 0.000320, 0.000317
1142, 0.000460, 0.000332, 0.000326
1143, 0.000455, 0.000341, 0.000336
1144, 0.000456, 0.000318, 0.000316
1145, 0.000461, 0.000357, 0.000351
1146, 0.000461, 0.000321, 0.000319
1147, 0.000458, 0.000331, 0.000327
1148, 0.000452, 0.000329, 0.000324
1149, 0.000454, 0.000321, 0.000318
1150, 0.000453, 0.000336, 0.000331
1151, 0.000451, 0.000323, 0.000317
1152, 0.000453, 0.000327, 0.000324
1153, 0.000454, 0.000342, 0.000334
1154, 0.000452, 0.000314, 0.000307
1155, 0.000454, 0.000339, 0.000334
1156, 0.000452, 0.000321, 0.000315
1157, 0.000449, 0.000313, 0.000308
1158, 0.000450, 0.000343, 0.000339
1159, 0.000451, 0.000311, 0.000306
1160, 0.000450, 0.000331, 0.000326
1161, 0.000449, 0.000320, 0.000317
1162, 0.000447, 0.000312, 0.000306
1163, 0.000448, 0.000339, 0.000334
1164, 0.000450, 0.000312, 0.000310
1165, 0.000451, 0.000325, 0.000320
1166, 0.000450, 0.000326, 0.000321
1167, 0.000444, 0.000310, 0.000308
1168, 0.000451, 0.000345, 0.000338
1169, 0.000451, 0.000306, 0.000303
1170, 0.000450, 0.000337, 0.000333
1171, 0.000447, 0.000316, 0.000310
1172, 0.000444, 0.000306, 0.000302
1173, 0.000444, 0.000356, 0.000351
1174, 0.000452, 0.000304, 0.000300
1175, 0.000457, 0.000355, 0.000349
1176, 0.000450, 0.000306, 0.000303
1177, 0.000443, 0.000310, 0.000305
1178, 0.000442, 0.000341, 0.000336
1179, 0.000446, 0.000303, 0.000300
1180, 0.000448, 0.000338, 0.000332
1181, 0.000447, 0.000302, 0.000299
1182, 0.000442, 0.000315, 0.000310
1183, 0.000443, 0.000322, 0.000318
1184, 0.000443, 0.000299, 0.000296
1185, 0.000446, 0.000335, 0.000331
1186, 0.000445, 0.000304, 0.000302
1187, 0.000440, 0.000309, 0.000306
1188, 0.000438, 0.000328, 0.000324
1189, 0.000442, 0.000303, 0.000301
1190, 0.000439, 0.000313, 0.000309
1191, 0.000438, 0.000307, 0.000303
1192, 0.000437, 0.000313, 0.000310
1193, 0.000437, 0.000310, 0.000305
1194, 0.000438, 0.000304, 0.000300
1195, 0.000436, 0.000314, 0.000311
1196, 0.000436, 0.000309, 0.000305
1197, 0.000437, 0.000307, 0.000303
1198, 0.000436, 0.000311, 0.000307
1199, 0.000435, 0.000308, 0.000304
1200, 0.000433, 0.000308, 0.000306
1201, 0.000438, 0.000312, 0.000308
1202, 0.000435, 0.000300, 0.000296
1203, 0.000434, 0.000323, 0.000319
1204, 0.000438, 0.000296, 0.000293
1205, 0.000439, 0.000321, 0.000317
1206, 0.000435, 0.000299, 0.000295
1207, 0.000433, 0.000306, 0.000301
1208, 0.000432, 0.000310, 0.000306
1209, 0.000432, 0.000298, 0.000295
1210, 0.000434, 0.000309, 0.000305
1211, 0.000433, 0.000302, 0.000299
1212, 0.000431, 0.000299, 0.000296
1213, 0.000433, 0.000314, 0.000310
1214, 0.000433, 0.000297, 0.000295
1215, 0.000434, 0.000323, 0.000319
1216, 0.000435, 0.000302, 0.000298
1217, 0.000433, 0.000313, 0.000310
1218, 0.000433, 0.000301, 0.000296
1219, 0.000432, 0.000306, 0.000302
1220, 0.000435, 0.000320, 0.000317
1221, 0.000433, 0.000299, 0.000293
1222, 0.000433, 0.000313, 0.000308
1223, 0.000433, 0.000305, 0.000304
1224, 0.000434, 0.000303, 0.000298
1225, 0.000431, 0.000303, 0.000300
1226, 0.000429, 0.000302, 0.000299
1227, 0.000430, 0.000301, 0.000297
1228, 0.000430, 0.000309, 0.000306
1229, 0.000431, 0.000301, 0.000298
1230, 0.000432, 0.000299, 0.000293
1231, 0.000430, 0.000312, 0.000309
1232, 0.000428, 0.000294, 0.000291
1233, 0.000428, 0.000310, 0.000305
1234, 0.000429, 0.000300, 0.000298
1235, 0.000429, 0.000299, 0.000295
1236, 0.000427, 0.000304, 0.000300
1237, 0.000428, 0.000301, 0.000299
1238, 0.000429, 0.000311, 0.000304
1239, 0.000430, 0.000292, 0.000290
1240, 0.000428, 0.000321, 0.000317
1241, 0.000431, 0.000287, 0.000284
1242, 0.000432, 0.000326, 0.000323
1243, 0.000434, 0.000290, 0.000288
1244, 0.000430, 0.000306, 0.000302
1245, 0.000427, 0.000299, 0.000297
1246, 0.000426, 0.000303, 0.000298
1247, 0.000428, 0.000301, 0.000297
1248, 0.000425, 0.000296, 0.000293
1249, 0.000427, 0.000312, 0.000306
1250, 0.000428, 0.000292, 0.000289
1251, 0.000429, 0.000312, 0.000308
1252, 0.000426, 0.000290, 0.000287
1253, 0.000426, 0.000311, 0.000308
1254, 0.000428, 0.000294, 0.000290
1255, 0.000425, 0.000297, 0.000294
1256, 0.000426, 0.000304, 0.000301
1257, 0.000424, 0.000292, 0.000288
1258, 0.000425, 0.000302, 0.000299
1259, 0.000423, 0.000304, 0.000300
1260, 0.000424, 0.000289, 0.000285
1261, 0.000424, 0.000308, 0.000304
1262, 0.000424, 0.000296, 0.000293
1263, 0.000425, 0.000297, 0.000293
1264, 0.000423, 0.000306, 0.000303
1265, 0.000424, 0.000292, 0.000290
1266, 0.000424, 0.000307, 0.000303
1267, 0.000424, 0.000294, 0.000290
1268, 0.000424, 0.000306, 0.000303
1269, 0.000427, 0.000295, 0.000291
1270, 0.000422, 0.000297, 0.000293
1271, 0.000422, 0.000304, 0.000301
1272, 0.000425, 0.000288, 0.000284
1273, 0.000421, 0.000313, 0.000308
1274, 0.000422, 0.000290, 0.000289
1275, 0.000424, 0.000313, 0.000308
1276, 0.000424, 0.000290, 0.000288
1277, 0.000426, 0.000310, 0.000308
1278, 0.000426, 0.000290, 0.000286
1279, 0.000423, 0.000298, 0.000295
1280, 0.000421, 0.000304, 0.000300
1281, 0.000421, 0.000286, 0.000282
1282, 0.000422, 0.000309, 0.000305
1283, 0.000422, 0.000288, 0.000285
1284, 0.000419, 0.000293, 0.000289
1285, 0.000420, 0.000299, 0.000296
1286, 0.000420, 0.000285, 0.000282
1287, 0.000419, 0.000309, 0.000304
1288, 0.000422, 0.000289, 0.000287
1289, 0.000424, 0.000305, 0.000300
1290, 0.000420, 0.000288, 0.000285
1291, 0.000420, 0.000302, 0.000298
1292, 0.000419, 0.000297, 0.000293
1293, 0.000420, 0.000282, 0.000279
1294, 0.000421, 0.000316, 0.000312
1295, 0.000422, 0.000279, 0.000277
1296, 0.000422, 0.000324, 0.000319
1297, 0.000423, 0.000288, 0.000285
1298, 0.000422, 0.000304, 0.000299
1299, 0.000419, 0.000293, 0.000290
1300, 0.000418, 0.000295, 0.000290
1301, 0.000416, 0.000295, 0.000291
1302, 0.000418, 0.000295, 0.000292
1303, 0.000417, 0.000287, 0.000284
1304, 0.000420, 0.000297, 0.000293
1305, 0.000417, 0.000291, 0.000287
1306, 0.000418, 0.000295, 0.000292
1307, 0.000416, 0.000292, 0.000288
1308, 0.000417, 0.000289, 0.000286
1309, 0.000417, 0.000300, 0.000296
1310, 0.000416, 0.000291, 0.000287
1311, 0.000418, 0.000292, 0.000289
1312, 0.000415, 0.000292, 0.000288
1313, 0.000415, 0.000292, 0.000288
1314, 0.000417, 0.000299, 0.000295
1315, 0.000417, 0.000287, 0.000284
1316, 0.000413, 0.000302, 0.000298
1317, 0.000417, 0.000284, 0.000281
1318, 0.000418, 0.000311, 0.000307
1319, 0.000419, 0.000280, 0.000279
1320, 0.000422, 0.000331, 0.000327
1321, 0.000423, 0.000279, 0.000278
1322, 0.000424, 0.000331, 0.000327
1323, 0.000423, 0.000277, 0.000274
1324, 0.000417, 0.000304, 0.000301
1325, 0.000415, 0.000287, 0.000284
1326, 0.000416, 0.000294, 0.000289
1327, 0.000413, 0.000288, 0.000285
1328, 0.000416, 0.000294, 0.000290
1329, 0.000413, 0.000295, 0.000291
1330, 0.000413, 0.000286, 0.000283
1331, 0.000413, 0.000306, 0.000301
1332, 0.000416, 0.000281, 0.000278
1333, 0.000414, 0.000310, 0.000305
1334, 0.000415, 0.000281, 0.000278
1335, 0.000415, 0.000302, 0.000297
1336, 0.000413, 0.000286, 0.000283
1337, 0.000414, 0.000293, 0.000290
1338, 0.000415, 0.000290, 0.000287
1339, 0.000412, 0.000289, 0.000285
1340, 0.000413, 0.000295, 0.000291
1341, 0.000413, 0.000281, 0.000276
1342, 0.000416, 0.000306, 0.000301
1343, 0.000414, 0.000283, 0.000281
1344, 0.000415, 0.000295, 0.000290
1345, 0.000413, 0.000285, 0.000282
1346, 0.000412, 0.000294, 0.000291
1347, 0.000413, 0.000286, 0.000282
1348, 0.000412, 0.000294, 0.000291
1349, 0.000413, 0.000285, 0.000282
1350, 0.000412, 0.000296, 0.000292
1351, 0.000412, 0.000286, 0.000283
1352, 0.000412, 0.000292, 0.000289
1353, 0.000412, 0.000298, 0.000293
1354, 0.000414, 0.000278, 0.000276
1355, 0.000413, 0.000322, 0.000318
1356, 0.000418, 0.000275, 0.000272
1357, 0.000419, 0.000327, 0.000324
1358, 0.000420, 0.000272, 0.000270
1359, 0.000417, 0.000319, 0.000315
1360, 0.000416, 0.000277, 0.000275
1361, 0.000412, 0.000285, 0.000281
1362, 0.000410, 0.000306, 0.000301
1363, 0.000412, 0.000272, 0.000269
1364, 0.000417, 0.000335, 0.000329
1365, 0.000422, 0.000272, 0.000271
1366, 0.000422, 0.000336, 0.000330
1367, 0.000423, 0.000272, 0.000270
1368, 0.000419, 0.000309, 0.000306
1369, 0.000415, 0.000282, 0.000278
1370, 0.000411, 0.000280, 0.000277
1371, 0.000408, 0.000304, 0.000299
1372, 0.000411, 0.000277, 0.000273
1373, 0.000411, 0.000302, 0.000296
1374, 0.000411, 0.000281, 0.000277
1375, 0.000410, 0.000290, 0.000285
1376, 0.000408, 0.000288, 0.000284
1377, 0.000408, 0.000278, 0.000275
1378, 0.000410, 0.000299, 0.000295
1379, 0.000411, 0.000278, 0.000275
1380, 0.000409, 0.000285, 0.000281
1381, 0.000407, 0.000288, 0.000285
1382, 0.000408, 0.000281, 0.000278
1383, 0.000408, 0.000295, 0.000291
1384, 0.000409, 0.000276, 0.000274
1385, 0.000410, 0.000289, 0.000285
1386, 0.000407, 0.000284, 0.000281
1387, 0.000410, 0.000281, 0.000277
1388, 0.000408, 0.000301, 0.000296
1389, 0.000409, 0.000275, 0.000272
1390, 0.000409, 0.000308, 0.000303
1391, 0.000410, 0.000274, 0.000270
1392, 0.000410, 0.000299, 0.000295
1393, 0.000407, 0.000274, 0.000271
1394, 0.000406, 0.000291, 0.000287
1395, 0.000407, 0.000286, 0.000282
1396, 0.000405, 0.000281, 0.000278
1397, 0.000407, 0.000292, 0.000288
1398, 0.000406, 0.000278, 0.000274
1399, 0.000407, 0.000296, 0.000292
1400, 0.000407, 0.000278, 0.000274
1401, 0.000405, 0.000285, 0.000280
1402, 0.000406, 0.000291, 0.000287
1403, 0.000406, 0.000277, 0.000274
1404, 0.000405, 0.000299, 0.000295
1405, 0.000407, 0.000274, 0.000272
1406, 0.000407, 0.000296, 0.000291
1407, 0.000405, 0.000281, 0.000277
1408, 0.000403, 0.000284, 0.000282
1409, 0.000406, 0.000301, 0.000296
1410, 0.000409, 0.000270, 0.000267
1411, 0.000408, 0.000324, 0.000320
1412, 0.000412, 0.000268, 0.000264
1413, 0.000412, 0.000303, 0.000298
1414, 0.000405, 0.000280, 0.000278
1415, 0.000407, 0.000276, 0.000271
1416, 0.000405, 0.000303, 0.000299
1417, 0.000407, 0.000270, 0.000268
1418, 0.000409, 0.000316, 0.000310
1419, 0.000412, 0.000273, 0.000270
1420, 0.000409, 0.000301, 0.000297
1421, 0.000404, 0.000281, 0.000276
1422, 0.000405, 0.000277, 0.000274
1423, 0.000405, 0.000303, 0.000298
1424, 0.000406, 0.000269, 0.000264
1425, 0.000408, 0.000305, 0.000300
1426, 0.000406, 0.000275, 0.000271
1427, 0.000401, 0.000281, 0.000276
1428, 0.000403, 0.000296, 0.000292
1429, 0.000403, 0.000268, 0.000265
1430, 0.000407, 0.000318, 0.000311
1431, 0.000410, 0.000268, 0.000267
1432, 0.000409, 0.000305, 0.000300
1433, 0.000407, 0.000277, 0.000273
1434, 0.000403, 0.000277, 0.000274
1435, 0.000404, 0.000306, 0.000301
1436, 0.000405, 0.000265, 0.000262
1437, 0.000412, 0.000333, 0.000327
1438, 0.000413, 0.000265, 0.000262
1439, 0.000411, 0.000299, 0.000294
1440, 0.000405, 0.000285, 0.000281
1441, 0.000401, 0.000268, 0.000265
1442, 0.000404, 0.000315, 0.000309
1443, 0.000408, 0.000265, 0.000263
1444, 0.000411, 0.000307, 0.000302
1445, 0.000405, 0.000271, 0.000267
1446, 0.000400, 0.000273, 0.000270
1447, 0.000402, 0.000308, 0.000303
1448, 0.000404, 0.000265, 0.000261
1449, 0.000409, 0.000313, 0.000309
1450, 0.000405, 0.000272, 0.000268
1451, 0.000402, 0.000273, 0.000269
1452, 0.000401, 0.000313, 0.000309
1453, 0.000407, 0.000265, 0.000262
1454, 0.000409, 0.000315, 0.000309
1455, 0.000407, 0.000271, 0.000268
1456, 0.000404, 0.000278, 0.000273
1457, 0.000399, 0.000287, 0.000282
1458, 0.000400, 0.000269, 0.000267
1459, 0.000404, 0.000309, 0.000303
1460, 0.000406, 0.000266, 0.000262
1461, 0.000401, 0.000287, 0.000284
1462, 0.000399, 0.000280, 0.000275
1463, 0.000398, 0.000264, 0.000260
1464, 0.000402, 0.000305, 0.000301
1465, 0.000404, 0.000265, 0.000261
1466, 0.000403, 0.000286, 0.000281
1467, 0.000399, 0.000282, 0.000278
1468, 0.000400, 0.000266, 0.000262
1469, 0.000401, 0.000307, 0.000303
1470, 0.000407, 0.000265, 0.000262
1471, 0.000405, 0.000296, 0.000291
1472, 0.000401, 0.000274, 0.000270
1473, 0.000398, 0.000275, 0.000271
1474, 0.000398, 0.000300, 0.000295
1475, 0.000403, 0.000263, 0.000259
1476, 0.000408, 0.000327, 0.000320
1477, 0.000411, 0.000263, 0.000260
1478, 0.000404, 0.000290, 0.000286
1479, 0.000400, 0.000285, 0.000280
1480, 0.000399, 0.000263, 0.000260
1481, 0.000402, 0.000319, 0.000314
1482, 0.000406, 0.000264, 0.000260
1483, 0.000401, 0.000278, 0.000273
1484, 0.000395, 0.000294, 0.000290
1485, 0.000400, 0.000263, 0.000259
1486, 0.000401, 0.000299, 0.000293
1487, 0.000398, 0.000272, 0.000268
1488, 0.000398, 0.000272, 0.000267
1489, 0.000396, 0.000282, 0.000275
1490, 0.000398, 0.000273, 0.000269
1491, 0.000396, 0.000275, 0.000270
1492, 0.000394, 0.000277, 0.000272
1493, 0.000395, 0.000276, 0.000274
1494, 0.000393, 0.000272, 0.000269
1495, 0.000394, 0.000281, 0.000276
1496, 0.000394, 0.000268, 0.000266
1497, 0.000397, 0.000288, 0.000283
1498, 0.000396, 0.000265, 0.000260
1499, 0.000395, 0.000286, 0.000281
1500, 0.000394, 0.000274, 0.000268
1501, 0.000393, 0.000271, 0.000266
1502, 0.000394, 0.000286, 0.000281
1503, 0.000394, 0.000270, 0.000265
1504, 0.000394, 0.000272, 0.000267
1505, 0.000392, 0.000284, 0.000280
1506, 0.000396, 0.000269, 0.000264
1507, 0.000394, 0.000276, 0.000271
1508, 0.000391, 0.000280, 0.000277
1509, 0.000393, 0.000269, 0.000263
1510, 0.000393, 0.000283, 0.000276
1511, 0.000392, 0.000273, 0.000269
1512, 0.000393, 0.000271, 0.000266
1513, 0.000392, 0.000281, 0.000275
1514, 0.000393, 0.000270, 0.000266
1515, 0.000394, 0.000280, 0.000275
1516, 0.000391, 0.000274, 0.000269
1517, 0.000391, 0.000271, 0.000267
1518, 0.000392, 0.000283, 0.000279
1519, 0.000390, 0.000269, 0.000265
1520, 0.000393, 0.000282, 0.000278
1521, 0.000391, 0.000271, 0.000266
1522, 0.000391, 0.000274, 0.000268
1523, 0.000391, 0.000278, 0.000274
1524, 0.000394, 0.000270, 0.000265
1525, 0.000391, 0.000280, 0.000274
1526, 0.000391, 0.000268, 0.000264
1527, 0.000393, 0.000289, 0.000284
1528, 0.000394, 0.000261, 0.000257
1529, 0.000392, 0.000282, 0.000278
1530, 0.000392, 0.000271, 0.000266
1531, 0.000391, 0.000268, 0.000264
1532, 0.000390, 0.000287, 0.000283
1533, 0.000391, 0.000266, 0.000261
1534, 0.000392, 0.000288, 0.000284
1535, 0.000390, 0.000267, 0.000263
1536, 0.000388, 0.000276, 0.000270
1537, 0.000390, 0.000284, 0.000279
1538, 0.000390, 0.000261, 0.000257
1539, 0.000389, 0.000292, 0.000285
1540, 0.000392, 0.000263, 0.000260
1541, 0.000391, 0.000286, 0.000280
1542, 0.000390, 0.000267, 0.000261
1543, 0.000388, 0.000275, 0.000271
1544, 0.000387, 0.000273, 0.000269
1545, 0.000389, 0.000269, 0.000264
1546, 0.000390, 0.000276, 0.000273
1547, 0.000389, 0.000274, 0.000270
1548, 0.000389, 0.000268, 0.000263
1549, 0.000387, 0.000291, 0.000287
1550, 0.000391, 0.000259, 0.000256
1551, 0.000392, 0.000298, 0.000291
1552, 0.000392, 0.000265, 0.000261
1553, 0.000388, 0.000271, 0.000266
1554, 0.000387, 0.000289, 0.000283
1555, 0.000390, 0.000258, 0.000255
1556, 0.000391, 0.000308, 0.000302
1557, 0.000395, 0.000258, 0.000254
1558, 0.000390, 0.000281, 0.000276
1559, 0.000387, 0.000270, 0.000266
1560, 0.000387, 0.000270, 0.000265
1561, 0.000386, 0.000272, 0.000267
1562, 0.000387, 0.000272, 0.000267
1563, 0.000385, 0.000266, 0.000262
1564, 0.000384, 0.000277, 0.000272
1565, 0.000383, 0.000262, 0.000257
1566, 0.000385, 0.000283, 0.000277
1567, 0.000390, 0.000265, 0.000260
1568, 0.000386, 0.000280, 0.000274
1569, 0.000386, 0.000266, 0.000261
1570, 0.000387, 0.000289, 0.000283
1571, 0.000388, 0.000259, 0.000255
1572, 0.000389, 0.000293, 0.000287
1573, 0.000388, 0.000258, 0.000255
1574, 0.000388, 0.000286, 0.000280
1575, 0.000385, 0.000262, 0.000257
1576, 0.000385, 0.000273, 0.000268
1577, 0.000385, 0.000272, 0.000266
1578, 0.000382, 0.000259, 0.000254
1579, 0.000388, 0.000297, 0.000291
1580, 0.000390, 0.000254, 0.000250
1581, 0.000389, 0.000295, 0.000288
1582, 0.000388, 0.000259, 0.000256
1583, 0.000388, 0.000288, 0.000281
1584, 0.000386, 0.000266, 0.000260
1585, 0.000384, 0.000264, 0.000259
1586, 0.000383, 0.000286, 0.000279
1587, 0.000386, 0.000260, 0.000255
1588, 0.000384, 0.000269, 0.000264
1589, 0.000384, 0.000293, 0.000286
1590, 0.000387, 0.000253, 0.000248
1591, 0.000391, 0.000328, 0.000322
1592, 0.000398, 0.000250, 0.000246
1593, 0.000397, 0.000302, 0.000296
1594, 0.000388, 0.000263, 0.000258
1595, 0.000382, 0.000255, 0.000250
1596, 0.000382, 0.000306, 0.000299
1597, 0.000389, 0.000251, 0.000247
1598, 0.000393, 0.000306, 0.000299
1599, 0.000390, 0.000252, 0.000247
1600, 0.000383, 0.000269, 0.000263
1601, 0.000382, 0.000279, 0.000273
1602, 0.000381, 0.000252, 0.000248
1603, 0.000386, 0.000300, 0.000294
1604, 0.000386, 0.000252, 0.000247
1605, 0.000384, 0.000269, 0.000264
1606, 0.000381, 0.000276, 0.000270
1607, 0.000381, 0.000249, 0.000244
1608, 0.000383, 0.000297, 0.000290
1609, 0.000386, 0.000256, 0.000252
1610, 0.000384, 0.000267, 0.000260
1611, 0.000380, 0.000273, 0.000267
1612, 0.000381, 0.000260, 0.000255
1613, 0.000380, 0.000267, 0.000261
1614, 0.000381, 0.000272, 0.000266
1615, 0.000378, 0.000258, 0.000254
1616, 0.000382, 0.000281, 0.000274
1617, 0.000380, 0.000254, 0.000249
1618, 0.000382, 0.000277, 0.000271
1619, 0.000381, 0.000262, 0.000256
1620, 0.000379, 0.000254, 0.000249
1621, 0.000380, 0.000304, 0.000297
1622, 0.000385, 0.000247, 0.000242
1623, 0.000388, 0.000296, 0.000288
1624, 0.000384, 0.000256, 0.000251
1625, 0.000381, 0.000258, 0.000252
1626, 0.000377, 0.000295, 0.000287
1627, 0.000382, 0.000249, 0.000245
1628, 0.000388, 0.000302, 0.000294
1629, 0.000386, 0.000249, 0.000243
1630, 0.000380, 0.000266, 0.000260
1631, 0.000379, 0.000276, 0.000269
1632, 0.000380, 0.000248, 0.000243
1633, 0.000382, 0.000294, 0.000287
1634, 0.000382, 0.000249, 0.000243
1635, 0.000379, 0.000269, 0.000262
1636, 0.000379, 0.000261, 0.000255
1637, 0.000376, 0.000257, 0.000252
1638, 0.000376, 0.000275, 0.000269
1639, 0.000377, 0.000255, 0.000249
1640, 0.000375, 0.000267, 0.000261
1641, 0.000378, 0.000261, 0.000254
1642, 0.000376, 0.000258, 0.000252
1643, 0.000375, 0.000262, 0.000256
1644, 0.000375, 0.000262, 0.000256
1645, 0.000375, 0.000263, 0.000257
1646, 0.000376, 0.000261, 0.000255
1647, 0.000374, 0.000256, 0.000249
1648, 0.000376, 0.000270, 0.000264
1649, 0.000375, 0.000257, 0.000250
1650, 0.000376, 0.000265, 0.000257
1651, 0.000379, 0.000263, 0.000257
1652, 0.000374, 0.000264, 0.000258
1653, 0.000374, 0.000259, 0.000252
1654, 0.000375, 0.000267, 0.000262
1655, 0.000374, 0.000261, 0.000255
1656, 0.000370, 0.000255, 0.000248
1657, 0.000376, 0.000277, 0.000271
1658, 0.000377, 0.000252, 0.000245
1659, 0.000375, 0.000268, 0.000260
1660, 0.000374, 0.000264, 0.000259
1661, 0.000375, 0.000257, 0.000251
1662, 0.000373, 0.000274, 0.000267
1663, 0.000374, 0.000257, 0.000253
1664, 0.000376, 0.000268, 0.000261
1665, 0.000371, 0.000255, 0.000249
1666, 0.000373, 0.000269, 0.000263
1667, 0.000375, 0.000257, 0.000250
1668, 0.000372, 0.000258, 0.000251
1669, 0.000372, 0.000263, 0.000256
1670, 0.000372, 0.000251, 0.000245
1671, 0.000374, 0.000277, 0.000268
1672, 0.000375, 0.000246, 0.000240
1673, 0.000374, 0.000295, 0.000286
1674, 0.000379, 0.000243, 0.000238
1675, 0.000378, 0.000290, 0.000282
1676, 0.000374, 0.000255, 0.000249
1677, 0.000369, 0.000250, 0.000243
1678, 0.000371, 0.000286, 0.000278
1679, 0.000374, 0.000242, 0.000236
1680, 0.000376, 0.000292, 0.000284
1681, 0.000375, 0.000248, 0.000242
1682, 0.000372, 0.000259, 0.000252
1683, 0.000368, 0.000277, 0.000269
1684, 0.000372, 0.000240, 0.000235
1685, 0.000376, 0.000300, 0.000291
1686, 0.000377, 0.000243, 0.000237
1687, 0.000373, 0.000264, 0.000257
1688, 0.000369, 0.000267, 0.000260
1689, 0.000368, 0.000246, 0.000240
1690, 0.000370, 0.000285, 0.000277
1691, 0.000373, 0.000246, 0.000239
1692, 0.000369, 0.000262, 0.000254
1693, 0.000367, 0.000272, 0.000264
1694, 0.000369, 0.000246, 0.000239
1695, 0.000370, 0.000280, 0.000270
1696, 0.000369, 0.000244, 0.000237
1697, 0.000371, 0.000269, 0.000261
1698, 0.000368, 0.000253, 0.000245
1699, 0.000368, 0.000250, 0.000243
1700, 0.000368, 0.000275, 0.000267
1701, 0.000368, 0.000245, 0.000238
1702, 0.000369, 0.000273, 0.000265
1703, 0.000370, 0.000252, 0.000245
1704, 0.000368, 0.000253, 0.000245
1705, 0.000365, 0.000266, 0.000258
1706, 0.000366, 0.000247, 0.000241
1707, 0.000367, 0.000271, 0.000263
1708, 0.000367, 0.000249, 0.000242
1709, 0.000366, 0.000259, 0.000251
1710, 0.000365, 0.000258, 0.000249
1711, 0.000365, 0.000251, 0.000244
1712, 0.000364, 0.000259, 0.000252
1713, 0.000366, 0.000256, 0.000249
1714, 0.000365, 0.000256, 0.000249
1715, 0.000364, 0.000258, 0.000252
1716, 0.000365, 0.000259, 0.000252
1717, 0.000365, 0.000243, 0.000237
1718, 0.000367, 0.000282, 0.000274
1719, 0.000368, 0.000238, 0.000231
1720, 0.000371, 0.000289, 0.000280
1721, 0.000371, 0.000240, 0.000233
1722, 0.000366, 0.000260, 0.000252
1723, 0.000364, 0.000262, 0.000254
1724, 0.000363, 0.000243, 0.000236
1725, 0.000367, 0.000279, 0.000270
1726, 0.000366, 0.000241, 0.000235
1727, 0.000364, 0.000267, 0.000260
1728, 0.000365, 0.000248, 0.000241
1729, 0.000363, 0.000258, 0.000251
1730, 0.000360, 0.000260, 0.000254
1731, 0.000363, 0.000248, 0.000240
1732, 0.000364, 0.000276, 0.000268
1733, 0.000367, 0.000240, 0.000234
1734, 0.000366, 0.000281, 0.000272
1735, 0.000364, 0.000240, 0.000232
1736, 0.000363, 0.000261, 0.000254
1737, 0.000363, 0.000259, 0.000251
1738, 0.000361, 0.000240, 0.000233
1739, 0.000363, 0.000278, 0.000270
1740, 0.000364, 0.000240, 0.000233
1741, 0.000364, 0.000269, 0.000260
1742, 0.000363, 0.000243, 0.000237
1743, 0.000363, 0.000267, 0.000258
1744, 0.000360, 0.000251, 0.000242
1745, 0.000362, 0.000258, 0.000250
1746, 0.000362, 0.000260, 0.000252
1747, 0.000359, 0.000242, 0.000233
1748, 0.000364, 0.000282, 0.000273
1749, 0.000366, 0.000239, 0.000231
1750, 0.000362, 0.000276, 0.000265
1751, 0.000363, 0.000246, 0.000239
1752, 0.000361, 0.000259, 0.000250
1753, 0.000360, 0.000253, 0.000245
1754, 0.000358, 0.000244, 0.000236
1755, 0.000360, 0.000269, 0.000260
1756, 0.000360, 0.000239, 0.000232
1757, 0.000361, 0.000269, 0.000261
1758, 0.000361, 0.000244, 0.000236
1759, 0.000360, 0.000254, 0.000246
1760, 0.000358, 0.000259, 0.000251
1761, 0.000360, 0.000239, 0.000231
1762, 0.000359, 0.000271, 0.000263
1763, 0.000360, 0.000241, 0.000233
1764, 0.000360, 0.000264, 0.000255
1765, 0.000358, 0.000246, 0.000238
1766, 0.000359, 0.000254, 0.000245
1767, 0.000357, 0.000263, 0.000253
1768, 0.000359, 0.000235, 0.000228
1769, 0.000361, 0.000280, 0.000270
1770, 0.000361, 0.000233, 0.000225
1771, 0.000358, 0.000260, 0.000252
1772, 0.000357, 0.000252, 0.000244
1773, 0.000355, 0.000239, 0.000230
1774, 0.000358, 0.000272, 0.000262
1775, 0.000358, 0.000233, 0.000225
1776, 0.000360, 0.000282, 0.000270
1777, 0.000360, 0.000234, 0.000226
1778, 0.000358, 0.000263, 0.000254
1779, 0.000356, 0.000251, 0.000242
1780, 0.000355, 0.000246, 0.000238
1781, 0.000355, 0.000260, 0.000252
1782, 0.000357, 0.000236, 0.000228
1783, 0.000358, 0.000273, 0.000264
1784, 0.000358, 0.000233, 0.000226
1785, 0.000358, 0.000262, 0.000252
1786, 0.000358, 0.000245, 0.000236
1787, 0.000355, 0.000241, 0.000233
1788, 0.000355, 0.000265, 0.000254
1789, 0.000356, 0.000229, 0.000221
1790, 0.000357, 0.000277, 0.000267
1791, 0.000356, 0.000236, 0.000228
1792, 0.000354, 0.000243, 0.000234
1793, 0.000352, 0.000272, 0.000263
1794, 0.000355, 0.000228, 0.000220
1795, 0.000359, 0.000284, 0.000272
1796, 0.000359, 0.000229, 0.000221
1797, 0.000356, 0.000259, 0.000248
1798, 0.000352, 0.000252, 0.000242
1799, 0.000352, 0.000235, 0.000226
1800, 0.000354, 0.000282, 0.000270
1801, 0.000357, 0.000229, 0.000221
1802, 0.000355, 0.000264, 0.000253
1803, 0.000353, 0.000245, 0.000235
1804, 0.000353, 0.000240, 0.000231
1805, 0.000352, 0.000258, 0.000247
1806, 0.000352, 0.000238, 0.000228
1807, 0.000351, 0.000250, 0.000241
1808, 0.000351, 0.000248, 0.000238
1809, 0.000350, 0.000234, 0.000226
1810, 0.000351, 0.000258, 0.000248
1811, 0.000350, 0.000241, 0.000232
1812, 0.000349, 0.000240, 0.000231
1813, 0.000351, 0.000247, 0.000239
1814, 0.000350, 0.000245, 0.000236
1815, 0.000350, 0.000241, 0.000231
1816, 0.000350, 0.000257, 0.000248
1817, 0.000351, 0.000236, 0.000227
1818, 0.000350, 0.000254, 0.000244
1819, 0.000350, 0.000243, 0.000234
1820, 0.000348, 0.000239, 0.000230
1821, 0.000349, 0.000248, 0.000237
1822, 0.000348, 0.000239, 0.000230
1823, 0.000348, 0.000253, 0.000243
1824, 0.000348, 0.000240, 0.000230
1825, 0.000347, 0.000247, 0.000238
1826, 0.000346, 0.000248, 0.000237
1827, 0.000346, 0.000241, 0.000231
1828, 0.000346, 0.000253, 0.000242
1829, 0.000347, 0.000243, 0.000233
1830, 0.000349, 0.000243, 0.000233
1831, 0.000347, 0.000258, 0.000248
1832, 0.000350, 0.000227, 0.000218
1833, 0.000349, 0.000272, 0.000261
1834, 0.000350, 0.000228, 0.000219
1835, 0.000347, 0.000246, 0.000237
1836, 0.000345, 0.000257, 0.000248
1837, 0.000347, 0.000220, 0.000211
1838, 0.000356, 0.000305, 0.000292
1839, 0.000358, 0.000220, 0.000212
1840, 0.000356, 0.000278, 0.000265
1841, 0.000349, 0.000234, 0.000224
1842, 0.000346, 0.000233, 0.000224
1843, 0.000346, 0.000287, 0.000275
1844, 0.000351, 0.000221, 0.000213
1845, 0.000359, 0.000301, 0.000290
1846, 0.000360, 0.000217, 0.000209
1847, 0.000357, 0.000276, 0.000266
1848, 0.000351, 0.000232, 0.000223
1849, 0.000344, 0.000233, 0.000223
1850, 0.000347, 0.000273, 0.000262
1851, 0.000350, 0.000219, 0.000210
1852, 0.000354, 0.000292, 0.000280
1853, 0.000359, 0.000222, 0.000213
1854, 0.000351, 0.000251, 0.000241
1855, 0.000346, 0.000246, 0.000236
1856, 0.000345, 0.000225, 0.000216
1857, 0.000348, 0.000270, 0.000258
1858, 0.000348, 0.000226, 0.000216
1859, 0.000345, 0.000243, 0.000233
1860, 0.000344, 0.000251, 0.000239
1861, 0.000345, 0.000222, 0.000213
1862, 0.000346, 0.000271, 0.000260
1863, 0.000348, 0.000221, 0.000211
1864, 0.000346, 0.000248, 0.000238
1865, 0.000343, 0.000241, 0.000232
1866, 0.000343, 0.000224, 0.000214
1867, 0.000345, 0.000258, 0.000246
1868, 0.000344, 0.000226, 0.000217
1869, 0.000342, 0.000238, 0.000227
1870, 0.000342, 0.000242, 0.000231
1871, 0.000342, 0.000231, 0.000221
1872, 0.000343, 0.000242, 0.000231
1873, 0.000340, 0.000233, 0.000223
1874, 0.000340, 0.000240, 0.000230
1875, 0.000341, 0.000238, 0.000227
1876, 0.000340, 0.000231, 0.000221
1877, 0.000340, 0.000245, 0.000234
1878, 0.000341, 0.000222, 0.000212
1879, 0.000341, 0.000261, 0.000248
1880, 0.000343, 0.000220, 0.000210
1881, 0.000342, 0.000258, 0.000246
1882, 0.000340, 0.000226, 0.000215
1883, 0.000338, 0.000235, 0.000225
1884, 0.000338, 0.000240, 0.000228
1885, 0.000338, 0.000224, 0.000214
1886, 0.000339, 0.000248, 0.000237
1887, 0.000340, 0.000231, 0.000221
1888, 0.000338, 0.000226, 0.000216
1889, 0.000339, 0.000261, 0.000250
1890, 0.000340, 0.000219, 0.000209
1891, 0.000341, 0.000249, 0.000237
1892, 0.000337, 0.000231, 0.000220
1893, 0.000339, 0.000238, 0.000226
1894, 0.000338, 0.000232, 0.000220
1895, 0.000336, 0.000241, 0.000231
1896, 0.000339, 0.000226, 0.000215
1897, 0.000336, 0.000243, 0.000232
1898, 0.000338, 0.000228, 0.000218
1899, 0.000335, 0.000235, 0.000224
1900, 0.000335, 0.000236, 0.000226
1901, 0.000334, 0.000223, 0.000213
1902, 0.000336, 0.000254, 0.000242
1903, 0.000338, 0.000222, 0.000211
1904, 0.000337, 0.000244, 0.000232
1905, 0.000336, 0.000225, 0.000214
1906, 0.000334, 0.000239, 0.000228
1907, 0.000335, 0.000234, 0.000223
1908, 0.000333, 0.000226, 0.000214
1909, 0.000336, 0.000253, 0.000240
1910, 0.000336, 0.000219, 0.000208
1911, 0.000337, 0.000253, 0.000241
1912, 0.000336, 0.000225, 0.000214
1913, 0.000336, 0.000233, 0.000222
1914, 0.000333, 0.000245, 0.000232
1915, 0.000334, 0.000218, 0.000207
1916, 0.000335, 0.000252, 0.000239
1917, 0.000336, 0.000216, 0.000204
1918, 0.000335, 0.000244, 0.000232
1919, 0.000333, 0.000239, 0.000226
1920, 0.000334, 0.000218, 0.000206
1921, 0.000334, 0.000261, 0.000249
1922, 0.000336, 0.000214, 0.000203
1923, 0.000337, 0.000263, 0.000250
1924, 0.000336, 0.000216, 0.000206
1925, 0.000337, 0.000253, 0.000241
1926, 0.000335, 0.000224, 0.000213
1927, 0.000334, 0.000242, 0.000230
1928, 0.000330, 0.000221, 0.000210
1929, 0.000331, 0.000242, 0.000229
1930, 0.000332, 0.000224, 0.000212
1931, 0.000333, 0.000229, 0.000217
1932, 0.000331, 0.000246, 0.000232
1933, 0.000333, 0.000219, 0.000208
1934, 0.000334, 0.000242, 0.000230
1935, 0.000332, 0.000228, 0.000216
1936, 0.000330, 0.000227, 0.000216
1937, 0.000329, 0.000235, 0.000223
1938, 0.000330, 0.000225, 0.000214
1939, 0.000330, 0.000232, 0.000220
1940, 0.000330, 0.000229, 0.000217
1941, 0.000329, 0.000230, 0.000218
1942, 0.000328, 0.000234, 0.000222
1943, 0.000330, 0.000232, 0.000220
1944, 0.000328, 0.000221, 0.000209
1945, 0.000329, 0.000247, 0.000234
1946, 0.000332, 0.000215, 0.000204
1947, 0.000329, 0.000248, 0.000236
1948, 0.000328, 0.000222, 0.000211
1949, 0.000330, 0.000224, 0.000213
1950, 0.000329, 0.000253, 0.000241
1951, 0.000330, 0.000208, 0.000198
1952, 0.000334, 0.000279, 0.000265
1953, 0.000338, 0.000204, 0.000194
1954, 0.000340, 0.000277, 0.000264
1955, 0.000336, 0.000215, 0.000203
1956, 0.000329, 0.000227, 0.000215
1957, 0.000328, 0.000254, 0.000241
1958, 0.000330, 0.000206, 0.000195
1959, 0.000332, 0.000272, 0.000257
1960, 0.000334, 0.000208, 0.000197
1961, 0.000333, 0.000253, 0.000239
1962, 0.000328, 0.000219, 0.000207
1963, 0.000326, 0.000221, 0.000207
1964, 0.000327, 0.000254, 0.000239
1965, 0.000330, 0.000207, 0.000196
1966, 0.000333, 0.000257, 0.000243
1967, 0.000329, 0.000216, 0.000204
1968, 0.000326, 0.000220, 0.000209
1969, 0.000328, 0.000256, 0.000243
1970, 0.000330, 0.000205, 0.000194
1971, 0.000331, 0.000258, 0.000245
1972, 0.000328, 0.000221, 0.000208
1973, 0.000325, 0.000215, 0.000203
1974, 0.000326, 0.000255, 0.000241
1975, 0.000329, 0.000204, 0.000192
1976, 0.000332, 0.000267, 0.000253
1977, 0.000331, 0.000204, 0.000193
1978, 0.000328, 0.000245, 0.000233
1979, 0.000327, 0.000222, 0.000210
1980, 0.000323, 0.000213, 0.000202
1981, 0.000325, 0.000248, 0.000235
1982, 0.000328, 0.000208, 0.000197
1983, 0.000324, 0.000232, 0.000220
1984, 0.000324, 0.000224, 0.000211
1985, 0.000323, 0.000214, 0.000203
1986, 0.000324, 0.000236, 0.000224
1987, 0.000322, 0.000216, 0.000204
1988, 0.000324, 0.000230, 0.000219
1989, 0.000322, 0.000220, 0.000208
1990, 0.000324, 0.000225, 0.000213
1991, 0.000323, 0.000225, 0.000213
1992, 0.000320, 0.000223, 0.000210
1993, 0.000322, 0.000224, 0.000211
1994, 0.000322, 0.000231, 0.000218
1995, 0.000323, 0.000217, 0.000204
1996, 0.000323, 0.000230, 0.000217
1997, 0.000322, 0.000217, 0.000204
1998, 0.000321, 0.000231, 0.000218
1999, 0.000323, 0.000215, 0.000203
2000, 0.000320, 0.000223, 0.000210
2001, 0.000319, 0.000232, 0.000219
2002, 0.000320, 0.000211, 0.000199
2003, 0.000323, 0.000239, 0.000225
2004, 0.000321, 0.000214, 0.000201
2005, 0.000320, 0.000221, 0.000208
2006, 0.000319, 0.000229, 0.000216
2007, 0.000320, 0.000214, 0.000202
2008, 0.000320, 0.000237, 0.000224
2009, 0.000320, 0.000212, 0.000199
2010, 0.000322, 0.000233, 0.000220
2011, 0.000321, 0.000221, 0.000208
2012, 0.000320, 0.000217, 0.000204
2013, 0.000321, 0.000240, 0.000226
2014, 0.000321, 0.000208, 0.000195
2015, 0.000321, 0.000249, 0.000235
2016, 0.000320, 0.000210, 0.000198
2017, 0.000321, 0.000232, 0.000219
2018, 0.000319, 0.000227, 0.000213
2019, 0.000319, 0.000210, 0.000197
2020, 0.000318, 0.000248, 0.000234
2021, 0.000323, 0.000197, 0.000185
2022, 0.000326, 0.000272, 0.000257
2023, 0.000327, 0.000200, 0.000187
2024, 0.000325, 0.000239, 0.000225
2025, 0.000318, 0.000225, 0.000213
2026, 0.000317, 0.000209, 0.000196
2027, 0.000320, 0.000249, 0.000235
2028, 0.000321, 0.000195, 0.000185
2029, 0.000331, 0.000284, 0.000268
2030, 0.000331, 0.000196, 0.000185
2031, 0.000328, 0.000264, 0.000250
2032, 0.000324, 0.000205, 0.000192
2033, 0.000317, 0.000221, 0.000207
2034, 0.000315, 0.000230, 0.000217
2035, 0.000318, 0.000202, 0.000190
2036, 0.000318, 0.000247, 0.000234
2037, 0.000319, 0.000201, 0.000189
2038, 0.000320, 0.000247, 0.000233
2039, 0.000320, 0.000202, 0.000190
2040, 0.000319, 0.000230, 0.000215
2041, 0.000316, 0.000212, 0.000198
2042, 0.000315, 0.000214, 0.000201
2043, 0.000314, 0.000229, 0.000214
2044, 0.000316, 0.000205, 0.000193
2045, 0.000316, 0.000228, 0.000215
2046, 0.000314, 0.000213, 0.000200
2047, 0.000315, 0.000212, 0.000199
2048, 0.000315, 0.000236, 0.000223
2049, 0.000317, 0.000197, 0.000184
2050, 0.000316, 0.000250, 0.000235
2051, 0.000317, 0.000199, 0.000186
2052, 0.000316, 0.000229, 0.000214
2053, 0.000313, 0.000216, 0.000202
2054, 0.000314, 0.000213, 0.000200
2055, 0.000313, 0.000217, 0.000203
2056, 0.000312, 0.000217, 0.000203
2057, 0.000315, 0.000210, 0.000197
2058, 0.000313, 0.000233, 0.000218
2059, 0.000316, 0.000203, 0.000190
2060, 0.000315, 0.000237, 0.000222
2061, 0.000314, 0.000206, 0.000192
2062, 0.000313, 0.000220, 0.000206
2063, 0.000311, 0.000216, 0.000202
2064, 0.000311, 0.000209, 0.000195
2065, 0.000309, 0.000225, 0.000211
2066, 0.000310, 0.000208, 0.000195
2067, 0.000314, 0.000224, 0.000210
2068, 0.000313, 0.000214, 0.000200
2069, 0.000312, 0.000216, 0.000201
2070, 0.000310, 0.000213, 0.000199
2071, 0.000311, 0.000223, 0.000209
2072, 0.000313, 0.000210, 0.000196
2073, 0.000311, 0.000225, 0.000211
2074, 0.000311, 0.000215, 0.000203
2075, 0.000312, 0.000215, 0.000201
2076, 0.000311, 0.000227, 0.000213
2077, 0.000312, 0.000207, 0.000194
2078, 0.000313, 0.000223, 0.000208
2079, 0.000310, 0.000213, 0.000198
2080, 0.000309, 0.000211, 0.000198
2081, 0.000309, 0.000233, 0.000217
2082, 0.000309, 0.000198, 0.000185
2083, 0.000312, 0.000247, 0.000232
2084, 0.000314, 0.000200, 0.000187
2085, 0.000311, 0.000226, 0.000213
2086, 0.000310, 0.000219, 0.000206
2087, 0.000310, 0.000205, 0.000192
2088, 0.000308, 0.000229, 0.000215
2089, 0.000309, 0.000208, 0.000194
2090, 0.000307, 0.000224, 0.000209
2091, 0.000308, 0.000204, 0.000190
2092, 0.000308, 0.000224, 0.000209
2093, 0.000307, 0.000205, 0.000191
2094, 0.000307, 0.000219, 0.000205
2095, 0.000307, 0.000214, 0.000199
2096, 0.000306, 0.000211, 0.000197
2097, 0.000307, 0.000219, 0.000205
2098, 0.000306, 0.000210, 0.000196
2099, 0.000308, 0.000213, 0.000199
2100, 0.000307, 0.000222, 0.000208
2101, 0.000306, 0.000206, 0.000192
2102, 0.000308, 0.000240, 0.000225
2103, 0.000308, 0.000192, 0.000179
2104, 0.000311, 0.000257, 0.000240
2105, 0.000314, 0.000194, 0.000181
2106, 0.000312, 0.000244, 0.000228
2107, 0.000308, 0.000202, 0.000188
2108, 0.000306, 0.000213, 0.000199
2109, 0.000304, 0.000226, 0.000211
2110, 0.000307, 0.000202, 0.000188
2111, 0.000306, 0.000225, 0.000210
2112, 0.000306, 0.000207, 0.000192
2113, 0.000306, 0.000221, 0.000205
2114, 0.000305, 0.000211, 0.000197
2115, 0.000306, 0.000220, 0.000204
2116, 0.000305, 0.000215, 0.000200
2117, 0.000303, 0.000213, 0.000198
2118, 0.000306, 0.000218, 0.000203
2119, 0.000304, 0.000216, 0.000201
2120, 0.000304, 0.000209, 0.000195
2121, 0.000303, 0.000225, 0.000210
2122, 0.000301, 0.000204, 0.000190
2123, 0.000305, 0.000212, 0.000198
2124, 0.000304, 0.000212, 0.000197
2125, 0.000303, 0.000202, 0.000188
2126, 0.000304, 0.000226, 0.000211
2127, 0.000304, 0.000198, 0.000184
2128, 0.000304, 0.000234, 0.000219
2129, 0.000306, 0.000203, 0.000188
2130, 0.000304, 0.000231, 0.000214
2131, 0.000304, 0.000207, 0.000193
2132, 0.000305, 0.000218, 0.000202
2133, 0.000304, 0.000216, 0.000201
2134, 0.000302, 0.000207, 0.000194
2135, 0.000302, 0.000222, 0.000207
2136, 0.000301, 0.000201, 0.000186
2137, 0.000304, 0.000227, 0.000213
2138, 0.000302, 0.000199, 0.000183
2139, 0.000302, 0.000219, 0.000203
2140, 0.000301, 0.000229, 0.000213
2141, 0.000305, 0.000190, 0.000176
2142, 0.000307, 0.000276, 0.000258
2143, 0.000312, 0.000183, 0.000170
2144, 0.000314, 0.000279, 0.000263
2145, 0.000315, 0.000190, 0.000177
2146, 0.000311, 0.000241, 0.000227
2147, 0.000301, 0.000206, 0.000192
2148, 0.000301, 0.000202, 0.000188
2149, 0.000300, 0.000229, 0.000213
2150, 0.000301, 0.000195, 0.000180
2151, 0.000304, 0.000226, 0.000210
2152, 0.000300, 0.000203, 0.000188
2153, 0.000300, 0.000209, 0.000193
2154, 0.000299, 0.000216, 0.000200
2155, 0.000299, 0.000205, 0.000190
2156, 0.000298, 0.000212, 0.000197
2157, 0.000299, 0.000210, 0.000196
2158, 0.000299, 0.000202, 0.000187
2159, 0.000299, 0.000220, 0.000206
2160, 0.000299, 0.000200, 0.000185
2161, 0.000299, 0.000224, 0.000208
2162, 0.000302, 0.000196, 0.000182
2163, 0.000299, 0.000227, 0.000212
2164, 0.000300, 0.000203, 0.000187
2165, 0.000301, 0.000216, 0.000201
2166, 0.000297, 0.000204, 0.000189
2167, 0.000298, 0.000227, 0.000211
2168, 0.000302, 0.000195, 0.000181
2169, 0.000301, 0.000240, 0.000223
2170, 0.000302, 0.000193, 0.000178
2171, 0.000302, 0.000235, 0.000220
2172, 0.000300, 0.000196, 0.000181
2173, 0.000300, 0.000231, 0.000216
2174, 0.000299, 0.000195, 0.000181
2175, 0.000298, 0.000223, 0.000207
2176, 0.000298, 0.000200, 0.000186
2177, 0.000299, 0.000215, 0.000200
2178, 0.000294, 0.000204, 0.000189
2179, 0.000295, 0.000210, 0.000195
2180, 0.000297, 0.000207, 0.000192
2181, 0.000296, 0.000215, 0.000198
2182, 0.000297, 0.000202, 0.000186
2183, 0.000295, 0.000218, 0.000201
2184, 0.000297, 0.000195, 0.000179
2185, 0.000297, 0.000229, 0.000213
2186, 0.000296, 0.000195, 0.000180
2187, 0.000296, 0.000224, 0.000209
2188, 0.000295, 0.000204, 0.000190
2189, 0.000294, 0.000199, 0.000184
2190, 0.000295, 0.000229, 0.000214
2191, 0.000296, 0.000190, 0.000176
2192, 0.000297, 0.000235, 0.000219
2193, 0.000298, 0.000192, 0.000177
2194, 0.000299, 0.000219, 0.000203
2195, 0.000295, 0.000203, 0.000187
2196, 0.000294, 0.000209, 0.000193
2197, 0.000293, 0.000225, 0.000208
2198, 0.000296, 0.000187, 0.000172
2199, 0.000298, 0.000245, 0.000228
2200, 0.000299, 0.000184, 0.000169
2201, 0.000299, 0.000240, 0.000224
2202, 0.000299, 0.000190, 0.000175
2203, 0.000295, 0.000224, 0.000208
2204, 0.000293, 0.000203, 0.000189
2205, 0.000294, 0.000202, 0.000186
2206, 0.000294, 0.000232, 0.000216
2207, 0.000294, 0.000182, 0.000168
2208, 0.000299, 0.000268, 0.000250
2209, 0.000302, 0.000179, 0.000164
2210, 0.000300, 0.000245, 0.000227
2211, 0.000296, 0.000195, 0.000179
2212, 0.000294, 0.000197, 0.000181
2213, 0.000295, 0.000236, 0.000220
2214, 0.000295, 0.000180, 0.000165
2215, 0.000298, 0.000253, 0.000236
2216, 0.000300, 0.000178, 0.000164
2217, 0.000297, 0.000226, 0.000210
2218, 0.000293, 0.000208, 0.000193
2219, 0.000292, 0.000188, 0.000173
2220, 0.000294, 0.000248, 0.000231
2221, 0.000297, 0.000181, 0.000165
2222, 0.000297, 0.000237, 0.000219
2223, 0.000295, 0.000193, 0.000178
2224, 0.000294, 0.000213, 0.000197
2225, 0.000292, 0.000214, 0.000198
2226, 0.000290, 0.000189, 0.000175
2227, 0.000292, 0.000230, 0.000212
2228, 0.000293, 0.000185, 0.000169
2229, 0.000295, 0.000226, 0.000208
2230, 0.000292, 0.000190, 0.000174
2231, 0.000292, 0.000215, 0.000197
2232, 0.000290, 0.000200, 0.000185
2233, 0.000290, 0.000201, 0.000185
2234, 0.000289, 0.000212, 0.000195
2235, 0.000291, 0.000191, 0.000176
2236, 0.000291, 0.000227, 0.000211
2237, 0.000291, 0.000187, 0.000172
2238, 0.000291, 0.000228, 0.000212
2239, 0.000292, 0.000189, 0.000174
2240, 0.000291, 0.000209, 0.000192
2241, 0.000289, 0.000210, 0.000194
2242, 0.000288, 0.000187, 0.000172
2243, 0.000289, 0.000225, 0.000208
2244, 0.000290, 0.000192, 0.000177
2245, 0.000289, 0.000203, 0.000186
2246, 0.000288, 0.000222, 0.000205
2247, 0.000290, 0.000178, 0.000163
2248, 0.000293, 0.000257, 0.000238
2249, 0.000296, 0.000177, 0.000162
2250, 0.000296, 0.000232, 0.000215
2251, 0.000289, 0.000190, 0.000175
2252, 0.000290, 0.000212, 0.000198
2253, 0.000286, 0.000202, 0.000186
2254, 0.000287, 0.000196, 0.000180
2255, 0.000286, 0.000216, 0.000200
2256, 0.000287, 0.000188, 0.000173
2257, 0.000286, 0.000212, 0.000196
2258, 0.000285, 0.000201, 0.000186
2259, 0.000286, 0.000202, 0.000186
2260, 0.000286, 0.000203, 0.000187
2261, 0.000286, 0.000207, 0.000191
2262, 0.000284, 0.000198, 0.000182
2263, 0.000288, 0.000205, 0.000189
2264, 0.000284, 0.000189, 0.000173
2265, 0.000288, 0.000228, 0.000211
2266, 0.000287, 0.000189, 0.000173
2267, 0.000284, 0.000202, 0.000186
2268, 0.000284, 0.000210, 0.000193
2269, 0.000284, 0.000186, 0.000171
2270, 0.000286, 0.000224, 0.000208
2271, 0.000287, 0.000193, 0.000177
2272, 0.000284, 0.000211, 0.000194
2273, 0.000284, 0.000199, 0.000183
2274, 0.000284, 0.000198, 0.000181
2275, 0.000283, 0.000202, 0.000185
2276, 0.000284, 0.000203, 0.000186
2277, 0.000284, 0.000205, 0.000188
2278, 0.000283, 0.000206, 0.000190
2279, 0.000285, 0.000196, 0.000180
2280, 0.000283, 0.000206, 0.000190
2281, 0.000284, 0.000204, 0.000189
2282, 0.000282, 0.000190, 0.000175
2283, 0.000283, 0.000229, 0.000214
2284, 0.000285, 0.000184, 0.000169
2285, 0.000286, 0.000233, 0.000215
2286, 0.000287, 0.000184, 0.000169
2287, 0.000286, 0.000216, 0.000199
2288, 0.000282, 0.000202, 0.000184
2289, 0.000284, 0.000203, 0.000186
2290, 0.000283, 0.000212, 0.000195
2291, 0.000282, 0.000194, 0.000177
2292, 0.000283, 0.000211, 0.000194
2293, 0.000282, 0.000190, 0.000174
2294, 0.000282, 0.000216, 0.000199
2295, 0.000281, 0.000199, 0.000183
2296, 0.000283, 0.000202, 0.000185
2297, 0.000280, 0.000212, 0.000195
2298, 0.000284, 0.000191, 0.000176
2299, 0.000283, 0.000217, 0.000200
2300, 0.000282, 0.000190, 0.000174
2301, 0.000281, 0.000209, 0.000193
2302, 0.000281, 0.000205, 0.000187
2303, 0.000281, 0.000204, 0.000187
2304, 0.000281, 0.000196, 0.000179
2305, 0.000280, 0.000213, 0.000195
2306, 0.000282, 0.000211, 0.000194
2307, 0.000282, 0.000185, 0.000169
2308, 0.000283, 0.000261, 0.000242
2309, 0.000289, 0.000170, 0.000155
2310, 0.000291, 0.000274, 0.000256
2311, 0.000294, 0.000167, 0.000152
2312, 0.000293, 0.000262, 0.000244
2313, 0.000292, 0.000175, 0.000159
2314, 0.000285, 0.000223, 0.000205
2315, 0.000281, 0.000204, 0.000188
2316, 0.000281, 0.000182, 0.000167
2317, 0.000281, 0.000243, 0.000225
2318, 0.000286, 0.000169, 0.000154
2319, 0.000289, 0.000271, 0.000253
2320, 0.000293, 0.000170, 0.000155
2321, 0.000290, 0.000236, 0.000219
2322, 0.000283, 0.000189, 0.000173
2323, 0.000279, 0.000190, 0.000173
2324, 0.000281, 0.000225, 0.000207
2325, 0.000280, 0.000182, 0.000165
2326, 0.000280, 0.000218, 0.000199
2327, 0.000278, 0.000185, 0.000169
2328, 0.000279, 0.000211, 0.000193
2329, 0.000277, 0.000188, 0.000172
2330, 0.000278, 0.000201, 0.000185
2331, 0.000277, 0.000198, 0.000182
2332, 0.000278, 0.000184, 0.000168
2333, 0.000277, 0.000221, 0.000203
2334, 0.000280, 0.000181, 0.000165
2335, 0.000277, 0.000222, 0.000203
2336, 0.000279, 0.000183, 0.000167
2337, 0.000280, 0.000213, 0.000195
2338, 0.000279, 0.000191, 0.000174
2339, 0.000274, 0.000199, 0.000183
2340, 0.000275, 0.000203, 0.000187
2341, 0.000273, 0.000186, 0.000170
2342, 0.000277, 0.000223, 0.000206
2343, 0.000278, 0.000175, 0.000159
2344, 0.000279, 0.000238, 0.000219
2345, 0.000281, 0.000175, 0.000159
2346, 0.000278, 0.000214, 0.000196
2347, 0.000276, 0.000200, 0.000183
2348, 0.000275, 0.000184, 0.000167
2349, 0.000275, 0.000223, 0.000205
2350, 0.000277, 0.000176, 0.000160
2351, 0.000277, 0.000227, 0.000209
2352, 0.000278, 0.000174, 0.000159
2353, 0.000280, 0.000229, 0.000211
2354, 0.000278, 0.000175, 0.000160
2355, 0.000277, 0.000232, 0.000214
2356, 0.000279, 0.000177, 0.000160
2357, 0.000276, 0.000209, 0.000191
2358, 0.000273, 0.000195, 0.000178
2359, 0.000272, 0.000199, 0.000181
2360, 0.000274, 0.000195, 0.000179
2361, 0.000272, 0.000211, 0.000193
2362, 0.000274, 0.000179, 0.000163
2363, 0.000275, 0.000228, 0.000210
2364, 0.000276, 0.000177, 0.000161
2365, 0.000274, 0.000213, 0.000195
2366, 0.000274, 0.000186, 0.000170
2367, 0.000273, 0.000200, 0.000182
2368, 0.000272, 0.000198, 0.000181
2369, 0.000271, 0.000194, 0.000177
2370, 0.000273, 0.000201, 0.000182
2371, 0.000272, 0.000191, 0.000174
2372, 0.000272, 0.000204, 0.000186
2373, 0.000272, 0.000186, 0.000169
2374, 0.000272, 0.000216, 0.000198
2375, 0.000273, 0.000191, 0.000173
2376, 0.000272, 0.000198, 0.000180
2377, 0.000270, 0.000213, 0.000195
2378, 0.000271, 0.000182, 0.000165
2379, 0.000272, 0.000215, 0.000197
2380, 0.000272, 0.000183, 0.000166
2381, 0.000272, 0.000216, 0.000198
2382, 0.000269, 0.000193, 0.000176
2383, 0.000270, 0.000190, 0.000173
2384, 0.000271, 0.000218, 0.000200
2385, 0.000272, 0.000182, 0.000165
2386, 0.000271, 0.000226, 0.000207
2387, 0.000273, 0.000173, 0.000157
2388, 0.000275, 0.000226, 0.000207
2389, 0.000271, 0.000188, 0.000171
2390, 0.000271, 0.000197, 0.000180
2391, 0.000270, 0.000217, 0.000199
2392, 0.000270, 0.000177, 0.000161
2393, 0.000272, 0.000242, 0.000223
2394, 0.000276, 0.000176, 0.000159
2395, 0.000275, 0.000237, 0.000219
2396, 0.000275, 0.000176, 0.000160
2397, 0.000272, 0.000224, 0.000205
2398, 0.000272, 0.000181, 0.000166
2399, 0.000274, 0.000204, 0.000186
2400, 0.000269, 0.000214, 0.000196
2401, 0.000268, 0.000174, 0.000159
2402, 0.000272, 0.000230, 0.000211
2403, 0.000271, 0.000182, 0.000165
2404, 0.000272, 0.000212, 0.000196
2405, 0.000270, 0.000190, 0.000174
2406, 0.000267, 0.000211, 0.000194
2407, 0.000268, 0.000186, 0.000171
2408, 0.000267, 0.000211, 0.000194
2409, 0.000268, 0.000185, 0.000168
2410, 0.000265, 0.000204, 0.000187
2411, 0.000267, 0.000200, 0.000183
2412, 0.000267, 0.000183, 0.000167
2413, 0.000268, 0.000221, 0.000203
2414, 0.000271, 0.000182, 0.000166
2415, 0.000268, 0.000204, 0.000189
2416, 0.000268, 0.000205, 0.000189
2417, 0.000266, 0.000186, 0.000170
2418, 0.000267, 0.000222, 0.000205
2419, 0.000267, 0.000177, 0.000161
2420, 0.000266, 0.000214, 0.000196
2421, 0.000266, 0.000196, 0.000178
2422, 0.000265, 0.000184, 0.000166
2423, 0.000268, 0.000227, 0.000208
2424, 0.000268, 0.000177, 0.000160
2425, 0.000267, 0.000223, 0.000204
2426, 0.000267, 0.000176, 0.000160
2427, 0.000268, 0.000226, 0.000208
2428, 0.000268, 0.000178, 0.000162
2429, 0.000266, 0.000211, 0.000194
2430, 0.000262, 0.000197, 0.000181
2431, 0.000264, 0.000191, 0.000174
2432, 0.000264, 0.000216, 0.000199
2433, 0.000263, 0.000181, 0.000166
2434, 0.000266, 0.000215, 0.000197
2435, 0.000265, 0.000201, 0.000184
2436, 0.000263, 0.000187, 0.000171
2437, 0.000263, 0.000214, 0.000196
2438, 0.000264, 0.000184, 0.000167
2439, 0.000264, 0.000214, 0.000196
2440, 0.000265, 0.000177, 0.000161
2441, 0.000265, 0.000226, 0.000208
2442, 0.000266, 0.000181, 0.000165
2443, 0.000264, 0.000206, 0.000188
2444, 0.000263, 0.000196, 0.000177
2445, 0.000264, 0.000196, 0.000178
2446, 0.000261, 0.000203, 0.000185
2447, 0.000263, 0.000187, 0.000170
2448, 0.000260, 0.000211, 0.000192
2449, 0.000263, 0.000183, 0.000166
2450, 0.000262, 0.000218, 0.000200
2451, 0.000262, 0.000184, 0.000167
2452, 0.000264, 0.000212, 0.000194
2453, 0.000262, 0.000190, 0.000173
2454, 0.000261, 0.000196, 0.000179
2455, 0.000261, 0.000213, 0.000195
2456, 0.000262, 0.000173, 0.000157
2457, 0.000263, 0.000256, 0.000237
2458, 0.000269, 0.000157, 0.000142
2459, 0.000275, 0.000281, 0.000261
2460, 0.000276, 0.000158, 0.000142
2461, 0.000276, 0.000268, 0.000247
2462, 0.000271, 0.000168, 0.000152
2463, 0.000263, 0.000196, 0.000178
2464, 0.000260, 0.000229, 0.000209
2465, 0.000263, 0.000160, 0.000145
2466, 0.000271, 0.000296, 0.000274
2467, 0.000281, 0.000155, 0.000140
2468, 0.000286, 0.000295, 0.000275
2469, 0.000283, 0.000159, 0.000143
2470, 0.000271, 0.000219, 0.000201
2471, 0.000262, 0.000209, 0.000192
2472, 0.000260, 0.000159, 0.000143
2473, 0.000269, 0.000278, 0.000259
2474, 0.000277, 0.000156, 0.000141
2475, 0.000271, 0.000229, 0.000211
2476, 0.000264, 0.000194, 0.000176
2477, 0.000261, 0.000163, 0.000147
2478, 0.000263, 0.000251, 0.000231
2479, 0.000268, 0.000162, 0.000145
2480, 0.000267, 0.000219, 0.000200
2481, 0.000261, 0.000190, 0.000173
2482, 0.000259, 0.000168, 0.000151
2483, 0.000262, 0.000241, 0.000221
2484, 0.000264, 0.000162, 0.000146
2485, 0.000266, 0.000199, 0.000182
2486, 0.000259, 0.000213, 0.000195
2487, 0.000258, 0.000163, 0.000146
2488, 0.000263, 0.000228, 0.000211
2489, 0.000263, 0.000176, 0.000159
2490, 0.000257, 0.000175, 0.000159
2491, 0.000258, 0.000236, 0.000218
2492, 0.000263, 0.000162, 0.000146
2493, 0.000264, 0.000222, 0.000203
2494, 0.000259, 0.000183, 0.000167
2495, 0.000255, 0.000174, 0.000157
2496, 0.000258, 0.000208, 0.000189
2497, 0.000257, 0.000175, 0.000159
2498, 0.000255, 0.000184, 0.000166
2499, 0.000255, 0.000202, 0.000184
2500, 0.000255, 0.000170, 0.000154
2501, 0.000259, 0.000205, 0.000187
2502, 0.000256, 0.000177, 0.000160
2503, 0.000256, 0.000193, 0.000177
2504, 0.000256, 0.000190, 0.000174
2505, 0.000255, 0.000187, 0.000170
2506, 0.000257, 0.000186, 0.000171
2507, 0.000258, 0.000195, 0.000177
2508, 0.000254, 0.000176, 0.000159
2509, 0.000257, 0.000207, 0.000190
2510, 0.000257, 0.000179, 0.000161
2511, 0.000255, 0.000200, 0.000181
2512, 0.000254, 0.000186, 0.000170
2513, 0.000258, 0.000187, 0.000170
2514, 0.000255, 0.000199, 0.000180
2515, 0.000255, 0.000188, 0.000172
2516, 0.000255, 0.000187, 0.000171
2517, 0.000253, 0.000195, 0.000178
2518, 0.000253, 0.000177, 0.000162
2519, 0.000254, 0.000198, 0.000181
2520, 0.000252, 0.000178, 0.000161
2521, 0.000254, 0.000206, 0.000189
2522, 0.000254, 0.000182, 0.000165
2523, 0.000251, 0.000184, 0.000167
2524, 0.000253, 0.000219, 0.000201
2525, 0.000254, 0.000158, 0.000142
2526, 0.000255, 0.000226, 0.000206
2527, 0.000256, 0.000178, 0.000161
2528, 0.000252, 0.000178, 0.000161
2529, 0.000250, 0.000215, 0.000196
2530, 0.000253, 0.000167, 0.000152
2531, 0.000254, 0.000206, 0.000188
2532, 0.000250, 0.000187, 0.000169
2533, 0.000251, 0.000183, 0.000166
2534, 0.000249, 0.000192, 0.000175
2535, 0.000250, 0.000191, 0.000173
2536, 0.000250, 0.000175, 0.000158
2537, 0.000251, 0.000218, 0.000200
2538, 0.000251, 0.000169, 0.000153
2539, 0.000251, 0.000205, 0.000188
2540, 0.000251, 0.000189, 0.000171
2541, 0.000249, 0.000178, 0.000162
2542, 0.000249, 0.000225, 0.000207
2543, 0.000252, 0.000162, 0.000146
2544, 0.000253, 0.000219, 0.000200
2545, 0.000251, 0.000176, 0.000159
2546, 0.000247, 0.000179, 0.000162
2547, 0.000248, 0.000208, 0.000190
2548, 0.000248, 0.000173, 0.000157
2549, 0.000248, 0.000188, 0.000170
2550, 0.000248, 0.000212, 0.000194
2551, 0.000248, 0.000162, 0.000146
2552, 0.000253, 0.000247, 0.000228
2553, 0.000256, 0.000155, 0.000139
2554, 0.000256, 0.000234, 0.000216
2555, 0.000252, 0.000172, 0.000155
2556, 0.000248, 0.000185, 0.000168
2557, 0.000247, 0.000214, 0.000196
2558, 0.000248, 0.000162, 0.000146
2559, 0.000250, 0.000221, 0.000203
2560, 0.000249, 0.000174, 0.000158
2561, 0.000245, 0.000182, 0.000165
2562, 0.000245, 0.000213, 0.000195
2563, 0.000247, 0.000160, 0.000145
2564, 0.000251, 0.000234, 0.000215
2565, 0.000249, 0.000168, 0.000152
2566, 0.000246, 0.000197, 0.000180
2567, 0.000246, 0.000200, 0.000183
2568, 0.000246, 0.000164, 0.000148
2569, 0.000248, 0.000227, 0.000209
2570, 0.000250, 0.000164, 0.000147
2571, 0.000250, 0.000206, 0.000187
2572, 0.000245, 0.000197, 0.000178
2573, 0.000244, 0.000168, 0.000150
2574, 0.000247, 0.000239, 0.000219
2575, 0.000250, 0.000155, 0.000140
2576, 0.000250, 0.000220, 0.000202
2577, 0.000247, 0.000176, 0.000160
2578, 0.000243, 0.000180, 0.000164
2579, 0.000244, 0.000215, 0.000196
2580, 0.000244, 0.000168, 0.000152
2581, 0.000244, 0.000198, 0.000180
2582, 0.000243, 0.000189, 0.000171
2583, 0.000241, 0.000173, 0.000156
2584, 0.000242, 0.000210, 0.000192
2585, 0.000243, 0.000169, 0.000153
2586, 0.000241, 0.000190, 0.000173
2587, 0.000242, 0.000203, 0.000186
2588, 0.000244, 0.000163, 0.000148
2589, 0.000245, 0.000238, 0.000220
2590, 0.000250, 0.000153, 0.000138
2591, 0.000248, 0.000235, 0.000215
2592, 0.000247, 0.000169, 0.000152
2593, 0.000242, 0.000188, 0.000171
2594, 0.000241, 0.000212, 0.000192
2595, 0.000244, 0.000159, 0.000143
2596, 0.000246, 0.000232, 0.000214
2597, 0.000246, 0.000163, 0.000147
2598, 0.000242, 0.000190, 0.000173
2599, 0.000242, 0.000204, 0.000187
2600, 0.000240, 0.000163, 0.000147
2601, 0.000243, 0.000218, 0.000199
2602, 0.000241, 0.000169, 0.000152
2603, 0.000239, 0.000186, 0.000168
2604, 0.000238, 0.000201, 0.000182
2605, 0.000241, 0.000172, 0.000156
2606, 0.000238, 0.000207, 0.000189
2607, 0.000240, 0.000163, 0.000148
2608, 0.000239, 0.000204, 0.000187
2609, 0.000237, 0.000173, 0.000157
2610, 0.000238, 0.000184, 0.000167
2611, 0.000238, 0.000199, 0.000182
2612, 0.000239, 0.000161, 0.000146
2613, 0.000240, 0.000216, 0.000198
2614, 0.000239, 0.000170, 0.000155
2615, 0.000238, 0.000186, 0.000169
2616, 0.000237, 0.000205, 0.000187
2617, 0.000238, 0.000164, 0.000148
2618, 0.000239, 0.000208, 0.000189
2619, 0.000238, 0.000170, 0.000152
2620, 0.000238, 0.000189, 0.000171
2621, 0.000236, 0.000186, 0.000167
2622, 0.000235, 0.000181, 0.000162
2623, 0.000235, 0.000189, 0.000172
2624, 0.000236, 0.000185, 0.000168
2625, 0.000236, 0.000179, 0.000162
2626, 0.000236, 0.000196, 0.000180
2627, 0.000237, 0.000172, 0.000156
2628, 0.000237, 0.000210, 0.000192
2629, 0.000238, 0.000170, 0.000155
2630, 0.000235, 0.000184, 0.000169
2631, 0.000234, 0.000186, 0.000169
2632, 0.000235, 0.000173, 0.000157
2633, 0.000234, 0.000194, 0.000177
2634, 0.000235, 0.000178, 0.000161
2635, 0.000234, 0.000182, 0.000166
2636, 0.000233, 0.000193, 0.000176
2637, 0.000232, 0.000179, 0.000162
2638, 0.000234, 0.000188, 0.000171
2639, 0.000233, 0.000186, 0.000170
2640, 0.000233, 0.000187, 0.000170
2641, 0.000232, 0.000184, 0.000167
2642, 0.000231, 0.000178, 0.000162
2643, 0.000232, 0.000198, 0.000181
2644, 0.000232, 0.000167, 0.000153
2645, 0.000235, 0.000206, 0.000190
2646, 0.000234, 0.000165, 0.000149
2647, 0.000234, 0.000211, 0.000194
2648, 0.000233, 0.000173, 0.000157
2649, 0.000232, 0.000181, 0.000165
2650, 0.000232, 0.000219, 0.000201
2651, 0.000235, 0.000145, 0.000130
2652, 0.000242, 0.000289, 0.000267
2653, 0.000249, 0.000137, 0.000122
2654, 0.000252, 0.000275, 0.000254
2655, 0.000246, 0.000148, 0.000133
2656, 0.000239, 0.000199, 0.000181
2657, 0.000232, 0.000192, 0.000175
2658, 0.000229, 0.000158, 0.000142
2659, 0.000233, 0.000246, 0.000227
2660, 0.000238, 0.000142, 0.000128
2661, 0.000240, 0.000236, 0.000218
2662, 0.000236, 0.000163, 0.000148
2663, 0.000230, 0.000171, 0.000156
2664, 0.000230, 0.000227, 0.000209
2665, 0.000235, 0.000140, 0.000127
2666, 0.000240, 0.000244, 0.000225
2667, 0.000235, 0.000157, 0.000142
2668, 0.000231, 0.000189, 0.000172
2669, 0.000228, 0.000186, 0.000169
2670, 0.000226, 0.000160, 0.000144
2671, 0.000228, 0.000204, 0.000187
2672, 0.000228, 0.000158, 0.000143
2673, 0.000228, 0.000195, 0.000178
2674, 0.000229, 0.000175, 0.000159
2675, 0.000226, 0.000176, 0.000161
2676, 0.000226, 0.000195, 0.000179
2677, 0.000226, 0.000155, 0.000140
2678, 0.000229, 0.000209, 0.000192
2679, 0.000228, 0.000165, 0.000149
2680, 0.000226, 0.000170, 0.000154
2681, 0.000225, 0.000197, 0.000179
2682, 0.000228, 0.000156, 0.000140
2683, 0.000229, 0.000205, 0.000188
2684, 0.000227, 0.000166, 0.000150
2685, 0.000224, 0.000185, 0.000169
2686, 0.000225, 0.000183, 0.000168
2687, 0.000226, 0.000160, 0.000145
2688, 0.000227, 0.000208, 0.000192
2689, 0.000225, 0.000159, 0.000144
2690, 0.000226, 0.000185, 0.000168
2691, 0.000223, 0.000191, 0.000175
2692, 0.000223, 0.000156, 0.000140
2693, 0.000227, 0.000203, 0.000185
2694, 0.000227, 0.000159, 0.000143
2695, 0.000224, 0.000190, 0.000173
2696, 0.000222, 0.000184, 0.000167
2697, 0.000222, 0.000161, 0.000146
2698, 0.000225, 0.000228, 0.000209
2699, 0.000226, 0.000143, 0.000129
2700, 0.000230, 0.000225, 0.000207
2701, 0.000227, 0.000153, 0.000138
2702, 0.000224, 0.000192, 0.000176
2703, 0.000222, 0.000177, 0.000162
2704, 0.000221, 0.000167, 0.000151
2705, 0.000221, 0.000191, 0.000175
2706, 0.000222, 0.000164, 0.000149
2707, 0.000221, 0.000193, 0.000176
2708, 0.000221, 0.000163, 0.000148
2709, 0.000221, 0.000190, 0.000173
2710, 0.000222, 0.000168, 0.000151
2711, 0.000222, 0.000186, 0.000169
2712, 0.000220, 0.000169, 0.000153
2713, 0.000221, 0.000194, 0.000177
2714, 0.000222, 0.000161, 0.000147
2715, 0.000221, 0.000196, 0.000181
2716, 0.000218, 0.000172, 0.000157
2717, 0.000218, 0.000173, 0.000159
2718, 0.000220, 0.000191, 0.000176
2719, 0.000220, 0.000147, 0.000133
2720, 0.000223, 0.000241, 0.000223
2721, 0.000228, 0.000140, 0.000125
2722, 0.000227, 0.000237, 0.000218
2723, 0.000225, 0.000156, 0.000142
2724, 0.000221, 0.000180, 0.000163
2725, 0.000218, 0.000208, 0.000191
2726, 0.000221, 0.000140, 0.000128
2727, 0.000230, 0.000266, 0.000247
2728, 0.000235, 0.000131, 0.000117
2729, 0.000235, 0.000248, 0.000230
2730, 0.000229, 0.000156, 0.000141
2731, 0.000217, 0.000155, 0.000140
2732, 0.000216, 0.000243, 0.000225
2733, 0.000229, 0.000133, 0.000119
2734, 0.000231, 0.000249, 0.000232
2735, 0.000226, 0.000149, 0.000135
2736, 0.000219, 0.000169, 0.000154
2737, 0.000216, 0.000202, 0.000186
2738, 0.000217, 0.000139, 0.000125
2739, 0.000220, 0.000216, 0.000197
2740, 0.000220, 0.000152, 0.000137
2741, 0.000217, 0.000170, 0.000153
2742, 0.000214, 0.000197, 0.000180
2743, 0.000214, 0.000148, 0.000133
2744, 0.000217, 0.000200, 0.000183
2745, 0.000217, 0.000161, 0.000145
2746, 0.000213, 0.000162, 0.000146
2747, 0.000213, 0.000208, 0.000191
2748, 0.000218, 0.000137, 0.000123
2749, 0.000221, 0.000227, 0.000210
2750, 0.000221, 0.000143, 0.000130
2751, 0.000216, 0.000170, 0.000154
2752, 0.000213, 0.000211, 0.000194
2753, 0.000218, 0.000127, 0.000114
2754, 0.000223, 0.000247, 0.000228
2755, 0.000224, 0.000136, 0.000122
2756, 0.000216, 0.000181, 0.000164
2757, 0.000212, 0.000193, 0.000175
2758, 0.000213, 0.000131, 0.000118
2759, 0.000220, 0.000251, 0.000231
2760, 0.000224, 0.000134, 0.000120
2761, 0.000221, 0.000198, 0.000182
2762, 0.000213, 0.000166, 0.000152
2763, 0.000208, 0.000147, 0.000133
2764, 0.000211, 0.000197, 0.000181
2765, 0.000213, 0.000149, 0.000136
2766, 0.000212, 0.000164, 0.000149
2767, 0.000210, 0.000192, 0.000177
2768, 0.000212, 0.000135, 0.000122
2769, 0.000214, 0.000203, 0.000187
2770, 0.000213, 0.000148, 0.000134
2771, 0.000209, 0.000159, 0.000145
2772, 0.000208, 0.000193, 0.000176
2773, 0.000210, 0.000133, 0.000120
2774, 0.000213, 0.000217, 0.000199
2775, 0.000214, 0.000148, 0.000133
2776, 0.000207, 0.000148, 0.000134
2777, 0.000208, 0.000212, 0.000195
2778, 0.000212, 0.000131, 0.000119
2779, 0.000214, 0.000196, 0.000181
2780, 0.000209, 0.000162, 0.000148
2781, 0.000208, 0.000141, 0.000128
2782, 0.000208, 0.000224, 0.000207
2783, 0.000217, 0.000123, 0.000110
2784, 0.000220, 0.000220, 0.000203
2785, 0.000215, 0.000156, 0.000142
2786, 0.000205, 0.000138, 0.000124
2787, 0.000210, 0.000231, 0.000214
2788, 0.000216, 0.000124, 0.000111
2789, 0.000218, 0.000211, 0.000194
2790, 0.000211, 0.000147, 0.000133
2791, 0.000206, 0.000155, 0.000141
2792, 0.000205, 0.000196, 0.000180
2793, 0.000208, 0.000136, 0.000123
2794, 0.000207, 0.000187, 0.000173
2795, 0.000205, 0.000141, 0.000129
2796, 0.000204, 0.000173, 0.000159
2797, 0.000204, 0.000154, 0.000141
2798, 0.000203, 0.000157, 0.000144
2799, 0.000202, 0.000167, 0.000153
2800, 0.000203, 0.000148, 0.000134
2801, 0.000203, 0.000177, 0.000162
2802, 0.000203, 0.000149, 0.000136
2803, 0.000202, 0.000168, 0.000154
2804, 0.000201, 0.000156, 0.000142
2805, 0.000202, 0.000163, 0.000149
2806, 0.000202, 0.000165, 0.000151
2807, 0.000201, 0.000148, 0.000136
2808, 0.000201, 0.000189, 0.000175
2809, 0.000203, 0.000143, 0.000131
2810, 0.000200, 0.000164, 0.000151
2811, 0.000201, 0.000178, 0.000164
2812, 0.000200, 0.000129, 0.000116
2813, 0.000206, 0.000216, 0.000200
2814, 0.000207, 0.000134, 0.000121
2815, 0.000204, 0.000164, 0.000150
2816, 0.000201, 0.000184, 0.000169
2817, 0.000203, 0.000127, 0.000115
2818, 0.000206, 0.000216, 0.000201
2819, 0.000208, 0.000135, 0.000124
2820, 0.000203, 0.000162, 0.000149
2821, 0.000198, 0.000194, 0.000179
2822, 0.000201, 0.000128, 0.000117
2823, 0.000205, 0.000215, 0.000201
2824, 0.000205, 0.000136, 0.000124
2825, 0.000200, 0.000166, 0.000154
2826, 0.000197, 0.000189, 0.000175
2827, 0.000200, 0.000123, 0.000111
2828, 0.000204, 0.000216, 0.000200
2829, 0.000205, 0.000133, 0.000121
2830, 0.000202, 0.000169, 0.000154
2831, 0.000196, 0.000172, 0.000156
2832, 0.000198, 0.000135, 0.000123
2833, 0.000201, 0.000216, 0.000198
2834, 0.000204, 0.000129, 0.000116
2835, 0.000202, 0.000187, 0.000173
2836, 0.000198, 0.000160, 0.000146
2837, 0.000196, 0.000133, 0.000120
2838, 0.000197, 0.000203, 0.000190
2839, 0.000201, 0.000133, 0.000121
2840, 0.000197, 0.000156, 0.000143
2841, 0.000194, 0.000176, 0.000162
2842, 0.000197, 0.000132, 0.000119
2843, 0.000196, 0.000191, 0.000176
2844, 0.000198, 0.000146, 0.000133
2845, 0.000197, 0.000159, 0.000146
2846, 0.000193, 0.000166, 0.000153
2847, 0.000194, 0.000142, 0.000130
2848, 0.000194, 0.000186, 0.000171
2849, 0.000195, 0.000138, 0.000125
2850, 0.000195, 0.000166, 0.000153
2851, 0.000194, 0.000157, 0.000142
2852, 0.000191, 0.000145, 0.000132
2853, 0.000193, 0.000187, 0.000173
2854, 0.000196, 0.000129, 0.000117
2855, 0.000196, 0.000195, 0.000181
2856, 0.000197, 0.000139, 0.000128
2857, 0.000196, 0.000161, 0.000147
2858, 0.000193, 0.000174, 0.000161
2859, 0.000190, 0.000127, 0.000115
2860, 0.000196, 0.000201, 0.000186
2861, 0.000194, 0.000137, 0.000125
2862, 0.000192, 0.000152, 0.000140
2863, 0.000190, 0.000185, 0.000171
2864, 0.000191, 0.000124, 0.000113
2865, 0.000194, 0.000186, 0.000173
2866, 0.000193, 0.000136, 0.000125
2867, 0.000190, 0.000158, 0.000146
2868, 0.000189, 0.000158, 0.000145
2869, 0.000190, 0.000142, 0.000129
2870, 0.000188, 0.000167, 0.000153
2871, 0.000186, 0.000155, 0.000141
2872, 0.000188, 0.000139, 0.000127
2873, 0.000188, 0.000195, 0.000181
2874, 0.000192, 0.000119, 0.000109
2875, 0.000195, 0.000215, 0.000200
2876, 0.000195, 0.000122, 0.000112
2877, 0.000192, 0.000180, 0.000167
2878, 0.000188, 0.000155, 0.000142
2879, 0.000186, 0.000133, 0.000121
2880, 0.000188, 0.000179, 0.000165
2881, 0.000188, 0.000141, 0.000128
2882, 0.000187, 0.000150, 0.000138
2883, 0.000186, 0.000167, 0.000154
2884, 0.000185, 0.000143, 0.000131
2885, 0.000186, 0.000156, 0.000143
2886, 0.000184, 0.000163, 0.000150
2887, 0.000185, 0.000145, 0.000132
2888, 0.000184, 0.000164, 0.000151
2889, 0.000185, 0.000139, 0.000128
2890, 0.000184, 0.000170, 0.000157
2891, 0.000186, 0.000132, 0.000120
2892, 0.000186, 0.000176, 0.000161
2893, 0.000185, 0.000140, 0.000128
2894, 0.000184, 0.000152, 0.000140
2895, 0.000182, 0.000153, 0.000140
2896, 0.000181, 0.000156, 0.000144
2897, 0.000183, 0.000137, 0.000126
2898, 0.000184, 0.000176, 0.000163
2899, 0.000183, 0.000134, 0.000123
2900, 0.000185, 0.000178, 0.000164
2901, 0.000185, 0.000147, 0.000135
2902, 0.000182, 0.000151, 0.000140
2903, 0.000185, 0.000173, 0.000160
2904, 0.000186, 0.000138, 0.000127
2905, 0.000183, 0.000165, 0.000153
2906, 0.000183, 0.000142, 0.000129
2907, 0.000181, 0.000154, 0.000142
2908, 0.000182, 0.000157, 0.000145
2909, 0.000179, 0.000153, 0.000142
2910, 0.000181, 0.000156, 0.000146
2911, 0.000180, 0.000146, 0.000135
2912, 0.000178, 0.000160, 0.000149
2913, 0.000180, 0.000139, 0.000129
2914, 0.000182, 0.000173, 0.000161
2915, 0.000180, 0.000130, 0.000119
2916, 0.000179, 0.000169, 0.000158
2917, 0.000180, 0.000136, 0.000126
2918, 0.000180, 0.000163, 0.000151
2919, 0.000178, 0.000141, 0.000130
2920, 0.000179, 0.000155, 0.000142
2921, 0.000179, 0.000165, 0.000152
2922, 0.000177, 0.000133, 0.000121
2923, 0.000180, 0.000185, 0.000171
2924, 0.000180, 0.000131, 0.000120
2925, 0.000181, 0.000171, 0.000159
2926, 0.000177, 0.000147, 0.000136
2927, 0.000176, 0.000141, 0.000132
2928, 0.000178, 0.000190, 0.000177
2929, 0.000181, 0.000108, 0.000099
2930, 0.000188, 0.000258, 0.000244
2931, 0.000198, 0.000099, 0.000089
2932, 0.000210, 0.000303, 0.000287
2933, 0.000216, 0.000099, 0.000090
2934, 0.000208, 0.000251, 0.000236
2935, 0.000195, 0.000118, 0.000110
2936, 0.000188, 0.000155, 0.000143
2937, 0.000180, 0.000183, 0.000171
2938, 0.000179, 0.000108, 0.000099
2939, 0.000186, 0.000217, 0.000203
2940, 0.000189, 0.000121, 0.000112
2941, 0.000181, 0.000149, 0.000138
2942, 0.000175, 0.000178, 0.000165
2943, 0.000179, 0.000116, 0.000108
2944, 0.000183, 0.000178, 0.000167
2945, 0.000176, 0.000134, 0.000124
2946, 0.000175, 0.000130, 0.000120
2947, 0.000177, 0.000184, 0.000171
2948, 0.000180, 0.000104, 0.000094
2949, 0.000185, 0.000219, 0.000206
2950, 0.000190, 0.000108, 0.000098
2951, 0.000182, 0.000171, 0.000159
2952, 0.000175, 0.000140, 0.000130
2953, 0.000172, 0.000130, 0.000120
2954, 0.000173, 0.000174, 0.000161
2955, 0.000174, 0.000120, 0.000110
2956, 0.000175, 0.000149, 0.000137
2957, 0.000172, 0.000147, 0.000136
2958, 0.000171, 0.000123, 0.000113
2959, 0.000173, 0.000161, 0.000150
2960, 0.000172, 0.000132, 0.000121
2961, 0.000170, 0.000127, 0.000117
2962, 0.000170, 0.000179, 0.000167
2963, 0.000174, 0.000106, 0.000097
2964, 0.000176, 0.000181, 0.000170
2965, 0.000174, 0.000133, 0.000123
2966, 0.000168, 0.000114, 0.000104
2967, 0.000173, 0.000211, 0.000198
2968, 0.000181, 0.000097, 0.000088
2969, 0.000185, 0.000202, 0.000188
2970, 0.000179, 0.000123, 0.000113
2971, 0.000171, 0.000130, 0.000119
2972, 0.000169, 0.000174, 0.000161
2973, 0.000172, 0.000109, 0.000100
2974, 0.000175, 0.000176, 0.000164
2975, 0.000173, 0.000118, 0.000109
2976, 0.000168, 0.000139, 0.000129
2977, 0.000167, 0.000167, 0.000156
2978, 0.000169, 0.000103, 0.000095
2979, 0.000176, 0.000208, 0.000196
2980, 0.000177, 0.000108, 0.000099
2981, 0.000171, 0.000135, 0.000125
2982, 0.000166, 0.000191, 0.000178
2983, 0.000173, 0.000094, 0.000085
2984, 0.000181, 0.000207, 0.000194
2985, 0.000177, 0.000114, 0.000104
2986, 0.000168, 0.000123, 0.000113
2987, 0.000166, 0.000185, 0.000172
2988, 0.000171, 0.000104, 0.000094
2989, 0.000170, 0.000168, 0.000156
2990, 0.000168, 0.000125, 0.000116
2991, 0.000164, 0.000130, 0.000120
2992, 0.000164, 0.000146, 0.000136
2993, 0.000165, 0.000125, 0.000116
2994, 0.000165, 0.000145, 0.000135
2995, 0.000165, 0.000133, 0.000123
2996, 0.000164, 0.000127, 0.000118
2997, 0.000164, 0.000148, 0.000137
2998, 0.000164, 0.000127, 0.000117
2999, 0.000162, 0.000134, 0.000124
3000, 0.000163, 0.000148, 0.000137
3001, 0.000164, 0.000115, 0.000106
3002, 0.000165, 0.000155, 0.000144
3003, 0.000162, 0.000137, 0.000127
3004, 0.000162, 0.000115, 0.000107
3005, 0.000164, 0.000185, 0.000173
3006, 0.000169, 0.000102, 0.000093
3007, 0.000170, 0.000168, 0.000157
3008, 0.000166, 0.000126, 0.000116
3009, 0.000163, 0.000128, 0.000117
3010, 0.000162, 0.000152, 0.000141
3011, 0.000162, 0.000119, 0.000109
3012, 0.000161, 0.000138, 0.000128
3013, 0.000161, 0.000140, 0.000130
3014, 0.000161, 0.000125, 0.000115
3015, 0.000160, 0.000142, 0.000131
3016, 0.000160, 0.000139, 0.000128
3017, 0.000160, 0.000132, 0.000121
3018, 0.000159, 0.000130, 0.000120
3019, 0.000159, 0.000138, 0.000127
3020, 0.000159, 0.000136, 0.000126
3021, 0.000160, 0.000126, 0.000117
3022, 0.000159, 0.000153, 0.000143
3023, 0.000160, 0.000112, 0.000104
3024, 0.000161, 0.000148, 0.000139
3025, 0.000160, 0.000121, 0.000112
3026, 0.000160, 0.000152, 0.000142
3027, 0.000160, 0.000114, 0.000106
3028, 0.000160, 0.000152, 0.000142
3029, 0.000159, 0.000131, 0.000122
3030, 0.000158, 0.000132, 0.000122
3031, 0.000158, 0.000144, 0.000134
3032, 0.000157, 0.000121, 0.000111
3033, 0.000157, 0.000147, 0.000137
3034, 0.000159, 0.000125, 0.000116
3035, 0.000158, 0.000145, 0.000135
3036, 0.000158, 0.000122, 0.000113
3037, 0.000159, 0.000137, 0.000128
3038, 0.000158, 0.000135, 0.000125
3039, 0.000155, 0.000122, 0.000114
3040, 0.000157, 0.000153, 0.000143
3041, 0.000157, 0.000109, 0.000101
3042, 0.000159, 0.000167, 0.000159
3043, 0.000159, 0.000108, 0.000101
3044, 0.000157, 0.000142, 0.000134
3045, 0.000155, 0.000141, 0.000132
3046, 0.000154, 0.000106, 0.000098
3047, 0.000159, 0.000189, 0.000177
3048, 0.000161, 0.000097, 0.000089
3049, 0.000161, 0.000184, 0.000173
3050, 0.000160, 0.000110, 0.000102
3051, 0.000157, 0.000141, 0.000132
3052, 0.000154, 0.000146, 0.000137
3053, 0.000156, 0.000098, 0.000090
3054, 0.000159, 0.000217, 0.000205
3055, 0.000168, 0.000085, 0.000079
3056, 0.000169, 0.000203, 0.000192
3057, 0.000164, 0.000109, 0.000102
3058, 0.000154, 0.000121, 0.000112
3059, 0.000154, 0.000181, 0.000171
3060, 0.000159, 0.000088, 0.000081
3061, 0.000166, 0.000214, 0.000202
3062, 0.000168, 0.000093, 0.000086
3063, 0.000160, 0.000160, 0.000150
3064, 0.000154, 0.000132, 0.000123
3065, 0.000154, 0.000097, 0.000090
3066, 0.000158, 0.000202, 0.000192
3067, 0.000163, 0.000089, 0.000082
3068, 0.000162, 0.000156, 0.000146
3069, 0.000152, 0.000139, 0.000129
3070, 0.000151, 0.000103, 0.000095
3071, 0.000153, 0.000179, 0.000168
3072, 0.000158, 0.000090, 0.000083
3073, 0.000162, 0.000185, 0.000174
3074, 0.000157, 0.000101, 0.000093
3075, 0.000155, 0.000141, 0.000131
3076, 0.000152, 0.000141, 0.000132
3077, 0.000151, 0.000099, 0.000091
3078, 0.000155, 0.000173, 0.000162
3079, 0.000158, 0.000094, 0.000087
3080, 0.000156, 0.000157, 0.000147
3081, 0.000153, 0.000118, 0.000111
3082, 0.000150, 0.000108, 0.000101
3083, 0.000148, 0.000167, 0.000157
3084, 0.000154, 0.000094, 0.000087
3085, 0.000154, 0.000161, 0.000151
3086, 0.000153, 0.000111, 0.000103
3087, 0.000148, 0.000112, 0.000104
3088, 0.000149, 0.000166, 0.000156
3089, 0.000154, 0.000096, 0.000090
3090, 0.000155, 0.000174, 0.000164
3091, 0.000157, 0.000094, 0.000087
3092, 0.000154, 0.000160, 0.000151
3093, 0.000152, 0.000112, 0.000105
3094, 0.000148, 0.000119, 0.000112
3095, 0.000149, 0.000151, 0.000143
3096, 0.000150, 0.000095, 0.000088
3097, 0.000151, 0.000164, 0.000155
3098, 0.000152, 0.000101, 0.000094
3099, 0.000148, 0.000129, 0.000120
3100, 0.000147, 0.000134, 0.000125
3101, 0.000146, 0.000108, 0.000100
3102, 0.000147, 0.000140, 0.000132
3103, 0.000146, 0.000115, 0.000109
3104, 0.000146, 0.000129, 0.000121
3105, 0.000147, 0.000125, 0.000118
3106, 0.000146, 0.000126, 0.000118
3107, 0.000144, 0.000118, 0.000110
3108, 0.000145, 0.000133, 0.000125
3109, 0.000145, 0.000115, 0.000107
3110, 0.000144, 0.000127, 0.000119
3111, 0.000143, 0.000115, 0.000107
3112, 0.000146, 0.000119, 0.000111
3113, 0.000145, 0.000134, 0.000125
3114, 0.000145, 0.000112, 0.000104
3115, 0.000146, 0.000142, 0.000133
3116, 0.000145, 0.000102, 0.000096
3117, 0.000145, 0.000154, 0.000145
3118, 0.000147, 0.000096, 0.000090
3119, 0.000146, 0.000143, 0.000135
3120, 0.000145, 0.000113, 0.000106
3121, 0.000143, 0.000112, 0.000104
3122, 0.000145, 0.000147, 0.000138
3123, 0.000146, 0.000096, 0.000089
3124, 0.000147, 0.000158, 0.000148
3125, 0.000146, 0.000097, 0.000090
3126, 0.000145, 0.000135, 0.000126
3127, 0.000143, 0.000137, 0.000128
3128, 0.000143, 0.000101, 0.000094
3129, 0.000145, 0.000174, 0.000164
3130, 0.000150, 0.000084, 0.000077
3131, 0.000151, 0.000178, 0.000167
3132, 0.000149, 0.000096, 0.000089
3133, 0.000144, 0.000129, 0.000120
3134, 0.000143, 0.000136, 0.000127
3135, 0.000142, 0.000087, 0.000080
3136, 0.000144, 0.000171, 0.000161
3137, 0.000149, 0.000088, 0.000082
3138, 0.000146, 0.000151, 0.000143
3139, 0.000143, 0.000110, 0.000102
3140, 0.000141, 0.000115, 0.000108
3141, 0.000139, 0.000133, 0.000124
3142, 0.000140, 0.000105, 0.000097
3143, 0.000142, 0.000144, 0.000136
3144, 0.000140, 0.000098, 0.000091
3145, 0.000142, 0.000146, 0.000138
3146, 0.000141, 0.000098, 0.000092
3147, 0.000141, 0.000133, 0.000125
3148, 0.000138, 0.000117, 0.000110
3149, 0.000140, 0.000104, 0.000098
3150, 0.000140, 0.000146, 0.000137
3151, 0.000141, 0.000100, 0.000093
3152, 0.000141, 0.000130, 0.000121
3153, 0.000139, 0.000124, 0.000116
3154, 0.000138, 0.000113, 0.000106
3155, 0.000137, 0.000123, 0.000115
3156, 0.000138, 0.000113, 0.000106
3157, 0.000137, 0.000130, 0.000122
3158, 0.000139, 0.000112, 0.000105
3159, 0.000138, 0.000112, 0.000105
3160, 0.000139, 0.000130, 0.000123
3161, 0.000138, 0.000101, 0.000095
3162, 0.000139, 0.000124, 0.000117
3163, 0.000137, 0.000142, 0.000134
3164, 0.000138, 0.000084, 0.000077
3165, 0.000146, 0.000219, 0.000209
3166, 0.000158, 0.000069, 0.000064
3167, 0.000167, 0.000254, 0.000241
3168, 0.000169, 0.000070, 0.000065
3169, 0.000159, 0.000176, 0.000165
3170, 0.000148, 0.000107, 0.000100
3171, 0.000143, 0.000104, 0.000095
3172, 0.000139, 0.000156, 0.000147
3173, 0.000141, 0.000089, 0.000084
3174, 0.000144, 0.000145, 0.000137
3175, 0.000141, 0.000119, 0.000114
3176, 0.000136, 0.000089, 0.000084
3177, 0.000139, 0.000161, 0.000152
3178, 0.000143, 0.000090, 0.000085
3179, 0.000145, 0.000140, 0.000131
3180, 0.000139, 0.000103, 0.000096
3181, 0.000137, 0.000115, 0.000109
3182, 0.000138, 0.000123, 0.000115
3183, 0.000136, 0.000099, 0.000093
3184, 0.000137, 0.000141, 0.000133
3185, 0.000137, 0.000099, 0.000092
3186, 0.000137, 0.000131, 0.000123
3187, 0.000136, 0.000126, 0.000117
3188, 0.000135, 0.000084, 0.000078
3189, 0.000140, 0.000189, 0.000179
3190, 0.000147, 0.000078, 0.000072
3191, 0.000145, 0.000141, 0.000132
3192, 0.000136, 0.000117, 0.000110
3193, 0.000133, 0.000088, 0.000082
3194, 0.000139, 0.000158, 0.000150
3195, 0.000141, 0.000086, 0.000080
3196, 0.000138, 0.000137, 0.000129
3197, 0.000137, 0.000108, 0.000102
3198, 0.000136, 0.000110, 0.000102
3199, 0.000134, 0.000126, 0.000118
3200, 0.000134, 0.000100, 0.000094
3201, 0.000134, 0.000134, 0.000125
3202, 0.000136, 0.000096, 0.000090
3203, 0.000137, 0.000138, 0.000129
3204, 0.000134, 0.000096, 0.000089
3205, 0.000134, 0.000126, 0.000119
3206, 0.000136, 0.000111, 0.000103
3207, 0.000133, 0.000102, 0.000096
3208, 0.000133, 0.000136, 0.000130
3209, 0.000135, 0.000088, 0.000083
3210, 0.000135, 0.000139, 0.000132
3211, 0.000135, 0.000097, 0.000091
3212, 0.000132, 0.000113, 0.000105
3213, 0.000132, 0.000125, 0.000119
3214, 0.000134, 0.000091, 0.000084
3215, 0.000133, 0.000136, 0.000129
3216, 0.000132, 0.000097, 0.000092
3217, 0.000132, 0.000119, 0.000112
3218, 0.000132, 0.000117, 0.000111
3219, 0.000129, 0.000096, 0.000090
3220, 0.000131, 0.000138, 0.000131
3221, 0.000131, 0.000088, 0.000083
3222, 0.000132, 0.000138, 0.000131
3223, 0.000131, 0.000101, 0.000095
3224, 0.000129, 0.000101, 0.000096
3225, 0.000130, 0.000141, 0.000134
3226, 0.000131, 0.000083, 0.000078
3227, 0.000131, 0.000133, 0.000126
3228, 0.000130, 0.000106, 0.000099
3229, 0.000129, 0.000099, 0.000093
3230, 0.000129, 0.000126, 0.000119
3231, 0.000129, 0.000102, 0.000095
3232, 0.000128, 0.000117, 0.000111
3233, 0.000127, 0.000105, 0.000099
3234, 0.000129, 0.000118, 0.000112
3235, 0.000129, 0.000099, 0.000093
3236, 0.000128, 0.000123, 0.000116
3237, 0.000129, 0.000096, 0.000090
3238, 0.000129, 0.000123, 0.000116
3239, 0.000128, 0.000109, 0.000102
3240, 0.000127, 0.000103, 0.000097
3241, 0.000128, 0.000122, 0.000116
3242, 0.000127, 0.000105, 0.000099
3243, 0.000127, 0.000109, 0.000103
3244, 0.000128, 0.000112, 0.000105
3245, 0.000128, 0.000120, 0.000114
3246, 0.000128, 0.000091, 0.000085
3247, 0.000129, 0.000130, 0.000122
3248, 0.000128, 0.000094, 0.000089
3249, 0.000128, 0.000121, 0.000115
3250, 0.000127, 0.000116, 0.000110
3251, 0.000127, 0.000101, 0.000096
3252, 0.000126, 0.000121, 0.000114
3253, 0.000126, 0.000101, 0.000096
3254, 0.000128, 0.000113, 0.000106
3255, 0.000126, 0.000119, 0.000111
3256, 0.000126, 0.000092, 0.000086
3257, 0.000128, 0.000139, 0.000131
3258, 0.000129, 0.000085, 0.000080
3259, 0.000130, 0.000154, 0.000145
3260, 0.000130, 0.000079, 0.000074
3261, 0.000131, 0.000161, 0.000152
3262, 0.000132, 0.000077, 0.000071
3263, 0.000130, 0.000157, 0.000149
3264, 0.000131, 0.000083, 0.000077
3265, 0.000130, 0.000158, 0.000149
3266, 0.000132, 0.000077, 0.000071
3267, 0.000131, 0.000154, 0.000145
3268, 0.000131, 0.000081, 0.000075
3269, 0.000128, 0.000129, 0.000121
3270, 0.000126, 0.000103, 0.000097
3271, 0.000123, 0.000095, 0.000090
3272, 0.000125, 0.000140, 0.000134
3273, 0.000127, 0.000087, 0.000083
3274, 0.000125, 0.000121, 0.000115
3275, 0.000125, 0.000106, 0.000101
3276, 0.000126, 0.000095, 0.000089
3277, 0.000125, 0.000130, 0.000122
3278, 0.000124, 0.000095, 0.000089
3279, 0.000129, 0.000140, 0.000130
3280, 0.000128, 0.000087, 0.000082
3281, 0.000129, 0.000139, 0.000130
3282, 0.000127, 0.000091, 0.000085
3283, 0.000124, 0.000117, 0.000111
3284, 0.000125, 0.000111, 0.000104
3285, 0.000125, 0.000098, 0.000092
3286, 0.000124, 0.000127, 0.000120
3287, 0.000124, 0.000091, 0.000085
3288, 0.000125, 0.000127, 0.000121
3289, 0.000126, 0.000085, 0.000079
3290, 0.000125, 0.000128, 0.000121
3291, 0.000124, 0.000089, 0.000083
3292, 0.000125, 0.000130, 0.000121
3293, 0.000124, 0.000092, 0.000085
3294, 0.000123, 0.000117, 0.000109
3295, 0.000123, 0.000102, 0.000095
3296, 0.000122, 0.000126, 0.000119
3297, 0.000126, 0.000084, 0.000078
3298, 0.000126, 0.000153, 0.000145
3299, 0.000127, 0.000070, 0.000066
3300, 0.000130, 0.000152, 0.000144
3301, 0.000127, 0.000091, 0.000086
3302, 0.000121, 0.000094, 0.000088
3303, 0.000121, 0.000153, 0.000145
3304, 0.000128, 0.000069, 0.000065
3305, 0.000132, 0.000193, 0.000183
3306, 0.000138, 0.000065, 0.000062
3307, 0.000142, 0.000200, 0.000190
3308, 0.000139, 0.000068, 0.000063
3309, 0.000130, 0.000132, 0.000126
3310, 0.000123, 0.000119, 0.000112
3311, 0.000121, 0.000063, 0.000059
3312, 0.000133, 0.000231, 0.000221
3313, 0.000151, 0.000059, 0.000055
3314, 0.000160, 0.000263, 0.000252
3315, 0.000160, 0.000061, 0.000057
3316, 0.000143, 0.000143, 0.000136
3317, 0.000124, 0.000110, 0.000104
3318, 0.000120, 0.000066, 0.000061
3319, 0.000128, 0.000187, 0.000179
3320, 0.000134, 0.000068, 0.000063
3321, 0.000128, 0.000122, 0.000115
3322, 0.000121, 0.000108, 0.000100
3323, 0.000120, 0.000081, 0.000075
3324, 0.000121, 0.000136, 0.000127
3325, 0.000124, 0.000080, 0.000074
3326, 0.000121, 0.000111, 0.000103
3327, 0.000118, 0.000109, 0.000103
3328, 0.000119, 0.000077, 0.000073
3329, 0.000122, 0.000146, 0.000139
3330, 0.000125, 0.000067, 0.000064
3331, 0.000127, 0.000134, 0.000128
3332, 0.000122, 0.000096, 0.000091
3333, 0.000118, 0.000078, 0.000073
3334, 0.000122, 0.000143, 0.000135
3335, 0.000124, 0.000076, 0.000071
3336, 0.000122, 0.000106, 0.000099
3337, 0.000120, 0.000115, 0.000109
3338, 0.000118, 0.000069, 0.000065
3339, 0.000125, 0.000158, 0.000150
3340, 0.000125, 0.000075, 0.000071
3341, 0.000123, 0.000112, 0.000106
3342, 0.000119, 0.000095, 0.000089
3343, 0.000118, 0.000085, 0.000079
3344, 0.000116, 0.000121, 0.000114
3345, 0.000119, 0.000076, 0.000070
3346, 0.000120, 0.000116, 0.000110
3347, 0.000118, 0.000103, 0.000098
3348, 0.000116, 0.000082, 0.000078
3349, 0.000118, 0.000114, 0.000110
3350, 0.000118, 0.000091, 0.000086
3351, 0.000117, 0.000098, 0.000093
3352, 0.000117, 0.000109, 0.000102
3353, 0.000117, 0.000092, 0.000086
3354, 0.000115, 0.000097, 0.000091
3355, 0.000117, 0.000098, 0.000092
3356, 0.000118, 0.000093, 0.000087
3357, 0.000115, 0.000107, 0.000100
3358, 0.000117, 0.000091, 0.000084
3359, 0.000118, 0.000109, 0.000103
3360, 0.000116, 0.000091, 0.000085
3361, 0.000115, 0.000097, 0.000091
3362, 0.000117, 0.000097, 0.000092
3363, 0.000118, 0.000102, 0.000097
3364, 0.000117, 0.000092, 0.000088
3365, 0.000117, 0.000109, 0.000104
3366, 0.000118, 0.000083, 0.000078
3367, 0.000117, 0.000113, 0.000107
3368, 0.000117, 0.000102, 0.000096
3369, 0.000116, 0.000085, 0.000079
3370, 0.000116, 0.000123, 0.000117
3371, 0.000118, 0.000069, 0.000065
3372, 0.000119, 0.000129, 0.000124
3373, 0.000119, 0.000077, 0.000074
3374, 0.000116, 0.000103, 0.000097
3375, 0.000115, 0.000104, 0.000099
3376, 0.000115, 0.000089, 0.000083
3377, 0.000114, 0.000102, 0.000096
3378, 0.000114, 0.000102, 0.000095
3379, 0.000117, 0.000097, 0.000090
3380, 0.000114, 0.000099, 0.000093
3381, 0.000114, 0.000097, 0.000092
3382, 0.000115, 0.000096, 0.000091
3383, 0.000113, 0.000084, 0.000080
3384, 0.000115, 0.000115, 0.000109
3385, 0.000114, 0.000075, 0.000071
3386, 0.000117, 0.000119, 0.000113
3387, 0.000116, 0.000083, 0.000078
3388, 0.000114, 0.000115, 0.000109
3389, 0.000114, 0.000102, 0.000096
3390, 0.000114, 0.000079, 0.000075
3391, 0.000114, 0.000130, 0.000123
3392, 0.000117, 0.000071, 0.000066
3393, 0.000117, 0.000131, 0.000125
3394, 0.000119, 0.000086, 0.000080
3395, 0.000114, 0.000086, 0.000080
3396, 0.000113, 0.000135, 0.000129
3397, 0.000118, 0.000063, 0.000059
3398, 0.000124, 0.000165, 0.000158
3399, 0.000126, 0.000069, 0.000064
3400, 0.000123, 0.000130, 0.000124
3401, 0.000117, 0.000091, 0.000088
3402, 0.000117, 0.000099, 0.000094
3403, 0.000117, 0.000131, 0.000126
3404, 0.000118, 0.000057, 0.000055
3405, 0.000129, 0.000204, 0.000195
3406, 0.000141, 0.000069, 0.000068
3407, 0.000147, 0.000194, 0.000185
3408, 0.000138, 0.000066, 0.000063
3409, 0.000125, 0.000108, 0.000103
3410, 0.000114, 0.000117, 0.000111
3411, 0.000115, 0.000068, 0.000065
3412, 0.000119, 0.000131, 0.000125
3413, 0.000116, 0.000080, 0.000074
3414, 0.000113, 0.000094, 0.000089
3415, 0.000116, 0.000114, 0.000107
3416, 0.000114, 0.000069, 0.000065
3417, 0.000114, 0.000122, 0.000115
3418, 0.000115, 0.000088, 0.000082
3419, 0.000114, 0.000085, 0.000080
3420, 0.000112, 0.000119, 0.000112
3421, 0.000113, 0.000072, 0.000067
3422, 0.000114, 0.000100, 0.000095
3423, 0.000113, 0.000097, 0.000091
3424, 0.000111, 0.000083, 0.000078
3425, 0.000112, 0.000109, 0.000104
3426, 0.000112, 0.000087, 0.000082
3427, 0.000110, 0.000085, 0.000081
3428, 0.000110, 0.000115, 0.000109
3429, 0.000112, 0.000067, 0.000062
3430, 0.000115, 0.000138, 0.000133
3431, 0.000117, 0.000066, 0.000062
3432, 0.000115, 0.000117, 0.000112
3433, 0.000112, 0.000084, 0.000080
3434, 0.000111, 0.000081, 0.000076
3435, 0.000112, 0.000123, 0.000118
3436, 0.000114, 0.000063, 0.000059
3437, 0.000116, 0.000135, 0.000130
3438, 0.000116, 0.000074, 0.000071
3439, 0.000113, 0.000089, 0.000085
3440, 0.000112, 0.000122, 0.000116
3441, 0.000112, 0.000062, 0.000058
3442, 0.000118, 0.000152, 0.000142
3443, 0.000120, 0.000069, 0.000065
3444, 0.000113, 0.000093, 0.000087
3445, 0.000110, 0.000123, 0.000116
3446, 0.000112, 0.000060, 0.000057
3447, 0.000117, 0.000139, 0.000132
3448, 0.000117, 0.000070, 0.000066
3449, 0.000112, 0.000098, 0.000093
3450, 0.000108, 0.000101, 0.000094
3451, 0.000109, 0.000074, 0.000070
3452, 0.000109, 0.000112, 0.000106
3453, 0.000110, 0.000082, 0.000077
3454, 0.000108, 0.000085, 0.000081
3455, 0.000109, 0.000105, 0.000100
3456, 0.000109, 0.000070, 0.000066
3457, 0.000111, 0.000129, 0.000123
3458, 0.000114, 0.000068, 0.000063
3459, 0.000112, 0.000112, 0.000105
3460, 0.000111, 0.000084, 0.000078
3461, 0.000108, 0.000084, 0.000078
3462, 0.000109, 0.000115, 0.000109
3463, 0.000111, 0.000069, 0.000064
3464, 0.000112, 0.000121, 0.000116
3465, 0.000111, 0.000078, 0.000074
3466, 0.000107, 0.000085, 0.000079
3467, 0.000108, 0.000115, 0.000109
3468, 0.000111, 0.000063, 0.000058
3469, 0.000113, 0.000133, 0.000125
3470, 0.000114, 0.000073, 0.000069
3471, 0.000111, 0.000096, 0.000090
3472, 0.000109, 0.000102, 0.000096
3473, 0.000107, 0.000072, 0.000067
3474, 0.000110, 0.000127, 0.000120
3475, 0.000113, 0.000061, 0.000058
3476, 0.000112, 0.000113, 0.000106
3477, 0.000108, 0.000087, 0.000081
3478, 0.000106, 0.000076, 0.000071
3479, 0.000107, 0.000127, 0.000120
3480, 0.000112, 0.000059, 0.000055
3481, 0.000114, 0.000136, 0.000129
3482, 0.000113, 0.000066, 0.000062
3483, 0.000108, 0.000085, 0.000080
3484, 0.000106, 0.000126, 0.000119
3485, 0.000110, 0.000057, 0.000053
3486, 0.000117, 0.000155, 0.000148
3487, 0.000117, 0.000063, 0.000059
3488, 0.000113, 0.000095, 0.000090
3489, 0.000105, 0.000109, 0.000103
3490, 0.000108, 0.000059, 0.000055
3491, 0.000114, 0.000150, 0.000143
3492, 0.000117, 0.000059, 0.000055
3493, 0.000113, 0.000105, 0.000099
3494, 0.000105, 0.000104, 0.000098
3495, 0.000107, 0.000061, 0.000056
3496, 0.000117, 0.000175, 0.000167
3497, 0.000125, 0.000055, 0.000051
3498, 0.000123, 0.000136, 0.000128
3499, 0.000113, 0.000079, 0.000075
3500, 0.000109, 0.000076, 0.000071
3501, 0.000107, 0.000117, 0.000111
3502, 0.000110, 0.000061, 0.000058
3503, 0.000110, 0.000102, 0.000095
3504, 0.000106, 0.000095, 0.000090
3505, 0.000105, 0.000067, 0.000063
3506, 0.000106, 0.000115, 0.000108
3507, 0.000107, 0.000073, 0.000069
3508, 0.000110, 0.000100, 0.000094
3509, 0.000106, 0.000080, 0.000075
3510, 0.000104, 0.000080, 0.000076
3511, 0.000105, 0.000090, 0.000084
3512, 0.000104, 0.000075, 0.000070
3513, 0.000105, 0.000087, 0.000081
3514, 0.000105, 0.000092, 0.000085
3515, 0.000104, 0.000071, 0.000066
3516, 0.000105, 0.000105, 0.000098
3517, 0.000104, 0.000084, 0.000079
3518, 0.000103, 0.000079, 0.000074
3519, 0.000104, 0.000105, 0.000098
3520, 0.000106, 0.000069, 0.000064
3521, 0.000104, 0.000095, 0.000089
3522, 0.000104, 0.000081, 0.000077
3523, 0.000104, 0.000087, 0.000084
3524, 0.000105, 0.000077, 0.000073
3525, 0.000104, 0.000093, 0.000089
3526, 0.000104, 0.000085, 0.000080
3527, 0.000103, 0.000085, 0.000079
3528, 0.000104, 0.000096, 0.000090
3529, 0.000103, 0.000082, 0.000076
3530, 0.000103, 0.000085, 0.000079
3531, 0.000104, 0.000087, 0.000083
3532, 0.000103, 0.000076, 0.000071
3533, 0.000104, 0.000097, 0.000092
3534, 0.000104, 0.000070, 0.000066
3535, 0.000106, 0.000115, 0.000107
3536, 0.000105, 0.000074, 0.000069
3537, 0.000104, 0.000095, 0.000088
3538, 0.000104, 0.000088, 0.000082
3539, 0.000103, 0.000077, 0.000073
3540, 0.000104, 0.000096, 0.000092
3541, 0.000106, 0.000075, 0.000072
3542, 0.000104, 0.000094, 0.000092
3543, 0.000106, 0.000088, 0.000084
3544, 0.000103, 0.000086, 0.000082
3545, 0.000102, 0.000078, 0.000074
3546, 0.000103, 0.000099, 0.000093
3547, 0.000103, 0.000064, 0.000061
3548, 0.000105, 0.000111, 0.000105
3549, 0.000104, 0.000078, 0.000073
3550, 0.000102, 0.000076, 0.000072
3551, 0.000103, 0.000129, 0.000121
3552, 0.000107, 0.000057, 0.000054
3553, 0.000112, 0.000151, 0.000143
3554, 0.000113, 0.000056, 0.000052
3555, 0.000110, 0.000115, 0.000109
3556, 0.000104, 0.000076, 0.000072
3557, 0.000101, 0.000060, 0.000057
3558, 0.000104, 0.000137, 0.000131
3559, 0.000112, 0.000052, 0.000049
3560, 0.000116, 0.000152, 0.000146
3561, 0.000113, 0.000064, 0.000061
3562, 0.000105, 0.000092, 0.000088
3563, 0.000101, 0.000091, 0.000086
3564, 0.000102, 0.000061, 0.000057
3565, 0.000105, 0.000125, 0.000120
3566, 0.000108, 0.000057, 0.000054
3567, 0.000107, 0.000110, 0.000105
3568, 0.000104, 0.000077, 0.000072
3569, 0.000101, 0.000069, 0.000065
3570, 0.000101, 0.000115, 0.000109
3571, 0.000105, 0.000056, 0.000053
3572, 0.000109, 0.000134, 0.000128
3573, 0.000109, 0.000057, 0.000054
3574, 0.000106, 0.000092, 0.000087
3575, 0.000101, 0.000098, 0.000094
3576, 0.000101, 0.000057, 0.000053
3577, 0.000106, 0.000128, 0.000123
3578, 0.000109, 0.000056, 0.000052
3579, 0.000108, 0.000108, 0.000102
3580, 0.000104, 0.000074, 0.000069
3581, 0.000101, 0.000081, 0.000075
3582, 0.000101, 0.000092, 0.000087
3583, 0.000100, 0.000068, 0.000064
3584, 0.000101, 0.000102, 0.000097
3585, 0.000103, 0.000071, 0.000067
3586, 0.000100, 0.000075, 0.000070
3587, 0.000101, 0.000106, 0.000100
3588, 0.000103, 0.000057, 0.000053
3589, 0.000107, 0.000138, 0.000130
3590, 0.000111, 0.000057, 0.000054
3591, 0.000105, 0.000093, 0.000089
3592, 0.000100, 0.000099, 0.000095
3593, 0.000101, 0.000054, 0.000052
3594, 0.000112, 0.000160, 0.000155
3595, 0.000118, 0.000052, 0.000050
3596, 0.000115, 0.000129, 0.000124
3597, 0.000108, 0.000071, 0.000067
3598, 0.000101, 0.000068, 0.000064
3599, 0.000101, 0.000116, 0.000109
3600, 0.000105, 0.000055, 0.000051
3601, 0.000106, 0.000119, 0.000112
3602, 0.000106, 0.000064, 0.000059
3603, 0.000100, 0.000073, 0.000068
3604, 0.000098, 0.000101, 0.000095
3605, 0.000101, 0.000061, 0.000057
3606, 0.000103, 0.000098, 0.000092
3607, 0.000099, 0.000084, 0.000078
3608, 0.000098, 0.000062, 0.000057
3609, 0.000105, 0.000137, 0.000131
3610, 0.000111, 0.000056, 0.000052
3611, 0.000109, 0.000122, 0.000114
3612, 0.000105, 0.000064, 0.000061
3613, 0.000101, 0.000073, 0.000068
3614, 0.000099, 0.000107, 0.000103
3615, 0.000102, 0.000052, 0.000050
3616, 0.000106, 0.000127, 0.000122
3617, 0.000107, 0.000056, 0.000054
3618, 0.000104, 0.000084, 0.000078
3619, 0.000098, 0.000098, 0.000091
3620, 0.000100, 0.000054, 0.000051
3621, 0.000108, 0.000138, 0.000129
3622, 0.000110, 0.000055, 0.000051
3623, 0.000106, 0.000097, 0.000092
3624, 0.000099, 0.000081, 0.000076
3625, 0.000097, 0.000064, 0.000060
3626, 0.000100, 0.000108, 0.000101
3627, 0.000101, 0.000059, 0.000055
3628, 0.000101, 0.000085, 0.000079
3629, 0.000098, 0.000084, 0.000078
3630, 0.000098, 0.000056, 0.000053
3631, 0.000101, 0.000123, 0.000116
3632, 0.000105, 0.000054, 0.000051
3633, 0.000103, 0.000088, 0.000083
3634, 0.000099, 0.000083, 0.000079
3635, 0.000097, 0.000056, 0.000053
3636, 0.000100, 0.000113, 0.000108
3637, 0.000103, 0.000055, 0.000052
3638, 0.000105, 0.000103, 0.000097
3639, 0.000100, 0.000069, 0.000065
3640, 0.000097, 0.000061, 0.000058
3641, 0.000097, 0.000106, 0.000100
3642, 0.000100, 0.000060, 0.000057
3643, 0.000100, 0.000089, 0.000084
3644, 0.000097, 0.000074, 0.000071
3645, 0.000097, 0.000063, 0.000060
3646, 0.000098, 0.000092, 0.000088
3647, 0.000098, 0.000056, 0.000053
3648, 0.000101, 0.000106, 0.000100
3649, 0.000099, 0.000063, 0.000059
3650, 0.000097, 0.000077, 0.000072
3651, 0.000096, 0.000095, 0.000089
3652, 0.000098, 0.000057, 0.000054
3653, 0.000102, 0.000109, 0.000104
3654, 0.000101, 0.000061, 0.000058
3655, 0.000097, 0.000072, 0.000068
3656, 0.000096, 0.000089, 0.000085
3657, 0.000097, 0.000060, 0.000057
3658, 0.000098, 0.000089, 0.000084
3659, 0.000096, 0.000070, 0.000066
3660, 0.000095, 0.000076, 0.000071
3661, 0.000096, 0.000070, 0.000065
3662, 0.000096, 0.000085, 0.000080
3663, 0.000097, 0.000066, 0.000061
3664, 0.000097, 0.000083, 0.000078
3665, 0.000096, 0.000069, 0.000064
3666, 0.000096, 0.000082, 0.000075
3667, 0.000098, 0.000071, 0.000067
3668, 0.000096, 0.000082, 0.000077
3669, 0.000095, 0.000068, 0.000064
3670, 0.000096, 0.000077, 0.000074
3671, 0.000094, 0.000076, 0.000072
3672, 0.000096, 0.000068, 0.000065
3673, 0.000096, 0.000082, 0.000078
3674, 0.000096, 0.000068, 0.000063
3675, 0.000097, 0.000077, 0.000073
3676, 0.000095, 0.000070, 0.000066
3677, 0.000095, 0.000077, 0.000074
3678, 0.000094, 0.000077, 0.000074
3679, 0.000095, 0.000062, 0.000058
3680, 0.000096, 0.000106, 0.000102
3681, 0.000100, 0.000051, 0.000049
3682, 0.000102, 0.000113, 0.000109
3683, 0.000100, 0.000061, 0.000058
3684, 0.000096, 0.000072, 0.000070
3685, 0.000095, 0.000086, 0.000082
3686, 0.000097, 0.000063, 0.000061
3687, 0.000096, 0.000082, 0.000079
3688, 0.000093, 0.000070, 0.000066
3689, 0.000095, 0.000085, 0.000081
3690, 0.000096, 0.000063, 0.000059
3691, 0.000097, 0.000091, 0.000087
3692, 0.000096, 0.000062, 0.000060
3693, 0.000095, 0.000089, 0.000084
3694, 0.000097, 0.000062, 0.000060
3695, 0.000100, 0.000098, 0.000093
3696, 0.000097, 0.000059, 0.000055
3697, 0.000096, 0.000081, 0.000077
3698, 0.000097, 0.000087, 0.000082
3699, 0.000095, 0.000061, 0.000058
3700, 0.000095, 0.000094, 0.000090
3701, 0.000097, 0.000062, 0.000059
3702, 0.000095, 0.000087, 0.000085
3703, 0.000096, 0.000063, 0.000061
3704, 0.000096, 0.000079, 0.000077
3705, 0.000094, 0.000075, 0.000073
3706, 0.000093, 0.000063, 0.000060
3707, 0.000095, 0.000084, 0.000080
3708, 0.000095, 0.000069, 0.000064
3709, 0.000095, 0.000079, 0.000074
3710, 0.000093, 0.000077, 0.000072
3711, 0.000093, 0.000065, 0.000061
3712, 0.000095, 0.000096, 0.000091
3713, 0.000096, 0.000052, 0.000049
3714, 0.000102, 0.000137, 0.000130
3715, 0.000106, 0.000050, 0.000048
3716, 0.000106, 0.000121, 0.000115
3717, 0.000102, 0.000056, 0.000053
3718, 0.000096, 0.000072, 0.000069
3719, 0.000093, 0.000102, 0.000096
3720, 0.000096, 0.000052, 0.000050
3721, 0.000102, 0.000129, 0.000122
3722, 0.000104, 0.000055, 0.000052
3723, 0.000100, 0.000087, 0.000084
3724, 0.000094, 0.000081, 0.000077
3725, 0.000094, 0.000053, 0.000050
3726, 0.000098, 0.000118, 0.000113
3727, 0.000101, 0.000052, 0.000048
3728, 0.000103, 0.000104, 0.000100
3729, 0.000097, 0.000064, 0.000060
3730, 0.000093, 0.000067, 0.000062
3731, 0.000092, 0.000097, 0.000092
3732, 0.000098, 0.000059, 0.000054
3733, 0.000104, 0.000119, 0.000113
3734, 0.000103, 0.000055, 0.000051
3735, 0.000097, 0.000087, 0.000081
3736, 0.000095, 0.000083, 0.000081
3737, 0.000099, 0.000067, 0.000062
3738, 0.000097, 0.000099, 0.000093
3739, 0.000096, 0.000055, 0.000053
3740, 0.000100, 0.000126, 0.000119
3741, 0.000107, 0.000067, 0.000066
3742, 0.000114, 0.000118, 0.000111
3743, 0.000104, 0.000059, 0.000056
3744, 0.000093, 0.000067, 0.000063
3745, 0.000093, 0.000105, 0.000099
3746, 0.000100, 0.000054, 0.000052
3747, 0.000103, 0.000109, 0.000104
3748, 0.000098, 0.000060, 0.000057
3749, 0.000097, 0.000085, 0.000083
3750, 0.000098, 0.000077, 0.000073
3751, 0.000095, 0.000063, 0.000060
3752, 0.000093, 0.000087, 0.000082
3753, 0.000092, 0.000065, 0.000060
3754, 0.000094, 0.000080, 0.000075
3755, 0.000092, 0.000070, 0.000066
3756, 0.000090, 0.000063, 0.000059
3757, 0.000093, 0.000099, 0.000095
3758, 0.000097, 0.000051, 0.000049
3759, 0.000098, 0.000115, 0.000110
3760, 0.000101, 0.000054, 0.000051
3761, 0.000096, 0.000081, 0.000077
3762, 0.000092, 0.000075, 0.000071
3763, 0.000091, 0.000056, 0.000052
3764, 0.000093, 0.000104, 0.000098
3765, 0.000097, 0.000054, 0.000051
3766, 0.000098, 0.000099, 0.000093
3767, 0.000094, 0.000058, 0.000053
3768, 0.000096, 0.000082, 0.000078
3769, 0.000094, 0.000064, 0.000059
3770, 0.000092, 0.000072, 0.000068
3771, 0.000090, 0.000078, 0.000074
3772, 0.000092, 0.000060, 0.000055
3773, 0.000094, 0.000083, 0.000078
3774, 0.000092, 0.000062, 0.000058
3775, 0.000092, 0.000069, 0.000066
3776, 0.000090, 0.000079, 0.000076
3777, 0.000091, 0.000053, 0.000052
3778, 0.000091, 0.000088, 0.000084
3779, 0.000093, 0.000060, 0.000058
3780, 0.000092, 0.000074, 0.000069
3781, 0.000090, 0.000069, 0.000064
3782, 0.000090, 0.000065, 0.000062
3783, 0.000090, 0.000070, 0.000066
3784, 0.000090, 0.000074, 0.000070
3785, 0.000090, 0.000057, 0.000054
3786, 0.000091, 0.000086, 0.000082
3787, 0.000091, 0.000056, 0.000053
3788, 0.000091, 0.000074, 0.000071
3789, 0.000090, 0.000068, 0.000064
3790, 0.000089, 0.000060, 0.000057
3791, 0.000090, 0.000093, 0.000089
3792, 0.000095, 0.000051, 0.000048
3793, 0.000100, 0.000126, 0.000122
3794, 0.000103, 0.000050, 0.000047
3795, 0.000098, 0.000088, 0.000084
3796, 0.000091, 0.000067, 0.000064
3797, 0.000089, 0.000055, 0.000052
3798, 0.000091, 0.000089, 0.000085
3799, 0.000093, 0.000056, 0.000053
3800, 0.000091, 0.000075, 0.000071
3801, 0.000089, 0.000074, 0.000071
3802, 0.000089, 0.000053, 0.000050
3803, 0.000092, 0.000092, 0.000088
3804, 0.000092, 0.000055, 0.000052
3805, 0.000093, 0.000084, 0.000080
3806, 0.000092, 0.000062, 0.000060
3807, 0.000089, 0.000060, 0.000057
3808, 0.000089, 0.000081, 0.000078
3809, 0.000091, 0.000053, 0.000051
3810, 0.000092, 0.000093, 0.000088
3811, 0.000092, 0.000052, 0.000050
3812, 0.000094, 0.000098, 0.000093
3813, 0.000092, 0.000052, 0.000049
3814, 0.000093, 0.000083, 0.000079
3815, 0.000091, 0.000072, 0.000068
3816, 0.000089, 0.000053, 0.000050
3817, 0.000091, 0.000111, 0.000106
3818, 0.000098, 0.000051, 0.000048
3819, 0.000097, 0.000096, 0.000092
3820, 0.000094, 0.000053, 0.000050
3821, 0.000089, 0.000063, 0.000060
3822, 0.000087, 0.000083, 0.000080
3823, 0.000091, 0.000052, 0.000049
3824, 0.000092, 0.000093, 0.000088
3825, 0.000091, 0.000057, 0.000054
3826, 0.000091, 0.000077, 0.000072
3827, 0.000088, 0.000061, 0.000058
3828, 0.000088, 0.000065, 0.000062
3829, 0.000088, 0.000069, 0.000066
3830, 0.000088, 0.000059, 0.000056
3831, 0.000089, 0.000081, 0.000077
3832, 0.000089, 0.000057, 0.000054
3833, 0.000089, 0.000080, 0.000076
3834, 0.000089, 0.000055, 0.000052
3835, 0.000090, 0.000077, 0.000073
3836, 0.000089, 0.000062, 0.000059
3837, 0.000089, 0.000066, 0.000062
3838, 0.000087, 0.000066, 0.000062
3839, 0.000087, 0.000068, 0.000064
3840, 0.000087, 0.000068, 0.000063
3841, 0.000086, 0.000058, 0.000054
3842, 0.000087, 0.000075, 0.000072
3843, 0.000088, 0.000060, 0.000057
3844, 0.000087, 0.000067, 0.000064
3845, 0.000088, 0.000066, 0.000063
3846, 0.000087, 0.000068, 0.000065
3847, 0.000087, 0.000060, 0.000057
3848, 0.000086, 0.000072, 0.000068
3849, 0.000087, 0.000061, 0.000059
3850, 0.000087, 0.000071, 0.000068
3851, 0.000087, 0.000053, 0.000050
3852, 0.000088, 0.000086, 0.000082
3853, 0.000089, 0.000053, 0.000050
3854, 0.000089, 0.000075, 0.000071
3855, 0.000088, 0.000059, 0.000056
3856, 0.000087, 0.000069, 0.000066
3857, 0.000086, 0.000068, 0.000065
3858, 0.000086, 0.000057, 0.000054
3859, 0.000088, 0.000087, 0.000083
3860, 0.000089, 0.000052, 0.000050
3861, 0.000091, 0.000090, 0.000085
3862, 0.000090, 0.000053, 0.000051
3863, 0.000087, 0.000064, 0.000061
3864, 0.000086, 0.000077, 0.000073
3865, 0.000086, 0.000053, 0.000052
3866, 0.000090, 0.000094, 0.000088
3867, 0.000091, 0.000052, 0.000049
3868, 0.000088, 0.000074, 0.000070
3869, 0.000088, 0.000073, 0.000068
3870, 0.000087, 0.000050, 0.000048
3871, 0.000094, 0.000123, 0.000117
3872, 0.000102, 0.000052, 0.000050
3873, 0.000106, 0.000126, 0.000122
3874, 0.000105, 0.000049, 0.000046
3875, 0.000094, 0.000078, 0.000074
3876, 0.000086, 0.000074, 0.000070
3877, 0.000088, 0.000054, 0.000051
3878, 0.000093, 0.000116, 0.000110
3879, 0.000098, 0.000049, 0.000047
3880, 0.000096, 0.000093, 0.000086
3881, 0.000091, 0.000057, 0.000055
3882, 0.000089, 0.000063, 0.000060
3883, 0.000086, 0.000076, 0.000073
3884, 0.000088, 0.000052, 0.000051
3885, 0.000091, 0.000090, 0.000086
3886, 0.000090, 0.000057, 0.000055
3887, 0.000085, 0.000061, 0.000058
3888, 0.000085, 0.000082, 0.000077
3889, 0.000088, 0.000050, 0.000048
3890, 0.000091, 0.000095, 0.000089
3891, 0.000089, 0.000056, 0.000053
3892, 0.000086, 0.000059, 0.000056
3893, 0.000086, 0.000079, 0.000075
3894, 0.000088, 0.000051, 0.000050
3895, 0.000090, 0.000097, 0.000092
3896, 0.000091, 0.000050, 0.000048
3897, 0.000090, 0.000082, 0.000077
3898, 0.000088, 0.000051, 0.000048
3899, 0.000086, 0.000069, 0.000065
3900, 0.000085, 0.000061, 0.000057
3901, 0.000085, 0.000065, 0.000061
3902, 0.000083, 0.000060, 0.000056
3903, 0.000085, 0.000070, 0.000067
3904, 0.000085, 0.000057, 0.000053
3905, 0.000084, 0.000072, 0.000069
3906, 0.000085, 0.000059, 0.000057
3907, 0.000086, 0.000059, 0.000055
3908, 0.000084, 0.000071, 0.000067
3909, 0.000085, 0.000055, 0.000052
3910, 0.000086, 0.000069, 0.000064
3911, 0.000085, 0.000063, 0.000059
3912, 0.000084, 0.000059, 0.000056
3913, 0.000084, 0.000069, 0.000065
3914, 0.000084, 0.000064, 0.000062
3915, 0.000084, 0.000057, 0.000055
3916, 0.000083, 0.000065, 0.000062
3917, 0.000084, 0.000057, 0.000055
3918, 0.000085, 0.000063, 0.000060
3919, 0.000084, 0.000066, 0.000062
3920, 0.000084, 0.000059, 0.000055
3921, 0.000083, 0.000072, 0.000068
3922, 0.000084, 0.000053, 0.000051
3923, 0.000087, 0.000082, 0.000077
3924, 0.000086, 0.000049, 0.000046
3925, 0.000087, 0.000078, 0.000074
3926, 0.000086, 0.000053, 0.000049
3927, 0.000084, 0.000065, 0.000061
3928, 0.000083, 0.000064, 0.000060
3929, 0.000083, 0.000057, 0.000054
3930, 0.000084, 0.000073, 0.000069
3931, 0.000084, 0.000057, 0.000054
3932, 0.000083, 0.000060, 0.000056
3933, 0.000083, 0.000082, 0.000077
3934, 0.000087, 0.000049, 0.000046
3935, 0.000092, 0.000112, 0.000106
3936, 0.000097, 0.000050, 0.000048
3937, 0.000098, 0.000101, 0.000098
3938, 0.000094, 0.000051, 0.000049
3939, 0.000086, 0.000060, 0.000057
3940, 0.000083, 0.000086, 0.000083
3941, 0.000088, 0.000051, 0.000048
3942, 0.000097, 0.000128, 0.000123
3943, 0.000104, 0.000052, 0.000049
3944, 0.000099, 0.000097, 0.000091
3945, 0.000090, 0.000054, 0.000051
3946, 0.000085, 0.000060, 0.000056
3947, 0.000083, 0.000073, 0.000069
3948, 0.000083, 0.000050, 0.000048
3949, 0.000087, 0.000092, 0.000088
3950, 0.000090, 0.000049, 0.000047
3951, 0.000090, 0.000089, 0.000084
3952, 0.000088, 0.000052, 0.000048
3953, 0.000085, 0.000063, 0.000059
3954, 0.000082, 0.000059, 0.000055
3955, 0.000082, 0.000055, 0.000052
3956, 0.000083, 0.000079, 0.000076
3957, 0.000085, 0.000050, 0.000048
3958, 0.000086, 0.000075, 0.000072
3959, 0.000084, 0.000056, 0.000054
3960, 0.000082, 0.000052, 0.000049
3961, 0.000082, 0.000077, 0.000073
3962, 0.000084, 0.000050, 0.000047
3963, 0.000085, 0.000071, 0.000067
3964, 0.000084, 0.000058, 0.000055
3965, 0.000082, 0.000054, 0.000052
3966, 0.000082, 0.000078, 0.000074
3967, 0.000085, 0.000050, 0.000049
3968, 0.000088, 0.000093, 0.000087
3969, 0.000089, 0.000051, 0.000048
3970, 0.000086, 0.000068, 0.000064
3971, 0.000084, 0.000067, 0.000062
3972, 0.000083, 0.000050, 0.000049
3973, 0.000085, 0.000085, 0.000081
3974, 0.000086, 0.000051, 0.000048
3975, 0.000088, 0.000075, 0.000073
3976, 0.000086, 0.000057, 0.000054
3977, 0.000083, 0.000057, 0.000054
3978, 0.000082, 0.000083, 0.000080
3979, 0.000087, 0.000050, 0.000048
3980, 0.000092, 0.000105, 0.000099
3981, 0.000094, 0.000049, 0.000048
3982, 0.000089, 0.000072, 0.000068
3983, 0.000084, 0.000065, 0.000062
3984, 0.000084, 0.000048, 0.000046
3985, 0.000088, 0.000103, 0.000097
3986, 0.000092, 0.000051, 0.000050
3987, 0.000089, 0.000073, 0.000068
3988, 0.000084, 0.000061, 0.000057
3989, 0.000080, 0.000052, 0.000050
3990, 0.000084, 0.000088, 0.000083
3991, 0.000087, 0.000048, 0.000047
3992, 0.000086, 0.000069, 0.000066
3993, 0.000081, 0.000057, 0.000054
3994, 0.000081, 0.000054, 0.000052
3995, 0.000082, 0.000076, 0.000072
3996, 0.000083, 0.000051, 0.000049
3997, 0.000085, 0.000082, 0.000079
3998, 0.000085, 0.000050, 0.000048
3999, 0.000083, 0.000071, 0.000068
4000, 0.000083, 0.000051, 0.000050
4001, 0.000082, 0.000063, 0.000059
4002, 0.000079, 0.000058, 0.000055
4003, 0.000081, 0.000054, 0.000052
4004, 0.000082, 0.000066, 0.000062
4005, 0.000082, 0.000054, 0.000052
4006, 0.000081, 0.000072, 0.000069
4007, 0.000082, 0.000054, 0.000052
4008, 0.000080, 0.000058, 0.000057
4009, 0.000080, 0.000060, 0.000058
4010, 0.000080, 0.000056, 0.000053
4011, 0.000080, 0.000061, 0.000058
4012, 0.000080, 0.000054, 0.000051
4013, 0.000080, 0.000063, 0.000060
4014, 0.000079, 0.000055, 0.000053
4015, 0.000081, 0.000060, 0.000058
4016, 0.000081, 0.000061, 0.000059
4017, 0.000080, 0.000054, 0.000052
4018, 0.000081, 0.000071, 0.000068
4019, 0.000081, 0.000049, 0.000047
4020, 0.000083, 0.000074, 0.000070
4021, 0.000084, 0.000050, 0.000047
4022, 0.000083, 0.000068, 0.000065
4023, 0.000081, 0.000055, 0.000052
4024, 0.000080, 0.000058, 0.000055
4025, 0.000079, 0.000062, 0.000060
4026, 0.000080, 0.000059, 0.000055
4027, 0.000080, 0.000061, 0.000058
4028, 0.000079, 0.000058, 0.000056
4029, 0.000081, 0.000061, 0.000057
4030, 0.000080, 0.000056, 0.000054
4031, 0.000079, 0.000059, 0.000057
4032, 0.000079, 0.000054, 0.000052
4033, 0.000080, 0.000065, 0.000063
4034, 0.000081, 0.000053, 0.000050
4035, 0.000080, 0.000070, 0.000066
4036, 0.000081, 0.000050, 0.000049
4037, 0.000082, 0.000070, 0.000066
4038, 0.000080, 0.000053, 0.000050
4039, 0.000080, 0.000056, 0.000052
4040, 0.000079, 0.000062, 0.000057
4041, 0.000080, 0.000054, 0.000051
4042, 0.000079, 0.000057, 0.000054
4043, 0.000079, 0.000065, 0.000061
4044, 0.000080, 0.000049, 0.000048
4045, 0.000082, 0.000071, 0.000068
4046, 0.000082, 0.000050, 0.000048
4047, 0.000083, 0.000079, 0.000075
4048, 0.000083, 0.000051, 0.000048
4049, 0.000084, 0.000072, 0.000069
4050, 0.000081, 0.000055, 0.000052
4051, 0.000079, 0.000053, 0.000051
4052, 0.000079, 0.000071, 0.000068
4053, 0.000082, 0.000049, 0.000046
4054, 0.000088, 0.000101, 0.000096
4055, 0.000092, 0.000053, 0.000051
4056, 0.000095, 0.000103, 0.000097
4057, 0.000094, 0.000051, 0.000051
4058, 0.000091, 0.000085, 0.000080
4059, 0.000086, 0.000051, 0.000050
4060, 0.000079, 0.000051, 0.000049
4061, 0.000079, 0.000090, 0.000085
4062, 0.000088, 0.000054, 0.000053
4063, 0.000095, 0.000105, 0.000099
4064, 0.000094, 0.000049, 0.000047
4065, 0.000088, 0.000071, 0.000068
4066, 0.000081, 0.000057, 0.000054
4067, 0.000079, 0.000049, 0.000048
4068, 0.000080, 0.000084, 0.000081
4069, 0.000087, 0.000052, 0.000050
4070, 0.000088, 0.000081, 0.000076
4071, 0.000084, 0.000052, 0.000049
4072, 0.000079, 0.000054, 0.000051
4073, 0.000080, 0.000080, 0.000077
4074, 0.000085, 0.000048, 0.000046
4075, 0.000086, 0.000084, 0.000081
4076, 0.000087, 0.000049, 0.000049
4077, 0.000084, 0.000065, 0.000062
4078, 0.000079, 0.000057, 0.000054
4079, 0.000077, 0.000052, 0.000051
4080, 0.000079, 0.000064, 0.000061
4081, 0.000080, 0.000051, 0.000050
4082, 0.000078, 0.000054, 0.000052
4083, 0.000077, 0.000059, 0.000056
4084, 0.000078, 0.000053, 0.000052
4085, 0.000079, 0.000062, 0.000059
4086, 0.000079, 0.000053, 0.000051
4087, 0.000077, 0.000055, 0.000053
4088, 0.000077, 0.000054, 0.000052
4089, 0.000079, 0.000059, 0.000056
4090, 0.000078, 0.000051, 0.000049
4091, 0.000077, 0.000061, 0.000058
4092, 0.000077, 0.000052, 0.000050
4093, 0.000077, 0.000055, 0.000053
4094, 0.000076, 0.000056, 0.000053
4095, 0.000077, 0.000053, 0.000051
4096, 0.000077, 0.000052, 0.000050
4097, 0.000077, 0.000057, 0.000054
4098, 0.000077, 0.000052, 0.000050
4099, 0.000077, 0.000063, 0.000059
4100, 0.000077, 0.000050, 0.000048
4101, 0.000078, 0.000062, 0.000059
4102, 0.000078, 0.000053, 0.000050
4103, 0.000077, 0.000059, 0.000056
4104, 0.000076, 0.000054, 0.000051
4105, 0.000077, 0.000061, 0.000057
4106, 0.000077, 0.000049, 0.000047
4107, 0.000078, 0.000063, 0.000061
4108, 0.000078, 0.000049, 0.000048
4109, 0.000078, 0.000061, 0.000058
4110, 0.000077, 0.000051, 0.000048
4111, 0.000078, 0.000057, 0.000054
4112, 0.000077, 0.000053, 0.000050
4113, 0.000076, 0.000057, 0.000055
4114, 0.000076, 0.000058, 0.000057
4115, 0.000077, 0.000051, 0.000050
4116, 0.000077, 0.000057, 0.000055
4117, 0.000077, 0.000050, 0.000047
4118, 0.000077, 0.000055, 0.000053
4119, 0.000077, 0.000058, 0.000056
4120, 0.000077, 0.000050, 0.000047
4121, 0.000078, 0.000068, 0.000065
4122, 0.000078, 0.000047, 0.000046
4123, 0.000080, 0.000069, 0.000065
4124, 0.000079, 0.000050, 0.000049
4125, 0.000078, 0.000060, 0.000057
4126, 0.000077, 0.000060, 0.000056
4127, 0.000077, 0.000050, 0.000049
4128, 0.000080, 0.000071, 0.000067
4129, 0.000080, 0.000048, 0.000047
4130, 0.000080, 0.000073, 0.000071
4131, 0.000081, 0.000051, 0.000050
4132, 0.000079, 0.000065, 0.000062
4133, 0.000077, 0.000053, 0.000051
4134, 0.000077, 0.000055, 0.000052
4135, 0.000077, 0.000063, 0.000061
4136, 0.000078, 0.000047, 0.000046
4137, 0.000080, 0.000083, 0.000080
4138, 0.000085, 0.000049, 0.000048
4139, 0.000085, 0.000082, 0.000079
4140, 0.000084, 0.000048, 0.000046
4141, 0.000080, 0.000064, 0.000061
4142, 0.000077, 0.000054, 0.000052
4143, 0.000076, 0.000050, 0.000048
4144, 0.000076, 0.000069, 0.000067
4145, 0.000079, 0.000049, 0.000047
4146, 0.000083, 0.000077, 0.000074
4147, 0.000083, 0.000048, 0.000047
4148, 0.000081, 0.000073, 0.000069
4149, 0.000080, 0.000054, 0.000052
4150, 0.000078, 0.000054, 0.000051
4151, 0.000078, 0.000077, 0.000073
4152, 0.000080, 0.000051, 0.000050
4153, 0.000086, 0.000094, 0.000089
4154, 0.000090, 0.000049, 0.000048
4155, 0.000084, 0.000067, 0.000064
4156, 0.000077, 0.000052, 0.000050
4157, 0.000075, 0.000049, 0.000048
4158, 0.000078, 0.000075, 0.000073
4159, 0.000082, 0.000049, 0.000048
4160, 0.000083, 0.000081, 0.000078
4161, 0.000084, 0.000050, 0.000049
4162, 0.000081, 0.000059, 0.000056
4163, 0.000075, 0.000058, 0.000055
4164, 0.000074, 0.000049, 0.000048
4165, 0.000079, 0.000081, 0.000078
4166, 0.000084, 0.000050, 0.000049
4167, 0.000085, 0.000081, 0.000077
4168, 0.000082, 0.000049, 0.000047
4169, 0.000077, 0.000056, 0.000053
4170, 0.000074, 0.000060, 0.000057
4171, 0.000076, 0.000049, 0.000048
4172, 0.000081, 0.000086, 0.000081
4173, 0.000085, 0.000049, 0.000048
4174, 0.000084, 0.000070, 0.000066
4175, 0.000079, 0.000049, 0.000047
4176, 0.000075, 0.000050, 0.000048
4177, 0.000075, 0.000061, 0.000059
4178, 0.000076, 0.000046, 0.000045
4179, 0.000080, 0.000076, 0.000073
4180, 0.000082, 0.000049, 0.000048
4181, 0.000080, 0.000068, 0.000066
4182, 0.000078, 0.000050, 0.000048
4183, 0.000075, 0.000051, 0.000050
4184, 0.000074, 0.000056, 0.000053
4185, 0.000074, 0.000049, 0.000047
4186, 0.000075, 0.000055, 0.000052
4187, 0.000074, 0.000051, 0.000049
4188, 0.000074, 0.000050, 0.000048
4189, 0.000074, 0.000060, 0.000058
4190, 0.000075, 0.000048, 0.000047
4191, 0.000076, 0.000065, 0.000064
4192, 0.000079, 0.000049, 0.000048
4193, 0.000078, 0.000056, 0.000054
4194, 0.000074, 0.000053, 0.000052
4195, 0.000073, 0.000050, 0.000048
4196, 0.000076, 0.000066, 0.000064
4197, 0.000078, 0.000048, 0.000047
4198, 0.000077, 0.000059, 0.000057
4199, 0.000074, 0.000052, 0.000051
4200, 0.000074, 0.000048, 0.000047
4201, 0.000075, 0.000074, 0.000071
4202, 0.000079, 0.000049, 0.000049
4203, 0.000083, 0.000074, 0.000070
4204, 0.000081, 0.000049, 0.000047
4205, 0.000079, 0.000054, 0.000052
4206, 0.000075, 0.000060, 0.000056
4207, 0.000076, 0.000048, 0.000047
4208, 0.000076, 0.000066, 0.000064
4209, 0.000077, 0.000052, 0.000049
4210, 0.000076, 0.000056, 0.000054
4211, 0.000074, 0.000056, 0.000053
4212, 0.000073, 0.000049, 0.000047
4213, 0.000078, 0.000070, 0.000067
4214, 0.000080, 0.000049, 0.000047
4215, 0.000077, 0.000060, 0.000057
4216, 0.000075, 0.000053, 0.000052
4217, 0.000074, 0.000050, 0.000048
4218, 0.000074, 0.000060, 0.000057
4219, 0.000075, 0.000048, 0.000048
4220, 0.000076, 0.000062, 0.000059
4221, 0.000075, 0.000050, 0.000049
4222, 0.000075, 0.000049, 0.000047
4223, 0.000073, 0.000060, 0.000057
4224, 0.000075, 0.000049, 0.000048
4225, 0.000078, 0.000068, 0.000065
4226, 0.000079, 0.000049, 0.000048
4227, 0.000075, 0.000059, 0.000056
4228, 0.000074, 0.000054, 0.000052
4229, 0.000073, 0.000049, 0.000048
4230, 0.000072, 0.000058, 0.000055
4231, 0.000073, 0.000048, 0.000047
4232, 0.000073, 0.000050, 0.000049
4233, 0.000072, 0.000052, 0.000050
4234, 0.000072, 0.000050, 0.000049
4235, 0.000072, 0.000051, 0.000050
4236, 0.000071, 0.000047, 0.000045
4237, 0.000074, 0.000066, 0.000064
4238, 0.000077, 0.000050, 0.000049
4239, 0.000077, 0.000066, 0.000063
4240, 0.000074, 0.000051, 0.000050
4241, 0.000072, 0.000048, 0.000047
4242, 0.000074, 0.000073, 0.000069
4243, 0.000079, 0.000051, 0.000050
4244, 0.000083, 0.000079, 0.000075
4245, 0.000081, 0.000048, 0.000047
4246, 0.000076, 0.000053, 0.000052
4247, 0.000073, 0.000058, 0.000057
4248, 0.000074, 0.000049, 0.000048
4249, 0.000080, 0.000077, 0.000074
4250, 0.000081, 0.000049, 0.000048
4251, 0.000077, 0.000060, 0.000057
4252, 0.000075, 0.000058, 0.000055
4253, 0.000073, 0.000049, 0.000049
4254, 0.000074, 0.000062, 0.000059
4255, 0.000074, 0.000050, 0.000049
4256, 0.000074, 0.000054, 0.000052
4257, 0.000072, 0.000052, 0.000049
4258, 0.000072, 0.000051, 0.000048
4259, 0.000072, 0.000054, 0.000051
4260, 0.000072, 0.000051, 0.000049
4261, 0.000072, 0.000056, 0.000055
4262, 0.000073, 0.000048, 0.000048
4263, 0.000073, 0.000056, 0.000056
4264, 0.000073, 0.000049, 0.000048
4265, 0.000074, 0.000060, 0.000057
4266, 0.000075, 0.000051, 0.000048
4267, 0.000073, 0.000051, 0.000049
4268, 0.000071, 0.000058, 0.000056
4269, 0.000073, 0.000052, 0.000050
4270, 0.000075, 0.000055, 0.000055
4271, 0.000073, 0.000051, 0.000050
4272, 0.000072, 0.000051, 0.000048
4273, 0.000071, 0.000052, 0.000050
4274, 0.000072, 0.000050, 0.000047
4275, 0.000071, 0.000054, 0.000051
4276, 0.000070, 0.000050, 0.000050
4277, 0.000072, 0.000057, 0.000055
4278, 0.000072, 0.000050, 0.000049
4279, 0.000071, 0.000056, 0.000055
4280, 0.000072, 0.000050, 0.000048
4281, 0.000071, 0.000057, 0.000054
4282, 0.000072, 0.000050, 0.000048
4283, 0.000072, 0.000052, 0.000050
4284, 0.000071, 0.000051, 0.000050
4285, 0.000071, 0.000050, 0.000049
4286, 0.000072, 0.000053, 0.000051
4287, 0.000071, 0.000049, 0.000048
4288, 0.000071, 0.000055, 0.000053
4289, 0.000071, 0.000050, 0.000047
4290, 0.000071, 0.000053, 0.000050
4291, 0.000071, 0.000047, 0.000046
4292, 0.000071, 0.000050, 0.000048
4293, 0.000070, 0.000051, 0.000049
4294, 0.000071, 0.000050, 0.000048
4295, 0.000070, 0.000052, 0.000049
4296, 0.000071, 0.000057, 0.000054
4297, 0.000071, 0.000049, 0.000048
4298, 0.000071, 0.000054, 0.000051
4299, 0.000071, 0.000050, 0.000048
4300, 0.000071, 0.000056, 0.000054
4301, 0.000072, 0.000047, 0.000046
4302, 0.000072, 0.000061, 0.000058
4303, 0.000073, 0.000047, 0.000047
4304, 0.000075, 0.000064, 0.000062
4305, 0.000074, 0.000049, 0.000048
4306, 0.000073, 0.000062, 0.000060
4307, 0.000073, 0.000049, 0.000047
4308, 0.000071, 0.000057, 0.000054
4309, 0.000071, 0.000051, 0.000050
4310, 0.000070, 0.000051, 0.000050
4311, 0.000070, 0.000056, 0.000055
4312, 0.000072, 0.000048, 0.000048
4313, 0.000074, 0.000069, 0.000067
4314, 0.000077, 0.000052, 0.000051
4315, 0.000080, 0.000083, 0.000081
4316, 0.000087, 0.000061, 0.000060
4317, 0.000091, 0.000112, 0.000107
4318, 0.000098, 0.000069, 0.000070
4319, 0.000098, 0.000100, 0.000094
4320, 0.000090, 0.000049, 0.000049
4321, 0.000076, 0.000049, 0.000046
4322, 0.000069, 0.000077, 0.000071
4323, 0.000080, 0.000060, 0.000060
4324, 0.000090, 0.000095, 0.000090
4325, 0.000090, 0.000057, 0.000056
4326, 0.000082, 0.000060, 0.000058
4327, 0.000074, 0.000054, 0.000052
4328, 0.000069, 0.000051, 0.000049
4329, 0.000075, 0.000074, 0.000070
4330, 0.000080, 0.000053, 0.000052
4331, 0.000079, 0.000062, 0.000059
4332, 0.000073, 0.000049, 0.000048
4333, 0.000069, 0.000049, 0.000048
4334, 0.000072, 0.000074, 0.000071
4335, 0.000079, 0.000059, 0.000059
4336, 0.000084, 0.000082, 0.000078
4337, 0.000083, 0.000049, 0.000048
4338, 0.000074, 0.000048, 0.000046
4339, 0.000070, 0.000073, 0.000069
4340, 0.000077, 0.000053, 0.000053
4341, 0.000081, 0.000068, 0.000066
4342, 0.000076, 0.000047, 0.000046
4343, 0.000070, 0.000048, 0.000046
4344, 0.000070, 0.000066, 0.000062
4345, 0.000073, 0.000052, 0.000050
4346, 0.000077, 0.000063, 0.000060
4347, 0.000074, 0.000047, 0.000046
4348, 0.000072, 0.000052, 0.000050
4349, 0.000068, 0.000054, 0.000052
4350, 0.000071, 0.000050, 0.000048
4351, 0.000072, 0.000061, 0.000058
4352, 0.000073, 0.000046, 0.000046
4353, 0.000071, 0.000051, 0.000048
4354, 0.000070, 0.000049, 0.000047
4355, 0.000069, 0.000051, 0.000050
4356, 0.000069, 0.000053, 0.000051
4357, 0.000069, 0.000049, 0.000048
4358, 0.000070, 0.000055, 0.000053
4359, 0.000071, 0.000050, 0.000048
4360, 0.000070, 0.000050, 0.000049
4361, 0.000069, 0.000049, 0.000047
4362, 0.000069, 0.000052, 0.000050
4363, 0.000069, 0.000050, 0.000048
4364, 0.000069, 0.000048, 0.000046
4365, 0.000069, 0.000052, 0.000050
4366, 0.000068, 0.000048, 0.000048
4367, 0.000069, 0.000052, 0.000050
4368, 0.000070, 0.000048, 0.000047
4369, 0.000069, 0.000052, 0.000051
4370, 0.000069, 0.000050, 0.000049
4371, 0.000069, 0.000049, 0.000048
4372, 0.000068, 0.000049, 0.000048
4373, 0.000068, 0.000050, 0.000047
4374, 0.000070, 0.000054, 0.000052
4375, 0.000070, 0.000048, 0.000047
4376, 0.000070, 0.000054, 0.000052
4377, 0.000069, 0.000048, 0.000047
4378, 0.000068, 0.000048, 0.000048
4379, 0.000069, 0.000055, 0.000052
4380, 0.000069, 0.000048, 0.000046
4381, 0.000071, 0.000063, 0.000060
4382, 0.000073, 0.000049, 0.000048
4383, 0.000072, 0.000054, 0.000051
4384, 0.000069, 0.000051, 0.000050
4385, 0.000070, 0.000049, 0.000048
4386, 0.000070, 0.000062, 0.000058
4387, 0.000071, 0.000050, 0.000049
4388, 0.000072, 0.000052, 0.000050
4389, 0.000069, 0.000048, 0.000047
4390, 0.000068, 0.000047, 0.000047
4391, 0.000070, 0.000054, 0.000053
4392, 0.000069, 0.000048, 0.000047
4393, 0.000069, 0.000052, 0.000050
4394, 0.000068, 0.000048, 0.000046
4395, 0.000067, 0.000049, 0.000047
4396, 0.000068, 0.000051, 0.000050
4397, 0.000068, 0.000048, 0.000047
4398, 0.000069, 0.000052, 0.000050
4399, 0.000068, 0.000051, 0.000050
4400, 0.000070, 0.000053, 0.000051
4401, 0.000070, 0.000048, 0.000046
4402, 0.000068, 0.000048, 0.000046
4403, 0.000069, 0.000052, 0.000050
4404, 0.000070, 0.000051, 0.000049
4405, 0.000069, 0.000049, 0.000048
4406, 0.000067, 0.000052, 0.000050
4407, 0.000068, 0.000050, 0.000049
4408, 0.000068, 0.000054, 0.000052
4409, 0.000069, 0.000049, 0.000048
4410, 0.000068, 0.000054, 0.000051
4411, 0.000068, 0.000049, 0.000048
4412, 0.000068, 0.000049, 0.000048
4413, 0.000068, 0.000054, 0.000053
4414, 0.000069, 0.000048, 0.000048
4415, 0.000071, 0.000058, 0.000056
4416, 0.000071, 0.000049, 0.000049
4417, 0.000070, 0.000051, 0.000049
4418, 0.000068, 0.000060, 0.000057
4419, 0.000070, 0.000054, 0.000054
4420, 0.000076, 0.000075, 0.000072
4421, 0.000078, 0.000054, 0.000055
4422, 0.000076, 0.000058, 0.000057
4423, 0.000071, 0.000050, 0.000048
4424, 0.000067, 0.000052, 0.000050
4425, 0.000074, 0.000084, 0.000081
4426, 0.000088, 0.000070, 0.000070
4427, 0.000091, 0.000078, 0.000075
4428, 0.000081, 0.000048, 0.000048
4429, 0.000068, 0.000050, 0.000049
4430, 0.000070, 0.000079, 0.000075
4431, 0.000080, 0.000061, 0.000061
4432, 0.000083, 0.000069, 0.000065
4433, 0.000075, 0.000049, 0.000048
4434, 0.000068, 0.000047, 0.000047
4435, 0.000068, 0.000066, 0.000063
4436, 0.000075, 0.000056, 0.000057
4437, 0.000077, 0.000063, 0.000060
4438, 0.000074, 0.000049, 0.000047
4439, 0.000068, 0.000048, 0.000047
4440, 0.000067, 0.000057, 0.000055
4441, 0.000069, 0.000052, 0.000050
4442, 0.000073, 0.000065, 0.000061
4443, 0.000073, 0.000048, 0.000048
4444, 0.000069, 0.000049, 0.000047
4445, 0.000068, 0.000058, 0.000056
4446, 0.000070, 0.000053, 0.000053
4447, 0.000075, 0.000067, 0.000063
4448, 0.000075, 0.000050, 0.000049
4449, 0.000070, 0.000049, 0.000048
4450, 0.000066, 0.000054, 0.000053
4451, 0.000068, 0.000050, 0.000050
4452, 0.000070, 0.000056, 0.000054
4453, 0.000069, 0.000048, 0.000047
4454, 0.000067, 0.000050, 0.000048
4455, 0.000067, 0.000060, 0.000057
4456, 0.000070, 0.000050, 0.000050
4457, 0.000069, 0.000056, 0.000054
4458, 0.000068, 0.000049, 0.000049
4459, 0.000066, 0.000049, 0.000049
4460, 0.000067, 0.000057, 0.000054
4461, 0.000068, 0.000049, 0.000048
4462, 0.000067, 0.000050, 0.000048
4463, 0.000067, 0.000051, 0.000049
4464, 0.000066, 0.000047, 0.000048
4465, 0.000067, 0.000051, 0.000051
4466, 0.000067, 0.000050, 0.000050
4467, 0.000067, 0.000051, 0.000050
4468, 0.000066, 0.000047, 0.000046
4469, 0.000066, 0.000052, 0.000049
4470, 0.000067, 0.000048, 0.000047
4471, 0.000067, 0.000050, 0.000047
4472, 0.000067, 0.000048, 0.000046
4473, 0.000065, 0.000047, 0.000047
4474, 0.000068, 0.000052, 0.000050
4475, 0.000067, 0.000048, 0.000047
4476, 0.000068, 0.000055, 0.000053
4477, 0.000068, 0.000052, 0.000051
4478, 0.000068, 0.000054, 0.000051
4479, 0.000066, 0.000047, 0.000046
4480, 0.000066, 0.000050, 0.000048
4481, 0.000067, 0.000051, 0.000049
4482, 0.000066, 0.000048, 0.000047
4483, 0.000066, 0.000051, 0.000049
4484, 0.000067, 0.000049, 0.000048
4485, 0.000066, 0.000048, 0.000047
4486, 0.000066, 0.000054, 0.000052
4487, 0.000067, 0.000048, 0.000048
4488, 0.000067, 0.000049, 0.000048
4489, 0.000064, 0.000049, 0.000048
4490, 0.000065, 0.000047, 0.000047
4491, 0.000067, 0.000055, 0.000053
4492, 0.000067, 0.000048, 0.000047
4493, 0.000066, 0.000051, 0.000049
4494, 0.000065, 0.000051, 0.000049
4495, 0.000066, 0.000048, 0.000048
4496, 0.000066, 0.000054, 0.000052
4497, 0.000067, 0.000049, 0.000049
4498, 0.000069, 0.000053, 0.000052
4499, 0.000068, 0.000048, 0.000047
4500, 0.000065, 0.000048, 0.000047
4501, 0.000065, 0.000051, 0.000049
4502, 0.000066, 0.000049, 0.000048
4503, 0.000067, 0.000054, 0.000051
4504, 0.000067, 0.000047, 0.000046
4505, 0.000065, 0.000049, 0.000046
4506, 0.000065, 0.000050, 0.000048
4507, 0.000067, 0.000048, 0.000048
4508, 0.000067, 0.000059, 0.000056
4509, 0.000069, 0.000053, 0.000052
4510, 0.000071, 0.000059, 0.000056
4511, 0.000069, 0.000048, 0.000047
4512, 0.000066, 0.000050, 0.000048
4513, 0.000066, 0.000057, 0.000055
4514, 0.000068, 0.000051, 0.000050
4515, 0.000069, 0.000062, 0.000059
4516, 0.000071, 0.000052, 0.000052
4517, 0.000069, 0.000051, 0.000050
4518, 0.000066, 0.000048, 0.000046
4519, 0.000065, 0.000050, 0.000049
4520, 0.000066, 0.000052, 0.000051
4521, 0.000066, 0.000050, 0.000048
4522, 0.000067, 0.000055, 0.000053
4523, 0.000066, 0.000050, 0.000050
4524, 0.000067, 0.000052, 0.000050
4525, 0.000066, 0.000048, 0.000048
4526, 0.000064, 0.000048, 0.000047
4527, 0.000063, 0.000053, 0.000051
4528, 0.000065, 0.000048, 0.000048
4529, 0.000065, 0.000048, 0.000047
4530, 0.000065, 0.000051, 0.000049
4531, 0.000064, 0.000049, 0.000049
4532, 0.000067, 0.000058, 0.000057
4533, 0.000070, 0.000052, 0.000051
4534, 0.000068, 0.000053, 0.000052
4535, 0.000065, 0.000048, 0.000048
4536, 0.000064, 0.000048, 0.000047
4537, 0.000064, 0.000051, 0.000050
4538, 0.000066, 0.000049, 0.000049
4539, 0.000068, 0.000059, 0.000057
4540, 0.000069, 0.000052, 0.000053
4541, 0.000070, 0.000059, 0.000056
4542, 0.000067, 0.000048, 0.000047
4543, 0.000065, 0.000048, 0.000047
4544, 0.000064, 0.000054, 0.000052
4545, 0.000066, 0.000049, 0.000049
4546, 0.000066, 0.000050, 0.000049
4547, 0.000064, 0.000046, 0.000045
4548, 0.000063, 0.000047, 0.000046
4549, 0.000064, 0.000048, 0.000047
4550, 0.000063, 0.000051, 0.000049
4551, 0.000063, 0.000049, 0.000048
4552, 0.000065, 0.000052, 0.000050
4553, 0.000064, 0.000049, 0.000048
4554, 0.000064, 0.000047, 0.000047
4555, 0.000065, 0.000053, 0.000051
4556, 0.000065, 0.000048, 0.000047
4557, 0.000065, 0.000048, 0.000048
4558, 0.000063, 0.000049, 0.000048
4559, 0.000063, 0.000049, 0.000048
4560, 0.000064, 0.000051, 0.000051
4561, 0.000065, 0.000047, 0.000047
4562, 0.000064, 0.000052, 0.000050
4563, 0.000065, 0.000048, 0.000048
4564, 0.000065, 0.000047, 0.000046
4565, 0.000064, 0.000050, 0.000048
4566, 0.000064, 0.000048, 0.000048
4567, 0.000064, 0.000051, 0.000050
4568, 0.000064, 0.000051, 0.000050
4569, 0.000063, 0.000049, 0.000049
4570, 0.000065, 0.000055, 0.000053
4571, 0.000066, 0.000053, 0.000053
4572, 0.000069, 0.000063, 0.000062
4573, 0.000071, 0.000050, 0.000050
4574, 0.000066, 0.000052, 0.000051
4575, 0.000064, 0.000050, 0.000051
4576, 0.000066, 0.000049, 0.000049
4577, 0.000064, 0.000052, 0.000051
4578, 0.000065, 0.000050, 0.000050
4579, 0.000066, 0.000054, 0.000051
4580, 0.000066, 0.000049, 0.000047
4581, 0.000063, 0.000048, 0.000047
4582, 0.000063, 0.000050, 0.000048
4583, 0.000064, 0.000048, 0.000048
4584, 0.000065, 0.000051, 0.000050
4585, 0.000064, 0.000047, 0.000046
4586, 0.000062, 0.000048, 0.000047
4587, 0.000063, 0.000051, 0.000051
4588, 0.000063, 0.000048, 0.000048
4589, 0.000064, 0.000049, 0.000048
4590, 0.000063, 0.000051, 0.000051
4591, 0.000063, 0.000048, 0.000048
4592, 0.000063, 0.000053, 0.000052
4593, 0.000065, 0.000048, 0.000049
4594, 0.000065, 0.000050, 0.000049
4595, 0.000063, 0.000047, 0.000047
4596, 0.000062, 0.000048, 0.000048
4597, 0.000063, 0.000049, 0.000048
4598, 0.000063, 0.000050, 0.000048
4599, 0.000062, 0.000050, 0.000049
4600, 0.000062, 0.000048, 0.000048
4601, 0.000063, 0.000048, 0.000048
4602, 0.000064, 0.000051, 0.000051
4603, 0.000064, 0.000048, 0.000049
4604, 0.000065, 0.000057, 0.000056
4605, 0.000067, 0.000052, 0.000053
4606, 0.000067, 0.000057, 0.000055
4607, 0.000066, 0.000048, 0.000048
4608, 0.000063, 0.000047, 0.000047
4609, 0.000062, 0.000056, 0.000054
4610, 0.000065, 0.000055, 0.000055
4611, 0.000071, 0.000068, 0.000066
4612, 0.000075, 0.000058, 0.000058
4613, 0.000072, 0.000057, 0.000054
4614, 0.000064, 0.000050, 0.000050
4615, 0.000062, 0.000051, 0.000050
4616, 0.000064, 0.000058, 0.000056
4617, 0.000066, 0.000052, 0.000053
4618, 0.000068, 0.000055, 0.000054
4619, 0.000065, 0.000046, 0.000046
4620, 0.000061, 0.000047, 0.000047
4621, 0.000062, 0.000053, 0.000051
4622, 0.000063, 0.000050, 0.000050
4623, 0.000065, 0.000056, 0.000053
4624, 0.000065, 0.000049, 0.000048
4625, 0.000064, 0.000051, 0.000049
4626, 0.000062, 0.000049, 0.000049
4627, 0.000062, 0.000048, 0.000049
4628, 0.000062, 0.000053, 0.000052
4629, 0.000064, 0.000048, 0.000049
4630, 0.000064, 0.000055, 0.000052
4631, 0.000065, 0.000049, 0.000049
4632, 0.000063, 0.000050, 0.000049
4633, 0.000063, 0.000048, 0.000047
4634, 0.000061, 0.000048, 0.000047
4635, 0.000061, 0.000049, 0.000048
4636, 0.000062, 0.000048, 0.000047
4637, 0.000063, 0.000052, 0.000050
4638, 0.000063, 0.000049, 0.000049
4639, 0.000065, 0.000053, 0.000050
4640, 0.000063, 0.000048, 0.000047
4641, 0.000061, 0.000048, 0.000047
4642, 0.000061, 0.000050, 0.000049
4643, 0.000062, 0.000050, 0.000049
4644, 0.000062, 0.000050, 0.000049
4645, 0.000063, 0.000047, 0.000047
4646, 0.000063, 0.000051, 0.000050
4647, 0.000063, 0.000047, 0.000048
4648, 0.000062, 0.000048, 0.000047
4649, 0.000061, 0.000050, 0.000049
4650, 0.000061, 0.000049, 0.000048
4651, 0.000063, 0.000052, 0.000050
4652, 0.000062, 0.000050, 0.000050
4653, 0.000063, 0.000055, 0.000053
4654, 0.000064, 0.000048, 0.000048
4655, 0.000064, 0.000050, 0.000048
4656, 0.000062, 0.000046, 0.000046
4657, 0.000062, 0.000049, 0.000048
4658, 0.000061, 0.000048, 0.000047
4659, 0.000061, 0.000050, 0.000049
4660, 0.000061, 0.000049, 0.000048
4661, 0.000061, 0.000048, 0.000046
4662, 0.000061, 0.000047, 0.000046
4663, 0.000060, 0.000047, 0.000046
4664, 0.000061, 0.000051, 0.000050
4665, 0.000062, 0.000048, 0.000048
4666, 0.000061, 0.000048, 0.000048
4667, 0.000061, 0.000049, 0.000048
4668, 0.000061, 0.000048, 0.000047
4669, 0.000060, 0.000049, 0.000048
4670, 0.000060, 0.000049, 0.000048
4671, 0.000061, 0.000049, 0.000048
4672, 0.000061, 0.000049, 0.000048
4673, 0.000060, 0.000046, 0.000046
4674, 0.000061, 0.000046, 0.000046
4675, 0.000061, 0.000048, 0.000048
4676, 0.000061, 0.000047, 0.000047
4677, 0.000061, 0.000051, 0.000050
4678, 0.000062, 0.000048, 0.000048
4679, 0.000062, 0.000050, 0.000050
4680, 0.000062, 0.000047, 0.000048
4681, 0.000062, 0.000049, 0.000049
4682, 0.000060, 0.000048, 0.000047
4683, 0.000060, 0.000047, 0.000046
4684, 0.000061, 0.000047, 0.000047
4685, 0.000060, 0.000047, 0.000047
4686, 0.000061, 0.000048, 0.000048
4687, 0.000060, 0.000050, 0.000050
4688, 0.000061, 0.000048, 0.000048
4689, 0.000061, 0.000051, 0.000050
4690, 0.000062, 0.000047, 0.000048
4691, 0.000062, 0.000050, 0.000050
4692, 0.000062, 0.000050, 0.000051
4693, 0.000064, 0.000056, 0.000054
4694, 0.000064, 0.000049, 0.000050
4695, 0.000063, 0.000054, 0.000052
4696, 0.000062, 0.000048, 0.000049
4697, 0.000060, 0.000050, 0.000050
4698, 0.000060, 0.000049, 0.000048
4699, 0.000060, 0.000048, 0.000048
4700, 0.000060, 0.000049, 0.000048
4701, 0.000060, 0.000048, 0.000047
4702, 0.000059, 0.000048, 0.000047
4703, 0.000060, 0.000047, 0.000047
4704, 0.000059, 0.000049, 0.000048
4705, 0.000060, 0.000048, 0.000048
4706, 0.000061, 0.000049, 0.000049
4707, 0.000061, 0.000046, 0.000047
4708, 0.000060, 0.000049, 0.000048
4709, 0.000060, 0.000048, 0.000048
4710, 0.000060, 0.000049, 0.000048
4711, 0.000061, 0.000048, 0.000047
4712, 0.000061, 0.000047, 0.000047
4713, 0.000060, 0.000050, 0.000049
4714, 0.000060, 0.000048, 0.000048
4715, 0.000060, 0.000051, 0.000050
4716, 0.000060, 0.000048, 0.000049
4717, 0.000061, 0.000052, 0.000051
4718, 0.000062, 0.000050, 0.000050
4719, 0.000062, 0.000053, 0.000052
4720, 0.000062, 0.000050, 0.000051
4721, 0.000063, 0.000060, 0.000058
4722, 0.000064, 0.000054, 0.000056
4723, 0.000067, 0.000067, 0.000065
4724, 0.000069, 0.000063, 0.000064
4725, 0.000074, 0.000078, 0.000075
4726, 0.000078, 0.000066, 0.000067
4727, 0.000076, 0.000065, 0.000064
4728, 0.000071, 0.000051, 0.000051
4729, 0.000064, 0.000050, 0.000049
4730, 0.000061, 0.000053, 0.000052
4731, 0.000062, 0.000056, 0.000056
4732, 0.000066, 0.000069, 0.000065
4733, 0.000070, 0.000055, 0.000055
4734, 0.000068, 0.000055, 0.000052
4735, 0.000063, 0.000047, 0.000046
4736, 0.000059, 0.000048, 0.000047
4737, 0.000059, 0.000049, 0.000048
4738, 0.000059, 0.000049, 0.000049
4739, 0.000059, 0.000049, 0.000049
4740, 0.000059, 0.000049, 0.000048
4741, 0.000059, 0.000046, 0.000047
4742, 0.000059, 0.000048, 0.000049
4743, 0.000059, 0.000048, 0.000049
4744, 0.000060, 0.000049, 0.000049
4745, 0.000059, 0.000047, 0.000048
4746, 0.000059, 0.000050, 0.000049
4747, 0.000060, 0.000048, 0.000048
4748, 0.000060, 0.000048, 0.000049
4749, 0.000059, 0.000051, 0.000050
4750, 0.000060, 0.000047, 0.000048
4751, 0.000061, 0.000048, 0.000047
4752, 0.000060, 0.000047, 0.000046
4753, 0.000058, 0.000047, 0.000047
4754, 0.000058, 0.000051, 0.000050
4755, 0.000059, 0.000050, 0.000050
4756, 0.000059, 0.000051, 0.000051
4757, 0.000060, 0.000049, 0.000050
4758, 0.000061, 0.000049, 0.000049
4759, 0.000059, 0.000046, 0.000046
4760, 0.000059, 0.000048, 0.000047
4761, 0.000060, 0.000046, 0.000046
4762, 0.000060, 0.000048, 0.000048
4763, 0.000058, 0.000048, 0.000048
4764, 0.000059, 0.000049, 0.000049
4765, 0.000058, 0.000050, 0.000049
4766, 0.000057, 0.000049, 0.000048
4767, 0.000058, 0.000047, 0.000047
4768, 0.000058, 0.000047, 0.000047
4769, 0.000058, 0.000049, 0.000049
4770, 0.000059, 0.000048, 0.000048
4771, 0.000059, 0.000051, 0.000050
4772, 0.000059, 0.000049, 0.000049
4773, 0.000060, 0.000050, 0.000049
4774, 0.000059, 0.000048, 0.000048
4775, 0.000059, 0.000050, 0.000049
4776, 0.000059, 0.000047, 0.000047
4777, 0.000058, 0.000047, 0.000047
4778, 0.000057, 0.000049, 0.000048
4779, 0.000058, 0.000048, 0.000048
4780, 0.000059, 0.000050, 0.000049
4781, 0.000059, 0.000048, 0.000048
4782, 0.000059, 0.000049, 0.000049
4783, 0.000058, 0.000048, 0.000048
4784, 0.000059, 0.000047, 0.000047
4785, 0.000058, 0.000048, 0.000048
4786, 0.000060, 0.000046, 0.000046
4787, 0.000058, 0.000048, 0.000047
4788, 0.000058, 0.000048, 0.000048
4789, 0.000058, 0.000049, 0.000048
4790, 0.000059, 0.000048, 0.000048
4791, 0.000059, 0.000053, 0.000052
4792, 0.000059, 0.000049, 0.000050
4793, 0.000060, 0.000053, 0.000052
4794, 0.000061, 0.000050, 0.000051
4795, 0.000062, 0.000058, 0.000057
4796, 0.000065, 0.000055, 0.000055
4797, 0.000065, 0.000059, 0.000057
4798, 0.000066, 0.000055, 0.000055
4799, 0.000066, 0.000061, 0.000058
4800, 0.000065, 0.000053, 0.000053
4801, 0.000063, 0.000053, 0.000052
4802, 0.000061, 0.000048, 0.000048
4803, 0.000058, 0.000048, 0.000048
4804, 0.000057, 0.000051, 0.000050
4805, 0.000059, 0.000053, 0.000053
4806, 0.000061, 0.000060, 0.000058
4807, 0.000064, 0.000055, 0.000056
4808, 0.000065, 0.000059, 0.000057
4809, 0.000064, 0.000051, 0.000052
4810, 0.000061, 0.000050, 0.000049
4811, 0.000058, 0.000048, 0.000047
4812, 0.000058, 0.000049, 0.000049
4813, 0.000059, 0.000053, 0.000052
4814, 0.000060, 0.000051, 0.000052
4815, 0.000061, 0.000056, 0.000055
4816, 0.000062, 0.000053, 0.000055
4817, 0.000062, 0.000053, 0.000052
4818, 0.000061, 0.000051, 0.000050
4819, 0.000058, 0.000048, 0.000047
4820, 0.000059, 0.000049, 0.000047
4821, 0.000057, 0.000048, 0.000048
4822, 0.000057, 0.000048, 0.000048
4823, 0.000057, 0.000048, 0.000048
4824, 0.000057, 0.000048, 0.000048
4825, 0.000058, 0.000048, 0.000049
4826, 0.000058, 0.000052, 0.000051
4827, 0.000059, 0.000050, 0.000051
4828, 0.000060, 0.000052, 0.000051
4829, 0.000059, 0.000050, 0.000049
4830, 0.000058, 0.000048, 0.000048
4831, 0.000058, 0.000048, 0.000047
4832, 0.000057, 0.000052, 0.000052
4833, 0.000061, 0.000060, 0.000058
4834, 0.000065, 0.000058, 0.000059
4835, 0.000065, 0.000057, 0.000054
4836, 0.000062, 0.000050, 0.000051
4837, 0.000061, 0.000053, 0.000051
4838, 0.000059, 0.000049, 0.000050
4839, 0.000059, 0.000048, 0.000048
4840, 0.000057, 0.000048, 0.000048
4841, 0.000057, 0.000048, 0.000049
4842, 0.000057, 0.000049, 0.000050
4843, 0.000057, 0.000047, 0.000048
4844, 0.000057, 0.000048, 0.000048
4845, 0.000057, 0.000048, 0.000048
4846, 0.000057, 0.000047, 0.000047
4847, 0.000056, 0.000048, 0.000047
4848, 0.000056, 0.000048, 0.000048
4849, 0.000056, 0.000047, 0.000048
4850, 0.000056, 0.000048, 0.000048
4851, 0.000056, 0.000047, 0.000048
4852, 0.000056, 0.000047, 0.000047
4853, 0.000056, 0.000047, 0.000047
4854, 0.000057, 0.000047, 0.000047
4855, 0.000057, 0.000050, 0.000049
4856, 0.000058, 0.000051, 0.000052
4857, 0.000060, 0.000054, 0.000052
4858, 0.000060, 0.000052, 0.000053
4859, 0.000060, 0.000053, 0.000052
4860, 0.000059, 0.000049, 0.000050
4861, 0.000058, 0.000050, 0.000050
4862, 0.000058, 0.000048, 0.000047
4863, 0.000058, 0.000050, 0.000051
4864, 0.000060, 0.000059, 0.000056
4865, 0.000064, 0.000059, 0.000061
4866, 0.000067, 0.000062, 0.000060
4867, 0.000066, 0.000055, 0.000056
4868, 0.000062, 0.000051, 0.000051
4869, 0.000059, 0.000049, 0.000049
4870, 0.000057, 0.000049, 0.000049
4871, 0.000057, 0.000053, 0.000051
4872, 0.000060, 0.000058, 0.000059
4873, 0.000063, 0.000064, 0.000061
4874, 0.000067, 0.000059, 0.000061
4875, 0.000067, 0.000060, 0.000058
4876, 0.000065, 0.000051, 0.000052
4877, 0.000061, 0.000047, 0.000047
4878, 0.000057, 0.000047, 0.000047
4879, 0.000056, 0.000048, 0.000049
4880, 0.000057, 0.000050, 0.000049
4881, 0.000058, 0.000048, 0.000049
4882, 0.000057, 0.000049, 0.000049
4883, 0.000057, 0.000049, 0.000048
4884, 0.000056, 0.000048, 0.000048
4885, 0.000056, 0.000049, 0.000048
4886, 0.000057, 0.000049, 0.000049
4887, 0.000056, 0.000048, 0.000049
4888, 0.000056, 0.000048, 0.000049
4889, 0.000056, 0.000047, 0.000048
4890, 0.000056, 0.000047, 0.000047
4891, 0.000055, 0.000048, 0.000048
4892, 0.000056, 0.000049, 0.000049
4893, 0.000056, 0.000049, 0.000049
4894, 0.000057, 0.000048, 0.000049
4895, 0.000057, 0.000049, 0.000049
4896, 0.000057, 0.000048, 0.000049
4897, 0.000056, 0.000048, 0.000048
4898, 0.000056, 0.000052, 0.000050
4899, 0.000057, 0.000052, 0.000054
4900, 0.000059, 0.000052, 0.000050
4901, 0.000059, 0.000049, 0.000050
4902, 0.000058, 0.000048, 0.000049
4903, 0.000058, 0.000049, 0.000050
4904, 0.000058, 0.000051, 0.000050
4905, 0.000058, 0.000051, 0.000052
4906, 0.000058, 0.000052, 0.000050
4907, 0.000057, 0.000048, 0.000048
4908, 0.000056, 0.000047, 0.000047
4909, 0.000056, 0.000046, 0.000046
4910, 0.000056, 0.000047, 0.000047
4911, 0.000057, 0.000050, 0.000048
4912, 0.000056, 0.000049, 0.000049
4913, 0.000057, 0.000050, 0.000049
4914, 0.000056, 0.000049, 0.000049
4915, 0.000055, 0.000049, 0.000049
4916, 0.000055, 0.000051, 0.000051
4917, 0.000056, 0.000050, 0.000051
4918, 0.000058, 0.000051, 0.000050
4919, 0.000058, 0.000049, 0.000050
4920, 0.000056, 0.000048, 0.000048
4921, 0.000055, 0.000048, 0.000048
4922, 0.000055, 0.000047, 0.000047
4923, 0.000055, 0.000048, 0.000047
4924, 0.000056, 0.000047, 0.000046
4925, 0.000055, 0.000046, 0.000047
4926, 0.000055, 0.000048, 0.000048
4927, 0.000056, 0.000047, 0.000048
4928, 0.000055, 0.000048, 0.000048
4929, 0.000055, 0.000048, 0.000048
4930, 0.000055, 0.000048, 0.000048
4931, 0.000056, 0.000051, 0.000051
4932, 0.000057, 0.000049, 0.000049
4933, 0.000058, 0.000049, 0.000049
4934, 0.000057, 0.000049, 0.000048
4935, 0.000056, 0.000051, 0.000052
4936, 0.000059, 0.000059, 0.000057
4937, 0.000062, 0.000056, 0.000058
4938, 0.000063, 0.000057, 0.000054
4939, 0.000060, 0.000052, 0.000053
4940, 0.000058, 0.000051, 0.000051
4941, 0.000057, 0.000054, 0.000053
4942, 0.000058, 0.000052, 0.000053
4943, 0.000059, 0.000055, 0.000053
4944, 0.000060, 0.000059, 0.000060
4945, 0.000062, 0.000053, 0.000052
4946, 0.000059, 0.000049, 0.000049
4947, 0.000056, 0.000048, 0.000048
4948, 0.000056, 0.000049, 0.000048
4949, 0.000056, 0.000053, 0.000054
4950, 0.000059, 0.000056, 0.000054
4951, 0.000061, 0.000056, 0.000058
4952, 0.000061, 0.000055, 0.000054
4953, 0.000059, 0.000049, 0.000050
4954, 0.000056, 0.000048, 0.000047
4955, 0.000054, 0.000049, 0.000048
4956, 0.000055, 0.000050, 0.000051
4957, 0.000057, 0.000054, 0.000053
4958, 0.000059, 0.000056, 0.000059
4959, 0.000060, 0.000054, 0.000053
4960, 0.000059, 0.000050, 0.000051
4961, 0.000056, 0.000048, 0.000048
4962, 0.000055, 0.000048, 0.000047
4963, 0.000055, 0.000051, 0.000051
4964, 0.000057, 0.000052, 0.000051
4965, 0.000058, 0.000053, 0.000055
4966, 0.000059, 0.000053, 0.000052
4967, 0.000057, 0.000050, 0.000051
4968, 0.000055, 0.000049, 0.000049
4969, 0.000055, 0.000048, 0.000049
4970, 0.000054, 0.000046, 0.000047
4971, 0.000054, 0.000047, 0.000046
4972, 0.000055, 0.000047, 0.000047
4973, 0.000054, 0.000047, 0.000046
4974, 0.000055, 0.000048, 0.000048
4975, 0.000055, 0.000048, 0.000048
4976, 0.000054, 0.000048, 0.000049
4977, 0.000054, 0.000050, 0.000051
4978, 0.000054, 0.000050, 0.000050
4979, 0.000055, 0.000051, 0.000051
4980, 0.000058, 0.000053, 0.000051
4981, 0.000058, 0.000050, 0.000051
4982, 0.000058, 0.000051, 0.000049
4983, 0.000055, 0.000049, 0.000049
4984, 0.000055, 0.000047, 0.000047
4985, 0.000054, 0.000051, 0.000049
4986, 0.000055, 0.000053, 0.000054
4987, 0.000057, 0.000053, 0.000052
4988, 0.000058, 0.000056, 0.000057
4989, 0.000060, 0.000055, 0.000055
4990, 0.000060, 0.000056, 0.000058
4991, 0.000060, 0.000052, 0.000051
4992, 0.000058, 0.000047, 0.000048
4993, 0.000055, 0.000048, 0.000048
4994, 0.000053, 0.000049, 0.000048
4995, 0.000054, 0.000051, 0.000051
4996, 0.000057, 0.000055, 0.000054
4997, 0.000059, 0.000054, 0.000055
4998, 0.000059, 0.000053, 0.000053
4999, 0.000058, 0.000052, 0.000054
5000, 0.000056, 0.000050, 0.000049
