Epoch, Train Loss, Valid Loss, Test Loss
1, 0.458141, 0.542102, 0.543749
2, 0.394453, 0.475908, 0.478217
3, 0.345751, 0.417499, 0.420681
4, 0.309348, 0.369337, 0.373089
5, 0.281672, 0.331180, 0.335462
6, 0.260054, 0.306813, 0.311164
7, 0.245335, 0.286895, 0.291247
8, 0.232142, 0.269482, 0.273726
9, 0.219426, 0.252195, 0.256078
10, 0.206075, 0.235201, 0.238755
11, 0.192544, 0.218674, 0.221887
12, 0.178939, 0.202663, 0.205488
13, 0.165454, 0.187874, 0.190347
14, 0.152844, 0.173856, 0.176049
15, 0.141035, 0.160318, 0.162279
16, 0.129803, 0.147415, 0.149176
17, 0.119183, 0.135019, 0.136602
18, 0.109059, 0.122921, 0.124351
19, 0.099275, 0.111071, 0.112382
20, 0.089787, 0.099591, 0.100809
21, 0.080671, 0.088667, 0.089805
22, 0.072032, 0.078509, 0.079572
23, 0.063981, 0.069292, 0.070279
24, 0.056628, 0.061056, 0.061960
25, 0.050026, 0.053751, 0.054576
26, 0.044157, 0.047319, 0.048074
27, 0.038964, 0.041697, 0.042392
28, 0.034400, 0.036825, 0.037466
29, 0.030420, 0.032570, 0.033163
30, 0.026937, 0.028788, 0.029337
31, 0.023887, 0.025429, 0.025940
32, 0.021159, 0.022489, 0.022963
33, 0.018810, 0.019958, 0.020398
34, 0.016755, 0.017788, 0.018199
35, 0.014997, 0.015940, 0.016324
36, 0.013504, 0.014369, 0.014731
37, 0.012234, 0.013044, 0.013389
38, 0.011166, 0.011919, 0.012249
39, 0.010254, 0.010954, 0.011271
40, 0.009464, 0.010105, 0.010410
41, 0.008764, 0.009334, 0.009628
42, 0.008153, 0.008616, 0.008901
43, 0.007582, 0.007977, 0.008252
44, 0.007079, 0.007405, 0.007668
45, 0.006625, 0.006891, 0.007143
46, 0.006216, 0.006428, 0.006671
47, 0.005863, 0.006010, 0.006246
48, 0.005544, 0.005643, 0.005873
49, 0.005268, 0.005328, 0.005553
50, 0.005027, 0.005064, 0.005282
51, 0.004819, 0.004838, 0.005048
52, 0.004628, 0.004633, 0.004835
53, 0.004455, 0.004447, 0.004642
54, 0.004306, 0.004277, 0.004465
55, 0.004170, 0.004128, 0.004309
56, 0.004045, 0.003997, 0.004173
57, 0.003936, 0.003876, 0.004047
58, 0.003840, 0.003770, 0.003937
59, 0.003760, 0.003685, 0.003846
60, 0.003694, 0.003615, 0.003772
61, 0.003630, 0.003550, 0.003702
62, 0.003571, 0.003483, 0.003631
63, 0.003527, 0.003418, 0.003563
64, 0.003483, 0.003356, 0.003496
65, 0.003439, 0.003307, 0.003443
66, 0.003394, 0.003263, 0.003394
67, 0.003349, 0.003225, 0.003353
68, 0.003328, 0.003179, 0.003304
69, 0.003292, 0.003139, 0.003260
70, 0.003273, 0.003107, 0.003224
71, 0.003239, 0.003086, 0.003200
72, 0.003214, 0.003062, 0.003174
73, 0.003198, 0.003038, 0.003146
74, 0.003178, 0.003012, 0.003118
75, 0.003162, 0.002989, 0.003092
76, 0.003139, 0.002971, 0.003072
77, 0.003131, 0.002958, 0.003055
78, 0.003116, 0.002949, 0.003043
79, 0.003103, 0.002935, 0.003027
80, 0.003087, 0.002918, 0.003007
81, 0.003078, 0.002901, 0.002988
82, 0.003069, 0.002886, 0.002971
83, 0.003060, 0.002881, 0.002963
84, 0.003047, 0.002882, 0.002962
85, 0.003045, 0.002872, 0.002948
86, 0.003031, 0.002860, 0.002934
87, 0.003023, 0.002848, 0.002920
88, 0.003017, 0.002837, 0.002909
89, 0.003010, 0.002832, 0.002901
90, 0.003008, 0.002824, 0.002892
91, 0.002994, 0.002816, 0.002881
92, 0.002993, 0.002813, 0.002876
93, 0.002994, 0.002813, 0.002872
94, 0.002982, 0.002809, 0.002865
95, 0.002975, 0.002801, 0.002857
96, 0.002964, 0.002794, 0.002848
97, 0.002966, 0.002785, 0.002838
98, 0.002961, 0.002781, 0.002831
99, 0.002951, 0.002783, 0.002831
100, 0.002952, 0.002785, 0.002832
101, 0.002947, 0.002782, 0.002828
102, 0.002937, 0.002772, 0.002818
103, 0.002937, 0.002763, 0.002807
104, 0.002936, 0.002760, 0.002802
105, 0.002927, 0.002763, 0.002803
106, 0.002923, 0.002766, 0.002805
107, 0.002924, 0.002762, 0.002799
108, 0.002914, 0.002754, 0.002790
109, 0.002910, 0.002746, 0.002781
110, 0.002910, 0.002746, 0.002779
111, 0.002907, 0.002750, 0.002781
112, 0.002908, 0.002745, 0.002775
113, 0.002900, 0.002740, 0.002769
114, 0.002897, 0.002735, 0.002765
115, 0.002901, 0.002735, 0.002763
116, 0.002883, 0.002734, 0.002762
117, 0.002883, 0.002730, 0.002757
118, 0.002880, 0.002727, 0.002752
119, 0.002880, 0.002727, 0.002752
120, 0.002878, 0.002727, 0.002751
121, 0.002872, 0.002725, 0.002748
122, 0.002873, 0.002722, 0.002744
123, 0.002871, 0.002720, 0.002740
124, 0.002867, 0.002717, 0.002736
125, 0.002866, 0.002719, 0.002737
126, 0.002861, 0.002717, 0.002734
127, 0.002858, 0.002707, 0.002725
128, 0.002859, 0.002705, 0.002722
129, 0.002857, 0.002706, 0.002722
130, 0.002851, 0.002712, 0.002726
131, 0.002850, 0.002710, 0.002723
132, 0.002843, 0.002706, 0.002718
133, 0.002839, 0.002700, 0.002713
134, 0.002836, 0.002699, 0.002711
135, 0.002831, 0.002699, 0.002709
136, 0.002834, 0.002698, 0.002707
137, 0.002834, 0.002699, 0.002708
138, 0.002826, 0.002697, 0.002705
139, 0.002825, 0.002696, 0.002703
140, 0.002819, 0.002690, 0.002697
141, 0.002815, 0.002688, 0.002695
142, 0.002812, 0.002687, 0.002693
143, 0.002808, 0.002689, 0.002694
144, 0.002810, 0.002689, 0.002694
145, 0.002805, 0.002691, 0.002695
146, 0.002801, 0.002687, 0.002690
147, 0.002802, 0.002683, 0.002685
148, 0.002794, 0.002678, 0.002681
149, 0.002803, 0.002676, 0.002679
150, 0.002794, 0.002676, 0.002678
151, 0.002789, 0.002678, 0.002679
152, 0.002790, 0.002677, 0.002677
153, 0.002781, 0.002677, 0.002676
154, 0.002788, 0.002674, 0.002673
155, 0.002782, 0.002672, 0.002672
156, 0.002778, 0.002672, 0.002671
157, 0.002777, 0.002673, 0.002671
158, 0.002773, 0.002671, 0.002668
159, 0.002772, 0.002672, 0.002669
160, 0.002770, 0.002667, 0.002664
161, 0.002768, 0.002668, 0.002664
162, 0.002759, 0.002664, 0.002660
163, 0.002765, 0.002662, 0.002658
164, 0.002760, 0.002661, 0.002656
165, 0.002755, 0.002662, 0.002656
166, 0.002757, 0.002663, 0.002656
167, 0.002749, 0.002664, 0.002657
168, 0.002751, 0.002661, 0.002654
169, 0.002745, 0.002659, 0.002652
170, 0.002752, 0.002656, 0.002648
171, 0.002746, 0.002656, 0.002648
172, 0.002742, 0.002653, 0.002645
173, 0.002736, 0.002652, 0.002644
174, 0.002739, 0.002652, 0.002644
175, 0.002735, 0.002651, 0.002642
176, 0.002734, 0.002651, 0.002642
177, 0.002726, 0.002650, 0.002641
178, 0.002729, 0.002649, 0.002639
179, 0.002724, 0.002649, 0.002639
180, 0.002721, 0.002648, 0.002637
181, 0.002723, 0.002647, 0.002636
182, 0.002716, 0.002645, 0.002634
183, 0.002715, 0.002642, 0.002630
184, 0.002714, 0.002641, 0.002628
185, 0.002711, 0.002641, 0.002628
186, 0.002709, 0.002644, 0.002631
187, 0.002710, 0.002641, 0.002628
188, 0.002703, 0.002640, 0.002628
189, 0.002704, 0.002637, 0.002624
190, 0.002704, 0.002640, 0.002625
191, 0.002699, 0.002637, 0.002623
192, 0.002697, 0.002634, 0.002621
193, 0.002692, 0.002631, 0.002618
194, 0.002690, 0.002629, 0.002615
195, 0.002689, 0.002629, 0.002614
196, 0.002689, 0.002630, 0.002615
197, 0.002690, 0.002630, 0.002615
198, 0.002686, 0.002628, 0.002612
199, 0.002678, 0.002625, 0.002609
200, 0.002679, 0.002623, 0.002607
201, 0.002674, 0.002624, 0.002608
202, 0.002673, 0.002626, 0.002610
203, 0.002675, 0.002626, 0.002609
204, 0.002668, 0.002622, 0.002605
205, 0.002674, 0.002619, 0.002601
206, 0.002670, 0.002617, 0.002599
207, 0.002666, 0.002616, 0.002598
208, 0.002663, 0.002616, 0.002599
209, 0.002662, 0.002615, 0.002598
210, 0.002656, 0.002614, 0.002596
211, 0.002659, 0.002612, 0.002594
212, 0.002658, 0.002613, 0.002595
213, 0.002656, 0.002612, 0.002594
214, 0.002648, 0.002610, 0.002592
215, 0.002653, 0.002607, 0.002589
216, 0.002648, 0.002606, 0.002588
217, 0.002646, 0.002606, 0.002586
218, 0.002648, 0.002606, 0.002587
219, 0.002641, 0.002603, 0.002584
220, 0.002640, 0.002602, 0.002583
221, 0.002640, 0.002599, 0.002581
222, 0.002639, 0.002598, 0.002579
223, 0.002635, 0.002598, 0.002578
224, 0.002634, 0.002598, 0.002577
225, 0.002630, 0.002597, 0.002576
226, 0.002626, 0.002595, 0.002575
227, 0.002627, 0.002593, 0.002573
228, 0.002628, 0.002591, 0.002571
229, 0.002622, 0.002591, 0.002570
230, 0.002620, 0.002590, 0.002569
231, 0.002620, 0.002588, 0.002567
232, 0.002616, 0.002586, 0.002566
233, 0.002615, 0.002585, 0.002565
234, 0.002613, 0.002586, 0.002564
235, 0.002614, 0.002583, 0.002561
236, 0.002612, 0.002581, 0.002559
237, 0.002612, 0.002579, 0.002558
238, 0.002609, 0.002578, 0.002557
239, 0.002604, 0.002579, 0.002557
240, 0.002606, 0.002576, 0.002554
241, 0.002600, 0.002573, 0.002551
242, 0.002600, 0.002570, 0.002549
243, 0.002600, 0.002569, 0.002546
244, 0.002595, 0.002569, 0.002546
245, 0.002593, 0.002568, 0.002545
246, 0.002592, 0.002567, 0.002544
247, 0.002587, 0.002564, 0.002542
248, 0.002586, 0.002561, 0.002538
249, 0.002588, 0.002560, 0.002537
250, 0.002583, 0.002558, 0.002535
251, 0.002582, 0.002558, 0.002535
252, 0.002580, 0.002557, 0.002534
253, 0.002579, 0.002555, 0.002531
254, 0.002583, 0.002553, 0.002529
255, 0.002573, 0.002550, 0.002526
256, 0.002574, 0.002549, 0.002525
257, 0.002573, 0.002549, 0.002525
258, 0.002567, 0.002548, 0.002524
259, 0.002570, 0.002546, 0.002522
260, 0.002565, 0.002542, 0.002517
261, 0.002563, 0.002539, 0.002515
262, 0.002560, 0.002539, 0.002514
263, 0.002559, 0.002538, 0.002513
264, 0.002559, 0.002537, 0.002512
265, 0.002554, 0.002534, 0.002510
266, 0.002555, 0.002530, 0.002506
267, 0.002552, 0.002528, 0.002503
268, 0.002552, 0.002528, 0.002502
269, 0.002546, 0.002528, 0.002502
270, 0.002546, 0.002526, 0.002501
271, 0.002546, 0.002524, 0.002498
272, 0.002544, 0.002521, 0.002495
273, 0.002540, 0.002519, 0.002492
274, 0.002540, 0.002516, 0.002489
275, 0.002534, 0.002516, 0.002490
276, 0.002532, 0.002516, 0.002491
277, 0.002533, 0.002513, 0.002487
278, 0.002531, 0.002512, 0.002484
279, 0.002530, 0.002509, 0.002482
280, 0.002526, 0.002507, 0.002480
281, 0.002527, 0.002504, 0.002477
282, 0.002527, 0.002504, 0.002477
283, 0.002525, 0.002503, 0.002477
284, 0.002524, 0.002504, 0.002477
285, 0.002520, 0.002500, 0.002473
286, 0.002519, 0.002497, 0.002471
287, 0.002518, 0.002493, 0.002466
288, 0.002510, 0.002493, 0.002466
289, 0.002513, 0.002493, 0.002466
290, 0.002513, 0.002490, 0.002463
291, 0.002511, 0.002491, 0.002463
292, 0.002505, 0.002492, 0.002466
293, 0.002507, 0.002488, 0.002461
294, 0.002507, 0.002484, 0.002456
295, 0.002504, 0.002484, 0.002456
296, 0.002499, 0.002485, 0.002458
297, 0.002502, 0.002484, 0.002456
298, 0.002500, 0.002480, 0.002452
299, 0.002495, 0.002478, 0.002449
300, 0.002496, 0.002479, 0.002451
301, 0.002498, 0.002477, 0.002448
302, 0.002493, 0.002475, 0.002447
303, 0.002492, 0.002477, 0.002449
304, 0.002495, 0.002476, 0.002448
305, 0.002492, 0.002472, 0.002443
306, 0.002489, 0.002469, 0.002440
307, 0.002486, 0.002472, 0.002444
308, 0.002488, 0.002469, 0.002440
309, 0.002485, 0.002466, 0.002438
310, 0.002482, 0.002467, 0.002439
311, 0.002483, 0.002468, 0.002440
312, 0.002482, 0.002466, 0.002437
313, 0.002481, 0.002466, 0.002437
314, 0.002480, 0.002465, 0.002436
315, 0.002478, 0.002463, 0.002435
316, 0.002478, 0.002462, 0.002434
317, 0.002474, 0.002460, 0.002431
318, 0.002477, 0.002459, 0.002431
319, 0.002475, 0.002460, 0.002431
320, 0.002476, 0.002459, 0.002431
321, 0.002475, 0.002457, 0.002428
322, 0.002472, 0.002459, 0.002430
323, 0.002475, 0.002461, 0.002432
324, 0.002473, 0.002456, 0.002427
325, 0.002470, 0.002454, 0.002425
326, 0.002469, 0.002453, 0.002423
327, 0.002468, 0.002452, 0.002423
328, 0.002464, 0.002452, 0.002423
329, 0.002468, 0.002453, 0.002424
330, 0.002467, 0.002451, 0.002422
331, 0.002464, 0.002453, 0.002424
332, 0.002466, 0.002451, 0.002422
333, 0.002463, 0.002451, 0.002422
334, 0.002462, 0.002448, 0.002420
335, 0.002459, 0.002447, 0.002418
336, 0.002460, 0.002452, 0.002423
337, 0.002461, 0.002449, 0.002420
338, 0.002461, 0.002443, 0.002414
339, 0.002460, 0.002445, 0.002416
340, 0.002459, 0.002449, 0.002420
341, 0.002457, 0.002444, 0.002415
342, 0.002455, 0.002444, 0.002415
343, 0.002457, 0.002450, 0.002420
344, 0.002453, 0.002441, 0.002412
345, 0.002452, 0.002438, 0.002408
346, 0.002454, 0.002444, 0.002414
347, 0.002453, 0.002444, 0.002414
348, 0.002452, 0.002439, 0.002410
349, 0.002456, 0.002441, 0.002412
350, 0.002452, 0.002442, 0.002412
351, 0.002450, 0.002437, 0.002407
352, 0.002451, 0.002437, 0.002408
353, 0.002449, 0.002439, 0.002410
354, 0.002448, 0.002436, 0.002407
355, 0.002449, 0.002435, 0.002406
356, 0.002448, 0.002438, 0.002408
357, 0.002448, 0.002433, 0.002404
358, 0.002445, 0.002433, 0.002404
359, 0.002444, 0.002435, 0.002405
360, 0.002446, 0.002439, 0.002409
361, 0.002446, 0.002431, 0.002402
362, 0.002446, 0.002430, 0.002401
363, 0.002445, 0.002433, 0.002403
364, 0.002440, 0.002431, 0.002401
365, 0.002443, 0.002427, 0.002398
366, 0.002443, 0.002430, 0.002401
367, 0.002439, 0.002431, 0.002401
368, 0.002438, 0.002427, 0.002397
369, 0.002440, 0.002428, 0.002398
370, 0.002439, 0.002430, 0.002400
371, 0.002440, 0.002427, 0.002397
372, 0.002441, 0.002426, 0.002396
373, 0.002439, 0.002428, 0.002398
374, 0.002437, 0.002424, 0.002395
375, 0.002436, 0.002425, 0.002396
376, 0.002435, 0.002428, 0.002398
377, 0.002436, 0.002424, 0.002394
378, 0.002437, 0.002424, 0.002394
379, 0.002438, 0.002426, 0.002396
380, 0.002434, 0.002421, 0.002392
381, 0.002432, 0.002423, 0.002394
382, 0.002433, 0.002424, 0.002394
383, 0.002432, 0.002421, 0.002391
384, 0.002437, 0.002421, 0.002391
385, 0.002433, 0.002424, 0.002394
386, 0.002430, 0.002420, 0.002390
387, 0.002431, 0.002419, 0.002389
388, 0.002430, 0.002418, 0.002388
389, 0.002429, 0.002423, 0.002392
390, 0.002431, 0.002419, 0.002389
391, 0.002430, 0.002418, 0.002388
392, 0.002429, 0.002424, 0.002393
393, 0.002430, 0.002416, 0.002386
394, 0.002427, 0.002416, 0.002386
395, 0.002424, 0.002419, 0.002389
396, 0.002427, 0.002420, 0.002390
397, 0.002425, 0.002415, 0.002386
398, 0.002426, 0.002419, 0.002388
399, 0.002426, 0.002417, 0.002386
400, 0.002427, 0.002411, 0.002382
401, 0.002424, 0.002415, 0.002385
402, 0.002421, 0.002420, 0.002390
403, 0.002424, 0.002414, 0.002385
404, 0.002425, 0.002412, 0.002383
405, 0.002422, 0.002416, 0.002386
406, 0.002422, 0.002413, 0.002383
407, 0.002422, 0.002409, 0.002380
408, 0.002420, 0.002414, 0.002383
409, 0.002423, 0.002412, 0.002381
410, 0.002419, 0.002413, 0.002382
411, 0.002419, 0.002411, 0.002381
412, 0.002419, 0.002412, 0.002382
413, 0.002420, 0.002410, 0.002379
414, 0.002418, 0.002411, 0.002380
415, 0.002417, 0.002411, 0.002381
416, 0.002422, 0.002409, 0.002379
417, 0.002415, 0.002411, 0.002381
418, 0.002416, 0.002406, 0.002377
419, 0.002418, 0.002410, 0.002381
420, 0.002413, 0.002413, 0.002383
421, 0.002414, 0.002406, 0.002377
422, 0.002418, 0.002407, 0.002377
423, 0.002415, 0.002418, 0.002386
424, 0.002418, 0.002405, 0.002376
425, 0.002417, 0.002404, 0.002375
426, 0.002417, 0.002425, 0.002392
427, 0.002416, 0.002405, 0.002376
428, 0.002417, 0.002403, 0.002374
429, 0.002418, 0.002417, 0.002385
430, 0.002420, 0.002405, 0.002375
431, 0.002411, 0.002403, 0.002374
432, 0.002415, 0.002411, 0.002379
433, 0.002414, 0.002413, 0.002380
434, 0.002415, 0.002403, 0.002374
435, 0.002414, 0.002412, 0.002381
436, 0.002409, 0.002416, 0.002385
437, 0.002411, 0.002403, 0.002374
438, 0.002415, 0.002405, 0.002374
439, 0.002408, 0.002410, 0.002379
440, 0.002411, 0.002400, 0.002371
441, 0.002411, 0.002402, 0.002372
442, 0.002412, 0.002411, 0.002379
443, 0.002412, 0.002401, 0.002372
444, 0.002410, 0.002403, 0.002374
445, 0.002406, 0.002408, 0.002377
446, 0.002409, 0.002401, 0.002371
447, 0.002409, 0.002399, 0.002370
448, 0.002408, 0.002410, 0.002378
449, 0.002408, 0.002402, 0.002372
450, 0.002405, 0.002399, 0.002370
451, 0.002407, 0.002404, 0.002374
452, 0.002407, 0.002402, 0.002371
453, 0.002403, 0.002397, 0.002367
454, 0.002409, 0.002402, 0.002371
455, 0.002406, 0.002406, 0.002374
456, 0.002406, 0.002399, 0.002369
457, 0.002403, 0.002401, 0.002370
458, 0.002404, 0.002402, 0.002370
459, 0.002408, 0.002402, 0.002371
460, 0.002405, 0.002398, 0.002368
461, 0.002405, 0.002399, 0.002368
462, 0.002402, 0.002400, 0.002369
463, 0.002405, 0.002397, 0.002367
464, 0.002402, 0.002401, 0.002370
465, 0.002402, 0.002401, 0.002370
466, 0.002402, 0.002395, 0.002365
467, 0.002405, 0.002401, 0.002370
468, 0.002401, 0.002406, 0.002374
469, 0.002404, 0.002394, 0.002365
470, 0.002406, 0.002400, 0.002368
471, 0.002399, 0.002404, 0.002372
472, 0.002405, 0.002394, 0.002365
473, 0.002401, 0.002397, 0.002366
474, 0.002399, 0.002400, 0.002369
475, 0.002404, 0.002394, 0.002364
476, 0.002404, 0.002397, 0.002366
477, 0.002396, 0.002403, 0.002372
478, 0.002400, 0.002393, 0.002363
479, 0.002403, 0.002395, 0.002365
480, 0.002399, 0.002399, 0.002368
481, 0.002399, 0.002392, 0.002362
482, 0.002398, 0.002396, 0.002366
483, 0.002397, 0.002397, 0.002366
484, 0.002397, 0.002396, 0.002365
485, 0.002396, 0.002393, 0.002363
486, 0.002401, 0.002401, 0.002368
487, 0.002399, 0.002393, 0.002362
488, 0.002397, 0.002393, 0.002362
489, 0.002397, 0.002401, 0.002368
490, 0.002398, 0.002394, 0.002363
491, 0.002395, 0.002391, 0.002361
492, 0.002396, 0.002396, 0.002364
493, 0.002394, 0.002394, 0.002363
494, 0.002396, 0.002391, 0.002361
495, 0.002395, 0.002399, 0.002367
496, 0.002396, 0.002396, 0.002365
497, 0.002397, 0.002389, 0.002360
498, 0.002396, 0.002396, 0.002365
499, 0.002395, 0.002395, 0.002364
500, 0.002395, 0.002388, 0.002359
501, 0.002393, 0.002398, 0.002367
502, 0.002394, 0.002392, 0.002362
503, 0.002394, 0.002388, 0.002359
504, 0.002393, 0.002392, 0.002362
505, 0.002392, 0.002396, 0.002365
506, 0.002395, 0.002386, 0.002357
507, 0.002397, 0.002396, 0.002365
508, 0.002392, 0.002397, 0.002366
509, 0.002394, 0.002388, 0.002359
510, 0.002393, 0.002395, 0.002364
511, 0.002392, 0.002400, 0.002368
512, 0.002395, 0.002385, 0.002356
513, 0.002396, 0.002398, 0.002366
514, 0.002393, 0.002392, 0.002362
515, 0.002392, 0.002386, 0.002357
516, 0.002393, 0.002395, 0.002364
517, 0.002387, 0.002395, 0.002364
518, 0.002392, 0.002385, 0.002356
519, 0.002392, 0.002399, 0.002366
520, 0.002392, 0.002391, 0.002359
521, 0.002389, 0.002385, 0.002355
522, 0.002391, 0.002398, 0.002365
523, 0.002391, 0.002390, 0.002358
524, 0.002390, 0.002384, 0.002354
525, 0.002388, 0.002396, 0.002363
526, 0.002390, 0.002390, 0.002358
527, 0.002387, 0.002385, 0.002355
528, 0.002390, 0.002397, 0.002365
529, 0.002387, 0.002383, 0.002353
530, 0.002386, 0.002383, 0.002354
531, 0.002386, 0.002403, 0.002371
532, 0.002391, 0.002383, 0.002354
533, 0.002389, 0.002385, 0.002356
534, 0.002386, 0.002393, 0.002362
535, 0.002386, 0.002387, 0.002357
536, 0.002386, 0.002385, 0.002354
537, 0.002386, 0.002390, 0.002359
538, 0.002390, 0.002387, 0.002356
539, 0.002387, 0.002383, 0.002353
540, 0.002385, 0.002392, 0.002360
541, 0.002385, 0.002386, 0.002355
542, 0.002384, 0.002381, 0.002351
543, 0.002388, 0.002388, 0.002357
544, 0.002386, 0.002385, 0.002355
545, 0.002382, 0.002381, 0.002352
546, 0.002382, 0.002386, 0.002355
547, 0.002384, 0.002382, 0.002352
548, 0.002380, 0.002385, 0.002354
549, 0.002383, 0.002387, 0.002356
550, 0.002381, 0.002383, 0.002353
551, 0.002382, 0.002384, 0.002354
552, 0.002379, 0.002379, 0.002349
553, 0.002383, 0.002387, 0.002356
554, 0.002380, 0.002379, 0.002349
555, 0.002384, 0.002385, 0.002354
556, 0.002379, 0.002381, 0.002350
557, 0.002379, 0.002380, 0.002350
558, 0.002381, 0.002383, 0.002353
559, 0.002377, 0.002381, 0.002351
560, 0.002379, 0.002381, 0.002351
561, 0.002381, 0.002383, 0.002353
562, 0.002377, 0.002380, 0.002350
563, 0.002380, 0.002383, 0.002353
564, 0.002381, 0.002375, 0.002347
565, 0.002380, 0.002381, 0.002351
566, 0.002378, 0.002384, 0.002353
567, 0.002377, 0.002377, 0.002347
568, 0.002378, 0.002383, 0.002351
569, 0.002380, 0.002381, 0.002350
570, 0.002375, 0.002374, 0.002344
571, 0.002377, 0.002380, 0.002348
572, 0.002375, 0.002379, 0.002348
573, 0.002373, 0.002378, 0.002347
574, 0.002374, 0.002382, 0.002351
575, 0.002376, 0.002374, 0.002345
576, 0.002377, 0.002381, 0.002350
577, 0.002378, 0.002382, 0.002351
578, 0.002374, 0.002372, 0.002343
579, 0.002379, 0.002381, 0.002351
580, 0.002375, 0.002377, 0.002347
581, 0.002375, 0.002372, 0.002343
582, 0.002374, 0.002378, 0.002347
583, 0.002374, 0.002380, 0.002349
584, 0.002374, 0.002374, 0.002344
585, 0.002373, 0.002375, 0.002345
586, 0.002372, 0.002381, 0.002349
587, 0.002375, 0.002369, 0.002340
588, 0.002375, 0.002381, 0.002349
589, 0.002374, 0.002372, 0.002342
590, 0.002372, 0.002371, 0.002341
591, 0.002371, 0.002381, 0.002350
592, 0.002371, 0.002374, 0.002344
593, 0.002369, 0.002370, 0.002341
594, 0.002369, 0.002379, 0.002349
595, 0.002369, 0.002368, 0.002339
596, 0.002374, 0.002375, 0.002345
597, 0.002369, 0.002376, 0.002345
598, 0.002370, 0.002367, 0.002338
599, 0.002369, 0.002372, 0.002342
600, 0.002368, 0.002379, 0.002348
601, 0.002372, 0.002363, 0.002335
602, 0.002372, 0.002377, 0.002346
603, 0.002371, 0.002373, 0.002343
604, 0.002368, 0.002365, 0.002336
605, 0.002367, 0.002391, 0.002357
606, 0.002371, 0.002366, 0.002336
607, 0.002365, 0.002363, 0.002335
608, 0.002365, 0.002387, 0.002354
609, 0.002370, 0.002363, 0.002335
610, 0.002370, 0.002368, 0.002338
611, 0.002365, 0.002383, 0.002351
612, 0.002368, 0.002360, 0.002331
613, 0.002371, 0.002380, 0.002348
614, 0.002366, 0.002366, 0.002336
615, 0.002363, 0.002361, 0.002332
616, 0.002364, 0.002377, 0.002345
617, 0.002370, 0.002364, 0.002333
618, 0.002361, 0.002361, 0.002331
619, 0.002363, 0.002374, 0.002343
620, 0.002362, 0.002359, 0.002330
621, 0.002362, 0.002362, 0.002333
622, 0.002360, 0.002366, 0.002336
623, 0.002363, 0.002361, 0.002332
624, 0.002364, 0.002365, 0.002336
625, 0.002361, 0.002363, 0.002333
626, 0.002360, 0.002364, 0.002333
627, 0.002356, 0.002359, 0.002329
628, 0.002358, 0.002359, 0.002329
629, 0.002360, 0.002368, 0.002336
630, 0.002357, 0.002362, 0.002331
631, 0.002358, 0.002355, 0.002326
632, 0.002357, 0.002371, 0.002339
633, 0.002362, 0.002354, 0.002325
634, 0.002357, 0.002359, 0.002329
635, 0.002355, 0.002362, 0.002331
636, 0.002356, 0.002349, 0.002321
637, 0.002358, 0.002361, 0.002331
638, 0.002356, 0.002363, 0.002332
639, 0.002356, 0.002350, 0.002323
640, 0.002354, 0.002368, 0.002337
641, 0.002354, 0.002353, 0.002324
642, 0.002352, 0.002348, 0.002320
643, 0.002356, 0.002369, 0.002338
644, 0.002355, 0.002345, 0.002318
645, 0.002358, 0.002358, 0.002328
646, 0.002352, 0.002358, 0.002328
647, 0.002350, 0.002346, 0.002318
648, 0.002353, 0.002358, 0.002328
649, 0.002349, 0.002351, 0.002321
650, 0.002352, 0.002346, 0.002316
651, 0.002349, 0.002350, 0.002320
652, 0.002350, 0.002351, 0.002320
653, 0.002345, 0.002346, 0.002316
654, 0.002345, 0.002351, 0.002320
655, 0.002347, 0.002343, 0.002314
656, 0.002347, 0.002350, 0.002320
657, 0.002344, 0.002344, 0.002314
658, 0.002346, 0.002345, 0.002315
659, 0.002345, 0.002354, 0.002323
660, 0.002345, 0.002338, 0.002309
661, 0.002346, 0.002346, 0.002316
662, 0.002343, 0.002341, 0.002311
663, 0.002342, 0.002342, 0.002312
664, 0.002344, 0.002343, 0.002313
665, 0.002344, 0.002342, 0.002312
666, 0.002341, 0.002341, 0.002311
667, 0.002343, 0.002342, 0.002312
668, 0.002337, 0.002336, 0.002307
669, 0.002336, 0.002340, 0.002310
670, 0.002338, 0.002336, 0.002307
671, 0.002338, 0.002340, 0.002310
672, 0.002336, 0.002333, 0.002303
673, 0.002336, 0.002343, 0.002311
674, 0.002340, 0.002329, 0.002300
675, 0.002336, 0.002332, 0.002304
676, 0.002335, 0.002337, 0.002307
677, 0.002334, 0.002328, 0.002300
678, 0.002335, 0.002344, 0.002314
679, 0.002336, 0.002327, 0.002299
680, 0.002334, 0.002334, 0.002305
681, 0.002333, 0.002331, 0.002302
682, 0.002334, 0.002322, 0.002294
683, 0.002332, 0.002331, 0.002301
684, 0.002331, 0.002321, 0.002292
685, 0.002329, 0.002331, 0.002301
686, 0.002330, 0.002333, 0.002302
687, 0.002326, 0.002316, 0.002289
688, 0.002329, 0.002339, 0.002308
689, 0.002330, 0.002321, 0.002292
690, 0.002325, 0.002313, 0.002286
691, 0.002326, 0.002340, 0.002309
692, 0.002331, 0.002310, 0.002284
693, 0.002328, 0.002331, 0.002301
694, 0.002323, 0.002315, 0.002287
695, 0.002323, 0.002310, 0.002282
696, 0.002318, 0.002328, 0.002297
697, 0.002326, 0.002305, 0.002278
698, 0.002320, 0.002329, 0.002298
699, 0.002321, 0.002311, 0.002282
700, 0.002317, 0.002308, 0.002279
701, 0.002318, 0.002320, 0.002289
702, 0.002315, 0.002301, 0.002273
703, 0.002315, 0.002321, 0.002290
704, 0.002316, 0.002304, 0.002275
705, 0.002312, 0.002302, 0.002273
706, 0.002315, 0.002317, 0.002287
707, 0.002314, 0.002295, 0.002268
708, 0.002310, 0.002309, 0.002279
709, 0.002308, 0.002302, 0.002273
710, 0.002307, 0.002290, 0.002263
711, 0.002310, 0.002323, 0.002292
712, 0.002313, 0.002288, 0.002262
713, 0.002306, 0.002298, 0.002269
714, 0.002304, 0.002298, 0.002269
715, 0.002300, 0.002287, 0.002259
716, 0.002299, 0.002293, 0.002264
717, 0.002298, 0.002292, 0.002263
718, 0.002299, 0.002283, 0.002255
719, 0.002300, 0.002292, 0.002262
720, 0.002296, 0.002288, 0.002259
721, 0.002297, 0.002281, 0.002253
722, 0.002292, 0.002284, 0.002255
723, 0.002290, 0.002280, 0.002252
724, 0.002294, 0.002275, 0.002247
725, 0.002290, 0.002274, 0.002246
726, 0.002289, 0.002285, 0.002256
727, 0.002288, 0.002267, 0.002241
728, 0.002288, 0.002281, 0.002252
729, 0.002286, 0.002270, 0.002241
730, 0.002287, 0.002265, 0.002237
731, 0.002281, 0.002278, 0.002248
732, 0.002285, 0.002260, 0.002232
733, 0.002282, 0.002269, 0.002239
734, 0.002277, 0.002269, 0.002239
735, 0.002276, 0.002253, 0.002226
736, 0.002279, 0.002272, 0.002242
737, 0.002278, 0.002249, 0.002223
738, 0.002273, 0.002253, 0.002225
739, 0.002267, 0.002261, 0.002233
740, 0.002271, 0.002244, 0.002218
741, 0.002270, 0.002259, 0.002230
742, 0.002269, 0.002243, 0.002215
743, 0.002266, 0.002242, 0.002215
744, 0.002265, 0.002252, 0.002223
745, 0.002265, 0.002232, 0.002206
746, 0.002264, 0.002255, 0.002225
747, 0.002263, 0.002232, 0.002205
748, 0.002256, 0.002232, 0.002204
749, 0.002255, 0.002237, 0.002208
750, 0.002252, 0.002225, 0.002197
751, 0.002250, 0.002229, 0.002201
752, 0.002248, 0.002229, 0.002200
753, 0.002247, 0.002218, 0.002190
754, 0.002247, 0.002227, 0.002198
755, 0.002242, 0.002218, 0.002191
756, 0.002241, 0.002211, 0.002185
757, 0.002239, 0.002222, 0.002194
758, 0.002245, 0.002203, 0.002178
759, 0.002238, 0.002221, 0.002193
760, 0.002238, 0.002199, 0.002172
761, 0.002233, 0.002210, 0.002180
762, 0.002231, 0.002205, 0.002176
763, 0.002229, 0.002189, 0.002163
764, 0.002232, 0.002230, 0.002198
765, 0.002236, 0.002183, 0.002158
766, 0.002227, 0.002188, 0.002161
767, 0.002221, 0.002206, 0.002177
768, 0.002221, 0.002175, 0.002149
769, 0.002222, 0.002204, 0.002175
770, 0.002218, 0.002169, 0.002144
771, 0.002211, 0.002183, 0.002155
772, 0.002207, 0.002173, 0.002146
773, 0.002204, 0.002163, 0.002136
774, 0.002205, 0.002174, 0.002145
775, 0.002201, 0.002156, 0.002129
776, 0.002200, 0.002163, 0.002134
777, 0.002197, 0.002151, 0.002123
778, 0.002190, 0.002159, 0.002130
779, 0.002191, 0.002147, 0.002119
780, 0.002185, 0.002145, 0.002117
781, 0.002187, 0.002145, 0.002117
782, 0.002183, 0.002137, 0.002109
783, 0.002179, 0.002138, 0.002110
784, 0.002174, 0.002131, 0.002104
785, 0.002173, 0.002128, 0.002101
786, 0.002168, 0.002120, 0.002094
787, 0.002163, 0.002119, 0.002091
788, 0.002160, 0.002126, 0.002097
789, 0.002162, 0.002107, 0.002080
790, 0.002160, 0.002110, 0.002082
791, 0.002156, 0.002116, 0.002086
792, 0.002153, 0.002095, 0.002071
793, 0.002158, 0.002146, 0.002115
794, 0.002163, 0.002086, 0.002062
795, 0.002152, 0.002102, 0.002073
796, 0.002143, 0.002087, 0.002059
797, 0.002133, 0.002076, 0.002049
798, 0.002131, 0.002084, 0.002055
799, 0.002128, 0.002068, 0.002041
800, 0.002124, 0.002071, 0.002043
801, 0.002123, 0.002059, 0.002032
802, 0.002119, 0.002063, 0.002035
803, 0.002111, 0.002051, 0.002024
804, 0.002109, 0.002045, 0.002019
805, 0.002106, 0.002053, 0.002025
806, 0.002101, 0.002038, 0.002012
807, 0.002099, 0.002044, 0.002015
808, 0.002096, 0.002025, 0.001999
809, 0.002090, 0.002030, 0.002003
810, 0.002086, 0.002017, 0.001990
811, 0.002080, 0.002019, 0.001992
812, 0.002081, 0.002014, 0.001986
813, 0.002071, 0.002001, 0.001976
814, 0.002074, 0.002020, 0.001991
815, 0.002072, 0.001988, 0.001963
816, 0.002072, 0.002013, 0.001984
817, 0.002065, 0.001978, 0.001953
818, 0.002054, 0.001982, 0.001955
819, 0.002046, 0.001976, 0.001949
820, 0.002045, 0.001962, 0.001937
821, 0.002038, 0.001981, 0.001953
822, 0.002039, 0.001951, 0.001926
823, 0.002037, 0.001975, 0.001945
824, 0.002030, 0.001941, 0.001915
825, 0.002020, 0.001937, 0.001910
826, 0.002012, 0.001950, 0.001921
827, 0.002013, 0.001922, 0.001898
828, 0.002015, 0.001963, 0.001933
829, 0.002015, 0.001917, 0.001896
830, 0.002010, 0.001933, 0.001904
831, 0.001996, 0.001903, 0.001876
832, 0.001988, 0.001893, 0.001869
833, 0.001987, 0.001934, 0.001905
834, 0.001995, 0.001886, 0.001863
835, 0.001991, 0.001917, 0.001888
836, 0.001980, 0.001868, 0.001845
837, 0.001969, 0.001875, 0.001849
838, 0.001953, 0.001862, 0.001836
839, 0.001946, 0.001847, 0.001823
840, 0.001945, 0.001870, 0.001843
841, 0.001944, 0.001832, 0.001809
842, 0.001941, 0.001852, 0.001825
843, 0.001933, 0.001820, 0.001796
844, 0.001922, 0.001823, 0.001797
845, 0.001914, 0.001814, 0.001789
846, 0.001908, 0.001802, 0.001776
847, 0.001904, 0.001795, 0.001770
848, 0.001897, 0.001790, 0.001766
849, 0.001889, 0.001787, 0.001762
850, 0.001883, 0.001773, 0.001748
851, 0.001875, 0.001769, 0.001745
852, 0.001872, 0.001763, 0.001738
853, 0.001865, 0.001752, 0.001727
854, 0.001859, 0.001752, 0.001726
855, 0.001852, 0.001736, 0.001712
856, 0.001848, 0.001733, 0.001707
857, 0.001838, 0.001725, 0.001700
858, 0.001831, 0.001714, 0.001691
859, 0.001830, 0.001714, 0.001689
860, 0.001823, 0.001698, 0.001674
861, 0.001813, 0.001700, 0.001676
862, 0.001808, 0.001682, 0.001660
863, 0.001801, 0.001678, 0.001654
864, 0.001794, 0.001670, 0.001646
865, 0.001787, 0.001661, 0.001638
866, 0.001779, 0.001656, 0.001632
867, 0.001771, 0.001649, 0.001625
868, 0.001767, 0.001638, 0.001615
869, 0.001759, 0.001630, 0.001607
870, 0.001754, 0.001624, 0.001602
871, 0.001744, 0.001616, 0.001593
872, 0.001737, 0.001609, 0.001585
873, 0.001731, 0.001594, 0.001572
874, 0.001725, 0.001607, 0.001584
875, 0.001718, 0.001579, 0.001559
876, 0.001715, 0.001606, 0.001580
877, 0.001707, 0.001562, 0.001544
878, 0.001698, 0.001568, 0.001545
879, 0.001686, 0.001552, 0.001529
880, 0.001678, 0.001539, 0.001520
881, 0.001670, 0.001555, 0.001533
882, 0.001665, 0.001523, 0.001504
883, 0.001662, 0.001539, 0.001515
884, 0.001648, 0.001509, 0.001491
885, 0.001639, 0.001503, 0.001482
886, 0.001630, 0.001507, 0.001484
887, 0.001622, 0.001484, 0.001466
888, 0.001615, 0.001507, 0.001484
889, 0.001608, 0.001473, 0.001457
890, 0.001603, 0.001497, 0.001474
891, 0.001592, 0.001454, 0.001439
892, 0.001581, 0.001469, 0.001448
893, 0.001570, 0.001442, 0.001425
894, 0.001561, 0.001442, 0.001425
895, 0.001549, 0.001440, 0.001420
896, 0.001543, 0.001419, 0.001404
897, 0.001535, 0.001446, 0.001426
898, 0.001526, 0.001408, 0.001395
899, 0.001521, 0.001442, 0.001420
900, 0.001515, 0.001398, 0.001385
901, 0.001502, 0.001415, 0.001394
902, 0.001490, 0.001374, 0.001360
903, 0.001476, 0.001390, 0.001370
904, 0.001465, 0.001355, 0.001339
905, 0.001457, 0.001369, 0.001349
906, 0.001448, 0.001338, 0.001321
907, 0.001431, 0.001334, 0.001312
908, 0.001424, 0.001325, 0.001308
909, 0.001414, 0.001315, 0.001293
910, 0.001405, 0.001299, 0.001281
911, 0.001391, 0.001314, 0.001293
912, 0.001387, 0.001277, 0.001261
913, 0.001384, 0.001313, 0.001290
914, 0.001382, 0.001273, 0.001258
915, 0.001381, 0.001326, 0.001298
916, 0.001380, 0.001252, 0.001238
917, 0.001363, 0.001285, 0.001257
918, 0.001349, 0.001228, 0.001213
919, 0.001334, 0.001246, 0.001218
920, 0.001318, 0.001214, 0.001198
921, 0.001309, 0.001209, 0.001180
922, 0.001306, 0.001272, 0.001259
923, 0.001331, 0.001237, 0.001201
924, 0.001346, 0.001286, 0.001272
925, 0.001332, 0.001172, 0.001140
926, 0.001274, 0.001148, 0.001125
927, 0.001238, 0.001165, 0.001140
928, 0.001233, 0.001135, 0.001106
929, 0.001239, 0.001162, 0.001140
930, 0.001233, 0.001137, 0.001107
931, 0.001215, 0.001115, 0.001095
932, 0.001198, 0.001123, 0.001091
933, 0.001179, 0.001129, 0.001113
934, 0.001191, 0.001210, 0.001167
935, 0.001266, 0.001293, 0.001286
936, 0.001328, 0.001346, 0.001295
937, 0.001398, 0.001224, 0.001215
938, 0.001272, 0.001027, 0.000998
939, 0.001160, 0.001113, 0.001097
940, 0.001242, 0.001091, 0.001066
941, 0.001187, 0.001056, 0.001033
942, 0.001159, 0.001074, 0.001054
943, 0.001200, 0.000972, 0.000945
944, 0.001098, 0.001100, 0.001085
945, 0.001170, 0.001097, 0.001069
946, 0.001175, 0.000985, 0.000964
947, 0.001105, 0.001117, 0.001103
948, 0.001158, 0.001043, 0.001016
949, 0.001118, 0.001006, 0.000986
950, 0.001127, 0.001077, 0.001062
951, 0.001121, 0.000981, 0.000955
952, 0.001063, 0.001005, 0.000982
953, 0.001127, 0.001008, 0.000988
954, 0.001067, 0.000931, 0.000915
955, 0.001022, 0.000972, 0.000946
956, 0.001097, 0.000951, 0.000940
957, 0.001019, 0.000923, 0.000898
958, 0.000999, 0.000972, 0.000952
959, 0.001073, 0.000902, 0.000878
960, 0.000977, 0.000900, 0.000884
961, 0.000975, 0.000893, 0.000873
962, 0.001004, 0.000833, 0.000815
963, 0.000925, 0.000878, 0.000860
964, 0.000955, 0.000828, 0.000809
965, 0.000949, 0.000792, 0.000775
966, 0.000906, 0.000854, 0.000833
967, 0.000939, 0.000785, 0.000770
968, 0.000902, 0.000775, 0.000758
969, 0.000894, 0.000814, 0.000799
970, 0.000904, 0.000760, 0.000742
971, 0.000872, 0.000767, 0.000755
972, 0.000880, 0.000781, 0.000761
973, 0.000880, 0.000751, 0.000743
974, 0.000864, 0.000735, 0.000718
975, 0.000870, 0.000744, 0.000735
976, 0.000859, 0.000725, 0.000709
977, 0.000840, 0.000707, 0.000695
978, 0.000837, 0.000703, 0.000689
979, 0.000827, 0.000709, 0.000698
980, 0.000828, 0.000693, 0.000681
981, 0.000822, 0.000676, 0.000668
982, 0.000810, 0.000687, 0.000677
983, 0.000805, 0.000665, 0.000655
984, 0.000798, 0.000661, 0.000648
985, 0.000806, 0.000679, 0.000672
986, 0.000805, 0.000651, 0.000637
987, 0.000789, 0.000642, 0.000636
988, 0.000787, 0.000653, 0.000639
989, 0.000788, 0.000643, 0.000635
990, 0.000784, 0.000636, 0.000626
991, 0.000782, 0.000625, 0.000613
992, 0.000762, 0.000629, 0.000622
993, 0.000764, 0.000618, 0.000604
994, 0.000760, 0.000613, 0.000608
995, 0.000754, 0.000626, 0.000612
996, 0.000758, 0.000593, 0.000584
997, 0.000739, 0.000585, 0.000577
998, 0.000735, 0.000606, 0.000591
999, 0.000743, 0.000584, 0.000580
1000, 0.000740, 0.000582, 0.000568
1001, 0.000732, 0.000586, 0.000581
1002, 0.000734, 0.000574, 0.000561
1003, 0.000723, 0.000576, 0.000571
1004, 0.000727, 0.000575, 0.000561
1005, 0.000720, 0.000561, 0.000551
1006, 0.000711, 0.000553, 0.000545
1007, 0.000703, 0.000552, 0.000541
1008, 0.000700, 0.000548, 0.000540
1009, 0.000701, 0.000541, 0.000531
1010, 0.000692, 0.000533, 0.000521
1011, 0.000686, 0.000530, 0.000521
1012, 0.000686, 0.000526, 0.000516
1013, 0.000684, 0.000523, 0.000514
1014, 0.000685, 0.000517, 0.000508
1015, 0.000675, 0.000514, 0.000506
1016, 0.000669, 0.000510, 0.000501
1017, 0.000666, 0.000506, 0.000497
1018, 0.000665, 0.000503, 0.000495
1019, 0.000664, 0.000504, 0.000495
1020, 0.000660, 0.000497, 0.000489
1021, 0.000659, 0.000492, 0.000484
1022, 0.000654, 0.000489, 0.000481
1023, 0.000650, 0.000488, 0.000479
1024, 0.000650, 0.000482, 0.000474
1025, 0.000651, 0.000483, 0.000473
1026, 0.000644, 0.000477, 0.000468
1027, 0.000641, 0.000473, 0.000465
1028, 0.000640, 0.000476, 0.000468
1029, 0.000639, 0.000474, 0.000463
1030, 0.000640, 0.000473, 0.000469
1031, 0.000641, 0.000477, 0.000466
1032, 0.000634, 0.000460, 0.000453
1033, 0.000630, 0.000460, 0.000454
1034, 0.000629, 0.000471, 0.000460
1035, 0.000631, 0.000457, 0.000454
1036, 0.000631, 0.000460, 0.000449
1037, 0.000625, 0.000450, 0.000443
1038, 0.000618, 0.000441, 0.000436
1039, 0.000620, 0.000456, 0.000445
1040, 0.000622, 0.000453, 0.000450
1041, 0.000618, 0.000440, 0.000431
1042, 0.000614, 0.000439, 0.000431
1043, 0.000610, 0.000438, 0.000432
1044, 0.000608, 0.000436, 0.000428
1045, 0.000607, 0.000434, 0.000427
1046, 0.000604, 0.000431, 0.000424
1047, 0.000601, 0.000424, 0.000416
1048, 0.000602, 0.000431, 0.000425
1049, 0.000599, 0.000427, 0.000421
1050, 0.000599, 0.000415, 0.000406
1051, 0.000598, 0.000423, 0.000416
1052, 0.000593, 0.000420, 0.000414
1053, 0.000593, 0.000414, 0.000406
1054, 0.000593, 0.000425, 0.000421
1055, 0.000595, 0.000420, 0.000411
1056, 0.000589, 0.000405, 0.000401
1057, 0.000589, 0.000412, 0.000405
1058, 0.000584, 0.000407, 0.000399
1059, 0.000580, 0.000401, 0.000396
1060, 0.000582, 0.000417, 0.000408
1061, 0.000586, 0.000398, 0.000395
1062, 0.000584, 0.000398, 0.000391
1063, 0.000576, 0.000406, 0.000398
1064, 0.000577, 0.000389, 0.000385
1065, 0.000575, 0.000405, 0.000395
1066, 0.000579, 0.000394, 0.000390
1067, 0.000575, 0.000390, 0.000383
1068, 0.000567, 0.000394, 0.000386
1069, 0.000568, 0.000391, 0.000388
1070, 0.000573, 0.000401, 0.000391
1071, 0.000570, 0.000385, 0.000381
1072, 0.000568, 0.000381, 0.000377
1073, 0.000563, 0.000395, 0.000387
1074, 0.000565, 0.000386, 0.000384
1075, 0.000570, 0.000381, 0.000373
1076, 0.000561, 0.000381, 0.000373
1077, 0.000556, 0.000381, 0.000377
1078, 0.000563, 0.000384, 0.000375
1079, 0.000565, 0.000382, 0.000378
1080, 0.000558, 0.000371, 0.000365
1081, 0.000553, 0.000370, 0.000365
1082, 0.000553, 0.000376, 0.000373
1083, 0.000554, 0.000369, 0.000363
1084, 0.000552, 0.000363, 0.000357
1085, 0.000550, 0.000369, 0.000363
1086, 0.000548, 0.000365, 0.000358
1087, 0.000549, 0.000362, 0.000358
1088, 0.000551, 0.000367, 0.000361
1089, 0.000548, 0.000363, 0.000358
1090, 0.000543, 0.000363, 0.000359
1091, 0.000544, 0.000364, 0.000358
1092, 0.000545, 0.000357, 0.000352
1093, 0.000545, 0.000362, 0.000357
1094, 0.000539, 0.000365, 0.000358
1095, 0.000542, 0.000352, 0.000347
1096, 0.000542, 0.000356, 0.000350
1097, 0.000536, 0.000360, 0.000353
1098, 0.000537, 0.000351, 0.000347
1099, 0.000541, 0.000356, 0.000351
1100, 0.000536, 0.000359, 0.000355
1101, 0.000538, 0.000344, 0.000341
1102, 0.000537, 0.000356, 0.000350
1103, 0.000535, 0.000350, 0.000346
1104, 0.000536, 0.000350, 0.000344
1105, 0.000538, 0.000348, 0.000343
1106, 0.000530, 0.000350, 0.000346
1107, 0.000530, 0.000345, 0.000340
1108, 0.000534, 0.000349, 0.000345
1109, 0.000530, 0.000341, 0.000337
1110, 0.000526, 0.000345, 0.000341
1111, 0.000528, 0.000351, 0.000348
1112, 0.000531, 0.000338, 0.000334
1113, 0.000524, 0.000341, 0.000336
1114, 0.000527, 0.000348, 0.000344
1115, 0.000527, 0.000336, 0.000332
1116, 0.000522, 0.000341, 0.000336
1117, 0.000523, 0.000339, 0.000334
1118, 0.000526, 0.000339, 0.000333
1119, 0.000523, 0.000334, 0.000330
1120, 0.000521, 0.000340, 0.000335
1121, 0.000522, 0.000329, 0.000325
1122, 0.000521, 0.000332, 0.000327
1123, 0.000521, 0.000342, 0.000337
1124, 0.000519, 0.000329, 0.000327
1125, 0.000522, 0.000341, 0.000334
1126, 0.000521, 0.000334, 0.000332
1127, 0.000518, 0.000331, 0.000326
1128, 0.000511, 0.000332, 0.000324
1129, 0.000521, 0.000333, 0.000331
1130, 0.000519, 0.000339, 0.000334
1131, 0.000514, 0.000322, 0.000318
1132, 0.000516, 0.000337, 0.000333
1133, 0.000513, 0.000331, 0.000325
1134, 0.000512, 0.000319, 0.000314
1135, 0.000514, 0.000336, 0.000332
1136, 0.000511, 0.000324, 0.000319
1137, 0.000510, 0.000317, 0.000313
1138, 0.000513, 0.000349, 0.000345
1139, 0.000517, 0.000316, 0.000312
1140, 0.000509, 0.000321, 0.000316
1141, 0.000509, 0.000332, 0.000328
1142, 0.000513, 0.000313, 0.000310
1143, 0.000510, 0.000338, 0.000332
1144, 0.000512, 0.000323, 0.000321
1145, 0.000512, 0.000317, 0.000313
1146, 0.000506, 0.000327, 0.000322
1147, 0.000506, 0.000319, 0.000317
1148, 0.000507, 0.000320, 0.000315
1149, 0.000508, 0.000322, 0.000318
1150, 0.000504, 0.000319, 0.000317
1151, 0.000507, 0.000337, 0.000329
1152, 0.000515, 0.000323, 0.000322
1153, 0.000515, 0.000336, 0.000328
1154, 0.000507, 0.000313, 0.000307
1155, 0.000504, 0.000316, 0.000314
1156, 0.000506, 0.000343, 0.000335
1157, 0.000511, 0.000308, 0.000306
1158, 0.000509, 0.000325, 0.000321
1159, 0.000501, 0.000324, 0.000318
1160, 0.000501, 0.000307, 0.000304
1161, 0.000507, 0.000337, 0.000332
1162, 0.000506, 0.000307, 0.000304
1163, 0.000502, 0.000310, 0.000306
1164, 0.000500, 0.000329, 0.000325
1165, 0.000503, 0.000304, 0.000303
1166, 0.000509, 0.000334, 0.000328
1167, 0.000502, 0.000314, 0.000312
1168, 0.000503, 0.000307, 0.000303
1169, 0.000499, 0.000322, 0.000317
1170, 0.000499, 0.000313, 0.000312
1171, 0.000502, 0.000322, 0.000316
1172, 0.000501, 0.000306, 0.000302
1173, 0.000495, 0.000316, 0.000313
1174, 0.000496, 0.000311, 0.000305
1175, 0.000498, 0.000307, 0.000305
1176, 0.000494, 0.000320, 0.000316
1177, 0.000494, 0.000305, 0.000300
1178, 0.000495, 0.000311, 0.000308
1179, 0.000495, 0.000323, 0.000318
1180, 0.000496, 0.000301, 0.000298
1181, 0.000497, 0.000310, 0.000306
1182, 0.000493, 0.000314, 0.000309
1183, 0.000495, 0.000303, 0.000300
1184, 0.000498, 0.000315, 0.000311
1185, 0.000497, 0.000305, 0.000303
1186, 0.000494, 0.000307, 0.000304
1187, 0.000492, 0.000310, 0.000307
1188, 0.000491, 0.000306, 0.000303
1189, 0.000492, 0.000313, 0.000311
1190, 0.000490, 0.000300, 0.000297
1191, 0.000491, 0.000305, 0.000301
1192, 0.000490, 0.000319, 0.000315
1193, 0.000492, 0.000298, 0.000295
1194, 0.000491, 0.000305, 0.000301
1195, 0.000489, 0.000312, 0.000309
1196, 0.000490, 0.000304, 0.000300
1197, 0.000490, 0.000305, 0.000301
1198, 0.000488, 0.000306, 0.000303
1199, 0.000488, 0.000307, 0.000303
1200, 0.000486, 0.000303, 0.000301
1201, 0.000490, 0.000310, 0.000307
1202, 0.000487, 0.000299, 0.000295
1203, 0.000486, 0.000309, 0.000306
1204, 0.000489, 0.000300, 0.000297
1205, 0.000489, 0.000302, 0.000299
1206, 0.000485, 0.000304, 0.000300
1207, 0.000484, 0.000299, 0.000296
1208, 0.000485, 0.000303, 0.000299
1209, 0.000485, 0.000303, 0.000300
1210, 0.000486, 0.000297, 0.000295
1211, 0.000485, 0.000305, 0.000302
1212, 0.000483, 0.000296, 0.000294
1213, 0.000485, 0.000306, 0.000303
1214, 0.000485, 0.000300, 0.000297
1215, 0.000484, 0.000305, 0.000302
1216, 0.000486, 0.000310, 0.000306
1217, 0.000485, 0.000300, 0.000297
1218, 0.000485, 0.000300, 0.000297
1219, 0.000485, 0.000307, 0.000304
1220, 0.000488, 0.000305, 0.000303
1221, 0.000483, 0.000305, 0.000300
1222, 0.000484, 0.000301, 0.000297
1223, 0.000486, 0.000306, 0.000304
1224, 0.000485, 0.000300, 0.000297
1225, 0.000481, 0.000297, 0.000294
1226, 0.000483, 0.000308, 0.000304
1227, 0.000483, 0.000292, 0.000290
1228, 0.000482, 0.000309, 0.000306
1229, 0.000484, 0.000302, 0.000298
1230, 0.000484, 0.000291, 0.000288
1231, 0.000483, 0.000321, 0.000317
1232, 0.000483, 0.000290, 0.000288
1233, 0.000482, 0.000302, 0.000298
1234, 0.000480, 0.000308, 0.000304
1235, 0.000481, 0.000288, 0.000285
1236, 0.000481, 0.000309, 0.000305
1237, 0.000481, 0.000301, 0.000299
1238, 0.000482, 0.000300, 0.000294
1239, 0.000484, 0.000300, 0.000299
1240, 0.000481, 0.000307, 0.000303
1241, 0.000481, 0.000288, 0.000285
1242, 0.000483, 0.000316, 0.000314
1243, 0.000485, 0.000295, 0.000292
1244, 0.000481, 0.000290, 0.000287
1245, 0.000479, 0.000311, 0.000309
1246, 0.000480, 0.000297, 0.000292
1247, 0.000480, 0.000293, 0.000289
1248, 0.000477, 0.000308, 0.000304
1249, 0.000480, 0.000296, 0.000291
1250, 0.000480, 0.000295, 0.000293
1251, 0.000479, 0.000309, 0.000305
1252, 0.000478, 0.000287, 0.000284
1253, 0.000479, 0.000308, 0.000306
1254, 0.000481, 0.000295, 0.000292
1255, 0.000477, 0.000289, 0.000286
1256, 0.000479, 0.000309, 0.000305
1257, 0.000477, 0.000289, 0.000286
1258, 0.000476, 0.000296, 0.000292
1259, 0.000474, 0.000311, 0.000307
1260, 0.000478, 0.000285, 0.000283
1261, 0.000478, 0.000308, 0.000303
1262, 0.000478, 0.000298, 0.000296
1263, 0.000477, 0.000290, 0.000288
1264, 0.000475, 0.000311, 0.000306
1265, 0.000479, 0.000292, 0.000292
1266, 0.000479, 0.000304, 0.000299
1267, 0.000477, 0.000296, 0.000292
1268, 0.000476, 0.000298, 0.000297
1269, 0.000482, 0.000306, 0.000301
1270, 0.000476, 0.000288, 0.000285
1271, 0.000477, 0.000309, 0.000306
1272, 0.000479, 0.000290, 0.000286
1273, 0.000472, 0.000296, 0.000292
1274, 0.000474, 0.000307, 0.000304
1275, 0.000475, 0.000290, 0.000286
1276, 0.000474, 0.000301, 0.000298
1277, 0.000479, 0.000305, 0.000302
1278, 0.000479, 0.000286, 0.000283
1279, 0.000475, 0.000302, 0.000299
1280, 0.000475, 0.000299, 0.000296
1281, 0.000473, 0.000287, 0.000284
1282, 0.000473, 0.000302, 0.000298
1283, 0.000475, 0.000293, 0.000290
1284, 0.000471, 0.000286, 0.000283
1285, 0.000472, 0.000302, 0.000298
1286, 0.000475, 0.000287, 0.000284
1287, 0.000471, 0.000295, 0.000291
1288, 0.000472, 0.000298, 0.000295
1289, 0.000476, 0.000290, 0.000286
1290, 0.000471, 0.000294, 0.000291
1291, 0.000471, 0.000297, 0.000295
1292, 0.000471, 0.000293, 0.000290
1293, 0.000472, 0.000284, 0.000282
1294, 0.000472, 0.000302, 0.000299
1295, 0.000472, 0.000284, 0.000281
1296, 0.000469, 0.000296, 0.000293
1297, 0.000470, 0.000305, 0.000301
1298, 0.000473, 0.000286, 0.000282
1299, 0.000472, 0.000301, 0.000298
1300, 0.000470, 0.000297, 0.000292
1301, 0.000468, 0.000283, 0.000280
1302, 0.000471, 0.000315, 0.000311
1303, 0.000473, 0.000281, 0.000278
1304, 0.000476, 0.000300, 0.000295
1305, 0.000470, 0.000295, 0.000292
1306, 0.000470, 0.000284, 0.000281
1307, 0.000469, 0.000305, 0.000300
1308, 0.000472, 0.000284, 0.000283
1309, 0.000473, 0.000304, 0.000299
1310, 0.000469, 0.000290, 0.000287
1311, 0.000469, 0.000285, 0.000283
1312, 0.000467, 0.000304, 0.000299
1313, 0.000469, 0.000282, 0.000279
1314, 0.000471, 0.000305, 0.000301
1315, 0.000469, 0.000286, 0.000282
1316, 0.000464, 0.000290, 0.000287
1317, 0.000468, 0.000299, 0.000294
1318, 0.000468, 0.000285, 0.000282
1319, 0.000467, 0.000291, 0.000289
1320, 0.000468, 0.000304, 0.000300
1321, 0.000468, 0.000281, 0.000281
1322, 0.000471, 0.000314, 0.000310
1323, 0.000470, 0.000280, 0.000278
1324, 0.000465, 0.000290, 0.000287
1325, 0.000465, 0.000294, 0.000291
1326, 0.000466, 0.000285, 0.000282
1327, 0.000463, 0.000288, 0.000286
1328, 0.000467, 0.000293, 0.000290
1329, 0.000464, 0.000290, 0.000286
1330, 0.000464, 0.000289, 0.000286
1331, 0.000463, 0.000296, 0.000292
1332, 0.000466, 0.000285, 0.000282
1333, 0.000463, 0.000297, 0.000293
1334, 0.000464, 0.000285, 0.000282
1335, 0.000464, 0.000292, 0.000287
1336, 0.000463, 0.000289, 0.000286
1337, 0.000464, 0.000289, 0.000287
1338, 0.000467, 0.000290, 0.000286
1339, 0.000463, 0.000288, 0.000285
1340, 0.000464, 0.000291, 0.000288
1341, 0.000463, 0.000282, 0.000277
1342, 0.000467, 0.000296, 0.000292
1343, 0.000463, 0.000288, 0.000285
1344, 0.000464, 0.000285, 0.000281
1345, 0.000464, 0.000291, 0.000289
1346, 0.000463, 0.000290, 0.000287
1347, 0.000463, 0.000284, 0.000280
1348, 0.000463, 0.000297, 0.000295
1349, 0.000464, 0.000283, 0.000280
1350, 0.000462, 0.000292, 0.000287
1351, 0.000462, 0.000291, 0.000288
1352, 0.000463, 0.000285, 0.000282
1353, 0.000463, 0.000301, 0.000296
1354, 0.000467, 0.000280, 0.000279
1355, 0.000467, 0.000313, 0.000308
1356, 0.000468, 0.000277, 0.000275
1357, 0.000465, 0.000300, 0.000298
1358, 0.000464, 0.000285, 0.000282
1359, 0.000462, 0.000284, 0.000282
1360, 0.000461, 0.000303, 0.000300
1361, 0.000464, 0.000272, 0.000269
1362, 0.000468, 0.000316, 0.000312
1363, 0.000466, 0.000276, 0.000273
1364, 0.000463, 0.000291, 0.000287
1365, 0.000462, 0.000293, 0.000291
1366, 0.000461, 0.000282, 0.000278
1367, 0.000462, 0.000289, 0.000285
1368, 0.000462, 0.000293, 0.000291
1369, 0.000465, 0.000287, 0.000282
1370, 0.000464, 0.000288, 0.000285
1371, 0.000458, 0.000288, 0.000284
1372, 0.000460, 0.000291, 0.000285
1373, 0.000460, 0.000284, 0.000281
1374, 0.000461, 0.000293, 0.000288
1375, 0.000460, 0.000284, 0.000280
1376, 0.000459, 0.000286, 0.000284
1377, 0.000458, 0.000286, 0.000283
1378, 0.000459, 0.000282, 0.000279
1379, 0.000460, 0.000292, 0.000289
1380, 0.000460, 0.000276, 0.000273
1381, 0.000458, 0.000292, 0.000288
1382, 0.000458, 0.000287, 0.000283
1383, 0.000457, 0.000285, 0.000281
1384, 0.000459, 0.000287, 0.000284
1385, 0.000459, 0.000279, 0.000275
1386, 0.000457, 0.000290, 0.000287
1387, 0.000460, 0.000281, 0.000277
1388, 0.000459, 0.000294, 0.000290
1389, 0.000457, 0.000281, 0.000278
1390, 0.000456, 0.000290, 0.000286
1391, 0.000456, 0.000285, 0.000281
1392, 0.000458, 0.000288, 0.000284
1393, 0.000455, 0.000278, 0.000274
1394, 0.000455, 0.000292, 0.000289
1395, 0.000457, 0.000284, 0.000280
1396, 0.000455, 0.000284, 0.000281
1397, 0.000457, 0.000289, 0.000286
1398, 0.000456, 0.000282, 0.000277
1399, 0.000457, 0.000292, 0.000288
1400, 0.000456, 0.000282, 0.000278
1401, 0.000454, 0.000282, 0.000277
1402, 0.000456, 0.000294, 0.000290
1403, 0.000457, 0.000278, 0.000275
1404, 0.000455, 0.000294, 0.000290
1405, 0.000457, 0.000279, 0.000277
1406, 0.000455, 0.000286, 0.000283
1407, 0.000454, 0.000289, 0.000284
1408, 0.000453, 0.000281, 0.000280
1409, 0.000458, 0.000308, 0.000302
1410, 0.000462, 0.000270, 0.000268
1411, 0.000459, 0.000318, 0.000314
1412, 0.000460, 0.000271, 0.000267
1413, 0.000460, 0.000289, 0.000285
1414, 0.000452, 0.000294, 0.000290
1415, 0.000457, 0.000269, 0.000265
1416, 0.000459, 0.000316, 0.000311
1417, 0.000461, 0.000270, 0.000268
1418, 0.000459, 0.000303, 0.000297
1419, 0.000459, 0.000285, 0.000283
1420, 0.000458, 0.000283, 0.000279
1421, 0.000452, 0.000294, 0.000289
1422, 0.000456, 0.000277, 0.000275
1423, 0.000459, 0.000307, 0.000301
1424, 0.000459, 0.000270, 0.000266
1425, 0.000455, 0.000295, 0.000291
1426, 0.000454, 0.000286, 0.000281
1427, 0.000451, 0.000272, 0.000268
1428, 0.000454, 0.000311, 0.000307
1429, 0.000457, 0.000267, 0.000264
1430, 0.000461, 0.000311, 0.000306
1431, 0.000457, 0.000272, 0.000270
1432, 0.000454, 0.000283, 0.000278
1433, 0.000455, 0.000298, 0.000293
1434, 0.000454, 0.000270, 0.000268
1435, 0.000458, 0.000313, 0.000307
1436, 0.000458, 0.000269, 0.000267
1437, 0.000459, 0.000308, 0.000303
1438, 0.000455, 0.000270, 0.000267
1439, 0.000453, 0.000280, 0.000276
1440, 0.000452, 0.000302, 0.000296
1441, 0.000454, 0.000267, 0.000264
1442, 0.000458, 0.000311, 0.000306
1443, 0.000456, 0.000268, 0.000265
1444, 0.000455, 0.000286, 0.000281
1445, 0.000450, 0.000285, 0.000282
1446, 0.000449, 0.000267, 0.000264
1447, 0.000456, 0.000315, 0.000309
1448, 0.000457, 0.000267, 0.000264
1449, 0.000456, 0.000294, 0.000289
1450, 0.000449, 0.000286, 0.000282
1451, 0.000452, 0.000267, 0.000265
1452, 0.000454, 0.000322, 0.000316
1453, 0.000459, 0.000265, 0.000262
1454, 0.000457, 0.000297, 0.000291
1455, 0.000450, 0.000281, 0.000277
1456, 0.000449, 0.000267, 0.000263
1457, 0.000450, 0.000297, 0.000292
1458, 0.000451, 0.000269, 0.000266
1459, 0.000452, 0.000296, 0.000291
1460, 0.000453, 0.000274, 0.000270
1461, 0.000447, 0.000274, 0.000271
1462, 0.000447, 0.000292, 0.000286
1463, 0.000450, 0.000266, 0.000263
1464, 0.000454, 0.000298, 0.000293
1465, 0.000450, 0.000270, 0.000265
1466, 0.000450, 0.000278, 0.000275
1467, 0.000449, 0.000295, 0.000290
1468, 0.000452, 0.000263, 0.000260
1469, 0.000453, 0.000312, 0.000308
1470, 0.000458, 0.000266, 0.000262
1471, 0.000453, 0.000284, 0.000280
1472, 0.000447, 0.000288, 0.000284
1473, 0.000448, 0.000269, 0.000265
1474, 0.000450, 0.000306, 0.000301
1475, 0.000454, 0.000264, 0.000261
1476, 0.000455, 0.000312, 0.000304
1477, 0.000457, 0.000269, 0.000266
1478, 0.000449, 0.000282, 0.000278
1479, 0.000447, 0.000291, 0.000285
1480, 0.000452, 0.000267, 0.000265
1481, 0.000452, 0.000309, 0.000304
1482, 0.000452, 0.000267, 0.000263
1483, 0.000449, 0.000275, 0.000272
1484, 0.000444, 0.000298, 0.000294
1485, 0.000450, 0.000264, 0.000261
1486, 0.000451, 0.000294, 0.000289
1487, 0.000445, 0.000277, 0.000273
1488, 0.000446, 0.000269, 0.000265
1489, 0.000446, 0.000285, 0.000279
1490, 0.000447, 0.000273, 0.000270
1491, 0.000445, 0.000273, 0.000269
1492, 0.000443, 0.000280, 0.000276
1493, 0.000443, 0.000274, 0.000271
1494, 0.000442, 0.000275, 0.000271
1495, 0.000443, 0.000281, 0.000277
1496, 0.000442, 0.000268, 0.000265
1497, 0.000446, 0.000292, 0.000286
1498, 0.000447, 0.000265, 0.000262
1499, 0.000444, 0.000287, 0.000282
1500, 0.000442, 0.000275, 0.000268
1501, 0.000443, 0.000273, 0.000269
1502, 0.000443, 0.000287, 0.000282
1503, 0.000442, 0.000269, 0.000264
1504, 0.000444, 0.000275, 0.000271
1505, 0.000440, 0.000283, 0.000279
1506, 0.000444, 0.000269, 0.000264
1507, 0.000443, 0.000280, 0.000275
1508, 0.000439, 0.000278, 0.000274
1509, 0.000441, 0.000269, 0.000264
1510, 0.000442, 0.000284, 0.000279
1511, 0.000440, 0.000272, 0.000267
1512, 0.000441, 0.000272, 0.000267
1513, 0.000440, 0.000280, 0.000275
1514, 0.000441, 0.000269, 0.000265
1515, 0.000441, 0.000278, 0.000273
1516, 0.000438, 0.000276, 0.000272
1517, 0.000440, 0.000269, 0.000265
1518, 0.000440, 0.000284, 0.000280
1519, 0.000438, 0.000270, 0.000266
1520, 0.000441, 0.000280, 0.000275
1521, 0.000439, 0.000273, 0.000269
1522, 0.000439, 0.000273, 0.000267
1523, 0.000438, 0.000277, 0.000272
1524, 0.000442, 0.000272, 0.000268
1525, 0.000439, 0.000276, 0.000270
1526, 0.000438, 0.000270, 0.000265
1527, 0.000440, 0.000285, 0.000280
1528, 0.000441, 0.000262, 0.000259
1529, 0.000440, 0.000281, 0.000277
1530, 0.000439, 0.000269, 0.000265
1531, 0.000439, 0.000270, 0.000267
1532, 0.000439, 0.000284, 0.000280
1533, 0.000438, 0.000266, 0.000262
1534, 0.000440, 0.000290, 0.000286
1535, 0.000439, 0.000268, 0.000263
1536, 0.000436, 0.000273, 0.000267
1537, 0.000438, 0.000289, 0.000285
1538, 0.000440, 0.000260, 0.000255
1539, 0.000437, 0.000289, 0.000282
1540, 0.000439, 0.000268, 0.000266
1541, 0.000440, 0.000281, 0.000275
1542, 0.000439, 0.000269, 0.000265
1543, 0.000435, 0.000275, 0.000271
1544, 0.000435, 0.000275, 0.000269
1545, 0.000439, 0.000269, 0.000265
1546, 0.000437, 0.000274, 0.000271
1547, 0.000436, 0.000277, 0.000273
1548, 0.000438, 0.000265, 0.000262
1549, 0.000434, 0.000295, 0.000290
1550, 0.000439, 0.000259, 0.000255
1551, 0.000441, 0.000295, 0.000290
1552, 0.000439, 0.000268, 0.000263
1553, 0.000435, 0.000264, 0.000260
1554, 0.000436, 0.000300, 0.000294
1555, 0.000441, 0.000256, 0.000252
1556, 0.000441, 0.000308, 0.000301
1557, 0.000445, 0.000264, 0.000261
1558, 0.000439, 0.000274, 0.000268
1559, 0.000435, 0.000277, 0.000272
1560, 0.000435, 0.000267, 0.000263
1561, 0.000434, 0.000272, 0.000267
1562, 0.000435, 0.000274, 0.000270
1563, 0.000433, 0.000264, 0.000260
1564, 0.000432, 0.000280, 0.000274
1565, 0.000431, 0.000260, 0.000256
1566, 0.000433, 0.000284, 0.000279
1567, 0.000438, 0.000264, 0.000260
1568, 0.000434, 0.000275, 0.000270
1569, 0.000433, 0.000270, 0.000265
1570, 0.000434, 0.000279, 0.000274
1571, 0.000434, 0.000264, 0.000259
1572, 0.000434, 0.000285, 0.000280
1573, 0.000434, 0.000259, 0.000255
1574, 0.000435, 0.000285, 0.000280
1575, 0.000432, 0.000261, 0.000256
1576, 0.000433, 0.000274, 0.000269
1577, 0.000432, 0.000270, 0.000265
1578, 0.000429, 0.000260, 0.000254
1579, 0.000436, 0.000293, 0.000288
1580, 0.000437, 0.000255, 0.000250
1581, 0.000436, 0.000289, 0.000283
1582, 0.000434, 0.000261, 0.000258
1583, 0.000435, 0.000283, 0.000276
1584, 0.000433, 0.000268, 0.000263
1585, 0.000431, 0.000263, 0.000258
1586, 0.000430, 0.000285, 0.000278
1587, 0.000433, 0.000262, 0.000257
1588, 0.000430, 0.000265, 0.000261
1589, 0.000431, 0.000296, 0.000290
1590, 0.000436, 0.000254, 0.000251
1591, 0.000441, 0.000325, 0.000318
1592, 0.000446, 0.000249, 0.000245
1593, 0.000443, 0.000293, 0.000288
1594, 0.000433, 0.000271, 0.000265
1595, 0.000431, 0.000252, 0.000248
1596, 0.000433, 0.000314, 0.000307
1597, 0.000441, 0.000250, 0.000246
1598, 0.000442, 0.000298, 0.000291
1599, 0.000436, 0.000257, 0.000251
1600, 0.000428, 0.000258, 0.000253
1601, 0.000430, 0.000291, 0.000285
1602, 0.000431, 0.000251, 0.000247
1603, 0.000435, 0.000294, 0.000288
1604, 0.000432, 0.000256, 0.000251
1605, 0.000428, 0.000260, 0.000255
1606, 0.000428, 0.000287, 0.000280
1607, 0.000431, 0.000248, 0.000243
1608, 0.000432, 0.000293, 0.000286
1609, 0.000433, 0.000259, 0.000255
1610, 0.000430, 0.000257, 0.000252
1611, 0.000426, 0.000284, 0.000278
1612, 0.000430, 0.000256, 0.000252
1613, 0.000427, 0.000266, 0.000259
1614, 0.000428, 0.000278, 0.000272
1615, 0.000426, 0.000254, 0.000249
1616, 0.000431, 0.000289, 0.000281
1617, 0.000430, 0.000253, 0.000248
1618, 0.000430, 0.000273, 0.000267
1619, 0.000427, 0.000266, 0.000260
1620, 0.000426, 0.000251, 0.000246
1621, 0.000430, 0.000310, 0.000303
1622, 0.000435, 0.000246, 0.000242
1623, 0.000436, 0.000287, 0.000280
1624, 0.000428, 0.000260, 0.000255
1625, 0.000426, 0.000251, 0.000246
1626, 0.000427, 0.000305, 0.000297
1627, 0.000433, 0.000248, 0.000244
1628, 0.000435, 0.000288, 0.000281
1629, 0.000430, 0.000256, 0.000250
1630, 0.000423, 0.000253, 0.000248
1631, 0.000427, 0.000286, 0.000279
1632, 0.000430, 0.000248, 0.000244
1633, 0.000430, 0.000280, 0.000273
1634, 0.000426, 0.000257, 0.000251
1635, 0.000423, 0.000256, 0.000251
1636, 0.000425, 0.000269, 0.000262
1637, 0.000424, 0.000256, 0.000251
1638, 0.000423, 0.000266, 0.000260
1639, 0.000422, 0.000262, 0.000256
1640, 0.000421, 0.000257, 0.000252
1641, 0.000425, 0.000268, 0.000261
1642, 0.000423, 0.000256, 0.000250
1643, 0.000421, 0.000257, 0.000252
1644, 0.000421, 0.000271, 0.000264
1645, 0.000422, 0.000254, 0.000248
1646, 0.000423, 0.000267, 0.000261
1647, 0.000420, 0.000254, 0.000248
1648, 0.000423, 0.000265, 0.000259
1649, 0.000421, 0.000263, 0.000257
1650, 0.000422, 0.000256, 0.000249
1651, 0.000427, 0.000268, 0.000263
1652, 0.000421, 0.000263, 0.000256
1653, 0.000420, 0.000254, 0.000248
1654, 0.000422, 0.000277, 0.000271
1655, 0.000422, 0.000254, 0.000248
1656, 0.000416, 0.000257, 0.000250
1657, 0.000422, 0.000276, 0.000271
1658, 0.000425, 0.000250, 0.000243
1659, 0.000423, 0.000270, 0.000262
1660, 0.000420, 0.000261, 0.000256
1661, 0.000422, 0.000257, 0.000251
1662, 0.000421, 0.000271, 0.000265
1663, 0.000420, 0.000256, 0.000252
1664, 0.000423, 0.000269, 0.000261
1665, 0.000419, 0.000255, 0.000249
1666, 0.000420, 0.000267, 0.000261
1667, 0.000421, 0.000258, 0.000251
1668, 0.000419, 0.000257, 0.000251
1669, 0.000419, 0.000264, 0.000257
1670, 0.000418, 0.000249, 0.000242
1671, 0.000421, 0.000276, 0.000268
1672, 0.000422, 0.000246, 0.000240
1673, 0.000419, 0.000281, 0.000274
1674, 0.000422, 0.000248, 0.000243
1675, 0.000421, 0.000273, 0.000266
1676, 0.000417, 0.000261, 0.000254
1677, 0.000414, 0.000247, 0.000241
1678, 0.000418, 0.000281, 0.000273
1679, 0.000419, 0.000244, 0.000238
1680, 0.000420, 0.000276, 0.000269
1681, 0.000418, 0.000254, 0.000248
1682, 0.000416, 0.000251, 0.000245
1683, 0.000414, 0.000283, 0.000275
1684, 0.000420, 0.000240, 0.000234
1685, 0.000423, 0.000287, 0.000278
1686, 0.000420, 0.000249, 0.000243
1687, 0.000415, 0.000252, 0.000245
1688, 0.000415, 0.000278, 0.000271
1689, 0.000416, 0.000244, 0.000239
1690, 0.000417, 0.000278, 0.000271
1691, 0.000418, 0.000252, 0.000246
1692, 0.000413, 0.000250, 0.000244
1693, 0.000414, 0.000285, 0.000276
1694, 0.000418, 0.000242, 0.000236
1695, 0.000418, 0.000280, 0.000271
1696, 0.000415, 0.000245, 0.000239
1697, 0.000415, 0.000259, 0.000251
1698, 0.000412, 0.000260, 0.000253
1699, 0.000413, 0.000244, 0.000238
1700, 0.000416, 0.000278, 0.000270
1701, 0.000415, 0.000245, 0.000239
1702, 0.000414, 0.000266, 0.000258
1703, 0.000414, 0.000258, 0.000251
1704, 0.000413, 0.000246, 0.000240
1705, 0.000411, 0.000272, 0.000264
1706, 0.000412, 0.000246, 0.000239
1707, 0.000413, 0.000267, 0.000258
1708, 0.000412, 0.000253, 0.000245
1709, 0.000411, 0.000253, 0.000246
1710, 0.000410, 0.000262, 0.000254
1711, 0.000410, 0.000248, 0.000241
1712, 0.000410, 0.000257, 0.000250
1713, 0.000412, 0.000258, 0.000251
1714, 0.000410, 0.000251, 0.000244
1715, 0.000409, 0.000262, 0.000256
1716, 0.000411, 0.000253, 0.000247
1717, 0.000410, 0.000244, 0.000238
1718, 0.000412, 0.000281, 0.000273
1719, 0.000414, 0.000236, 0.000230
1720, 0.000418, 0.000290, 0.000282
1721, 0.000418, 0.000239, 0.000232
1722, 0.000411, 0.000257, 0.000249
1723, 0.000409, 0.000266, 0.000258
1724, 0.000409, 0.000239, 0.000232
1725, 0.000414, 0.000282, 0.000273
1726, 0.000413, 0.000240, 0.000234
1727, 0.000409, 0.000262, 0.000255
1728, 0.000409, 0.000251, 0.000244
1729, 0.000407, 0.000251, 0.000244
1730, 0.000405, 0.000265, 0.000258
1731, 0.000408, 0.000243, 0.000236
1732, 0.000411, 0.000275, 0.000267
1733, 0.000412, 0.000240, 0.000233
1734, 0.000409, 0.000268, 0.000259
1735, 0.000406, 0.000247, 0.000239
1736, 0.000406, 0.000248, 0.000241
1737, 0.000407, 0.000268, 0.000259
1738, 0.000408, 0.000237, 0.000231
1739, 0.000409, 0.000272, 0.000264
1740, 0.000408, 0.000244, 0.000237
1741, 0.000407, 0.000254, 0.000246
1742, 0.000405, 0.000250, 0.000243
1743, 0.000406, 0.000255, 0.000247
1744, 0.000403, 0.000253, 0.000245
1745, 0.000406, 0.000256, 0.000249
1746, 0.000406, 0.000254, 0.000246
1747, 0.000403, 0.000246, 0.000237
1748, 0.000407, 0.000269, 0.000261
1749, 0.000409, 0.000244, 0.000235
1750, 0.000405, 0.000266, 0.000257
1751, 0.000406, 0.000247, 0.000240
1752, 0.000404, 0.000259, 0.000250
1753, 0.000406, 0.000252, 0.000244
1754, 0.000404, 0.000246, 0.000239
1755, 0.000403, 0.000259, 0.000251
1756, 0.000404, 0.000247, 0.000241
1757, 0.000407, 0.000262, 0.000253
1758, 0.000404, 0.000244, 0.000237
1759, 0.000404, 0.000258, 0.000251
1760, 0.000405, 0.000254, 0.000246
1761, 0.000404, 0.000241, 0.000233
1762, 0.000403, 0.000268, 0.000260
1763, 0.000405, 0.000242, 0.000233
1764, 0.000405, 0.000262, 0.000254
1765, 0.000402, 0.000246, 0.000238
1766, 0.000403, 0.000255, 0.000245
1767, 0.000402, 0.000262, 0.000253
1768, 0.000404, 0.000234, 0.000227
1769, 0.000405, 0.000277, 0.000267
1770, 0.000407, 0.000235, 0.000228
1771, 0.000403, 0.000260, 0.000251
1772, 0.000402, 0.000251, 0.000242
1773, 0.000400, 0.000240, 0.000232
1774, 0.000401, 0.000269, 0.000259
1775, 0.000403, 0.000234, 0.000226
1776, 0.000404, 0.000279, 0.000268
1777, 0.000404, 0.000235, 0.000227
1778, 0.000403, 0.000262, 0.000254
1779, 0.000400, 0.000248, 0.000240
1780, 0.000398, 0.000246, 0.000239
1781, 0.000399, 0.000259, 0.000251
1782, 0.000401, 0.000236, 0.000228
1783, 0.000402, 0.000270, 0.000261
1784, 0.000402, 0.000234, 0.000226
1785, 0.000402, 0.000261, 0.000251
1786, 0.000403, 0.000245, 0.000237
1787, 0.000400, 0.000241, 0.000233
1788, 0.000399, 0.000262, 0.000252
1789, 0.000400, 0.000230, 0.000223
1790, 0.000402, 0.000274, 0.000264
1791, 0.000400, 0.000236, 0.000228
1792, 0.000398, 0.000243, 0.000235
1793, 0.000396, 0.000269, 0.000260
1794, 0.000398, 0.000228, 0.000221
1795, 0.000403, 0.000281, 0.000270
1796, 0.000403, 0.000228, 0.000220
1797, 0.000400, 0.000259, 0.000249
1798, 0.000396, 0.000250, 0.000241
1799, 0.000395, 0.000235, 0.000226
1800, 0.000398, 0.000279, 0.000267
1801, 0.000401, 0.000228, 0.000221
1802, 0.000399, 0.000263, 0.000253
1803, 0.000397, 0.000243, 0.000234
1804, 0.000397, 0.000241, 0.000232
1805, 0.000395, 0.000255, 0.000245
1806, 0.000395, 0.000237, 0.000229
1807, 0.000395, 0.000250, 0.000241
1808, 0.000395, 0.000246, 0.000237
1809, 0.000394, 0.000236, 0.000228
1810, 0.000395, 0.000255, 0.000245
1811, 0.000394, 0.000243, 0.000233
1812, 0.000393, 0.000238, 0.000229
1813, 0.000395, 0.000248, 0.000239
1814, 0.000394, 0.000242, 0.000233
1815, 0.000393, 0.000241, 0.000232
1816, 0.000393, 0.000255, 0.000246
1817, 0.000394, 0.000236, 0.000227
1818, 0.000394, 0.000254, 0.000244
1819, 0.000393, 0.000241, 0.000233
1820, 0.000390, 0.000240, 0.000230
1821, 0.000392, 0.000246, 0.000237
1822, 0.000391, 0.000238, 0.000229
1823, 0.000391, 0.000252, 0.000242
1824, 0.000391, 0.000240, 0.000230
1825, 0.000390, 0.000247, 0.000237
1826, 0.000389, 0.000246, 0.000236
1827, 0.000388, 0.000241, 0.000231
1828, 0.000390, 0.000252, 0.000241
1829, 0.000390, 0.000242, 0.000232
1830, 0.000393, 0.000244, 0.000234
1831, 0.000391, 0.000254, 0.000244
1832, 0.000393, 0.000228, 0.000219
1833, 0.000392, 0.000268, 0.000259
1834, 0.000393, 0.000228, 0.000220
1835, 0.000390, 0.000245, 0.000236
1836, 0.000388, 0.000257, 0.000248
1837, 0.000390, 0.000219, 0.000210
1838, 0.000400, 0.000302, 0.000290
1839, 0.000402, 0.000220, 0.000212
1840, 0.000399, 0.000273, 0.000261
1841, 0.000392, 0.000235, 0.000226
1842, 0.000389, 0.000232, 0.000223
1843, 0.000390, 0.000285, 0.000273
1844, 0.000396, 0.000222, 0.000214
1845, 0.000403, 0.000295, 0.000283
1846, 0.000403, 0.000218, 0.000209
1847, 0.000398, 0.000271, 0.000262
1848, 0.000393, 0.000235, 0.000225
1849, 0.000387, 0.000230, 0.000221
1850, 0.000390, 0.000275, 0.000264
1851, 0.000395, 0.000218, 0.000209
1852, 0.000397, 0.000287, 0.000275
1853, 0.000402, 0.000223, 0.000215
1854, 0.000394, 0.000248, 0.000237
1855, 0.000389, 0.000246, 0.000236
1856, 0.000387, 0.000225, 0.000216
1857, 0.000390, 0.000266, 0.000254
1858, 0.000390, 0.000228, 0.000219
1859, 0.000387, 0.000240, 0.000230
1860, 0.000386, 0.000251, 0.000240
1861, 0.000389, 0.000224, 0.000216
1862, 0.000391, 0.000267, 0.000256
1863, 0.000389, 0.000222, 0.000212
1864, 0.000392, 0.000251, 0.000242
1865, 0.000389, 0.000240, 0.000229
1866, 0.000385, 0.000226, 0.000215
1867, 0.000390, 0.000261, 0.000250
1868, 0.000389, 0.000225, 0.000216
1869, 0.000384, 0.000239, 0.000227
1870, 0.000387, 0.000245, 0.000235
1871, 0.000386, 0.000227, 0.000218
1872, 0.000386, 0.000245, 0.000234
1873, 0.000384, 0.000234, 0.000226
1874, 0.000385, 0.000239, 0.000229
1875, 0.000385, 0.000239, 0.000228
1876, 0.000383, 0.000231, 0.000222
1877, 0.000385, 0.000249, 0.000237
1878, 0.000387, 0.000221, 0.000211
1879, 0.000385, 0.000264, 0.000251
1880, 0.000387, 0.000219, 0.000209
1881, 0.000385, 0.000255, 0.000243
1882, 0.000381, 0.000228, 0.000218
1883, 0.000380, 0.000232, 0.000221
1884, 0.000380, 0.000240, 0.000229
1885, 0.000380, 0.000224, 0.000215
1886, 0.000382, 0.000244, 0.000234
1887, 0.000382, 0.000232, 0.000223
1888, 0.000379, 0.000224, 0.000215
1889, 0.000382, 0.000261, 0.000249
1890, 0.000383, 0.000219, 0.000209
1891, 0.000384, 0.000248, 0.000235
1892, 0.000380, 0.000231, 0.000220
1893, 0.000380, 0.000234, 0.000223
1894, 0.000380, 0.000234, 0.000223
1895, 0.000378, 0.000237, 0.000226
1896, 0.000381, 0.000226, 0.000216
1897, 0.000378, 0.000242, 0.000231
1898, 0.000380, 0.000227, 0.000217
1899, 0.000377, 0.000235, 0.000225
1900, 0.000377, 0.000235, 0.000224
1901, 0.000376, 0.000222, 0.000212
1902, 0.000379, 0.000253, 0.000242
1903, 0.000381, 0.000221, 0.000211
1904, 0.000379, 0.000242, 0.000230
1905, 0.000378, 0.000226, 0.000215
1906, 0.000376, 0.000238, 0.000227
1907, 0.000377, 0.000233, 0.000221
1908, 0.000374, 0.000226, 0.000216
1909, 0.000377, 0.000249, 0.000237
1910, 0.000378, 0.000220, 0.000209
1911, 0.000378, 0.000249, 0.000237
1912, 0.000377, 0.000226, 0.000214
1913, 0.000378, 0.000232, 0.000220
1914, 0.000375, 0.000243, 0.000231
1915, 0.000376, 0.000219, 0.000209
1916, 0.000377, 0.000248, 0.000235
1917, 0.000378, 0.000218, 0.000207
1918, 0.000376, 0.000240, 0.000228
1919, 0.000375, 0.000240, 0.000227
1920, 0.000376, 0.000217, 0.000207
1921, 0.000377, 0.000260, 0.000247
1922, 0.000379, 0.000214, 0.000203
1923, 0.000379, 0.000261, 0.000248
1924, 0.000378, 0.000216, 0.000206
1925, 0.000379, 0.000251, 0.000239
1926, 0.000377, 0.000224, 0.000213
1927, 0.000377, 0.000242, 0.000230
1928, 0.000372, 0.000220, 0.000209
1929, 0.000372, 0.000242, 0.000230
1930, 0.000374, 0.000224, 0.000212
1931, 0.000375, 0.000227, 0.000215
1932, 0.000373, 0.000249, 0.000235
1933, 0.000376, 0.000217, 0.000207
1934, 0.000376, 0.000245, 0.000232
1935, 0.000375, 0.000226, 0.000215
1936, 0.000372, 0.000227, 0.000216
1937, 0.000370, 0.000234, 0.000222
1938, 0.000371, 0.000226, 0.000215
1939, 0.000372, 0.000229, 0.000217
1940, 0.000371, 0.000231, 0.000219
1941, 0.000371, 0.000227, 0.000216
1942, 0.000370, 0.000236, 0.000224
1943, 0.000372, 0.000229, 0.000217
1944, 0.000369, 0.000222, 0.000210
1945, 0.000370, 0.000244, 0.000231
1946, 0.000374, 0.000215, 0.000205
1947, 0.000371, 0.000246, 0.000235
1948, 0.000369, 0.000221, 0.000210
1949, 0.000372, 0.000224, 0.000213
1950, 0.000370, 0.000250, 0.000238
1951, 0.000371, 0.000208, 0.000198
1952, 0.000375, 0.000272, 0.000258
1953, 0.000378, 0.000205, 0.000195
1954, 0.000381, 0.000270, 0.000257
1955, 0.000376, 0.000217, 0.000205
1956, 0.000369, 0.000224, 0.000212
1957, 0.000369, 0.000255, 0.000242
1958, 0.000372, 0.000206, 0.000196
1959, 0.000374, 0.000267, 0.000253
1960, 0.000375, 0.000209, 0.000198
1961, 0.000373, 0.000246, 0.000233
1962, 0.000367, 0.000222, 0.000210
1963, 0.000366, 0.000216, 0.000204
1964, 0.000369, 0.000257, 0.000243
1965, 0.000373, 0.000206, 0.000195
1966, 0.000373, 0.000249, 0.000236
1967, 0.000369, 0.000220, 0.000209
1968, 0.000367, 0.000214, 0.000203
1969, 0.000371, 0.000264, 0.000250
1970, 0.000374, 0.000204, 0.000194
1971, 0.000375, 0.000257, 0.000243
1972, 0.000370, 0.000221, 0.000209
1973, 0.000365, 0.000212, 0.000201
1974, 0.000368, 0.000260, 0.000246
1975, 0.000373, 0.000203, 0.000192
1976, 0.000376, 0.000269, 0.000255
1977, 0.000374, 0.000204, 0.000192
1978, 0.000371, 0.000243, 0.000231
1979, 0.000368, 0.000224, 0.000212
1980, 0.000364, 0.000210, 0.000199
1981, 0.000367, 0.000250, 0.000238
1982, 0.000370, 0.000207, 0.000196
1983, 0.000366, 0.000230, 0.000217
1984, 0.000366, 0.000226, 0.000214
1985, 0.000364, 0.000211, 0.000200
1986, 0.000366, 0.000240, 0.000228
1987, 0.000364, 0.000213, 0.000202
1988, 0.000365, 0.000229, 0.000218
1989, 0.000363, 0.000220, 0.000208
1990, 0.000366, 0.000223, 0.000212
1991, 0.000366, 0.000228, 0.000215
1992, 0.000361, 0.000220, 0.000207
1993, 0.000363, 0.000226, 0.000213
1994, 0.000364, 0.000229, 0.000216
1995, 0.000364, 0.000214, 0.000202
1996, 0.000364, 0.000232, 0.000219
1997, 0.000364, 0.000213, 0.000201
1998, 0.000362, 0.000230, 0.000217
1999, 0.000364, 0.000216, 0.000204
2000, 0.000361, 0.000219, 0.000206
2001, 0.000360, 0.000233, 0.000220
2002, 0.000361, 0.000209, 0.000197
2003, 0.000364, 0.000239, 0.000225
2004, 0.000363, 0.000213, 0.000201
2005, 0.000361, 0.000219, 0.000206
2006, 0.000359, 0.000230, 0.000216
2007, 0.000361, 0.000213, 0.000202
2008, 0.000362, 0.000238, 0.000224
2009, 0.000361, 0.000210, 0.000198
2010, 0.000364, 0.000232, 0.000220
2011, 0.000364, 0.000223, 0.000209
2012, 0.000362, 0.000215, 0.000202
2013, 0.000362, 0.000239, 0.000226
2014, 0.000362, 0.000209, 0.000196
2015, 0.000363, 0.000243, 0.000229
2016, 0.000361, 0.000213, 0.000201
2017, 0.000361, 0.000226, 0.000212
2018, 0.000360, 0.000232, 0.000218
2019, 0.000360, 0.000206, 0.000193
2020, 0.000359, 0.000247, 0.000232
2021, 0.000364, 0.000198, 0.000185
2022, 0.000365, 0.000259, 0.000244
2023, 0.000365, 0.000204, 0.000191
2024, 0.000363, 0.000224, 0.000211
2025, 0.000356, 0.000236, 0.000223
2026, 0.000358, 0.000204, 0.000192
2027, 0.000363, 0.000251, 0.000237
2028, 0.000363, 0.000196, 0.000185
2029, 0.000370, 0.000265, 0.000250
2030, 0.000368, 0.000202, 0.000190
2031, 0.000364, 0.000241, 0.000228
2032, 0.000359, 0.000213, 0.000200
2033, 0.000356, 0.000216, 0.000204
2034, 0.000356, 0.000229, 0.000215
2035, 0.000358, 0.000205, 0.000192
2036, 0.000357, 0.000235, 0.000222
2037, 0.000357, 0.000207, 0.000194
2038, 0.000357, 0.000236, 0.000222
2039, 0.000358, 0.000206, 0.000195
2040, 0.000360, 0.000232, 0.000217
2041, 0.000359, 0.000208, 0.000195
2042, 0.000356, 0.000220, 0.000207
2043, 0.000354, 0.000222, 0.000207
2044, 0.000358, 0.000210, 0.000197
2045, 0.000356, 0.000226, 0.000213
2046, 0.000354, 0.000211, 0.000198
2047, 0.000356, 0.000216, 0.000204
2048, 0.000355, 0.000230, 0.000217
2049, 0.000356, 0.000198, 0.000186
2050, 0.000356, 0.000251, 0.000236
2051, 0.000358, 0.000197, 0.000185
2052, 0.000357, 0.000233, 0.000218
2053, 0.000353, 0.000212, 0.000198
2054, 0.000355, 0.000218, 0.000204
2055, 0.000353, 0.000213, 0.000199
2056, 0.000352, 0.000219, 0.000205
2057, 0.000355, 0.000209, 0.000195
2058, 0.000353, 0.000230, 0.000216
2059, 0.000355, 0.000206, 0.000193
2060, 0.000355, 0.000232, 0.000217
2061, 0.000353, 0.000207, 0.000194
2062, 0.000352, 0.000220, 0.000206
2063, 0.000352, 0.000215, 0.000200
2064, 0.000350, 0.000209, 0.000196
2065, 0.000349, 0.000225, 0.000211
2066, 0.000350, 0.000207, 0.000193
2067, 0.000356, 0.000228, 0.000214
2068, 0.000355, 0.000211, 0.000197
2069, 0.000352, 0.000220, 0.000204
2070, 0.000350, 0.000212, 0.000199
2071, 0.000352, 0.000222, 0.000208
2072, 0.000352, 0.000211, 0.000197
2073, 0.000352, 0.000222, 0.000208
2074, 0.000351, 0.000215, 0.000203
2075, 0.000349, 0.000214, 0.000200
2076, 0.000353, 0.000228, 0.000215
2077, 0.000353, 0.000204, 0.000191
2078, 0.000351, 0.000222, 0.000207
2079, 0.000351, 0.000216, 0.000202
2080, 0.000350, 0.000206, 0.000192
2081, 0.000347, 0.000238, 0.000222
2082, 0.000351, 0.000198, 0.000186
2083, 0.000354, 0.000245, 0.000229
2084, 0.000354, 0.000202, 0.000188
2085, 0.000353, 0.000228, 0.000215
2086, 0.000353, 0.000219, 0.000205
2087, 0.000350, 0.000206, 0.000193
2088, 0.000348, 0.000231, 0.000218
2089, 0.000351, 0.000209, 0.000195
2090, 0.000349, 0.000224, 0.000210
2091, 0.000349, 0.000204, 0.000191
2092, 0.000348, 0.000223, 0.000208
2093, 0.000349, 0.000207, 0.000193
2094, 0.000347, 0.000215, 0.000201
2095, 0.000346, 0.000218, 0.000202
2096, 0.000347, 0.000209, 0.000196
2097, 0.000347, 0.000217, 0.000203
2098, 0.000346, 0.000210, 0.000195
2099, 0.000349, 0.000212, 0.000199
2100, 0.000347, 0.000222, 0.000208
2101, 0.000346, 0.000205, 0.000191
2102, 0.000349, 0.000242, 0.000228
2103, 0.000350, 0.000190, 0.000177
2104, 0.000351, 0.000254, 0.000237
2105, 0.000355, 0.000197, 0.000185
2106, 0.000354, 0.000239, 0.000223
2107, 0.000348, 0.000204, 0.000190
2108, 0.000345, 0.000209, 0.000196
2109, 0.000344, 0.000228, 0.000213
2110, 0.000347, 0.000199, 0.000185
2111, 0.000346, 0.000225, 0.000211
2112, 0.000346, 0.000207, 0.000192
2113, 0.000346, 0.000216, 0.000201
2114, 0.000344, 0.000214, 0.000200
2115, 0.000346, 0.000214, 0.000199
2116, 0.000345, 0.000217, 0.000202
2117, 0.000341, 0.000209, 0.000195
2118, 0.000345, 0.000217, 0.000201
2119, 0.000344, 0.000217, 0.000203
2120, 0.000344, 0.000203, 0.000189
2121, 0.000343, 0.000228, 0.000213
2122, 0.000341, 0.000200, 0.000187
2123, 0.000346, 0.000213, 0.000198
2124, 0.000343, 0.000208, 0.000194
2125, 0.000341, 0.000201, 0.000187
2126, 0.000343, 0.000223, 0.000208
2127, 0.000344, 0.000196, 0.000182
2128, 0.000343, 0.000234, 0.000219
2129, 0.000345, 0.000200, 0.000185
2130, 0.000343, 0.000229, 0.000214
2131, 0.000343, 0.000205, 0.000190
2132, 0.000343, 0.000217, 0.000201
2133, 0.000343, 0.000211, 0.000197
2134, 0.000340, 0.000205, 0.000192
2135, 0.000340, 0.000220, 0.000205
2136, 0.000340, 0.000197, 0.000183
2137, 0.000342, 0.000226, 0.000211
2138, 0.000341, 0.000196, 0.000181
2139, 0.000342, 0.000218, 0.000202
2140, 0.000339, 0.000222, 0.000206
2141, 0.000342, 0.000191, 0.000176
2142, 0.000346, 0.000264, 0.000248
2143, 0.000349, 0.000183, 0.000170
2144, 0.000350, 0.000263, 0.000247
2145, 0.000350, 0.000192, 0.000179
2146, 0.000347, 0.000227, 0.000213
2147, 0.000339, 0.000212, 0.000197
2148, 0.000339, 0.000196, 0.000182
2149, 0.000340, 0.000231, 0.000215
2150, 0.000341, 0.000193, 0.000179
2151, 0.000343, 0.000221, 0.000206
2152, 0.000339, 0.000205, 0.000190
2153, 0.000338, 0.000201, 0.000186
2154, 0.000337, 0.000220, 0.000205
2155, 0.000339, 0.000198, 0.000183
2156, 0.000337, 0.000214, 0.000199
2157, 0.000337, 0.000206, 0.000192
2158, 0.000338, 0.000201, 0.000186
2159, 0.000338, 0.000223, 0.000209
2160, 0.000339, 0.000197, 0.000182
2161, 0.000339, 0.000227, 0.000211
2162, 0.000341, 0.000195, 0.000181
2163, 0.000340, 0.000229, 0.000212
2164, 0.000340, 0.000202, 0.000187
2165, 0.000340, 0.000212, 0.000198
2166, 0.000337, 0.000207, 0.000192
2167, 0.000336, 0.000220, 0.000204
2168, 0.000341, 0.000200, 0.000186
2169, 0.000340, 0.000229, 0.000212
2170, 0.000340, 0.000198, 0.000183
2171, 0.000341, 0.000226, 0.000210
2172, 0.000338, 0.000198, 0.000183
2173, 0.000339, 0.000227, 0.000213
2174, 0.000340, 0.000198, 0.000183
2175, 0.000337, 0.000219, 0.000203
2176, 0.000336, 0.000201, 0.000187
2177, 0.000338, 0.000217, 0.000201
2178, 0.000333, 0.000198, 0.000183
2179, 0.000334, 0.000216, 0.000201
2180, 0.000336, 0.000199, 0.000183
2181, 0.000335, 0.000217, 0.000201
2182, 0.000336, 0.000199, 0.000183
2183, 0.000333, 0.000214, 0.000196
2184, 0.000335, 0.000199, 0.000184
2185, 0.000335, 0.000217, 0.000201
2186, 0.000332, 0.000204, 0.000189
2187, 0.000334, 0.000211, 0.000197
2188, 0.000334, 0.000212, 0.000197
2189, 0.000333, 0.000194, 0.000179
2190, 0.000335, 0.000232, 0.000216
2191, 0.000336, 0.000190, 0.000175
2192, 0.000336, 0.000229, 0.000212
2193, 0.000336, 0.000195, 0.000180
2194, 0.000336, 0.000209, 0.000193
2195, 0.000333, 0.000209, 0.000194
2196, 0.000333, 0.000202, 0.000187
2197, 0.000331, 0.000225, 0.000208
2198, 0.000335, 0.000188, 0.000173
2199, 0.000337, 0.000234, 0.000218
2200, 0.000335, 0.000188, 0.000174
2201, 0.000335, 0.000226, 0.000211
2202, 0.000336, 0.000194, 0.000179
2203, 0.000331, 0.000216, 0.000200
2204, 0.000330, 0.000205, 0.000190
2205, 0.000333, 0.000202, 0.000186
2206, 0.000332, 0.000223, 0.000207
2207, 0.000331, 0.000186, 0.000171
2208, 0.000335, 0.000252, 0.000234
2209, 0.000337, 0.000182, 0.000167
2210, 0.000336, 0.000234, 0.000217
2211, 0.000333, 0.000197, 0.000181
2212, 0.000332, 0.000196, 0.000181
2213, 0.000333, 0.000229, 0.000213
2214, 0.000332, 0.000183, 0.000168
2215, 0.000334, 0.000241, 0.000224
2216, 0.000336, 0.000180, 0.000165
2217, 0.000333, 0.000224, 0.000208
2218, 0.000331, 0.000204, 0.000188
2219, 0.000329, 0.000192, 0.000177
2220, 0.000331, 0.000236, 0.000219
2221, 0.000333, 0.000184, 0.000168
2222, 0.000334, 0.000234, 0.000216
2223, 0.000333, 0.000191, 0.000176
2224, 0.000333, 0.000221, 0.000205
2225, 0.000331, 0.000202, 0.000186
2226, 0.000328, 0.000199, 0.000183
2227, 0.000328, 0.000214, 0.000197
2228, 0.000328, 0.000189, 0.000173
2229, 0.000331, 0.000224, 0.000206
2230, 0.000329, 0.000186, 0.000170
2231, 0.000331, 0.000228, 0.000209
2232, 0.000330, 0.000189, 0.000174
2233, 0.000330, 0.000215, 0.000198
2234, 0.000328, 0.000201, 0.000185
2235, 0.000328, 0.000195, 0.000180
2236, 0.000330, 0.000231, 0.000214
2237, 0.000330, 0.000180, 0.000166
2238, 0.000332, 0.000247, 0.000231
2239, 0.000336, 0.000180, 0.000166
2240, 0.000334, 0.000223, 0.000206
2241, 0.000328, 0.000200, 0.000185
2242, 0.000325, 0.000188, 0.000173
2243, 0.000327, 0.000230, 0.000213
2244, 0.000329, 0.000184, 0.000170
2245, 0.000331, 0.000218, 0.000201
2246, 0.000328, 0.000206, 0.000190
2247, 0.000326, 0.000183, 0.000168
2248, 0.000327, 0.000246, 0.000227
2249, 0.000333, 0.000177, 0.000164
2250, 0.000336, 0.000239, 0.000222
2251, 0.000330, 0.000182, 0.000167
2252, 0.000331, 0.000226, 0.000211
2253, 0.000328, 0.000193, 0.000177
2254, 0.000326, 0.000199, 0.000183
2255, 0.000323, 0.000214, 0.000199
2256, 0.000325, 0.000184, 0.000169
2257, 0.000325, 0.000220, 0.000204
2258, 0.000324, 0.000191, 0.000176
2259, 0.000325, 0.000211, 0.000194
2260, 0.000324, 0.000195, 0.000179
2261, 0.000324, 0.000208, 0.000192
2262, 0.000322, 0.000200, 0.000183
2263, 0.000326, 0.000196, 0.000181
2264, 0.000322, 0.000196, 0.000180
2265, 0.000324, 0.000212, 0.000195
2266, 0.000323, 0.000195, 0.000180
2267, 0.000321, 0.000197, 0.000180
2268, 0.000321, 0.000207, 0.000190
2269, 0.000321, 0.000189, 0.000175
2270, 0.000324, 0.000211, 0.000195
2271, 0.000322, 0.000200, 0.000183
2272, 0.000320, 0.000200, 0.000185
2273, 0.000322, 0.000203, 0.000186
2274, 0.000322, 0.000194, 0.000177
2275, 0.000321, 0.000198, 0.000182
2276, 0.000323, 0.000206, 0.000189
2277, 0.000321, 0.000197, 0.000180
2278, 0.000321, 0.000215, 0.000199
2279, 0.000324, 0.000188, 0.000172
2280, 0.000322, 0.000212, 0.000196
2281, 0.000322, 0.000198, 0.000183
2282, 0.000320, 0.000190, 0.000174
2283, 0.000322, 0.000230, 0.000214
2284, 0.000323, 0.000180, 0.000165
2285, 0.000325, 0.000235, 0.000217
2286, 0.000326, 0.000182, 0.000168
2287, 0.000326, 0.000214, 0.000197
2288, 0.000320, 0.000200, 0.000183
2289, 0.000322, 0.000201, 0.000185
2290, 0.000322, 0.000212, 0.000194
2291, 0.000320, 0.000190, 0.000173
2292, 0.000320, 0.000211, 0.000194
2293, 0.000321, 0.000187, 0.000171
2294, 0.000320, 0.000214, 0.000197
2295, 0.000319, 0.000197, 0.000182
2296, 0.000320, 0.000197, 0.000181
2297, 0.000318, 0.000212, 0.000196
2298, 0.000322, 0.000186, 0.000171
2299, 0.000321, 0.000218, 0.000200
2300, 0.000320, 0.000188, 0.000172
2301, 0.000319, 0.000204, 0.000188
2302, 0.000318, 0.000206, 0.000188
2303, 0.000319, 0.000198, 0.000182
2304, 0.000320, 0.000198, 0.000181
2305, 0.000317, 0.000204, 0.000186
2306, 0.000320, 0.000216, 0.000200
2307, 0.000323, 0.000179, 0.000164
2308, 0.000322, 0.000260, 0.000242
2309, 0.000329, 0.000170, 0.000157
2310, 0.000331, 0.000259, 0.000241
2311, 0.000330, 0.000170, 0.000155
2312, 0.000326, 0.000238, 0.000221
2313, 0.000326, 0.000182, 0.000166
2314, 0.000319, 0.000206, 0.000189
2315, 0.000317, 0.000212, 0.000195
2316, 0.000318, 0.000289, 0.000269
2317, 0.000447, 0.000477, 0.000464
2318, 0.000513, 0.000452, 0.000429
2319, 0.000639, 0.000486, 0.000466
2320, 0.000459, 0.000367, 0.000330
2321, 0.000508, 0.000395, 0.000395
2322, 0.000478, 0.000245, 0.000232
2323, 0.000352, 0.000318, 0.000295
2324, 0.000471, 0.000358, 0.000343
2325, 0.000433, 0.000200, 0.000185
2326, 0.000363, 0.000282, 0.000271
2327, 0.000439, 0.000297, 0.000275
2328, 0.000384, 0.000218, 0.000205
2329, 0.000370, 0.000246, 0.000227
2330, 0.000377, 0.000277, 0.000252
2331, 0.000360, 0.000224, 0.000212
2332, 0.000375, 0.000189, 0.000175
2333, 0.000337, 0.000277, 0.000254
2334, 0.000371, 0.000174, 0.000158
2335, 0.000326, 0.000196, 0.000181
2336, 0.000350, 0.000204, 0.000188
2337, 0.000328, 0.000207, 0.000191
2338, 0.000351, 0.000181, 0.000168
2339, 0.000332, 0.000214, 0.000201
2340, 0.000340, 0.000195, 0.000176
2341, 0.000328, 0.000199, 0.000179
2342, 0.000337, 0.000214, 0.000199
2343, 0.000333, 0.000183, 0.000169
2344, 0.000330, 0.000186, 0.000167
2345, 0.000326, 0.000211, 0.000191
2346, 0.000329, 0.000174, 0.000159
2347, 0.000323, 0.000178, 0.000163
2348, 0.000326, 0.000204, 0.000186
2349, 0.000323, 0.000178, 0.000161
2350, 0.000319, 0.000171, 0.000156
2351, 0.000320, 0.000194, 0.000178
2352, 0.000322, 0.000177, 0.000161
2353, 0.000320, 0.000181, 0.000164
2354, 0.000316, 0.000188, 0.000172
2355, 0.000315, 0.000174, 0.000159
2356, 0.000315, 0.000174, 0.000157
2357, 0.000315, 0.000183, 0.000166
2358, 0.000313, 0.000174, 0.000159
2359, 0.000313, 0.000177, 0.000161
2360, 0.000314, 0.000179, 0.000163
2361, 0.000312, 0.000183, 0.000166
2362, 0.000312, 0.000171, 0.000155
2363, 0.000312, 0.000177, 0.000161
2364, 0.000311, 0.000179, 0.000162
2365, 0.000309, 0.000176, 0.000158
2366, 0.000312, 0.000174, 0.000158
2367, 0.000310, 0.000178, 0.000162
2368, 0.000310, 0.000173, 0.000156
2369, 0.000309, 0.000179, 0.000161
2370, 0.000311, 0.000175, 0.000159
2371, 0.000308, 0.000170, 0.000154
2372, 0.000310, 0.000180, 0.000164
2373, 0.000309, 0.000175, 0.000158
2374, 0.000309, 0.000174, 0.000158
2375, 0.000309, 0.000182, 0.000166
2376, 0.000309, 0.000172, 0.000156
2377, 0.000307, 0.000180, 0.000163
2378, 0.000307, 0.000181, 0.000164
2379, 0.000308, 0.000168, 0.000153
2380, 0.000308, 0.000178, 0.000161
2381, 0.000308, 0.000186, 0.000169
2382, 0.000304, 0.000171, 0.000155
2383, 0.000307, 0.000174, 0.000158
2384, 0.000308, 0.000186, 0.000169
2385, 0.000307, 0.000175, 0.000158
2386, 0.000306, 0.000181, 0.000164
2387, 0.000306, 0.000174, 0.000158
2388, 0.000308, 0.000173, 0.000156
2389, 0.000305, 0.000187, 0.000169
2390, 0.000308, 0.000173, 0.000157
2391, 0.000306, 0.000177, 0.000160
2392, 0.000305, 0.000185, 0.000168
2393, 0.000305, 0.000177, 0.000161
2394, 0.000307, 0.000178, 0.000162
2395, 0.000305, 0.000188, 0.000172
2396, 0.000306, 0.000169, 0.000154
2397, 0.000304, 0.000186, 0.000169
2398, 0.000306, 0.000180, 0.000163
2399, 0.000306, 0.000169, 0.000153
2400, 0.000306, 0.000199, 0.000181
2401, 0.000305, 0.000175, 0.000158
2402, 0.000303, 0.000168, 0.000152
2403, 0.000306, 0.000202, 0.000184
2404, 0.000309, 0.000176, 0.000159
2405, 0.000304, 0.000169, 0.000153
2406, 0.000304, 0.000213, 0.000195
2407, 0.000311, 0.000168, 0.000152
2408, 0.000307, 0.000180, 0.000164
2409, 0.000302, 0.000195, 0.000178
2410, 0.000304, 0.000166, 0.000150
2411, 0.000306, 0.000192, 0.000175
2412, 0.000302, 0.000187, 0.000171
2413, 0.000303, 0.000164, 0.000149
2414, 0.000308, 0.000203, 0.000186
2415, 0.000306, 0.000174, 0.000158
2416, 0.000302, 0.000171, 0.000156
2417, 0.000302, 0.000202, 0.000185
2418, 0.000304, 0.000173, 0.000157
2419, 0.000301, 0.000175, 0.000159
2420, 0.000298, 0.000191, 0.000174
2421, 0.000301, 0.000176, 0.000159
2422, 0.000301, 0.000176, 0.000159
2423, 0.000303, 0.000190, 0.000172
2424, 0.000302, 0.000182, 0.000165
2425, 0.000299, 0.000177, 0.000161
2426, 0.000300, 0.000180, 0.000163
2427, 0.000301, 0.000188, 0.000170
2428, 0.000301, 0.000175, 0.000159
2429, 0.000299, 0.000180, 0.000163
2430, 0.000297, 0.000192, 0.000175
2431, 0.000300, 0.000174, 0.000158
2432, 0.000300, 0.000184, 0.000167
2433, 0.000298, 0.000189, 0.000172
2434, 0.000300, 0.000171, 0.000155
2435, 0.000302, 0.000203, 0.000186
2436, 0.000301, 0.000179, 0.000163
2437, 0.000298, 0.000171, 0.000155
2438, 0.000300, 0.000205, 0.000188
2439, 0.000301, 0.000173, 0.000157
2440, 0.000299, 0.000172, 0.000156
2441, 0.000300, 0.000211, 0.000193
2442, 0.000303, 0.000170, 0.000153
2443, 0.000301, 0.000185, 0.000167
2444, 0.000299, 0.000196, 0.000177
2445, 0.000300, 0.000172, 0.000154
2446, 0.000299, 0.000192, 0.000173
2447, 0.000299, 0.000186, 0.000168
2448, 0.000296, 0.000174, 0.000157
2449, 0.000299, 0.000191, 0.000174
2450, 0.000297, 0.000185, 0.000168
2451, 0.000297, 0.000178, 0.000161
2452, 0.000298, 0.000192, 0.000175
2453, 0.000298, 0.000181, 0.000165
2454, 0.000296, 0.000176, 0.000159
2455, 0.000297, 0.000200, 0.000183
2456, 0.000298, 0.000171, 0.000155
2457, 0.000296, 0.000194, 0.000177
2458, 0.000296, 0.000181, 0.000164
2459, 0.000297, 0.000177, 0.000160
2460, 0.000294, 0.000189, 0.000172
2461, 0.000295, 0.000182, 0.000165
2462, 0.000294, 0.000183, 0.000165
2463, 0.000295, 0.000178, 0.000161
2464, 0.000295, 0.000191, 0.000172
2465, 0.000296, 0.000182, 0.000164
2466, 0.000294, 0.000190, 0.000173
2467, 0.000293, 0.000179, 0.000162
2468, 0.000296, 0.000196, 0.000178
2469, 0.000296, 0.000174, 0.000158
2470, 0.000294, 0.000185, 0.000168
2471, 0.000294, 0.000193, 0.000176
2472, 0.000294, 0.000170, 0.000154
2473, 0.000294, 0.000199, 0.000182
2474, 0.000294, 0.000181, 0.000165
2475, 0.000293, 0.000183, 0.000166
2476, 0.000293, 0.000195, 0.000177
2477, 0.000295, 0.000175, 0.000158
2478, 0.000293, 0.000188, 0.000170
2479, 0.000291, 0.000188, 0.000171
2480, 0.000293, 0.000183, 0.000165
2481, 0.000294, 0.000188, 0.000170
2482, 0.000294, 0.000182, 0.000165
2483, 0.000294, 0.000191, 0.000172
2484, 0.000292, 0.000187, 0.000169
2485, 0.000294, 0.000181, 0.000164
2486, 0.000292, 0.000193, 0.000176
2487, 0.000291, 0.000185, 0.000168
2488, 0.000292, 0.000182, 0.000165
2489, 0.000292, 0.000192, 0.000176
2490, 0.000291, 0.000173, 0.000156
2491, 0.000292, 0.000206, 0.000188
2492, 0.000293, 0.000181, 0.000165
2493, 0.000291, 0.000185, 0.000168
2494, 0.000290, 0.000197, 0.000179
2495, 0.000290, 0.000178, 0.000160
2496, 0.000292, 0.000184, 0.000166
2497, 0.000292, 0.000202, 0.000183
2498, 0.000290, 0.000168, 0.000151
2499, 0.000293, 0.000201, 0.000183
2500, 0.000289, 0.000185, 0.000167
2501, 0.000293, 0.000178, 0.000161
2502, 0.000290, 0.000199, 0.000181
2503, 0.000290, 0.000184, 0.000167
2504, 0.000290, 0.000182, 0.000166
2505, 0.000292, 0.000201, 0.000183
2506, 0.000290, 0.000172, 0.000155
2507, 0.000290, 0.000199, 0.000182
2508, 0.000289, 0.000176, 0.000159
2509, 0.000289, 0.000189, 0.000172
2510, 0.000287, 0.000187, 0.000170
2511, 0.000289, 0.000188, 0.000170
2512, 0.000286, 0.000181, 0.000164
2513, 0.000288, 0.000191, 0.000174
2514, 0.000290, 0.000185, 0.000168
2515, 0.000287, 0.000191, 0.000173
2516, 0.000287, 0.000187, 0.000170
2517, 0.000287, 0.000185, 0.000169
2518, 0.000286, 0.000184, 0.000167
2519, 0.000287, 0.000191, 0.000174
2520, 0.000285, 0.000176, 0.000160
2521, 0.000287, 0.000206, 0.000188
2522, 0.000288, 0.000176, 0.000159
2523, 0.000287, 0.000187, 0.000170
2524, 0.000287, 0.000210, 0.000191
2525, 0.000287, 0.000162, 0.000145
2526, 0.000290, 0.000218, 0.000199
2527, 0.000289, 0.000178, 0.000162
2528, 0.000286, 0.000177, 0.000160
2529, 0.000286, 0.000211, 0.000193
2530, 0.000287, 0.000168, 0.000152
2531, 0.000288, 0.000199, 0.000181
2532, 0.000284, 0.000191, 0.000174
2533, 0.000285, 0.000178, 0.000161
2534, 0.000284, 0.000192, 0.000174
2535, 0.000285, 0.000193, 0.000175
2536, 0.000286, 0.000166, 0.000150
2537, 0.000287, 0.000226, 0.000207
2538, 0.000288, 0.000166, 0.000150
2539, 0.000286, 0.000197, 0.000180
2540, 0.000286, 0.000195, 0.000177
2541, 0.000284, 0.000171, 0.000155
2542, 0.000286, 0.000226, 0.000208
2543, 0.000288, 0.000163, 0.000147
2544, 0.000287, 0.000201, 0.000183
2545, 0.000283, 0.000191, 0.000174
2546, 0.000282, 0.000162, 0.000146
2547, 0.000286, 0.000216, 0.000197
2548, 0.000284, 0.000175, 0.000158
2549, 0.000281, 0.000171, 0.000154
2550, 0.000284, 0.000232, 0.000213
2551, 0.000288, 0.000155, 0.000140
2552, 0.000293, 0.000234, 0.000215
2553, 0.000290, 0.000164, 0.000148
2554, 0.000285, 0.000189, 0.000172
2555, 0.000280, 0.000200, 0.000183
2556, 0.000282, 0.000165, 0.000149
2557, 0.000284, 0.000213, 0.000195
2558, 0.000283, 0.000169, 0.000153
2559, 0.000282, 0.000185, 0.000168
2560, 0.000280, 0.000201, 0.000184
2561, 0.000279, 0.000161, 0.000145
2562, 0.000284, 0.000211, 0.000194
2563, 0.000282, 0.000169, 0.000153
2564, 0.000282, 0.000186, 0.000169
2565, 0.000278, 0.000198, 0.000181
2566, 0.000278, 0.000168, 0.000153
2567, 0.000283, 0.000205, 0.000187
2568, 0.000281, 0.000173, 0.000157
2569, 0.000281, 0.000184, 0.000167
2570, 0.000279, 0.000191, 0.000172
2571, 0.000281, 0.000175, 0.000158
2572, 0.000279, 0.000200, 0.000182
2573, 0.000279, 0.000174, 0.000156
2574, 0.000278, 0.000198, 0.000179
2575, 0.000278, 0.000176, 0.000159
2576, 0.000277, 0.000180, 0.000163
2577, 0.000277, 0.000190, 0.000173
2578, 0.000277, 0.000177, 0.000161
2579, 0.000278, 0.000189, 0.000172
2580, 0.000276, 0.000190, 0.000172
2581, 0.000276, 0.000171, 0.000155
2582, 0.000277, 0.000200, 0.000182
2583, 0.000276, 0.000173, 0.000155
2584, 0.000276, 0.000189, 0.000171
2585, 0.000275, 0.000185, 0.000168
2586, 0.000273, 0.000166, 0.000150
2587, 0.000278, 0.000216, 0.000198
2588, 0.000281, 0.000160, 0.000144
2589, 0.000279, 0.000212, 0.000194
2590, 0.000279, 0.000168, 0.000152
2591, 0.000275, 0.000192, 0.000174
2592, 0.000276, 0.000188, 0.000170
2593, 0.000275, 0.000176, 0.000159
2594, 0.000275, 0.000201, 0.000183
2595, 0.000277, 0.000171, 0.000154
2596, 0.000277, 0.000196, 0.000179
2597, 0.000275, 0.000176, 0.000160
2598, 0.000273, 0.000177, 0.000161
2599, 0.000276, 0.000199, 0.000182
2600, 0.000273, 0.000171, 0.000155
2601, 0.000276, 0.000191, 0.000173
2602, 0.000272, 0.000186, 0.000168
2603, 0.000272, 0.000170, 0.000153
2604, 0.000273, 0.000202, 0.000184
2605, 0.000276, 0.000178, 0.000161
2606, 0.000272, 0.000189, 0.000172
2607, 0.000272, 0.000174, 0.000158
2608, 0.000271, 0.000188, 0.000171
2609, 0.000269, 0.000176, 0.000159
2610, 0.000272, 0.000182, 0.000165
2611, 0.000272, 0.000190, 0.000173
2612, 0.000272, 0.000166, 0.000150
2613, 0.000273, 0.000201, 0.000184
2614, 0.000271, 0.000174, 0.000158
2615, 0.000271, 0.000183, 0.000167
2616, 0.000271, 0.000196, 0.000179
2617, 0.000270, 0.000171, 0.000154
2618, 0.000272, 0.000194, 0.000176
2619, 0.000271, 0.000173, 0.000155
2620, 0.000270, 0.000185, 0.000166
2621, 0.000268, 0.000180, 0.000162
2622, 0.000268, 0.000184, 0.000166
2623, 0.000268, 0.000178, 0.000161
2624, 0.000269, 0.000190, 0.000173
2625, 0.000270, 0.000171, 0.000155
2626, 0.000269, 0.000197, 0.000180
2627, 0.000270, 0.000170, 0.000154
2628, 0.000271, 0.000202, 0.000185
2629, 0.000271, 0.000173, 0.000157
2630, 0.000268, 0.000180, 0.000164
2631, 0.000268, 0.000186, 0.000170
2632, 0.000268, 0.000170, 0.000154
2633, 0.000268, 0.000194, 0.000177
2634, 0.000268, 0.000174, 0.000159
2635, 0.000267, 0.000178, 0.000162
2636, 0.000266, 0.000196, 0.000178
2637, 0.000266, 0.000170, 0.000153
2638, 0.000268, 0.000192, 0.000175
2639, 0.000267, 0.000178, 0.000161
2640, 0.000266, 0.000187, 0.000170
2641, 0.000264, 0.000181, 0.000164
2642, 0.000263, 0.000173, 0.000157
2643, 0.000266, 0.000204, 0.000186
2644, 0.000266, 0.000159, 0.000144
2645, 0.000269, 0.000208, 0.000191
2646, 0.000268, 0.000161, 0.000146
2647, 0.000267, 0.000201, 0.000183
2648, 0.000264, 0.000179, 0.000162
2649, 0.000264, 0.000170, 0.000153
2650, 0.000266, 0.000224, 0.000205
2651, 0.000269, 0.000144, 0.000129
2652, 0.000277, 0.000270, 0.000249
2653, 0.000281, 0.000140, 0.000125
2654, 0.000278, 0.000234, 0.000214
2655, 0.000271, 0.000164, 0.000147
2656, 0.000266, 0.000170, 0.000154
2657, 0.000264, 0.000212, 0.000193
2658, 0.000265, 0.000152, 0.000137
2659, 0.000269, 0.000237, 0.000217
2660, 0.000270, 0.000149, 0.000134
2661, 0.000267, 0.000200, 0.000183
2662, 0.000263, 0.000185, 0.000168
2663, 0.000261, 0.000152, 0.000138
2664, 0.000267, 0.000240, 0.000222
2665, 0.000273, 0.000141, 0.000127
2666, 0.000272, 0.000217, 0.000198
2667, 0.000263, 0.000172, 0.000156
2668, 0.000260, 0.000167, 0.000151
2669, 0.000261, 0.000198, 0.000181
2670, 0.000261, 0.000157, 0.000141
2671, 0.000262, 0.000194, 0.000176
2672, 0.000260, 0.000169, 0.000153
2673, 0.000259, 0.000174, 0.000159
2674, 0.000261, 0.000187, 0.000171
2675, 0.000260, 0.000170, 0.000154
2676, 0.000260, 0.000187, 0.000171
2677, 0.000258, 0.000163, 0.000148
2678, 0.000260, 0.000189, 0.000172
2679, 0.000258, 0.000173, 0.000157
2680, 0.000258, 0.000164, 0.000147
2681, 0.000258, 0.000190, 0.000172
2682, 0.000260, 0.000160, 0.000144
2683, 0.000260, 0.000187, 0.000170
2684, 0.000257, 0.000177, 0.000160
2685, 0.000256, 0.000171, 0.000155
2686, 0.000258, 0.000185, 0.000169
2687, 0.000258, 0.000161, 0.000146
2688, 0.000259, 0.000194, 0.000178
2689, 0.000257, 0.000164, 0.000149
2690, 0.000257, 0.000177, 0.000161
2691, 0.000256, 0.000191, 0.000174
2692, 0.000256, 0.000156, 0.000140
2693, 0.000260, 0.000194, 0.000176
2694, 0.000258, 0.000165, 0.000148
2695, 0.000255, 0.000178, 0.000161
2696, 0.000254, 0.000187, 0.000169
2697, 0.000255, 0.000159, 0.000143
2698, 0.000258, 0.000222, 0.000204
2699, 0.000259, 0.000145, 0.000131
2700, 0.000262, 0.000210, 0.000192
2701, 0.000257, 0.000159, 0.000143
2702, 0.000254, 0.000178, 0.000163
2703, 0.000254, 0.000184, 0.000168
2704, 0.000254, 0.000160, 0.000145
2705, 0.000254, 0.000191, 0.000174
2706, 0.000254, 0.000163, 0.000147
2707, 0.000254, 0.000183, 0.000166
2708, 0.000253, 0.000168, 0.000153
2709, 0.000253, 0.000177, 0.000162
2710, 0.000255, 0.000171, 0.000155
2711, 0.000253, 0.000179, 0.000163
2712, 0.000252, 0.000166, 0.000151
2713, 0.000254, 0.000191, 0.000175
2714, 0.000254, 0.000154, 0.000140
2715, 0.000253, 0.000202, 0.000186
2716, 0.000251, 0.000163, 0.000148
2717, 0.000250, 0.000175, 0.000160
2718, 0.000252, 0.000183, 0.000168
2719, 0.000252, 0.000145, 0.000131
2720, 0.000256, 0.000233, 0.000216
2721, 0.000260, 0.000138, 0.000124
2722, 0.000258, 0.000229, 0.000210
2723, 0.000258, 0.000154, 0.000140
2724, 0.000251, 0.000172, 0.000156
2725, 0.000249, 0.000205, 0.000188
2726, 0.000253, 0.000138, 0.000126
2727, 0.000261, 0.000249, 0.000230
2728, 0.000265, 0.000135, 0.000121
2729, 0.000264, 0.000225, 0.000207
2730, 0.000258, 0.000159, 0.000144
2731, 0.000247, 0.000153, 0.000138
2732, 0.000251, 0.000235, 0.000217
2733, 0.000262, 0.000131, 0.000118
2734, 0.000261, 0.000237, 0.000218
2735, 0.000258, 0.000150, 0.000136
2736, 0.000251, 0.000163, 0.000148
2737, 0.000247, 0.000201, 0.000184
2738, 0.000249, 0.000139, 0.000125
2739, 0.000252, 0.000206, 0.000189
2740, 0.000252, 0.000155, 0.000139
2741, 0.000250, 0.000166, 0.000150
2742, 0.000247, 0.000194, 0.000176
2743, 0.000247, 0.000148, 0.000132
2744, 0.000251, 0.000198, 0.000181
2745, 0.000250, 0.000156, 0.000141
2746, 0.000244, 0.000164, 0.000148
2747, 0.000246, 0.000201, 0.000185
2748, 0.000249, 0.000136, 0.000122
2749, 0.000252, 0.000220, 0.000202
2750, 0.000253, 0.000142, 0.000128
2751, 0.000248, 0.000167, 0.000152
2752, 0.000244, 0.000203, 0.000186
2753, 0.000249, 0.000126, 0.000113
2754, 0.000255, 0.000238, 0.000220
2755, 0.000257, 0.000136, 0.000122
2756, 0.000248, 0.000176, 0.000159
2757, 0.000244, 0.000188, 0.000171
2758, 0.000244, 0.000133, 0.000119
2759, 0.000253, 0.000241, 0.000222
2760, 0.000256, 0.000132, 0.000119
2761, 0.000253, 0.000197, 0.000180
2762, 0.000245, 0.000164, 0.000149
2763, 0.000239, 0.000143, 0.000130
2764, 0.000243, 0.000197, 0.000180
2765, 0.000246, 0.000147, 0.000134
2766, 0.000244, 0.000159, 0.000145
2767, 0.000240, 0.000190, 0.000174
2768, 0.000243, 0.000134, 0.000121
2769, 0.000246, 0.000193, 0.000178
2770, 0.000243, 0.000153, 0.000138
2771, 0.000241, 0.000153, 0.000140
2772, 0.000241, 0.000188, 0.000172
2773, 0.000241, 0.000136, 0.000122
2774, 0.000244, 0.000201, 0.000184
2775, 0.000243, 0.000152, 0.000137
2776, 0.000237, 0.000143, 0.000129
2777, 0.000239, 0.000206, 0.000190
2778, 0.000244, 0.000132, 0.000120
2779, 0.000244, 0.000177, 0.000162
2780, 0.000237, 0.000168, 0.000154
2781, 0.000239, 0.000137, 0.000124
2782, 0.000239, 0.000212, 0.000195
2783, 0.000246, 0.000125, 0.000113
2784, 0.000247, 0.000196, 0.000180
2785, 0.000242, 0.000165, 0.000150
2786, 0.000235, 0.000132, 0.000119
2787, 0.000243, 0.000222, 0.000204
2788, 0.000247, 0.000126, 0.000113
2789, 0.000245, 0.000187, 0.000170
2790, 0.000237, 0.000157, 0.000142
2791, 0.000235, 0.000145, 0.000131
2792, 0.000236, 0.000192, 0.000176
2793, 0.000239, 0.000139, 0.000126
2794, 0.000236, 0.000168, 0.000155
2795, 0.000233, 0.000148, 0.000135
2796, 0.000233, 0.000162, 0.000149
2797, 0.000234, 0.000153, 0.000139
2798, 0.000234, 0.000159, 0.000145
2799, 0.000232, 0.000156, 0.000143
2800, 0.000233, 0.000151, 0.000138
2801, 0.000232, 0.000169, 0.000154
2802, 0.000232, 0.000146, 0.000133
2803, 0.000232, 0.000170, 0.000155
2804, 0.000232, 0.000146, 0.000133
2805, 0.000232, 0.000166, 0.000153
2806, 0.000233, 0.000159, 0.000145
2807, 0.000231, 0.000144, 0.000132
2808, 0.000232, 0.000193, 0.000178
2809, 0.000235, 0.000137, 0.000125
2810, 0.000231, 0.000169, 0.000155
2811, 0.000232, 0.000170, 0.000155
2812, 0.000230, 0.000130, 0.000118
2813, 0.000237, 0.000215, 0.000199
2814, 0.000239, 0.000129, 0.000116
2815, 0.000236, 0.000171, 0.000156
2816, 0.000232, 0.000173, 0.000159
2817, 0.000232, 0.000126, 0.000114
2818, 0.000237, 0.000216, 0.000200
2819, 0.000240, 0.000132, 0.000120
2820, 0.000235, 0.000163, 0.000150
2821, 0.000228, 0.000186, 0.000172
2822, 0.000230, 0.000129, 0.000117
2823, 0.000235, 0.000209, 0.000195
2824, 0.000235, 0.000133, 0.000122
2825, 0.000231, 0.000165, 0.000153
2826, 0.000227, 0.000180, 0.000167
2827, 0.000230, 0.000123, 0.000111
2828, 0.000232, 0.000203, 0.000187
2829, 0.000233, 0.000136, 0.000123
2830, 0.000230, 0.000158, 0.000143
2831, 0.000226, 0.000172, 0.000156
2832, 0.000228, 0.000133, 0.000120
2833, 0.000231, 0.000205, 0.000188
2834, 0.000233, 0.000129, 0.000117
2835, 0.000231, 0.000174, 0.000160
2836, 0.000226, 0.000162, 0.000149
2837, 0.000225, 0.000130, 0.000118
2838, 0.000228, 0.000192, 0.000178
2839, 0.000228, 0.000137, 0.000125
2840, 0.000225, 0.000145, 0.000133
2841, 0.000224, 0.000179, 0.000166
2842, 0.000227, 0.000127, 0.000115
2843, 0.000227, 0.000182, 0.000168
2844, 0.000227, 0.000147, 0.000134
2845, 0.000225, 0.000147, 0.000133
2846, 0.000222, 0.000174, 0.000159
2847, 0.000226, 0.000134, 0.000122
2848, 0.000225, 0.000184, 0.000169
2849, 0.000225, 0.000139, 0.000126
2850, 0.000225, 0.000157, 0.000144
2851, 0.000224, 0.000161, 0.000147
2852, 0.000221, 0.000138, 0.000125
2853, 0.000226, 0.000191, 0.000178
2854, 0.000229, 0.000124, 0.000113
2855, 0.000226, 0.000189, 0.000174
2856, 0.000227, 0.000144, 0.000133
2857, 0.000227, 0.000147, 0.000134
2858, 0.000222, 0.000184, 0.000169
2859, 0.000222, 0.000124, 0.000113
2860, 0.000230, 0.000193, 0.000178
2861, 0.000223, 0.000142, 0.000129
2862, 0.000223, 0.000143, 0.000132
2863, 0.000224, 0.000190, 0.000176
2864, 0.000222, 0.000125, 0.000113
2865, 0.000228, 0.000182, 0.000170
2866, 0.000228, 0.000141, 0.000130
2867, 0.000218, 0.000150, 0.000137
2868, 0.000222, 0.000166, 0.000153
2869, 0.000225, 0.000137, 0.000124
2870, 0.000217, 0.000165, 0.000150
2871, 0.000218, 0.000158, 0.000146
2872, 0.000221, 0.000130, 0.000119
2873, 0.000218, 0.000197, 0.000182
2874, 0.000225, 0.000121, 0.000112
2875, 0.000231, 0.000198, 0.000183
2876, 0.000222, 0.000135, 0.000123
2877, 0.000222, 0.000162, 0.000150
2878, 0.000221, 0.000161, 0.000148
2879, 0.000215, 0.000135, 0.000123
2880, 0.000223, 0.000177, 0.000165
2881, 0.000228, 0.000147, 0.000134
2882, 0.000215, 0.000145, 0.000132
2883, 0.000223, 0.000185, 0.000173
2884, 0.000227, 0.000132, 0.000121
2885, 0.000216, 0.000166, 0.000152
2886, 0.000224, 0.000176, 0.000165
2887, 0.000231, 0.000130, 0.000119
2888, 0.000214, 0.000184, 0.000170
2889, 0.000226, 0.000147, 0.000138
2890, 0.000235, 0.000166, 0.000152
2891, 0.000216, 0.000154, 0.000139
2892, 0.000226, 0.000163, 0.000151
2893, 0.000225, 0.000152, 0.000139
2894, 0.000213, 0.000150, 0.000136
2895, 0.000223, 0.000163, 0.000152
2896, 0.000219, 0.000147, 0.000137
2897, 0.000212, 0.000142, 0.000131
2898, 0.000225, 0.000190, 0.000178
2899, 0.000223, 0.000123, 0.000113
2900, 0.000214, 0.000174, 0.000161
2901, 0.000222, 0.000158, 0.000147
2902, 0.000215, 0.000125, 0.000116
2903, 0.000217, 0.000194, 0.000180
2904, 0.000225, 0.000128, 0.000118
2905, 0.000214, 0.000150, 0.000138
2906, 0.000213, 0.000162, 0.000149
2907, 0.000215, 0.000122, 0.000112
2908, 0.000211, 0.000171, 0.000160
2909, 0.000212, 0.000143, 0.000132
2910, 0.000213, 0.000140, 0.000130
2911, 0.000207, 0.000156, 0.000147
2912, 0.000210, 0.000135, 0.000124
2913, 0.000210, 0.000149, 0.000138
2914, 0.000209, 0.000148, 0.000138
2915, 0.000209, 0.000130, 0.000119
2916, 0.000207, 0.000162, 0.000150
2917, 0.000208, 0.000125, 0.000115
2918, 0.000212, 0.000159, 0.000148
2919, 0.000206, 0.000132, 0.000122
2920, 0.000208, 0.000139, 0.000128
2921, 0.000207, 0.000163, 0.000150
2922, 0.000205, 0.000123, 0.000112
2923, 0.000210, 0.000170, 0.000158
2924, 0.000208, 0.000130, 0.000119
2925, 0.000206, 0.000141, 0.000130
2926, 0.000204, 0.000162, 0.000150
2927, 0.000205, 0.000114, 0.000105
2928, 0.000209, 0.000195, 0.000182
2929, 0.000213, 0.000107, 0.000099
2930, 0.000213, 0.000185, 0.000172
2931, 0.000209, 0.000121, 0.000110
2932, 0.000210, 0.000155, 0.000144
2933, 0.000208, 0.000136, 0.000125
2934, 0.000204, 0.000147, 0.000135
2935, 0.000205, 0.000144, 0.000134
2936, 0.000209, 0.000138, 0.000128
2937, 0.000202, 0.000148, 0.000137
2938, 0.000206, 0.000141, 0.000132
2939, 0.000207, 0.000137, 0.000127
2940, 0.000203, 0.000158, 0.000145
2941, 0.000206, 0.000129, 0.000120
2942, 0.000207, 0.000158, 0.000147
2943, 0.000203, 0.000137, 0.000126
2944, 0.000207, 0.000135, 0.000126
2945, 0.000205, 0.000164, 0.000152
2946, 0.000203, 0.000120, 0.000109
2947, 0.000213, 0.000190, 0.000178
2948, 0.000214, 0.000105, 0.000096
2949, 0.000208, 0.000200, 0.000185
2950, 0.000215, 0.000112, 0.000103
2951, 0.000209, 0.000169, 0.000157
2952, 0.000203, 0.000135, 0.000124
2953, 0.000204, 0.000146, 0.000136
2954, 0.000203, 0.000151, 0.000140
2955, 0.000199, 0.000134, 0.000123
2956, 0.000206, 0.000148, 0.000137
2957, 0.000201, 0.000131, 0.000121
2958, 0.000198, 0.000148, 0.000136
2959, 0.000204, 0.000141, 0.000131
2960, 0.000202, 0.000141, 0.000130
2961, 0.000197, 0.000136, 0.000125
2962, 0.000203, 0.000163, 0.000153
2963, 0.000204, 0.000115, 0.000106
2964, 0.000199, 0.000178, 0.000165
2965, 0.000207, 0.000133, 0.000126
2966, 0.000204, 0.000121, 0.000113
2967, 0.000197, 0.000198, 0.000185
2968, 0.000212, 0.000100, 0.000093
2969, 0.000215, 0.000210, 0.000197
2970, 0.000211, 0.000119, 0.000108
2971, 0.000210, 0.000160, 0.000148
2972, 0.000198, 0.000138, 0.000128
2973, 0.000198, 0.000125, 0.000115
2974, 0.000201, 0.000180, 0.000169
2975, 0.000201, 0.000102, 0.000095
2976, 0.000204, 0.000181, 0.000170
2977, 0.000200, 0.000130, 0.000121
2978, 0.000192, 0.000113, 0.000105
2979, 0.000199, 0.000211, 0.000199
2980, 0.000207, 0.000095, 0.000086
2981, 0.000209, 0.000184, 0.000172
2982, 0.000200, 0.000137, 0.000126
2983, 0.000192, 0.000105, 0.000095
2984, 0.000201, 0.000210, 0.000197
2985, 0.000208, 0.000096, 0.000088
2986, 0.000204, 0.000172, 0.000159
2987, 0.000198, 0.000130, 0.000120
2988, 0.000192, 0.000119, 0.000109
2989, 0.000191, 0.000170, 0.000157
2990, 0.000197, 0.000103, 0.000094
2991, 0.000196, 0.000172, 0.000160
2992, 0.000196, 0.000114, 0.000104
2993, 0.000194, 0.000140, 0.000130
2994, 0.000191, 0.000144, 0.000134
2995, 0.000192, 0.000115, 0.000105
2996, 0.000194, 0.000157, 0.000146
2997, 0.000193, 0.000116, 0.000107
2998, 0.000192, 0.000140, 0.000130
2999, 0.000189, 0.000134, 0.000124
3000, 0.000188, 0.000126, 0.000116
3001, 0.000190, 0.000134, 0.000123
3002, 0.000191, 0.000130, 0.000119
3003, 0.000187, 0.000143, 0.000133
3004, 0.000188, 0.000114, 0.000105
3005, 0.000189, 0.000166, 0.000154
3006, 0.000192, 0.000105, 0.000097
3007, 0.000193, 0.000149, 0.000138
3008, 0.000190, 0.000127, 0.000117
3009, 0.000188, 0.000127, 0.000118
3010, 0.000188, 0.000136, 0.000126
3011, 0.000186, 0.000126, 0.000117
3012, 0.000184, 0.000122, 0.000113
3013, 0.000186, 0.000142, 0.000132
3014, 0.000186, 0.000121, 0.000112
3015, 0.000186, 0.000133, 0.000123
3016, 0.000186, 0.000142, 0.000131
3017, 0.000186, 0.000121, 0.000111
3018, 0.000185, 0.000135, 0.000125
3019, 0.000185, 0.000131, 0.000121
3020, 0.000184, 0.000130, 0.000120
3021, 0.000186, 0.000133, 0.000124
3022, 0.000184, 0.000133, 0.000124
3023, 0.000183, 0.000121, 0.000112
3024, 0.000186, 0.000137, 0.000128
3025, 0.000184, 0.000116, 0.000108
3026, 0.000185, 0.000156, 0.000147
3027, 0.000186, 0.000103, 0.000095
3028, 0.000186, 0.000161, 0.000151
3029, 0.000186, 0.000117, 0.000109
3030, 0.000185, 0.000138, 0.000128
3031, 0.000183, 0.000133, 0.000123
3032, 0.000181, 0.000121, 0.000111
3033, 0.000184, 0.000150, 0.000140
3034, 0.000185, 0.000110, 0.000102
3035, 0.000183, 0.000157, 0.000147
3036, 0.000185, 0.000108, 0.000100
3037, 0.000185, 0.000142, 0.000132
3038, 0.000183, 0.000125, 0.000116
3039, 0.000181, 0.000120, 0.000112
3040, 0.000181, 0.000147, 0.000138
3041, 0.000181, 0.000105, 0.000097
3042, 0.000185, 0.000168, 0.000159
3043, 0.000185, 0.000102, 0.000095
3044, 0.000182, 0.000145, 0.000136
3045, 0.000181, 0.000134, 0.000125
3046, 0.000178, 0.000104, 0.000096
3047, 0.000184, 0.000187, 0.000175
3048, 0.000187, 0.000091, 0.000084
3049, 0.000188, 0.000184, 0.000172
3050, 0.000186, 0.000105, 0.000098
3051, 0.000183, 0.000137, 0.000129
3052, 0.000178, 0.000144, 0.000135
3053, 0.000181, 0.000093, 0.000086
3054, 0.000186, 0.000218, 0.000207
3055, 0.000196, 0.000082, 0.000076
3056, 0.000197, 0.000198, 0.000186
3057, 0.000190, 0.000108, 0.000101
3058, 0.000177, 0.000110, 0.000102
3059, 0.000179, 0.000191, 0.000179
3060, 0.000189, 0.000082, 0.000076
3061, 0.000194, 0.000208, 0.000197
3062, 0.000194, 0.000097, 0.000088
3063, 0.000184, 0.000139, 0.000130
3064, 0.000176, 0.000142, 0.000133
3065, 0.000180, 0.000091, 0.000083
3066, 0.000189, 0.000203, 0.000192
3067, 0.000191, 0.000088, 0.000081
3068, 0.000185, 0.000141, 0.000130
3069, 0.000177, 0.000153, 0.000143
3070, 0.000178, 0.000094, 0.000086
3071, 0.000180, 0.000178, 0.000166
3072, 0.000184, 0.000091, 0.000084
3073, 0.000184, 0.000156, 0.000146
3074, 0.000176, 0.000115, 0.000106
3075, 0.000176, 0.000116, 0.000108
3076, 0.000175, 0.000148, 0.000138
3077, 0.000176, 0.000097, 0.000089
3078, 0.000181, 0.000156, 0.000147
3079, 0.000180, 0.000101, 0.000094
3080, 0.000176, 0.000132, 0.000123
3081, 0.000175, 0.000129, 0.000121
3082, 0.000174, 0.000101, 0.000093
3083, 0.000173, 0.000161, 0.000151
3084, 0.000179, 0.000097, 0.000090
3085, 0.000176, 0.000141, 0.000132
3086, 0.000174, 0.000121, 0.000112
3087, 0.000173, 0.000103, 0.000096
3088, 0.000175, 0.000162, 0.000152
3089, 0.000176, 0.000098, 0.000090
3090, 0.000175, 0.000148, 0.000140
3091, 0.000177, 0.000101, 0.000094
3092, 0.000174, 0.000143, 0.000135
3093, 0.000174, 0.000112, 0.000105
3094, 0.000172, 0.000120, 0.000113
3095, 0.000172, 0.000139, 0.000130
3096, 0.000173, 0.000102, 0.000095
3097, 0.000173, 0.000148, 0.000138
3098, 0.000172, 0.000106, 0.000098
3099, 0.000173, 0.000128, 0.000120
3100, 0.000172, 0.000123, 0.000115
3101, 0.000168, 0.000117, 0.000108
3102, 0.000171, 0.000127, 0.000119
3103, 0.000169, 0.000120, 0.000113
3104, 0.000168, 0.000122, 0.000114
3105, 0.000171, 0.000120, 0.000114
3106, 0.000170, 0.000130, 0.000122
3107, 0.000167, 0.000110, 0.000102
3108, 0.000170, 0.000140, 0.000131
3109, 0.000169, 0.000108, 0.000101
3110, 0.000167, 0.000126, 0.000117
3111, 0.000167, 0.000115, 0.000107
3112, 0.000169, 0.000113, 0.000105
3113, 0.000168, 0.000139, 0.000129
3114, 0.000168, 0.000103, 0.000096
3115, 0.000170, 0.000146, 0.000136
3116, 0.000169, 0.000100, 0.000093
3117, 0.000169, 0.000148, 0.000140
3118, 0.000169, 0.000097, 0.000090
3119, 0.000168, 0.000135, 0.000127
3120, 0.000168, 0.000116, 0.000109
3121, 0.000166, 0.000107, 0.000100
3122, 0.000168, 0.000147, 0.000137
3123, 0.000169, 0.000094, 0.000087
3124, 0.000170, 0.000153, 0.000143
3125, 0.000169, 0.000098, 0.000091
3126, 0.000168, 0.000131, 0.000123
3127, 0.000166, 0.000132, 0.000123
3128, 0.000165, 0.000101, 0.000094
3129, 0.000168, 0.000166, 0.000156
3130, 0.000173, 0.000085, 0.000079
3131, 0.000172, 0.000171, 0.000161
3132, 0.000171, 0.000096, 0.000090
3133, 0.000168, 0.000130, 0.000121
3134, 0.000165, 0.000129, 0.000120
3135, 0.000164, 0.000090, 0.000084
3136, 0.000166, 0.000158, 0.000149
3137, 0.000170, 0.000089, 0.000083
3138, 0.000168, 0.000147, 0.000139
3139, 0.000167, 0.000106, 0.000099
3140, 0.000164, 0.000116, 0.000109
3141, 0.000161, 0.000126, 0.000119
3142, 0.000163, 0.000106, 0.000098
3143, 0.000164, 0.000141, 0.000132
3144, 0.000162, 0.000096, 0.000090
3145, 0.000166, 0.000149, 0.000141
3146, 0.000165, 0.000094, 0.000088
3147, 0.000164, 0.000134, 0.000127
3148, 0.000161, 0.000114, 0.000107
3149, 0.000162, 0.000102, 0.000096
3150, 0.000162, 0.000144, 0.000136
3151, 0.000163, 0.000097, 0.000090
3152, 0.000163, 0.000126, 0.000118
3153, 0.000160, 0.000122, 0.000114
3154, 0.000160, 0.000113, 0.000106
3155, 0.000159, 0.000120, 0.000113
3156, 0.000159, 0.000112, 0.000104
3157, 0.000159, 0.000126, 0.000119
3158, 0.000161, 0.000112, 0.000105
3159, 0.000159, 0.000109, 0.000102
3160, 0.000162, 0.000131, 0.000124
3161, 0.000160, 0.000097, 0.000091
3162, 0.000161, 0.000125, 0.000117
3163, 0.000159, 0.000137, 0.000129
3164, 0.000160, 0.000084, 0.000078
3165, 0.000168, 0.000210, 0.000200
3166, 0.000180, 0.000068, 0.000063
3167, 0.000191, 0.000256, 0.000243
3168, 0.000197, 0.000068, 0.000064
3169, 0.000187, 0.000185, 0.000174
3170, 0.000172, 0.000093, 0.000086
3171, 0.000159, 0.000096, 0.000089
3172, 0.000158, 0.000159, 0.000150
3173, 0.000165, 0.000080, 0.000075
3174, 0.000166, 0.000149, 0.000143
3175, 0.000161, 0.000109, 0.000104
3176, 0.000157, 0.000090, 0.000086
3177, 0.000161, 0.000156, 0.000149
3178, 0.000163, 0.000086, 0.000080
3179, 0.000166, 0.000142, 0.000135
3180, 0.000163, 0.000098, 0.000091
3181, 0.000158, 0.000115, 0.000106
3182, 0.000158, 0.000119, 0.000112
3183, 0.000157, 0.000097, 0.000091
3184, 0.000157, 0.000137, 0.000129
3185, 0.000159, 0.000095, 0.000090
3186, 0.000158, 0.000129, 0.000121
3187, 0.000155, 0.000121, 0.000112
3188, 0.000156, 0.000085, 0.000080
3189, 0.000162, 0.000179, 0.000169
3190, 0.000166, 0.000076, 0.000071
3191, 0.000166, 0.000143, 0.000135
3192, 0.000159, 0.000111, 0.000104
3193, 0.000154, 0.000087, 0.000081
3194, 0.000158, 0.000151, 0.000143
3195, 0.000162, 0.000084, 0.000078
3196, 0.000159, 0.000137, 0.000130
3197, 0.000158, 0.000098, 0.000093
3198, 0.000156, 0.000114, 0.000107
3199, 0.000154, 0.000118, 0.000110
3200, 0.000155, 0.000099, 0.000093
3201, 0.000156, 0.000133, 0.000125
3202, 0.000155, 0.000087, 0.000081
3203, 0.000156, 0.000142, 0.000134
3204, 0.000158, 0.000090, 0.000084
3205, 0.000155, 0.000122, 0.000115
3206, 0.000155, 0.000109, 0.000103
3207, 0.000155, 0.000098, 0.000092
3208, 0.000154, 0.000136, 0.000129
3209, 0.000155, 0.000083, 0.000079
3210, 0.000156, 0.000140, 0.000134
3211, 0.000157, 0.000095, 0.000090
3212, 0.000154, 0.000110, 0.000104
3213, 0.000151, 0.000123, 0.000117
3214, 0.000153, 0.000086, 0.000081
3215, 0.000155, 0.000140, 0.000134
3216, 0.000155, 0.000090, 0.000084
3217, 0.000152, 0.000121, 0.000114
3218, 0.000153, 0.000113, 0.000108
3219, 0.000150, 0.000092, 0.000087
3220, 0.000153, 0.000143, 0.000136
3221, 0.000153, 0.000083, 0.000079
3222, 0.000155, 0.000143, 0.000137
3223, 0.000153, 0.000096, 0.000091
3224, 0.000150, 0.000101, 0.000096
3225, 0.000152, 0.000141, 0.000135
3226, 0.000154, 0.000081, 0.000076
3227, 0.000153, 0.000135, 0.000128
3228, 0.000152, 0.000103, 0.000097
3229, 0.000150, 0.000099, 0.000093
3230, 0.000151, 0.000125, 0.000118
3231, 0.000150, 0.000098, 0.000092
3232, 0.000149, 0.000117, 0.000111
3233, 0.000148, 0.000101, 0.000095
3234, 0.000149, 0.000119, 0.000114
3235, 0.000150, 0.000096, 0.000092
3236, 0.000149, 0.000120, 0.000115
3237, 0.000149, 0.000096, 0.000091
3238, 0.000150, 0.000117, 0.000111
3239, 0.000148, 0.000110, 0.000103
3240, 0.000147, 0.000100, 0.000095
3241, 0.000148, 0.000120, 0.000114
3242, 0.000148, 0.000103, 0.000097
3243, 0.000147, 0.000108, 0.000102
3244, 0.000150, 0.000111, 0.000104
3245, 0.000148, 0.000116, 0.000109
3246, 0.000148, 0.000091, 0.000085
3247, 0.000149, 0.000124, 0.000117
3248, 0.000149, 0.000093, 0.000089
3249, 0.000147, 0.000118, 0.000113
3250, 0.000148, 0.000114, 0.000109
3251, 0.000148, 0.000098, 0.000094
3252, 0.000147, 0.000119, 0.000114
3253, 0.000146, 0.000097, 0.000092
3254, 0.000147, 0.000112, 0.000106
3255, 0.000145, 0.000117, 0.000110
3256, 0.000146, 0.000088, 0.000083
3257, 0.000148, 0.000138, 0.000131
3258, 0.000149, 0.000082, 0.000077
3259, 0.000150, 0.000146, 0.000139
3260, 0.000149, 0.000080, 0.000076
3261, 0.000150, 0.000143, 0.000136
3262, 0.000149, 0.000082, 0.000077
3263, 0.000148, 0.000142, 0.000134
3264, 0.000148, 0.000087, 0.000081
3265, 0.000148, 0.000149, 0.000141
3266, 0.000151, 0.000078, 0.000073
3267, 0.000151, 0.000149, 0.000142
3268, 0.000151, 0.000079, 0.000074
3269, 0.000149, 0.000129, 0.000122
3270, 0.000146, 0.000097, 0.000092
3271, 0.000144, 0.000100, 0.000095
3272, 0.000144, 0.000125, 0.000120
3273, 0.000145, 0.000093, 0.000089
3274, 0.000144, 0.000110, 0.000105
3275, 0.000144, 0.000109, 0.000104
3276, 0.000144, 0.000091, 0.000086
3277, 0.000144, 0.000131, 0.000123
3278, 0.000145, 0.000094, 0.000090
3279, 0.000150, 0.000134, 0.000125
3280, 0.000145, 0.000086, 0.000080
3281, 0.000144, 0.000123, 0.000117
3282, 0.000145, 0.000099, 0.000094
3283, 0.000142, 0.000100, 0.000095
3284, 0.000143, 0.000120, 0.000115
3285, 0.000144, 0.000085, 0.000080
3286, 0.000144, 0.000139, 0.000133
3287, 0.000147, 0.000083, 0.000078
3288, 0.000146, 0.000133, 0.000126
3289, 0.000146, 0.000080, 0.000076
3290, 0.000145, 0.000133, 0.000125
3291, 0.000145, 0.000085, 0.000079
3292, 0.000145, 0.000128, 0.000121
3293, 0.000143, 0.000092, 0.000086
3294, 0.000142, 0.000112, 0.000105
3295, 0.000142, 0.000103, 0.000097
3296, 0.000141, 0.000117, 0.000110
3297, 0.000142, 0.000085, 0.000079
3298, 0.000144, 0.000148, 0.000141
3299, 0.000146, 0.000070, 0.000066
3300, 0.000150, 0.000151, 0.000145
3301, 0.000147, 0.000087, 0.000083
3302, 0.000140, 0.000097, 0.000091
3303, 0.000140, 0.000144, 0.000137
3304, 0.000146, 0.000069, 0.000065
3305, 0.000150, 0.000183, 0.000173
3306, 0.000156, 0.000064, 0.000061
3307, 0.000163, 0.000202, 0.000193
3308, 0.000162, 0.000065, 0.000061
3309, 0.000153, 0.000139, 0.000133
3310, 0.000145, 0.000109, 0.000104
3311, 0.000140, 0.000066, 0.000062
3312, 0.000150, 0.000221, 0.000212
3313, 0.000171, 0.000059, 0.000056
3314, 0.000186, 0.000280, 0.000268
3315, 0.000192, 0.000060, 0.000057
3316, 0.000176, 0.000169, 0.000162
3317, 0.000151, 0.000094, 0.000089
3318, 0.000139, 0.000069, 0.000066
3319, 0.000147, 0.000188, 0.000181
3320, 0.000157, 0.000065, 0.000061
3321, 0.000153, 0.000138, 0.000133
3322, 0.000145, 0.000095, 0.000089
3323, 0.000140, 0.000085, 0.000080
3324, 0.000139, 0.000136, 0.000128
3325, 0.000144, 0.000076, 0.000071
3326, 0.000142, 0.000120, 0.000113
3327, 0.000139, 0.000099, 0.000093
3328, 0.000139, 0.000081, 0.000076
3329, 0.000140, 0.000141, 0.000136
3330, 0.000144, 0.000067, 0.000064
3331, 0.000147, 0.000134, 0.000128
3332, 0.000142, 0.000095, 0.000091
3333, 0.000139, 0.000078, 0.000074
3334, 0.000141, 0.000139, 0.000132
3335, 0.000143, 0.000078, 0.000074
3336, 0.000143, 0.000102, 0.000096
3337, 0.000138, 0.000119, 0.000112
3338, 0.000138, 0.000069, 0.000066
3339, 0.000147, 0.000154, 0.000148
3340, 0.000144, 0.000078, 0.000074
3341, 0.000141, 0.000103, 0.000099
3342, 0.000138, 0.000099, 0.000094
3343, 0.000136, 0.000081, 0.000077
3344, 0.000136, 0.000117, 0.000111
3345, 0.000138, 0.000079, 0.000073
3346, 0.000138, 0.000105, 0.000100
3347, 0.000137, 0.000110, 0.000106
3348, 0.000136, 0.000079, 0.000075
3349, 0.000137, 0.000113, 0.000109
3350, 0.000137, 0.000092, 0.000088
3351, 0.000136, 0.000092, 0.000088
3352, 0.000135, 0.000110, 0.000105
3353, 0.000135, 0.000090, 0.000084
3354, 0.000134, 0.000094, 0.000089
3355, 0.000135, 0.000100, 0.000095
3356, 0.000135, 0.000086, 0.000081
3357, 0.000134, 0.000110, 0.000104
3358, 0.000135, 0.000088, 0.000083
3359, 0.000135, 0.000102, 0.000096
3360, 0.000134, 0.000097, 0.000092
3361, 0.000134, 0.000087, 0.000082
3362, 0.000135, 0.000100, 0.000095
3363, 0.000135, 0.000099, 0.000094
3364, 0.000134, 0.000087, 0.000083
3365, 0.000136, 0.000114, 0.000110
3366, 0.000136, 0.000076, 0.000072
3367, 0.000136, 0.000117, 0.000111
3368, 0.000136, 0.000097, 0.000092
3369, 0.000133, 0.000083, 0.000078
3370, 0.000134, 0.000124, 0.000118
3371, 0.000137, 0.000067, 0.000063
3372, 0.000138, 0.000130, 0.000126
3373, 0.000138, 0.000076, 0.000074
3374, 0.000135, 0.000099, 0.000095
3375, 0.000132, 0.000105, 0.000100
3376, 0.000132, 0.000081, 0.000077
3377, 0.000132, 0.000107, 0.000101
3378, 0.000133, 0.000095, 0.000089
3379, 0.000135, 0.000097, 0.000091
3380, 0.000132, 0.000100, 0.000094
3381, 0.000132, 0.000091, 0.000086
3382, 0.000133, 0.000101, 0.000096
3383, 0.000131, 0.000080, 0.000076
3384, 0.000133, 0.000112, 0.000107
3385, 0.000132, 0.000075, 0.000071
3386, 0.000134, 0.000111, 0.000105
3387, 0.000133, 0.000088, 0.000083
3388, 0.000131, 0.000104, 0.000099
3389, 0.000131, 0.000106, 0.000101
3390, 0.000132, 0.000076, 0.000072
3391, 0.000132, 0.000126, 0.000120
3392, 0.000135, 0.000074, 0.000070
3393, 0.000134, 0.000116, 0.000111
3394, 0.000134, 0.000092, 0.000087
3395, 0.000130, 0.000079, 0.000074
3396, 0.000133, 0.000138, 0.000133
3397, 0.000137, 0.000060, 0.000057
3398, 0.000143, 0.000154, 0.000148
3399, 0.000143, 0.000072, 0.000069
3400, 0.000137, 0.000112, 0.000107
3401, 0.000132, 0.000103, 0.000100
3402, 0.000135, 0.000081, 0.000077
3403, 0.000132, 0.000138, 0.000132
3404, 0.000138, 0.000062, 0.000061
3405, 0.000153, 0.000183, 0.000175
3406, 0.000154, 0.000061, 0.000059
3407, 0.000153, 0.000160, 0.000153
3408, 0.000145, 0.000071, 0.000067
3409, 0.000134, 0.000093, 0.000091
3410, 0.000133, 0.000121, 0.000117
3411, 0.000133, 0.000067, 0.000064
3412, 0.000134, 0.000122, 0.000117
3413, 0.000135, 0.000088, 0.000083
3414, 0.000129, 0.000080, 0.000076
3415, 0.000131, 0.000123, 0.000117
3416, 0.000135, 0.000069, 0.000065
3417, 0.000135, 0.000117, 0.000112
3418, 0.000131, 0.000089, 0.000085
3419, 0.000132, 0.000086, 0.000080
3420, 0.000131, 0.000124, 0.000118
3421, 0.000133, 0.000071, 0.000067
3422, 0.000132, 0.000104, 0.000098
3423, 0.000131, 0.000096, 0.000092
3424, 0.000131, 0.000088, 0.000083
3425, 0.000130, 0.000104, 0.000099
3426, 0.000130, 0.000091, 0.000088
3427, 0.000132, 0.000089, 0.000084
3428, 0.000130, 0.000108, 0.000104
3429, 0.000128, 0.000072, 0.000069
3430, 0.000132, 0.000128, 0.000123
3431, 0.000133, 0.000069, 0.000067
3432, 0.000132, 0.000118, 0.000113
3433, 0.000130, 0.000083, 0.000079
3434, 0.000129, 0.000085, 0.000081
3435, 0.000130, 0.000112, 0.000108
3436, 0.000129, 0.000066, 0.000063
3437, 0.000132, 0.000129, 0.000125
3438, 0.000133, 0.000069, 0.000067
3439, 0.000130, 0.000094, 0.000091
3440, 0.000129, 0.000108, 0.000104
3441, 0.000127, 0.000066, 0.000063
3442, 0.000132, 0.000141, 0.000133
3443, 0.000135, 0.000067, 0.000064
3444, 0.000131, 0.000103, 0.000097
3445, 0.000128, 0.000106, 0.000101
3446, 0.000126, 0.000066, 0.000063
3447, 0.000130, 0.000131, 0.000125
3448, 0.000133, 0.000067, 0.000064
3449, 0.000131, 0.000114, 0.000109
3450, 0.000128, 0.000081, 0.000077
3451, 0.000126, 0.000091, 0.000087
3452, 0.000125, 0.000095, 0.000090
3453, 0.000126, 0.000086, 0.000082
3454, 0.000125, 0.000089, 0.000085
3455, 0.000125, 0.000092, 0.000088
3456, 0.000126, 0.000083, 0.000079
3457, 0.000125, 0.000107, 0.000102
3458, 0.000127, 0.000076, 0.000071
3459, 0.000127, 0.000108, 0.000102
3460, 0.000128, 0.000078, 0.000074
3461, 0.000125, 0.000098, 0.000092
3462, 0.000126, 0.000092, 0.000087
3463, 0.000126, 0.000082, 0.000078
3464, 0.000125, 0.000103, 0.000099
3465, 0.000125, 0.000083, 0.000080
3466, 0.000123, 0.000089, 0.000084
3467, 0.000125, 0.000099, 0.000094
3468, 0.000125, 0.000072, 0.000068
3469, 0.000126, 0.000118, 0.000112
3470, 0.000129, 0.000074, 0.000071
3471, 0.000128, 0.000108, 0.000103
3472, 0.000127, 0.000084, 0.000079
3473, 0.000125, 0.000091, 0.000087
3474, 0.000126, 0.000105, 0.000099
3475, 0.000126, 0.000066, 0.000062
3476, 0.000127, 0.000122, 0.000116
3477, 0.000127, 0.000071, 0.000067
3478, 0.000125, 0.000104, 0.000098
3479, 0.000123, 0.000093, 0.000088
3480, 0.000123, 0.000072, 0.000068
3481, 0.000125, 0.000124, 0.000118
3482, 0.000127, 0.000063, 0.000060
3483, 0.000126, 0.000110, 0.000105
3484, 0.000125, 0.000087, 0.000083
3485, 0.000122, 0.000077, 0.000072
3486, 0.000123, 0.000116, 0.000111
3487, 0.000125, 0.000068, 0.000065
3488, 0.000127, 0.000114, 0.000108
3489, 0.000124, 0.000078, 0.000074
3490, 0.000124, 0.000089, 0.000085
3491, 0.000123, 0.000101, 0.000096
3492, 0.000124, 0.000073, 0.000070
3493, 0.000125, 0.000109, 0.000103
3494, 0.000122, 0.000082, 0.000078
3495, 0.000122, 0.000086, 0.000081
3496, 0.000122, 0.000112, 0.000106
3497, 0.000123, 0.000066, 0.000062
3498, 0.000127, 0.000132, 0.000125
3499, 0.000128, 0.000062, 0.000059
3500, 0.000130, 0.000139, 0.000133
3501, 0.000130, 0.000058, 0.000056
3502, 0.000131, 0.000129, 0.000123
3503, 0.000129, 0.000060, 0.000057
3504, 0.000128, 0.000130, 0.000124
3505, 0.000127, 0.000067, 0.000064
3506, 0.000123, 0.000097, 0.000092
3507, 0.000119, 0.000099, 0.000093
3508, 0.000124, 0.000076, 0.000071
3509, 0.000122, 0.000104, 0.000099
3510, 0.000122, 0.000073, 0.000069
3511, 0.000121, 0.000093, 0.000089
3512, 0.000119, 0.000081, 0.000077
3513, 0.000121, 0.000080, 0.000076
3514, 0.000122, 0.000106, 0.000101
3515, 0.000122, 0.000062, 0.000059
3516, 0.000125, 0.000132, 0.000125
3517, 0.000125, 0.000069, 0.000065
3518, 0.000123, 0.000104, 0.000098
3519, 0.000120, 0.000088, 0.000082
3520, 0.000121, 0.000076, 0.000072
3521, 0.000119, 0.000103, 0.000098
3522, 0.000122, 0.000069, 0.000065
3523, 0.000123, 0.000124, 0.000119
3524, 0.000127, 0.000057, 0.000055
3525, 0.000131, 0.000150, 0.000145
3526, 0.000132, 0.000058, 0.000056
3527, 0.000128, 0.000128, 0.000122
3528, 0.000126, 0.000073, 0.000069
3529, 0.000120, 0.000095, 0.000089
3530, 0.000120, 0.000089, 0.000084
3531, 0.000120, 0.000075, 0.000071
3532, 0.000119, 0.000103, 0.000099
3533, 0.000122, 0.000071, 0.000068
3534, 0.000122, 0.000100, 0.000095
3535, 0.000120, 0.000087, 0.000082
3536, 0.000119, 0.000088, 0.000083
3537, 0.000120, 0.000093, 0.000088
3538, 0.000119, 0.000078, 0.000073
3539, 0.000119, 0.000102, 0.000097
3540, 0.000121, 0.000072, 0.000069
3541, 0.000121, 0.000101, 0.000098
3542, 0.000121, 0.000075, 0.000074
3543, 0.000123, 0.000103, 0.000099
3544, 0.000118, 0.000081, 0.000078
3545, 0.000117, 0.000076, 0.000073
3546, 0.000120, 0.000112, 0.000107
3547, 0.000121, 0.000055, 0.000052
3548, 0.000128, 0.000154, 0.000148
3549, 0.000131, 0.000057, 0.000054
3550, 0.000127, 0.000117, 0.000111
3551, 0.000122, 0.000088, 0.000083
3552, 0.000117, 0.000070, 0.000066
3553, 0.000118, 0.000131, 0.000124
3554, 0.000124, 0.000056, 0.000053
3555, 0.000130, 0.000147, 0.000141
3556, 0.000129, 0.000056, 0.000054
3557, 0.000125, 0.000098, 0.000094
3558, 0.000119, 0.000085, 0.000081
3559, 0.000117, 0.000064, 0.000061
3560, 0.000120, 0.000129, 0.000125
3561, 0.000123, 0.000063, 0.000060
3562, 0.000123, 0.000123, 0.000119
3563, 0.000123, 0.000062, 0.000059
3564, 0.000122, 0.000101, 0.000097
3565, 0.000119, 0.000077, 0.000074
3566, 0.000118, 0.000078, 0.000074
3567, 0.000116, 0.000096, 0.000092
3568, 0.000118, 0.000072, 0.000069
3569, 0.000117, 0.000091, 0.000087
3570, 0.000116, 0.000078, 0.000075
3571, 0.000115, 0.000077, 0.000073
3572, 0.000117, 0.000099, 0.000095
3573, 0.000117, 0.000064, 0.000061
3574, 0.000118, 0.000100, 0.000096
3575, 0.000117, 0.000076, 0.000073
3576, 0.000115, 0.000081, 0.000078
3577, 0.000116, 0.000085, 0.000082
3578, 0.000116, 0.000072, 0.000068
3579, 0.000117, 0.000095, 0.000091
3580, 0.000118, 0.000068, 0.000065
3581, 0.000118, 0.000109, 0.000103
3582, 0.000119, 0.000061, 0.000058
3583, 0.000119, 0.000116, 0.000111
3584, 0.000119, 0.000064, 0.000061
3585, 0.000120, 0.000106, 0.000102
3586, 0.000119, 0.000061, 0.000058
3587, 0.000121, 0.000117, 0.000111
3588, 0.000121, 0.000058, 0.000055
3589, 0.000123, 0.000132, 0.000125
3590, 0.000124, 0.000059, 0.000056
3591, 0.000119, 0.000099, 0.000095
3592, 0.000116, 0.000090, 0.000086
3593, 0.000115, 0.000059, 0.000058
3594, 0.000123, 0.000152, 0.000148
3595, 0.000131, 0.000052, 0.000050
3596, 0.000139, 0.000182, 0.000177
3597, 0.000142, 0.000052, 0.000049
3598, 0.000137, 0.000136, 0.000130
3599, 0.000127, 0.000062, 0.000059
3600, 0.000118, 0.000079, 0.000074
3601, 0.000113, 0.000104, 0.000098
3602, 0.000118, 0.000056, 0.000053
3603, 0.000121, 0.000120, 0.000114
3604, 0.000121, 0.000057, 0.000055
3605, 0.000122, 0.000112, 0.000106
3606, 0.000120, 0.000065, 0.000062
3607, 0.000116, 0.000099, 0.000095
3608, 0.000116, 0.000067, 0.000063
3609, 0.000119, 0.000102, 0.000098
3610, 0.000119, 0.000074, 0.000069
3611, 0.000115, 0.000090, 0.000084
3612, 0.000114, 0.000074, 0.000071
3613, 0.000115, 0.000077, 0.000073
3614, 0.000114, 0.000085, 0.000082
3615, 0.000114, 0.000066, 0.000064
3616, 0.000113, 0.000099, 0.000096
3617, 0.000115, 0.000060, 0.000058
3618, 0.000118, 0.000096, 0.000092
3619, 0.000115, 0.000075, 0.000070
3620, 0.000114, 0.000070, 0.000067
3621, 0.000115, 0.000108, 0.000101
3622, 0.000116, 0.000058, 0.000054
3623, 0.000119, 0.000119, 0.000114
3624, 0.000119, 0.000060, 0.000057
3625, 0.000118, 0.000104, 0.000100
3626, 0.000116, 0.000070, 0.000067
3627, 0.000113, 0.000078, 0.000074
3628, 0.000114, 0.000082, 0.000077
3629, 0.000112, 0.000071, 0.000067
3630, 0.000112, 0.000077, 0.000073
3631, 0.000112, 0.000084, 0.000080
3632, 0.000112, 0.000067, 0.000063
3633, 0.000112, 0.000088, 0.000084
3634, 0.000114, 0.000069, 0.000067
3635, 0.000112, 0.000079, 0.000075
3636, 0.000111, 0.000079, 0.000075
3637, 0.000111, 0.000067, 0.000064
3638, 0.000113, 0.000101, 0.000096
3639, 0.000115, 0.000058, 0.000056
3640, 0.000116, 0.000096, 0.000091
3641, 0.000113, 0.000065, 0.000062
3642, 0.000112, 0.000093, 0.000088
3643, 0.000114, 0.000070, 0.000066
3644, 0.000112, 0.000082, 0.000079
3645, 0.000114, 0.000076, 0.000073
3646, 0.000112, 0.000070, 0.000068
3647, 0.000110, 0.000075, 0.000072
3648, 0.000111, 0.000084, 0.000080
3649, 0.000110, 0.000070, 0.000067
3650, 0.000112, 0.000091, 0.000086
3651, 0.000111, 0.000073, 0.000069
3652, 0.000110, 0.000078, 0.000075
3653, 0.000112, 0.000083, 0.000079
3654, 0.000112, 0.000072, 0.000069
3655, 0.000110, 0.000078, 0.000075
3656, 0.000111, 0.000074, 0.000071
3657, 0.000110, 0.000083, 0.000079
3658, 0.000110, 0.000069, 0.000065
3659, 0.000110, 0.000092, 0.000087
3660, 0.000111, 0.000070, 0.000066
3661, 0.000110, 0.000071, 0.000067
3662, 0.000111, 0.000101, 0.000097
3663, 0.000114, 0.000054, 0.000051
3664, 0.000117, 0.000128, 0.000122
3665, 0.000121, 0.000052, 0.000050
3666, 0.000125, 0.000146, 0.000138
3667, 0.000129, 0.000054, 0.000052
3668, 0.000130, 0.000147, 0.000139
3669, 0.000127, 0.000052, 0.000049
3670, 0.000122, 0.000110, 0.000107
3671, 0.000115, 0.000068, 0.000064
3672, 0.000113, 0.000068, 0.000065
3673, 0.000112, 0.000105, 0.000100
3674, 0.000115, 0.000054, 0.000051
3675, 0.000120, 0.000122, 0.000117
3676, 0.000121, 0.000053, 0.000051
3677, 0.000118, 0.000110, 0.000106
3678, 0.000115, 0.000065, 0.000062
3679, 0.000110, 0.000064, 0.000062
3680, 0.000110, 0.000119, 0.000116
3681, 0.000119, 0.000049, 0.000047
3682, 0.000129, 0.000159, 0.000155
3683, 0.000131, 0.000051, 0.000049
3684, 0.000122, 0.000097, 0.000095
3685, 0.000113, 0.000072, 0.000069
3686, 0.000111, 0.000065, 0.000063
3687, 0.000111, 0.000094, 0.000091
3688, 0.000110, 0.000058, 0.000055
3689, 0.000113, 0.000110, 0.000107
3690, 0.000117, 0.000055, 0.000052
3691, 0.000118, 0.000104, 0.000100
3692, 0.000113, 0.000062, 0.000060
3693, 0.000110, 0.000081, 0.000077
3694, 0.000111, 0.000070, 0.000068
3695, 0.000112, 0.000080, 0.000076
3696, 0.000109, 0.000072, 0.000068
3697, 0.000110, 0.000069, 0.000066
3698, 0.000111, 0.000094, 0.000089
3699, 0.000111, 0.000062, 0.000059
3700, 0.000111, 0.000084, 0.000081
3701, 0.000110, 0.000071, 0.000068
3702, 0.000109, 0.000074, 0.000072
3703, 0.000110, 0.000072, 0.000070
3704, 0.000109, 0.000071, 0.000071
3705, 0.000109, 0.000080, 0.000078
3706, 0.000108, 0.000063, 0.000060
3707, 0.000109, 0.000077, 0.000074
3708, 0.000108, 0.000076, 0.000071
3709, 0.000108, 0.000069, 0.000065
3710, 0.000107, 0.000088, 0.000083
3711, 0.000108, 0.000058, 0.000055
3712, 0.000111, 0.000101, 0.000097
3713, 0.000112, 0.000052, 0.000050
3714, 0.000116, 0.000122, 0.000117
3715, 0.000117, 0.000052, 0.000050
3716, 0.000115, 0.000101, 0.000097
3717, 0.000111, 0.000062, 0.000060
3718, 0.000107, 0.000065, 0.000063
3719, 0.000108, 0.000107, 0.000102
3720, 0.000113, 0.000052, 0.000050
3721, 0.000117, 0.000121, 0.000115
3722, 0.000116, 0.000058, 0.000055
3723, 0.000111, 0.000077, 0.000075
3724, 0.000107, 0.000090, 0.000086
3725, 0.000109, 0.000051, 0.000049
3726, 0.000114, 0.000120, 0.000116
3727, 0.000117, 0.000052, 0.000049
3728, 0.000116, 0.000094, 0.000091
3729, 0.000109, 0.000071, 0.000068
3730, 0.000106, 0.000062, 0.000058
3731, 0.000108, 0.000101, 0.000098
3732, 0.000114, 0.000056, 0.000052
3733, 0.000117, 0.000110, 0.000105
3734, 0.000114, 0.000058, 0.000055
3735, 0.000109, 0.000080, 0.000075
3736, 0.000109, 0.000085, 0.000082
3737, 0.000112, 0.000064, 0.000059
3738, 0.000110, 0.000097, 0.000092
3739, 0.000110, 0.000058, 0.000056
3740, 0.000115, 0.000114, 0.000109
3741, 0.000118, 0.000060, 0.000059
3742, 0.000122, 0.000112, 0.000107
3743, 0.000114, 0.000059, 0.000056
3744, 0.000107, 0.000070, 0.000068
3745, 0.000108, 0.000093, 0.000089
3746, 0.000110, 0.000053, 0.000051
3747, 0.000114, 0.000110, 0.000106
3748, 0.000113, 0.000056, 0.000053
3749, 0.000113, 0.000091, 0.000089
3750, 0.000110, 0.000066, 0.000063
3751, 0.000107, 0.000071, 0.000068
3752, 0.000105, 0.000081, 0.000077
3753, 0.000105, 0.000063, 0.000059
3754, 0.000107, 0.000085, 0.000080
3755, 0.000106, 0.000064, 0.000060
3756, 0.000104, 0.000070, 0.000067
3757, 0.000106, 0.000087, 0.000083
3758, 0.000107, 0.000053, 0.000051
3759, 0.000110, 0.000115, 0.000111
3760, 0.000116, 0.000052, 0.000050
3761, 0.000112, 0.000095, 0.000091
3762, 0.000108, 0.000064, 0.000062
3763, 0.000106, 0.000065, 0.000061
3764, 0.000105, 0.000093, 0.000089
3765, 0.000108, 0.000054, 0.000052
3766, 0.000112, 0.000111, 0.000105
3767, 0.000112, 0.000051, 0.000048
3768, 0.000115, 0.000102, 0.000098
3769, 0.000112, 0.000055, 0.000052
3770, 0.000109, 0.000082, 0.000079
3771, 0.000105, 0.000076, 0.000072
3772, 0.000105, 0.000057, 0.000053
3773, 0.000109, 0.000096, 0.000092
3774, 0.000109, 0.000056, 0.000053
3775, 0.000109, 0.000080, 0.000077
3776, 0.000104, 0.000073, 0.000071
3777, 0.000104, 0.000054, 0.000052
3778, 0.000105, 0.000096, 0.000092
3779, 0.000109, 0.000055, 0.000053
3780, 0.000108, 0.000087, 0.000081
3781, 0.000106, 0.000063, 0.000059
3782, 0.000104, 0.000069, 0.000065
3783, 0.000103, 0.000072, 0.000068
3784, 0.000104, 0.000068, 0.000065
3785, 0.000104, 0.000063, 0.000061
3786, 0.000104, 0.000076, 0.000074
3787, 0.000103, 0.000060, 0.000057
3788, 0.000103, 0.000072, 0.000069
3789, 0.000103, 0.000067, 0.000064
3790, 0.000102, 0.000063, 0.000061
3791, 0.000104, 0.000087, 0.000084
3792, 0.000107, 0.000050, 0.000048
3793, 0.000112, 0.000124, 0.000119
3794, 0.000116, 0.000050, 0.000048
3795, 0.000112, 0.000092, 0.000088
3796, 0.000106, 0.000064, 0.000060
3797, 0.000102, 0.000058, 0.000056
3798, 0.000104, 0.000083, 0.000080
3799, 0.000105, 0.000057, 0.000055
3800, 0.000104, 0.000079, 0.000076
3801, 0.000103, 0.000069, 0.000066
3802, 0.000101, 0.000057, 0.000055
3803, 0.000104, 0.000085, 0.000082
3804, 0.000103, 0.000056, 0.000054
3805, 0.000106, 0.000083, 0.000081
3806, 0.000104, 0.000061, 0.000059
3807, 0.000103, 0.000065, 0.000062
3808, 0.000103, 0.000075, 0.000073
3809, 0.000103, 0.000057, 0.000054
3810, 0.000104, 0.000090, 0.000086
3811, 0.000105, 0.000053, 0.000051
3812, 0.000108, 0.000106, 0.000102
3813, 0.000109, 0.000050, 0.000048
3814, 0.000111, 0.000096, 0.000092
3815, 0.000108, 0.000064, 0.000060
3816, 0.000102, 0.000057, 0.000054
3817, 0.000102, 0.000106, 0.000102
3818, 0.000110, 0.000051, 0.000048
3819, 0.000113, 0.000110, 0.000106
3820, 0.000113, 0.000049, 0.000047
3821, 0.000107, 0.000077, 0.000074
3822, 0.000101, 0.000073, 0.000070
3823, 0.000102, 0.000054, 0.000051
3824, 0.000105, 0.000096, 0.000092
3825, 0.000105, 0.000053, 0.000050
3826, 0.000107, 0.000093, 0.000088
3827, 0.000105, 0.000054, 0.000052
3828, 0.000105, 0.000079, 0.000075
3829, 0.000103, 0.000062, 0.000060
3830, 0.000101, 0.000062, 0.000059
3831, 0.000101, 0.000084, 0.000080
3832, 0.000102, 0.000054, 0.000051
3833, 0.000104, 0.000091, 0.000088
3834, 0.000105, 0.000052, 0.000049
3835, 0.000107, 0.000086, 0.000083
3836, 0.000105, 0.000059, 0.000057
3837, 0.000103, 0.000067, 0.000064
3838, 0.000100, 0.000069, 0.000066
3839, 0.000100, 0.000064, 0.000060
3840, 0.000100, 0.000077, 0.000072
3841, 0.000100, 0.000054, 0.000052
3842, 0.000102, 0.000085, 0.000081
3843, 0.000103, 0.000057, 0.000055
3844, 0.000101, 0.000070, 0.000068
3845, 0.000102, 0.000067, 0.000065
3846, 0.000100, 0.000064, 0.000062
3847, 0.000100, 0.000067, 0.000064
3848, 0.000099, 0.000064, 0.000061
3849, 0.000100, 0.000069, 0.000067
3850, 0.000100, 0.000067, 0.000064
3851, 0.000100, 0.000054, 0.000053
3852, 0.000101, 0.000088, 0.000085
3853, 0.000103, 0.000052, 0.000050
3854, 0.000104, 0.000080, 0.000077
3855, 0.000103, 0.000057, 0.000054
3856, 0.000101, 0.000072, 0.000069
3857, 0.000099, 0.000068, 0.000066
3858, 0.000100, 0.000058, 0.000055
3859, 0.000102, 0.000090, 0.000086
3860, 0.000104, 0.000053, 0.000051
3861, 0.000106, 0.000093, 0.000088
3862, 0.000104, 0.000054, 0.000052
3863, 0.000101, 0.000066, 0.000063
3864, 0.000100, 0.000077, 0.000074
3865, 0.000099, 0.000053, 0.000052
3866, 0.000104, 0.000095, 0.000090
3867, 0.000106, 0.000052, 0.000050
3868, 0.000101, 0.000073, 0.000069
3869, 0.000100, 0.000074, 0.000070
3870, 0.000100, 0.000051, 0.000050
3871, 0.000109, 0.000122, 0.000117
3872, 0.000116, 0.000050, 0.000049
3873, 0.000119, 0.000118, 0.000114
3874, 0.000115, 0.000050, 0.000047
3875, 0.000106, 0.000071, 0.000068
3876, 0.000098, 0.000079, 0.000075
3877, 0.000101, 0.000054, 0.000051
3878, 0.000109, 0.000119, 0.000114
3879, 0.000114, 0.000049, 0.000047
3880, 0.000108, 0.000084, 0.000079
3881, 0.000102, 0.000063, 0.000061
3882, 0.000101, 0.000060, 0.000057
3883, 0.000100, 0.000081, 0.000078
3884, 0.000102, 0.000053, 0.000053
3885, 0.000105, 0.000089, 0.000085
3886, 0.000104, 0.000064, 0.000063
3887, 0.000101, 0.000060, 0.000058
3888, 0.000098, 0.000087, 0.000083
3889, 0.000103, 0.000052, 0.000050
3890, 0.000106, 0.000095, 0.000090
3891, 0.000104, 0.000057, 0.000055
3892, 0.000099, 0.000059, 0.000057
3893, 0.000099, 0.000079, 0.000076
3894, 0.000102, 0.000054, 0.000054
3895, 0.000105, 0.000099, 0.000094
3896, 0.000105, 0.000052, 0.000050
3897, 0.000103, 0.000080, 0.000077
3898, 0.000101, 0.000055, 0.000052
3899, 0.000099, 0.000066, 0.000063
3900, 0.000097, 0.000064, 0.000062
3901, 0.000098, 0.000066, 0.000063
3902, 0.000096, 0.000059, 0.000057
3903, 0.000097, 0.000072, 0.000069
3904, 0.000098, 0.000057, 0.000054
3905, 0.000098, 0.000075, 0.000072
3906, 0.000098, 0.000059, 0.000057
3907, 0.000098, 0.000060, 0.000057
3908, 0.000097, 0.000073, 0.000069
3909, 0.000099, 0.000057, 0.000053
3910, 0.000099, 0.000072, 0.000068
3911, 0.000098, 0.000061, 0.000058
3912, 0.000097, 0.000063, 0.000059
3913, 0.000097, 0.000066, 0.000064
3914, 0.000096, 0.000067, 0.000065
3915, 0.000096, 0.000059, 0.000057
3916, 0.000096, 0.000065, 0.000063
3917, 0.000098, 0.000059, 0.000057
3918, 0.000097, 0.000062, 0.000059
3919, 0.000096, 0.000068, 0.000065
3920, 0.000097, 0.000061, 0.000057
3921, 0.000097, 0.000073, 0.000070
3922, 0.000096, 0.000053, 0.000051
3923, 0.000100, 0.000085, 0.000081
3924, 0.000100, 0.000050, 0.000048
3925, 0.000101, 0.000081, 0.000076
3926, 0.000099, 0.000054, 0.000050
3927, 0.000097, 0.000065, 0.000062
3928, 0.000096, 0.000066, 0.000062
3929, 0.000096, 0.000057, 0.000055
3930, 0.000097, 0.000073, 0.000070
3931, 0.000096, 0.000059, 0.000056
3932, 0.000096, 0.000061, 0.000058
3933, 0.000096, 0.000084, 0.000080
3934, 0.000100, 0.000049, 0.000048
3935, 0.000107, 0.000118, 0.000113
3936, 0.000113, 0.000051, 0.000049
3937, 0.000114, 0.000108, 0.000105
3938, 0.000110, 0.000050, 0.000048
3939, 0.000100, 0.000064, 0.000062
3940, 0.000095, 0.000081, 0.000079
3941, 0.000099, 0.000050, 0.000048
3942, 0.000109, 0.000126, 0.000122
3943, 0.000118, 0.000051, 0.000049
3944, 0.000113, 0.000100, 0.000094
3945, 0.000104, 0.000055, 0.000053
3946, 0.000099, 0.000063, 0.000059
3947, 0.000095, 0.000070, 0.000067
3948, 0.000095, 0.000051, 0.000050
3949, 0.000100, 0.000092, 0.000088
3950, 0.000103, 0.000049, 0.000048
3951, 0.000105, 0.000098, 0.000093
3952, 0.000104, 0.000050, 0.000047
3953, 0.000099, 0.000068, 0.000064
3954, 0.000096, 0.000059, 0.000056
3955, 0.000094, 0.000055, 0.000053
3956, 0.000095, 0.000083, 0.000080
3957, 0.000099, 0.000050, 0.000049
3958, 0.000101, 0.000080, 0.000077
3959, 0.000098, 0.000055, 0.000053
3960, 0.000095, 0.000053, 0.000051
3961, 0.000095, 0.000079, 0.000076
3962, 0.000097, 0.000050, 0.000048
3963, 0.000099, 0.000077, 0.000074
3964, 0.000097, 0.000056, 0.000055
3965, 0.000095, 0.000056, 0.000054
3966, 0.000094, 0.000079, 0.000075
3967, 0.000098, 0.000050, 0.000049
3968, 0.000102, 0.000095, 0.000090
3969, 0.000103, 0.000051, 0.000049
3970, 0.000100, 0.000069, 0.000066
3971, 0.000096, 0.000068, 0.000064
3972, 0.000096, 0.000051, 0.000050
3973, 0.000099, 0.000090, 0.000086
3974, 0.000100, 0.000051, 0.000049
3975, 0.000102, 0.000078, 0.000076
3976, 0.000100, 0.000059, 0.000057
3977, 0.000095, 0.000056, 0.000054
3978, 0.000095, 0.000090, 0.000088
3979, 0.000103, 0.000051, 0.000049
3980, 0.000109, 0.000109, 0.000103
3981, 0.000109, 0.000050, 0.000049
3982, 0.000102, 0.000070, 0.000066
3983, 0.000096, 0.000072, 0.000070
3984, 0.000098, 0.000049, 0.000047
3985, 0.000105, 0.000110, 0.000105
3986, 0.000108, 0.000053, 0.000053
3987, 0.000105, 0.000074, 0.000069
3988, 0.000098, 0.000066, 0.000063
3989, 0.000094, 0.000051, 0.000049
3990, 0.000099, 0.000093, 0.000089
3991, 0.000102, 0.000050, 0.000049
3992, 0.000099, 0.000065, 0.000063
3993, 0.000093, 0.000062, 0.000060
3994, 0.000094, 0.000053, 0.000052
3995, 0.000097, 0.000082, 0.000078
3996, 0.000097, 0.000052, 0.000050
3997, 0.000098, 0.000079, 0.000076
3998, 0.000096, 0.000054, 0.000052
3999, 0.000094, 0.000063, 0.000061
4000, 0.000094, 0.000056, 0.000054
4001, 0.000093, 0.000059, 0.000056
4002, 0.000091, 0.000059, 0.000057
4003, 0.000093, 0.000058, 0.000056
4004, 0.000093, 0.000060, 0.000058
4005, 0.000094, 0.000060, 0.000059
4006, 0.000093, 0.000065, 0.000063
4007, 0.000093, 0.000058, 0.000057
4008, 0.000092, 0.000059, 0.000058
4009, 0.000093, 0.000060, 0.000057
4010, 0.000093, 0.000061, 0.000059
4011, 0.000092, 0.000056, 0.000054
4012, 0.000092, 0.000059, 0.000056
4013, 0.000091, 0.000060, 0.000057
4014, 0.000091, 0.000056, 0.000054
4015, 0.000093, 0.000063, 0.000060
4016, 0.000093, 0.000059, 0.000058
4017, 0.000093, 0.000059, 0.000057
4018, 0.000092, 0.000066, 0.000063
4019, 0.000092, 0.000051, 0.000050
4020, 0.000095, 0.000073, 0.000070
4021, 0.000095, 0.000050, 0.000048
4022, 0.000096, 0.000072, 0.000070
4023, 0.000094, 0.000054, 0.000051
4024, 0.000093, 0.000061, 0.000058
4025, 0.000091, 0.000061, 0.000059
4026, 0.000091, 0.000059, 0.000056
4027, 0.000091, 0.000062, 0.000059
4028, 0.000091, 0.000058, 0.000056
4029, 0.000093, 0.000062, 0.000059
4030, 0.000092, 0.000056, 0.000055
4031, 0.000091, 0.000062, 0.000059
4032, 0.000090, 0.000054, 0.000052
4033, 0.000092, 0.000066, 0.000063
4034, 0.000092, 0.000055, 0.000052
4035, 0.000091, 0.000068, 0.000066
4036, 0.000092, 0.000053, 0.000051
4037, 0.000093, 0.000067, 0.000064
4038, 0.000091, 0.000055, 0.000054
4039, 0.000092, 0.000056, 0.000053
4040, 0.000091, 0.000063, 0.000059
4041, 0.000091, 0.000057, 0.000054
4042, 0.000091, 0.000055, 0.000052
4043, 0.000091, 0.000071, 0.000068
4044, 0.000093, 0.000049, 0.000048
4045, 0.000096, 0.000077, 0.000074
4046, 0.000096, 0.000051, 0.000050
4047, 0.000097, 0.000084, 0.000080
4048, 0.000096, 0.000052, 0.000049
4049, 0.000096, 0.000068, 0.000066
4050, 0.000093, 0.000062, 0.000060
4051, 0.000092, 0.000050, 0.000048
4052, 0.000094, 0.000084, 0.000081
4053, 0.000099, 0.000051, 0.000049
4054, 0.000107, 0.000108, 0.000103
4055, 0.000109, 0.000050, 0.000049
4056, 0.000106, 0.000090, 0.000085
4057, 0.000101, 0.000054, 0.000053
4058, 0.000098, 0.000067, 0.000063
4059, 0.000093, 0.000061, 0.000060
4060, 0.000090, 0.000050, 0.000049
4061, 0.000096, 0.000100, 0.000095
4062, 0.000105, 0.000057, 0.000057
4063, 0.000111, 0.000095, 0.000090
4064, 0.000103, 0.000050, 0.000048
4065, 0.000094, 0.000061, 0.000060
4066, 0.000094, 0.000070, 0.000067
4067, 0.000094, 0.000050, 0.000049
4068, 0.000095, 0.000087, 0.000085
4069, 0.000101, 0.000052, 0.000050
4070, 0.000097, 0.000069, 0.000066
4071, 0.000092, 0.000060, 0.000058
4072, 0.000091, 0.000052, 0.000050
4073, 0.000095, 0.000086, 0.000083
4074, 0.000100, 0.000048, 0.000047
4075, 0.000099, 0.000079, 0.000076
4076, 0.000097, 0.000051, 0.000051
4077, 0.000094, 0.000060, 0.000058
4078, 0.000090, 0.000063, 0.000060
4079, 0.000090, 0.000053, 0.000053
4080, 0.000092, 0.000062, 0.000059
4081, 0.000091, 0.000055, 0.000053
4082, 0.000089, 0.000052, 0.000051
4083, 0.000089, 0.000064, 0.000061
4084, 0.000090, 0.000053, 0.000051
4085, 0.000090, 0.000061, 0.000059
4086, 0.000090, 0.000055, 0.000054
4087, 0.000088, 0.000055, 0.000053
4088, 0.000089, 0.000056, 0.000053
4089, 0.000089, 0.000059, 0.000057
4090, 0.000089, 0.000052, 0.000050
4091, 0.000089, 0.000064, 0.000062
4092, 0.000089, 0.000051, 0.000050
4093, 0.000089, 0.000058, 0.000056
4094, 0.000088, 0.000055, 0.000053
4095, 0.000088, 0.000054, 0.000052
4096, 0.000088, 0.000054, 0.000053
4097, 0.000089, 0.000057, 0.000055
4098, 0.000088, 0.000054, 0.000053
4099, 0.000089, 0.000063, 0.000060
4100, 0.000088, 0.000051, 0.000049
4101, 0.000089, 0.000064, 0.000062
4102, 0.000089, 0.000053, 0.000050
4103, 0.000089, 0.000061, 0.000059
4104, 0.000088, 0.000054, 0.000051
4105, 0.000089, 0.000063, 0.000060
4106, 0.000089, 0.000048, 0.000048
4107, 0.000090, 0.000066, 0.000065
4108, 0.000091, 0.000050, 0.000048
4109, 0.000090, 0.000063, 0.000061
4110, 0.000088, 0.000052, 0.000049
4111, 0.000089, 0.000057, 0.000054
4112, 0.000089, 0.000055, 0.000052
4113, 0.000087, 0.000056, 0.000054
4114, 0.000088, 0.000062, 0.000060
4115, 0.000089, 0.000051, 0.000050
4116, 0.000089, 0.000060, 0.000058
4117, 0.000089, 0.000051, 0.000049
4118, 0.000088, 0.000056, 0.000053
4119, 0.000088, 0.000060, 0.000058
4120, 0.000089, 0.000049, 0.000047
4121, 0.000090, 0.000072, 0.000070
4122, 0.000091, 0.000047, 0.000046
4123, 0.000093, 0.000074, 0.000071
4124, 0.000092, 0.000050, 0.000049
4125, 0.000091, 0.000064, 0.000062
4126, 0.000089, 0.000059, 0.000056
4127, 0.000088, 0.000051, 0.000050
4128, 0.000092, 0.000074, 0.000071
4129, 0.000093, 0.000049, 0.000048
4130, 0.000093, 0.000075, 0.000074
4131, 0.000094, 0.000051, 0.000051
4132, 0.000091, 0.000065, 0.000063
4133, 0.000089, 0.000054, 0.000054
4134, 0.000088, 0.000054, 0.000052
4135, 0.000089, 0.000066, 0.000064
4136, 0.000089, 0.000047, 0.000047
4137, 0.000092, 0.000083, 0.000081
4138, 0.000097, 0.000049, 0.000049
4139, 0.000096, 0.000078, 0.000076
4140, 0.000093, 0.000049, 0.000048
4141, 0.000090, 0.000060, 0.000058
4142, 0.000087, 0.000058, 0.000056
4143, 0.000087, 0.000048, 0.000048
4144, 0.000089, 0.000075, 0.000073
4145, 0.000093, 0.000049, 0.000048
4146, 0.000096, 0.000079, 0.000076
4147, 0.000095, 0.000048, 0.000047
4148, 0.000092, 0.000074, 0.000070
4149, 0.000092, 0.000056, 0.000055
4150, 0.000090, 0.000054, 0.000051
4151, 0.000090, 0.000080, 0.000076
4152, 0.000093, 0.000051, 0.000051
4153, 0.000099, 0.000093, 0.000088
4154, 0.000101, 0.000049, 0.000048
4155, 0.000095, 0.000065, 0.000062
4156, 0.000088, 0.000055, 0.000053
4157, 0.000087, 0.000048, 0.000048
4158, 0.000090, 0.000078, 0.000077
4159, 0.000095, 0.000049, 0.000048
4160, 0.000095, 0.000078, 0.000076
4161, 0.000094, 0.000050, 0.000048
4162, 0.000090, 0.000057, 0.000055
4163, 0.000085, 0.000061, 0.000059
4164, 0.000086, 0.000049, 0.000049
4165, 0.000092, 0.000084, 0.000081
4166, 0.000097, 0.000049, 0.000049
4167, 0.000097, 0.000082, 0.000078
4168, 0.000094, 0.000049, 0.000048
4169, 0.000088, 0.000056, 0.000054
4170, 0.000085, 0.000062, 0.000059
4171, 0.000087, 0.000049, 0.000048
4172, 0.000093, 0.000085, 0.000082
4173, 0.000096, 0.000048, 0.000047
4174, 0.000096, 0.000071, 0.000067
4175, 0.000090, 0.000049, 0.000048
4176, 0.000086, 0.000051, 0.000049
4177, 0.000086, 0.000062, 0.000060
4178, 0.000087, 0.000046, 0.000046
4179, 0.000091, 0.000077, 0.000074
4180, 0.000094, 0.000049, 0.000048
4181, 0.000093, 0.000070, 0.000068
4182, 0.000089, 0.000050, 0.000049
4183, 0.000086, 0.000052, 0.000051
4184, 0.000086, 0.000058, 0.000055
4185, 0.000085, 0.000049, 0.000048
4186, 0.000086, 0.000056, 0.000053
4187, 0.000085, 0.000052, 0.000050
4188, 0.000085, 0.000050, 0.000049
4189, 0.000085, 0.000061, 0.000060
4190, 0.000086, 0.000048, 0.000048
4191, 0.000088, 0.000066, 0.000066
4192, 0.000091, 0.000049, 0.000048
4193, 0.000089, 0.000057, 0.000056
4194, 0.000085, 0.000055, 0.000053
4195, 0.000084, 0.000049, 0.000048
4196, 0.000088, 0.000069, 0.000067
4197, 0.000091, 0.000048, 0.000048
4198, 0.000090, 0.000062, 0.000060
4199, 0.000085, 0.000051, 0.000051
4200, 0.000085, 0.000048, 0.000047
4201, 0.000086, 0.000076, 0.000073
4202, 0.000091, 0.000050, 0.000049
4203, 0.000096, 0.000076, 0.000073
4204, 0.000094, 0.000050, 0.000048
4205, 0.000091, 0.000056, 0.000054
4206, 0.000087, 0.000061, 0.000057
4207, 0.000087, 0.000048, 0.000047
4208, 0.000088, 0.000069, 0.000067
4209, 0.000089, 0.000052, 0.000050
4210, 0.000088, 0.000056, 0.000055
4211, 0.000084, 0.000056, 0.000055
4212, 0.000084, 0.000049, 0.000047
4213, 0.000090, 0.000070, 0.000068
4214, 0.000091, 0.000049, 0.000048
4215, 0.000088, 0.000061, 0.000058
4216, 0.000086, 0.000054, 0.000054
4217, 0.000085, 0.000051, 0.000049
4218, 0.000085, 0.000062, 0.000059
4219, 0.000086, 0.000049, 0.000048
4220, 0.000088, 0.000064, 0.000062
4221, 0.000087, 0.000051, 0.000050
4222, 0.000086, 0.000048, 0.000047
4223, 0.000084, 0.000063, 0.000061
4224, 0.000087, 0.000049, 0.000048
4225, 0.000091, 0.000069, 0.000067
4226, 0.000090, 0.000049, 0.000049
4227, 0.000086, 0.000060, 0.000058
4228, 0.000085, 0.000054, 0.000053
4229, 0.000083, 0.000048, 0.000048
4230, 0.000083, 0.000060, 0.000058
4231, 0.000084, 0.000048, 0.000047
4232, 0.000084, 0.000051, 0.000050
4233, 0.000083, 0.000053, 0.000052
4234, 0.000083, 0.000050, 0.000049
4235, 0.000083, 0.000054, 0.000053
4236, 0.000083, 0.000047, 0.000046
4237, 0.000085, 0.000066, 0.000064
4238, 0.000087, 0.000050, 0.000049
4239, 0.000088, 0.000063, 0.000061
4240, 0.000084, 0.000053, 0.000052
4241, 0.000083, 0.000048, 0.000048
4242, 0.000087, 0.000075, 0.000071
4243, 0.000091, 0.000050, 0.000050
4244, 0.000093, 0.000076, 0.000074
4245, 0.000091, 0.000049, 0.000048
4246, 0.000086, 0.000051, 0.000050
4247, 0.000083, 0.000061, 0.000060
4248, 0.000086, 0.000049, 0.000049
4249, 0.000092, 0.000078, 0.000075
4250, 0.000093, 0.000050, 0.000050
4251, 0.000089, 0.000059, 0.000056
4252, 0.000085, 0.000060, 0.000057
4253, 0.000084, 0.000051, 0.000051
4254, 0.000087, 0.000063, 0.000061
4255, 0.000086, 0.000049, 0.000048
4256, 0.000084, 0.000055, 0.000054
4257, 0.000083, 0.000054, 0.000052
4258, 0.000083, 0.000050, 0.000048
4259, 0.000083, 0.000056, 0.000055
4260, 0.000084, 0.000051, 0.000050
4261, 0.000084, 0.000055, 0.000054
4262, 0.000082, 0.000049, 0.000050
4263, 0.000083, 0.000055, 0.000055
4264, 0.000083, 0.000050, 0.000049
4265, 0.000084, 0.000058, 0.000057
4266, 0.000085, 0.000053, 0.000050
4267, 0.000083, 0.000051, 0.000049
4268, 0.000082, 0.000060, 0.000058
4269, 0.000085, 0.000051, 0.000050
4270, 0.000086, 0.000054, 0.000054
4271, 0.000083, 0.000055, 0.000054
4272, 0.000083, 0.000049, 0.000048
4273, 0.000082, 0.000056, 0.000054
4274, 0.000083, 0.000048, 0.000047
4275, 0.000083, 0.000055, 0.000053
4276, 0.000081, 0.000051, 0.000050
4277, 0.000082, 0.000055, 0.000054
4278, 0.000082, 0.000052, 0.000051
4279, 0.000081, 0.000053, 0.000053
4280, 0.000082, 0.000052, 0.000051
4281, 0.000081, 0.000055, 0.000053
4282, 0.000082, 0.000051, 0.000050
4283, 0.000082, 0.000051, 0.000050
4284, 0.000081, 0.000052, 0.000051
4285, 0.000083, 0.000050, 0.000051
4286, 0.000082, 0.000053, 0.000052
4287, 0.000081, 0.000051, 0.000050
4288, 0.000081, 0.000055, 0.000053
4289, 0.000081, 0.000050, 0.000048
4290, 0.000081, 0.000053, 0.000051
4291, 0.000082, 0.000047, 0.000047
4292, 0.000081, 0.000051, 0.000050
4293, 0.000080, 0.000050, 0.000049
4294, 0.000082, 0.000052, 0.000052
4295, 0.000081, 0.000053, 0.000051
4296, 0.000081, 0.000058, 0.000055
4297, 0.000081, 0.000051, 0.000050
4298, 0.000081, 0.000053, 0.000051
4299, 0.000081, 0.000053, 0.000051
4300, 0.000083, 0.000055, 0.000054
4301, 0.000082, 0.000048, 0.000047
4302, 0.000081, 0.000061, 0.000059
4303, 0.000084, 0.000048, 0.000049
4304, 0.000087, 0.000067, 0.000065
4305, 0.000085, 0.000051, 0.000050
4306, 0.000086, 0.000066, 0.000064
4307, 0.000085, 0.000048, 0.000047
4308, 0.000082, 0.000060, 0.000057
4309, 0.000083, 0.000052, 0.000052
4310, 0.000082, 0.000051, 0.000051
4311, 0.000080, 0.000060, 0.000059
4312, 0.000084, 0.000051, 0.000052
4313, 0.000089, 0.000075, 0.000073
4314, 0.000090, 0.000055, 0.000054
4315, 0.000096, 0.000087, 0.000086
4316, 0.000101, 0.000058, 0.000058
4317, 0.000101, 0.000106, 0.000101
4318, 0.000107, 0.000063, 0.000065
4319, 0.000106, 0.000089, 0.000085
4320, 0.000096, 0.000048, 0.000048
4321, 0.000084, 0.000048, 0.000047
4322, 0.000080, 0.000078, 0.000074
4323, 0.000092, 0.000058, 0.000058
4324, 0.000101, 0.000092, 0.000089
4325, 0.000101, 0.000053, 0.000053
4326, 0.000090, 0.000058, 0.000057
4327, 0.000083, 0.000055, 0.000054
4328, 0.000080, 0.000049, 0.000049
4329, 0.000085, 0.000071, 0.000067
4330, 0.000089, 0.000051, 0.000050
4331, 0.000088, 0.000061, 0.000058
4332, 0.000083, 0.000049, 0.000048
4333, 0.000079, 0.000049, 0.000049
4334, 0.000083, 0.000072, 0.000070
4335, 0.000089, 0.000057, 0.000058
4336, 0.000096, 0.000086, 0.000083
4337, 0.000096, 0.000049, 0.000049
4338, 0.000086, 0.000051, 0.000049
4339, 0.000080, 0.000070, 0.000067
4340, 0.000086, 0.000053, 0.000053
4341, 0.000093, 0.000074, 0.000072
4342, 0.000090, 0.000047, 0.000047
4343, 0.000083, 0.000050, 0.000049
4344, 0.000080, 0.000063, 0.000060
4345, 0.000082, 0.000051, 0.000050
4346, 0.000088, 0.000069, 0.000066
4347, 0.000088, 0.000049, 0.000048
4348, 0.000086, 0.000056, 0.000055
4349, 0.000080, 0.000052, 0.000051
4350, 0.000080, 0.000049, 0.000049
4351, 0.000082, 0.000065, 0.000063
4352, 0.000085, 0.000048, 0.000047
4353, 0.000084, 0.000054, 0.000052
4354, 0.000082, 0.000049, 0.000048
4355, 0.000079, 0.000052, 0.000051
4356, 0.000079, 0.000055, 0.000053
4357, 0.000080, 0.000050, 0.000049
4358, 0.000081, 0.000058, 0.000057
4359, 0.000083, 0.000049, 0.000048
4360, 0.000081, 0.000051, 0.000051
4361, 0.000080, 0.000049, 0.000048
4362, 0.000079, 0.000051, 0.000050
4363, 0.000079, 0.000051, 0.000050
4364, 0.000079, 0.000047, 0.000046
4365, 0.000079, 0.000053, 0.000052
4366, 0.000079, 0.000049, 0.000049
4367, 0.000079, 0.000052, 0.000051
4368, 0.000080, 0.000049, 0.000048
4369, 0.000079, 0.000051, 0.000051
4370, 0.000079, 0.000050, 0.000049
4371, 0.000079, 0.000049, 0.000049
4372, 0.000078, 0.000050, 0.000049
4373, 0.000078, 0.000049, 0.000048
4374, 0.000079, 0.000054, 0.000052
4375, 0.000080, 0.000048, 0.000048
4376, 0.000080, 0.000054, 0.000053
4377, 0.000079, 0.000048, 0.000048
4378, 0.000078, 0.000048, 0.000048
4379, 0.000079, 0.000054, 0.000052
4380, 0.000079, 0.000048, 0.000047
4381, 0.000081, 0.000063, 0.000061
4382, 0.000084, 0.000049, 0.000049
4383, 0.000083, 0.000056, 0.000053
4384, 0.000080, 0.000051, 0.000050
4385, 0.000080, 0.000049, 0.000048
4386, 0.000079, 0.000063, 0.000060
4387, 0.000082, 0.000049, 0.000050
4388, 0.000083, 0.000054, 0.000053
4389, 0.000080, 0.000049, 0.000048
4390, 0.000079, 0.000047, 0.000048
4391, 0.000080, 0.000055, 0.000054
4392, 0.000079, 0.000049, 0.000049
4393, 0.000081, 0.000054, 0.000053
4394, 0.000079, 0.000048, 0.000047
4395, 0.000078, 0.000051, 0.000049
4396, 0.000079, 0.000052, 0.000051
4397, 0.000078, 0.000048, 0.000048
4398, 0.000079, 0.000054, 0.000052
4399, 0.000079, 0.000050, 0.000050
4400, 0.000080, 0.000053, 0.000053
4401, 0.000080, 0.000048, 0.000047
4402, 0.000078, 0.000049, 0.000048
4403, 0.000079, 0.000052, 0.000051
4404, 0.000080, 0.000051, 0.000049
4405, 0.000078, 0.000050, 0.000049
4406, 0.000076, 0.000051, 0.000050
4407, 0.000078, 0.000050, 0.000049
4408, 0.000078, 0.000054, 0.000053
4409, 0.000078, 0.000048, 0.000048
4410, 0.000078, 0.000055, 0.000053
4411, 0.000079, 0.000049, 0.000049
4412, 0.000078, 0.000049, 0.000048
4413, 0.000078, 0.000055, 0.000054
4414, 0.000078, 0.000048, 0.000048
4415, 0.000081, 0.000059, 0.000058
4416, 0.000082, 0.000048, 0.000048
4417, 0.000079, 0.000050, 0.000049
4418, 0.000077, 0.000059, 0.000057
4419, 0.000080, 0.000052, 0.000053
4420, 0.000086, 0.000074, 0.000072
4421, 0.000088, 0.000053, 0.000054
4422, 0.000086, 0.000059, 0.000058
4423, 0.000081, 0.000050, 0.000049
4424, 0.000077, 0.000051, 0.000050
4425, 0.000084, 0.000083, 0.000080
4426, 0.000099, 0.000068, 0.000069
4427, 0.000103, 0.000080, 0.000077
4428, 0.000092, 0.000048, 0.000049
4429, 0.000079, 0.000049, 0.000049
4430, 0.000080, 0.000079, 0.000076
4431, 0.000091, 0.000061, 0.000061
4432, 0.000095, 0.000070, 0.000066
4433, 0.000086, 0.000049, 0.000048
4434, 0.000078, 0.000048, 0.000048
4435, 0.000078, 0.000064, 0.000062
4436, 0.000085, 0.000056, 0.000057
4437, 0.000089, 0.000067, 0.000065
4438, 0.000087, 0.000048, 0.000047
4439, 0.000079, 0.000050, 0.000048
4440, 0.000076, 0.000055, 0.000054
4441, 0.000078, 0.000051, 0.000050
4442, 0.000083, 0.000067, 0.000064
4443, 0.000086, 0.000050, 0.000050
4444, 0.000082, 0.000050, 0.000049
4445, 0.000077, 0.000055, 0.000054
4446, 0.000079, 0.000053, 0.000054
4447, 0.000085, 0.000071, 0.000067
4448, 0.000088, 0.000053, 0.000053
4449, 0.000084, 0.000052, 0.000052
4450, 0.000077, 0.000052, 0.000051
4451, 0.000076, 0.000051, 0.000051
4452, 0.000081, 0.000059, 0.000058
4453, 0.000080, 0.000048, 0.000048
4454, 0.000077, 0.000051, 0.000049
4455, 0.000076, 0.000060, 0.000057
4456, 0.000080, 0.000051, 0.000050
4457, 0.000080, 0.000058, 0.000056
4458, 0.000079, 0.000049, 0.000050
4459, 0.000077, 0.000050, 0.000050
4460, 0.000076, 0.000057, 0.000055
4461, 0.000078, 0.000049, 0.000049
4462, 0.000078, 0.000052, 0.000050
4463, 0.000077, 0.000050, 0.000048
4464, 0.000076, 0.000048, 0.000049
4465, 0.000077, 0.000052, 0.000052
4466, 0.000076, 0.000050, 0.000051
4467, 0.000077, 0.000052, 0.000052
4468, 0.000076, 0.000047, 0.000047
4469, 0.000076, 0.000052, 0.000050
4470, 0.000077, 0.000049, 0.000048
4471, 0.000077, 0.000050, 0.000049
4472, 0.000077, 0.000049, 0.000048
4473, 0.000075, 0.000047, 0.000048
4474, 0.000078, 0.000053, 0.000052
4475, 0.000077, 0.000048, 0.000048
4476, 0.000078, 0.000056, 0.000054
4477, 0.000078, 0.000052, 0.000051
4478, 0.000078, 0.000053, 0.000052
4479, 0.000076, 0.000048, 0.000047
4480, 0.000075, 0.000049, 0.000048
4481, 0.000077, 0.000053, 0.000051
4482, 0.000076, 0.000048, 0.000047
4483, 0.000076, 0.000051, 0.000050
4484, 0.000076, 0.000050, 0.000049
4485, 0.000075, 0.000048, 0.000048
4486, 0.000076, 0.000055, 0.000054
4487, 0.000077, 0.000049, 0.000049
4488, 0.000077, 0.000049, 0.000049
4489, 0.000073, 0.000050, 0.000050
4490, 0.000075, 0.000048, 0.000048
4491, 0.000078, 0.000057, 0.000055
4492, 0.000078, 0.000048, 0.000048
4493, 0.000076, 0.000050, 0.000049
4494, 0.000075, 0.000052, 0.000050
4495, 0.000076, 0.000048, 0.000049
4496, 0.000077, 0.000057, 0.000056
4497, 0.000078, 0.000049, 0.000050
4498, 0.000079, 0.000052, 0.000052
4499, 0.000077, 0.000049, 0.000048
4500, 0.000075, 0.000048, 0.000047
4501, 0.000076, 0.000055, 0.000053
4502, 0.000078, 0.000050, 0.000050
4503, 0.000078, 0.000055, 0.000053
4504, 0.000077, 0.000047, 0.000046
4505, 0.000074, 0.000048, 0.000047
4506, 0.000074, 0.000053, 0.000051
4507, 0.000078, 0.000049, 0.000049
4508, 0.000078, 0.000060, 0.000058
4509, 0.000079, 0.000052, 0.000052
4510, 0.000080, 0.000056, 0.000054
4511, 0.000077, 0.000048, 0.000047
4512, 0.000074, 0.000049, 0.000048
4513, 0.000076, 0.000059, 0.000057
4514, 0.000079, 0.000051, 0.000051
4515, 0.000079, 0.000061, 0.000059
4516, 0.000080, 0.000051, 0.000051
4517, 0.000078, 0.000050, 0.000050
4518, 0.000075, 0.000048, 0.000048
4519, 0.000075, 0.000050, 0.000049
4520, 0.000075, 0.000053, 0.000052
4521, 0.000076, 0.000050, 0.000048
4522, 0.000075, 0.000054, 0.000052
4523, 0.000075, 0.000050, 0.000051
4524, 0.000077, 0.000051, 0.000051
4525, 0.000075, 0.000048, 0.000048
4526, 0.000073, 0.000048, 0.000049
4527, 0.000072, 0.000051, 0.000050
4528, 0.000073, 0.000048, 0.000048
4529, 0.000074, 0.000048, 0.000048
4530, 0.000074, 0.000052, 0.000051
4531, 0.000074, 0.000049, 0.000049
4532, 0.000077, 0.000056, 0.000056
4533, 0.000079, 0.000050, 0.000050
4534, 0.000075, 0.000051, 0.000051
4535, 0.000074, 0.000049, 0.000049
4536, 0.000073, 0.000048, 0.000048
4537, 0.000074, 0.000051, 0.000050
4538, 0.000076, 0.000048, 0.000049
4539, 0.000076, 0.000056, 0.000055
4540, 0.000076, 0.000049, 0.000050
4541, 0.000077, 0.000056, 0.000054
4542, 0.000075, 0.000048, 0.000047
4543, 0.000073, 0.000048, 0.000047
4544, 0.000073, 0.000053, 0.000051
4545, 0.000075, 0.000048, 0.000048
4546, 0.000075, 0.000049, 0.000049
4547, 0.000073, 0.000046, 0.000046
4548, 0.000072, 0.000047, 0.000047
4549, 0.000073, 0.000049, 0.000048
4550, 0.000072, 0.000051, 0.000050
4551, 0.000072, 0.000050, 0.000050
4552, 0.000074, 0.000053, 0.000052
4553, 0.000074, 0.000049, 0.000048
4554, 0.000073, 0.000047, 0.000048
4555, 0.000074, 0.000053, 0.000052
4556, 0.000074, 0.000048, 0.000048
4557, 0.000074, 0.000049, 0.000049
4558, 0.000072, 0.000049, 0.000048
4559, 0.000073, 0.000049, 0.000049
4560, 0.000073, 0.000051, 0.000051
4561, 0.000074, 0.000048, 0.000048
4562, 0.000073, 0.000053, 0.000052
4563, 0.000075, 0.000049, 0.000050
4564, 0.000075, 0.000048, 0.000047
4565, 0.000073, 0.000049, 0.000048
4566, 0.000073, 0.000048, 0.000048
4567, 0.000073, 0.000050, 0.000050
4568, 0.000073, 0.000051, 0.000050
4569, 0.000072, 0.000050, 0.000051
4570, 0.000074, 0.000053, 0.000052
4571, 0.000074, 0.000052, 0.000052
4572, 0.000078, 0.000063, 0.000064
4573, 0.000082, 0.000051, 0.000051
4574, 0.000076, 0.000055, 0.000054
4575, 0.000075, 0.000051, 0.000053
4576, 0.000077, 0.000050, 0.000050
4577, 0.000073, 0.000052, 0.000051
4578, 0.000075, 0.000050, 0.000051
4579, 0.000075, 0.000055, 0.000053
4580, 0.000075, 0.000051, 0.000049
4581, 0.000074, 0.000049, 0.000049
4582, 0.000073, 0.000049, 0.000049
4583, 0.000073, 0.000050, 0.000050
4584, 0.000075, 0.000050, 0.000051
4585, 0.000073, 0.000048, 0.000048
4586, 0.000072, 0.000050, 0.000049
4587, 0.000073, 0.000050, 0.000050
4588, 0.000072, 0.000049, 0.000049
4589, 0.000073, 0.000050, 0.000049
4590, 0.000074, 0.000053, 0.000053
4591, 0.000073, 0.000049, 0.000049
4592, 0.000073, 0.000053, 0.000052
4593, 0.000075, 0.000048, 0.000048
4594, 0.000073, 0.000050, 0.000050
4595, 0.000072, 0.000049, 0.000048
4596, 0.000071, 0.000047, 0.000048
4597, 0.000072, 0.000050, 0.000050
4598, 0.000073, 0.000050, 0.000049
4599, 0.000071, 0.000050, 0.000049
4600, 0.000071, 0.000049, 0.000049
4601, 0.000072, 0.000048, 0.000048
4602, 0.000073, 0.000052, 0.000053
4603, 0.000073, 0.000049, 0.000051
4604, 0.000075, 0.000059, 0.000059
4605, 0.000077, 0.000053, 0.000054
4606, 0.000077, 0.000059, 0.000058
4607, 0.000076, 0.000048, 0.000048
4608, 0.000072, 0.000047, 0.000047
4609, 0.000071, 0.000055, 0.000054
4610, 0.000074, 0.000053, 0.000054
4611, 0.000079, 0.000066, 0.000065
4612, 0.000083, 0.000057, 0.000058
4613, 0.000081, 0.000057, 0.000056
4614, 0.000074, 0.000049, 0.000049
4615, 0.000071, 0.000050, 0.000050
4616, 0.000073, 0.000056, 0.000055
4617, 0.000074, 0.000051, 0.000052
4618, 0.000076, 0.000055, 0.000055
4619, 0.000074, 0.000047, 0.000048
4620, 0.000070, 0.000047, 0.000048
4621, 0.000070, 0.000051, 0.000050
4622, 0.000072, 0.000049, 0.000049
4623, 0.000073, 0.000056, 0.000054
4624, 0.000074, 0.000049, 0.000049
4625, 0.000074, 0.000052, 0.000051
4626, 0.000072, 0.000049, 0.000050
4627, 0.000071, 0.000048, 0.000049
4628, 0.000071, 0.000052, 0.000052
4629, 0.000072, 0.000048, 0.000049
4630, 0.000073, 0.000056, 0.000055
4631, 0.000075, 0.000051, 0.000051
4632, 0.000074, 0.000054, 0.000053
4633, 0.000074, 0.000048, 0.000048
4634, 0.000072, 0.000050, 0.000050
4635, 0.000071, 0.000048, 0.000048
4636, 0.000070, 0.000048, 0.000048
4637, 0.000072, 0.000053, 0.000052
4638, 0.000072, 0.000051, 0.000052
4639, 0.000076, 0.000058, 0.000055
4640, 0.000075, 0.000049, 0.000049
4641, 0.000072, 0.000050, 0.000049
4642, 0.000070, 0.000049, 0.000048
4643, 0.000071, 0.000049, 0.000049
4644, 0.000070, 0.000051, 0.000051
4645, 0.000072, 0.000048, 0.000048
4646, 0.000073, 0.000053, 0.000052
4647, 0.000073, 0.000048, 0.000049
4648, 0.000072, 0.000050, 0.000049
4649, 0.000071, 0.000050, 0.000050
4650, 0.000070, 0.000049, 0.000049
4651, 0.000071, 0.000051, 0.000050
4652, 0.000070, 0.000050, 0.000050
4653, 0.000072, 0.000057, 0.000056
4654, 0.000074, 0.000049, 0.000050
4655, 0.000075, 0.000052, 0.000051
4656, 0.000073, 0.000047, 0.000048
4657, 0.000072, 0.000050, 0.000050
4658, 0.000070, 0.000048, 0.000048
4659, 0.000070, 0.000050, 0.000049
4660, 0.000070, 0.000050, 0.000049
4661, 0.000069, 0.000048, 0.000047
4662, 0.000070, 0.000049, 0.000048
4663, 0.000070, 0.000047, 0.000047
4664, 0.000070, 0.000051, 0.000051
4665, 0.000071, 0.000048, 0.000049
4666, 0.000069, 0.000048, 0.000049
4667, 0.000070, 0.000052, 0.000051
4668, 0.000071, 0.000049, 0.000049
4669, 0.000070, 0.000051, 0.000049
4670, 0.000069, 0.000049, 0.000049
4671, 0.000069, 0.000049, 0.000048
4672, 0.000069, 0.000050, 0.000049
4673, 0.000069, 0.000046, 0.000047
4674, 0.000070, 0.000046, 0.000047
4675, 0.000069, 0.000048, 0.000048
4676, 0.000069, 0.000047, 0.000047
4677, 0.000069, 0.000050, 0.000050
4678, 0.000071, 0.000047, 0.000049
4679, 0.000070, 0.000050, 0.000050
4680, 0.000070, 0.000047, 0.000048
4681, 0.000071, 0.000049, 0.000050
4682, 0.000069, 0.000047, 0.000047
4683, 0.000069, 0.000047, 0.000047
4684, 0.000070, 0.000048, 0.000048
4685, 0.000069, 0.000048, 0.000048
4686, 0.000070, 0.000048, 0.000049
4687, 0.000069, 0.000050, 0.000051
4688, 0.000069, 0.000048, 0.000049
4689, 0.000070, 0.000051, 0.000050
4690, 0.000070, 0.000047, 0.000048
4691, 0.000071, 0.000049, 0.000049
4692, 0.000070, 0.000049, 0.000050
4693, 0.000071, 0.000053, 0.000052
4694, 0.000071, 0.000048, 0.000049
4695, 0.000070, 0.000053, 0.000051
4696, 0.000070, 0.000048, 0.000049
4697, 0.000068, 0.000050, 0.000050
4698, 0.000069, 0.000049, 0.000049
4699, 0.000069, 0.000048, 0.000049
4700, 0.000069, 0.000050, 0.000050
4701, 0.000069, 0.000048, 0.000048
4702, 0.000068, 0.000048, 0.000048
4703, 0.000069, 0.000048, 0.000048
4704, 0.000068, 0.000049, 0.000049
4705, 0.000069, 0.000049, 0.000049
4706, 0.000070, 0.000049, 0.000050
4707, 0.000069, 0.000046, 0.000047
4708, 0.000068, 0.000049, 0.000049
4709, 0.000069, 0.000049, 0.000049
4710, 0.000069, 0.000049, 0.000049
4711, 0.000069, 0.000048, 0.000048
4712, 0.000069, 0.000047, 0.000048
4713, 0.000068, 0.000050, 0.000050
4714, 0.000068, 0.000048, 0.000049
4715, 0.000069, 0.000049, 0.000050
4716, 0.000068, 0.000048, 0.000048
4717, 0.000068, 0.000050, 0.000050
4718, 0.000070, 0.000048, 0.000049
4719, 0.000070, 0.000052, 0.000052
4720, 0.000070, 0.000050, 0.000052
4721, 0.000072, 0.000061, 0.000060
4722, 0.000074, 0.000056, 0.000058
4723, 0.000077, 0.000072, 0.000070
4724, 0.000082, 0.000069, 0.000070
4725, 0.000090, 0.000089, 0.000087
4726, 0.000096, 0.000075, 0.000077
4727, 0.000096, 0.000075, 0.000074
4728, 0.000087, 0.000054, 0.000056
4729, 0.000076, 0.000051, 0.000050
4730, 0.000070, 0.000054, 0.000054
4731, 0.000072, 0.000059, 0.000061
4732, 0.000079, 0.000076, 0.000073
4733, 0.000084, 0.000059, 0.000060
4734, 0.000081, 0.000057, 0.000054
4735, 0.000073, 0.000047, 0.000047
4736, 0.000068, 0.000047, 0.000048
4737, 0.000068, 0.000052, 0.000051
4738, 0.000069, 0.000050, 0.000051
4739, 0.000069, 0.000051, 0.000051
4740, 0.000069, 0.000049, 0.000049
4741, 0.000068, 0.000047, 0.000048
4742, 0.000068, 0.000050, 0.000051
4743, 0.000068, 0.000049, 0.000051
4744, 0.000070, 0.000050, 0.000051
4745, 0.000068, 0.000047, 0.000048
4746, 0.000068, 0.000050, 0.000050
4747, 0.000069, 0.000048, 0.000049
4748, 0.000068, 0.000049, 0.000050
4749, 0.000069, 0.000053, 0.000053
4750, 0.000070, 0.000049, 0.000050
4751, 0.000070, 0.000048, 0.000048
4752, 0.000069, 0.000047, 0.000047
4753, 0.000066, 0.000048, 0.000048
4754, 0.000067, 0.000054, 0.000052
4755, 0.000069, 0.000051, 0.000052
4756, 0.000069, 0.000052, 0.000052
4757, 0.000069, 0.000049, 0.000050
4758, 0.000070, 0.000048, 0.000049
4759, 0.000067, 0.000046, 0.000046
4760, 0.000067, 0.000046, 0.000046
4761, 0.000067, 0.000046, 0.000046
4762, 0.000067, 0.000047, 0.000047
4763, 0.000066, 0.000049, 0.000049
4764, 0.000067, 0.000049, 0.000050
4765, 0.000066, 0.000050, 0.000050
4766, 0.000066, 0.000050, 0.000049
4767, 0.000067, 0.000047, 0.000048
4768, 0.000066, 0.000047, 0.000048
4769, 0.000066, 0.000048, 0.000048
4770, 0.000067, 0.000048, 0.000049
4771, 0.000067, 0.000050, 0.000050
4772, 0.000067, 0.000049, 0.000050
4773, 0.000069, 0.000051, 0.000050
4774, 0.000068, 0.000048, 0.000049
4775, 0.000068, 0.000050, 0.000049
4776, 0.000067, 0.000048, 0.000048
4777, 0.000066, 0.000047, 0.000048
4778, 0.000066, 0.000050, 0.000050
4779, 0.000067, 0.000048, 0.000049
4780, 0.000068, 0.000051, 0.000050
4781, 0.000067, 0.000048, 0.000048
4782, 0.000067, 0.000048, 0.000049
4783, 0.000066, 0.000049, 0.000050
4784, 0.000067, 0.000048, 0.000049
4785, 0.000068, 0.000051, 0.000050
4786, 0.000069, 0.000047, 0.000048
4787, 0.000067, 0.000048, 0.000047
4788, 0.000067, 0.000049, 0.000049
4789, 0.000066, 0.000048, 0.000049
4790, 0.000067, 0.000048, 0.000048
4791, 0.000066, 0.000051, 0.000050
4792, 0.000066, 0.000048, 0.000050
4793, 0.000067, 0.000050, 0.000050
4794, 0.000067, 0.000048, 0.000049
4795, 0.000068, 0.000053, 0.000053
4796, 0.000070, 0.000051, 0.000052
4797, 0.000071, 0.000054, 0.000053
4798, 0.000072, 0.000051, 0.000052
4799, 0.000071, 0.000055, 0.000054
4800, 0.000070, 0.000049, 0.000050
4801, 0.000068, 0.000049, 0.000049
4802, 0.000067, 0.000048, 0.000048
4803, 0.000066, 0.000048, 0.000049
4804, 0.000066, 0.000053, 0.000053
4805, 0.000069, 0.000053, 0.000054
4806, 0.000071, 0.000059, 0.000058
4807, 0.000073, 0.000054, 0.000056
4808, 0.000072, 0.000056, 0.000055
4809, 0.000071, 0.000049, 0.000050
4810, 0.000068, 0.000049, 0.000049
4811, 0.000066, 0.000049, 0.000049
4812, 0.000067, 0.000050, 0.000051
4813, 0.000068, 0.000056, 0.000055
4814, 0.000070, 0.000052, 0.000054
4815, 0.000071, 0.000057, 0.000056
4816, 0.000070, 0.000053, 0.000055
4817, 0.000070, 0.000052, 0.000052
4818, 0.000068, 0.000052, 0.000051
4819, 0.000067, 0.000049, 0.000050
4820, 0.000068, 0.000051, 0.000050
4821, 0.000066, 0.000049, 0.000049
4822, 0.000066, 0.000049, 0.000050
4823, 0.000066, 0.000048, 0.000050
4824, 0.000065, 0.000048, 0.000049
4825, 0.000066, 0.000048, 0.000049
4826, 0.000066, 0.000051, 0.000051
4827, 0.000067, 0.000049, 0.000050
4828, 0.000067, 0.000051, 0.000051
4829, 0.000067, 0.000049, 0.000049
4830, 0.000066, 0.000048, 0.000049
4831, 0.000066, 0.000050, 0.000049
4832, 0.000065, 0.000052, 0.000052
4833, 0.000069, 0.000058, 0.000057
4834, 0.000073, 0.000055, 0.000057
4835, 0.000072, 0.000054, 0.000052
4836, 0.000068, 0.000049, 0.000050
4837, 0.000068, 0.000054, 0.000053
4838, 0.000068, 0.000050, 0.000051
4839, 0.000068, 0.000050, 0.000050
4840, 0.000066, 0.000048, 0.000049
4841, 0.000066, 0.000048, 0.000049
4842, 0.000065, 0.000049, 0.000050
4843, 0.000065, 0.000047, 0.000048
4844, 0.000064, 0.000048, 0.000049
4845, 0.000065, 0.000048, 0.000049
4846, 0.000065, 0.000048, 0.000048
4847, 0.000065, 0.000048, 0.000048
4848, 0.000065, 0.000049, 0.000049
4849, 0.000065, 0.000048, 0.000049
4850, 0.000065, 0.000050, 0.000050
4851, 0.000065, 0.000047, 0.000049
4852, 0.000065, 0.000047, 0.000048
4853, 0.000065, 0.000047, 0.000048
4854, 0.000065, 0.000047, 0.000048
4855, 0.000065, 0.000052, 0.000051
4856, 0.000067, 0.000052, 0.000054
4857, 0.000069, 0.000057, 0.000055
4858, 0.000070, 0.000055, 0.000057
4859, 0.000072, 0.000057, 0.000056
4860, 0.000070, 0.000052, 0.000054
4861, 0.000069, 0.000052, 0.000053
4862, 0.000067, 0.000048, 0.000048
4863, 0.000066, 0.000049, 0.000050
4864, 0.000067, 0.000058, 0.000056
4865, 0.000072, 0.000059, 0.000062
4866, 0.000076, 0.000065, 0.000063
4867, 0.000076, 0.000058, 0.000060
4868, 0.000074, 0.000055, 0.000054
4869, 0.000070, 0.000050, 0.000051
4870, 0.000066, 0.000048, 0.000049
4871, 0.000064, 0.000051, 0.000050
4872, 0.000066, 0.000057, 0.000058
4873, 0.000071, 0.000064, 0.000062
4874, 0.000076, 0.000061, 0.000063
4875, 0.000077, 0.000062, 0.000061
4876, 0.000075, 0.000053, 0.000054
4877, 0.000071, 0.000049, 0.000048
4878, 0.000066, 0.000047, 0.000048
4879, 0.000064, 0.000048, 0.000049
4880, 0.000065, 0.000050, 0.000050
4881, 0.000066, 0.000049, 0.000050
4882, 0.000065, 0.000051, 0.000051
4883, 0.000065, 0.000049, 0.000049
4884, 0.000065, 0.000049, 0.000049
4885, 0.000064, 0.000049, 0.000049
4886, 0.000065, 0.000049, 0.000049
4887, 0.000063, 0.000048, 0.000049
4888, 0.000064, 0.000048, 0.000049
4889, 0.000064, 0.000047, 0.000048
4890, 0.000064, 0.000047, 0.000049
4891, 0.000063, 0.000049, 0.000050
4892, 0.000064, 0.000050, 0.000051
4893, 0.000065, 0.000050, 0.000051
4894, 0.000065, 0.000048, 0.000050
4895, 0.000064, 0.000049, 0.000049
4896, 0.000064, 0.000048, 0.000049
4897, 0.000064, 0.000049, 0.000050
4898, 0.000065, 0.000055, 0.000054
4899, 0.000067, 0.000055, 0.000057
4900, 0.000070, 0.000054, 0.000052
4901, 0.000068, 0.000049, 0.000050
4902, 0.000066, 0.000048, 0.000049
4903, 0.000066, 0.000048, 0.000049
4904, 0.000065, 0.000049, 0.000049
4905, 0.000065, 0.000049, 0.000050
4906, 0.000065, 0.000050, 0.000050
4907, 0.000064, 0.000048, 0.000048
4908, 0.000064, 0.000048, 0.000048
4909, 0.000064, 0.000046, 0.000047
4910, 0.000064, 0.000047, 0.000047
4911, 0.000065, 0.000050, 0.000049
4912, 0.000063, 0.000049, 0.000049
4913, 0.000065, 0.000050, 0.000050
4914, 0.000064, 0.000049, 0.000049
4915, 0.000063, 0.000049, 0.000050
4916, 0.000063, 0.000051, 0.000051
4917, 0.000064, 0.000050, 0.000052
4918, 0.000065, 0.000051, 0.000051
4919, 0.000066, 0.000049, 0.000051
4920, 0.000064, 0.000048, 0.000049
4921, 0.000063, 0.000048, 0.000049
4922, 0.000063, 0.000048, 0.000048
4923, 0.000063, 0.000049, 0.000048
4924, 0.000063, 0.000047, 0.000048
4925, 0.000063, 0.000047, 0.000048
4926, 0.000063, 0.000049, 0.000049
4927, 0.000064, 0.000048, 0.000049
4928, 0.000064, 0.000049, 0.000049
4929, 0.000064, 0.000049, 0.000049
4930, 0.000063, 0.000049, 0.000049
4931, 0.000064, 0.000051, 0.000051
4932, 0.000065, 0.000050, 0.000050
4933, 0.000066, 0.000050, 0.000050
4934, 0.000064, 0.000049, 0.000049
4935, 0.000064, 0.000050, 0.000052
4936, 0.000067, 0.000058, 0.000057
4937, 0.000070, 0.000056, 0.000058
4938, 0.000071, 0.000057, 0.000055
4939, 0.000068, 0.000052, 0.000053
4940, 0.000066, 0.000051, 0.000052
4941, 0.000065, 0.000055, 0.000055
4942, 0.000066, 0.000054, 0.000056
4943, 0.000068, 0.000058, 0.000057
4944, 0.000072, 0.000062, 0.000064
4945, 0.000073, 0.000055, 0.000055
4946, 0.000069, 0.000050, 0.000051
4947, 0.000064, 0.000049, 0.000049
4948, 0.000063, 0.000049, 0.000049
4949, 0.000064, 0.000054, 0.000055
4950, 0.000067, 0.000057, 0.000056
4951, 0.000070, 0.000057, 0.000060
4952, 0.000070, 0.000056, 0.000056
4953, 0.000067, 0.000049, 0.000050
4954, 0.000064, 0.000048, 0.000048
4955, 0.000062, 0.000049, 0.000049
4956, 0.000063, 0.000051, 0.000053
4957, 0.000066, 0.000054, 0.000054
4958, 0.000068, 0.000056, 0.000059
4959, 0.000068, 0.000054, 0.000053
4960, 0.000067, 0.000050, 0.000051
4961, 0.000064, 0.000048, 0.000049
4962, 0.000062, 0.000048, 0.000048
4963, 0.000063, 0.000052, 0.000053
4964, 0.000065, 0.000053, 0.000053
4965, 0.000067, 0.000054, 0.000056
4966, 0.000067, 0.000052, 0.000052
4967, 0.000065, 0.000050, 0.000052
4968, 0.000063, 0.000049, 0.000050
4969, 0.000063, 0.000049, 0.000049
4970, 0.000062, 0.000047, 0.000048
4971, 0.000062, 0.000047, 0.000048
4972, 0.000062, 0.000048, 0.000048
4973, 0.000062, 0.000047, 0.000047
4974, 0.000062, 0.000048, 0.000049
4975, 0.000062, 0.000049, 0.000049
4976, 0.000062, 0.000049, 0.000050
4977, 0.000062, 0.000051, 0.000052
4978, 0.000062, 0.000051, 0.000051
4979, 0.000062, 0.000050, 0.000051
4980, 0.000065, 0.000052, 0.000051
4981, 0.000065, 0.000049, 0.000050
4982, 0.000065, 0.000050, 0.000049
4983, 0.000062, 0.000049, 0.000049
4984, 0.000062, 0.000048, 0.000049
4985, 0.000062, 0.000052, 0.000051
4986, 0.000064, 0.000054, 0.000055
4987, 0.000065, 0.000054, 0.000053
4988, 0.000066, 0.000055, 0.000057
4989, 0.000067, 0.000054, 0.000054
4990, 0.000067, 0.000053, 0.000055
4991, 0.000066, 0.000050, 0.000050
4992, 0.000064, 0.000047, 0.000048
4993, 0.000062, 0.000049, 0.000050
4994, 0.000061, 0.000050, 0.000049
4995, 0.000062, 0.000051, 0.000052
4996, 0.000064, 0.000055, 0.000054
4997, 0.000066, 0.000052, 0.000053
4998, 0.000066, 0.000053, 0.000052
4999, 0.000065, 0.000052, 0.000054
5000, 0.000063, 0.000050, 0.000050
