Epoch, Train Loss, Valid Loss, Test Loss
1, 0.477721, 0.542095, 0.543738
2, 0.411183, 0.475904, 0.478210
3, 0.360342, 0.417442, 0.420626
4, 0.322366, 0.369311, 0.373068
5, 0.293513, 0.331175, 0.335460
6, 0.270980, 0.306832, 0.311188
7, 0.255654, 0.286945, 0.291302
8, 0.241928, 0.269566, 0.273812
9, 0.228714, 0.252297, 0.256184
10, 0.214837, 0.235314, 0.238874
11, 0.200769, 0.218787, 0.222005
12, 0.186615, 0.202769, 0.205599
13, 0.172579, 0.187972, 0.190450
14, 0.159454, 0.173942, 0.176140
15, 0.147158, 0.160394, 0.162360
16, 0.135457, 0.147486, 0.149252
17, 0.124390, 0.135092, 0.136678
18, 0.113839, 0.123000, 0.124433
19, 0.103642, 0.111157, 0.112471
20, 0.093749, 0.099682, 0.100902
21, 0.084241, 0.088759, 0.089900
22, 0.075226, 0.078599, 0.079664
23, 0.066821, 0.069378, 0.070365
24, 0.059141, 0.061135, 0.062040
25, 0.052243, 0.053823, 0.054648
26, 0.046107, 0.047381, 0.048136
27, 0.040675, 0.041749, 0.042444
28, 0.035901, 0.036867, 0.037508
29, 0.031737, 0.032603, 0.033195
30, 0.028091, 0.028812, 0.029361
31, 0.024898, 0.025447, 0.025957
32, 0.022042, 0.022502, 0.022976
33, 0.019582, 0.019967, 0.020407
34, 0.017432, 0.017793, 0.018203
35, 0.015591, 0.015942, 0.016325
36, 0.014028, 0.014370, 0.014731
37, 0.012698, 0.013043, 0.013387
38, 0.011581, 0.011917, 0.012246
39, 0.010625, 0.010950, 0.011266
40, 0.009799, 0.010100, 0.010404
41, 0.009066, 0.009327, 0.009621
42, 0.008426, 0.008609, 0.008893
43, 0.007829, 0.007970, 0.008243
44, 0.007303, 0.007397, 0.007659
45, 0.006828, 0.006883, 0.007135
46, 0.006400, 0.006419, 0.006662
47, 0.006031, 0.006001, 0.006236
48, 0.005698, 0.005634, 0.005863
49, 0.005409, 0.005320, 0.005543
50, 0.005158, 0.005056, 0.005273
51, 0.004940, 0.004830, 0.005039
52, 0.004742, 0.004625, 0.004826
53, 0.004561, 0.004440, 0.004634
54, 0.004405, 0.004271, 0.004457
55, 0.004263, 0.004122, 0.004302
56, 0.004132, 0.003991, 0.004166
57, 0.004018, 0.003869, 0.004040
58, 0.003918, 0.003764, 0.003930
59, 0.003834, 0.003679, 0.003840
60, 0.003766, 0.003610, 0.003766
61, 0.003699, 0.003545, 0.003696
62, 0.003638, 0.003478, 0.003625
63, 0.003592, 0.003414, 0.003557
64, 0.003546, 0.003352, 0.003491
65, 0.003500, 0.003303, 0.003437
66, 0.003453, 0.003258, 0.003389
67, 0.003405, 0.003220, 0.003347
68, 0.003384, 0.003175, 0.003299
69, 0.003346, 0.003134, 0.003255
70, 0.003326, 0.003103, 0.003220
71, 0.003291, 0.003082, 0.003196
72, 0.003265, 0.003059, 0.003169
73, 0.003248, 0.003034, 0.003142
74, 0.003227, 0.003008, 0.003114
75, 0.003210, 0.002985, 0.003088
76, 0.003186, 0.002968, 0.003067
77, 0.003178, 0.002954, 0.003051
78, 0.003163, 0.002945, 0.003039
79, 0.003148, 0.002932, 0.003023
80, 0.003132, 0.002914, 0.003003
81, 0.003122, 0.002897, 0.002984
82, 0.003113, 0.002882, 0.002967
83, 0.003104, 0.002877, 0.002959
84, 0.003090, 0.002879, 0.002957
85, 0.003088, 0.002868, 0.002944
86, 0.003074, 0.002857, 0.002930
87, 0.003065, 0.002844, 0.002916
88, 0.003059, 0.002834, 0.002904
89, 0.003052, 0.002828, 0.002897
90, 0.003049, 0.002821, 0.002887
91, 0.003035, 0.002812, 0.002877
92, 0.003034, 0.002809, 0.002871
93, 0.003034, 0.002809, 0.002868
94, 0.003022, 0.002805, 0.002861
95, 0.003015, 0.002798, 0.002852
96, 0.003004, 0.002790, 0.002844
97, 0.003005, 0.002782, 0.002834
98, 0.003000, 0.002777, 0.002827
99, 0.002990, 0.002779, 0.002827
100, 0.002991, 0.002781, 0.002828
101, 0.002986, 0.002778, 0.002824
102, 0.002975, 0.002768, 0.002813
103, 0.002975, 0.002759, 0.002802
104, 0.002974, 0.002756, 0.002798
105, 0.002965, 0.002759, 0.002799
106, 0.002960, 0.002762, 0.002801
107, 0.002962, 0.002758, 0.002795
108, 0.002951, 0.002750, 0.002786
109, 0.002947, 0.002742, 0.002777
110, 0.002947, 0.002742, 0.002775
111, 0.002944, 0.002746, 0.002777
112, 0.002945, 0.002741, 0.002771
113, 0.002936, 0.002736, 0.002765
114, 0.002933, 0.002731, 0.002760
115, 0.002937, 0.002731, 0.002759
116, 0.002919, 0.002730, 0.002757
117, 0.002919, 0.002726, 0.002752
118, 0.002915, 0.002723, 0.002748
119, 0.002915, 0.002723, 0.002748
120, 0.002914, 0.002723, 0.002746
121, 0.002907, 0.002721, 0.002743
122, 0.002909, 0.002718, 0.002739
123, 0.002907, 0.002716, 0.002736
124, 0.002902, 0.002713, 0.002732
125, 0.002901, 0.002715, 0.002732
126, 0.002896, 0.002713, 0.002730
127, 0.002893, 0.002703, 0.002720
128, 0.002894, 0.002701, 0.002717
129, 0.002891, 0.002702, 0.002717
130, 0.002886, 0.002708, 0.002721
131, 0.002884, 0.002706, 0.002718
132, 0.002877, 0.002702, 0.002713
133, 0.002872, 0.002696, 0.002708
134, 0.002870, 0.002695, 0.002706
135, 0.002864, 0.002695, 0.002704
136, 0.002868, 0.002694, 0.002702
137, 0.002867, 0.002696, 0.002704
138, 0.002860, 0.002693, 0.002700
139, 0.002858, 0.002692, 0.002698
140, 0.002852, 0.002686, 0.002692
141, 0.002848, 0.002684, 0.002690
142, 0.002844, 0.002683, 0.002689
143, 0.002841, 0.002685, 0.002690
144, 0.002842, 0.002685, 0.002690
145, 0.002838, 0.002687, 0.002690
146, 0.002833, 0.002683, 0.002686
147, 0.002834, 0.002679, 0.002681
148, 0.002826, 0.002674, 0.002677
149, 0.002835, 0.002672, 0.002675
150, 0.002825, 0.002672, 0.002674
151, 0.002820, 0.002674, 0.002675
152, 0.002821, 0.002673, 0.002672
153, 0.002812, 0.002673, 0.002672
154, 0.002820, 0.002669, 0.002669
155, 0.002813, 0.002668, 0.002667
156, 0.002809, 0.002668, 0.002667
157, 0.002808, 0.002669, 0.002666
158, 0.002803, 0.002667, 0.002663
159, 0.002803, 0.002668, 0.002664
160, 0.002801, 0.002663, 0.002659
161, 0.002799, 0.002664, 0.002660
162, 0.002789, 0.002660, 0.002656
163, 0.002795, 0.002658, 0.002653
164, 0.002790, 0.002657, 0.002651
165, 0.002785, 0.002658, 0.002652
166, 0.002787, 0.002659, 0.002652
167, 0.002779, 0.002660, 0.002652
168, 0.002781, 0.002657, 0.002650
169, 0.002775, 0.002655, 0.002647
170, 0.002782, 0.002652, 0.002644
171, 0.002776, 0.002652, 0.002643
172, 0.002771, 0.002649, 0.002640
173, 0.002766, 0.002648, 0.002639
174, 0.002768, 0.002648, 0.002639
175, 0.002764, 0.002647, 0.002637
176, 0.002763, 0.002647, 0.002637
177, 0.002755, 0.002646, 0.002636
178, 0.002758, 0.002645, 0.002635
179, 0.002753, 0.002645, 0.002635
180, 0.002749, 0.002644, 0.002633
181, 0.002751, 0.002643, 0.002632
182, 0.002744, 0.002641, 0.002629
183, 0.002744, 0.002638, 0.002626
184, 0.002742, 0.002637, 0.002624
185, 0.002739, 0.002637, 0.002623
186, 0.002737, 0.002640, 0.002626
187, 0.002738, 0.002637, 0.002624
188, 0.002731, 0.002636, 0.002623
189, 0.002732, 0.002633, 0.002619
190, 0.002732, 0.002636, 0.002621
191, 0.002726, 0.002633, 0.002618
192, 0.002724, 0.002630, 0.002617
193, 0.002719, 0.002627, 0.002614
194, 0.002717, 0.002625, 0.002610
195, 0.002716, 0.002625, 0.002610
196, 0.002717, 0.002626, 0.002610
197, 0.002717, 0.002626, 0.002611
198, 0.002712, 0.002623, 0.002608
199, 0.002705, 0.002621, 0.002605
200, 0.002706, 0.002619, 0.002603
201, 0.002700, 0.002620, 0.002603
202, 0.002700, 0.002622, 0.002605
203, 0.002701, 0.002622, 0.002605
204, 0.002694, 0.002618, 0.002600
205, 0.002700, 0.002615, 0.002596
206, 0.002696, 0.002613, 0.002594
207, 0.002692, 0.002611, 0.002594
208, 0.002689, 0.002612, 0.002595
209, 0.002688, 0.002611, 0.002593
210, 0.002681, 0.002610, 0.002591
211, 0.002685, 0.002608, 0.002589
212, 0.002683, 0.002609, 0.002590
213, 0.002681, 0.002608, 0.002589
214, 0.002673, 0.002605, 0.002587
215, 0.002678, 0.002603, 0.002585
216, 0.002674, 0.002602, 0.002584
217, 0.002672, 0.002601, 0.002582
218, 0.002673, 0.002602, 0.002582
219, 0.002666, 0.002599, 0.002579
220, 0.002665, 0.002598, 0.002578
221, 0.002665, 0.002595, 0.002576
222, 0.002664, 0.002594, 0.002575
223, 0.002660, 0.002594, 0.002573
224, 0.002659, 0.002594, 0.002572
225, 0.002654, 0.002592, 0.002572
226, 0.002651, 0.002590, 0.002570
227, 0.002651, 0.002588, 0.002568
228, 0.002653, 0.002587, 0.002566
229, 0.002646, 0.002587, 0.002565
230, 0.002644, 0.002586, 0.002564
231, 0.002644, 0.002584, 0.002562
232, 0.002640, 0.002582, 0.002562
233, 0.002639, 0.002581, 0.002560
234, 0.002637, 0.002582, 0.002559
235, 0.002637, 0.002579, 0.002556
236, 0.002635, 0.002576, 0.002555
237, 0.002636, 0.002574, 0.002553
238, 0.002632, 0.002574, 0.002552
239, 0.002627, 0.002574, 0.002552
240, 0.002630, 0.002572, 0.002549
241, 0.002623, 0.002569, 0.002547
242, 0.002623, 0.002566, 0.002544
243, 0.002623, 0.002564, 0.002541
244, 0.002617, 0.002564, 0.002541
245, 0.002616, 0.002564, 0.002541
246, 0.002615, 0.002562, 0.002539
247, 0.002610, 0.002560, 0.002537
248, 0.002608, 0.002557, 0.002533
249, 0.002611, 0.002555, 0.002532
250, 0.002605, 0.002553, 0.002530
251, 0.002604, 0.002553, 0.002530
252, 0.002602, 0.002553, 0.002529
253, 0.002601, 0.002550, 0.002526
254, 0.002605, 0.002548, 0.002524
255, 0.002595, 0.002546, 0.002522
256, 0.002596, 0.002545, 0.002521
257, 0.002595, 0.002544, 0.002520
258, 0.002589, 0.002544, 0.002519
259, 0.002592, 0.002541, 0.002517
260, 0.002587, 0.002537, 0.002513
261, 0.002584, 0.002535, 0.002510
262, 0.002581, 0.002534, 0.002510
263, 0.002580, 0.002534, 0.002508
264, 0.002580, 0.002533, 0.002507
265, 0.002575, 0.002530, 0.002505
266, 0.002575, 0.002526, 0.002501
267, 0.002573, 0.002523, 0.002498
268, 0.002573, 0.002523, 0.002497
269, 0.002567, 0.002523, 0.002498
270, 0.002567, 0.002522, 0.002496
271, 0.002567, 0.002519, 0.002493
272, 0.002565, 0.002517, 0.002491
273, 0.002561, 0.002514, 0.002488
274, 0.002561, 0.002512, 0.002484
275, 0.002554, 0.002511, 0.002485
276, 0.002551, 0.002512, 0.002486
277, 0.002553, 0.002509, 0.002482
278, 0.002551, 0.002507, 0.002479
279, 0.002550, 0.002505, 0.002478
280, 0.002545, 0.002503, 0.002476
281, 0.002547, 0.002500, 0.002472
282, 0.002547, 0.002499, 0.002472
283, 0.002544, 0.002499, 0.002472
284, 0.002544, 0.002499, 0.002472
285, 0.002539, 0.002496, 0.002469
286, 0.002538, 0.002493, 0.002466
287, 0.002537, 0.002489, 0.002461
288, 0.002530, 0.002488, 0.002461
289, 0.002533, 0.002489, 0.002461
290, 0.002532, 0.002486, 0.002458
291, 0.002530, 0.002486, 0.002459
292, 0.002524, 0.002488, 0.002461
293, 0.002526, 0.002484, 0.002456
294, 0.002527, 0.002479, 0.002451
295, 0.002523, 0.002479, 0.002451
296, 0.002518, 0.002481, 0.002453
297, 0.002521, 0.002479, 0.002451
298, 0.002519, 0.002475, 0.002447
299, 0.002513, 0.002473, 0.002445
300, 0.002515, 0.002474, 0.002446
301, 0.002516, 0.002472, 0.002443
302, 0.002512, 0.002471, 0.002442
303, 0.002510, 0.002472, 0.002444
304, 0.002514, 0.002472, 0.002443
305, 0.002511, 0.002467, 0.002438
306, 0.002508, 0.002464, 0.002435
307, 0.002505, 0.002468, 0.002439
308, 0.002506, 0.002464, 0.002435
309, 0.002504, 0.002462, 0.002433
310, 0.002500, 0.002463, 0.002434
311, 0.002501, 0.002464, 0.002435
312, 0.002500, 0.002461, 0.002432
313, 0.002499, 0.002461, 0.002432
314, 0.002498, 0.002460, 0.002431
315, 0.002496, 0.002459, 0.002430
316, 0.002496, 0.002457, 0.002429
317, 0.002492, 0.002455, 0.002426
318, 0.002495, 0.002454, 0.002426
319, 0.002493, 0.002455, 0.002426
320, 0.002493, 0.002454, 0.002425
321, 0.002493, 0.002452, 0.002423
322, 0.002490, 0.002454, 0.002425
323, 0.002492, 0.002456, 0.002427
324, 0.002491, 0.002452, 0.002422
325, 0.002488, 0.002449, 0.002420
326, 0.002486, 0.002448, 0.002418
327, 0.002486, 0.002448, 0.002418
328, 0.002482, 0.002448, 0.002418
329, 0.002486, 0.002448, 0.002419
330, 0.002485, 0.002447, 0.002417
331, 0.002481, 0.002448, 0.002419
332, 0.002483, 0.002447, 0.002417
333, 0.002480, 0.002446, 0.002417
334, 0.002479, 0.002444, 0.002414
335, 0.002477, 0.002442, 0.002413
336, 0.002477, 0.002447, 0.002418
337, 0.002478, 0.002444, 0.002415
338, 0.002479, 0.002438, 0.002409
339, 0.002477, 0.002440, 0.002411
340, 0.002476, 0.002444, 0.002415
341, 0.002474, 0.002439, 0.002410
342, 0.002472, 0.002439, 0.002410
343, 0.002474, 0.002445, 0.002415
344, 0.002470, 0.002437, 0.002407
345, 0.002469, 0.002433, 0.002404
346, 0.002471, 0.002439, 0.002409
347, 0.002470, 0.002439, 0.002409
348, 0.002469, 0.002434, 0.002405
349, 0.002473, 0.002436, 0.002407
350, 0.002469, 0.002437, 0.002407
351, 0.002467, 0.002432, 0.002403
352, 0.002468, 0.002432, 0.002403
353, 0.002466, 0.002434, 0.002404
354, 0.002465, 0.002431, 0.002402
355, 0.002466, 0.002430, 0.002401
356, 0.002464, 0.002433, 0.002403
357, 0.002465, 0.002429, 0.002399
358, 0.002462, 0.002428, 0.002399
359, 0.002460, 0.002430, 0.002400
360, 0.002463, 0.002434, 0.002404
361, 0.002462, 0.002426, 0.002397
362, 0.002463, 0.002425, 0.002396
363, 0.002461, 0.002428, 0.002398
364, 0.002456, 0.002426, 0.002396
365, 0.002460, 0.002423, 0.002393
366, 0.002460, 0.002425, 0.002395
367, 0.002456, 0.002426, 0.002396
368, 0.002455, 0.002422, 0.002392
369, 0.002457, 0.002423, 0.002393
370, 0.002455, 0.002425, 0.002395
371, 0.002457, 0.002422, 0.002392
372, 0.002458, 0.002421, 0.002391
373, 0.002455, 0.002423, 0.002393
374, 0.002453, 0.002420, 0.002390
375, 0.002453, 0.002420, 0.002391
376, 0.002451, 0.002423, 0.002393
377, 0.002452, 0.002419, 0.002390
378, 0.002453, 0.002419, 0.002389
379, 0.002454, 0.002421, 0.002390
380, 0.002450, 0.002417, 0.002387
381, 0.002448, 0.002418, 0.002389
382, 0.002449, 0.002419, 0.002389
383, 0.002448, 0.002416, 0.002386
384, 0.002453, 0.002416, 0.002386
385, 0.002449, 0.002419, 0.002389
386, 0.002447, 0.002416, 0.002385
387, 0.002447, 0.002414, 0.002384
388, 0.002446, 0.002413, 0.002383
389, 0.002446, 0.002418, 0.002387
390, 0.002447, 0.002415, 0.002384
391, 0.002446, 0.002413, 0.002383
392, 0.002445, 0.002419, 0.002388
393, 0.002446, 0.002412, 0.002382
394, 0.002443, 0.002412, 0.002381
395, 0.002439, 0.002414, 0.002384
396, 0.002443, 0.002415, 0.002385
397, 0.002441, 0.002411, 0.002381
398, 0.002442, 0.002414, 0.002383
399, 0.002442, 0.002412, 0.002382
400, 0.002444, 0.002406, 0.002377
401, 0.002440, 0.002410, 0.002380
402, 0.002436, 0.002415, 0.002385
403, 0.002440, 0.002409, 0.002380
404, 0.002441, 0.002408, 0.002379
405, 0.002438, 0.002411, 0.002380
406, 0.002438, 0.002408, 0.002378
407, 0.002438, 0.002405, 0.002375
408, 0.002436, 0.002409, 0.002378
409, 0.002438, 0.002408, 0.002377
410, 0.002434, 0.002408, 0.002377
411, 0.002435, 0.002407, 0.002376
412, 0.002434, 0.002408, 0.002377
413, 0.002436, 0.002405, 0.002374
414, 0.002433, 0.002406, 0.002375
415, 0.002432, 0.002406, 0.002376
416, 0.002437, 0.002404, 0.002374
417, 0.002431, 0.002406, 0.002375
418, 0.002431, 0.002401, 0.002372
419, 0.002434, 0.002405, 0.002375
420, 0.002428, 0.002408, 0.002378
421, 0.002429, 0.002402, 0.002372
422, 0.002434, 0.002402, 0.002372
423, 0.002431, 0.002413, 0.002381
424, 0.002433, 0.002401, 0.002371
425, 0.002433, 0.002400, 0.002370
426, 0.002433, 0.002420, 0.002387
427, 0.002431, 0.002401, 0.002371
428, 0.002432, 0.002399, 0.002370
429, 0.002434, 0.002412, 0.002379
430, 0.002435, 0.002401, 0.002370
431, 0.002426, 0.002398, 0.002369
432, 0.002431, 0.002405, 0.002373
433, 0.002429, 0.002408, 0.002376
434, 0.002430, 0.002399, 0.002370
435, 0.002429, 0.002407, 0.002376
436, 0.002424, 0.002412, 0.002379
437, 0.002427, 0.002398, 0.002369
438, 0.002430, 0.002399, 0.002368
439, 0.002424, 0.002405, 0.002373
440, 0.002426, 0.002395, 0.002366
441, 0.002426, 0.002397, 0.002367
442, 0.002427, 0.002406, 0.002374
443, 0.002428, 0.002397, 0.002367
444, 0.002425, 0.002398, 0.002369
445, 0.002421, 0.002403, 0.002371
446, 0.002424, 0.002397, 0.002366
447, 0.002424, 0.002395, 0.002365
448, 0.002423, 0.002404, 0.002373
449, 0.002423, 0.002398, 0.002367
450, 0.002420, 0.002394, 0.002365
451, 0.002422, 0.002399, 0.002368
452, 0.002422, 0.002398, 0.002366
453, 0.002418, 0.002393, 0.002363
454, 0.002424, 0.002397, 0.002366
455, 0.002421, 0.002401, 0.002369
456, 0.002421, 0.002394, 0.002364
457, 0.002418, 0.002396, 0.002365
458, 0.002419, 0.002397, 0.002365
459, 0.002423, 0.002398, 0.002367
460, 0.002420, 0.002393, 0.002363
461, 0.002420, 0.002394, 0.002363
462, 0.002417, 0.002395, 0.002364
463, 0.002420, 0.002392, 0.002362
464, 0.002417, 0.002396, 0.002365
465, 0.002417, 0.002397, 0.002365
466, 0.002417, 0.002390, 0.002361
467, 0.002420, 0.002396, 0.002365
468, 0.002416, 0.002401, 0.002369
469, 0.002419, 0.002390, 0.002360
470, 0.002421, 0.002394, 0.002363
471, 0.002414, 0.002399, 0.002367
472, 0.002421, 0.002390, 0.002360
473, 0.002416, 0.002392, 0.002361
474, 0.002414, 0.002396, 0.002364
475, 0.002419, 0.002390, 0.002360
476, 0.002419, 0.002392, 0.002361
477, 0.002411, 0.002398, 0.002366
478, 0.002415, 0.002388, 0.002359
479, 0.002418, 0.002390, 0.002360
480, 0.002413, 0.002394, 0.002363
481, 0.002414, 0.002387, 0.002358
482, 0.002413, 0.002391, 0.002360
483, 0.002412, 0.002392, 0.002361
484, 0.002412, 0.002391, 0.002360
485, 0.002411, 0.002389, 0.002358
486, 0.002416, 0.002395, 0.002363
487, 0.002414, 0.002388, 0.002357
488, 0.002412, 0.002388, 0.002357
489, 0.002412, 0.002395, 0.002363
490, 0.002413, 0.002389, 0.002358
491, 0.002409, 0.002386, 0.002356
492, 0.002411, 0.002391, 0.002359
493, 0.002409, 0.002389, 0.002358
494, 0.002411, 0.002386, 0.002356
495, 0.002410, 0.002394, 0.002362
496, 0.002411, 0.002392, 0.002360
497, 0.002412, 0.002385, 0.002355
498, 0.002411, 0.002391, 0.002360
499, 0.002410, 0.002390, 0.002359
500, 0.002409, 0.002383, 0.002354
501, 0.002408, 0.002392, 0.002361
502, 0.002408, 0.002388, 0.002358
503, 0.002409, 0.002383, 0.002354
504, 0.002408, 0.002387, 0.002356
505, 0.002406, 0.002392, 0.002360
506, 0.002410, 0.002381, 0.002352
507, 0.002412, 0.002391, 0.002359
508, 0.002407, 0.002393, 0.002361
509, 0.002409, 0.002383, 0.002355
510, 0.002408, 0.002390, 0.002358
511, 0.002406, 0.002396, 0.002363
512, 0.002410, 0.002381, 0.002352
513, 0.002411, 0.002392, 0.002360
514, 0.002408, 0.002388, 0.002357
515, 0.002407, 0.002381, 0.002352
516, 0.002407, 0.002390, 0.002358
517, 0.002401, 0.002391, 0.002359
518, 0.002407, 0.002381, 0.002351
519, 0.002407, 0.002393, 0.002360
520, 0.002406, 0.002386, 0.002354
521, 0.002404, 0.002380, 0.002350
522, 0.002405, 0.002393, 0.002360
523, 0.002405, 0.002386, 0.002354
524, 0.002405, 0.002379, 0.002349
525, 0.002403, 0.002390, 0.002357
526, 0.002404, 0.002385, 0.002354
527, 0.002402, 0.002380, 0.002350
528, 0.002404, 0.002391, 0.002359
529, 0.002402, 0.002379, 0.002349
530, 0.002400, 0.002379, 0.002349
531, 0.002400, 0.002397, 0.002365
532, 0.002405, 0.002379, 0.002349
533, 0.002403, 0.002381, 0.002351
534, 0.002400, 0.002388, 0.002357
535, 0.002400, 0.002382, 0.002352
536, 0.002401, 0.002380, 0.002349
537, 0.002400, 0.002385, 0.002353
538, 0.002405, 0.002382, 0.002351
539, 0.002401, 0.002378, 0.002348
540, 0.002399, 0.002386, 0.002354
541, 0.002399, 0.002381, 0.002350
542, 0.002398, 0.002376, 0.002346
543, 0.002402, 0.002383, 0.002352
544, 0.002400, 0.002381, 0.002350
545, 0.002396, 0.002376, 0.002347
546, 0.002396, 0.002381, 0.002350
547, 0.002399, 0.002377, 0.002347
548, 0.002394, 0.002380, 0.002349
549, 0.002397, 0.002382, 0.002351
550, 0.002395, 0.002379, 0.002348
551, 0.002396, 0.002379, 0.002348
552, 0.002393, 0.002374, 0.002344
553, 0.002397, 0.002383, 0.002351
554, 0.002394, 0.002374, 0.002344
555, 0.002399, 0.002381, 0.002349
556, 0.002393, 0.002376, 0.002345
557, 0.002393, 0.002375, 0.002345
558, 0.002395, 0.002379, 0.002348
559, 0.002391, 0.002376, 0.002346
560, 0.002393, 0.002376, 0.002346
561, 0.002395, 0.002379, 0.002348
562, 0.002391, 0.002375, 0.002345
563, 0.002393, 0.002378, 0.002347
564, 0.002395, 0.002371, 0.002342
565, 0.002394, 0.002376, 0.002346
566, 0.002392, 0.002379, 0.002347
567, 0.002391, 0.002373, 0.002342
568, 0.002392, 0.002378, 0.002346
569, 0.002394, 0.002376, 0.002345
570, 0.002388, 0.002369, 0.002339
571, 0.002390, 0.002374, 0.002343
572, 0.002389, 0.002374, 0.002342
573, 0.002387, 0.002373, 0.002342
574, 0.002387, 0.002377, 0.002345
575, 0.002390, 0.002370, 0.002340
576, 0.002391, 0.002376, 0.002345
577, 0.002392, 0.002377, 0.002346
578, 0.002388, 0.002367, 0.002338
579, 0.002393, 0.002376, 0.002345
580, 0.002389, 0.002372, 0.002341
581, 0.002389, 0.002367, 0.002338
582, 0.002387, 0.002373, 0.002342
583, 0.002388, 0.002375, 0.002344
584, 0.002388, 0.002369, 0.002339
585, 0.002387, 0.002370, 0.002340
586, 0.002386, 0.002375, 0.002344
587, 0.002388, 0.002365, 0.002335
588, 0.002389, 0.002376, 0.002344
589, 0.002387, 0.002367, 0.002337
590, 0.002386, 0.002366, 0.002336
591, 0.002385, 0.002376, 0.002345
592, 0.002385, 0.002369, 0.002339
593, 0.002382, 0.002365, 0.002336
594, 0.002383, 0.002374, 0.002344
595, 0.002383, 0.002363, 0.002334
596, 0.002387, 0.002370, 0.002339
597, 0.002382, 0.002371, 0.002340
598, 0.002384, 0.002362, 0.002333
599, 0.002382, 0.002367, 0.002337
600, 0.002381, 0.002374, 0.002343
601, 0.002386, 0.002358, 0.002330
602, 0.002386, 0.002372, 0.002341
603, 0.002385, 0.002368, 0.002337
604, 0.002382, 0.002360, 0.002331
605, 0.002381, 0.002386, 0.002352
606, 0.002385, 0.002361, 0.002331
607, 0.002379, 0.002359, 0.002330
608, 0.002379, 0.002382, 0.002349
609, 0.002383, 0.002359, 0.002330
610, 0.002384, 0.002363, 0.002333
611, 0.002378, 0.002378, 0.002345
612, 0.002382, 0.002355, 0.002327
613, 0.002384, 0.002375, 0.002342
614, 0.002379, 0.002361, 0.002331
615, 0.002376, 0.002356, 0.002327
616, 0.002377, 0.002372, 0.002340
617, 0.002383, 0.002359, 0.002328
618, 0.002375, 0.002356, 0.002326
619, 0.002376, 0.002369, 0.002338
620, 0.002376, 0.002354, 0.002325
621, 0.002375, 0.002357, 0.002327
622, 0.002373, 0.002362, 0.002331
623, 0.002376, 0.002356, 0.002327
624, 0.002377, 0.002360, 0.002330
625, 0.002374, 0.002359, 0.002328
626, 0.002373, 0.002359, 0.002328
627, 0.002369, 0.002354, 0.002324
628, 0.002372, 0.002354, 0.002324
629, 0.002373, 0.002363, 0.002331
630, 0.002370, 0.002357, 0.002326
631, 0.002371, 0.002350, 0.002321
632, 0.002370, 0.002365, 0.002334
633, 0.002375, 0.002349, 0.002320
634, 0.002370, 0.002354, 0.002323
635, 0.002368, 0.002357, 0.002326
636, 0.002369, 0.002344, 0.002316
637, 0.002371, 0.002356, 0.002325
638, 0.002369, 0.002358, 0.002327
639, 0.002369, 0.002346, 0.002318
640, 0.002367, 0.002362, 0.002331
641, 0.002367, 0.002348, 0.002319
642, 0.002365, 0.002343, 0.002315
643, 0.002369, 0.002364, 0.002332
644, 0.002368, 0.002340, 0.002313
645, 0.002371, 0.002353, 0.002323
646, 0.002365, 0.002353, 0.002323
647, 0.002363, 0.002342, 0.002313
648, 0.002366, 0.002353, 0.002322
649, 0.002361, 0.002346, 0.002316
650, 0.002364, 0.002341, 0.002311
651, 0.002362, 0.002345, 0.002314
652, 0.002363, 0.002346, 0.002315
653, 0.002358, 0.002341, 0.002311
654, 0.002358, 0.002345, 0.002315
655, 0.002360, 0.002339, 0.002309
656, 0.002360, 0.002345, 0.002314
657, 0.002357, 0.002339, 0.002309
658, 0.002358, 0.002340, 0.002310
659, 0.002358, 0.002349, 0.002318
660, 0.002358, 0.002333, 0.002304
661, 0.002358, 0.002341, 0.002311
662, 0.002355, 0.002336, 0.002306
663, 0.002355, 0.002337, 0.002307
664, 0.002357, 0.002338, 0.002308
665, 0.002357, 0.002337, 0.002307
666, 0.002353, 0.002336, 0.002306
667, 0.002356, 0.002336, 0.002306
668, 0.002349, 0.002332, 0.002302
669, 0.002348, 0.002335, 0.002305
670, 0.002350, 0.002331, 0.002302
671, 0.002350, 0.002336, 0.002305
672, 0.002349, 0.002328, 0.002298
673, 0.002348, 0.002338, 0.002306
674, 0.002352, 0.002324, 0.002295
675, 0.002348, 0.002327, 0.002298
676, 0.002348, 0.002332, 0.002302
677, 0.002346, 0.002323, 0.002295
678, 0.002347, 0.002339, 0.002308
679, 0.002348, 0.002322, 0.002294
680, 0.002346, 0.002329, 0.002300
681, 0.002345, 0.002327, 0.002297
682, 0.002347, 0.002318, 0.002289
683, 0.002344, 0.002326, 0.002296
684, 0.002343, 0.002316, 0.002287
685, 0.002341, 0.002326, 0.002296
686, 0.002342, 0.002328, 0.002297
687, 0.002338, 0.002312, 0.002284
688, 0.002341, 0.002333, 0.002302
689, 0.002342, 0.002316, 0.002287
690, 0.002337, 0.002309, 0.002281
691, 0.002338, 0.002334, 0.002303
692, 0.002343, 0.002306, 0.002279
693, 0.002339, 0.002325, 0.002295
694, 0.002334, 0.002311, 0.002282
695, 0.002335, 0.002305, 0.002277
696, 0.002330, 0.002323, 0.002292
697, 0.002338, 0.002301, 0.002273
698, 0.002332, 0.002324, 0.002293
699, 0.002333, 0.002307, 0.002277
700, 0.002329, 0.002304, 0.002274
701, 0.002330, 0.002315, 0.002284
702, 0.002327, 0.002296, 0.002269
703, 0.002327, 0.002316, 0.002285
704, 0.002327, 0.002299, 0.002270
705, 0.002323, 0.002297, 0.002268
706, 0.002327, 0.002312, 0.002281
707, 0.002325, 0.002290, 0.002263
708, 0.002322, 0.002304, 0.002273
709, 0.002319, 0.002298, 0.002268
710, 0.002318, 0.002286, 0.002258
711, 0.002321, 0.002318, 0.002287
712, 0.002325, 0.002284, 0.002257
713, 0.002317, 0.002293, 0.002263
714, 0.002315, 0.002293, 0.002264
715, 0.002310, 0.002282, 0.002254
716, 0.002310, 0.002288, 0.002259
717, 0.002309, 0.002288, 0.002258
718, 0.002310, 0.002278, 0.002250
719, 0.002311, 0.002287, 0.002257
720, 0.002307, 0.002283, 0.002254
721, 0.002307, 0.002276, 0.002248
722, 0.002303, 0.002279, 0.002250
723, 0.002301, 0.002276, 0.002247
724, 0.002305, 0.002271, 0.002242
725, 0.002300, 0.002269, 0.002241
726, 0.002299, 0.002281, 0.002251
727, 0.002298, 0.002263, 0.002236
728, 0.002299, 0.002276, 0.002246
729, 0.002296, 0.002265, 0.002236
730, 0.002297, 0.002260, 0.002232
731, 0.002291, 0.002273, 0.002242
732, 0.002296, 0.002256, 0.002227
733, 0.002292, 0.002264, 0.002234
734, 0.002287, 0.002264, 0.002234
735, 0.002286, 0.002249, 0.002221
736, 0.002289, 0.002267, 0.002237
737, 0.002288, 0.002245, 0.002218
738, 0.002283, 0.002249, 0.002220
739, 0.002277, 0.002257, 0.002228
740, 0.002281, 0.002240, 0.002213
741, 0.002280, 0.002254, 0.002225
742, 0.002278, 0.002238, 0.002210
743, 0.002275, 0.002238, 0.002210
744, 0.002274, 0.002247, 0.002217
745, 0.002275, 0.002228, 0.002201
746, 0.002273, 0.002250, 0.002220
747, 0.002272, 0.002228, 0.002200
748, 0.002265, 0.002227, 0.002199
749, 0.002264, 0.002232, 0.002203
750, 0.002261, 0.002220, 0.002192
751, 0.002259, 0.002225, 0.002196
752, 0.002257, 0.002225, 0.002195
753, 0.002256, 0.002213, 0.002185
754, 0.002255, 0.002222, 0.002193
755, 0.002251, 0.002213, 0.002185
756, 0.002250, 0.002207, 0.002180
757, 0.002248, 0.002217, 0.002188
758, 0.002253, 0.002199, 0.002173
759, 0.002247, 0.002216, 0.002187
760, 0.002246, 0.002195, 0.002168
761, 0.002241, 0.002205, 0.002175
762, 0.002239, 0.002200, 0.002170
763, 0.002237, 0.002185, 0.002158
764, 0.002241, 0.002225, 0.002193
765, 0.002244, 0.002179, 0.002153
766, 0.002234, 0.002184, 0.002155
767, 0.002229, 0.002201, 0.002171
768, 0.002229, 0.002171, 0.002145
769, 0.002229, 0.002199, 0.002169
770, 0.002226, 0.002165, 0.002139
771, 0.002218, 0.002178, 0.002149
772, 0.002214, 0.002169, 0.002140
773, 0.002211, 0.002159, 0.002131
774, 0.002212, 0.002169, 0.002139
775, 0.002208, 0.002152, 0.002124
776, 0.002206, 0.002158, 0.002129
777, 0.002204, 0.002146, 0.002118
778, 0.002197, 0.002154, 0.002125
779, 0.002198, 0.002142, 0.002114
780, 0.002192, 0.002141, 0.002113
781, 0.002193, 0.002139, 0.002111
782, 0.002189, 0.002132, 0.002104
783, 0.002185, 0.002133, 0.002104
784, 0.002180, 0.002126, 0.002098
785, 0.002179, 0.002124, 0.002096
786, 0.002174, 0.002115, 0.002088
787, 0.002169, 0.002114, 0.002086
788, 0.002165, 0.002121, 0.002091
789, 0.002167, 0.002102, 0.002075
790, 0.002165, 0.002105, 0.002076
791, 0.002161, 0.002111, 0.002081
792, 0.002159, 0.002091, 0.002066
793, 0.002164, 0.002139, 0.002109
794, 0.002168, 0.002082, 0.002057
795, 0.002157, 0.002097, 0.002067
796, 0.002148, 0.002082, 0.002054
797, 0.002137, 0.002071, 0.002044
798, 0.002135, 0.002079, 0.002050
799, 0.002132, 0.002064, 0.002036
800, 0.002129, 0.002066, 0.002038
801, 0.002127, 0.002054, 0.002027
802, 0.002123, 0.002058, 0.002029
803, 0.002115, 0.002046, 0.002019
804, 0.002113, 0.002040, 0.002014
805, 0.002110, 0.002049, 0.002020
806, 0.002105, 0.002034, 0.002007
807, 0.002103, 0.002039, 0.002010
808, 0.002099, 0.002021, 0.001994
809, 0.002093, 0.002026, 0.001997
810, 0.002090, 0.002013, 0.001985
811, 0.002084, 0.002014, 0.001986
812, 0.002084, 0.002009, 0.001981
813, 0.002074, 0.001997, 0.001971
814, 0.002077, 0.002015, 0.001985
815, 0.002075, 0.001984, 0.001959
816, 0.002074, 0.002007, 0.001978
817, 0.002067, 0.001973, 0.001948
818, 0.002057, 0.001977, 0.001950
819, 0.002048, 0.001971, 0.001944
820, 0.002047, 0.001958, 0.001932
821, 0.002040, 0.001976, 0.001947
822, 0.002041, 0.001947, 0.001922
823, 0.002039, 0.001970, 0.001940
824, 0.002032, 0.001936, 0.001910
825, 0.002022, 0.001933, 0.001906
826, 0.002014, 0.001944, 0.001915
827, 0.002014, 0.001918, 0.001893
828, 0.002017, 0.001957, 0.001927
829, 0.002017, 0.001914, 0.001891
830, 0.002012, 0.001928, 0.001899
831, 0.001998, 0.001899, 0.001871
832, 0.001989, 0.001890, 0.001865
833, 0.001988, 0.001929, 0.001899
834, 0.001996, 0.001882, 0.001858
835, 0.001993, 0.001913, 0.001882
836, 0.001981, 0.001864, 0.001840
837, 0.001970, 0.001871, 0.001844
838, 0.001954, 0.001858, 0.001831
839, 0.001947, 0.001844, 0.001819
840, 0.001946, 0.001866, 0.001837
841, 0.001945, 0.001828, 0.001804
842, 0.001942, 0.001848, 0.001820
843, 0.001934, 0.001817, 0.001791
844, 0.001923, 0.001819, 0.001792
845, 0.001914, 0.001811, 0.001784
846, 0.001908, 0.001798, 0.001772
847, 0.001905, 0.001791, 0.001765
848, 0.001897, 0.001787, 0.001761
849, 0.001889, 0.001784, 0.001757
850, 0.001883, 0.001769, 0.001743
851, 0.001875, 0.001765, 0.001740
852, 0.001872, 0.001759, 0.001733
853, 0.001865, 0.001748, 0.001722
854, 0.001859, 0.001749, 0.001722
855, 0.001852, 0.001732, 0.001707
856, 0.001849, 0.001729, 0.001702
857, 0.001838, 0.001722, 0.001695
858, 0.001831, 0.001711, 0.001686
859, 0.001831, 0.001710, 0.001684
860, 0.001824, 0.001694, 0.001669
861, 0.001813, 0.001696, 0.001671
862, 0.001809, 0.001679, 0.001654
863, 0.001802, 0.001674, 0.001648
864, 0.001795, 0.001667, 0.001641
865, 0.001788, 0.001657, 0.001632
866, 0.001781, 0.001653, 0.001627
867, 0.001772, 0.001645, 0.001619
868, 0.001768, 0.001634, 0.001610
869, 0.001761, 0.001626, 0.001601
870, 0.001756, 0.001620, 0.001596
871, 0.001746, 0.001611, 0.001587
872, 0.001739, 0.001604, 0.001579
873, 0.001734, 0.001590, 0.001566
874, 0.001729, 0.001601, 0.001576
875, 0.001722, 0.001574, 0.001552
876, 0.001719, 0.001599, 0.001571
877, 0.001711, 0.001558, 0.001537
878, 0.001703, 0.001561, 0.001536
879, 0.001691, 0.001546, 0.001521
880, 0.001684, 0.001533, 0.001511
881, 0.001677, 0.001547, 0.001522
882, 0.001672, 0.001516, 0.001494
883, 0.001670, 0.001530, 0.001504
884, 0.001656, 0.001501, 0.001480
885, 0.001648, 0.001493, 0.001469
886, 0.001641, 0.001496, 0.001471
887, 0.001633, 0.001473, 0.001453
888, 0.001628, 0.001493, 0.001467
889, 0.001621, 0.001461, 0.001441
890, 0.001617, 0.001479, 0.001455
891, 0.001607, 0.001437, 0.001418
892, 0.001596, 0.001448, 0.001424
893, 0.001587, 0.001424, 0.001403
894, 0.001580, 0.001418, 0.001398
895, 0.001569, 0.001422, 0.001398
896, 0.001567, 0.001396, 0.001378
897, 0.001561, 0.001424, 0.001401
898, 0.001553, 0.001382, 0.001365
899, 0.001549, 0.001409, 0.001385
900, 0.001542, 0.001368, 0.001352
901, 0.001529, 0.001375, 0.001352
902, 0.001518, 0.001345, 0.001326
903, 0.001504, 0.001348, 0.001329
904, 0.001495, 0.001332, 0.001311
905, 0.001489, 0.001329, 0.001309
906, 0.001483, 0.001323, 0.001303
907, 0.001470, 0.001304, 0.001285
908, 0.001465, 0.001313, 0.001291
909, 0.001456, 0.001292, 0.001274
910, 0.001449, 0.001289, 0.001270
911, 0.001434, 0.001290, 0.001270
912, 0.001429, 0.001263, 0.001249
913, 0.001426, 0.001298, 0.001277
914, 0.001426, 0.001262, 0.001250
915, 0.001430, 0.001338, 0.001313
916, 0.001442, 0.001263, 0.001255
917, 0.001436, 0.001328, 0.001304
918, 0.001431, 0.001239, 0.001226
919, 0.001409, 0.001273, 0.001252
920, 0.001383, 0.001200, 0.001182
921, 0.001359, 0.001193, 0.001176
922, 0.001340, 0.001231, 0.001213
923, 0.001353, 0.001196, 0.001179
924, 0.001364, 0.001238, 0.001218
925, 0.001347, 0.001159, 0.001142
926, 0.001312, 0.001152, 0.001132
927, 0.001298, 0.001181, 0.001162
928, 0.001302, 0.001136, 0.001118
929, 0.001298, 0.001145, 0.001123
930, 0.001276, 0.001123, 0.001107
931, 0.001265, 0.001109, 0.001087
932, 0.001262, 0.001120, 0.001102
933, 0.001249, 0.001092, 0.001073
934, 0.001242, 0.001088, 0.001069
935, 0.001231, 0.001087, 0.001067
936, 0.001224, 0.001063, 0.001044
937, 0.001216, 0.001085, 0.001062
938, 0.001210, 0.001051, 0.001034
939, 0.001204, 0.001056, 0.001035
940, 0.001187, 0.001033, 0.001015
941, 0.001175, 0.001021, 0.001003
942, 0.001169, 0.001055, 0.001031
943, 0.001177, 0.001019, 0.001004
944, 0.001167, 0.001024, 0.000998
945, 0.001145, 0.001006, 0.000988
946, 0.001138, 0.001006, 0.000982
947, 0.001151, 0.001059, 0.001043
948, 0.001166, 0.001001, 0.000975
949, 0.001150, 0.001028, 0.001015
950, 0.001138, 0.000988, 0.000952
951, 0.001130, 0.001031, 0.001024
952, 0.001148, 0.001084, 0.001045
953, 0.001209, 0.001085, 0.001074
954, 0.001200, 0.001042, 0.001014
955, 0.001185, 0.000949, 0.000927
956, 0.001087, 0.000927, 0.000913
957, 0.001088, 0.001005, 0.000976
958, 0.001156, 0.000900, 0.000884
959, 0.001057, 0.000898, 0.000883
960, 0.001049, 0.000935, 0.000911
961, 0.001095, 0.000863, 0.000848
962, 0.001014, 0.000914, 0.000901
963, 0.001036, 0.000973, 0.000943
964, 0.001122, 0.000890, 0.000879
965, 0.001019, 0.000833, 0.000820
966, 0.000983, 0.000876, 0.000849
967, 0.001021, 0.000854, 0.000845
968, 0.000986, 0.000802, 0.000786
969, 0.000960, 0.000826, 0.000803
970, 0.000966, 0.000818, 0.000809
971, 0.000961, 0.000795, 0.000773
972, 0.000941, 0.000807, 0.000792
973, 0.000936, 0.000776, 0.000762
974, 0.000928, 0.000774, 0.000753
975, 0.000921, 0.000808, 0.000795
976, 0.000932, 0.000771, 0.000751
977, 0.000948, 0.000887, 0.000871
978, 0.000993, 0.000811, 0.000791
979, 0.000990, 0.000771, 0.000751
980, 0.000912, 0.000729, 0.000714
981, 0.000879, 0.000710, 0.000695
982, 0.000892, 0.000788, 0.000773
983, 0.000917, 0.000734, 0.000718
984, 0.000912, 0.000707, 0.000695
985, 0.000867, 0.000700, 0.000685
986, 0.000850, 0.000689, 0.000675
987, 0.000865, 0.000734, 0.000722
988, 0.000879, 0.000687, 0.000672
989, 0.000859, 0.000674, 0.000663
990, 0.000831, 0.000663, 0.000649
991, 0.000825, 0.000668, 0.000655
992, 0.000835, 0.000690, 0.000680
993, 0.000847, 0.000660, 0.000643
994, 0.000830, 0.000649, 0.000641
995, 0.000804, 0.000638, 0.000626
996, 0.000809, 0.000641, 0.000631
997, 0.000813, 0.000655, 0.000647
998, 0.000820, 0.000634, 0.000617
999, 0.000808, 0.000633, 0.000629
1000, 0.000798, 0.000611, 0.000596
1001, 0.000780, 0.000605, 0.000594
1002, 0.000781, 0.000623, 0.000614
1003, 0.000791, 0.000607, 0.000592
1004, 0.000785, 0.000609, 0.000604
1005, 0.000780, 0.000586, 0.000570
1006, 0.000762, 0.000584, 0.000570
1007, 0.000757, 0.000584, 0.000577
1008, 0.000763, 0.000586, 0.000572
1009, 0.000764, 0.000589, 0.000582
1010, 0.000756, 0.000554, 0.000543
1011, 0.000739, 0.000568, 0.000555
1012, 0.000738, 0.000566, 0.000561
1013, 0.000742, 0.000553, 0.000538
1014, 0.000739, 0.000560, 0.000550
1015, 0.000726, 0.000537, 0.000529
1016, 0.000720, 0.000544, 0.000531
1017, 0.000718, 0.000544, 0.000535
1018, 0.000717, 0.000522, 0.000513
1019, 0.000715, 0.000542, 0.000531
1020, 0.000710, 0.000516, 0.000508
1021, 0.000705, 0.000513, 0.000503
1022, 0.000701, 0.000522, 0.000512
1023, 0.000698, 0.000507, 0.000499
1024, 0.000696, 0.000506, 0.000495
1025, 0.000695, 0.000511, 0.000500
1026, 0.000688, 0.000497, 0.000487
1027, 0.000688, 0.000507, 0.000497
1028, 0.000687, 0.000494, 0.000485
1029, 0.000680, 0.000486, 0.000476
1030, 0.000678, 0.000504, 0.000497
1031, 0.000681, 0.000483, 0.000474
1032, 0.000673, 0.000483, 0.000473
1033, 0.000671, 0.000486, 0.000479
1034, 0.000670, 0.000476, 0.000465
1035, 0.000667, 0.000472, 0.000464
1036, 0.000662, 0.000477, 0.000469
1037, 0.000661, 0.000463, 0.000453
1038, 0.000659, 0.000469, 0.000462
1039, 0.000661, 0.000472, 0.000462
1040, 0.000657, 0.000456, 0.000447
1041, 0.000648, 0.000463, 0.000459
1042, 0.000654, 0.000468, 0.000457
1043, 0.000656, 0.000447, 0.000442
1044, 0.000648, 0.000461, 0.000455
1045, 0.000644, 0.000455, 0.000444
1046, 0.000647, 0.000447, 0.000442
1047, 0.000645, 0.000451, 0.000443
1048, 0.000638, 0.000444, 0.000434
1049, 0.000635, 0.000444, 0.000439
1050, 0.000643, 0.000447, 0.000436
1051, 0.000638, 0.000432, 0.000424
1052, 0.000628, 0.000435, 0.000431
1053, 0.000632, 0.000449, 0.000438
1054, 0.000635, 0.000432, 0.000427
1055, 0.000633, 0.000430, 0.000423
1056, 0.000620, 0.000428, 0.000419
1057, 0.000622, 0.000421, 0.000415
1058, 0.000626, 0.000431, 0.000423
1059, 0.000618, 0.000419, 0.000411
1060, 0.000613, 0.000415, 0.000409
1061, 0.000615, 0.000419, 0.000412
1062, 0.000619, 0.000421, 0.000413
1063, 0.000616, 0.000411, 0.000405
1064, 0.000608, 0.000406, 0.000398
1065, 0.000606, 0.000422, 0.000414
1066, 0.000615, 0.000403, 0.000397
1067, 0.000611, 0.000412, 0.000403
1068, 0.000601, 0.000403, 0.000396
1069, 0.000600, 0.000399, 0.000394
1070, 0.000602, 0.000416, 0.000407
1071, 0.000600, 0.000392, 0.000387
1072, 0.000601, 0.000401, 0.000395
1073, 0.000596, 0.000402, 0.000395
1074, 0.000592, 0.000384, 0.000378
1075, 0.000596, 0.000400, 0.000392
1076, 0.000592, 0.000386, 0.000378
1077, 0.000586, 0.000385, 0.000379
1078, 0.000588, 0.000393, 0.000386
1079, 0.000589, 0.000384, 0.000378
1080, 0.000583, 0.000377, 0.000372
1081, 0.000583, 0.000391, 0.000387
1082, 0.000584, 0.000375, 0.000370
1083, 0.000583, 0.000380, 0.000373
1084, 0.000580, 0.000378, 0.000372
1085, 0.000578, 0.000370, 0.000364
1086, 0.000577, 0.000380, 0.000373
1087, 0.000578, 0.000374, 0.000368
1088, 0.000580, 0.000369, 0.000362
1089, 0.000578, 0.000385, 0.000379
1090, 0.000573, 0.000367, 0.000363
1091, 0.000572, 0.000371, 0.000364
1092, 0.000574, 0.000373, 0.000367
1093, 0.000573, 0.000363, 0.000358
1094, 0.000568, 0.000378, 0.000370
1095, 0.000571, 0.000361, 0.000356
1096, 0.000570, 0.000361, 0.000354
1097, 0.000563, 0.000371, 0.000364
1098, 0.000566, 0.000358, 0.000355
1099, 0.000570, 0.000368, 0.000363
1100, 0.000564, 0.000363, 0.000358
1101, 0.000564, 0.000352, 0.000348
1102, 0.000565, 0.000378, 0.000372
1103, 0.000566, 0.000346, 0.000342
1104, 0.000566, 0.000371, 0.000365
1105, 0.000566, 0.000352, 0.000347
1106, 0.000557, 0.000352, 0.000346
1107, 0.000557, 0.000363, 0.000358
1108, 0.000561, 0.000348, 0.000344
1109, 0.000556, 0.000347, 0.000342
1110, 0.000552, 0.000362, 0.000358
1111, 0.000555, 0.000347, 0.000344
1112, 0.000556, 0.000349, 0.000344
1113, 0.000550, 0.000349, 0.000344
1114, 0.000552, 0.000348, 0.000343
1115, 0.000551, 0.000346, 0.000340
1116, 0.000547, 0.000348, 0.000343
1117, 0.000548, 0.000340, 0.000334
1118, 0.000550, 0.000350, 0.000344
1119, 0.000548, 0.000338, 0.000334
1120, 0.000547, 0.000350, 0.000343
1121, 0.000549, 0.000333, 0.000329
1122, 0.000548, 0.000341, 0.000336
1123, 0.000545, 0.000346, 0.000340
1124, 0.000544, 0.000333, 0.000332
1125, 0.000549, 0.000357, 0.000350
1126, 0.000548, 0.000329, 0.000325
1127, 0.000543, 0.000346, 0.000342
1128, 0.000539, 0.000335, 0.000328
1129, 0.000544, 0.000330, 0.000326
1130, 0.000540, 0.000350, 0.000345
1131, 0.000539, 0.000324, 0.000320
1132, 0.000542, 0.000350, 0.000346
1133, 0.000539, 0.000326, 0.000322
1134, 0.000537, 0.000329, 0.000323
1135, 0.000537, 0.000341, 0.000338
1136, 0.000535, 0.000322, 0.000318
1137, 0.000535, 0.000333, 0.000328
1138, 0.000535, 0.000344, 0.000342
1139, 0.000539, 0.000318, 0.000313
1140, 0.000535, 0.000348, 0.000342
1141, 0.000538, 0.000319, 0.000316
1142, 0.000537, 0.000324, 0.000319
1143, 0.000530, 0.000342, 0.000337
1144, 0.000534, 0.000317, 0.000315
1145, 0.000540, 0.000353, 0.000346
1146, 0.000538, 0.000319, 0.000317
1147, 0.000534, 0.000326, 0.000322
1148, 0.000528, 0.000327, 0.000323
1149, 0.000530, 0.000318, 0.000315
1150, 0.000529, 0.000334, 0.000329
1151, 0.000527, 0.000321, 0.000315
1152, 0.000529, 0.000324, 0.000321
1153, 0.000532, 0.000343, 0.000336
1154, 0.000531, 0.000311, 0.000305
1155, 0.000531, 0.000336, 0.000332
1156, 0.000528, 0.000320, 0.000315
1157, 0.000525, 0.000310, 0.000305
1158, 0.000527, 0.000346, 0.000342
1159, 0.000529, 0.000309, 0.000304
1160, 0.000527, 0.000327, 0.000322
1161, 0.000524, 0.000322, 0.000319
1162, 0.000524, 0.000309, 0.000304
1163, 0.000526, 0.000341, 0.000335
1164, 0.000528, 0.000311, 0.000309
1165, 0.000527, 0.000319, 0.000314
1166, 0.000525, 0.000328, 0.000323
1167, 0.000518, 0.000309, 0.000307
1168, 0.000530, 0.000345, 0.000338
1169, 0.000531, 0.000306, 0.000303
1170, 0.000524, 0.000328, 0.000324
1171, 0.000520, 0.000320, 0.000314
1172, 0.000522, 0.000304, 0.000301
1173, 0.000523, 0.000358, 0.000352
1174, 0.000531, 0.000303, 0.000299
1175, 0.000538, 0.000349, 0.000345
1176, 0.000526, 0.000307, 0.000304
1177, 0.000515, 0.000306, 0.000301
1178, 0.000524, 0.000349, 0.000346
1179, 0.000527, 0.000301, 0.000299
1180, 0.000523, 0.000329, 0.000323
1181, 0.000525, 0.000320, 0.000318
1182, 0.000519, 0.000302, 0.000297
1183, 0.000514, 0.000318, 0.000311
1184, 0.000516, 0.000309, 0.000307
1185, 0.000517, 0.000312, 0.000307
1186, 0.000512, 0.000314, 0.000308
1187, 0.000514, 0.000306, 0.000304
1188, 0.000518, 0.000329, 0.000324
1189, 0.000514, 0.000298, 0.000294
1190, 0.000518, 0.000315, 0.000312
1191, 0.000515, 0.000307, 0.000303
1192, 0.000515, 0.000300, 0.000297
1193, 0.000512, 0.000322, 0.000318
1194, 0.000514, 0.000299, 0.000294
1195, 0.000510, 0.000309, 0.000305
1196, 0.000508, 0.000309, 0.000305
1197, 0.000506, 0.000308, 0.000303
1198, 0.000510, 0.000302, 0.000300
1199, 0.000510, 0.000319, 0.000316
1200, 0.000512, 0.000296, 0.000293
1201, 0.000509, 0.000317, 0.000314
1202, 0.000511, 0.000302, 0.000299
1203, 0.000507, 0.000295, 0.000291
1204, 0.000510, 0.000326, 0.000322
1205, 0.000514, 0.000294, 0.000291
1206, 0.000514, 0.000332, 0.000326
1207, 0.000514, 0.000296, 0.000294
1208, 0.000511, 0.000306, 0.000302
1209, 0.000509, 0.000313, 0.000309
1210, 0.000505, 0.000296, 0.000294
1211, 0.000512, 0.000327, 0.000322
1212, 0.000516, 0.000293, 0.000290
1213, 0.000508, 0.000313, 0.000310
1214, 0.000507, 0.000306, 0.000303
1215, 0.000506, 0.000298, 0.000295
1216, 0.000507, 0.000315, 0.000312
1217, 0.000504, 0.000296, 0.000293
1218, 0.000507, 0.000305, 0.000300
1219, 0.000505, 0.000303, 0.000300
1220, 0.000507, 0.000293, 0.000290
1221, 0.000504, 0.000307, 0.000302
1222, 0.000505, 0.000299, 0.000297
1223, 0.000508, 0.000305, 0.000301
1224, 0.000501, 0.000296, 0.000293
1225, 0.000503, 0.000308, 0.000306
1226, 0.000505, 0.000295, 0.000292
1227, 0.000501, 0.000305, 0.000301
1228, 0.000504, 0.000301, 0.000299
1229, 0.000506, 0.000308, 0.000303
1230, 0.000503, 0.000296, 0.000292
1231, 0.000502, 0.000303, 0.000300
1232, 0.000500, 0.000302, 0.000298
1233, 0.000500, 0.000294, 0.000290
1234, 0.000502, 0.000306, 0.000303
1235, 0.000501, 0.000291, 0.000287
1236, 0.000499, 0.000310, 0.000305
1237, 0.000499, 0.000294, 0.000291
1238, 0.000500, 0.000298, 0.000294
1239, 0.000500, 0.000302, 0.000298
1240, 0.000497, 0.000291, 0.000288
1241, 0.000503, 0.000309, 0.000305
1242, 0.000498, 0.000291, 0.000287
1243, 0.000499, 0.000299, 0.000297
1244, 0.000500, 0.000313, 0.000310
1245, 0.000501, 0.000286, 0.000282
1246, 0.000504, 0.000325, 0.000321
1247, 0.000503, 0.000287, 0.000285
1248, 0.000501, 0.000307, 0.000302
1249, 0.000501, 0.000298, 0.000296
1250, 0.000494, 0.000289, 0.000287
1251, 0.000501, 0.000326, 0.000321
1252, 0.000505, 0.000287, 0.000286
1253, 0.000502, 0.000315, 0.000311
1254, 0.000504, 0.000290, 0.000286
1255, 0.000498, 0.000295, 0.000292
1256, 0.000496, 0.000303, 0.000299
1257, 0.000497, 0.000286, 0.000283
1258, 0.000500, 0.000310, 0.000306
1259, 0.000500, 0.000287, 0.000284
1260, 0.000496, 0.000295, 0.000291
1261, 0.000494, 0.000305, 0.000302
1262, 0.000498, 0.000284, 0.000280
1263, 0.000498, 0.000306, 0.000302
1264, 0.000495, 0.000290, 0.000288
1265, 0.000493, 0.000295, 0.000290
1266, 0.000495, 0.000296, 0.000293
1267, 0.000493, 0.000289, 0.000286
1268, 0.000494, 0.000296, 0.000292
1269, 0.000493, 0.000291, 0.000289
1270, 0.000495, 0.000296, 0.000294
1271, 0.000491, 0.000298, 0.000293
1272, 0.000496, 0.000290, 0.000287
1273, 0.000493, 0.000305, 0.000303
1274, 0.000495, 0.000288, 0.000284
1275, 0.000494, 0.000298, 0.000296
1276, 0.000494, 0.000296, 0.000293
1277, 0.000492, 0.000287, 0.000284
1278, 0.000493, 0.000303, 0.000301
1279, 0.000492, 0.000289, 0.000286
1280, 0.000491, 0.000296, 0.000291
1281, 0.000493, 0.000293, 0.000292
1282, 0.000495, 0.000294, 0.000290
1283, 0.000489, 0.000295, 0.000290
1284, 0.000492, 0.000295, 0.000294
1285, 0.000496, 0.000298, 0.000294
1286, 0.000491, 0.000287, 0.000284
1287, 0.000490, 0.000306, 0.000303
1288, 0.000492, 0.000285, 0.000282
1289, 0.000492, 0.000308, 0.000302
1290, 0.000492, 0.000289, 0.000288
1291, 0.000491, 0.000292, 0.000288
1292, 0.000489, 0.000300, 0.000296
1293, 0.000494, 0.000283, 0.000281
1294, 0.000494, 0.000317, 0.000313
1295, 0.000494, 0.000281, 0.000279
1296, 0.000495, 0.000305, 0.000303
1297, 0.000489, 0.000291, 0.000287
1298, 0.000489, 0.000285, 0.000282
1299, 0.000490, 0.000307, 0.000304
1300, 0.000491, 0.000280, 0.000276
1301, 0.000489, 0.000317, 0.000312
1302, 0.000494, 0.000280, 0.000279
1303, 0.000495, 0.000314, 0.000309
1304, 0.000491, 0.000283, 0.000281
1305, 0.000494, 0.000309, 0.000305
1306, 0.000491, 0.000284, 0.000280
1307, 0.000491, 0.000294, 0.000291
1308, 0.000490, 0.000298, 0.000295
1309, 0.000490, 0.000282, 0.000278
1310, 0.000489, 0.000306, 0.000303
1311, 0.000490, 0.000285, 0.000283
1312, 0.000491, 0.000296, 0.000291
1313, 0.000489, 0.000307, 0.000304
1314, 0.000488, 0.000278, 0.000276
1315, 0.000496, 0.000338, 0.000331
1316, 0.000500, 0.000279, 0.000278
1317, 0.000501, 0.000328, 0.000323
1318, 0.000498, 0.000278, 0.000274
1319, 0.000490, 0.000289, 0.000287
1320, 0.000487, 0.000312, 0.000308
1321, 0.000490, 0.000275, 0.000273
1322, 0.000500, 0.000329, 0.000324
1323, 0.000498, 0.000280, 0.000277
1324, 0.000488, 0.000287, 0.000283
1325, 0.000485, 0.000312, 0.000307
1326, 0.000490, 0.000277, 0.000276
1327, 0.000499, 0.000337, 0.000330
1328, 0.000500, 0.000275, 0.000272
1329, 0.000497, 0.000308, 0.000304
1330, 0.000488, 0.000287, 0.000282
1331, 0.000485, 0.000281, 0.000279
1332, 0.000487, 0.000309, 0.000305
1333, 0.000488, 0.000274, 0.000271
1334, 0.000490, 0.000306, 0.000304
1335, 0.000486, 0.000280, 0.000277
1336, 0.000483, 0.000277, 0.000275
1337, 0.000486, 0.000318, 0.000314
1338, 0.000491, 0.000274, 0.000271
1339, 0.000491, 0.000311, 0.000306
1340, 0.000489, 0.000285, 0.000283
1341, 0.000486, 0.000283, 0.000278
1342, 0.000484, 0.000297, 0.000292
1343, 0.000482, 0.000282, 0.000279
1344, 0.000485, 0.000295, 0.000289
1345, 0.000485, 0.000284, 0.000281
1346, 0.000483, 0.000283, 0.000280
1347, 0.000481, 0.000284, 0.000279
1348, 0.000485, 0.000286, 0.000283
1349, 0.000481, 0.000287, 0.000285
1350, 0.000481, 0.000288, 0.000284
1351, 0.000480, 0.000285, 0.000283
1352, 0.000479, 0.000291, 0.000289
1353, 0.000482, 0.000286, 0.000281
1354, 0.000482, 0.000285, 0.000282
1355, 0.000483, 0.000294, 0.000289
1356, 0.000479, 0.000282, 0.000277
1357, 0.000485, 0.000289, 0.000287
1358, 0.000483, 0.000293, 0.000288
1359, 0.000481, 0.000279, 0.000275
1360, 0.000481, 0.000291, 0.000289
1361, 0.000486, 0.000285, 0.000282
1362, 0.000479, 0.000283, 0.000279
1363, 0.000483, 0.000296, 0.000294
1364, 0.000481, 0.000278, 0.000275
1365, 0.000481, 0.000295, 0.000290
1366, 0.000481, 0.000282, 0.000280
1367, 0.000482, 0.000288, 0.000284
1368, 0.000479, 0.000290, 0.000287
1369, 0.000478, 0.000276, 0.000273
1370, 0.000481, 0.000305, 0.000300
1371, 0.000483, 0.000274, 0.000271
1372, 0.000481, 0.000295, 0.000290
1373, 0.000477, 0.000283, 0.000279
1374, 0.000480, 0.000277, 0.000274
1375, 0.000479, 0.000303, 0.000299
1376, 0.000481, 0.000273, 0.000270
1377, 0.000483, 0.000301, 0.000297
1378, 0.000479, 0.000284, 0.000282
1379, 0.000479, 0.000277, 0.000273
1380, 0.000480, 0.000304, 0.000300
1381, 0.000480, 0.000274, 0.000272
1382, 0.000484, 0.000306, 0.000301
1383, 0.000481, 0.000276, 0.000274
1384, 0.000479, 0.000281, 0.000278
1385, 0.000479, 0.000307, 0.000302
1386, 0.000484, 0.000269, 0.000267
1387, 0.000491, 0.000339, 0.000334
1388, 0.000491, 0.000269, 0.000267
1389, 0.000487, 0.000295, 0.000290
1390, 0.000479, 0.000291, 0.000288
1391, 0.000476, 0.000270, 0.000267
1392, 0.000484, 0.000332, 0.000325
1393, 0.000491, 0.000270, 0.000268
1394, 0.000492, 0.000321, 0.000315
1395, 0.000485, 0.000277, 0.000273
1396, 0.000478, 0.000276, 0.000273
1397, 0.000478, 0.000312, 0.000307
1398, 0.000483, 0.000268, 0.000265
1399, 0.000491, 0.000325, 0.000320
1400, 0.000489, 0.000270, 0.000267
1401, 0.000478, 0.000281, 0.000277
1402, 0.000474, 0.000302, 0.000297
1403, 0.000482, 0.000269, 0.000265
1404, 0.000481, 0.000306, 0.000299
1405, 0.000480, 0.000278, 0.000274
1406, 0.000478, 0.000276, 0.000272
1407, 0.000474, 0.000298, 0.000293
1408, 0.000477, 0.000272, 0.000269
1409, 0.000481, 0.000293, 0.000289
1410, 0.000477, 0.000276, 0.000272
1411, 0.000473, 0.000282, 0.000279
1412, 0.000477, 0.000286, 0.000282
1413, 0.000472, 0.000274, 0.000271
1414, 0.000480, 0.000296, 0.000292
1415, 0.000474, 0.000274, 0.000269
1416, 0.000475, 0.000287, 0.000284
1417, 0.000476, 0.000276, 0.000272
1418, 0.000473, 0.000282, 0.000277
1419, 0.000474, 0.000285, 0.000282
1420, 0.000477, 0.000278, 0.000274
1421, 0.000470, 0.000275, 0.000270
1422, 0.000472, 0.000293, 0.000290
1423, 0.000475, 0.000275, 0.000270
1424, 0.000472, 0.000275, 0.000271
1425, 0.000472, 0.000293, 0.000289
1426, 0.000473, 0.000268, 0.000265
1427, 0.000475, 0.000300, 0.000296
1428, 0.000477, 0.000274, 0.000271
1429, 0.000473, 0.000277, 0.000274
1430, 0.000471, 0.000288, 0.000283
1431, 0.000472, 0.000268, 0.000265
1432, 0.000473, 0.000298, 0.000292
1433, 0.000474, 0.000272, 0.000269
1434, 0.000472, 0.000282, 0.000277
1435, 0.000469, 0.000288, 0.000284
1436, 0.000472, 0.000266, 0.000263
1437, 0.000472, 0.000296, 0.000291
1438, 0.000474, 0.000273, 0.000270
1439, 0.000468, 0.000273, 0.000270
1440, 0.000470, 0.000297, 0.000293
1441, 0.000473, 0.000268, 0.000266
1442, 0.000473, 0.000288, 0.000285
1443, 0.000471, 0.000288, 0.000283
1444, 0.000471, 0.000266, 0.000264
1445, 0.000475, 0.000322, 0.000318
1446, 0.000480, 0.000267, 0.000263
1447, 0.000472, 0.000275, 0.000272
1448, 0.000470, 0.000310, 0.000306
1449, 0.000476, 0.000264, 0.000260
1450, 0.000482, 0.000317, 0.000312
1451, 0.000478, 0.000271, 0.000268
1452, 0.000473, 0.000281, 0.000276
1453, 0.000472, 0.000282, 0.000279
1454, 0.000468, 0.000270, 0.000267
1455, 0.000473, 0.000301, 0.000294
1456, 0.000475, 0.000270, 0.000266
1457, 0.000470, 0.000280, 0.000277
1458, 0.000469, 0.000286, 0.000281
1459, 0.000468, 0.000266, 0.000262
1460, 0.000470, 0.000296, 0.000292
1461, 0.000470, 0.000268, 0.000264
1462, 0.000468, 0.000281, 0.000276
1463, 0.000466, 0.000272, 0.000268
1464, 0.000465, 0.000278, 0.000275
1465, 0.000467, 0.000276, 0.000272
1466, 0.000466, 0.000275, 0.000271
1467, 0.000465, 0.000282, 0.000279
1468, 0.000466, 0.000267, 0.000263
1469, 0.000467, 0.000292, 0.000287
1470, 0.000469, 0.000269, 0.000266
1471, 0.000472, 0.000287, 0.000282
1472, 0.000467, 0.000275, 0.000270
1473, 0.000464, 0.000276, 0.000272
1474, 0.000465, 0.000284, 0.000280
1475, 0.000466, 0.000269, 0.000265
1476, 0.000462, 0.000281, 0.000277
1477, 0.000464, 0.000279, 0.000276
1478, 0.000466, 0.000273, 0.000269
1479, 0.000466, 0.000284, 0.000279
1480, 0.000465, 0.000266, 0.000263
1481, 0.000466, 0.000295, 0.000289
1482, 0.000469, 0.000263, 0.000259
1483, 0.000465, 0.000293, 0.000289
1484, 0.000466, 0.000274, 0.000269
1485, 0.000460, 0.000268, 0.000264
1486, 0.000464, 0.000295, 0.000291
1487, 0.000465, 0.000261, 0.000258
1488, 0.000467, 0.000287, 0.000283
1489, 0.000464, 0.000276, 0.000273
1490, 0.000464, 0.000268, 0.000264
1491, 0.000463, 0.000289, 0.000284
1492, 0.000466, 0.000265, 0.000262
1493, 0.000464, 0.000282, 0.000276
1494, 0.000464, 0.000278, 0.000274
1495, 0.000463, 0.000265, 0.000261
1496, 0.000464, 0.000303, 0.000298
1497, 0.000467, 0.000267, 0.000264
1498, 0.000464, 0.000282, 0.000277
1499, 0.000461, 0.000281, 0.000276
1500, 0.000462, 0.000263, 0.000260
1501, 0.000465, 0.000306, 0.000298
1502, 0.000469, 0.000260, 0.000256
1503, 0.000466, 0.000287, 0.000282
1504, 0.000463, 0.000272, 0.000268
1505, 0.000460, 0.000272, 0.000268
1506, 0.000460, 0.000274, 0.000270
1507, 0.000459, 0.000281, 0.000276
1508, 0.000461, 0.000268, 0.000265
1509, 0.000462, 0.000282, 0.000276
1510, 0.000461, 0.000270, 0.000265
1511, 0.000458, 0.000275, 0.000271
1512, 0.000460, 0.000278, 0.000272
1513, 0.000459, 0.000266, 0.000261
1514, 0.000461, 0.000293, 0.000288
1515, 0.000460, 0.000266, 0.000262
1516, 0.000460, 0.000280, 0.000274
1517, 0.000462, 0.000275, 0.000271
1518, 0.000460, 0.000272, 0.000268
1519, 0.000457, 0.000271, 0.000267
1520, 0.000457, 0.000275, 0.000272
1521, 0.000457, 0.000273, 0.000268
1522, 0.000458, 0.000269, 0.000265
1523, 0.000457, 0.000287, 0.000283
1524, 0.000461, 0.000264, 0.000259
1525, 0.000459, 0.000283, 0.000277
1526, 0.000457, 0.000271, 0.000267
1527, 0.000459, 0.000272, 0.000266
1528, 0.000458, 0.000278, 0.000273
1529, 0.000457, 0.000266, 0.000263
1530, 0.000458, 0.000282, 0.000277
1531, 0.000459, 0.000267, 0.000262
1532, 0.000457, 0.000273, 0.000268
1533, 0.000455, 0.000279, 0.000272
1534, 0.000458, 0.000267, 0.000262
1535, 0.000455, 0.000282, 0.000277
1536, 0.000457, 0.000268, 0.000263
1537, 0.000457, 0.000276, 0.000271
1538, 0.000454, 0.000280, 0.000275
1539, 0.000456, 0.000267, 0.000263
1540, 0.000457, 0.000280, 0.000275
1541, 0.000457, 0.000268, 0.000263
1542, 0.000452, 0.000267, 0.000262
1543, 0.000455, 0.000286, 0.000280
1544, 0.000458, 0.000260, 0.000256
1545, 0.000458, 0.000296, 0.000289
1546, 0.000461, 0.000255, 0.000251
1547, 0.000459, 0.000286, 0.000280
1548, 0.000456, 0.000263, 0.000258
1549, 0.000455, 0.000274, 0.000270
1550, 0.000454, 0.000273, 0.000269
1551, 0.000454, 0.000266, 0.000262
1552, 0.000453, 0.000284, 0.000278
1553, 0.000456, 0.000265, 0.000261
1554, 0.000456, 0.000277, 0.000271
1555, 0.000452, 0.000270, 0.000264
1556, 0.000453, 0.000269, 0.000265
1557, 0.000452, 0.000287, 0.000281
1558, 0.000456, 0.000257, 0.000253
1559, 0.000457, 0.000300, 0.000295
1560, 0.000456, 0.000262, 0.000258
1561, 0.000455, 0.000270, 0.000265
1562, 0.000454, 0.000278, 0.000274
1563, 0.000450, 0.000262, 0.000257
1564, 0.000454, 0.000285, 0.000279
1565, 0.000454, 0.000264, 0.000261
1566, 0.000454, 0.000283, 0.000277
1567, 0.000456, 0.000260, 0.000255
1568, 0.000452, 0.000293, 0.000288
1569, 0.000456, 0.000257, 0.000252
1570, 0.000455, 0.000291, 0.000284
1571, 0.000454, 0.000272, 0.000268
1572, 0.000455, 0.000262, 0.000257
1573, 0.000452, 0.000297, 0.000290
1574, 0.000456, 0.000257, 0.000254
1575, 0.000460, 0.000305, 0.000299
1576, 0.000457, 0.000256, 0.000251
1577, 0.000457, 0.000291, 0.000285
1578, 0.000454, 0.000265, 0.000260
1579, 0.000451, 0.000264, 0.000258
1580, 0.000453, 0.000290, 0.000285
1581, 0.000453, 0.000256, 0.000254
1582, 0.000457, 0.000297, 0.000290
1583, 0.000457, 0.000257, 0.000253
1584, 0.000450, 0.000285, 0.000280
1585, 0.000451, 0.000267, 0.000261
1586, 0.000446, 0.000263, 0.000258
1587, 0.000449, 0.000269, 0.000263
1588, 0.000447, 0.000269, 0.000264
1589, 0.000447, 0.000260, 0.000254
1590, 0.000452, 0.000279, 0.000273
1591, 0.000446, 0.000260, 0.000255
1592, 0.000445, 0.000262, 0.000256
1593, 0.000448, 0.000285, 0.000279
1594, 0.000449, 0.000255, 0.000252
1595, 0.000448, 0.000275, 0.000270
1596, 0.000448, 0.000265, 0.000260
1597, 0.000447, 0.000266, 0.000262
1598, 0.000447, 0.000270, 0.000265
1599, 0.000447, 0.000260, 0.000255
1600, 0.000448, 0.000281, 0.000275
1601, 0.000449, 0.000252, 0.000248
1602, 0.000450, 0.000289, 0.000283
1603, 0.000449, 0.000258, 0.000253
1604, 0.000445, 0.000266, 0.000260
1605, 0.000444, 0.000277, 0.000271
1606, 0.000444, 0.000255, 0.000249
1607, 0.000446, 0.000283, 0.000276
1608, 0.000448, 0.000256, 0.000251
1609, 0.000444, 0.000273, 0.000266
1610, 0.000443, 0.000269, 0.000262
1611, 0.000445, 0.000259, 0.000255
1612, 0.000446, 0.000269, 0.000263
1613, 0.000443, 0.000260, 0.000255
1614, 0.000444, 0.000262, 0.000256
1615, 0.000442, 0.000267, 0.000261
1616, 0.000445, 0.000265, 0.000259
1617, 0.000443, 0.000268, 0.000261
1618, 0.000442, 0.000264, 0.000258
1619, 0.000442, 0.000269, 0.000262
1620, 0.000444, 0.000263, 0.000256
1621, 0.000445, 0.000266, 0.000260
1622, 0.000443, 0.000266, 0.000260
1623, 0.000441, 0.000264, 0.000257
1624, 0.000443, 0.000261, 0.000255
1625, 0.000443, 0.000271, 0.000265
1626, 0.000441, 0.000259, 0.000254
1627, 0.000441, 0.000269, 0.000264
1628, 0.000444, 0.000266, 0.000261
1629, 0.000442, 0.000265, 0.000260
1630, 0.000443, 0.000264, 0.000258
1631, 0.000440, 0.000268, 0.000262
1632, 0.000441, 0.000261, 0.000254
1633, 0.000442, 0.000280, 0.000272
1634, 0.000441, 0.000257, 0.000251
1635, 0.000442, 0.000279, 0.000271
1636, 0.000441, 0.000255, 0.000249
1637, 0.000441, 0.000267, 0.000262
1638, 0.000439, 0.000265, 0.000258
1639, 0.000442, 0.000267, 0.000260
1640, 0.000439, 0.000264, 0.000259
1641, 0.000441, 0.000262, 0.000255
1642, 0.000441, 0.000269, 0.000262
1643, 0.000438, 0.000259, 0.000253
1644, 0.000441, 0.000269, 0.000262
1645, 0.000438, 0.000266, 0.000260
1646, 0.000440, 0.000256, 0.000251
1647, 0.000442, 0.000293, 0.000285
1648, 0.000443, 0.000244, 0.000238
1649, 0.000448, 0.000324, 0.000316
1650, 0.000456, 0.000243, 0.000238
1651, 0.000449, 0.000302, 0.000295
1652, 0.000446, 0.000249, 0.000244
1653, 0.000440, 0.000263, 0.000257
1654, 0.000438, 0.000272, 0.000267
1655, 0.000439, 0.000246, 0.000241
1656, 0.000441, 0.000295, 0.000287
1657, 0.000445, 0.000244, 0.000239
1658, 0.000446, 0.000299, 0.000291
1659, 0.000444, 0.000244, 0.000238
1660, 0.000445, 0.000291, 0.000283
1661, 0.000444, 0.000247, 0.000242
1662, 0.000440, 0.000273, 0.000266
1663, 0.000435, 0.000259, 0.000253
1664, 0.000436, 0.000254, 0.000249
1665, 0.000437, 0.000277, 0.000269
1666, 0.000436, 0.000248, 0.000242
1667, 0.000437, 0.000269, 0.000262
1668, 0.000436, 0.000253, 0.000247
1669, 0.000434, 0.000258, 0.000252
1670, 0.000433, 0.000262, 0.000256
1671, 0.000435, 0.000248, 0.000242
1672, 0.000437, 0.000290, 0.000282
1673, 0.000441, 0.000241, 0.000236
1674, 0.000442, 0.000289, 0.000282
1675, 0.000437, 0.000247, 0.000241
1676, 0.000436, 0.000258, 0.000252
1677, 0.000434, 0.000275, 0.000269
1678, 0.000436, 0.000240, 0.000234
1679, 0.000442, 0.000304, 0.000296
1680, 0.000445, 0.000239, 0.000235
1681, 0.000442, 0.000281, 0.000274
1682, 0.000437, 0.000253, 0.000246
1683, 0.000433, 0.000244, 0.000239
1684, 0.000434, 0.000294, 0.000286
1685, 0.000441, 0.000239, 0.000233
1686, 0.000441, 0.000287, 0.000279
1687, 0.000437, 0.000246, 0.000240
1688, 0.000433, 0.000250, 0.000243
1689, 0.000433, 0.000285, 0.000277
1690, 0.000438, 0.000239, 0.000233
1691, 0.000441, 0.000307, 0.000298
1692, 0.000446, 0.000241, 0.000235
1693, 0.000439, 0.000271, 0.000263
1694, 0.000432, 0.000253, 0.000245
1695, 0.000430, 0.000247, 0.000241
1696, 0.000433, 0.000267, 0.000259
1697, 0.000431, 0.000245, 0.000238
1698, 0.000431, 0.000261, 0.000254
1699, 0.000427, 0.000262, 0.000255
1700, 0.000431, 0.000243, 0.000237
1701, 0.000434, 0.000288, 0.000280
1702, 0.000437, 0.000240, 0.000235
1703, 0.000438, 0.000274, 0.000265
1704, 0.000434, 0.000253, 0.000246
1705, 0.000427, 0.000246, 0.000240
1706, 0.000432, 0.000268, 0.000260
1707, 0.000430, 0.000248, 0.000241
1708, 0.000428, 0.000247, 0.000241
1709, 0.000431, 0.000287, 0.000278
1710, 0.000437, 0.000238, 0.000232
1711, 0.000440, 0.000297, 0.000290
1712, 0.000440, 0.000243, 0.000236
1713, 0.000430, 0.000245, 0.000239
1714, 0.000430, 0.000290, 0.000283
1715, 0.000437, 0.000233, 0.000227
1716, 0.000443, 0.000295, 0.000286
1717, 0.000441, 0.000239, 0.000232
1718, 0.000430, 0.000254, 0.000246
1719, 0.000428, 0.000275, 0.000266
1720, 0.000431, 0.000234, 0.000228
1721, 0.000435, 0.000292, 0.000283
1722, 0.000435, 0.000238, 0.000232
1723, 0.000432, 0.000265, 0.000257
1724, 0.000426, 0.000258, 0.000250
1725, 0.000425, 0.000239, 0.000232
1726, 0.000426, 0.000271, 0.000262
1727, 0.000428, 0.000242, 0.000234
1728, 0.000425, 0.000247, 0.000240
1729, 0.000427, 0.000264, 0.000256
1730, 0.000426, 0.000237, 0.000229
1731, 0.000426, 0.000268, 0.000260
1732, 0.000427, 0.000245, 0.000238
1733, 0.000422, 0.000247, 0.000239
1734, 0.000423, 0.000254, 0.000246
1735, 0.000424, 0.000245, 0.000238
1736, 0.000420, 0.000246, 0.000238
1737, 0.000424, 0.000267, 0.000259
1738, 0.000427, 0.000234, 0.000228
1739, 0.000430, 0.000278, 0.000269
1740, 0.000429, 0.000242, 0.000234
1741, 0.000421, 0.000242, 0.000235
1742, 0.000425, 0.000276, 0.000267
1743, 0.000431, 0.000231, 0.000225
1744, 0.000427, 0.000274, 0.000265
1745, 0.000427, 0.000240, 0.000232
1746, 0.000424, 0.000245, 0.000238
1747, 0.000418, 0.000268, 0.000259
1748, 0.000425, 0.000234, 0.000227
1749, 0.000423, 0.000262, 0.000254
1750, 0.000422, 0.000241, 0.000233
1751, 0.000421, 0.000247, 0.000239
1752, 0.000419, 0.000253, 0.000245
1753, 0.000419, 0.000244, 0.000236
1754, 0.000418, 0.000249, 0.000240
1755, 0.000418, 0.000249, 0.000242
1756, 0.000420, 0.000246, 0.000238
1757, 0.000419, 0.000252, 0.000243
1758, 0.000419, 0.000244, 0.000237
1759, 0.000420, 0.000255, 0.000246
1760, 0.000419, 0.000243, 0.000234
1761, 0.000419, 0.000245, 0.000238
1762, 0.000419, 0.000255, 0.000246
1763, 0.000418, 0.000239, 0.000231
1764, 0.000417, 0.000252, 0.000244
1765, 0.000418, 0.000251, 0.000242
1766, 0.000418, 0.000243, 0.000235
1767, 0.000420, 0.000255, 0.000248
1768, 0.000419, 0.000242, 0.000234
1769, 0.000417, 0.000251, 0.000241
1770, 0.000420, 0.000249, 0.000241
1771, 0.000418, 0.000248, 0.000239
1772, 0.000417, 0.000252, 0.000242
1773, 0.000416, 0.000243, 0.000234
1774, 0.000415, 0.000252, 0.000242
1775, 0.000417, 0.000236, 0.000228
1776, 0.000417, 0.000257, 0.000248
1777, 0.000419, 0.000242, 0.000233
1778, 0.000415, 0.000249, 0.000241
1779, 0.000413, 0.000253, 0.000245
1780, 0.000412, 0.000238, 0.000229
1781, 0.000414, 0.000253, 0.000244
1782, 0.000414, 0.000245, 0.000236
1783, 0.000414, 0.000240, 0.000231
1784, 0.000414, 0.000261, 0.000251
1785, 0.000416, 0.000234, 0.000226
1786, 0.000415, 0.000263, 0.000252
1787, 0.000416, 0.000242, 0.000233
1788, 0.000412, 0.000239, 0.000231
1789, 0.000413, 0.000269, 0.000259
1790, 0.000418, 0.000230, 0.000222
1791, 0.000421, 0.000275, 0.000265
1792, 0.000418, 0.000232, 0.000224
1793, 0.000413, 0.000252, 0.000243
1794, 0.000413, 0.000253, 0.000244
1795, 0.000413, 0.000226, 0.000219
1796, 0.000417, 0.000284, 0.000275
1797, 0.000422, 0.000226, 0.000218
1798, 0.000422, 0.000267, 0.000258
1799, 0.000417, 0.000241, 0.000232
1800, 0.000412, 0.000245, 0.000234
1801, 0.000411, 0.000249, 0.000239
1802, 0.000412, 0.000235, 0.000226
1803, 0.000411, 0.000256, 0.000245
1804, 0.000412, 0.000242, 0.000233
1805, 0.000409, 0.000240, 0.000232
1806, 0.000411, 0.000249, 0.000239
1807, 0.000411, 0.000235, 0.000227
1808, 0.000408, 0.000254, 0.000245
1809, 0.000412, 0.000233, 0.000224
1810, 0.000410, 0.000255, 0.000246
1811, 0.000412, 0.000234, 0.000225
1812, 0.000410, 0.000253, 0.000244
1813, 0.000408, 0.000239, 0.000230
1814, 0.000409, 0.000248, 0.000239
1815, 0.000409, 0.000239, 0.000230
1816, 0.000408, 0.000239, 0.000230
1817, 0.000408, 0.000252, 0.000242
1818, 0.000409, 0.000233, 0.000225
1819, 0.000411, 0.000257, 0.000248
1820, 0.000408, 0.000243, 0.000232
1821, 0.000408, 0.000232, 0.000224
1822, 0.000410, 0.000267, 0.000257
1823, 0.000409, 0.000225, 0.000216
1824, 0.000412, 0.000266, 0.000256
1825, 0.000411, 0.000232, 0.000224
1826, 0.000409, 0.000241, 0.000231
1827, 0.000407, 0.000248, 0.000238
1828, 0.000405, 0.000235, 0.000226
1829, 0.000408, 0.000244, 0.000233
1830, 0.000409, 0.000250, 0.000240
1831, 0.000408, 0.000230, 0.000221
1832, 0.000407, 0.000264, 0.000252
1833, 0.000409, 0.000228, 0.000219
1834, 0.000407, 0.000255, 0.000245
1835, 0.000406, 0.000239, 0.000230
1836, 0.000404, 0.000234, 0.000225
1837, 0.000404, 0.000256, 0.000246
1838, 0.000407, 0.000224, 0.000215
1839, 0.000407, 0.000262, 0.000251
1840, 0.000406, 0.000234, 0.000224
1841, 0.000406, 0.000244, 0.000234
1842, 0.000402, 0.000249, 0.000239
1843, 0.000402, 0.000229, 0.000220
1844, 0.000405, 0.000258, 0.000247
1845, 0.000406, 0.000230, 0.000220
1846, 0.000402, 0.000247, 0.000237
1847, 0.000402, 0.000246, 0.000236
1848, 0.000403, 0.000226, 0.000216
1849, 0.000405, 0.000269, 0.000258
1850, 0.000406, 0.000223, 0.000214
1851, 0.000407, 0.000260, 0.000248
1852, 0.000402, 0.000230, 0.000221
1853, 0.000405, 0.000248, 0.000238
1854, 0.000401, 0.000237, 0.000227
1855, 0.000399, 0.000237, 0.000228
1856, 0.000405, 0.000244, 0.000234
1857, 0.000401, 0.000231, 0.000221
1858, 0.000402, 0.000243, 0.000233
1859, 0.000400, 0.000236, 0.000226
1860, 0.000403, 0.000246, 0.000236
1861, 0.000399, 0.000229, 0.000220
1862, 0.000402, 0.000255, 0.000243
1863, 0.000401, 0.000228, 0.000218
1864, 0.000399, 0.000244, 0.000233
1865, 0.000399, 0.000247, 0.000236
1866, 0.000402, 0.000221, 0.000211
1867, 0.000404, 0.000273, 0.000262
1868, 0.000406, 0.000214, 0.000205
1869, 0.000410, 0.000276, 0.000264
1870, 0.000406, 0.000222, 0.000213
1871, 0.000403, 0.000242, 0.000231
1872, 0.000398, 0.000248, 0.000237
1873, 0.000399, 0.000224, 0.000216
1874, 0.000400, 0.000263, 0.000251
1875, 0.000402, 0.000224, 0.000213
1876, 0.000400, 0.000243, 0.000231
1877, 0.000396, 0.000244, 0.000232
1878, 0.000398, 0.000224, 0.000214
1879, 0.000400, 0.000269, 0.000258
1880, 0.000402, 0.000219, 0.000210
1881, 0.000401, 0.000248, 0.000237
1882, 0.000398, 0.000231, 0.000221
1883, 0.000394, 0.000222, 0.000212
1884, 0.000397, 0.000256, 0.000244
1885, 0.000397, 0.000224, 0.000213
1886, 0.000399, 0.000248, 0.000236
1887, 0.000395, 0.000231, 0.000220
1888, 0.000396, 0.000233, 0.000222
1889, 0.000392, 0.000250, 0.000238
1890, 0.000395, 0.000219, 0.000209
1891, 0.000396, 0.000262, 0.000251
1892, 0.000400, 0.000221, 0.000212
1893, 0.000397, 0.000239, 0.000228
1894, 0.000396, 0.000244, 0.000233
1895, 0.000396, 0.000217, 0.000206
1896, 0.000396, 0.000264, 0.000253
1897, 0.000399, 0.000216, 0.000207
1898, 0.000399, 0.000252, 0.000241
1899, 0.000394, 0.000225, 0.000214
1900, 0.000394, 0.000236, 0.000225
1901, 0.000393, 0.000232, 0.000220
1902, 0.000394, 0.000231, 0.000220
1903, 0.000395, 0.000246, 0.000233
1904, 0.000395, 0.000223, 0.000211
1905, 0.000393, 0.000242, 0.000231
1906, 0.000392, 0.000240, 0.000228
1907, 0.000391, 0.000217, 0.000206
1908, 0.000396, 0.000289, 0.000276
1909, 0.000406, 0.000208, 0.000198
1910, 0.000413, 0.000289, 0.000276
1911, 0.000403, 0.000215, 0.000205
1912, 0.000396, 0.000239, 0.000227
1913, 0.000392, 0.000238, 0.000226
1914, 0.000392, 0.000219, 0.000208
1915, 0.000392, 0.000243, 0.000232
1916, 0.000393, 0.000226, 0.000215
1917, 0.000390, 0.000226, 0.000216
1918, 0.000392, 0.000241, 0.000230
1919, 0.000391, 0.000216, 0.000205
1920, 0.000393, 0.000257, 0.000244
1921, 0.000396, 0.000218, 0.000207
1922, 0.000391, 0.000252, 0.000238
1923, 0.000392, 0.000218, 0.000207
1924, 0.000392, 0.000239, 0.000227
1925, 0.000391, 0.000229, 0.000218
1926, 0.000388, 0.000230, 0.000219
1927, 0.000388, 0.000229, 0.000219
1928, 0.000387, 0.000232, 0.000221
1929, 0.000388, 0.000234, 0.000222
1930, 0.000388, 0.000222, 0.000211
1931, 0.000388, 0.000248, 0.000235
1932, 0.000392, 0.000213, 0.000201
1933, 0.000393, 0.000262, 0.000249
1934, 0.000395, 0.000214, 0.000203
1935, 0.000389, 0.000240, 0.000227
1936, 0.000387, 0.000227, 0.000216
1937, 0.000387, 0.000218, 0.000206
1938, 0.000388, 0.000260, 0.000247
1939, 0.000394, 0.000205, 0.000194
1940, 0.000395, 0.000260, 0.000246
1941, 0.000391, 0.000221, 0.000209
1942, 0.000386, 0.000216, 0.000205
1943, 0.000387, 0.000266, 0.000253
1944, 0.000394, 0.000203, 0.000192
1945, 0.000398, 0.000275, 0.000262
1946, 0.000395, 0.000211, 0.000201
1947, 0.000387, 0.000226, 0.000214
1948, 0.000386, 0.000251, 0.000240
1949, 0.000387, 0.000206, 0.000196
1950, 0.000393, 0.000277, 0.000264
1951, 0.000396, 0.000206, 0.000197
1952, 0.000391, 0.000238, 0.000226
1953, 0.000384, 0.000234, 0.000221
1954, 0.000385, 0.000205, 0.000194
1955, 0.000394, 0.000281, 0.000267
1956, 0.000396, 0.000209, 0.000198
1957, 0.000391, 0.000242, 0.000230
1958, 0.000387, 0.000229, 0.000218
1959, 0.000386, 0.000214, 0.000203
1960, 0.000384, 0.000243, 0.000232
1961, 0.000384, 0.000207, 0.000197
1962, 0.000386, 0.000254, 0.000242
1963, 0.000389, 0.000214, 0.000203
1964, 0.000387, 0.000224, 0.000213
1965, 0.000383, 0.000234, 0.000222
1966, 0.000383, 0.000208, 0.000196
1967, 0.000386, 0.000251, 0.000237
1968, 0.000387, 0.000211, 0.000199
1969, 0.000383, 0.000223, 0.000211
1970, 0.000381, 0.000237, 0.000224
1971, 0.000382, 0.000205, 0.000194
1972, 0.000385, 0.000242, 0.000229
1973, 0.000383, 0.000214, 0.000202
1974, 0.000381, 0.000223, 0.000212
1975, 0.000381, 0.000232, 0.000219
1976, 0.000382, 0.000211, 0.000199
1977, 0.000381, 0.000236, 0.000223
1978, 0.000382, 0.000209, 0.000197
1979, 0.000381, 0.000230, 0.000217
1980, 0.000380, 0.000231, 0.000218
1981, 0.000379, 0.000208, 0.000196
1982, 0.000382, 0.000245, 0.000231
1983, 0.000381, 0.000209, 0.000197
1984, 0.000379, 0.000227, 0.000214
1985, 0.000377, 0.000226, 0.000213
1986, 0.000379, 0.000212, 0.000200
1987, 0.000379, 0.000227, 0.000214
1988, 0.000379, 0.000225, 0.000213
1989, 0.000376, 0.000210, 0.000198
1990, 0.000381, 0.000240, 0.000227
1991, 0.000379, 0.000206, 0.000194
1992, 0.000379, 0.000240, 0.000227
1993, 0.000378, 0.000212, 0.000199
1994, 0.000379, 0.000221, 0.000208
1995, 0.000375, 0.000236, 0.000223
1996, 0.000377, 0.000207, 0.000195
1997, 0.000379, 0.000236, 0.000223
1998, 0.000379, 0.000220, 0.000207
1999, 0.000375, 0.000208, 0.000195
2000, 0.000375, 0.000259, 0.000243
2001, 0.000383, 0.000201, 0.000189
2002, 0.000384, 0.000262, 0.000247
2003, 0.000384, 0.000206, 0.000194
2004, 0.000380, 0.000222, 0.000209
2005, 0.000375, 0.000229, 0.000216
2006, 0.000375, 0.000203, 0.000192
2007, 0.000378, 0.000256, 0.000242
2008, 0.000383, 0.000199, 0.000188
2009, 0.000383, 0.000246, 0.000233
2010, 0.000378, 0.000206, 0.000194
2011, 0.000377, 0.000228, 0.000216
2012, 0.000373, 0.000222, 0.000209
2013, 0.000371, 0.000210, 0.000197
2014, 0.000373, 0.000230, 0.000216
2015, 0.000375, 0.000215, 0.000203
2016, 0.000375, 0.000223, 0.000209
2017, 0.000374, 0.000213, 0.000200
2018, 0.000373, 0.000225, 0.000211
2019, 0.000372, 0.000208, 0.000195
2020, 0.000372, 0.000232, 0.000218
2021, 0.000376, 0.000205, 0.000193
2022, 0.000372, 0.000224, 0.000211
2023, 0.000371, 0.000225, 0.000211
2024, 0.000372, 0.000206, 0.000194
2025, 0.000372, 0.000238, 0.000224
2026, 0.000371, 0.000209, 0.000196
2027, 0.000373, 0.000229, 0.000216
2028, 0.000372, 0.000220, 0.000206
2029, 0.000371, 0.000208, 0.000194
2030, 0.000372, 0.000237, 0.000222
2031, 0.000371, 0.000203, 0.000190
2032, 0.000371, 0.000223, 0.000209
2033, 0.000371, 0.000223, 0.000210
2034, 0.000372, 0.000210, 0.000197
2035, 0.000369, 0.000222, 0.000209
2036, 0.000371, 0.000222, 0.000209
2037, 0.000370, 0.000205, 0.000193
2038, 0.000369, 0.000242, 0.000227
2039, 0.000372, 0.000199, 0.000187
2040, 0.000373, 0.000244, 0.000230
2041, 0.000370, 0.000203, 0.000189
2042, 0.000372, 0.000226, 0.000213
2043, 0.000368, 0.000215, 0.000203
2044, 0.000372, 0.000209, 0.000196
2045, 0.000370, 0.000224, 0.000210
2046, 0.000368, 0.000212, 0.000200
2047, 0.000368, 0.000220, 0.000206
2048, 0.000369, 0.000224, 0.000210
2049, 0.000367, 0.000202, 0.000190
2050, 0.000366, 0.000232, 0.000217
2051, 0.000369, 0.000212, 0.000199
2052, 0.000368, 0.000221, 0.000207
2053, 0.000367, 0.000213, 0.000200
2054, 0.000367, 0.000214, 0.000201
2055, 0.000367, 0.000219, 0.000205
2056, 0.000367, 0.000214, 0.000200
2057, 0.000367, 0.000221, 0.000208
2058, 0.000364, 0.000216, 0.000201
2059, 0.000367, 0.000211, 0.000197
2060, 0.000366, 0.000221, 0.000207
2061, 0.000366, 0.000213, 0.000199
2062, 0.000368, 0.000222, 0.000208
2063, 0.000365, 0.000208, 0.000195
2064, 0.000365, 0.000224, 0.000210
2065, 0.000365, 0.000216, 0.000203
2066, 0.000365, 0.000215, 0.000202
2067, 0.000365, 0.000221, 0.000207
2068, 0.000364, 0.000205, 0.000192
2069, 0.000365, 0.000231, 0.000217
2070, 0.000365, 0.000209, 0.000195
2071, 0.000365, 0.000216, 0.000203
2072, 0.000362, 0.000228, 0.000214
2073, 0.000365, 0.000201, 0.000187
2074, 0.000368, 0.000258, 0.000242
2075, 0.000371, 0.000192, 0.000180
2076, 0.000372, 0.000255, 0.000239
2077, 0.000370, 0.000196, 0.000182
2078, 0.000366, 0.000222, 0.000208
2079, 0.000363, 0.000231, 0.000216
2080, 0.000366, 0.000197, 0.000183
2081, 0.000365, 0.000248, 0.000233
2082, 0.000370, 0.000192, 0.000180
2083, 0.000370, 0.000257, 0.000242
2084, 0.000370, 0.000194, 0.000182
2085, 0.000370, 0.000255, 0.000240
2086, 0.000368, 0.000198, 0.000185
2087, 0.000365, 0.000217, 0.000203
2088, 0.000361, 0.000230, 0.000215
2089, 0.000362, 0.000194, 0.000181
2090, 0.000365, 0.000241, 0.000226
2091, 0.000365, 0.000196, 0.000182
2092, 0.000364, 0.000229, 0.000215
2093, 0.000360, 0.000209, 0.000196
2094, 0.000360, 0.000208, 0.000194
2095, 0.000362, 0.000221, 0.000208
2096, 0.000361, 0.000205, 0.000192
2097, 0.000362, 0.000223, 0.000208
2098, 0.000363, 0.000207, 0.000193
2099, 0.000361, 0.000227, 0.000213
2100, 0.000359, 0.000210, 0.000195
2101, 0.000359, 0.000208, 0.000194
2102, 0.000358, 0.000232, 0.000217
2103, 0.000362, 0.000195, 0.000181
2104, 0.000363, 0.000239, 0.000224
2105, 0.000362, 0.000203, 0.000190
2106, 0.000359, 0.000218, 0.000203
2107, 0.000360, 0.000209, 0.000196
2108, 0.000357, 0.000210, 0.000197
2109, 0.000358, 0.000223, 0.000207
2110, 0.000360, 0.000204, 0.000191
2111, 0.000358, 0.000229, 0.000214
2112, 0.000360, 0.000199, 0.000185
2113, 0.000360, 0.000235, 0.000220
2114, 0.000358, 0.000197, 0.000183
2115, 0.000360, 0.000223, 0.000207
2116, 0.000360, 0.000207, 0.000194
2117, 0.000361, 0.000213, 0.000198
2118, 0.000357, 0.000218, 0.000202
2119, 0.000357, 0.000211, 0.000197
2120, 0.000358, 0.000222, 0.000207
2121, 0.000359, 0.000205, 0.000190
2122, 0.000356, 0.000227, 0.000212
2123, 0.000358, 0.000200, 0.000185
2124, 0.000358, 0.000223, 0.000207
2125, 0.000357, 0.000206, 0.000193
2126, 0.000358, 0.000224, 0.000209
2127, 0.000359, 0.000198, 0.000184
2128, 0.000358, 0.000240, 0.000226
2129, 0.000362, 0.000197, 0.000182
2130, 0.000360, 0.000224, 0.000209
2131, 0.000356, 0.000213, 0.000200
2132, 0.000358, 0.000203, 0.000187
2133, 0.000358, 0.000239, 0.000224
2134, 0.000358, 0.000189, 0.000176
2135, 0.000363, 0.000256, 0.000238
2136, 0.000364, 0.000190, 0.000178
2137, 0.000361, 0.000235, 0.000220
2138, 0.000354, 0.000203, 0.000188
2139, 0.000357, 0.000212, 0.000198
2140, 0.000354, 0.000226, 0.000212
2141, 0.000355, 0.000194, 0.000179
2142, 0.000359, 0.000241, 0.000227
2143, 0.000359, 0.000190, 0.000176
2144, 0.000358, 0.000240, 0.000223
2145, 0.000358, 0.000199, 0.000185
2146, 0.000354, 0.000210, 0.000194
2147, 0.000352, 0.000218, 0.000202
2148, 0.000354, 0.000201, 0.000186
2149, 0.000352, 0.000224, 0.000208
2150, 0.000353, 0.000201, 0.000186
2151, 0.000354, 0.000220, 0.000205
2152, 0.000353, 0.000200, 0.000185
2153, 0.000353, 0.000220, 0.000205
2154, 0.000353, 0.000200, 0.000186
2155, 0.000352, 0.000216, 0.000202
2156, 0.000351, 0.000201, 0.000186
2157, 0.000351, 0.000221, 0.000207
2158, 0.000353, 0.000197, 0.000183
2159, 0.000351, 0.000221, 0.000205
2160, 0.000350, 0.000204, 0.000190
2161, 0.000350, 0.000214, 0.000199
2162, 0.000349, 0.000211, 0.000196
2163, 0.000351, 0.000208, 0.000194
2164, 0.000348, 0.000206, 0.000191
2165, 0.000349, 0.000206, 0.000191
2166, 0.000348, 0.000214, 0.000199
2167, 0.000349, 0.000201, 0.000185
2168, 0.000347, 0.000214, 0.000198
2169, 0.000350, 0.000209, 0.000193
2170, 0.000349, 0.000212, 0.000197
2171, 0.000348, 0.000203, 0.000188
2172, 0.000349, 0.000223, 0.000208
2173, 0.000350, 0.000196, 0.000182
2174, 0.000349, 0.000226, 0.000211
2175, 0.000348, 0.000197, 0.000182
2176, 0.000347, 0.000214, 0.000200
2177, 0.000349, 0.000211, 0.000197
2178, 0.000349, 0.000192, 0.000178
2179, 0.000349, 0.000239, 0.000223
2180, 0.000352, 0.000185, 0.000171
2181, 0.000352, 0.000243, 0.000226
2182, 0.000352, 0.000194, 0.000179
2183, 0.000348, 0.000215, 0.000199
2184, 0.000346, 0.000220, 0.000203
2185, 0.000345, 0.000193, 0.000178
2186, 0.000349, 0.000240, 0.000223
2187, 0.000349, 0.000187, 0.000172
2188, 0.000353, 0.000245, 0.000228
2189, 0.000351, 0.000186, 0.000172
2190, 0.000350, 0.000231, 0.000214
2191, 0.000345, 0.000201, 0.000186
2192, 0.000344, 0.000200, 0.000185
2193, 0.000345, 0.000225, 0.000210
2194, 0.000345, 0.000191, 0.000177
2195, 0.000349, 0.000232, 0.000215
2196, 0.000348, 0.000186, 0.000171
2197, 0.000347, 0.000235, 0.000217
2198, 0.000349, 0.000190, 0.000176
2199, 0.000349, 0.000229, 0.000212
2200, 0.000346, 0.000197, 0.000181
2201, 0.000345, 0.000219, 0.000203
2202, 0.000345, 0.000197, 0.000182
2203, 0.000346, 0.000221, 0.000203
2204, 0.000344, 0.000196, 0.000181
2205, 0.000344, 0.000238, 0.000221
2206, 0.000345, 0.000184, 0.000168
2207, 0.000350, 0.000236, 0.000219
2208, 0.000347, 0.000192, 0.000177
2209, 0.000344, 0.000211, 0.000194
2210, 0.000342, 0.000213, 0.000197
2211, 0.000342, 0.000201, 0.000186
2212, 0.000342, 0.000203, 0.000188
2213, 0.000344, 0.000221, 0.000205
2214, 0.000343, 0.000189, 0.000174
2215, 0.000342, 0.000240, 0.000223
2216, 0.000346, 0.000183, 0.000169
2217, 0.000345, 0.000220, 0.000205
2218, 0.000342, 0.000200, 0.000185
2219, 0.000342, 0.000200, 0.000185
2220, 0.000341, 0.000219, 0.000203
2221, 0.000343, 0.000190, 0.000175
2222, 0.000343, 0.000239, 0.000220
2223, 0.000344, 0.000185, 0.000170
2224, 0.000345, 0.000225, 0.000207
2225, 0.000343, 0.000200, 0.000183
2226, 0.000340, 0.000198, 0.000181
2227, 0.000342, 0.000227, 0.000210
2228, 0.000341, 0.000186, 0.000171
2229, 0.000344, 0.000235, 0.000217
2230, 0.000344, 0.000183, 0.000169
2231, 0.000343, 0.000234, 0.000217
2232, 0.000343, 0.000183, 0.000168
2233, 0.000344, 0.000242, 0.000227
2234, 0.000346, 0.000183, 0.000169
2235, 0.000342, 0.000225, 0.000209
2236, 0.000342, 0.000202, 0.000187
2237, 0.000339, 0.000201, 0.000185
2238, 0.000337, 0.000217, 0.000200
2239, 0.000339, 0.000197, 0.000181
2240, 0.000339, 0.000209, 0.000192
2241, 0.000340, 0.000213, 0.000196
2242, 0.000341, 0.000200, 0.000184
2243, 0.000335, 0.000205, 0.000189
2244, 0.000338, 0.000206, 0.000190
2245, 0.000336, 0.000203, 0.000187
2246, 0.000338, 0.000207, 0.000192
2247, 0.000338, 0.000199, 0.000183
2248, 0.000341, 0.000225, 0.000207
2249, 0.000340, 0.000184, 0.000169
2250, 0.000340, 0.000230, 0.000213
2251, 0.000338, 0.000196, 0.000180
2252, 0.000337, 0.000196, 0.000181
2253, 0.000338, 0.000231, 0.000215
2254, 0.000342, 0.000177, 0.000162
2255, 0.000345, 0.000264, 0.000247
2256, 0.000350, 0.000173, 0.000159
2257, 0.000354, 0.000262, 0.000244
2258, 0.000351, 0.000175, 0.000161
2259, 0.000345, 0.000220, 0.000203
2260, 0.000335, 0.000218, 0.000200
2261, 0.000338, 0.000182, 0.000167
2262, 0.000343, 0.000255, 0.000237
2263, 0.000344, 0.000179, 0.000163
2264, 0.000342, 0.000229, 0.000212
2265, 0.000338, 0.000196, 0.000180
2266, 0.000336, 0.000194, 0.000177
2267, 0.000335, 0.000230, 0.000212
2268, 0.000336, 0.000177, 0.000162
2269, 0.000340, 0.000233, 0.000216
2270, 0.000339, 0.000185, 0.000170
2271, 0.000334, 0.000208, 0.000192
2272, 0.000335, 0.000197, 0.000182
2273, 0.000334, 0.000207, 0.000191
2274, 0.000334, 0.000199, 0.000184
2275, 0.000336, 0.000200, 0.000183
2276, 0.000333, 0.000206, 0.000189
2277, 0.000335, 0.000198, 0.000182
2278, 0.000335, 0.000206, 0.000190
2279, 0.000335, 0.000198, 0.000182
2280, 0.000333, 0.000212, 0.000196
2281, 0.000335, 0.000189, 0.000173
2282, 0.000335, 0.000217, 0.000201
2283, 0.000333, 0.000184, 0.000168
2284, 0.000334, 0.000226, 0.000210
2285, 0.000334, 0.000188, 0.000172
2286, 0.000333, 0.000205, 0.000188
2287, 0.000331, 0.000207, 0.000190
2288, 0.000331, 0.000189, 0.000173
2289, 0.000332, 0.000226, 0.000209
2290, 0.000332, 0.000187, 0.000171
2291, 0.000330, 0.000202, 0.000184
2292, 0.000329, 0.000209, 0.000191
2293, 0.000332, 0.000185, 0.000169
2294, 0.000332, 0.000228, 0.000209
2295, 0.000334, 0.000181, 0.000165
2296, 0.000335, 0.000223, 0.000205
2297, 0.000332, 0.000194, 0.000178
2298, 0.000329, 0.000189, 0.000174
2299, 0.000333, 0.000231, 0.000213
2300, 0.000335, 0.000178, 0.000162
2301, 0.000337, 0.000243, 0.000226
2302, 0.000337, 0.000176, 0.000160
2303, 0.000336, 0.000231, 0.000214
2304, 0.000332, 0.000193, 0.000177
2305, 0.000327, 0.000196, 0.000180
2306, 0.000330, 0.000219, 0.000202
2307, 0.000332, 0.000176, 0.000161
2308, 0.000335, 0.000245, 0.000227
2309, 0.000336, 0.000177, 0.000162
2310, 0.000332, 0.000220, 0.000203
2311, 0.000331, 0.000193, 0.000176
2312, 0.000328, 0.000201, 0.000184
2313, 0.000326, 0.000215, 0.000197
2314, 0.000327, 0.000183, 0.000167
2315, 0.000331, 0.000230, 0.000213
2316, 0.000334, 0.000175, 0.000160
2317, 0.000332, 0.000237, 0.000219
2318, 0.000334, 0.000180, 0.000165
2319, 0.000331, 0.000211, 0.000194
2320, 0.000326, 0.000201, 0.000183
2321, 0.000328, 0.000189, 0.000173
2322, 0.000329, 0.000236, 0.000218
2323, 0.000332, 0.000177, 0.000161
2324, 0.000336, 0.000245, 0.000228
2325, 0.000334, 0.000183, 0.000167
2326, 0.000328, 0.000202, 0.000184
2327, 0.000328, 0.000221, 0.000204
2328, 0.000329, 0.000175, 0.000159
2329, 0.000331, 0.000232, 0.000213
2330, 0.000330, 0.000185, 0.000170
2331, 0.000327, 0.000198, 0.000181
2332, 0.000325, 0.000215, 0.000197
2333, 0.000327, 0.000181, 0.000165
2334, 0.000329, 0.000225, 0.000207
2335, 0.000326, 0.000186, 0.000169
2336, 0.000327, 0.000210, 0.000193
2337, 0.000328, 0.000201, 0.000184
2338, 0.000324, 0.000192, 0.000175
2339, 0.000324, 0.000214, 0.000196
2340, 0.000326, 0.000193, 0.000177
2341, 0.000325, 0.000199, 0.000181
2342, 0.000325, 0.000210, 0.000193
2343, 0.000324, 0.000187, 0.000172
2344, 0.000325, 0.000224, 0.000206
2345, 0.000326, 0.000183, 0.000167
2346, 0.000327, 0.000214, 0.000197
2347, 0.000325, 0.000194, 0.000178
2348, 0.000323, 0.000195, 0.000179
2349, 0.000322, 0.000209, 0.000192
2350, 0.000323, 0.000187, 0.000172
2351, 0.000323, 0.000221, 0.000205
2352, 0.000325, 0.000179, 0.000163
2353, 0.000325, 0.000232, 0.000215
2354, 0.000324, 0.000181, 0.000165
2355, 0.000324, 0.000206, 0.000190
2356, 0.000321, 0.000206, 0.000189
2357, 0.000321, 0.000176, 0.000160
2358, 0.000323, 0.000239, 0.000221
2359, 0.000332, 0.000169, 0.000153
2360, 0.000329, 0.000236, 0.000218
2361, 0.000326, 0.000181, 0.000165
2362, 0.000320, 0.000201, 0.000184
2363, 0.000318, 0.000215, 0.000196
2364, 0.000319, 0.000178, 0.000162
2365, 0.000325, 0.000239, 0.000218
2366, 0.000326, 0.000179, 0.000162
2367, 0.000324, 0.000214, 0.000195
2368, 0.000322, 0.000198, 0.000180
2369, 0.000320, 0.000178, 0.000162
2370, 0.000322, 0.000242, 0.000223
2371, 0.000326, 0.000167, 0.000152
2372, 0.000329, 0.000246, 0.000230
2373, 0.000327, 0.000181, 0.000166
2374, 0.000320, 0.000193, 0.000177
2375, 0.000320, 0.000230, 0.000212
2376, 0.000322, 0.000169, 0.000152
2377, 0.000328, 0.000266, 0.000245
2378, 0.000333, 0.000166, 0.000151
2379, 0.000330, 0.000239, 0.000218
2380, 0.000323, 0.000188, 0.000171
2381, 0.000317, 0.000182, 0.000166
2382, 0.000320, 0.000234, 0.000215
2383, 0.000323, 0.000168, 0.000153
2384, 0.000324, 0.000229, 0.000212
2385, 0.000323, 0.000176, 0.000160
2386, 0.000317, 0.000199, 0.000183
2387, 0.000317, 0.000206, 0.000190
2388, 0.000318, 0.000173, 0.000158
2389, 0.000321, 0.000248, 0.000231
2390, 0.000327, 0.000171, 0.000156
2391, 0.000322, 0.000226, 0.000208
2392, 0.000320, 0.000188, 0.000172
2393, 0.000316, 0.000191, 0.000173
2394, 0.000317, 0.000224, 0.000204
2395, 0.000317, 0.000174, 0.000157
2396, 0.000318, 0.000220, 0.000201
2397, 0.000319, 0.000180, 0.000163
2398, 0.000317, 0.000197, 0.000180
2399, 0.000313, 0.000198, 0.000181
2400, 0.000315, 0.000186, 0.000171
2401, 0.000315, 0.000204, 0.000187
2402, 0.000316, 0.000192, 0.000176
2403, 0.000316, 0.000200, 0.000184
2404, 0.000314, 0.000182, 0.000166
2405, 0.000315, 0.000211, 0.000193
2406, 0.000317, 0.000183, 0.000167
2407, 0.000313, 0.000199, 0.000181
2408, 0.000313, 0.000205, 0.000188
2409, 0.000315, 0.000181, 0.000165
2410, 0.000315, 0.000220, 0.000202
2411, 0.000316, 0.000179, 0.000164
2412, 0.000315, 0.000208, 0.000191
2413, 0.000312, 0.000192, 0.000175
2414, 0.000312, 0.000190, 0.000174
2415, 0.000312, 0.000203, 0.000187
2416, 0.000313, 0.000189, 0.000173
2417, 0.000315, 0.000210, 0.000193
2418, 0.000313, 0.000186, 0.000169
2419, 0.000310, 0.000202, 0.000185
2420, 0.000310, 0.000197, 0.000180
2421, 0.000312, 0.000192, 0.000176
2422, 0.000312, 0.000201, 0.000184
2423, 0.000311, 0.000194, 0.000177
2424, 0.000309, 0.000192, 0.000176
2425, 0.000313, 0.000210, 0.000192
2426, 0.000311, 0.000181, 0.000163
2427, 0.000312, 0.000215, 0.000197
2428, 0.000312, 0.000187, 0.000170
2429, 0.000310, 0.000197, 0.000179
2430, 0.000311, 0.000197, 0.000181
2431, 0.000310, 0.000190, 0.000174
2432, 0.000310, 0.000201, 0.000185
2433, 0.000309, 0.000191, 0.000176
2434, 0.000310, 0.000201, 0.000184
2435, 0.000311, 0.000189, 0.000174
2436, 0.000310, 0.000199, 0.000183
2437, 0.000309, 0.000193, 0.000177
2438, 0.000309, 0.000189, 0.000173
2439, 0.000308, 0.000212, 0.000195
2440, 0.000311, 0.000184, 0.000168
2441, 0.000311, 0.000229, 0.000210
2442, 0.000310, 0.000173, 0.000157
2443, 0.000317, 0.000234, 0.000214
2444, 0.000314, 0.000175, 0.000158
2445, 0.000309, 0.000219, 0.000200
2446, 0.000309, 0.000188, 0.000171
2447, 0.000308, 0.000197, 0.000180
2448, 0.000306, 0.000205, 0.000188
2449, 0.000308, 0.000183, 0.000167
2450, 0.000308, 0.000209, 0.000192
2451, 0.000307, 0.000189, 0.000172
2452, 0.000308, 0.000204, 0.000186
2453, 0.000307, 0.000197, 0.000180
2454, 0.000305, 0.000194, 0.000176
2455, 0.000307, 0.000205, 0.000186
2456, 0.000304, 0.000183, 0.000167
2457, 0.000307, 0.000214, 0.000195
2458, 0.000305, 0.000185, 0.000168
2459, 0.000304, 0.000203, 0.000185
2460, 0.000306, 0.000204, 0.000185
2461, 0.000305, 0.000177, 0.000160
2462, 0.000307, 0.000235, 0.000215
2463, 0.000312, 0.000168, 0.000151
2464, 0.000312, 0.000238, 0.000220
2465, 0.000311, 0.000174, 0.000159
2466, 0.000309, 0.000218, 0.000200
2467, 0.000308, 0.000196, 0.000181
2468, 0.000305, 0.000179, 0.000164
2469, 0.000305, 0.000227, 0.000209
2470, 0.000308, 0.000173, 0.000159
2471, 0.000317, 0.000248, 0.000229
2472, 0.000311, 0.000175, 0.000158
2473, 0.000308, 0.000216, 0.000199
2474, 0.000309, 0.000204, 0.000186
2475, 0.000302, 0.000179, 0.000161
2476, 0.000308, 0.000247, 0.000228
2477, 0.000315, 0.000158, 0.000142
2478, 0.000319, 0.000260, 0.000240
2479, 0.000315, 0.000174, 0.000159
2480, 0.000309, 0.000201, 0.000183
2481, 0.000301, 0.000213, 0.000194
2482, 0.000306, 0.000174, 0.000158
2483, 0.000307, 0.000224, 0.000206
2484, 0.000304, 0.000185, 0.000168
2485, 0.000308, 0.000201, 0.000186
2486, 0.000305, 0.000196, 0.000180
2487, 0.000300, 0.000191, 0.000174
2488, 0.000306, 0.000224, 0.000207
2489, 0.000307, 0.000174, 0.000158
2490, 0.000302, 0.000226, 0.000207
2491, 0.000307, 0.000175, 0.000158
2492, 0.000304, 0.000212, 0.000193
2493, 0.000302, 0.000183, 0.000165
2494, 0.000302, 0.000200, 0.000183
2495, 0.000300, 0.000191, 0.000175
2496, 0.000300, 0.000190, 0.000173
2497, 0.000299, 0.000209, 0.000192
2498, 0.000299, 0.000179, 0.000163
2499, 0.000301, 0.000216, 0.000198
2500, 0.000302, 0.000186, 0.000169
2501, 0.000299, 0.000191, 0.000174
2502, 0.000301, 0.000205, 0.000187
2503, 0.000298, 0.000184, 0.000167
2504, 0.000298, 0.000198, 0.000180
2505, 0.000297, 0.000201, 0.000183
2506, 0.000299, 0.000173, 0.000157
2507, 0.000300, 0.000237, 0.000218
2508, 0.000304, 0.000164, 0.000148
2509, 0.000304, 0.000224, 0.000205
2510, 0.000298, 0.000185, 0.000167
2511, 0.000298, 0.000185, 0.000168
2512, 0.000297, 0.000230, 0.000211
2513, 0.000300, 0.000163, 0.000147
2514, 0.000303, 0.000248, 0.000228
2515, 0.000304, 0.000162, 0.000147
2516, 0.000305, 0.000240, 0.000221
2517, 0.000303, 0.000168, 0.000151
2518, 0.000300, 0.000209, 0.000192
2519, 0.000296, 0.000192, 0.000174
2520, 0.000295, 0.000179, 0.000161
2521, 0.000297, 0.000221, 0.000202
2522, 0.000298, 0.000173, 0.000156
2523, 0.000298, 0.000224, 0.000204
2524, 0.000298, 0.000170, 0.000153
2525, 0.000299, 0.000231, 0.000212
2526, 0.000300, 0.000164, 0.000148
2527, 0.000300, 0.000232, 0.000214
2528, 0.000300, 0.000169, 0.000153
2529, 0.000296, 0.000207, 0.000190
2530, 0.000296, 0.000190, 0.000174
2531, 0.000294, 0.000175, 0.000159
2532, 0.000294, 0.000211, 0.000193
2533, 0.000293, 0.000182, 0.000165
2534, 0.000292, 0.000199, 0.000181
2535, 0.000295, 0.000185, 0.000167
2536, 0.000291, 0.000204, 0.000186
2537, 0.000294, 0.000180, 0.000164
2538, 0.000294, 0.000212, 0.000194
2539, 0.000294, 0.000174, 0.000158
2540, 0.000294, 0.000217, 0.000201
2541, 0.000293, 0.000175, 0.000160
2542, 0.000294, 0.000203, 0.000186
2543, 0.000293, 0.000183, 0.000167
2544, 0.000292, 0.000188, 0.000171
2545, 0.000289, 0.000204, 0.000186
2546, 0.000292, 0.000172, 0.000156
2547, 0.000294, 0.000218, 0.000200
2548, 0.000293, 0.000175, 0.000158
2549, 0.000294, 0.000199, 0.000181
2550, 0.000290, 0.000200, 0.000183
2551, 0.000290, 0.000178, 0.000162
2552, 0.000291, 0.000218, 0.000200
2553, 0.000291, 0.000176, 0.000161
2554, 0.000291, 0.000208, 0.000190
2555, 0.000290, 0.000189, 0.000173
2556, 0.000288, 0.000181, 0.000165
2557, 0.000289, 0.000213, 0.000195
2558, 0.000290, 0.000168, 0.000152
2559, 0.000294, 0.000222, 0.000204
2560, 0.000292, 0.000177, 0.000160
2561, 0.000291, 0.000197, 0.000180
2562, 0.000289, 0.000210, 0.000192
2563, 0.000291, 0.000165, 0.000149
2564, 0.000293, 0.000251, 0.000232
2565, 0.000298, 0.000159, 0.000143
2566, 0.000297, 0.000245, 0.000225
2567, 0.000294, 0.000160, 0.000144
2568, 0.000294, 0.000228, 0.000209
2569, 0.000289, 0.000177, 0.000160
2570, 0.000288, 0.000189, 0.000172
2571, 0.000286, 0.000196, 0.000179
2572, 0.000285, 0.000177, 0.000160
2573, 0.000287, 0.000207, 0.000191
2574, 0.000285, 0.000184, 0.000168
2575, 0.000284, 0.000181, 0.000165
2576, 0.000287, 0.000219, 0.000202
2577, 0.000288, 0.000160, 0.000145
2578, 0.000290, 0.000243, 0.000224
2579, 0.000294, 0.000156, 0.000141
2580, 0.000293, 0.000233, 0.000214
2581, 0.000289, 0.000173, 0.000156
2582, 0.000286, 0.000201, 0.000184
2583, 0.000286, 0.000189, 0.000171
2584, 0.000286, 0.000182, 0.000165
2585, 0.000283, 0.000200, 0.000183
2586, 0.000284, 0.000176, 0.000159
2587, 0.000287, 0.000203, 0.000186
2588, 0.000282, 0.000178, 0.000162
2589, 0.000285, 0.000192, 0.000175
2590, 0.000282, 0.000187, 0.000170
2591, 0.000283, 0.000184, 0.000167
2592, 0.000281, 0.000202, 0.000185
2593, 0.000283, 0.000171, 0.000155
2594, 0.000285, 0.000224, 0.000206
2595, 0.000285, 0.000165, 0.000149
2596, 0.000285, 0.000209, 0.000191
2597, 0.000284, 0.000177, 0.000161
2598, 0.000280, 0.000191, 0.000173
2599, 0.000280, 0.000200, 0.000182
2600, 0.000281, 0.000171, 0.000155
2601, 0.000282, 0.000214, 0.000194
2602, 0.000283, 0.000176, 0.000160
2603, 0.000281, 0.000183, 0.000167
2604, 0.000280, 0.000205, 0.000188
2605, 0.000283, 0.000168, 0.000153
2606, 0.000281, 0.000224, 0.000207
2607, 0.000285, 0.000162, 0.000146
2608, 0.000283, 0.000228, 0.000211
2609, 0.000285, 0.000163, 0.000148
2610, 0.000281, 0.000204, 0.000186
2611, 0.000281, 0.000190, 0.000173
2612, 0.000278, 0.000184, 0.000167
2613, 0.000281, 0.000193, 0.000175
2614, 0.000279, 0.000190, 0.000173
2615, 0.000279, 0.000175, 0.000158
2616, 0.000280, 0.000210, 0.000192
2617, 0.000279, 0.000160, 0.000145
2618, 0.000287, 0.000252, 0.000231
2619, 0.000286, 0.000153, 0.000137
2620, 0.000287, 0.000238, 0.000220
2621, 0.000288, 0.000167, 0.000152
2622, 0.000279, 0.000195, 0.000179
2623, 0.000277, 0.000220, 0.000204
2624, 0.000281, 0.000150, 0.000136
2625, 0.000290, 0.000278, 0.000260
2626, 0.000297, 0.000142, 0.000129
2627, 0.000300, 0.000263, 0.000243
2628, 0.000293, 0.000155, 0.000139
2629, 0.000283, 0.000200, 0.000183
2630, 0.000279, 0.000199, 0.000181
2631, 0.000275, 0.000154, 0.000139
2632, 0.000281, 0.000247, 0.000229
2633, 0.000287, 0.000147, 0.000133
2634, 0.000289, 0.000248, 0.000230
2635, 0.000285, 0.000155, 0.000140
2636, 0.000279, 0.000197, 0.000180
2637, 0.000274, 0.000198, 0.000180
2638, 0.000275, 0.000149, 0.000135
2639, 0.000282, 0.000261, 0.000242
2640, 0.000292, 0.000139, 0.000125
2641, 0.000298, 0.000273, 0.000255
2642, 0.000297, 0.000142, 0.000128
2643, 0.000288, 0.000209, 0.000193
2644, 0.000278, 0.000177, 0.000162
2645, 0.000271, 0.000163, 0.000148
2646, 0.000273, 0.000217, 0.000199
2647, 0.000276, 0.000154, 0.000139
2648, 0.000276, 0.000221, 0.000202
2649, 0.000278, 0.000159, 0.000143
2650, 0.000274, 0.000183, 0.000166
2651, 0.000272, 0.000190, 0.000173
2652, 0.000272, 0.000156, 0.000141
2653, 0.000274, 0.000217, 0.000199
2654, 0.000276, 0.000150, 0.000136
2655, 0.000275, 0.000200, 0.000183
2656, 0.000272, 0.000183, 0.000167
2657, 0.000269, 0.000151, 0.000136
2658, 0.000273, 0.000221, 0.000205
2659, 0.000278, 0.000159, 0.000143
2660, 0.000271, 0.000181, 0.000165
2661, 0.000268, 0.000208, 0.000192
2662, 0.000273, 0.000141, 0.000127
2663, 0.000280, 0.000252, 0.000234
2664, 0.000283, 0.000146, 0.000133
2665, 0.000276, 0.000190, 0.000173
2666, 0.000267, 0.000192, 0.000175
2667, 0.000267, 0.000146, 0.000132
2668, 0.000274, 0.000228, 0.000209
2669, 0.000274, 0.000157, 0.000141
2670, 0.000268, 0.000172, 0.000156
2671, 0.000267, 0.000216, 0.000198
2672, 0.000272, 0.000149, 0.000135
2673, 0.000272, 0.000208, 0.000192
2674, 0.000269, 0.000164, 0.000149
2675, 0.000268, 0.000177, 0.000162
2676, 0.000266, 0.000176, 0.000160
2677, 0.000264, 0.000176, 0.000160
2678, 0.000267, 0.000172, 0.000156
2679, 0.000264, 0.000175, 0.000159
2680, 0.000266, 0.000185, 0.000168
2681, 0.000265, 0.000164, 0.000149
2682, 0.000263, 0.000197, 0.000180
2683, 0.000265, 0.000164, 0.000148
2684, 0.000267, 0.000189, 0.000173
2685, 0.000265, 0.000174, 0.000158
2686, 0.000263, 0.000168, 0.000152
2687, 0.000265, 0.000192, 0.000176
2688, 0.000264, 0.000162, 0.000147
2689, 0.000263, 0.000185, 0.000169
2690, 0.000263, 0.000183, 0.000167
2691, 0.000261, 0.000158, 0.000143
2692, 0.000263, 0.000204, 0.000187
2693, 0.000263, 0.000165, 0.000150
2694, 0.000264, 0.000178, 0.000162
2695, 0.000260, 0.000180, 0.000163
2696, 0.000262, 0.000167, 0.000151
2697, 0.000261, 0.000188, 0.000171
2698, 0.000263, 0.000165, 0.000149
2699, 0.000262, 0.000196, 0.000180
2700, 0.000262, 0.000154, 0.000141
2701, 0.000264, 0.000206, 0.000191
2702, 0.000264, 0.000152, 0.000139
2703, 0.000263, 0.000191, 0.000176
2704, 0.000260, 0.000179, 0.000163
2705, 0.000259, 0.000157, 0.000142
2706, 0.000263, 0.000210, 0.000192
2707, 0.000261, 0.000147, 0.000132
2708, 0.000266, 0.000221, 0.000204
2709, 0.000265, 0.000153, 0.000138
2710, 0.000263, 0.000197, 0.000182
2711, 0.000260, 0.000176, 0.000162
2712, 0.000258, 0.000162, 0.000148
2713, 0.000258, 0.000207, 0.000191
2714, 0.000261, 0.000151, 0.000136
2715, 0.000260, 0.000206, 0.000188
2716, 0.000261, 0.000153, 0.000138
2717, 0.000260, 0.000196, 0.000180
2718, 0.000255, 0.000159, 0.000145
2719, 0.000258, 0.000181, 0.000166
2720, 0.000256, 0.000181, 0.000167
2721, 0.000255, 0.000163, 0.000150
2722, 0.000257, 0.000185, 0.000170
2723, 0.000255, 0.000170, 0.000155
2724, 0.000255, 0.000172, 0.000156
2725, 0.000256, 0.000174, 0.000158
2726, 0.000254, 0.000184, 0.000167
2727, 0.000254, 0.000163, 0.000148
2728, 0.000255, 0.000186, 0.000171
2729, 0.000255, 0.000159, 0.000145
2730, 0.000253, 0.000182, 0.000168
2731, 0.000254, 0.000196, 0.000180
2732, 0.000254, 0.000139, 0.000125
2733, 0.000263, 0.000263, 0.000246
2734, 0.000272, 0.000133, 0.000120
2735, 0.000268, 0.000225, 0.000208
2736, 0.000260, 0.000171, 0.000157
2737, 0.000253, 0.000141, 0.000128
2738, 0.000262, 0.000285, 0.000266
2739, 0.000280, 0.000124, 0.000113
2740, 0.000294, 0.000307, 0.000287
2741, 0.000286, 0.000137, 0.000123
2742, 0.000265, 0.000180, 0.000165
2743, 0.000253, 0.000207, 0.000191
2744, 0.000255, 0.000137, 0.000123
2745, 0.000264, 0.000237, 0.000220
2746, 0.000266, 0.000139, 0.000126
2747, 0.000255, 0.000179, 0.000164
2748, 0.000251, 0.000193, 0.000179
2749, 0.000253, 0.000135, 0.000123
2750, 0.000259, 0.000217, 0.000202
2751, 0.000259, 0.000145, 0.000132
2752, 0.000251, 0.000159, 0.000145
2753, 0.000250, 0.000198, 0.000183
2754, 0.000255, 0.000136, 0.000123
2755, 0.000256, 0.000203, 0.000188
2756, 0.000252, 0.000163, 0.000149
2757, 0.000247, 0.000148, 0.000135
2758, 0.000253, 0.000214, 0.000198
2759, 0.000253, 0.000140, 0.000125
2760, 0.000253, 0.000187, 0.000171
2761, 0.000251, 0.000175, 0.000159
2762, 0.000247, 0.000144, 0.000129
2763, 0.000251, 0.000213, 0.000197
2764, 0.000255, 0.000137, 0.000124
2765, 0.000251, 0.000187, 0.000172
2766, 0.000246, 0.000157, 0.000144
2767, 0.000246, 0.000144, 0.000130
2768, 0.000248, 0.000217, 0.000201
2769, 0.000253, 0.000134, 0.000121
2770, 0.000253, 0.000179, 0.000164
2771, 0.000244, 0.000183, 0.000168
2772, 0.000245, 0.000139, 0.000126
2773, 0.000248, 0.000202, 0.000186
2774, 0.000246, 0.000148, 0.000134
2775, 0.000245, 0.000168, 0.000154
2776, 0.000242, 0.000174, 0.000159
2777, 0.000244, 0.000146, 0.000132
2778, 0.000243, 0.000182, 0.000166
2779, 0.000243, 0.000151, 0.000137
2780, 0.000244, 0.000169, 0.000155
2781, 0.000240, 0.000171, 0.000156
2782, 0.000241, 0.000149, 0.000135
2783, 0.000244, 0.000194, 0.000179
2784, 0.000246, 0.000148, 0.000135
2785, 0.000242, 0.000162, 0.000148
2786, 0.000241, 0.000189, 0.000174
2787, 0.000243, 0.000136, 0.000124
2788, 0.000248, 0.000216, 0.000200
2789, 0.000248, 0.000136, 0.000124
2790, 0.000247, 0.000179, 0.000165
2791, 0.000241, 0.000174, 0.000160
2792, 0.000242, 0.000138, 0.000126
2793, 0.000244, 0.000210, 0.000195
2794, 0.000248, 0.000135, 0.000123
2795, 0.000246, 0.000201, 0.000187
2796, 0.000243, 0.000145, 0.000133
2797, 0.000241, 0.000174, 0.000161
2798, 0.000237, 0.000166, 0.000152
2799, 0.000239, 0.000154, 0.000141
2800, 0.000238, 0.000193, 0.000177
2801, 0.000241, 0.000134, 0.000121
2802, 0.000244, 0.000206, 0.000190
2803, 0.000242, 0.000141, 0.000128
2804, 0.000238, 0.000168, 0.000155
2805, 0.000240, 0.000185, 0.000171
2806, 0.000239, 0.000135, 0.000123
2807, 0.000244, 0.000217, 0.000202
2808, 0.000246, 0.000139, 0.000126
2809, 0.000239, 0.000169, 0.000154
2810, 0.000237, 0.000184, 0.000169
2811, 0.000239, 0.000137, 0.000124
2812, 0.000240, 0.000197, 0.000181
2813, 0.000238, 0.000152, 0.000139
2814, 0.000235, 0.000151, 0.000137
2815, 0.000235, 0.000203, 0.000188
2816, 0.000241, 0.000124, 0.000113
2817, 0.000245, 0.000216, 0.000201
2818, 0.000242, 0.000138, 0.000125
2819, 0.000236, 0.000161, 0.000148
2820, 0.000233, 0.000198, 0.000184
2821, 0.000236, 0.000123, 0.000112
2822, 0.000246, 0.000237, 0.000222
2823, 0.000245, 0.000133, 0.000120
2824, 0.000240, 0.000172, 0.000159
2825, 0.000236, 0.000189, 0.000175
2826, 0.000234, 0.000126, 0.000114
2827, 0.000243, 0.000225, 0.000209
2828, 0.000241, 0.000136, 0.000124
2829, 0.000235, 0.000166, 0.000152
2830, 0.000232, 0.000170, 0.000157
2831, 0.000233, 0.000145, 0.000134
2832, 0.000233, 0.000177, 0.000164
2833, 0.000233, 0.000155, 0.000143
2834, 0.000231, 0.000166, 0.000154
2835, 0.000232, 0.000161, 0.000147
2836, 0.000231, 0.000148, 0.000136
2837, 0.000231, 0.000197, 0.000183
2838, 0.000234, 0.000135, 0.000123
2839, 0.000234, 0.000171, 0.000159
2840, 0.000230, 0.000171, 0.000157
2841, 0.000229, 0.000134, 0.000122
2842, 0.000232, 0.000214, 0.000199
2843, 0.000237, 0.000128, 0.000115
2844, 0.000235, 0.000181, 0.000166
2845, 0.000229, 0.000179, 0.000165
2846, 0.000229, 0.000127, 0.000115
2847, 0.000234, 0.000229, 0.000213
2848, 0.000239, 0.000121, 0.000110
2849, 0.000238, 0.000190, 0.000177
2850, 0.000230, 0.000162, 0.000151
2851, 0.000224, 0.000132, 0.000121
2852, 0.000233, 0.000221, 0.000207
2853, 0.000236, 0.000126, 0.000115
2854, 0.000233, 0.000181, 0.000168
2855, 0.000228, 0.000160, 0.000146
2856, 0.000228, 0.000135, 0.000124
2857, 0.000226, 0.000199, 0.000186
2858, 0.000231, 0.000136, 0.000124
2859, 0.000227, 0.000166, 0.000155
2860, 0.000224, 0.000172, 0.000161
2861, 0.000224, 0.000126, 0.000115
2862, 0.000229, 0.000204, 0.000190
2863, 0.000229, 0.000132, 0.000121
2864, 0.000225, 0.000157, 0.000143
2865, 0.000224, 0.000187, 0.000173
2866, 0.000226, 0.000121, 0.000110
2867, 0.000230, 0.000227, 0.000212
2868, 0.000233, 0.000128, 0.000117
2869, 0.000227, 0.000162, 0.000150
2870, 0.000220, 0.000169, 0.000157
2871, 0.000223, 0.000135, 0.000125
2872, 0.000220, 0.000174, 0.000161
2873, 0.000223, 0.000140, 0.000128
2874, 0.000223, 0.000164, 0.000152
2875, 0.000222, 0.000147, 0.000135
2876, 0.000220, 0.000159, 0.000147
2877, 0.000220, 0.000154, 0.000143
2878, 0.000221, 0.000146, 0.000134
2879, 0.000218, 0.000167, 0.000154
2880, 0.000218, 0.000141, 0.000129
2881, 0.000221, 0.000175, 0.000161
2882, 0.000221, 0.000140, 0.000127
2883, 0.000218, 0.000168, 0.000155
2884, 0.000219, 0.000155, 0.000141
2885, 0.000219, 0.000154, 0.000142
2886, 0.000217, 0.000159, 0.000148
2887, 0.000218, 0.000149, 0.000137
2888, 0.000219, 0.000166, 0.000155
2889, 0.000217, 0.000138, 0.000128
2890, 0.000217, 0.000177, 0.000166
2891, 0.000220, 0.000125, 0.000116
2892, 0.000223, 0.000195, 0.000184
2893, 0.000222, 0.000128, 0.000118
2894, 0.000221, 0.000181, 0.000171
2895, 0.000222, 0.000141, 0.000130
2896, 0.000215, 0.000144, 0.000132
2897, 0.000216, 0.000196, 0.000184
2898, 0.000223, 0.000121, 0.000110
2899, 0.000222, 0.000193, 0.000179
2900, 0.000219, 0.000146, 0.000135
2901, 0.000216, 0.000139, 0.000127
2902, 0.000215, 0.000196, 0.000182
2903, 0.000219, 0.000121, 0.000111
2904, 0.000223, 0.000204, 0.000191
2905, 0.000222, 0.000119, 0.000109
2906, 0.000220, 0.000195, 0.000183
2907, 0.000221, 0.000136, 0.000125
2908, 0.000215, 0.000155, 0.000143
2909, 0.000211, 0.000178, 0.000166
2910, 0.000216, 0.000119, 0.000108
2911, 0.000220, 0.000230, 0.000216
2912, 0.000225, 0.000110, 0.000101
2913, 0.000229, 0.000209, 0.000195
2914, 0.000222, 0.000135, 0.000125
2915, 0.000215, 0.000148, 0.000136
2916, 0.000212, 0.000172, 0.000158
2917, 0.000213, 0.000134, 0.000124
2918, 0.000215, 0.000164, 0.000151
2919, 0.000214, 0.000158, 0.000146
2920, 0.000209, 0.000136, 0.000126
2921, 0.000209, 0.000162, 0.000150
2922, 0.000212, 0.000143, 0.000132
2923, 0.000209, 0.000139, 0.000128
2924, 0.000208, 0.000180, 0.000167
2925, 0.000211, 0.000125, 0.000115
2926, 0.000212, 0.000173, 0.000161
2927, 0.000211, 0.000137, 0.000126
2928, 0.000208, 0.000154, 0.000143
2929, 0.000206, 0.000158, 0.000146
2930, 0.000208, 0.000124, 0.000113
2931, 0.000213, 0.000206, 0.000192
2932, 0.000217, 0.000112, 0.000102
2933, 0.000215, 0.000177, 0.000166
2934, 0.000209, 0.000149, 0.000140
2935, 0.000206, 0.000121, 0.000113
2936, 0.000208, 0.000196, 0.000186
2937, 0.000212, 0.000111, 0.000103
2938, 0.000214, 0.000169, 0.000157
2939, 0.000207, 0.000138, 0.000127
2940, 0.000205, 0.000149, 0.000136
2941, 0.000205, 0.000157, 0.000145
2942, 0.000205, 0.000125, 0.000114
2943, 0.000208, 0.000176, 0.000163
2944, 0.000207, 0.000127, 0.000117
2945, 0.000205, 0.000165, 0.000154
2946, 0.000206, 0.000138, 0.000127
2947, 0.000204, 0.000144, 0.000133
2948, 0.000203, 0.000146, 0.000136
2949, 0.000203, 0.000140, 0.000130
2950, 0.000201, 0.000144, 0.000133
2951, 0.000201, 0.000149, 0.000138
2952, 0.000202, 0.000137, 0.000126
2953, 0.000201, 0.000162, 0.000150
2954, 0.000202, 0.000137, 0.000126
2955, 0.000200, 0.000148, 0.000137
2956, 0.000200, 0.000150, 0.000140
2957, 0.000202, 0.000134, 0.000124
2958, 0.000203, 0.000166, 0.000155
2959, 0.000202, 0.000118, 0.000109
2960, 0.000206, 0.000188, 0.000176
2961, 0.000207, 0.000111, 0.000102
2962, 0.000206, 0.000192, 0.000180
2963, 0.000205, 0.000122, 0.000111
2964, 0.000204, 0.000154, 0.000144
2965, 0.000199, 0.000152, 0.000142
2966, 0.000198, 0.000128, 0.000118
2967, 0.000201, 0.000172, 0.000162
2968, 0.000200, 0.000131, 0.000122
2969, 0.000200, 0.000145, 0.000136
2970, 0.000199, 0.000157, 0.000147
2971, 0.000199, 0.000115, 0.000106
2972, 0.000200, 0.000190, 0.000179
2973, 0.000205, 0.000103, 0.000095
2974, 0.000209, 0.000222, 0.000207
2975, 0.000213, 0.000101, 0.000092
2976, 0.000208, 0.000179, 0.000167
2977, 0.000201, 0.000149, 0.000138
2978, 0.000198, 0.000118, 0.000109
2979, 0.000201, 0.000198, 0.000185
2980, 0.000204, 0.000103, 0.000095
2981, 0.000205, 0.000186, 0.000175
2982, 0.000202, 0.000124, 0.000114
2983, 0.000195, 0.000124, 0.000115
2984, 0.000195, 0.000180, 0.000169
2985, 0.000198, 0.000112, 0.000103
2986, 0.000199, 0.000182, 0.000171
2987, 0.000201, 0.000106, 0.000098
2988, 0.000200, 0.000175, 0.000164
2989, 0.000197, 0.000125, 0.000116
2990, 0.000196, 0.000138, 0.000129
2991, 0.000193, 0.000154, 0.000144
2992, 0.000194, 0.000116, 0.000108
2993, 0.000195, 0.000170, 0.000159
2994, 0.000195, 0.000116, 0.000107
2995, 0.000195, 0.000157, 0.000146
2996, 0.000193, 0.000126, 0.000117
2997, 0.000192, 0.000149, 0.000138
2998, 0.000192, 0.000134, 0.000125
2999, 0.000192, 0.000136, 0.000128
3000, 0.000191, 0.000156, 0.000147
3001, 0.000192, 0.000112, 0.000104
3002, 0.000194, 0.000183, 0.000172
3003, 0.000196, 0.000104, 0.000095
3004, 0.000196, 0.000170, 0.000159
3005, 0.000193, 0.000129, 0.000120
3006, 0.000191, 0.000129, 0.000120
3007, 0.000188, 0.000154, 0.000144
3008, 0.000190, 0.000124, 0.000115
3009, 0.000189, 0.000133, 0.000124
3010, 0.000188, 0.000167, 0.000156
3011, 0.000190, 0.000104, 0.000095
3012, 0.000195, 0.000187, 0.000174
3013, 0.000194, 0.000114, 0.000105
3014, 0.000190, 0.000151, 0.000140
3015, 0.000189, 0.000130, 0.000121
3016, 0.000189, 0.000124, 0.000115
3017, 0.000187, 0.000168, 0.000158
3018, 0.000190, 0.000103, 0.000096
3019, 0.000193, 0.000187, 0.000175
3020, 0.000196, 0.000100, 0.000092
3021, 0.000196, 0.000184, 0.000173
3022, 0.000193, 0.000111, 0.000102
3023, 0.000190, 0.000158, 0.000148
3024, 0.000190, 0.000130, 0.000121
3025, 0.000186, 0.000121, 0.000113
3026, 0.000186, 0.000171, 0.000162
3027, 0.000193, 0.000104, 0.000096
3028, 0.000192, 0.000169, 0.000159
3029, 0.000189, 0.000116, 0.000108
3030, 0.000188, 0.000146, 0.000136
3031, 0.000186, 0.000133, 0.000124
3032, 0.000184, 0.000125, 0.000117
3033, 0.000186, 0.000160, 0.000150
3034, 0.000187, 0.000111, 0.000103
3035, 0.000187, 0.000155, 0.000146
3036, 0.000187, 0.000124, 0.000116
3037, 0.000185, 0.000124, 0.000117
3038, 0.000182, 0.000156, 0.000148
3039, 0.000187, 0.000109, 0.000102
3040, 0.000186, 0.000168, 0.000159
3041, 0.000187, 0.000114, 0.000106
3042, 0.000188, 0.000150, 0.000141
3043, 0.000184, 0.000136, 0.000127
3044, 0.000183, 0.000128, 0.000120
3045, 0.000186, 0.000156, 0.000145
3046, 0.000185, 0.000107, 0.000098
3047, 0.000186, 0.000177, 0.000166
3048, 0.000191, 0.000102, 0.000094
3049, 0.000186, 0.000150, 0.000140
3050, 0.000182, 0.000131, 0.000123
3051, 0.000183, 0.000123, 0.000115
3052, 0.000183, 0.000146, 0.000138
3053, 0.000182, 0.000129, 0.000121
3054, 0.000181, 0.000121, 0.000113
3055, 0.000180, 0.000153, 0.000144
3056, 0.000180, 0.000112, 0.000104
3057, 0.000181, 0.000161, 0.000152
3058, 0.000183, 0.000111, 0.000104
3059, 0.000181, 0.000143, 0.000135
3060, 0.000179, 0.000134, 0.000126
3061, 0.000180, 0.000119, 0.000111
3062, 0.000180, 0.000149, 0.000140
3063, 0.000179, 0.000109, 0.000101
3064, 0.000183, 0.000179, 0.000169
3065, 0.000185, 0.000091, 0.000083
3066, 0.000188, 0.000196, 0.000185
3067, 0.000190, 0.000093, 0.000087
3068, 0.000187, 0.000161, 0.000152
3069, 0.000183, 0.000122, 0.000115
3070, 0.000178, 0.000122, 0.000115
3071, 0.000177, 0.000152, 0.000143
3072, 0.000178, 0.000105, 0.000099
3073, 0.000181, 0.000184, 0.000174
3074, 0.000184, 0.000087, 0.000081
3075, 0.000188, 0.000192, 0.000181
3076, 0.000186, 0.000099, 0.000090
3077, 0.000182, 0.000156, 0.000146
3078, 0.000177, 0.000122, 0.000112
3079, 0.000176, 0.000110, 0.000102
3080, 0.000175, 0.000179, 0.000170
3081, 0.000182, 0.000084, 0.000078
3082, 0.000185, 0.000186, 0.000177
3083, 0.000185, 0.000104, 0.000097
3084, 0.000178, 0.000131, 0.000123
3085, 0.000175, 0.000161, 0.000152
3086, 0.000178, 0.000091, 0.000084
3087, 0.000187, 0.000222, 0.000210
3088, 0.000192, 0.000079, 0.000073
3089, 0.000195, 0.000206, 0.000195
3090, 0.000188, 0.000092, 0.000085
3091, 0.000181, 0.000134, 0.000125
3092, 0.000173, 0.000154, 0.000145
3093, 0.000175, 0.000095, 0.000088
3094, 0.000178, 0.000171, 0.000161
3095, 0.000179, 0.000095, 0.000089
3096, 0.000175, 0.000143, 0.000133
3097, 0.000173, 0.000138, 0.000130
3098, 0.000173, 0.000090, 0.000083
3099, 0.000183, 0.000221, 0.000210
3100, 0.000192, 0.000079, 0.000073
3101, 0.000196, 0.000211, 0.000201
3102, 0.000188, 0.000088, 0.000082
3103, 0.000178, 0.000131, 0.000123
3104, 0.000172, 0.000144, 0.000135
3105, 0.000173, 0.000084, 0.000077
3106, 0.000186, 0.000229, 0.000216
3107, 0.000194, 0.000078, 0.000071
3108, 0.000198, 0.000213, 0.000202
3109, 0.000190, 0.000088, 0.000082
3110, 0.000176, 0.000118, 0.000111
3111, 0.000169, 0.000166, 0.000158
3112, 0.000175, 0.000077, 0.000072
3113, 0.000188, 0.000208, 0.000198
3114, 0.000190, 0.000080, 0.000074
3115, 0.000182, 0.000145, 0.000136
3116, 0.000170, 0.000131, 0.000122
3117, 0.000169, 0.000091, 0.000085
3118, 0.000173, 0.000160, 0.000150
3119, 0.000174, 0.000100, 0.000092
3120, 0.000173, 0.000123, 0.000115
3121, 0.000168, 0.000136, 0.000128
3122, 0.000168, 0.000100, 0.000093
3123, 0.000171, 0.000144, 0.000136
3124, 0.000170, 0.000109, 0.000101
3125, 0.000167, 0.000098, 0.000092
3126, 0.000170, 0.000165, 0.000155
3127, 0.000173, 0.000085, 0.000079
3128, 0.000175, 0.000144, 0.000135
3129, 0.000169, 0.000115, 0.000107
3130, 0.000166, 0.000098, 0.000092
3131, 0.000169, 0.000156, 0.000148
3132, 0.000172, 0.000096, 0.000089
3133, 0.000170, 0.000121, 0.000114
3134, 0.000166, 0.000119, 0.000112
3135, 0.000165, 0.000108, 0.000100
3136, 0.000165, 0.000138, 0.000129
3137, 0.000168, 0.000091, 0.000084
3138, 0.000170, 0.000149, 0.000140
3139, 0.000169, 0.000097, 0.000090
3140, 0.000167, 0.000109, 0.000101
3141, 0.000165, 0.000137, 0.000129
3142, 0.000167, 0.000093, 0.000086
3143, 0.000168, 0.000138, 0.000130
3144, 0.000167, 0.000107, 0.000101
3145, 0.000164, 0.000116, 0.000109
3146, 0.000164, 0.000136, 0.000128
3147, 0.000163, 0.000097, 0.000091
3148, 0.000165, 0.000139, 0.000131
3149, 0.000169, 0.000101, 0.000096
3150, 0.000170, 0.000123, 0.000116
3151, 0.000161, 0.000117, 0.000110
3152, 0.000166, 0.000115, 0.000108
3153, 0.000169, 0.000123, 0.000114
3154, 0.000164, 0.000114, 0.000106
3155, 0.000164, 0.000112, 0.000105
3156, 0.000165, 0.000139, 0.000129
3157, 0.000166, 0.000100, 0.000094
3158, 0.000169, 0.000127, 0.000118
3159, 0.000165, 0.000124, 0.000117
3160, 0.000163, 0.000090, 0.000085
3161, 0.000170, 0.000182, 0.000173
3162, 0.000175, 0.000076, 0.000072
3163, 0.000174, 0.000167, 0.000159
3164, 0.000169, 0.000097, 0.000091
3165, 0.000163, 0.000109, 0.000102
3166, 0.000160, 0.000137, 0.000130
3167, 0.000162, 0.000088, 0.000083
3168, 0.000166, 0.000167, 0.000160
3169, 0.000168, 0.000085, 0.000080
3170, 0.000166, 0.000126, 0.000119
3171, 0.000161, 0.000115, 0.000108
3172, 0.000158, 0.000101, 0.000095
3173, 0.000161, 0.000142, 0.000135
3174, 0.000162, 0.000087, 0.000082
3175, 0.000162, 0.000147, 0.000139
3176, 0.000163, 0.000101, 0.000095
3177, 0.000160, 0.000109, 0.000102
3178, 0.000159, 0.000154, 0.000146
3179, 0.000165, 0.000073, 0.000068
3180, 0.000170, 0.000177, 0.000169
3181, 0.000171, 0.000085, 0.000080
3182, 0.000163, 0.000119, 0.000114
3183, 0.000158, 0.000128, 0.000123
3184, 0.000159, 0.000088, 0.000083
3185, 0.000162, 0.000154, 0.000146
3186, 0.000165, 0.000090, 0.000084
3187, 0.000163, 0.000123, 0.000115
3188, 0.000159, 0.000113, 0.000105
3189, 0.000158, 0.000102, 0.000096
3190, 0.000157, 0.000132, 0.000125
3191, 0.000159, 0.000090, 0.000085
3192, 0.000159, 0.000141, 0.000134
3193, 0.000160, 0.000095, 0.000089
3194, 0.000157, 0.000118, 0.000111
3195, 0.000157, 0.000108, 0.000102
3196, 0.000157, 0.000114, 0.000107
3197, 0.000156, 0.000115, 0.000109
3198, 0.000158, 0.000097, 0.000092
3199, 0.000155, 0.000123, 0.000117
3200, 0.000156, 0.000112, 0.000105
3201, 0.000156, 0.000102, 0.000096
3202, 0.000152, 0.000109, 0.000102
3203, 0.000155, 0.000117, 0.000110
3204, 0.000156, 0.000100, 0.000093
3205, 0.000154, 0.000131, 0.000124
3206, 0.000155, 0.000089, 0.000084
3207, 0.000157, 0.000140, 0.000133
3208, 0.000158, 0.000088, 0.000083
3209, 0.000157, 0.000130, 0.000123
3210, 0.000154, 0.000099, 0.000093
3211, 0.000155, 0.000104, 0.000098
3212, 0.000154, 0.000134, 0.000127
3213, 0.000156, 0.000085, 0.000080
3214, 0.000160, 0.000161, 0.000153
3215, 0.000162, 0.000075, 0.000070
3216, 0.000164, 0.000166, 0.000159
3217, 0.000165, 0.000079, 0.000073
3218, 0.000163, 0.000145, 0.000138
3219, 0.000158, 0.000093, 0.000086
3220, 0.000155, 0.000116, 0.000108
3221, 0.000153, 0.000121, 0.000113
3222, 0.000153, 0.000095, 0.000088
3223, 0.000153, 0.000131, 0.000123
3224, 0.000154, 0.000086, 0.000081
3225, 0.000154, 0.000139, 0.000132
3226, 0.000155, 0.000092, 0.000087
3227, 0.000152, 0.000113, 0.000106
3228, 0.000153, 0.000120, 0.000113
3229, 0.000152, 0.000084, 0.000079
3230, 0.000156, 0.000158, 0.000149
3231, 0.000160, 0.000082, 0.000077
3232, 0.000158, 0.000148, 0.000140
3233, 0.000156, 0.000088, 0.000082
3234, 0.000154, 0.000117, 0.000112
3235, 0.000154, 0.000123, 0.000116
3236, 0.000152, 0.000080, 0.000076
3237, 0.000154, 0.000155, 0.000149
3238, 0.000157, 0.000077, 0.000072
3239, 0.000156, 0.000131, 0.000124
3240, 0.000151, 0.000109, 0.000103
3241, 0.000151, 0.000087, 0.000081
3242, 0.000153, 0.000160, 0.000153
3243, 0.000158, 0.000076, 0.000071
3244, 0.000158, 0.000149, 0.000142
3245, 0.000154, 0.000092, 0.000088
3246, 0.000153, 0.000110, 0.000104
3247, 0.000151, 0.000135, 0.000129
3248, 0.000152, 0.000076, 0.000072
3249, 0.000153, 0.000154, 0.000146
3250, 0.000159, 0.000087, 0.000084
3251, 0.000161, 0.000133, 0.000125
3252, 0.000154, 0.000104, 0.000098
3253, 0.000148, 0.000096, 0.000091
3254, 0.000149, 0.000135, 0.000128
3255, 0.000154, 0.000086, 0.000082
3256, 0.000157, 0.000146, 0.000139
3257, 0.000154, 0.000084, 0.000079
3258, 0.000154, 0.000137, 0.000132
3259, 0.000155, 0.000101, 0.000095
3260, 0.000152, 0.000100, 0.000095
3261, 0.000148, 0.000129, 0.000122
3262, 0.000150, 0.000076, 0.000071
3263, 0.000158, 0.000183, 0.000175
3264, 0.000164, 0.000067, 0.000063
3265, 0.000161, 0.000161, 0.000153
3266, 0.000157, 0.000082, 0.000078
3267, 0.000152, 0.000106, 0.000100
3268, 0.000148, 0.000123, 0.000117
3269, 0.000148, 0.000075, 0.000071
3270, 0.000154, 0.000164, 0.000157
3271, 0.000157, 0.000077, 0.000073
3272, 0.000153, 0.000127, 0.000121
3273, 0.000149, 0.000090, 0.000086
3274, 0.000148, 0.000108, 0.000103
3275, 0.000145, 0.000100, 0.000095
3276, 0.000146, 0.000108, 0.000102
3277, 0.000144, 0.000094, 0.000089
3278, 0.000144, 0.000109, 0.000102
3279, 0.000146, 0.000110, 0.000104
3280, 0.000145, 0.000096, 0.000089
3281, 0.000146, 0.000115, 0.000108
3282, 0.000144, 0.000098, 0.000092
3283, 0.000144, 0.000112, 0.000106
3284, 0.000145, 0.000099, 0.000094
3285, 0.000143, 0.000103, 0.000097
3286, 0.000144, 0.000099, 0.000094
3287, 0.000144, 0.000108, 0.000102
3288, 0.000144, 0.000093, 0.000087
3289, 0.000145, 0.000119, 0.000112
3290, 0.000145, 0.000091, 0.000086
3291, 0.000143, 0.000109, 0.000103
3292, 0.000144, 0.000102, 0.000096
3293, 0.000145, 0.000106, 0.000101
3294, 0.000143, 0.000098, 0.000092
3295, 0.000143, 0.000107, 0.000101
3296, 0.000143, 0.000107, 0.000100
3297, 0.000146, 0.000089, 0.000083
3298, 0.000145, 0.000125, 0.000118
3299, 0.000145, 0.000080, 0.000074
3300, 0.000146, 0.000139, 0.000133
3301, 0.000147, 0.000074, 0.000070
3302, 0.000149, 0.000155, 0.000148
3303, 0.000150, 0.000074, 0.000071
3304, 0.000150, 0.000149, 0.000142
3305, 0.000149, 0.000083, 0.000079
3306, 0.000149, 0.000123, 0.000116
3307, 0.000145, 0.000090, 0.000085
3308, 0.000143, 0.000110, 0.000103
3309, 0.000141, 0.000102, 0.000095
3310, 0.000143, 0.000107, 0.000102
3311, 0.000143, 0.000095, 0.000089
3312, 0.000140, 0.000117, 0.000111
3313, 0.000140, 0.000085, 0.000081
3314, 0.000144, 0.000132, 0.000125
3315, 0.000144, 0.000082, 0.000079
3316, 0.000146, 0.000133, 0.000128
3317, 0.000144, 0.000075, 0.000072
3318, 0.000145, 0.000143, 0.000138
3319, 0.000146, 0.000076, 0.000072
3320, 0.000146, 0.000143, 0.000135
3321, 0.000144, 0.000080, 0.000074
3322, 0.000145, 0.000133, 0.000123
3323, 0.000144, 0.000089, 0.000084
3324, 0.000143, 0.000127, 0.000119
3325, 0.000143, 0.000088, 0.000083
3326, 0.000141, 0.000125, 0.000119
3327, 0.000143, 0.000088, 0.000082
3328, 0.000142, 0.000123, 0.000117
3329, 0.000141, 0.000088, 0.000082
3330, 0.000138, 0.000103, 0.000096
3331, 0.000139, 0.000113, 0.000107
3332, 0.000142, 0.000082, 0.000077
3333, 0.000141, 0.000126, 0.000120
3334, 0.000142, 0.000080, 0.000076
3335, 0.000141, 0.000114, 0.000108
3336, 0.000142, 0.000092, 0.000088
3337, 0.000141, 0.000110, 0.000103
3338, 0.000139, 0.000098, 0.000092
3339, 0.000139, 0.000101, 0.000096
3340, 0.000138, 0.000095, 0.000089
3341, 0.000139, 0.000117, 0.000110
3342, 0.000140, 0.000081, 0.000076
3343, 0.000142, 0.000131, 0.000124
3344, 0.000141, 0.000077, 0.000073
3345, 0.000142, 0.000138, 0.000132
3346, 0.000142, 0.000073, 0.000069
3347, 0.000143, 0.000151, 0.000144
3348, 0.000145, 0.000073, 0.000068
3349, 0.000145, 0.000129, 0.000122
3350, 0.000141, 0.000084, 0.000078
3351, 0.000139, 0.000106, 0.000099
3352, 0.000137, 0.000110, 0.000104
3353, 0.000138, 0.000079, 0.000073
3354, 0.000141, 0.000148, 0.000141
3355, 0.000144, 0.000069, 0.000066
3356, 0.000145, 0.000163, 0.000156
3357, 0.000148, 0.000069, 0.000065
3358, 0.000144, 0.000130, 0.000124
3359, 0.000140, 0.000081, 0.000076
3360, 0.000138, 0.000101, 0.000095
3361, 0.000136, 0.000115, 0.000108
3362, 0.000136, 0.000078, 0.000073
3363, 0.000140, 0.000134, 0.000126
3364, 0.000142, 0.000069, 0.000064
3365, 0.000141, 0.000153, 0.000145
3366, 0.000145, 0.000073, 0.000069
3367, 0.000141, 0.000119, 0.000111
3368, 0.000139, 0.000092, 0.000087
3369, 0.000135, 0.000083, 0.000077
3370, 0.000137, 0.000132, 0.000126
3371, 0.000139, 0.000068, 0.000064
3372, 0.000143, 0.000141, 0.000135
3373, 0.000142, 0.000071, 0.000067
3374, 0.000139, 0.000112, 0.000106
3375, 0.000135, 0.000095, 0.000089
3376, 0.000136, 0.000083, 0.000077
3377, 0.000135, 0.000128, 0.000120
3378, 0.000137, 0.000068, 0.000063
3379, 0.000142, 0.000157, 0.000148
3380, 0.000145, 0.000067, 0.000064
3381, 0.000143, 0.000139, 0.000131
3382, 0.000139, 0.000081, 0.000076
3383, 0.000136, 0.000101, 0.000095
3384, 0.000133, 0.000111, 0.000104
3385, 0.000136, 0.000079, 0.000076
3386, 0.000139, 0.000122, 0.000116
3387, 0.000139, 0.000074, 0.000071
3388, 0.000137, 0.000113, 0.000108
3389, 0.000135, 0.000094, 0.000089
3390, 0.000136, 0.000087, 0.000083
3391, 0.000136, 0.000115, 0.000109
3392, 0.000136, 0.000083, 0.000078
3393, 0.000136, 0.000115, 0.000108
3394, 0.000134, 0.000086, 0.000081
3395, 0.000133, 0.000100, 0.000095
3396, 0.000133, 0.000097, 0.000091
3397, 0.000134, 0.000089, 0.000084
3398, 0.000133, 0.000109, 0.000104
3399, 0.000134, 0.000081, 0.000077
3400, 0.000134, 0.000112, 0.000106
3401, 0.000135, 0.000080, 0.000076
3402, 0.000135, 0.000117, 0.000111
3403, 0.000136, 0.000084, 0.000080
3404, 0.000133, 0.000097, 0.000091
3405, 0.000133, 0.000105, 0.000099
3406, 0.000133, 0.000077, 0.000073
3407, 0.000134, 0.000137, 0.000130
3408, 0.000139, 0.000060, 0.000057
3409, 0.000145, 0.000180, 0.000172
3410, 0.000151, 0.000054, 0.000051
3411, 0.000154, 0.000184, 0.000177
3412, 0.000153, 0.000058, 0.000055
3413, 0.000145, 0.000146, 0.000139
3414, 0.000143, 0.000075, 0.000072
3415, 0.000139, 0.000108, 0.000100
3416, 0.000132, 0.000106, 0.000099
3417, 0.000131, 0.000076, 0.000072
3418, 0.000142, 0.000163, 0.000154
3419, 0.000147, 0.000059, 0.000057
3420, 0.000153, 0.000170, 0.000163
3421, 0.000150, 0.000064, 0.000060
3422, 0.000145, 0.000133, 0.000129
3423, 0.000144, 0.000080, 0.000075
3424, 0.000137, 0.000103, 0.000098
3425, 0.000132, 0.000086, 0.000081
3426, 0.000130, 0.000088, 0.000082
3427, 0.000131, 0.000104, 0.000100
3428, 0.000133, 0.000083, 0.000078
3429, 0.000129, 0.000104, 0.000098
3430, 0.000130, 0.000089, 0.000085
3431, 0.000133, 0.000092, 0.000086
3432, 0.000127, 0.000102, 0.000097
3433, 0.000130, 0.000077, 0.000073
3434, 0.000131, 0.000109, 0.000103
3435, 0.000132, 0.000078, 0.000075
3436, 0.000131, 0.000101, 0.000096
3437, 0.000131, 0.000092, 0.000087
3438, 0.000127, 0.000075, 0.000071
3439, 0.000131, 0.000121, 0.000114
3440, 0.000132, 0.000070, 0.000065
3441, 0.000131, 0.000108, 0.000102
3442, 0.000130, 0.000084, 0.000079
3443, 0.000129, 0.000087, 0.000081
3444, 0.000129, 0.000104, 0.000099
3445, 0.000130, 0.000074, 0.000069
3446, 0.000131, 0.000127, 0.000121
3447, 0.000130, 0.000070, 0.000067
3448, 0.000131, 0.000105, 0.000099
3449, 0.000128, 0.000086, 0.000081
3450, 0.000128, 0.000085, 0.000079
3451, 0.000127, 0.000103, 0.000097
3452, 0.000129, 0.000083, 0.000079
3453, 0.000130, 0.000090, 0.000084
3454, 0.000129, 0.000091, 0.000086
3455, 0.000127, 0.000088, 0.000084
3456, 0.000127, 0.000093, 0.000088
3457, 0.000127, 0.000096, 0.000092
3458, 0.000127, 0.000083, 0.000078
3459, 0.000128, 0.000113, 0.000106
3460, 0.000128, 0.000071, 0.000067
3461, 0.000129, 0.000112, 0.000107
3462, 0.000128, 0.000072, 0.000068
3463, 0.000128, 0.000107, 0.000103
3464, 0.000129, 0.000072, 0.000068
3465, 0.000129, 0.000114, 0.000109
3466, 0.000127, 0.000073, 0.000070
3467, 0.000129, 0.000086, 0.000081
3468, 0.000126, 0.000106, 0.000102
3469, 0.000127, 0.000074, 0.000070
3470, 0.000129, 0.000121, 0.000115
3471, 0.000129, 0.000066, 0.000062
3472, 0.000131, 0.000131, 0.000124
3473, 0.000131, 0.000069, 0.000065
3474, 0.000131, 0.000118, 0.000112
3475, 0.000129, 0.000070, 0.000066
3476, 0.000127, 0.000111, 0.000106
3477, 0.000126, 0.000080, 0.000076
3478, 0.000125, 0.000084, 0.000080
3479, 0.000125, 0.000100, 0.000095
3480, 0.000126, 0.000081, 0.000077
3481, 0.000128, 0.000097, 0.000091
3482, 0.000128, 0.000093, 0.000088
3483, 0.000127, 0.000092, 0.000085
3484, 0.000125, 0.000086, 0.000080
3485, 0.000126, 0.000091, 0.000087
3486, 0.000126, 0.000093, 0.000088
3487, 0.000127, 0.000076, 0.000073
3488, 0.000125, 0.000118, 0.000113
3489, 0.000130, 0.000067, 0.000064
3490, 0.000131, 0.000122, 0.000118
3491, 0.000130, 0.000066, 0.000063
3492, 0.000128, 0.000105, 0.000100
3493, 0.000125, 0.000088, 0.000084
3494, 0.000126, 0.000078, 0.000073
3495, 0.000127, 0.000128, 0.000122
3496, 0.000130, 0.000056, 0.000053
3497, 0.000138, 0.000178, 0.000169
3498, 0.000149, 0.000056, 0.000054
3499, 0.000162, 0.000239, 0.000230
3500, 0.000175, 0.000059, 0.000056
3501, 0.000180, 0.000227, 0.000220
3502, 0.000172, 0.000057, 0.000054
3503, 0.000150, 0.000125, 0.000121
3504, 0.000135, 0.000085, 0.000080
3505, 0.000123, 0.000063, 0.000059
3506, 0.000131, 0.000163, 0.000156
3507, 0.000145, 0.000056, 0.000051
3508, 0.000148, 0.000154, 0.000146
3509, 0.000139, 0.000060, 0.000057
3510, 0.000131, 0.000088, 0.000082
3511, 0.000126, 0.000107, 0.000102
3512, 0.000128, 0.000057, 0.000054
3513, 0.000133, 0.000142, 0.000135
3514, 0.000136, 0.000060, 0.000057
3515, 0.000131, 0.000102, 0.000095
3516, 0.000126, 0.000104, 0.000098
3517, 0.000126, 0.000056, 0.000053
3518, 0.000135, 0.000152, 0.000144
3519, 0.000141, 0.000069, 0.000068
3520, 0.000151, 0.000120, 0.000112
3521, 0.000136, 0.000086, 0.000082
3522, 0.000125, 0.000066, 0.000063
3523, 0.000128, 0.000131, 0.000122
3524, 0.000138, 0.000065, 0.000063
3525, 0.000135, 0.000120, 0.000116
3526, 0.000130, 0.000069, 0.000066
3527, 0.000132, 0.000094, 0.000092
3528, 0.000129, 0.000075, 0.000071
3529, 0.000123, 0.000083, 0.000078
3530, 0.000124, 0.000083, 0.000079
3531, 0.000126, 0.000081, 0.000075
3532, 0.000124, 0.000081, 0.000076
3533, 0.000123, 0.000093, 0.000090
3534, 0.000126, 0.000071, 0.000068
3535, 0.000127, 0.000099, 0.000094
3536, 0.000125, 0.000071, 0.000068
3537, 0.000123, 0.000092, 0.000086
3538, 0.000121, 0.000082, 0.000076
3539, 0.000120, 0.000084, 0.000079
3540, 0.000122, 0.000078, 0.000072
3541, 0.000123, 0.000088, 0.000082
3542, 0.000121, 0.000072, 0.000068
3543, 0.000120, 0.000091, 0.000086
3544, 0.000122, 0.000079, 0.000074
3545, 0.000120, 0.000080, 0.000075
3546, 0.000119, 0.000087, 0.000082
3547, 0.000120, 0.000067, 0.000063
3548, 0.000123, 0.000107, 0.000102
3549, 0.000123, 0.000063, 0.000060
3550, 0.000123, 0.000086, 0.000082
3551, 0.000121, 0.000089, 0.000084
3552, 0.000121, 0.000060, 0.000057
3553, 0.000123, 0.000108, 0.000102
3554, 0.000125, 0.000070, 0.000064
3555, 0.000123, 0.000091, 0.000087
3556, 0.000120, 0.000077, 0.000073
3557, 0.000120, 0.000077, 0.000072
3558, 0.000120, 0.000093, 0.000089
3559, 0.000122, 0.000070, 0.000066
3560, 0.000120, 0.000096, 0.000091
3561, 0.000120, 0.000068, 0.000064
3562, 0.000121, 0.000088, 0.000082
3563, 0.000119, 0.000076, 0.000072
3564, 0.000117, 0.000076, 0.000072
3565, 0.000118, 0.000092, 0.000087
3566, 0.000120, 0.000063, 0.000060
3567, 0.000121, 0.000102, 0.000097
3568, 0.000121, 0.000070, 0.000065
3569, 0.000119, 0.000082, 0.000077
3570, 0.000118, 0.000081, 0.000076
3571, 0.000118, 0.000077, 0.000073
3572, 0.000118, 0.000075, 0.000070
3573, 0.000118, 0.000087, 0.000082
3574, 0.000119, 0.000075, 0.000070
3575, 0.000117, 0.000078, 0.000073
3576, 0.000117, 0.000080, 0.000074
3577, 0.000117, 0.000079, 0.000074
3578, 0.000118, 0.000079, 0.000074
3579, 0.000119, 0.000074, 0.000070
3580, 0.000116, 0.000093, 0.000089
3581, 0.000120, 0.000068, 0.000064
3582, 0.000118, 0.000086, 0.000083
3583, 0.000119, 0.000080, 0.000076
3584, 0.000117, 0.000072, 0.000069
3585, 0.000117, 0.000095, 0.000091
3586, 0.000118, 0.000066, 0.000063
3587, 0.000118, 0.000093, 0.000088
3588, 0.000119, 0.000078, 0.000074
3589, 0.000116, 0.000071, 0.000066
3590, 0.000118, 0.000104, 0.000099
3591, 0.000120, 0.000056, 0.000052
3592, 0.000124, 0.000124, 0.000118
3593, 0.000124, 0.000056, 0.000054
3594, 0.000127, 0.000117, 0.000111
3595, 0.000123, 0.000064, 0.000060
3596, 0.000118, 0.000085, 0.000080
3597, 0.000118, 0.000091, 0.000085
3598, 0.000119, 0.000066, 0.000063
3599, 0.000119, 0.000115, 0.000110
3600, 0.000123, 0.000054, 0.000051
3601, 0.000130, 0.000146, 0.000141
3602, 0.000133, 0.000053, 0.000050
3603, 0.000128, 0.000107, 0.000102
3604, 0.000121, 0.000074, 0.000071
3605, 0.000117, 0.000069, 0.000065
3606, 0.000120, 0.000116, 0.000111
3607, 0.000122, 0.000054, 0.000051
3608, 0.000125, 0.000118, 0.000112
3609, 0.000122, 0.000071, 0.000067
3610, 0.000117, 0.000074, 0.000070
3611, 0.000116, 0.000097, 0.000090
3612, 0.000121, 0.000063, 0.000061
3613, 0.000123, 0.000116, 0.000109
3614, 0.000123, 0.000058, 0.000054
3615, 0.000125, 0.000118, 0.000114
3616, 0.000126, 0.000061, 0.000057
3617, 0.000122, 0.000094, 0.000090
3618, 0.000119, 0.000070, 0.000066
3619, 0.000115, 0.000075, 0.000070
3620, 0.000115, 0.000093, 0.000090
3621, 0.000117, 0.000057, 0.000054
3622, 0.000118, 0.000094, 0.000090
3623, 0.000117, 0.000065, 0.000063
3624, 0.000116, 0.000082, 0.000077
3625, 0.000115, 0.000080, 0.000075
3626, 0.000116, 0.000067, 0.000062
3627, 0.000115, 0.000097, 0.000090
3628, 0.000116, 0.000062, 0.000058
3629, 0.000118, 0.000107, 0.000101
3630, 0.000118, 0.000057, 0.000054
3631, 0.000119, 0.000104, 0.000099
3632, 0.000118, 0.000061, 0.000057
3633, 0.000117, 0.000092, 0.000087
3634, 0.000115, 0.000060, 0.000057
3635, 0.000117, 0.000092, 0.000088
3636, 0.000116, 0.000058, 0.000055
3637, 0.000116, 0.000083, 0.000079
3638, 0.000114, 0.000076, 0.000072
3639, 0.000115, 0.000073, 0.000069
3640, 0.000113, 0.000086, 0.000081
3641, 0.000114, 0.000074, 0.000069
3642, 0.000115, 0.000085, 0.000081
3643, 0.000115, 0.000067, 0.000063
3644, 0.000114, 0.000086, 0.000081
3645, 0.000115, 0.000069, 0.000066
3646, 0.000115, 0.000081, 0.000076
3647, 0.000113, 0.000068, 0.000064
3648, 0.000113, 0.000080, 0.000077
3649, 0.000114, 0.000073, 0.000069
3650, 0.000114, 0.000071, 0.000068
3651, 0.000113, 0.000081, 0.000078
3652, 0.000113, 0.000061, 0.000058
3653, 0.000114, 0.000099, 0.000094
3654, 0.000116, 0.000059, 0.000056
3655, 0.000116, 0.000102, 0.000095
3656, 0.000116, 0.000059, 0.000055
3657, 0.000115, 0.000091, 0.000085
3658, 0.000113, 0.000067, 0.000063
3659, 0.000113, 0.000073, 0.000070
3660, 0.000112, 0.000086, 0.000082
3661, 0.000113, 0.000062, 0.000059
3662, 0.000113, 0.000092, 0.000088
3663, 0.000115, 0.000064, 0.000059
3664, 0.000114, 0.000085, 0.000081
3665, 0.000113, 0.000075, 0.000070
3666, 0.000111, 0.000068, 0.000064
3667, 0.000113, 0.000102, 0.000098
3668, 0.000117, 0.000052, 0.000049
3669, 0.000126, 0.000155, 0.000149
3670, 0.000134, 0.000050, 0.000048
3671, 0.000131, 0.000115, 0.000110
3672, 0.000121, 0.000063, 0.000060
3673, 0.000113, 0.000069, 0.000065
3674, 0.000111, 0.000110, 0.000103
3675, 0.000119, 0.000051, 0.000049
3676, 0.000129, 0.000139, 0.000132
3677, 0.000129, 0.000051, 0.000048
3678, 0.000121, 0.000091, 0.000088
3679, 0.000114, 0.000083, 0.000078
3680, 0.000114, 0.000055, 0.000052
3681, 0.000121, 0.000133, 0.000127
3682, 0.000128, 0.000051, 0.000048
3683, 0.000133, 0.000130, 0.000126
3684, 0.000129, 0.000057, 0.000053
3685, 0.000120, 0.000083, 0.000079
3686, 0.000113, 0.000077, 0.000072
3687, 0.000112, 0.000059, 0.000055
3688, 0.000114, 0.000102, 0.000098
3689, 0.000117, 0.000057, 0.000054
3690, 0.000113, 0.000083, 0.000080
3691, 0.000111, 0.000072, 0.000069
3692, 0.000111, 0.000063, 0.000059
3693, 0.000112, 0.000088, 0.000084
3694, 0.000112, 0.000056, 0.000053
3695, 0.000116, 0.000098, 0.000093
3696, 0.000115, 0.000062, 0.000059
3697, 0.000112, 0.000075, 0.000072
3698, 0.000112, 0.000091, 0.000086
3699, 0.000112, 0.000051, 0.000049
3700, 0.000117, 0.000112, 0.000106
3701, 0.000119, 0.000054, 0.000050
3702, 0.000116, 0.000085, 0.000081
3703, 0.000111, 0.000065, 0.000063
3704, 0.000111, 0.000064, 0.000061
3705, 0.000112, 0.000087, 0.000084
3706, 0.000112, 0.000053, 0.000050
3707, 0.000115, 0.000110, 0.000106
3708, 0.000118, 0.000052, 0.000050
3709, 0.000117, 0.000088, 0.000084
3710, 0.000111, 0.000067, 0.000063
3711, 0.000108, 0.000058, 0.000055
3712, 0.000110, 0.000100, 0.000094
3713, 0.000115, 0.000054, 0.000051
3714, 0.000116, 0.000098, 0.000093
3715, 0.000115, 0.000062, 0.000059
3716, 0.000110, 0.000068, 0.000064
3717, 0.000108, 0.000085, 0.000080
3718, 0.000113, 0.000056, 0.000054
3719, 0.000114, 0.000090, 0.000085
3720, 0.000111, 0.000057, 0.000053
3721, 0.000113, 0.000086, 0.000081
3722, 0.000110, 0.000064, 0.000060
3723, 0.000107, 0.000063, 0.000060
3724, 0.000111, 0.000083, 0.000079
3725, 0.000110, 0.000055, 0.000052
3726, 0.000111, 0.000094, 0.000089
3727, 0.000114, 0.000053, 0.000051
3728, 0.000116, 0.000102, 0.000097
3729, 0.000114, 0.000058, 0.000054
3730, 0.000113, 0.000079, 0.000075
3731, 0.000110, 0.000075, 0.000070
3732, 0.000109, 0.000062, 0.000059
3733, 0.000110, 0.000094, 0.000091
3734, 0.000114, 0.000052, 0.000048
3735, 0.000115, 0.000101, 0.000098
3736, 0.000116, 0.000054, 0.000051
3737, 0.000111, 0.000078, 0.000074
3738, 0.000109, 0.000076, 0.000073
3739, 0.000110, 0.000060, 0.000056
3740, 0.000109, 0.000089, 0.000083
3741, 0.000111, 0.000058, 0.000056
3742, 0.000112, 0.000082, 0.000077
3743, 0.000110, 0.000063, 0.000059
3744, 0.000108, 0.000064, 0.000062
3745, 0.000110, 0.000081, 0.000077
3746, 0.000109, 0.000057, 0.000053
3747, 0.000109, 0.000087, 0.000083
3748, 0.000111, 0.000059, 0.000056
3749, 0.000109, 0.000077, 0.000074
3750, 0.000106, 0.000066, 0.000064
3751, 0.000107, 0.000065, 0.000062
3752, 0.000106, 0.000080, 0.000077
3753, 0.000107, 0.000058, 0.000056
3754, 0.000109, 0.000095, 0.000090
3755, 0.000111, 0.000052, 0.000049
3756, 0.000112, 0.000100, 0.000094
3757, 0.000114, 0.000054, 0.000051
3758, 0.000110, 0.000075, 0.000072
3759, 0.000107, 0.000071, 0.000068
3760, 0.000105, 0.000054, 0.000052
3761, 0.000108, 0.000092, 0.000089
3762, 0.000111, 0.000052, 0.000050
3763, 0.000114, 0.000113, 0.000109
3764, 0.000117, 0.000049, 0.000047
3765, 0.000116, 0.000095, 0.000091
3766, 0.000113, 0.000057, 0.000055
3767, 0.000107, 0.000066, 0.000063
3768, 0.000104, 0.000080, 0.000076
3769, 0.000107, 0.000055, 0.000053
3770, 0.000109, 0.000090, 0.000085
3771, 0.000109, 0.000056, 0.000052
3772, 0.000108, 0.000081, 0.000077
3773, 0.000109, 0.000060, 0.000055
3774, 0.000107, 0.000080, 0.000076
3775, 0.000108, 0.000061, 0.000058
3776, 0.000106, 0.000069, 0.000065
3777, 0.000106, 0.000072, 0.000070
3778, 0.000110, 0.000065, 0.000062
3779, 0.000108, 0.000079, 0.000075
3780, 0.000106, 0.000059, 0.000057
3781, 0.000108, 0.000072, 0.000068
3782, 0.000106, 0.000065, 0.000062
3783, 0.000103, 0.000061, 0.000058
3784, 0.000105, 0.000075, 0.000070
3785, 0.000107, 0.000063, 0.000061
3786, 0.000109, 0.000074, 0.000069
3787, 0.000107, 0.000069, 0.000065
3788, 0.000105, 0.000066, 0.000063
3789, 0.000106, 0.000070, 0.000065
3790, 0.000106, 0.000070, 0.000066
3791, 0.000105, 0.000062, 0.000058
3792, 0.000106, 0.000065, 0.000061
3793, 0.000105, 0.000066, 0.000062
3794, 0.000104, 0.000066, 0.000063
3795, 0.000103, 0.000066, 0.000063
3796, 0.000104, 0.000068, 0.000065
3797, 0.000105, 0.000059, 0.000056
3798, 0.000104, 0.000089, 0.000085
3799, 0.000110, 0.000053, 0.000051
3800, 0.000114, 0.000100, 0.000095
3801, 0.000113, 0.000051, 0.000048
3802, 0.000112, 0.000100, 0.000097
3803, 0.000115, 0.000054, 0.000051
3804, 0.000113, 0.000086, 0.000084
3805, 0.000110, 0.000053, 0.000051
3806, 0.000109, 0.000091, 0.000086
3807, 0.000112, 0.000058, 0.000056
3808, 0.000113, 0.000090, 0.000084
3809, 0.000109, 0.000056, 0.000053
3810, 0.000106, 0.000079, 0.000076
3811, 0.000106, 0.000068, 0.000064
3812, 0.000106, 0.000056, 0.000055
3813, 0.000106, 0.000103, 0.000099
3814, 0.000112, 0.000053, 0.000051
3815, 0.000127, 0.000146, 0.000143
3816, 0.000134, 0.000051, 0.000048
3817, 0.000128, 0.000117, 0.000112
3818, 0.000119, 0.000049, 0.000048
3819, 0.000112, 0.000076, 0.000071
3820, 0.000105, 0.000065, 0.000061
3821, 0.000102, 0.000056, 0.000053
3822, 0.000103, 0.000093, 0.000087
3823, 0.000108, 0.000051, 0.000049
3824, 0.000114, 0.000103, 0.000097
3825, 0.000114, 0.000050, 0.000048
3826, 0.000112, 0.000099, 0.000095
3827, 0.000112, 0.000050, 0.000048
3828, 0.000108, 0.000068, 0.000065
3829, 0.000104, 0.000075, 0.000071
3830, 0.000104, 0.000053, 0.000049
3831, 0.000106, 0.000088, 0.000084
3832, 0.000107, 0.000054, 0.000051
3833, 0.000107, 0.000083, 0.000078
3834, 0.000106, 0.000055, 0.000054
3835, 0.000105, 0.000068, 0.000065
3836, 0.000104, 0.000060, 0.000058
3837, 0.000102, 0.000058, 0.000055
3838, 0.000102, 0.000077, 0.000073
3839, 0.000105, 0.000054, 0.000052
3840, 0.000103, 0.000073, 0.000069
3841, 0.000102, 0.000064, 0.000060
3842, 0.000103, 0.000064, 0.000062
3843, 0.000103, 0.000064, 0.000062
3844, 0.000103, 0.000061, 0.000059
3845, 0.000101, 0.000059, 0.000057
3846, 0.000102, 0.000069, 0.000066
3847, 0.000103, 0.000054, 0.000051
3848, 0.000103, 0.000074, 0.000070
3849, 0.000104, 0.000055, 0.000052
3850, 0.000103, 0.000073, 0.000070
3851, 0.000102, 0.000058, 0.000055
3852, 0.000102, 0.000069, 0.000066
3853, 0.000102, 0.000060, 0.000058
3854, 0.000101, 0.000062, 0.000059
3855, 0.000102, 0.000059, 0.000057
3856, 0.000102, 0.000067, 0.000064
3857, 0.000102, 0.000055, 0.000051
3858, 0.000103, 0.000075, 0.000071
3859, 0.000103, 0.000054, 0.000052
3860, 0.000102, 0.000068, 0.000064
3861, 0.000100, 0.000058, 0.000055
3862, 0.000101, 0.000064, 0.000061
3863, 0.000099, 0.000061, 0.000057
3864, 0.000101, 0.000063, 0.000059
3865, 0.000101, 0.000067, 0.000063
3866, 0.000100, 0.000057, 0.000054
3867, 0.000101, 0.000068, 0.000065
3868, 0.000102, 0.000054, 0.000051
3869, 0.000102, 0.000066, 0.000063
3870, 0.000101, 0.000061, 0.000059
3871, 0.000100, 0.000056, 0.000054
3872, 0.000102, 0.000081, 0.000078
3873, 0.000102, 0.000051, 0.000050
3874, 0.000105, 0.000087, 0.000082
3875, 0.000105, 0.000049, 0.000047
3876, 0.000104, 0.000079, 0.000075
3877, 0.000103, 0.000054, 0.000051
3878, 0.000101, 0.000067, 0.000063
3879, 0.000099, 0.000058, 0.000055
3880, 0.000100, 0.000063, 0.000060
3881, 0.000100, 0.000061, 0.000058
3882, 0.000100, 0.000061, 0.000057
3883, 0.000100, 0.000070, 0.000066
3884, 0.000102, 0.000053, 0.000050
3885, 0.000103, 0.000086, 0.000081
3886, 0.000105, 0.000050, 0.000049
3887, 0.000111, 0.000109, 0.000105
3888, 0.000115, 0.000049, 0.000048
3889, 0.000117, 0.000113, 0.000109
3890, 0.000115, 0.000048, 0.000046
3891, 0.000110, 0.000086, 0.000083
3892, 0.000105, 0.000053, 0.000051
3893, 0.000100, 0.000057, 0.000054
3894, 0.000099, 0.000084, 0.000080
3895, 0.000104, 0.000051, 0.000049
3896, 0.000112, 0.000120, 0.000114
3897, 0.000118, 0.000050, 0.000049
3898, 0.000117, 0.000104, 0.000099
3899, 0.000112, 0.000049, 0.000047
3900, 0.000103, 0.000061, 0.000058
3901, 0.000099, 0.000077, 0.000073
3902, 0.000102, 0.000049, 0.000047
3903, 0.000108, 0.000106, 0.000099
3904, 0.000112, 0.000050, 0.000047
3905, 0.000107, 0.000080, 0.000076
3906, 0.000101, 0.000058, 0.000055
3907, 0.000099, 0.000053, 0.000050
3908, 0.000099, 0.000084, 0.000080
3909, 0.000102, 0.000048, 0.000046
3910, 0.000104, 0.000082, 0.000078
3911, 0.000104, 0.000049, 0.000047
3912, 0.000103, 0.000076, 0.000072
3913, 0.000100, 0.000055, 0.000053
3914, 0.000099, 0.000064, 0.000061
3915, 0.000098, 0.000062, 0.000058
3916, 0.000099, 0.000057, 0.000054
3917, 0.000099, 0.000069, 0.000064
3918, 0.000101, 0.000052, 0.000049
3919, 0.000100, 0.000078, 0.000073
3920, 0.000101, 0.000052, 0.000049
3921, 0.000104, 0.000081, 0.000077
3922, 0.000103, 0.000051, 0.000048
3923, 0.000101, 0.000075, 0.000071
3924, 0.000101, 0.000053, 0.000051
3925, 0.000099, 0.000063, 0.000060
3926, 0.000098, 0.000062, 0.000059
3927, 0.000098, 0.000050, 0.000048
3928, 0.000101, 0.000083, 0.000077
3929, 0.000102, 0.000050, 0.000047
3930, 0.000100, 0.000064, 0.000060
3931, 0.000098, 0.000060, 0.000056
3932, 0.000098, 0.000053, 0.000050
3933, 0.000098, 0.000078, 0.000074
3934, 0.000102, 0.000051, 0.000048
3935, 0.000102, 0.000077, 0.000073
3936, 0.000100, 0.000049, 0.000047
3937, 0.000099, 0.000074, 0.000069
3938, 0.000101, 0.000052, 0.000050
3939, 0.000099, 0.000063, 0.000059
3940, 0.000098, 0.000063, 0.000059
3941, 0.000097, 0.000054, 0.000051
3942, 0.000099, 0.000073, 0.000069
3943, 0.000101, 0.000048, 0.000046
3944, 0.000102, 0.000086, 0.000083
3945, 0.000104, 0.000049, 0.000047
3946, 0.000104, 0.000081, 0.000077
3947, 0.000101, 0.000049, 0.000046
3948, 0.000099, 0.000072, 0.000067
3949, 0.000098, 0.000056, 0.000053
3950, 0.000097, 0.000059, 0.000056
3951, 0.000096, 0.000065, 0.000061
3952, 0.000096, 0.000057, 0.000055
3953, 0.000097, 0.000061, 0.000059
3954, 0.000095, 0.000059, 0.000057
3955, 0.000096, 0.000058, 0.000055
3956, 0.000096, 0.000065, 0.000062
3957, 0.000098, 0.000048, 0.000047
3958, 0.000102, 0.000093, 0.000090
3959, 0.000108, 0.000050, 0.000049
3960, 0.000111, 0.000100, 0.000097
3961, 0.000108, 0.000051, 0.000050
3962, 0.000101, 0.000062, 0.000060
3963, 0.000098, 0.000076, 0.000073
3964, 0.000100, 0.000050, 0.000049
3965, 0.000114, 0.000131, 0.000126
3966, 0.000126, 0.000057, 0.000057
3967, 0.000131, 0.000131, 0.000125
3968, 0.000128, 0.000051, 0.000051
3969, 0.000113, 0.000067, 0.000063
3970, 0.000097, 0.000075, 0.000071
3971, 0.000102, 0.000058, 0.000058
3972, 0.000125, 0.000162, 0.000155
3973, 0.000145, 0.000068, 0.000067
3974, 0.000140, 0.000102, 0.000099
3975, 0.000111, 0.000057, 0.000054
3976, 0.000095, 0.000049, 0.000048
3977, 0.000110, 0.000123, 0.000119
3978, 0.000126, 0.000055, 0.000053
3979, 0.000122, 0.000081, 0.000078
3980, 0.000106, 0.000062, 0.000058
3981, 0.000097, 0.000051, 0.000049
3982, 0.000108, 0.000121, 0.000116
3983, 0.000122, 0.000054, 0.000052
3984, 0.000111, 0.000063, 0.000060
3985, 0.000097, 0.000073, 0.000069
3986, 0.000100, 0.000051, 0.000049
3987, 0.000116, 0.000099, 0.000096
3988, 0.000113, 0.000049, 0.000047
3989, 0.000098, 0.000048, 0.000047
3990, 0.000099, 0.000088, 0.000086
3991, 0.000110, 0.000051, 0.000049
3992, 0.000107, 0.000069, 0.000065
3993, 0.000098, 0.000066, 0.000062
3994, 0.000097, 0.000052, 0.000049
3995, 0.000102, 0.000083, 0.000078
3996, 0.000103, 0.000050, 0.000048
3997, 0.000096, 0.000050, 0.000048
3998, 0.000095, 0.000071, 0.000069
3999, 0.000099, 0.000046, 0.000044
4000, 0.000100, 0.000065, 0.000062
4001, 0.000097, 0.000055, 0.000052
4002, 0.000094, 0.000050, 0.000048
4003, 0.000095, 0.000064, 0.000061
4004, 0.000096, 0.000051, 0.000049
4005, 0.000094, 0.000055, 0.000053
4006, 0.000094, 0.000059, 0.000057
4007, 0.000094, 0.000051, 0.000049
4008, 0.000095, 0.000060, 0.000057
4009, 0.000094, 0.000051, 0.000049
4010, 0.000094, 0.000056, 0.000053
4011, 0.000094, 0.000054, 0.000051
4012, 0.000094, 0.000050, 0.000047
4013, 0.000095, 0.000064, 0.000061
4014, 0.000095, 0.000049, 0.000047
4015, 0.000095, 0.000058, 0.000055
4016, 0.000095, 0.000057, 0.000054
4017, 0.000093, 0.000048, 0.000045
4018, 0.000098, 0.000079, 0.000076
4019, 0.000101, 0.000048, 0.000046
4020, 0.000097, 0.000056, 0.000054
4021, 0.000094, 0.000065, 0.000062
4022, 0.000094, 0.000048, 0.000046
4023, 0.000097, 0.000063, 0.000060
4024, 0.000097, 0.000052, 0.000050
4025, 0.000094, 0.000051, 0.000049
4026, 0.000094, 0.000063, 0.000061
4027, 0.000095, 0.000050, 0.000048
4028, 0.000094, 0.000052, 0.000050
4029, 0.000094, 0.000065, 0.000063
4030, 0.000096, 0.000047, 0.000046
4031, 0.000096, 0.000061, 0.000058
4032, 0.000095, 0.000056, 0.000054
4033, 0.000093, 0.000053, 0.000050
4034, 0.000096, 0.000071, 0.000067
4035, 0.000096, 0.000051, 0.000050
4036, 0.000097, 0.000059, 0.000056
4037, 0.000094, 0.000057, 0.000055
4038, 0.000094, 0.000046, 0.000044
4039, 0.000096, 0.000065, 0.000062
4040, 0.000097, 0.000049, 0.000046
4041, 0.000094, 0.000055, 0.000051
4042, 0.000092, 0.000060, 0.000056
4043, 0.000094, 0.000053, 0.000050
4044, 0.000095, 0.000058, 0.000055
4045, 0.000093, 0.000056, 0.000054
4046, 0.000092, 0.000050, 0.000048
4047, 0.000094, 0.000058, 0.000056
4048, 0.000094, 0.000049, 0.000048
4049, 0.000093, 0.000067, 0.000065
4050, 0.000096, 0.000047, 0.000047
4051, 0.000097, 0.000065, 0.000062
4052, 0.000094, 0.000054, 0.000052
4053, 0.000092, 0.000049, 0.000047
4054, 0.000094, 0.000069, 0.000065
4055, 0.000096, 0.000049, 0.000047
4056, 0.000095, 0.000057, 0.000054
4057, 0.000092, 0.000051, 0.000049
4058, 0.000092, 0.000052, 0.000051
4059, 0.000092, 0.000054, 0.000053
4060, 0.000091, 0.000050, 0.000049
4061, 0.000092, 0.000063, 0.000061
4062, 0.000094, 0.000049, 0.000047
4063, 0.000093, 0.000060, 0.000057
4064, 0.000092, 0.000058, 0.000055
4065, 0.000092, 0.000048, 0.000047
4066, 0.000093, 0.000063, 0.000060
4067, 0.000094, 0.000049, 0.000047
4068, 0.000092, 0.000054, 0.000052
4069, 0.000092, 0.000055, 0.000052
4070, 0.000093, 0.000052, 0.000050
4071, 0.000091, 0.000053, 0.000051
4072, 0.000091, 0.000064, 0.000060
4073, 0.000093, 0.000050, 0.000048
4074, 0.000095, 0.000065, 0.000063
4075, 0.000095, 0.000053, 0.000051
4076, 0.000093, 0.000052, 0.000051
4077, 0.000094, 0.000061, 0.000058
4078, 0.000094, 0.000048, 0.000046
4079, 0.000093, 0.000060, 0.000058
4080, 0.000093, 0.000052, 0.000049
4081, 0.000091, 0.000052, 0.000050
4082, 0.000091, 0.000066, 0.000064
4083, 0.000093, 0.000051, 0.000049
4084, 0.000093, 0.000062, 0.000060
4085, 0.000092, 0.000049, 0.000048
4086, 0.000091, 0.000057, 0.000054
4087, 0.000091, 0.000050, 0.000048
4088, 0.000091, 0.000053, 0.000051
4089, 0.000091, 0.000054, 0.000052
4090, 0.000090, 0.000051, 0.000050
4091, 0.000091, 0.000058, 0.000056
4092, 0.000091, 0.000053, 0.000051
4093, 0.000090, 0.000052, 0.000050
4094, 0.000090, 0.000058, 0.000055
4095, 0.000091, 0.000055, 0.000052
4096, 0.000089, 0.000052, 0.000049
4097, 0.000092, 0.000057, 0.000054
4098, 0.000091, 0.000051, 0.000049
4099, 0.000091, 0.000052, 0.000051
4100, 0.000090, 0.000057, 0.000055
4101, 0.000092, 0.000052, 0.000052
4102, 0.000093, 0.000062, 0.000059
4103, 0.000091, 0.000050, 0.000047
4104, 0.000094, 0.000070, 0.000068
4105, 0.000097, 0.000048, 0.000047
4106, 0.000097, 0.000067, 0.000065
4107, 0.000095, 0.000049, 0.000048
4108, 0.000092, 0.000060, 0.000058
4109, 0.000091, 0.000053, 0.000051
4110, 0.000092, 0.000051, 0.000050
4111, 0.000091, 0.000060, 0.000058
4112, 0.000091, 0.000053, 0.000052
4113, 0.000091, 0.000056, 0.000054
4114, 0.000090, 0.000060, 0.000058
4115, 0.000090, 0.000050, 0.000048
4116, 0.000093, 0.000061, 0.000059
4117, 0.000091, 0.000050, 0.000048
4118, 0.000088, 0.000050, 0.000048
4119, 0.000089, 0.000062, 0.000059
4120, 0.000092, 0.000050, 0.000049
4121, 0.000093, 0.000068, 0.000065
4122, 0.000093, 0.000050, 0.000049
4123, 0.000092, 0.000062, 0.000060
4124, 0.000093, 0.000050, 0.000048
4125, 0.000091, 0.000057, 0.000055
4126, 0.000090, 0.000050, 0.000048
4127, 0.000090, 0.000053, 0.000050
4128, 0.000089, 0.000054, 0.000052
4129, 0.000088, 0.000051, 0.000049
4130, 0.000089, 0.000054, 0.000051
4131, 0.000089, 0.000054, 0.000051
4132, 0.000089, 0.000053, 0.000050
4133, 0.000089, 0.000057, 0.000053
4134, 0.000090, 0.000053, 0.000051
4135, 0.000089, 0.000053, 0.000051
4136, 0.000088, 0.000055, 0.000053
4137, 0.000089, 0.000049, 0.000048
4138, 0.000088, 0.000056, 0.000054
4139, 0.000090, 0.000052, 0.000049
4140, 0.000089, 0.000052, 0.000050
4141, 0.000089, 0.000060, 0.000057
4142, 0.000089, 0.000050, 0.000048
4143, 0.000091, 0.000073, 0.000071
4144, 0.000096, 0.000049, 0.000047
4145, 0.000098, 0.000083, 0.000080
4146, 0.000100, 0.000048, 0.000047
4147, 0.000098, 0.000070, 0.000067
4148, 0.000093, 0.000051, 0.000049
4149, 0.000089, 0.000049, 0.000048
4150, 0.000090, 0.000076, 0.000072
4151, 0.000094, 0.000050, 0.000048
4152, 0.000096, 0.000074, 0.000071
4153, 0.000095, 0.000048, 0.000047
4154, 0.000089, 0.000053, 0.000051
4155, 0.000088, 0.000061, 0.000059
4156, 0.000090, 0.000048, 0.000047
4157, 0.000092, 0.000074, 0.000070
4158, 0.000093, 0.000049, 0.000048
4159, 0.000092, 0.000064, 0.000061
4160, 0.000089, 0.000050, 0.000049
4161, 0.000088, 0.000049, 0.000048
4162, 0.000089, 0.000066, 0.000064
4163, 0.000092, 0.000047, 0.000045
4164, 0.000095, 0.000072, 0.000071
4165, 0.000095, 0.000049, 0.000047
4166, 0.000092, 0.000058, 0.000055
4167, 0.000088, 0.000060, 0.000057
4168, 0.000090, 0.000049, 0.000048
4169, 0.000096, 0.000085, 0.000081
4170, 0.000101, 0.000050, 0.000050
4171, 0.000103, 0.000085, 0.000083
4172, 0.000102, 0.000050, 0.000049
4173, 0.000096, 0.000061, 0.000060
4174, 0.000093, 0.000052, 0.000050
4175, 0.000088, 0.000048, 0.000047
4176, 0.000089, 0.000068, 0.000066
4177, 0.000091, 0.000049, 0.000048
4178, 0.000090, 0.000058, 0.000056
4179, 0.000087, 0.000057, 0.000055
4180, 0.000087, 0.000049, 0.000048
4181, 0.000091, 0.000064, 0.000061
4182, 0.000092, 0.000046, 0.000045
4183, 0.000092, 0.000064, 0.000061
4184, 0.000092, 0.000049, 0.000047
4185, 0.000091, 0.000063, 0.000061
4186, 0.000090, 0.000048, 0.000046
4187, 0.000090, 0.000058, 0.000056
4188, 0.000088, 0.000052, 0.000051
4189, 0.000087, 0.000051, 0.000049
4190, 0.000088, 0.000062, 0.000060
4191, 0.000088, 0.000047, 0.000046
4192, 0.000089, 0.000054, 0.000052
4193, 0.000088, 0.000051, 0.000050
4194, 0.000087, 0.000049, 0.000048
4195, 0.000088, 0.000058, 0.000056
4196, 0.000087, 0.000050, 0.000049
4197, 0.000087, 0.000053, 0.000051
4198, 0.000088, 0.000053, 0.000052
4199, 0.000087, 0.000048, 0.000047
4200, 0.000089, 0.000069, 0.000066
4201, 0.000092, 0.000049, 0.000048
4202, 0.000095, 0.000071, 0.000070
4203, 0.000094, 0.000047, 0.000046
4204, 0.000091, 0.000057, 0.000055
4205, 0.000089, 0.000053, 0.000051
4206, 0.000087, 0.000049, 0.000047
4207, 0.000087, 0.000063, 0.000060
4208, 0.000091, 0.000049, 0.000048
4209, 0.000093, 0.000077, 0.000074
4210, 0.000095, 0.000049, 0.000048
4211, 0.000094, 0.000065, 0.000061
4212, 0.000090, 0.000051, 0.000048
4213, 0.000087, 0.000047, 0.000045
4214, 0.000088, 0.000072, 0.000070
4215, 0.000095, 0.000054, 0.000053
4216, 0.000103, 0.000089, 0.000086
4217, 0.000104, 0.000050, 0.000049
4218, 0.000097, 0.000066, 0.000063
4219, 0.000090, 0.000051, 0.000048
4220, 0.000086, 0.000049, 0.000047
4221, 0.000088, 0.000071, 0.000068
4222, 0.000093, 0.000049, 0.000048
4223, 0.000095, 0.000065, 0.000063
4224, 0.000091, 0.000048, 0.000047
4225, 0.000087, 0.000051, 0.000049
4226, 0.000085, 0.000059, 0.000057
4227, 0.000089, 0.000047, 0.000046
4228, 0.000088, 0.000063, 0.000061
4229, 0.000088, 0.000047, 0.000046
4230, 0.000087, 0.000052, 0.000050
4231, 0.000085, 0.000061, 0.000059
4232, 0.000088, 0.000051, 0.000051
4233, 0.000096, 0.000083, 0.000080
4234, 0.000101, 0.000051, 0.000050
4235, 0.000097, 0.000064, 0.000061
4236, 0.000091, 0.000048, 0.000046
4237, 0.000088, 0.000049, 0.000047
4238, 0.000086, 0.000057, 0.000054
4239, 0.000088, 0.000048, 0.000046
4240, 0.000087, 0.000053, 0.000051
4241, 0.000086, 0.000056, 0.000054
4242, 0.000086, 0.000049, 0.000048
4243, 0.000090, 0.000073, 0.000070
4244, 0.000094, 0.000048, 0.000046
4245, 0.000089, 0.000052, 0.000051
4246, 0.000085, 0.000049, 0.000048
4247, 0.000085, 0.000048, 0.000047
4248, 0.000085, 0.000056, 0.000055
4249, 0.000085, 0.000049, 0.000048
4250, 0.000086, 0.000058, 0.000055
4251, 0.000085, 0.000048, 0.000047
4252, 0.000085, 0.000051, 0.000050
4253, 0.000084, 0.000049, 0.000048
4254, 0.000085, 0.000048, 0.000048
4255, 0.000084, 0.000052, 0.000051
4256, 0.000086, 0.000049, 0.000048
4257, 0.000084, 0.000054, 0.000053
4258, 0.000086, 0.000050, 0.000048
4259, 0.000084, 0.000052, 0.000050
4260, 0.000084, 0.000051, 0.000049
4261, 0.000084, 0.000048, 0.000047
4262, 0.000083, 0.000053, 0.000050
4263, 0.000085, 0.000047, 0.000047
4264, 0.000084, 0.000049, 0.000048
4265, 0.000085, 0.000048, 0.000046
4266, 0.000086, 0.000055, 0.000053
4267, 0.000086, 0.000047, 0.000046
4268, 0.000086, 0.000063, 0.000059
4269, 0.000089, 0.000048, 0.000048
4270, 0.000088, 0.000058, 0.000055
4271, 0.000085, 0.000048, 0.000047
4272, 0.000084, 0.000048, 0.000048
4273, 0.000084, 0.000051, 0.000050
4274, 0.000083, 0.000047, 0.000046
4275, 0.000084, 0.000053, 0.000052
4276, 0.000084, 0.000047, 0.000046
4277, 0.000084, 0.000055, 0.000054
4278, 0.000084, 0.000049, 0.000049
4279, 0.000084, 0.000051, 0.000050
4280, 0.000085, 0.000057, 0.000055
4281, 0.000084, 0.000049, 0.000049
4282, 0.000088, 0.000066, 0.000062
4283, 0.000088, 0.000046, 0.000046
4284, 0.000086, 0.000052, 0.000051
4285, 0.000084, 0.000049, 0.000048
4286, 0.000084, 0.000048, 0.000048
4287, 0.000084, 0.000059, 0.000057
4288, 0.000084, 0.000049, 0.000048
4289, 0.000086, 0.000055, 0.000053
4290, 0.000084, 0.000049, 0.000047
4291, 0.000083, 0.000049, 0.000047
4292, 0.000083, 0.000050, 0.000050
4293, 0.000084, 0.000048, 0.000047
4294, 0.000083, 0.000048, 0.000047
4295, 0.000083, 0.000051, 0.000050
4296, 0.000083, 0.000047, 0.000046
4297, 0.000083, 0.000054, 0.000052
4298, 0.000084, 0.000048, 0.000047
4299, 0.000084, 0.000055, 0.000053
4300, 0.000084, 0.000048, 0.000047
4301, 0.000085, 0.000057, 0.000055
4302, 0.000084, 0.000047, 0.000046
4303, 0.000084, 0.000054, 0.000052
4304, 0.000084, 0.000048, 0.000047
4305, 0.000082, 0.000051, 0.000050
4306, 0.000081, 0.000049, 0.000047
4307, 0.000081, 0.000048, 0.000047
4308, 0.000082, 0.000050, 0.000049
4309, 0.000082, 0.000049, 0.000048
4310, 0.000083, 0.000050, 0.000050
4311, 0.000083, 0.000051, 0.000050
4312, 0.000083, 0.000050, 0.000049
4313, 0.000081, 0.000052, 0.000051
4314, 0.000082, 0.000048, 0.000047
4315, 0.000081, 0.000049, 0.000048
4316, 0.000082, 0.000048, 0.000047
4317, 0.000083, 0.000049, 0.000047
4318, 0.000082, 0.000050, 0.000048
4319, 0.000082, 0.000052, 0.000050
4320, 0.000082, 0.000049, 0.000048
4321, 0.000084, 0.000056, 0.000055
4322, 0.000083, 0.000047, 0.000047
4323, 0.000084, 0.000054, 0.000053
4324, 0.000083, 0.000047, 0.000047
4325, 0.000083, 0.000051, 0.000050
4326, 0.000082, 0.000049, 0.000048
4327, 0.000082, 0.000048, 0.000048
4328, 0.000083, 0.000058, 0.000057
4329, 0.000084, 0.000048, 0.000048
4330, 0.000086, 0.000065, 0.000062
4331, 0.000087, 0.000050, 0.000049
4332, 0.000086, 0.000055, 0.000054
4333, 0.000083, 0.000048, 0.000046
4334, 0.000082, 0.000047, 0.000046
4335, 0.000083, 0.000053, 0.000052
4336, 0.000082, 0.000048, 0.000047
4337, 0.000087, 0.000068, 0.000066
4338, 0.000090, 0.000053, 0.000053
4339, 0.000093, 0.000076, 0.000072
4340, 0.000095, 0.000053, 0.000054
4341, 0.000090, 0.000060, 0.000058
4342, 0.000086, 0.000050, 0.000048
4343, 0.000084, 0.000053, 0.000052
4344, 0.000084, 0.000049, 0.000047
4345, 0.000081, 0.000048, 0.000046
4346, 0.000080, 0.000053, 0.000052
4347, 0.000084, 0.000049, 0.000047
4348, 0.000082, 0.000049, 0.000048
4349, 0.000080, 0.000050, 0.000049
4350, 0.000083, 0.000051, 0.000048
4351, 0.000082, 0.000051, 0.000050
4352, 0.000081, 0.000050, 0.000049
4353, 0.000081, 0.000051, 0.000050
4354, 0.000081, 0.000049, 0.000049
4355, 0.000080, 0.000052, 0.000052
4356, 0.000081, 0.000047, 0.000047
4357, 0.000083, 0.000057, 0.000057
4358, 0.000086, 0.000048, 0.000047
4359, 0.000082, 0.000055, 0.000052
4360, 0.000081, 0.000050, 0.000049
4361, 0.000083, 0.000053, 0.000050
4362, 0.000081, 0.000049, 0.000047
4363, 0.000080, 0.000051, 0.000050
4364, 0.000082, 0.000049, 0.000048
4365, 0.000081, 0.000049, 0.000048
4366, 0.000081, 0.000048, 0.000048
4367, 0.000080, 0.000052, 0.000050
4368, 0.000081, 0.000048, 0.000047
4369, 0.000082, 0.000054, 0.000052
4370, 0.000082, 0.000048, 0.000047
4371, 0.000082, 0.000055, 0.000053
4372, 0.000082, 0.000048, 0.000048
4373, 0.000083, 0.000057, 0.000055
4374, 0.000084, 0.000047, 0.000048
4375, 0.000084, 0.000062, 0.000061
4376, 0.000086, 0.000049, 0.000049
4377, 0.000086, 0.000061, 0.000059
4378, 0.000085, 0.000049, 0.000049
4379, 0.000086, 0.000061, 0.000059
4380, 0.000086, 0.000048, 0.000048
4381, 0.000085, 0.000057, 0.000056
4382, 0.000083, 0.000047, 0.000047
4383, 0.000081, 0.000049, 0.000049
4384, 0.000080, 0.000050, 0.000050
4385, 0.000080, 0.000049, 0.000049
4386, 0.000083, 0.000067, 0.000064
4387, 0.000087, 0.000054, 0.000054
4388, 0.000091, 0.000075, 0.000071
4389, 0.000093, 0.000052, 0.000053
4390, 0.000089, 0.000060, 0.000059
4391, 0.000085, 0.000049, 0.000048
4392, 0.000082, 0.000049, 0.000049
4393, 0.000080, 0.000052, 0.000050
4394, 0.000080, 0.000050, 0.000048
4395, 0.000083, 0.000061, 0.000060
4396, 0.000085, 0.000050, 0.000050
4397, 0.000084, 0.000059, 0.000058
4398, 0.000084, 0.000048, 0.000049
4399, 0.000084, 0.000057, 0.000055
4400, 0.000083, 0.000046, 0.000045
4401, 0.000080, 0.000047, 0.000046
4402, 0.000079, 0.000056, 0.000054
4403, 0.000082, 0.000050, 0.000050
4404, 0.000084, 0.000063, 0.000061
4405, 0.000087, 0.000050, 0.000050
4406, 0.000086, 0.000056, 0.000054
4407, 0.000082, 0.000048, 0.000046
4408, 0.000080, 0.000050, 0.000048
4409, 0.000078, 0.000050, 0.000049
4410, 0.000079, 0.000048, 0.000047
4411, 0.000079, 0.000053, 0.000051
4412, 0.000081, 0.000047, 0.000048
4413, 0.000080, 0.000055, 0.000054
4414, 0.000081, 0.000048, 0.000047
4415, 0.000081, 0.000053, 0.000052
4416, 0.000080, 0.000049, 0.000048
4417, 0.000078, 0.000047, 0.000047
4418, 0.000079, 0.000051, 0.000050
4419, 0.000080, 0.000049, 0.000049
4420, 0.000082, 0.000058, 0.000056
4421, 0.000083, 0.000049, 0.000049
4422, 0.000084, 0.000053, 0.000052
4423, 0.000081, 0.000046, 0.000046
4424, 0.000078, 0.000047, 0.000046
4425, 0.000078, 0.000054, 0.000053
4426, 0.000080, 0.000049, 0.000048
4427, 0.000080, 0.000055, 0.000053
4428, 0.000081, 0.000048, 0.000047
4429, 0.000081, 0.000055, 0.000053
4430, 0.000082, 0.000046, 0.000046
4431, 0.000080, 0.000051, 0.000050
4432, 0.000080, 0.000047, 0.000046
4433, 0.000078, 0.000048, 0.000047
4434, 0.000079, 0.000052, 0.000051
4435, 0.000079, 0.000048, 0.000047
4436, 0.000079, 0.000051, 0.000050
4437, 0.000079, 0.000047, 0.000046
4438, 0.000078, 0.000048, 0.000047
4439, 0.000077, 0.000049, 0.000048
4440, 0.000079, 0.000048, 0.000047
4441, 0.000079, 0.000050, 0.000049
4442, 0.000078, 0.000047, 0.000047
4443, 0.000079, 0.000052, 0.000050
4444, 0.000080, 0.000047, 0.000047
4445, 0.000078, 0.000049, 0.000048
4446, 0.000077, 0.000050, 0.000048
4447, 0.000079, 0.000048, 0.000048
4448, 0.000078, 0.000048, 0.000048
4449, 0.000077, 0.000050, 0.000050
4450, 0.000079, 0.000048, 0.000048
4451, 0.000081, 0.000058, 0.000056
4452, 0.000084, 0.000048, 0.000049
4453, 0.000083, 0.000056, 0.000053
4454, 0.000081, 0.000049, 0.000050
4455, 0.000080, 0.000055, 0.000054
4456, 0.000080, 0.000049, 0.000048
4457, 0.000079, 0.000049, 0.000048
4458, 0.000078, 0.000049, 0.000048
4459, 0.000078, 0.000049, 0.000049
4460, 0.000080, 0.000056, 0.000056
4461, 0.000083, 0.000050, 0.000050
4462, 0.000083, 0.000059, 0.000057
4463, 0.000083, 0.000051, 0.000052
4464, 0.000084, 0.000062, 0.000059
4465, 0.000085, 0.000053, 0.000052
4466, 0.000087, 0.000063, 0.000060
4467, 0.000084, 0.000048, 0.000048
4468, 0.000081, 0.000050, 0.000048
4469, 0.000079, 0.000050, 0.000050
4470, 0.000080, 0.000048, 0.000049
4471, 0.000079, 0.000048, 0.000047
4472, 0.000077, 0.000051, 0.000049
4473, 0.000077, 0.000049, 0.000048
4474, 0.000079, 0.000054, 0.000052
4475, 0.000079, 0.000049, 0.000049
4476, 0.000076, 0.000049, 0.000049
4477, 0.000077, 0.000055, 0.000054
4478, 0.000080, 0.000049, 0.000051
4479, 0.000080, 0.000052, 0.000050
4480, 0.000078, 0.000049, 0.000047
4481, 0.000079, 0.000053, 0.000053
4482, 0.000081, 0.000049, 0.000047
4483, 0.000078, 0.000047, 0.000046
4484, 0.000078, 0.000052, 0.000052
4485, 0.000081, 0.000051, 0.000051
4486, 0.000084, 0.000070, 0.000068
4487, 0.000091, 0.000066, 0.000068
4488, 0.000098, 0.000090, 0.000087
4489, 0.000102, 0.000071, 0.000071
4490, 0.000103, 0.000083, 0.000082
4491, 0.000101, 0.000057, 0.000056
4492, 0.000091, 0.000058, 0.000056
4493, 0.000084, 0.000050, 0.000050
4494, 0.000079, 0.000049, 0.000048
4495, 0.000076, 0.000054, 0.000052
4496, 0.000079, 0.000056, 0.000055
4497, 0.000084, 0.000061, 0.000058
4498, 0.000083, 0.000054, 0.000054
4499, 0.000085, 0.000061, 0.000060
4500, 0.000084, 0.000047, 0.000046
4501, 0.000078, 0.000048, 0.000047
4502, 0.000077, 0.000053, 0.000052
4503, 0.000079, 0.000048, 0.000048
4504, 0.000078, 0.000048, 0.000047
4505, 0.000076, 0.000054, 0.000052
4506, 0.000079, 0.000050, 0.000049
4507, 0.000078, 0.000050, 0.000048
4508, 0.000076, 0.000049, 0.000048
4509, 0.000077, 0.000046, 0.000047
4510, 0.000077, 0.000048, 0.000047
4511, 0.000077, 0.000050, 0.000051
4512, 0.000078, 0.000048, 0.000048
4513, 0.000077, 0.000053, 0.000051
4514, 0.000078, 0.000048, 0.000048
4515, 0.000077, 0.000047, 0.000045
4516, 0.000076, 0.000049, 0.000047
4517, 0.000077, 0.000048, 0.000048
4518, 0.000078, 0.000048, 0.000047
4519, 0.000075, 0.000048, 0.000048
4520, 0.000076, 0.000051, 0.000052
4521, 0.000076, 0.000048, 0.000048
4522, 0.000077, 0.000050, 0.000049
4523, 0.000077, 0.000049, 0.000049
4524, 0.000077, 0.000050, 0.000049
4525, 0.000075, 0.000047, 0.000046
4526, 0.000076, 0.000049, 0.000049
4527, 0.000077, 0.000047, 0.000046
4528, 0.000074, 0.000047, 0.000047
4529, 0.000076, 0.000050, 0.000051
4530, 0.000077, 0.000048, 0.000048
4531, 0.000076, 0.000049, 0.000048
4532, 0.000076, 0.000048, 0.000048
4533, 0.000076, 0.000048, 0.000047
4534, 0.000075, 0.000047, 0.000046
4535, 0.000075, 0.000047, 0.000047
4536, 0.000076, 0.000045, 0.000045
4537, 0.000075, 0.000047, 0.000046
4538, 0.000075, 0.000046, 0.000047
4539, 0.000076, 0.000048, 0.000047
4540, 0.000075, 0.000049, 0.000048
4541, 0.000075, 0.000052, 0.000052
4542, 0.000076, 0.000048, 0.000049
4543, 0.000076, 0.000051, 0.000050
4544, 0.000077, 0.000048, 0.000049
4545, 0.000078, 0.000053, 0.000051
4546, 0.000077, 0.000048, 0.000047
4547, 0.000077, 0.000050, 0.000049
4548, 0.000078, 0.000047, 0.000046
4549, 0.000075, 0.000047, 0.000046
4550, 0.000074, 0.000048, 0.000048
4551, 0.000074, 0.000049, 0.000048
4552, 0.000075, 0.000051, 0.000050
4553, 0.000076, 0.000049, 0.000049
4554, 0.000075, 0.000048, 0.000047
4555, 0.000074, 0.000051, 0.000050
4556, 0.000077, 0.000050, 0.000051
4557, 0.000079, 0.000052, 0.000051
4558, 0.000078, 0.000047, 0.000048
4559, 0.000077, 0.000050, 0.000049
4560, 0.000075, 0.000047, 0.000046
4561, 0.000074, 0.000048, 0.000047
4562, 0.000075, 0.000055, 0.000053
4563, 0.000077, 0.000052, 0.000052
4564, 0.000079, 0.000060, 0.000058
4565, 0.000081, 0.000057, 0.000058
4566, 0.000086, 0.000066, 0.000064
4567, 0.000088, 0.000057, 0.000058
4568, 0.000086, 0.000060, 0.000059
4569, 0.000083, 0.000051, 0.000051
4570, 0.000079, 0.000051, 0.000050
4571, 0.000076, 0.000047, 0.000047
4572, 0.000077, 0.000049, 0.000048
4573, 0.000076, 0.000049, 0.000048
4574, 0.000074, 0.000049, 0.000048
4575, 0.000075, 0.000050, 0.000050
4576, 0.000074, 0.000047, 0.000048
4577, 0.000075, 0.000052, 0.000052
4578, 0.000078, 0.000055, 0.000055
4579, 0.000084, 0.000065, 0.000063
4580, 0.000088, 0.000061, 0.000061
4581, 0.000089, 0.000069, 0.000067
4582, 0.000088, 0.000057, 0.000057
4583, 0.000084, 0.000055, 0.000054
4584, 0.000078, 0.000047, 0.000047
4585, 0.000073, 0.000047, 0.000047
4586, 0.000073, 0.000048, 0.000047
4587, 0.000073, 0.000047, 0.000047
4588, 0.000074, 0.000049, 0.000048
4589, 0.000075, 0.000048, 0.000048
4590, 0.000074, 0.000048, 0.000047
4591, 0.000073, 0.000047, 0.000047
4592, 0.000073, 0.000048, 0.000047
4593, 0.000073, 0.000048, 0.000047
4594, 0.000072, 0.000048, 0.000048
4595, 0.000073, 0.000047, 0.000047
4596, 0.000073, 0.000046, 0.000046
4597, 0.000073, 0.000046, 0.000046
4598, 0.000073, 0.000048, 0.000047
4599, 0.000074, 0.000047, 0.000047
4600, 0.000074, 0.000049, 0.000049
4601, 0.000074, 0.000049, 0.000049
4602, 0.000076, 0.000054, 0.000053
4603, 0.000077, 0.000052, 0.000053
4604, 0.000080, 0.000058, 0.000056
4605, 0.000080, 0.000053, 0.000054
4606, 0.000080, 0.000054, 0.000052
4607, 0.000077, 0.000047, 0.000047
4608, 0.000073, 0.000046, 0.000047
4609, 0.000074, 0.000053, 0.000053
4610, 0.000077, 0.000056, 0.000056
4611, 0.000082, 0.000062, 0.000061
4612, 0.000083, 0.000055, 0.000055
4613, 0.000082, 0.000052, 0.000051
4614, 0.000076, 0.000048, 0.000048
4615, 0.000073, 0.000048, 0.000049
4616, 0.000073, 0.000052, 0.000052
4617, 0.000075, 0.000049, 0.000049
4618, 0.000075, 0.000049, 0.000050
4619, 0.000074, 0.000047, 0.000047
4620, 0.000075, 0.000047, 0.000048
4621, 0.000073, 0.000047, 0.000048
4622, 0.000073, 0.000047, 0.000047
4623, 0.000073, 0.000048, 0.000048
4624, 0.000072, 0.000049, 0.000050
4625, 0.000074, 0.000054, 0.000053
4626, 0.000077, 0.000051, 0.000052
4627, 0.000077, 0.000052, 0.000051
4628, 0.000076, 0.000049, 0.000049
4629, 0.000075, 0.000050, 0.000049
4630, 0.000074, 0.000047, 0.000047
4631, 0.000072, 0.000047, 0.000047
4632, 0.000073, 0.000049, 0.000049
4633, 0.000073, 0.000047, 0.000048
4634, 0.000074, 0.000049, 0.000048
4635, 0.000072, 0.000050, 0.000050
4636, 0.000075, 0.000057, 0.000056
4637, 0.000080, 0.000059, 0.000060
4638, 0.000082, 0.000059, 0.000058
4639, 0.000080, 0.000049, 0.000050
4640, 0.000074, 0.000047, 0.000046
4641, 0.000071, 0.000051, 0.000050
4642, 0.000076, 0.000062, 0.000062
4643, 0.000086, 0.000078, 0.000075
4644, 0.000094, 0.000065, 0.000066
4645, 0.000087, 0.000055, 0.000053
4646, 0.000076, 0.000047, 0.000047
4647, 0.000073, 0.000048, 0.000049
4648, 0.000074, 0.000058, 0.000056
4649, 0.000082, 0.000064, 0.000065
4650, 0.000087, 0.000061, 0.000060
4651, 0.000083, 0.000051, 0.000051
4652, 0.000074, 0.000049, 0.000049
4653, 0.000073, 0.000060, 0.000059
4654, 0.000081, 0.000070, 0.000072
4655, 0.000093, 0.000073, 0.000071
4656, 0.000092, 0.000057, 0.000058
4657, 0.000081, 0.000046, 0.000046
4658, 0.000071, 0.000057, 0.000055
4659, 0.000079, 0.000072, 0.000073
4660, 0.000092, 0.000070, 0.000069
4661, 0.000089, 0.000054, 0.000054
4662, 0.000078, 0.000047, 0.000047
4663, 0.000072, 0.000056, 0.000055
4664, 0.000078, 0.000062, 0.000062
4665, 0.000084, 0.000059, 0.000057
4666, 0.000083, 0.000052, 0.000052
4667, 0.000076, 0.000046, 0.000045
4668, 0.000072, 0.000059, 0.000058
4669, 0.000081, 0.000073, 0.000074
4670, 0.000094, 0.000073, 0.000071
4671, 0.000094, 0.000059, 0.000059
4672, 0.000081, 0.000046, 0.000045
4673, 0.000070, 0.000050, 0.000049
4674, 0.000076, 0.000058, 0.000059
4675, 0.000080, 0.000058, 0.000056
4676, 0.000081, 0.000051, 0.000052
4677, 0.000074, 0.000047, 0.000048
4678, 0.000071, 0.000055, 0.000053
4679, 0.000077, 0.000057, 0.000058
4680, 0.000079, 0.000049, 0.000048
4681, 0.000073, 0.000047, 0.000046
4682, 0.000072, 0.000051, 0.000051
4683, 0.000075, 0.000053, 0.000052
4684, 0.000076, 0.000051, 0.000052
4685, 0.000075, 0.000047, 0.000046
4686, 0.000070, 0.000048, 0.000048
4687, 0.000072, 0.000052, 0.000053
4688, 0.000075, 0.000054, 0.000053
4689, 0.000076, 0.000049, 0.000050
4690, 0.000073, 0.000046, 0.000045
4691, 0.000070, 0.000051, 0.000049
4692, 0.000073, 0.000055, 0.000056
4693, 0.000077, 0.000052, 0.000051
4694, 0.000076, 0.000047, 0.000048
4695, 0.000070, 0.000048, 0.000049
4696, 0.000072, 0.000050, 0.000050
4697, 0.000074, 0.000049, 0.000050
4698, 0.000072, 0.000047, 0.000048
4699, 0.000070, 0.000049, 0.000048
4700, 0.000072, 0.000049, 0.000049
4701, 0.000071, 0.000047, 0.000047
4702, 0.000071, 0.000046, 0.000045
4703, 0.000071, 0.000048, 0.000047
4704, 0.000071, 0.000048, 0.000048
4705, 0.000071, 0.000047, 0.000048
4706, 0.000071, 0.000047, 0.000047
4707, 0.000071, 0.000046, 0.000047
4708, 0.000070, 0.000048, 0.000048
4709, 0.000070, 0.000051, 0.000049
4710, 0.000074, 0.000051, 0.000052
4711, 0.000073, 0.000050, 0.000049
4712, 0.000072, 0.000047, 0.000047
4713, 0.000070, 0.000046, 0.000047
4714, 0.000073, 0.000049, 0.000049
4715, 0.000074, 0.000051, 0.000051
4716, 0.000074, 0.000046, 0.000046
4717, 0.000072, 0.000048, 0.000047
4718, 0.000071, 0.000052, 0.000051
4719, 0.000073, 0.000053, 0.000052
4720, 0.000074, 0.000050, 0.000050
4721, 0.000071, 0.000046, 0.000047
4722, 0.000069, 0.000047, 0.000048
4723, 0.000070, 0.000046, 0.000047
4724, 0.000071, 0.000046, 0.000046
4725, 0.000069, 0.000047, 0.000047
4726, 0.000069, 0.000049, 0.000049
4727, 0.000069, 0.000049, 0.000049
4728, 0.000071, 0.000048, 0.000049
4729, 0.000069, 0.000048, 0.000049
4730, 0.000069, 0.000049, 0.000048
4731, 0.000071, 0.000049, 0.000050
4732, 0.000071, 0.000047, 0.000047
4733, 0.000070, 0.000046, 0.000046
4734, 0.000069, 0.000048, 0.000050
4735, 0.000070, 0.000051, 0.000052
4736, 0.000072, 0.000048, 0.000049
4737, 0.000070, 0.000047, 0.000048
4738, 0.000069, 0.000049, 0.000049
4739, 0.000071, 0.000050, 0.000051
4740, 0.000072, 0.000050, 0.000050
4741, 0.000072, 0.000048, 0.000049
4742, 0.000071, 0.000046, 0.000047
4743, 0.000069, 0.000047, 0.000048
4744, 0.000069, 0.000048, 0.000050
4745, 0.000070, 0.000050, 0.000050
4746, 0.000071, 0.000048, 0.000049
4747, 0.000069, 0.000047, 0.000047
4748, 0.000068, 0.000048, 0.000047
4749, 0.000070, 0.000047, 0.000047
4750, 0.000070, 0.000047, 0.000047
4751, 0.000070, 0.000047, 0.000048
4752, 0.000070, 0.000046, 0.000047
4753, 0.000068, 0.000047, 0.000048
4754, 0.000069, 0.000048, 0.000047
4755, 0.000069, 0.000046, 0.000046
4756, 0.000069, 0.000047, 0.000046
4757, 0.000069, 0.000046, 0.000045
4758, 0.000069, 0.000046, 0.000046
4759, 0.000069, 0.000047, 0.000047
4760, 0.000069, 0.000046, 0.000046
4761, 0.000069, 0.000048, 0.000048
4762, 0.000069, 0.000051, 0.000052
4763, 0.000070, 0.000049, 0.000049
4764, 0.000070, 0.000048, 0.000049
4765, 0.000068, 0.000049, 0.000049
4766, 0.000070, 0.000048, 0.000047
4767, 0.000072, 0.000048, 0.000048
4768, 0.000071, 0.000048, 0.000048
4769, 0.000070, 0.000048, 0.000048
4770, 0.000069, 0.000049, 0.000049
4771, 0.000068, 0.000048, 0.000049
4772, 0.000069, 0.000048, 0.000048
4773, 0.000069, 0.000046, 0.000047
4774, 0.000067, 0.000046, 0.000047
4775, 0.000068, 0.000046, 0.000048
4776, 0.000069, 0.000046, 0.000047
4777, 0.000068, 0.000046, 0.000047
4778, 0.000068, 0.000048, 0.000048
4779, 0.000069, 0.000048, 0.000048
4780, 0.000069, 0.000049, 0.000049
4781, 0.000070, 0.000052, 0.000051
4782, 0.000072, 0.000055, 0.000057
4783, 0.000074, 0.000054, 0.000054
4784, 0.000075, 0.000051, 0.000052
4785, 0.000071, 0.000049, 0.000047
4786, 0.000069, 0.000047, 0.000047
4787, 0.000067, 0.000049, 0.000049
4788, 0.000069, 0.000050, 0.000050
4789, 0.000071, 0.000054, 0.000056
4790, 0.000073, 0.000051, 0.000051
4791, 0.000072, 0.000050, 0.000051
4792, 0.000072, 0.000048, 0.000048
4793, 0.000069, 0.000048, 0.000046
4794, 0.000068, 0.000050, 0.000050
4795, 0.000069, 0.000051, 0.000051
4796, 0.000070, 0.000051, 0.000052
4797, 0.000070, 0.000050, 0.000050
4798, 0.000069, 0.000047, 0.000047
4799, 0.000067, 0.000048, 0.000047
4800, 0.000068, 0.000048, 0.000048
4801, 0.000068, 0.000049, 0.000049
4802, 0.000069, 0.000047, 0.000047
4803, 0.000068, 0.000046, 0.000047
4804, 0.000068, 0.000048, 0.000049
4805, 0.000068, 0.000048, 0.000048
4806, 0.000067, 0.000048, 0.000048
4807, 0.000067, 0.000048, 0.000048
4808, 0.000068, 0.000047, 0.000047
4809, 0.000068, 0.000047, 0.000048
4810, 0.000068, 0.000048, 0.000048
4811, 0.000067, 0.000047, 0.000048
4812, 0.000069, 0.000049, 0.000049
4813, 0.000069, 0.000050, 0.000050
4814, 0.000069, 0.000049, 0.000048
4815, 0.000070, 0.000051, 0.000051
4816, 0.000069, 0.000047, 0.000047
4817, 0.000068, 0.000046, 0.000046
4818, 0.000067, 0.000047, 0.000047
4819, 0.000067, 0.000046, 0.000046
4820, 0.000068, 0.000048, 0.000048
4821, 0.000069, 0.000048, 0.000047
4822, 0.000067, 0.000047, 0.000047
4823, 0.000067, 0.000047, 0.000047
4824, 0.000068, 0.000046, 0.000047
4825, 0.000068, 0.000048, 0.000049
4826, 0.000068, 0.000049, 0.000048
4827, 0.000069, 0.000054, 0.000055
4828, 0.000070, 0.000051, 0.000050
4829, 0.000071, 0.000050, 0.000050
4830, 0.000069, 0.000048, 0.000048
4831, 0.000067, 0.000047, 0.000048
4832, 0.000067, 0.000052, 0.000053
4833, 0.000069, 0.000052, 0.000052
4834, 0.000070, 0.000049, 0.000050
4835, 0.000067, 0.000047, 0.000048
4836, 0.000067, 0.000046, 0.000046
4837, 0.000067, 0.000048, 0.000048
4838, 0.000067, 0.000050, 0.000049
4839, 0.000069, 0.000050, 0.000052
4840, 0.000069, 0.000052, 0.000050
4841, 0.000070, 0.000052, 0.000053
4842, 0.000070, 0.000050, 0.000050
4843, 0.000070, 0.000051, 0.000052
4844, 0.000070, 0.000048, 0.000049
4845, 0.000067, 0.000045, 0.000046
4846, 0.000066, 0.000048, 0.000049
4847, 0.000068, 0.000048, 0.000047
4848, 0.000070, 0.000050, 0.000051
4849, 0.000071, 0.000051, 0.000050
4850, 0.000069, 0.000049, 0.000050
4851, 0.000067, 0.000049, 0.000048
4852, 0.000067, 0.000051, 0.000051
4853, 0.000068, 0.000048, 0.000050
4854, 0.000066, 0.000048, 0.000048
4855, 0.000069, 0.000052, 0.000053
4856, 0.000070, 0.000051, 0.000052
4857, 0.000073, 0.000055, 0.000055
4858, 0.000071, 0.000048, 0.000048
4859, 0.000067, 0.000047, 0.000047
4860, 0.000066, 0.000049, 0.000048
4861, 0.000067, 0.000046, 0.000046
4862, 0.000067, 0.000048, 0.000048
4863, 0.000066, 0.000048, 0.000047
4864, 0.000068, 0.000051, 0.000052
4865, 0.000071, 0.000054, 0.000053
4866, 0.000072, 0.000051, 0.000052
4867, 0.000068, 0.000048, 0.000048
4868, 0.000067, 0.000054, 0.000054
4869, 0.000070, 0.000050, 0.000050
4870, 0.000070, 0.000049, 0.000049
4871, 0.000066, 0.000047, 0.000047
4872, 0.000066, 0.000048, 0.000048
4873, 0.000069, 0.000053, 0.000053
4874, 0.000070, 0.000047, 0.000049
4875, 0.000067, 0.000048, 0.000049
4876, 0.000066, 0.000048, 0.000049
4877, 0.000067, 0.000047, 0.000048
4878, 0.000069, 0.000047, 0.000047
4879, 0.000067, 0.000046, 0.000046
4880, 0.000065, 0.000047, 0.000048
4881, 0.000066, 0.000049, 0.000049
4882, 0.000066, 0.000047, 0.000048
4883, 0.000066, 0.000047, 0.000048
4884, 0.000066, 0.000048, 0.000049
4885, 0.000066, 0.000050, 0.000052
4886, 0.000068, 0.000052, 0.000052
4887, 0.000071, 0.000062, 0.000063
4888, 0.000077, 0.000061, 0.000060
4889, 0.000079, 0.000063, 0.000065
4890, 0.000079, 0.000057, 0.000056
4891, 0.000074, 0.000053, 0.000054
4892, 0.000070, 0.000048, 0.000048
4893, 0.000066, 0.000048, 0.000048
4894, 0.000066, 0.000054, 0.000056
4895, 0.000069, 0.000053, 0.000053
4896, 0.000070, 0.000051, 0.000053
4897, 0.000068, 0.000047, 0.000048
4898, 0.000066, 0.000048, 0.000048
4899, 0.000066, 0.000050, 0.000051
4900, 0.000068, 0.000049, 0.000048
4901, 0.000069, 0.000052, 0.000053
4902, 0.000069, 0.000048, 0.000048
4903, 0.000068, 0.000047, 0.000048
4904, 0.000065, 0.000050, 0.000050
4905, 0.000066, 0.000050, 0.000050
4906, 0.000069, 0.000057, 0.000058
4907, 0.000071, 0.000051, 0.000050
4908, 0.000070, 0.000049, 0.000050
4909, 0.000066, 0.000049, 0.000049
4910, 0.000066, 0.000050, 0.000050
4911, 0.000069, 0.000058, 0.000060
4912, 0.000073, 0.000055, 0.000054
4913, 0.000072, 0.000054, 0.000055
4914, 0.000071, 0.000050, 0.000050
4915, 0.000068, 0.000049, 0.000050
4916, 0.000066, 0.000047, 0.000048
4917, 0.000065, 0.000050, 0.000050
4918, 0.000066, 0.000048, 0.000049
4919, 0.000065, 0.000048, 0.000048
4920, 0.000065, 0.000049, 0.000050
4921, 0.000066, 0.000047, 0.000047
4922, 0.000067, 0.000050, 0.000050
4923, 0.000067, 0.000046, 0.000047
4924, 0.000064, 0.000047, 0.000048
4925, 0.000065, 0.000049, 0.000049
4926, 0.000065, 0.000047, 0.000049
4927, 0.000064, 0.000049, 0.000049
4928, 0.000065, 0.000048, 0.000048
4929, 0.000064, 0.000047, 0.000047
4930, 0.000064, 0.000047, 0.000047
4931, 0.000065, 0.000047, 0.000048
4932, 0.000064, 0.000048, 0.000050
4933, 0.000065, 0.000049, 0.000049
4934, 0.000066, 0.000049, 0.000051
4935, 0.000066, 0.000047, 0.000047
4936, 0.000064, 0.000049, 0.000050
4937, 0.000065, 0.000047, 0.000048
4938, 0.000065, 0.000047, 0.000048
4939, 0.000064, 0.000048, 0.000049
4940, 0.000064, 0.000047, 0.000047
4941, 0.000065, 0.000050, 0.000051
4942, 0.000065, 0.000047, 0.000047
4943, 0.000064, 0.000047, 0.000047
4944, 0.000065, 0.000049, 0.000049
4945, 0.000064, 0.000048, 0.000048
4946, 0.000064, 0.000050, 0.000051
4947, 0.000066, 0.000050, 0.000051
4948, 0.000067, 0.000051, 0.000053
4949, 0.000066, 0.000050, 0.000050
4950, 0.000065, 0.000046, 0.000048
4951, 0.000063, 0.000048, 0.000049
4952, 0.000065, 0.000052, 0.000051
4953, 0.000068, 0.000053, 0.000054
4954, 0.000071, 0.000052, 0.000052
4955, 0.000070, 0.000057, 0.000058
4956, 0.000070, 0.000053, 0.000055
4957, 0.000071, 0.000057, 0.000057
4958, 0.000068, 0.000050, 0.000050
4959, 0.000065, 0.000049, 0.000050
4960, 0.000064, 0.000048, 0.000049
4961, 0.000064, 0.000045, 0.000047
4962, 0.000063, 0.000047, 0.000049
4963, 0.000065, 0.000051, 0.000051
4964, 0.000066, 0.000052, 0.000054
4965, 0.000068, 0.000053, 0.000052
4966, 0.000068, 0.000053, 0.000054
4967, 0.000067, 0.000048, 0.000048
4968, 0.000066, 0.000048, 0.000049
4969, 0.000064, 0.000046, 0.000047
4970, 0.000064, 0.000048, 0.000048
4971, 0.000066, 0.000054, 0.000056
4972, 0.000068, 0.000050, 0.000050
4973, 0.000068, 0.000052, 0.000053
4974, 0.000065, 0.000048, 0.000050
4975, 0.000064, 0.000050, 0.000050
4976, 0.000067, 0.000061, 0.000063
4977, 0.000073, 0.000058, 0.000057
4978, 0.000076, 0.000062, 0.000064
4979, 0.000076, 0.000056, 0.000056
4980, 0.000074, 0.000054, 0.000056
4981, 0.000068, 0.000048, 0.000048
4982, 0.000065, 0.000047, 0.000047
4983, 0.000064, 0.000056, 0.000058
4984, 0.000070, 0.000063, 0.000061
4985, 0.000076, 0.000071, 0.000074
4986, 0.000080, 0.000062, 0.000062
4987, 0.000079, 0.000060, 0.000062
4988, 0.000073, 0.000048, 0.000049
4989, 0.000067, 0.000048, 0.000049
4990, 0.000063, 0.000057, 0.000059
4991, 0.000068, 0.000060, 0.000059
4992, 0.000076, 0.000064, 0.000066
4993, 0.000076, 0.000052, 0.000051
4994, 0.000071, 0.000049, 0.000050
4995, 0.000063, 0.000048, 0.000048
4996, 0.000064, 0.000050, 0.000049
4997, 0.000069, 0.000062, 0.000064
4998, 0.000072, 0.000053, 0.000052
4999, 0.000069, 0.000051, 0.000052
5000, 0.000065, 0.000048, 0.000048
