Epoch, Train Loss, Valid Loss, Test Loss
1, 0.477406, 0.542090, 0.543736
2, 0.411173, 0.475910, 0.478217
3, 0.360502, 0.417494, 0.420671
4, 0.322558, 0.369328, 0.373070
5, 0.293735, 0.331130, 0.335405
6, 0.271184, 0.306715, 0.311059
7, 0.255795, 0.286738, 0.291083
8, 0.241973, 0.269284, 0.273521
9, 0.228644, 0.251963, 0.255839
10, 0.214648, 0.234954, 0.238498
11, 0.200472, 0.218429, 0.221631
12, 0.186232, 0.202439, 0.205254
13, 0.172133, 0.187677, 0.190140
14, 0.158955, 0.173686, 0.175869
15, 0.146623, 0.160164, 0.162115
16, 0.134899, 0.147268, 0.149020
17, 0.123818, 0.134869, 0.136444
18, 0.113257, 0.122759, 0.124184
19, 0.103053, 0.110897, 0.112203
20, 0.093162, 0.099409, 0.100623
21, 0.083667, 0.088485, 0.089620
22, 0.074677, 0.078335, 0.079396
23, 0.066306, 0.069133, 0.070117
24, 0.058666, 0.060916, 0.061818
25, 0.051811, 0.053632, 0.054455
26, 0.045721, 0.047219, 0.047973
27, 0.040331, 0.041614, 0.042308
28, 0.035596, 0.036757, 0.037398
29, 0.031465, 0.032517, 0.033108
30, 0.027850, 0.028747, 0.029295
31, 0.024684, 0.025398, 0.025907
32, 0.021853, 0.022464, 0.022937
33, 0.019413, 0.019939, 0.020379
34, 0.017281, 0.017775, 0.018185
35, 0.015455, 0.015932, 0.016315
36, 0.013905, 0.014365, 0.014726
37, 0.012586, 0.013042, 0.013386
38, 0.011477, 0.011918, 0.012248
39, 0.010528, 0.010953, 0.011270
40, 0.009707, 0.010105, 0.010410
41, 0.008978, 0.009334, 0.009628
42, 0.008342, 0.008616, 0.008900
43, 0.007748, 0.007976, 0.008250
44, 0.007225, 0.007403, 0.007666
45, 0.006752, 0.006890, 0.007142
46, 0.006326, 0.006427, 0.006670
47, 0.005959, 0.006009, 0.006245
48, 0.005627, 0.005641, 0.005871
49, 0.005339, 0.005326, 0.005550
50, 0.005088, 0.005062, 0.005279
51, 0.004871, 0.004835, 0.005045
52, 0.004673, 0.004630, 0.004832
53, 0.004492, 0.004444, 0.004638
54, 0.004336, 0.004274, 0.004461
55, 0.004195, 0.004124, 0.004305
56, 0.004064, 0.003993, 0.004168
57, 0.003950, 0.003872, 0.004042
58, 0.003850, 0.003766, 0.003932
59, 0.003766, 0.003681, 0.003841
60, 0.003698, 0.003611, 0.003767
61, 0.003631, 0.003545, 0.003697
62, 0.003570, 0.003478, 0.003626
63, 0.003524, 0.003414, 0.003558
64, 0.003478, 0.003352, 0.003491
65, 0.003432, 0.003303, 0.003438
66, 0.003385, 0.003258, 0.003389
67, 0.003338, 0.003220, 0.003348
68, 0.003316, 0.003175, 0.003299
69, 0.003279, 0.003135, 0.003255
70, 0.003259, 0.003103, 0.003220
71, 0.003224, 0.003082, 0.003196
72, 0.003198, 0.003059, 0.003170
73, 0.003181, 0.003034, 0.003142
74, 0.003160, 0.003008, 0.003114
75, 0.003143, 0.002985, 0.003088
76, 0.003120, 0.002967, 0.003067
77, 0.003111, 0.002954, 0.003051
78, 0.003096, 0.002945, 0.003039
79, 0.003081, 0.002932, 0.003022
80, 0.003065, 0.002914, 0.003003
81, 0.003056, 0.002897, 0.002984
82, 0.003046, 0.002882, 0.002967
83, 0.003037, 0.002877, 0.002959
84, 0.003023, 0.002878, 0.002957
85, 0.003022, 0.002868, 0.002944
86, 0.003007, 0.002856, 0.002930
87, 0.002999, 0.002844, 0.002916
88, 0.002992, 0.002833, 0.002904
89, 0.002985, 0.002828, 0.002897
90, 0.002983, 0.002820, 0.002887
91, 0.002968, 0.002812, 0.002876
92, 0.002968, 0.002809, 0.002871
93, 0.002968, 0.002809, 0.002867
94, 0.002956, 0.002804, 0.002861
95, 0.002949, 0.002797, 0.002852
96, 0.002937, 0.002789, 0.002843
97, 0.002939, 0.002781, 0.002833
98, 0.002933, 0.002776, 0.002826
99, 0.002923, 0.002779, 0.002827
100, 0.002924, 0.002780, 0.002827
101, 0.002920, 0.002777, 0.002823
102, 0.002908, 0.002768, 0.002813
103, 0.002909, 0.002758, 0.002802
104, 0.002907, 0.002756, 0.002797
105, 0.002899, 0.002759, 0.002798
106, 0.002894, 0.002762, 0.002800
107, 0.002895, 0.002757, 0.002794
108, 0.002885, 0.002749, 0.002785
109, 0.002880, 0.002742, 0.002776
110, 0.002881, 0.002742, 0.002774
111, 0.002878, 0.002745, 0.002776
112, 0.002879, 0.002740, 0.002770
113, 0.002870, 0.002735, 0.002764
114, 0.002867, 0.002731, 0.002759
115, 0.002871, 0.002730, 0.002758
116, 0.002853, 0.002730, 0.002756
117, 0.002852, 0.002726, 0.002751
118, 0.002849, 0.002722, 0.002747
119, 0.002849, 0.002722, 0.002747
120, 0.002848, 0.002722, 0.002746
121, 0.002841, 0.002720, 0.002742
122, 0.002842, 0.002717, 0.002738
123, 0.002840, 0.002715, 0.002735
124, 0.002836, 0.002713, 0.002731
125, 0.002835, 0.002714, 0.002732
126, 0.002830, 0.002712, 0.002729
127, 0.002827, 0.002702, 0.002719
128, 0.002827, 0.002700, 0.002716
129, 0.002825, 0.002701, 0.002716
130, 0.002820, 0.002707, 0.002721
131, 0.002818, 0.002705, 0.002717
132, 0.002810, 0.002701, 0.002712
133, 0.002806, 0.002695, 0.002707
134, 0.002804, 0.002694, 0.002705
135, 0.002798, 0.002694, 0.002704
136, 0.002802, 0.002693, 0.002701
137, 0.002801, 0.002695, 0.002703
138, 0.002794, 0.002692, 0.002699
139, 0.002792, 0.002691, 0.002697
140, 0.002786, 0.002685, 0.002691
141, 0.002782, 0.002683, 0.002689
142, 0.002778, 0.002683, 0.002688
143, 0.002775, 0.002684, 0.002689
144, 0.002776, 0.002684, 0.002689
145, 0.002772, 0.002686, 0.002689
146, 0.002767, 0.002682, 0.002685
147, 0.002768, 0.002678, 0.002680
148, 0.002760, 0.002673, 0.002676
149, 0.002769, 0.002671, 0.002674
150, 0.002760, 0.002670, 0.002673
151, 0.002754, 0.002673, 0.002673
152, 0.002756, 0.002672, 0.002671
153, 0.002746, 0.002672, 0.002671
154, 0.002754, 0.002669, 0.002667
155, 0.002747, 0.002667, 0.002666
156, 0.002744, 0.002667, 0.002665
157, 0.002742, 0.002668, 0.002665
158, 0.002737, 0.002666, 0.002662
159, 0.002737, 0.002667, 0.002663
160, 0.002735, 0.002662, 0.002658
161, 0.002733, 0.002663, 0.002659
162, 0.002723, 0.002659, 0.002655
163, 0.002730, 0.002657, 0.002652
164, 0.002724, 0.002656, 0.002650
165, 0.002719, 0.002657, 0.002650
166, 0.002721, 0.002657, 0.002650
167, 0.002713, 0.002659, 0.002651
168, 0.002715, 0.002656, 0.002649
169, 0.002709, 0.002654, 0.002646
170, 0.002716, 0.002651, 0.002642
171, 0.002710, 0.002651, 0.002642
172, 0.002706, 0.002648, 0.002639
173, 0.002700, 0.002647, 0.002638
174, 0.002702, 0.002647, 0.002638
175, 0.002698, 0.002646, 0.002636
176, 0.002697, 0.002646, 0.002636
177, 0.002689, 0.002645, 0.002635
178, 0.002692, 0.002644, 0.002633
179, 0.002687, 0.002644, 0.002633
180, 0.002683, 0.002642, 0.002631
181, 0.002686, 0.002641, 0.002630
182, 0.002678, 0.002639, 0.002628
183, 0.002678, 0.002636, 0.002624
184, 0.002676, 0.002635, 0.002622
185, 0.002673, 0.002636, 0.002622
186, 0.002672, 0.002638, 0.002625
187, 0.002672, 0.002636, 0.002622
188, 0.002665, 0.002635, 0.002622
189, 0.002666, 0.002632, 0.002618
190, 0.002666, 0.002634, 0.002619
191, 0.002660, 0.002632, 0.002617
192, 0.002658, 0.002629, 0.002615
193, 0.002654, 0.002626, 0.002612
194, 0.002652, 0.002624, 0.002609
195, 0.002651, 0.002624, 0.002608
196, 0.002651, 0.002624, 0.002609
197, 0.002652, 0.002625, 0.002609
198, 0.002647, 0.002622, 0.002606
199, 0.002639, 0.002619, 0.002603
200, 0.002640, 0.002618, 0.002601
201, 0.002635, 0.002618, 0.002602
202, 0.002634, 0.002620, 0.002604
203, 0.002635, 0.002620, 0.002603
204, 0.002629, 0.002616, 0.002599
205, 0.002635, 0.002613, 0.002595
206, 0.002630, 0.002611, 0.002593
207, 0.002626, 0.002610, 0.002592
208, 0.002624, 0.002610, 0.002593
209, 0.002623, 0.002609, 0.002592
210, 0.002616, 0.002608, 0.002590
211, 0.002619, 0.002607, 0.002587
212, 0.002618, 0.002608, 0.002588
213, 0.002616, 0.002606, 0.002588
214, 0.002607, 0.002604, 0.002585
215, 0.002612, 0.002601, 0.002583
216, 0.002608, 0.002601, 0.002582
217, 0.002606, 0.002600, 0.002580
218, 0.002607, 0.002600, 0.002580
219, 0.002600, 0.002598, 0.002578
220, 0.002599, 0.002596, 0.002576
221, 0.002599, 0.002593, 0.002574
222, 0.002599, 0.002592, 0.002573
223, 0.002594, 0.002592, 0.002572
224, 0.002593, 0.002592, 0.002571
225, 0.002589, 0.002591, 0.002570
226, 0.002585, 0.002589, 0.002568
227, 0.002586, 0.002587, 0.002566
228, 0.002587, 0.002585, 0.002564
229, 0.002580, 0.002585, 0.002563
230, 0.002578, 0.002585, 0.002562
231, 0.002578, 0.002582, 0.002561
232, 0.002575, 0.002580, 0.002560
233, 0.002573, 0.002579, 0.002558
234, 0.002571, 0.002580, 0.002557
235, 0.002572, 0.002577, 0.002554
236, 0.002570, 0.002574, 0.002553
237, 0.002570, 0.002572, 0.002551
238, 0.002567, 0.002572, 0.002550
239, 0.002561, 0.002573, 0.002550
240, 0.002564, 0.002570, 0.002547
241, 0.002558, 0.002567, 0.002545
242, 0.002558, 0.002564, 0.002542
243, 0.002557, 0.002563, 0.002539
244, 0.002552, 0.002563, 0.002539
245, 0.002550, 0.002562, 0.002539
246, 0.002549, 0.002560, 0.002537
247, 0.002544, 0.002558, 0.002535
248, 0.002543, 0.002555, 0.002531
249, 0.002545, 0.002553, 0.002530
250, 0.002540, 0.002551, 0.002528
251, 0.002539, 0.002551, 0.002528
252, 0.002536, 0.002551, 0.002527
253, 0.002536, 0.002548, 0.002524
254, 0.002540, 0.002546, 0.002522
255, 0.002530, 0.002544, 0.002519
256, 0.002530, 0.002542, 0.002518
257, 0.002529, 0.002542, 0.002518
258, 0.002523, 0.002542, 0.002517
259, 0.002526, 0.002539, 0.002514
260, 0.002521, 0.002535, 0.002510
261, 0.002518, 0.002533, 0.002508
262, 0.002516, 0.002532, 0.002507
263, 0.002515, 0.002532, 0.002506
264, 0.002515, 0.002530, 0.002505
265, 0.002509, 0.002527, 0.002503
266, 0.002510, 0.002524, 0.002499
267, 0.002507, 0.002521, 0.002496
268, 0.002507, 0.002521, 0.002495
269, 0.002502, 0.002521, 0.002495
270, 0.002501, 0.002520, 0.002494
271, 0.002501, 0.002517, 0.002491
272, 0.002499, 0.002514, 0.002488
273, 0.002495, 0.002512, 0.002485
274, 0.002495, 0.002509, 0.002482
275, 0.002489, 0.002509, 0.002483
276, 0.002486, 0.002510, 0.002483
277, 0.002487, 0.002507, 0.002479
278, 0.002485, 0.002505, 0.002477
279, 0.002485, 0.002503, 0.002475
280, 0.002480, 0.002500, 0.002473
281, 0.002482, 0.002497, 0.002470
282, 0.002481, 0.002497, 0.002470
283, 0.002479, 0.002497, 0.002469
284, 0.002478, 0.002497, 0.002469
285, 0.002473, 0.002494, 0.002466
286, 0.002473, 0.002491, 0.002464
287, 0.002471, 0.002487, 0.002459
288, 0.002464, 0.002486, 0.002459
289, 0.002467, 0.002486, 0.002459
290, 0.002466, 0.002484, 0.002456
291, 0.002464, 0.002484, 0.002456
292, 0.002458, 0.002486, 0.002458
293, 0.002461, 0.002481, 0.002453
294, 0.002461, 0.002477, 0.002449
295, 0.002457, 0.002477, 0.002450
296, 0.002452, 0.002479, 0.002451
297, 0.002455, 0.002477, 0.002449
298, 0.002453, 0.002473, 0.002445
299, 0.002448, 0.002471, 0.002443
300, 0.002449, 0.002472, 0.002444
301, 0.002451, 0.002470, 0.002441
302, 0.002446, 0.002469, 0.002440
303, 0.002445, 0.002471, 0.002442
304, 0.002448, 0.002470, 0.002441
305, 0.002445, 0.002465, 0.002436
306, 0.002442, 0.002463, 0.002433
307, 0.002439, 0.002466, 0.002437
308, 0.002440, 0.002462, 0.002433
309, 0.002438, 0.002460, 0.002431
310, 0.002434, 0.002461, 0.002433
311, 0.002436, 0.002462, 0.002433
312, 0.002435, 0.002459, 0.002431
313, 0.002433, 0.002460, 0.002431
314, 0.002433, 0.002458, 0.002430
315, 0.002431, 0.002457, 0.002428
316, 0.002430, 0.002456, 0.002427
317, 0.002427, 0.002453, 0.002425
318, 0.002430, 0.002453, 0.002424
319, 0.002428, 0.002454, 0.002425
320, 0.002428, 0.002453, 0.002424
321, 0.002427, 0.002450, 0.002421
322, 0.002424, 0.002453, 0.002423
323, 0.002427, 0.002455, 0.002426
324, 0.002426, 0.002450, 0.002421
325, 0.002423, 0.002448, 0.002418
326, 0.002421, 0.002447, 0.002417
327, 0.002420, 0.002446, 0.002416
328, 0.002416, 0.002446, 0.002416
329, 0.002420, 0.002447, 0.002417
330, 0.002419, 0.002445, 0.002416
331, 0.002416, 0.002447, 0.002417
332, 0.002418, 0.002445, 0.002416
333, 0.002415, 0.002445, 0.002416
334, 0.002414, 0.002442, 0.002413
335, 0.002411, 0.002441, 0.002412
336, 0.002411, 0.002446, 0.002417
337, 0.002413, 0.002443, 0.002413
338, 0.002413, 0.002437, 0.002408
339, 0.002411, 0.002439, 0.002410
340, 0.002411, 0.002443, 0.002413
341, 0.002409, 0.002437, 0.002409
342, 0.002406, 0.002438, 0.002409
343, 0.002409, 0.002444, 0.002414
344, 0.002404, 0.002435, 0.002405
345, 0.002404, 0.002432, 0.002402
346, 0.002405, 0.002438, 0.002408
347, 0.002404, 0.002437, 0.002407
348, 0.002403, 0.002433, 0.002404
349, 0.002407, 0.002436, 0.002406
350, 0.002403, 0.002436, 0.002406
351, 0.002401, 0.002430, 0.002401
352, 0.002403, 0.002431, 0.002402
353, 0.002400, 0.002432, 0.002403
354, 0.002400, 0.002430, 0.002401
355, 0.002401, 0.002429, 0.002400
356, 0.002399, 0.002432, 0.002402
357, 0.002399, 0.002427, 0.002398
358, 0.002396, 0.002427, 0.002397
359, 0.002395, 0.002429, 0.002399
360, 0.002397, 0.002432, 0.002402
361, 0.002397, 0.002425, 0.002396
362, 0.002397, 0.002424, 0.002395
363, 0.002396, 0.002427, 0.002397
364, 0.002391, 0.002424, 0.002394
365, 0.002394, 0.002422, 0.002392
366, 0.002394, 0.002424, 0.002394
367, 0.002390, 0.002424, 0.002394
368, 0.002389, 0.002421, 0.002391
369, 0.002391, 0.002422, 0.002392
370, 0.002390, 0.002423, 0.002393
371, 0.002391, 0.002421, 0.002391
372, 0.002393, 0.002420, 0.002390
373, 0.002389, 0.002422, 0.002392
374, 0.002387, 0.002418, 0.002389
375, 0.002387, 0.002419, 0.002389
376, 0.002386, 0.002422, 0.002392
377, 0.002387, 0.002418, 0.002388
378, 0.002388, 0.002418, 0.002388
379, 0.002389, 0.002420, 0.002389
380, 0.002385, 0.002415, 0.002386
381, 0.002382, 0.002417, 0.002387
382, 0.002383, 0.002418, 0.002388
383, 0.002383, 0.002414, 0.002385
384, 0.002388, 0.002415, 0.002385
385, 0.002383, 0.002418, 0.002388
386, 0.002381, 0.002414, 0.002384
387, 0.002382, 0.002413, 0.002383
388, 0.002381, 0.002412, 0.002382
389, 0.002380, 0.002417, 0.002386
390, 0.002381, 0.002413, 0.002382
391, 0.002381, 0.002412, 0.002382
392, 0.002379, 0.002418, 0.002387
393, 0.002381, 0.002410, 0.002380
394, 0.002378, 0.002411, 0.002380
395, 0.002374, 0.002413, 0.002383
396, 0.002377, 0.002414, 0.002384
397, 0.002375, 0.002410, 0.002380
398, 0.002376, 0.002413, 0.002382
399, 0.002377, 0.002411, 0.002380
400, 0.002378, 0.002405, 0.002376
401, 0.002375, 0.002410, 0.002379
402, 0.002371, 0.002414, 0.002383
403, 0.002375, 0.002408, 0.002379
404, 0.002376, 0.002407, 0.002378
405, 0.002373, 0.002410, 0.002379
406, 0.002372, 0.002407, 0.002376
407, 0.002372, 0.002404, 0.002374
408, 0.002370, 0.002408, 0.002377
409, 0.002373, 0.002406, 0.002375
410, 0.002369, 0.002407, 0.002376
411, 0.002369, 0.002406, 0.002375
412, 0.002369, 0.002406, 0.002375
413, 0.002371, 0.002404, 0.002373
414, 0.002368, 0.002405, 0.002374
415, 0.002367, 0.002405, 0.002374
416, 0.002372, 0.002403, 0.002373
417, 0.002366, 0.002406, 0.002375
418, 0.002366, 0.002400, 0.002370
419, 0.002369, 0.002404, 0.002374
420, 0.002363, 0.002408, 0.002377
421, 0.002364, 0.002400, 0.002371
422, 0.002368, 0.002401, 0.002371
423, 0.002365, 0.002412, 0.002380
424, 0.002368, 0.002399, 0.002369
425, 0.002368, 0.002399, 0.002369
426, 0.002367, 0.002420, 0.002386
427, 0.002366, 0.002399, 0.002370
428, 0.002367, 0.002398, 0.002369
429, 0.002368, 0.002412, 0.002379
430, 0.002370, 0.002399, 0.002368
431, 0.002361, 0.002397, 0.002368
432, 0.002366, 0.002405, 0.002373
433, 0.002364, 0.002406, 0.002374
434, 0.002365, 0.002398, 0.002369
435, 0.002365, 0.002408, 0.002376
436, 0.002360, 0.002410, 0.002378
437, 0.002361, 0.002398, 0.002369
438, 0.002365, 0.002400, 0.002368
439, 0.002358, 0.002403, 0.002372
440, 0.002361, 0.002394, 0.002365
441, 0.002361, 0.002397, 0.002366
442, 0.002362, 0.002405, 0.002373
443, 0.002363, 0.002395, 0.002366
444, 0.002360, 0.002398, 0.002368
445, 0.002355, 0.002403, 0.002371
446, 0.002359, 0.002395, 0.002365
447, 0.002359, 0.002394, 0.002364
448, 0.002358, 0.002404, 0.002373
449, 0.002359, 0.002396, 0.002365
450, 0.002355, 0.002393, 0.002364
451, 0.002357, 0.002399, 0.002368
452, 0.002357, 0.002396, 0.002365
453, 0.002353, 0.002392, 0.002362
454, 0.002359, 0.002397, 0.002365
455, 0.002356, 0.002400, 0.002368
456, 0.002355, 0.002393, 0.002363
457, 0.002353, 0.002396, 0.002364
458, 0.002354, 0.002396, 0.002364
459, 0.002358, 0.002396, 0.002365
460, 0.002354, 0.002393, 0.002363
461, 0.002355, 0.002393, 0.002362
462, 0.002352, 0.002393, 0.002362
463, 0.002354, 0.002391, 0.002361
464, 0.002351, 0.002395, 0.002364
465, 0.002352, 0.002395, 0.002363
466, 0.002351, 0.002389, 0.002360
467, 0.002354, 0.002396, 0.002364
468, 0.002351, 0.002399, 0.002367
469, 0.002353, 0.002389, 0.002360
470, 0.002356, 0.002394, 0.002363
471, 0.002349, 0.002397, 0.002365
472, 0.002355, 0.002389, 0.002359
473, 0.002351, 0.002392, 0.002361
474, 0.002349, 0.002394, 0.002362
475, 0.002353, 0.002389, 0.002359
476, 0.002354, 0.002391, 0.002361
477, 0.002346, 0.002397, 0.002365
478, 0.002349, 0.002387, 0.002357
479, 0.002353, 0.002390, 0.002359
480, 0.002348, 0.002393, 0.002361
481, 0.002349, 0.002386, 0.002356
482, 0.002348, 0.002391, 0.002360
483, 0.002347, 0.002391, 0.002360
484, 0.002346, 0.002390, 0.002358
485, 0.002346, 0.002388, 0.002357
486, 0.002351, 0.002395, 0.002362
487, 0.002349, 0.002387, 0.002356
488, 0.002347, 0.002388, 0.002356
489, 0.002346, 0.002395, 0.002362
490, 0.002348, 0.002388, 0.002356
491, 0.002344, 0.002386, 0.002355
492, 0.002346, 0.002390, 0.002358
493, 0.002344, 0.002388, 0.002356
494, 0.002346, 0.002385, 0.002355
495, 0.002345, 0.002393, 0.002361
496, 0.002346, 0.002390, 0.002359
497, 0.002347, 0.002384, 0.002354
498, 0.002346, 0.002391, 0.002359
499, 0.002345, 0.002388, 0.002357
500, 0.002344, 0.002383, 0.002353
501, 0.002342, 0.002392, 0.002361
502, 0.002344, 0.002386, 0.002356
503, 0.002344, 0.002382, 0.002353
504, 0.002343, 0.002387, 0.002356
505, 0.002341, 0.002390, 0.002358
506, 0.002344, 0.002381, 0.002351
507, 0.002347, 0.002391, 0.002359
508, 0.002342, 0.002391, 0.002359
509, 0.002343, 0.002382, 0.002354
510, 0.002343, 0.002390, 0.002358
511, 0.002342, 0.002393, 0.002361
512, 0.002345, 0.002380, 0.002351
513, 0.002346, 0.002393, 0.002361
514, 0.002343, 0.002386, 0.002355
515, 0.002342, 0.002380, 0.002351
516, 0.002342, 0.002390, 0.002358
517, 0.002337, 0.002388, 0.002357
518, 0.002341, 0.002380, 0.002350
519, 0.002342, 0.002394, 0.002361
520, 0.002341, 0.002384, 0.002353
521, 0.002339, 0.002379, 0.002349
522, 0.002340, 0.002394, 0.002360
523, 0.002341, 0.002384, 0.002352
524, 0.002340, 0.002379, 0.002349
525, 0.002338, 0.002391, 0.002358
526, 0.002339, 0.002383, 0.002352
527, 0.002337, 0.002379, 0.002349
528, 0.002339, 0.002392, 0.002360
529, 0.002337, 0.002377, 0.002348
530, 0.002335, 0.002378, 0.002348
531, 0.002335, 0.002398, 0.002366
532, 0.002341, 0.002378, 0.002348
533, 0.002339, 0.002380, 0.002350
534, 0.002335, 0.002388, 0.002357
535, 0.002335, 0.002380, 0.002350
536, 0.002336, 0.002379, 0.002349
537, 0.002335, 0.002385, 0.002353
538, 0.002340, 0.002380, 0.002349
539, 0.002336, 0.002377, 0.002347
540, 0.002334, 0.002386, 0.002354
541, 0.002334, 0.002379, 0.002348
542, 0.002333, 0.002375, 0.002345
543, 0.002337, 0.002383, 0.002351
544, 0.002336, 0.002379, 0.002348
545, 0.002331, 0.002376, 0.002346
546, 0.002331, 0.002380, 0.002350
547, 0.002334, 0.002376, 0.002346
548, 0.002329, 0.002379, 0.002349
549, 0.002332, 0.002382, 0.002350
550, 0.002330, 0.002377, 0.002347
551, 0.002332, 0.002379, 0.002348
552, 0.002328, 0.002373, 0.002344
553, 0.002332, 0.002381, 0.002350
554, 0.002329, 0.002374, 0.002344
555, 0.002334, 0.002380, 0.002348
556, 0.002328, 0.002375, 0.002344
557, 0.002329, 0.002375, 0.002344
558, 0.002330, 0.002378, 0.002347
559, 0.002326, 0.002375, 0.002345
560, 0.002329, 0.002376, 0.002346
561, 0.002330, 0.002378, 0.002347
562, 0.002326, 0.002374, 0.002344
563, 0.002329, 0.002377, 0.002347
564, 0.002330, 0.002370, 0.002341
565, 0.002330, 0.002376, 0.002345
566, 0.002327, 0.002378, 0.002347
567, 0.002326, 0.002372, 0.002342
568, 0.002327, 0.002377, 0.002346
569, 0.002329, 0.002375, 0.002344
570, 0.002324, 0.002368, 0.002338
571, 0.002326, 0.002374, 0.002343
572, 0.002324, 0.002373, 0.002342
573, 0.002322, 0.002372, 0.002341
574, 0.002323, 0.002376, 0.002345
575, 0.002325, 0.002369, 0.002339
576, 0.002326, 0.002375, 0.002344
577, 0.002327, 0.002376, 0.002345
578, 0.002324, 0.002366, 0.002338
579, 0.002328, 0.002376, 0.002345
580, 0.002324, 0.002371, 0.002341
581, 0.002325, 0.002367, 0.002337
582, 0.002323, 0.002372, 0.002342
583, 0.002324, 0.002375, 0.002343
584, 0.002324, 0.002369, 0.002338
585, 0.002322, 0.002370, 0.002339
586, 0.002321, 0.002375, 0.002343
587, 0.002324, 0.002364, 0.002335
588, 0.002324, 0.002376, 0.002344
589, 0.002323, 0.002366, 0.002336
590, 0.002321, 0.002366, 0.002336
591, 0.002320, 0.002376, 0.002344
592, 0.002321, 0.002368, 0.002338
593, 0.002318, 0.002365, 0.002335
594, 0.002318, 0.002374, 0.002343
595, 0.002318, 0.002362, 0.002333
596, 0.002323, 0.002370, 0.002339
597, 0.002318, 0.002370, 0.002339
598, 0.002319, 0.002362, 0.002333
599, 0.002318, 0.002367, 0.002337
600, 0.002317, 0.002373, 0.002342
601, 0.002321, 0.002358, 0.002330
602, 0.002322, 0.002372, 0.002341
603, 0.002321, 0.002367, 0.002336
604, 0.002317, 0.002360, 0.002331
605, 0.002316, 0.002385, 0.002352
606, 0.002321, 0.002360, 0.002330
607, 0.002314, 0.002359, 0.002330
608, 0.002314, 0.002381, 0.002348
609, 0.002319, 0.002358, 0.002329
610, 0.002320, 0.002364, 0.002333
611, 0.002314, 0.002376, 0.002344
612, 0.002317, 0.002355, 0.002327
613, 0.002320, 0.002377, 0.002344
614, 0.002315, 0.002360, 0.002330
615, 0.002312, 0.002356, 0.002327
616, 0.002313, 0.002373, 0.002341
617, 0.002319, 0.002358, 0.002327
618, 0.002311, 0.002357, 0.002327
619, 0.002312, 0.002369, 0.002337
620, 0.002311, 0.002354, 0.002324
621, 0.002311, 0.002358, 0.002328
622, 0.002309, 0.002361, 0.002330
623, 0.002312, 0.002356, 0.002327
624, 0.002313, 0.002361, 0.002331
625, 0.002310, 0.002358, 0.002327
626, 0.002309, 0.002359, 0.002328
627, 0.002305, 0.002355, 0.002325
628, 0.002307, 0.002354, 0.002324
629, 0.002309, 0.002364, 0.002332
630, 0.002306, 0.002357, 0.002326
631, 0.002307, 0.002350, 0.002321
632, 0.002306, 0.002366, 0.002335
633, 0.002311, 0.002349, 0.002320
634, 0.002306, 0.002354, 0.002323
635, 0.002304, 0.002358, 0.002327
636, 0.002306, 0.002344, 0.002316
637, 0.002307, 0.002357, 0.002326
638, 0.002305, 0.002358, 0.002327
639, 0.002305, 0.002346, 0.002318
640, 0.002304, 0.002364, 0.002333
641, 0.002303, 0.002347, 0.002319
642, 0.002301, 0.002344, 0.002315
643, 0.002305, 0.002365, 0.002333
644, 0.002304, 0.002340, 0.002313
645, 0.002307, 0.002354, 0.002324
646, 0.002301, 0.002353, 0.002323
647, 0.002299, 0.002342, 0.002314
648, 0.002302, 0.002355, 0.002324
649, 0.002298, 0.002346, 0.002316
650, 0.002301, 0.002342, 0.002312
651, 0.002298, 0.002346, 0.002315
652, 0.002299, 0.002346, 0.002315
653, 0.002294, 0.002342, 0.002312
654, 0.002294, 0.002346, 0.002315
655, 0.002296, 0.002339, 0.002310
656, 0.002296, 0.002346, 0.002316
657, 0.002293, 0.002339, 0.002310
658, 0.002295, 0.002341, 0.002311
659, 0.002294, 0.002350, 0.002319
660, 0.002294, 0.002333, 0.002305
661, 0.002295, 0.002342, 0.002311
662, 0.002292, 0.002337, 0.002307
663, 0.002291, 0.002338, 0.002308
664, 0.002293, 0.002339, 0.002309
665, 0.002293, 0.002338, 0.002307
666, 0.002290, 0.002337, 0.002307
667, 0.002292, 0.002338, 0.002308
668, 0.002286, 0.002332, 0.002303
669, 0.002285, 0.002336, 0.002306
670, 0.002287, 0.002332, 0.002302
671, 0.002287, 0.002336, 0.002306
672, 0.002285, 0.002329, 0.002300
673, 0.002285, 0.002338, 0.002307
674, 0.002289, 0.002325, 0.002296
675, 0.002285, 0.002329, 0.002300
676, 0.002284, 0.002333, 0.002303
677, 0.002283, 0.002324, 0.002296
678, 0.002284, 0.002341, 0.002310
679, 0.002285, 0.002323, 0.002296
680, 0.002283, 0.002331, 0.002301
681, 0.002282, 0.002328, 0.002298
682, 0.002284, 0.002319, 0.002290
683, 0.002281, 0.002328, 0.002298
684, 0.002280, 0.002317, 0.002289
685, 0.002278, 0.002328, 0.002297
686, 0.002280, 0.002330, 0.002299
687, 0.002275, 0.002313, 0.002286
688, 0.002279, 0.002336, 0.002304
689, 0.002280, 0.002318, 0.002288
690, 0.002275, 0.002311, 0.002283
691, 0.002275, 0.002337, 0.002305
692, 0.002281, 0.002308, 0.002281
693, 0.002277, 0.002328, 0.002298
694, 0.002272, 0.002312, 0.002284
695, 0.002273, 0.002308, 0.002279
696, 0.002268, 0.002325, 0.002294
697, 0.002275, 0.002303, 0.002276
698, 0.002270, 0.002327, 0.002295
699, 0.002270, 0.002309, 0.002279
700, 0.002267, 0.002306, 0.002276
701, 0.002268, 0.002318, 0.002286
702, 0.002265, 0.002299, 0.002271
703, 0.002265, 0.002319, 0.002288
704, 0.002266, 0.002301, 0.002272
705, 0.002261, 0.002300, 0.002271
706, 0.002265, 0.002315, 0.002284
707, 0.002264, 0.002293, 0.002266
708, 0.002260, 0.002307, 0.002276
709, 0.002258, 0.002300, 0.002270
710, 0.002256, 0.002289, 0.002261
711, 0.002260, 0.002321, 0.002289
712, 0.002263, 0.002287, 0.002260
713, 0.002255, 0.002296, 0.002266
714, 0.002254, 0.002296, 0.002267
715, 0.002249, 0.002286, 0.002257
716, 0.002249, 0.002292, 0.002262
717, 0.002248, 0.002291, 0.002261
718, 0.002249, 0.002282, 0.002253
719, 0.002250, 0.002290, 0.002260
720, 0.002245, 0.002287, 0.002257
721, 0.002246, 0.002280, 0.002251
722, 0.002242, 0.002283, 0.002254
723, 0.002240, 0.002279, 0.002251
724, 0.002244, 0.002274, 0.002246
725, 0.002239, 0.002273, 0.002245
726, 0.002239, 0.002285, 0.002255
727, 0.002237, 0.002267, 0.002240
728, 0.002238, 0.002280, 0.002250
729, 0.002236, 0.002269, 0.002241
730, 0.002237, 0.002264, 0.002236
731, 0.002230, 0.002277, 0.002246
732, 0.002236, 0.002260, 0.002232
733, 0.002232, 0.002268, 0.002238
734, 0.002227, 0.002269, 0.002239
735, 0.002226, 0.002254, 0.002226
736, 0.002230, 0.002272, 0.002242
737, 0.002228, 0.002250, 0.002223
738, 0.002223, 0.002254, 0.002225
739, 0.002218, 0.002261, 0.002232
740, 0.002221, 0.002245, 0.002218
741, 0.002221, 0.002260, 0.002230
742, 0.002219, 0.002244, 0.002216
743, 0.002216, 0.002244, 0.002215
744, 0.002215, 0.002252, 0.002223
745, 0.002216, 0.002234, 0.002207
746, 0.002214, 0.002256, 0.002225
747, 0.002213, 0.002234, 0.002206
748, 0.002206, 0.002234, 0.002205
749, 0.002205, 0.002238, 0.002209
750, 0.002202, 0.002227, 0.002199
751, 0.002200, 0.002231, 0.002202
752, 0.002199, 0.002231, 0.002201
753, 0.002198, 0.002220, 0.002192
754, 0.002197, 0.002229, 0.002200
755, 0.002193, 0.002220, 0.002192
756, 0.002192, 0.002214, 0.002187
757, 0.002190, 0.002225, 0.002196
758, 0.002196, 0.002206, 0.002180
759, 0.002189, 0.002224, 0.002195
760, 0.002189, 0.002203, 0.002175
761, 0.002184, 0.002213, 0.002183
762, 0.002182, 0.002208, 0.002178
763, 0.002180, 0.002193, 0.002167
764, 0.002184, 0.002234, 0.002201
765, 0.002188, 0.002187, 0.002162
766, 0.002178, 0.002193, 0.002164
767, 0.002172, 0.002209, 0.002179
768, 0.002173, 0.002180, 0.002154
769, 0.002173, 0.002208, 0.002178
770, 0.002170, 0.002174, 0.002149
771, 0.002163, 0.002188, 0.002159
772, 0.002159, 0.002178, 0.002150
773, 0.002155, 0.002169, 0.002141
774, 0.002157, 0.002179, 0.002149
775, 0.002153, 0.002162, 0.002134
776, 0.002152, 0.002169, 0.002139
777, 0.002149, 0.002157, 0.002129
778, 0.002142, 0.002164, 0.002135
779, 0.002144, 0.002153, 0.002125
780, 0.002137, 0.002151, 0.002123
781, 0.002139, 0.002151, 0.002123
782, 0.002135, 0.002143, 0.002115
783, 0.002132, 0.002144, 0.002116
784, 0.002126, 0.002139, 0.002110
785, 0.002125, 0.002135, 0.002107
786, 0.002121, 0.002128, 0.002100
787, 0.002116, 0.002126, 0.002098
788, 0.002112, 0.002134, 0.002104
789, 0.002115, 0.002115, 0.002087
790, 0.002113, 0.002118, 0.002089
791, 0.002109, 0.002124, 0.002094
792, 0.002107, 0.002104, 0.002079
793, 0.002112, 0.002154, 0.002123
794, 0.002117, 0.002096, 0.002071
795, 0.002106, 0.002111, 0.002081
796, 0.002097, 0.002097, 0.002068
797, 0.002086, 0.002085, 0.002058
798, 0.002085, 0.002094, 0.002064
799, 0.002082, 0.002079, 0.002051
800, 0.002078, 0.002081, 0.002052
801, 0.002077, 0.002069, 0.002042
802, 0.002073, 0.002073, 0.002044
803, 0.002065, 0.002062, 0.002035
804, 0.002063, 0.002056, 0.002029
805, 0.002061, 0.002064, 0.002035
806, 0.002055, 0.002050, 0.002023
807, 0.002054, 0.002055, 0.002026
808, 0.002050, 0.002038, 0.002010
809, 0.002045, 0.002042, 0.002013
810, 0.002041, 0.002030, 0.002002
811, 0.002035, 0.002031, 0.002004
812, 0.002036, 0.002025, 0.001997
813, 0.002026, 0.002015, 0.001989
814, 0.002030, 0.002033, 0.002003
815, 0.002027, 0.002002, 0.001977
816, 0.002028, 0.002026, 0.001996
817, 0.002020, 0.001992, 0.001966
818, 0.002009, 0.001996, 0.001968
819, 0.002002, 0.001991, 0.001962
820, 0.002001, 0.001977, 0.001951
821, 0.001994, 0.001996, 0.001966
822, 0.001995, 0.001966, 0.001941
823, 0.001993, 0.001989, 0.001958
824, 0.001986, 0.001957, 0.001930
825, 0.001976, 0.001952, 0.001925
826, 0.001969, 0.001966, 0.001936
827, 0.001970, 0.001940, 0.001914
828, 0.001972, 0.001977, 0.001947
829, 0.001973, 0.001933, 0.001910
830, 0.001966, 0.001946, 0.001916
831, 0.001952, 0.001922, 0.001894
832, 0.001946, 0.001910, 0.001885
833, 0.001944, 0.001950, 0.001920
834, 0.001953, 0.001903, 0.001879
835, 0.001947, 0.001931, 0.001900
836, 0.001936, 0.001887, 0.001863
837, 0.001927, 0.001893, 0.001866
838, 0.001911, 0.001881, 0.001853
839, 0.001905, 0.001867, 0.001842
840, 0.001903, 0.001887, 0.001858
841, 0.001902, 0.001852, 0.001828
842, 0.001901, 0.001872, 0.001843
843, 0.001893, 0.001841, 0.001815
844, 0.001883, 0.001846, 0.001818
845, 0.001874, 0.001833, 0.001807
846, 0.001868, 0.001824, 0.001797
847, 0.001864, 0.001816, 0.001790
848, 0.001857, 0.001811, 0.001785
849, 0.001849, 0.001811, 0.001783
850, 0.001844, 0.001794, 0.001768
851, 0.001836, 0.001792, 0.001765
852, 0.001833, 0.001785, 0.001758
853, 0.001826, 0.001775, 0.001748
854, 0.001820, 0.001775, 0.001748
855, 0.001814, 0.001758, 0.001733
856, 0.001811, 0.001757, 0.001730
857, 0.001800, 0.001748, 0.001721
858, 0.001793, 0.001739, 0.001713
859, 0.001793, 0.001737, 0.001710
860, 0.001787, 0.001722, 0.001696
861, 0.001776, 0.001725, 0.001698
862, 0.001772, 0.001707, 0.001682
863, 0.001765, 0.001703, 0.001677
864, 0.001759, 0.001694, 0.001668
865, 0.001752, 0.001687, 0.001661
866, 0.001745, 0.001681, 0.001655
867, 0.001736, 0.001674, 0.001647
868, 0.001733, 0.001664, 0.001639
869, 0.001725, 0.001654, 0.001629
870, 0.001721, 0.001651, 0.001625
871, 0.001711, 0.001640, 0.001615
872, 0.001705, 0.001635, 0.001608
873, 0.001699, 0.001619, 0.001594
874, 0.001694, 0.001632, 0.001606
875, 0.001688, 0.001605, 0.001581
876, 0.001685, 0.001628, 0.001599
877, 0.001677, 0.001588, 0.001566
878, 0.001669, 0.001590, 0.001564
879, 0.001657, 0.001577, 0.001550
880, 0.001650, 0.001564, 0.001541
881, 0.001645, 0.001579, 0.001552
882, 0.001640, 0.001546, 0.001523
883, 0.001639, 0.001561, 0.001534
884, 0.001624, 0.001531, 0.001508
885, 0.001616, 0.001524, 0.001498
886, 0.001609, 0.001527, 0.001500
887, 0.001601, 0.001503, 0.001481
888, 0.001597, 0.001524, 0.001496
889, 0.001591, 0.001492, 0.001471
890, 0.001587, 0.001508, 0.001482
891, 0.001576, 0.001467, 0.001445
892, 0.001565, 0.001476, 0.001450
893, 0.001557, 0.001455, 0.001432
894, 0.001550, 0.001446, 0.001423
895, 0.001540, 0.001456, 0.001429
896, 0.001541, 0.001426, 0.001407
897, 0.001536, 0.001456, 0.001430
898, 0.001527, 0.001415, 0.001395
899, 0.001524, 0.001438, 0.001412
900, 0.001517, 0.001397, 0.001376
901, 0.001501, 0.001399, 0.001373
902, 0.001490, 0.001375, 0.001352
903, 0.001478, 0.001372, 0.001350
904, 0.001470, 0.001363, 0.001339
905, 0.001466, 0.001350, 0.001328
906, 0.001460, 0.001354, 0.001331
907, 0.001449, 0.001328, 0.001307
908, 0.001446, 0.001341, 0.001317
909, 0.001436, 0.001314, 0.001293
910, 0.001429, 0.001312, 0.001289
911, 0.001415, 0.001312, 0.001289
912, 0.001411, 0.001285, 0.001267
913, 0.001410, 0.001321, 0.001296
914, 0.001413, 0.001285, 0.001270
915, 0.001418, 0.001357, 0.001330
916, 0.001429, 0.001279, 0.001265
917, 0.001418, 0.001328, 0.001302
918, 0.001407, 0.001246, 0.001229
919, 0.001384, 0.001270, 0.001247
920, 0.001361, 0.001217, 0.001197
921, 0.001346, 0.001210, 0.001190
922, 0.001334, 0.001244, 0.001223
923, 0.001344, 0.001206, 0.001189
924, 0.001351, 0.001250, 0.001226
925, 0.001340, 0.001177, 0.001159
926, 0.001310, 0.001171, 0.001151
927, 0.001293, 0.001187, 0.001164
928, 0.001293, 0.001153, 0.001136
929, 0.001293, 0.001170, 0.001146
930, 0.001277, 0.001135, 0.001117
931, 0.001263, 0.001132, 0.001113
932, 0.001259, 0.001135, 0.001115
933, 0.001247, 0.001109, 0.001092
934, 0.001242, 0.001115, 0.001096
935, 0.001233, 0.001103, 0.001085
936, 0.001227, 0.001089, 0.001070
937, 0.001220, 0.001108, 0.001088
938, 0.001216, 0.001070, 0.001054
939, 0.001212, 0.001092, 0.001072
940, 0.001201, 0.001058, 0.001044
941, 0.001192, 0.001045, 0.001027
942, 0.001178, 0.001064, 0.001045
943, 0.001180, 0.001035, 0.001022
944, 0.001179, 0.001060, 0.001035
945, 0.001168, 0.001019, 0.001005
946, 0.001152, 0.001004, 0.000985
947, 0.001142, 0.001020, 0.001001
948, 0.001141, 0.001001, 0.000990
949, 0.001147, 0.001037, 0.001013
950, 0.001151, 0.000984, 0.000973
951, 0.001130, 0.000977, 0.000956
952, 0.001106, 0.000958, 0.000939
953, 0.001098, 0.000956, 0.000942
954, 0.001098, 0.000976, 0.000954
955, 0.001097, 0.000938, 0.000923
956, 0.001087, 0.000945, 0.000928
957, 0.001071, 0.000931, 0.000908
958, 0.001066, 0.000928, 0.000916
959, 0.001070, 0.000947, 0.000924
960, 0.001064, 0.000899, 0.000883
961, 0.001049, 0.000905, 0.000888
962, 0.001030, 0.000894, 0.000872
963, 0.001025, 0.000886, 0.000872
964, 0.001028, 0.000895, 0.000871
965, 0.001023, 0.000863, 0.000846
966, 0.001005, 0.000856, 0.000837
967, 0.000994, 0.000857, 0.000836
968, 0.000990, 0.000862, 0.000849
969, 0.000993, 0.000853, 0.000828
970, 0.000994, 0.000866, 0.000852
971, 0.000987, 0.000824, 0.000803
972, 0.000979, 0.000880, 0.000863
973, 0.000985, 0.000811, 0.000791
974, 0.000984, 0.000875, 0.000860
975, 0.000981, 0.000805, 0.000781
976, 0.000967, 0.000820, 0.000810
977, 0.000952, 0.000808, 0.000783
978, 0.000948, 0.000781, 0.000769
979, 0.000937, 0.000791, 0.000775
980, 0.000924, 0.000766, 0.000746
981, 0.000924, 0.000798, 0.000792
982, 0.000936, 0.000797, 0.000772
983, 0.000938, 0.000782, 0.000775
984, 0.000926, 0.000785, 0.000767
985, 0.000937, 0.000814, 0.000796
986, 0.000938, 0.000759, 0.000746
987, 0.000935, 0.000786, 0.000766
988, 0.000904, 0.000702, 0.000689
989, 0.000882, 0.000721, 0.000707
990, 0.000877, 0.000734, 0.000718
991, 0.000881, 0.000702, 0.000690
992, 0.000883, 0.000741, 0.000726
993, 0.000871, 0.000672, 0.000656
994, 0.000850, 0.000685, 0.000676
995, 0.000838, 0.000703, 0.000685
996, 0.000848, 0.000665, 0.000653
997, 0.000842, 0.000688, 0.000677
998, 0.000832, 0.000672, 0.000651
999, 0.000834, 0.000681, 0.000679
1000, 0.000846, 0.000698, 0.000677
1001, 0.000841, 0.000656, 0.000648
1002, 0.000825, 0.000646, 0.000633
1003, 0.000811, 0.000649, 0.000634
1004, 0.000804, 0.000623, 0.000614
1005, 0.000802, 0.000640, 0.000624
1006, 0.000796, 0.000633, 0.000622
1007, 0.000795, 0.000612, 0.000600
1008, 0.000798, 0.000647, 0.000632
1009, 0.000790, 0.000588, 0.000577
1010, 0.000768, 0.000589, 0.000577
1011, 0.000761, 0.000624, 0.000612
1012, 0.000773, 0.000585, 0.000573
1013, 0.000770, 0.000596, 0.000586
1014, 0.000761, 0.000586, 0.000571
1015, 0.000751, 0.000572, 0.000566
1016, 0.000753, 0.000592, 0.000578
1017, 0.000744, 0.000555, 0.000543
1018, 0.000733, 0.000552, 0.000545
1019, 0.000735, 0.000580, 0.000567
1020, 0.000738, 0.000543, 0.000534
1021, 0.000734, 0.000551, 0.000542
1022, 0.000726, 0.000547, 0.000536
1023, 0.000718, 0.000530, 0.000520
1024, 0.000717, 0.000543, 0.000534
1025, 0.000717, 0.000530, 0.000517
1026, 0.000709, 0.000521, 0.000512
1027, 0.000705, 0.000535, 0.000526
1028, 0.000705, 0.000512, 0.000501
1029, 0.000699, 0.000512, 0.000503
1030, 0.000695, 0.000525, 0.000517
1031, 0.000698, 0.000507, 0.000496
1032, 0.000697, 0.000521, 0.000514
1033, 0.000696, 0.000506, 0.000495
1034, 0.000691, 0.000505, 0.000498
1035, 0.000690, 0.000506, 0.000495
1036, 0.000686, 0.000493, 0.000485
1037, 0.000679, 0.000486, 0.000476
1038, 0.000673, 0.000484, 0.000477
1039, 0.000673, 0.000483, 0.000474
1040, 0.000670, 0.000482, 0.000473
1041, 0.000663, 0.000479, 0.000475
1042, 0.000669, 0.000488, 0.000476
1043, 0.000671, 0.000470, 0.000466
1044, 0.000662, 0.000469, 0.000462
1045, 0.000655, 0.000471, 0.000461
1046, 0.000656, 0.000463, 0.000457
1047, 0.000656, 0.000464, 0.000455
1048, 0.000652, 0.000463, 0.000455
1049, 0.000645, 0.000449, 0.000442
1050, 0.000646, 0.000458, 0.000447
1051, 0.000648, 0.000460, 0.000454
1052, 0.000645, 0.000444, 0.000436
1053, 0.000641, 0.000453, 0.000444
1054, 0.000636, 0.000441, 0.000435
1055, 0.000635, 0.000442, 0.000434
1056, 0.000633, 0.000448, 0.000442
1057, 0.000637, 0.000435, 0.000426
1058, 0.000634, 0.000438, 0.000431
1059, 0.000626, 0.000437, 0.000429
1060, 0.000623, 0.000429, 0.000421
1061, 0.000626, 0.000432, 0.000427
1062, 0.000626, 0.000433, 0.000422
1063, 0.000621, 0.000421, 0.000416
1064, 0.000619, 0.000421, 0.000413
1065, 0.000613, 0.000423, 0.000414
1066, 0.000614, 0.000412, 0.000407
1067, 0.000617, 0.000432, 0.000422
1068, 0.000613, 0.000409, 0.000403
1069, 0.000608, 0.000408, 0.000403
1070, 0.000606, 0.000425, 0.000416
1071, 0.000608, 0.000405, 0.000400
1072, 0.000612, 0.000420, 0.000413
1073, 0.000607, 0.000407, 0.000402
1074, 0.000600, 0.000397, 0.000390
1075, 0.000601, 0.000408, 0.000400
1076, 0.000598, 0.000397, 0.000390
1077, 0.000594, 0.000400, 0.000392
1078, 0.000593, 0.000396, 0.000389
1079, 0.000594, 0.000400, 0.000393
1080, 0.000591, 0.000390, 0.000384
1081, 0.000593, 0.000401, 0.000398
1082, 0.000592, 0.000390, 0.000383
1083, 0.000588, 0.000384, 0.000378
1084, 0.000587, 0.000392, 0.000387
1085, 0.000586, 0.000383, 0.000375
1086, 0.000585, 0.000386, 0.000380
1087, 0.000586, 0.000392, 0.000385
1088, 0.000588, 0.000375, 0.000369
1089, 0.000586, 0.000401, 0.000394
1090, 0.000581, 0.000375, 0.000370
1091, 0.000578, 0.000378, 0.000372
1092, 0.000579, 0.000388, 0.000381
1093, 0.000580, 0.000370, 0.000366
1094, 0.000576, 0.000394, 0.000385
1095, 0.000578, 0.000368, 0.000363
1096, 0.000577, 0.000370, 0.000363
1097, 0.000569, 0.000383, 0.000375
1098, 0.000571, 0.000366, 0.000363
1099, 0.000578, 0.000384, 0.000377
1100, 0.000572, 0.000365, 0.000361
1101, 0.000568, 0.000361, 0.000358
1102, 0.000568, 0.000387, 0.000381
1103, 0.000572, 0.000354, 0.000350
1104, 0.000574, 0.000392, 0.000385
1105, 0.000576, 0.000360, 0.000355
1106, 0.000567, 0.000366, 0.000359
1107, 0.000562, 0.000365, 0.000361
1108, 0.000563, 0.000354, 0.000349
1109, 0.000560, 0.000362, 0.000355
1110, 0.000558, 0.000364, 0.000361
1111, 0.000559, 0.000356, 0.000350
1112, 0.000558, 0.000352, 0.000347
1113, 0.000553, 0.000354, 0.000351
1114, 0.000554, 0.000357, 0.000350
1115, 0.000555, 0.000347, 0.000343
1116, 0.000552, 0.000360, 0.000354
1117, 0.000551, 0.000341, 0.000334
1118, 0.000554, 0.000361, 0.000355
1119, 0.000552, 0.000343, 0.000338
1120, 0.000548, 0.000348, 0.000341
1121, 0.000550, 0.000347, 0.000344
1122, 0.000553, 0.000344, 0.000338
1123, 0.000550, 0.000351, 0.000346
1124, 0.000545, 0.000341, 0.000338
1125, 0.000549, 0.000356, 0.000348
1126, 0.000551, 0.000342, 0.000340
1127, 0.000547, 0.000347, 0.000342
1128, 0.000538, 0.000336, 0.000329
1129, 0.000547, 0.000349, 0.000346
1130, 0.000547, 0.000346, 0.000340
1131, 0.000541, 0.000329, 0.000325
1132, 0.000542, 0.000363, 0.000358
1133, 0.000544, 0.000326, 0.000321
1134, 0.000543, 0.000341, 0.000336
1135, 0.000538, 0.000337, 0.000333
1136, 0.000534, 0.000327, 0.000322
1137, 0.000538, 0.000343, 0.000338
1138, 0.000535, 0.000334, 0.000330
1139, 0.000534, 0.000326, 0.000320
1140, 0.000536, 0.000355, 0.000352
1141, 0.000543, 0.000320, 0.000315
1142, 0.000538, 0.000328, 0.000323
1143, 0.000530, 0.000348, 0.000344
1144, 0.000536, 0.000318, 0.000314
1145, 0.000539, 0.000351, 0.000345
1146, 0.000535, 0.000325, 0.000323
1147, 0.000536, 0.000336, 0.000330
1148, 0.000536, 0.000333, 0.000331
1149, 0.000534, 0.000323, 0.000319
1150, 0.000528, 0.000326, 0.000321
1151, 0.000526, 0.000331, 0.000326
1152, 0.000528, 0.000321, 0.000316
1153, 0.000529, 0.000339, 0.000331
1154, 0.000529, 0.000318, 0.000313
1155, 0.000528, 0.000328, 0.000322
1156, 0.000526, 0.000325, 0.000320
1157, 0.000525, 0.000314, 0.000310
1158, 0.000525, 0.000335, 0.000330
1159, 0.000525, 0.000316, 0.000313
1160, 0.000526, 0.000330, 0.000325
1161, 0.000525, 0.000318, 0.000314
1162, 0.000523, 0.000317, 0.000313
1163, 0.000524, 0.000333, 0.000328
1164, 0.000526, 0.000314, 0.000312
1165, 0.000526, 0.000327, 0.000322
1166, 0.000525, 0.000320, 0.000316
1167, 0.000517, 0.000314, 0.000311
1168, 0.000525, 0.000335, 0.000329
1169, 0.000525, 0.000308, 0.000306
1170, 0.000524, 0.000339, 0.000334
1171, 0.000522, 0.000310, 0.000306
1172, 0.000520, 0.000313, 0.000308
1173, 0.000516, 0.000339, 0.000334
1174, 0.000521, 0.000305, 0.000301
1175, 0.000531, 0.000362, 0.000356
1176, 0.000530, 0.000304, 0.000301
1177, 0.000522, 0.000325, 0.000320
1178, 0.000518, 0.000324, 0.000321
1179, 0.000517, 0.000305, 0.000301
1180, 0.000516, 0.000333, 0.000327
1181, 0.000520, 0.000305, 0.000303
1182, 0.000520, 0.000328, 0.000323
1183, 0.000521, 0.000312, 0.000310
1184, 0.000519, 0.000309, 0.000305
1185, 0.000518, 0.000320, 0.000316
1186, 0.000515, 0.000308, 0.000306
1187, 0.000514, 0.000319, 0.000315
1188, 0.000514, 0.000311, 0.000307
1189, 0.000513, 0.000316, 0.000313
1190, 0.000511, 0.000307, 0.000302
1191, 0.000514, 0.000312, 0.000308
1192, 0.000511, 0.000318, 0.000315
1193, 0.000510, 0.000306, 0.000301
1194, 0.000517, 0.000323, 0.000319
1195, 0.000514, 0.000305, 0.000302
1196, 0.000508, 0.000315, 0.000309
1197, 0.000512, 0.000318, 0.000316
1198, 0.000517, 0.000309, 0.000305
1199, 0.000511, 0.000313, 0.000309
1200, 0.000505, 0.000311, 0.000310
1201, 0.000516, 0.000320, 0.000315
1202, 0.000513, 0.000301, 0.000299
1203, 0.000508, 0.000327, 0.000323
1204, 0.000514, 0.000299, 0.000294
1205, 0.000518, 0.000327, 0.000324
1206, 0.000511, 0.000300, 0.000295
1207, 0.000506, 0.000304, 0.000300
1208, 0.000506, 0.000317, 0.000313
1209, 0.000507, 0.000297, 0.000293
1210, 0.000508, 0.000309, 0.000305
1211, 0.000506, 0.000306, 0.000304
1212, 0.000504, 0.000299, 0.000295
1213, 0.000507, 0.000317, 0.000314
1214, 0.000507, 0.000297, 0.000296
1215, 0.000507, 0.000324, 0.000318
1216, 0.000509, 0.000305, 0.000303
1217, 0.000507, 0.000314, 0.000309
1218, 0.000506, 0.000299, 0.000294
1219, 0.000505, 0.000313, 0.000310
1220, 0.000508, 0.000314, 0.000310
1221, 0.000503, 0.000298, 0.000293
1222, 0.000505, 0.000316, 0.000313
1223, 0.000507, 0.000300, 0.000297
1224, 0.000504, 0.000303, 0.000298
1225, 0.000502, 0.000305, 0.000303
1226, 0.000503, 0.000301, 0.000297
1227, 0.000501, 0.000297, 0.000293
1228, 0.000500, 0.000317, 0.000315
1229, 0.000505, 0.000298, 0.000293
1230, 0.000505, 0.000296, 0.000292
1231, 0.000499, 0.000318, 0.000316
1232, 0.000502, 0.000290, 0.000287
1233, 0.000503, 0.000315, 0.000311
1234, 0.000501, 0.000298, 0.000296
1235, 0.000502, 0.000304, 0.000298
1236, 0.000503, 0.000308, 0.000306
1237, 0.000501, 0.000298, 0.000295
1238, 0.000498, 0.000311, 0.000303
1239, 0.000506, 0.000306, 0.000307
1240, 0.000511, 0.000331, 0.000325
1241, 0.000510, 0.000285, 0.000283
1242, 0.000510, 0.000354, 0.000351
1243, 0.000520, 0.000290, 0.000285
1244, 0.000512, 0.000309, 0.000306
1245, 0.000499, 0.000305, 0.000303
1246, 0.000498, 0.000300, 0.000293
1247, 0.000507, 0.000315, 0.000312
1248, 0.000501, 0.000291, 0.000288
1249, 0.000497, 0.000315, 0.000308
1250, 0.000506, 0.000304, 0.000304
1251, 0.000508, 0.000309, 0.000304
1252, 0.000498, 0.000290, 0.000286
1253, 0.000499, 0.000321, 0.000320
1254, 0.000508, 0.000298, 0.000292
1255, 0.000500, 0.000292, 0.000289
1256, 0.000497, 0.000314, 0.000311
1257, 0.000498, 0.000288, 0.000284
1258, 0.000498, 0.000302, 0.000299
1259, 0.000493, 0.000307, 0.000303
1260, 0.000495, 0.000285, 0.000281
1261, 0.000497, 0.000313, 0.000309
1262, 0.000496, 0.000294, 0.000292
1263, 0.000496, 0.000296, 0.000291
1264, 0.000494, 0.000306, 0.000303
1265, 0.000495, 0.000291, 0.000289
1266, 0.000495, 0.000307, 0.000301
1267, 0.000496, 0.000293, 0.000290
1268, 0.000494, 0.000302, 0.000299
1269, 0.000496, 0.000294, 0.000289
1270, 0.000492, 0.000293, 0.000290
1271, 0.000492, 0.000304, 0.000300
1272, 0.000494, 0.000285, 0.000280
1273, 0.000492, 0.000312, 0.000309
1274, 0.000493, 0.000288, 0.000286
1275, 0.000492, 0.000305, 0.000301
1276, 0.000494, 0.000295, 0.000293
1277, 0.000496, 0.000297, 0.000294
1278, 0.000493, 0.000294, 0.000290
1279, 0.000493, 0.000295, 0.000293
1280, 0.000492, 0.000305, 0.000300
1281, 0.000491, 0.000284, 0.000281
1282, 0.000493, 0.000308, 0.000304
1283, 0.000493, 0.000287, 0.000283
1284, 0.000489, 0.000288, 0.000285
1285, 0.000489, 0.000304, 0.000301
1286, 0.000491, 0.000280, 0.000277
1287, 0.000490, 0.000310, 0.000306
1288, 0.000492, 0.000289, 0.000287
1289, 0.000495, 0.000301, 0.000295
1290, 0.000491, 0.000291, 0.000288
1291, 0.000489, 0.000295, 0.000293
1292, 0.000487, 0.000297, 0.000293
1293, 0.000491, 0.000281, 0.000279
1294, 0.000492, 0.000313, 0.000309
1295, 0.000492, 0.000278, 0.000275
1296, 0.000492, 0.000316, 0.000312
1297, 0.000491, 0.000289, 0.000286
1298, 0.000488, 0.000291, 0.000286
1299, 0.000487, 0.000303, 0.000299
1300, 0.000488, 0.000286, 0.000282
1301, 0.000484, 0.000295, 0.000290
1302, 0.000486, 0.000296, 0.000293
1303, 0.000486, 0.000282, 0.000278
1304, 0.000489, 0.000300, 0.000296
1305, 0.000486, 0.000286, 0.000283
1306, 0.000488, 0.000296, 0.000292
1307, 0.000485, 0.000288, 0.000285
1308, 0.000486, 0.000288, 0.000286
1309, 0.000486, 0.000299, 0.000295
1310, 0.000485, 0.000286, 0.000283
1311, 0.000488, 0.000294, 0.000291
1312, 0.000483, 0.000286, 0.000283
1313, 0.000484, 0.000292, 0.000288
1314, 0.000485, 0.000297, 0.000293
1315, 0.000485, 0.000285, 0.000281
1316, 0.000482, 0.000301, 0.000297
1317, 0.000486, 0.000282, 0.000279
1318, 0.000486, 0.000307, 0.000302
1319, 0.000488, 0.000282, 0.000281
1320, 0.000492, 0.000324, 0.000319
1321, 0.000492, 0.000280, 0.000279
1322, 0.000494, 0.000323, 0.000319
1323, 0.000491, 0.000276, 0.000274
1324, 0.000485, 0.000299, 0.000295
1325, 0.000483, 0.000287, 0.000284
1326, 0.000484, 0.000290, 0.000285
1327, 0.000481, 0.000287, 0.000284
1328, 0.000485, 0.000292, 0.000289
1329, 0.000481, 0.000292, 0.000288
1330, 0.000481, 0.000286, 0.000283
1331, 0.000481, 0.000300, 0.000296
1332, 0.000484, 0.000281, 0.000278
1333, 0.000481, 0.000303, 0.000299
1334, 0.000483, 0.000281, 0.000278
1335, 0.000482, 0.000298, 0.000293
1336, 0.000481, 0.000283, 0.000280
1337, 0.000482, 0.000293, 0.000290
1338, 0.000483, 0.000285, 0.000282
1339, 0.000480, 0.000290, 0.000286
1340, 0.000481, 0.000290, 0.000287
1341, 0.000480, 0.000280, 0.000275
1342, 0.000484, 0.000302, 0.000297
1343, 0.000481, 0.000282, 0.000279
1344, 0.000482, 0.000293, 0.000288
1345, 0.000481, 0.000283, 0.000281
1346, 0.000480, 0.000291, 0.000289
1347, 0.000480, 0.000283, 0.000279
1348, 0.000479, 0.000293, 0.000290
1349, 0.000481, 0.000283, 0.000279
1350, 0.000479, 0.000293, 0.000288
1351, 0.000479, 0.000287, 0.000284
1352, 0.000479, 0.000286, 0.000283
1353, 0.000479, 0.000300, 0.000295
1354, 0.000483, 0.000276, 0.000275
1355, 0.000483, 0.000326, 0.000321
1356, 0.000489, 0.000273, 0.000271
1357, 0.000490, 0.000328, 0.000324
1358, 0.000490, 0.000271, 0.000269
1359, 0.000485, 0.000311, 0.000307
1360, 0.000482, 0.000280, 0.000278
1361, 0.000479, 0.000278, 0.000274
1362, 0.000479, 0.000312, 0.000307
1363, 0.000482, 0.000270, 0.000268
1364, 0.000488, 0.000333, 0.000327
1365, 0.000493, 0.000274, 0.000273
1366, 0.000491, 0.000324, 0.000318
1367, 0.000489, 0.000272, 0.000270
1368, 0.000484, 0.000298, 0.000296
1369, 0.000481, 0.000286, 0.000282
1370, 0.000479, 0.000275, 0.000273
1371, 0.000476, 0.000306, 0.000302
1372, 0.000480, 0.000275, 0.000271
1373, 0.000478, 0.000295, 0.000290
1374, 0.000478, 0.000283, 0.000279
1375, 0.000477, 0.000282, 0.000278
1376, 0.000475, 0.000291, 0.000287
1377, 0.000476, 0.000275, 0.000272
1378, 0.000478, 0.000298, 0.000293
1379, 0.000478, 0.000277, 0.000274
1380, 0.000476, 0.000281, 0.000278
1381, 0.000474, 0.000289, 0.000285
1382, 0.000475, 0.000278, 0.000274
1383, 0.000475, 0.000295, 0.000290
1384, 0.000477, 0.000275, 0.000272
1385, 0.000477, 0.000286, 0.000282
1386, 0.000474, 0.000282, 0.000279
1387, 0.000476, 0.000279, 0.000275
1388, 0.000475, 0.000299, 0.000294
1389, 0.000476, 0.000274, 0.000271
1390, 0.000476, 0.000304, 0.000299
1391, 0.000476, 0.000274, 0.000270
1392, 0.000476, 0.000294, 0.000290
1393, 0.000473, 0.000275, 0.000271
1394, 0.000472, 0.000287, 0.000283
1395, 0.000473, 0.000287, 0.000283
1396, 0.000471, 0.000278, 0.000275
1397, 0.000474, 0.000291, 0.000287
1398, 0.000472, 0.000277, 0.000273
1399, 0.000474, 0.000292, 0.000288
1400, 0.000473, 0.000279, 0.000275
1401, 0.000470, 0.000280, 0.000275
1402, 0.000472, 0.000294, 0.000290
1403, 0.000473, 0.000274, 0.000271
1404, 0.000472, 0.000299, 0.000294
1405, 0.000475, 0.000273, 0.000271
1406, 0.000473, 0.000291, 0.000287
1407, 0.000471, 0.000281, 0.000277
1408, 0.000469, 0.000281, 0.000279
1409, 0.000473, 0.000304, 0.000298
1410, 0.000477, 0.000268, 0.000265
1411, 0.000476, 0.000324, 0.000320
1412, 0.000480, 0.000267, 0.000263
1413, 0.000480, 0.000298, 0.000293
1414, 0.000470, 0.000281, 0.000278
1415, 0.000473, 0.000272, 0.000267
1416, 0.000473, 0.000307, 0.000302
1417, 0.000475, 0.000268, 0.000266
1418, 0.000477, 0.000316, 0.000309
1419, 0.000481, 0.000273, 0.000271
1420, 0.000477, 0.000296, 0.000291
1421, 0.000469, 0.000282, 0.000276
1422, 0.000471, 0.000275, 0.000272
1423, 0.000472, 0.000305, 0.000299
1424, 0.000474, 0.000266, 0.000262
1425, 0.000475, 0.000303, 0.000299
1426, 0.000473, 0.000274, 0.000270
1427, 0.000466, 0.000276, 0.000271
1428, 0.000468, 0.000300, 0.000296
1429, 0.000471, 0.000266, 0.000262
1430, 0.000475, 0.000316, 0.000310
1431, 0.000477, 0.000269, 0.000267
1432, 0.000476, 0.000295, 0.000290
1433, 0.000472, 0.000281, 0.000276
1434, 0.000468, 0.000272, 0.000270
1435, 0.000472, 0.000312, 0.000306
1436, 0.000474, 0.000264, 0.000261
1437, 0.000481, 0.000327, 0.000322
1438, 0.000480, 0.000264, 0.000261
1439, 0.000474, 0.000286, 0.000281
1440, 0.000469, 0.000293, 0.000288
1441, 0.000468, 0.000264, 0.000261
1442, 0.000474, 0.000316, 0.000311
1443, 0.000477, 0.000265, 0.000263
1444, 0.000477, 0.000294, 0.000289
1445, 0.000468, 0.000275, 0.000271
1446, 0.000464, 0.000267, 0.000264
1447, 0.000470, 0.000314, 0.000308
1448, 0.000474, 0.000264, 0.000261
1449, 0.000476, 0.000301, 0.000297
1450, 0.000468, 0.000276, 0.000273
1451, 0.000467, 0.000267, 0.000263
1452, 0.000469, 0.000320, 0.000315
1453, 0.000477, 0.000264, 0.000261
1454, 0.000476, 0.000302, 0.000295
1455, 0.000470, 0.000275, 0.000273
1456, 0.000467, 0.000267, 0.000263
1457, 0.000465, 0.000294, 0.000288
1458, 0.000468, 0.000268, 0.000266
1459, 0.000471, 0.000301, 0.000295
1460, 0.000471, 0.000268, 0.000264
1461, 0.000464, 0.000276, 0.000273
1462, 0.000463, 0.000288, 0.000282
1463, 0.000465, 0.000262, 0.000258
1464, 0.000470, 0.000300, 0.000295
1465, 0.000469, 0.000267, 0.000262
1466, 0.000467, 0.000274, 0.000270
1467, 0.000464, 0.000290, 0.000285
1468, 0.000467, 0.000263, 0.000259
1469, 0.000469, 0.000305, 0.000301
1470, 0.000474, 0.000265, 0.000262
1471, 0.000469, 0.000282, 0.000277
1472, 0.000463, 0.000281, 0.000277
1473, 0.000464, 0.000269, 0.000265
1474, 0.000465, 0.000301, 0.000295
1475, 0.000470, 0.000262, 0.000259
1476, 0.000472, 0.000310, 0.000303
1477, 0.000473, 0.000264, 0.000260
1478, 0.000465, 0.000281, 0.000277
1479, 0.000464, 0.000287, 0.000281
1480, 0.000465, 0.000262, 0.000259
1481, 0.000467, 0.000310, 0.000305
1482, 0.000470, 0.000264, 0.000260
1483, 0.000464, 0.000271, 0.000267
1484, 0.000460, 0.000298, 0.000293
1485, 0.000467, 0.000261, 0.000257
1486, 0.000466, 0.000293, 0.000287
1487, 0.000462, 0.000275, 0.000271
1488, 0.000462, 0.000267, 0.000263
1489, 0.000461, 0.000283, 0.000277
1490, 0.000464, 0.000272, 0.000269
1491, 0.000461, 0.000272, 0.000268
1492, 0.000458, 0.000278, 0.000272
1493, 0.000459, 0.000274, 0.000271
1494, 0.000458, 0.000273, 0.000269
1495, 0.000458, 0.000278, 0.000273
1496, 0.000458, 0.000268, 0.000265
1497, 0.000463, 0.000289, 0.000284
1498, 0.000461, 0.000262, 0.000258
1499, 0.000460, 0.000288, 0.000283
1500, 0.000460, 0.000272, 0.000265
1501, 0.000457, 0.000269, 0.000264
1502, 0.000458, 0.000286, 0.000281
1503, 0.000458, 0.000268, 0.000262
1504, 0.000459, 0.000271, 0.000266
1505, 0.000456, 0.000282, 0.000279
1506, 0.000460, 0.000267, 0.000263
1507, 0.000458, 0.000276, 0.000270
1508, 0.000455, 0.000279, 0.000275
1509, 0.000458, 0.000267, 0.000262
1510, 0.000457, 0.000280, 0.000274
1511, 0.000456, 0.000273, 0.000269
1512, 0.000458, 0.000269, 0.000264
1513, 0.000456, 0.000278, 0.000272
1514, 0.000457, 0.000270, 0.000266
1515, 0.000458, 0.000277, 0.000272
1516, 0.000454, 0.000273, 0.000268
1517, 0.000455, 0.000269, 0.000266
1518, 0.000456, 0.000282, 0.000277
1519, 0.000454, 0.000267, 0.000263
1520, 0.000457, 0.000281, 0.000277
1521, 0.000456, 0.000269, 0.000265
1522, 0.000455, 0.000272, 0.000266
1523, 0.000454, 0.000278, 0.000273
1524, 0.000459, 0.000269, 0.000263
1525, 0.000455, 0.000277, 0.000272
1526, 0.000455, 0.000267, 0.000263
1527, 0.000457, 0.000287, 0.000281
1528, 0.000458, 0.000260, 0.000256
1529, 0.000456, 0.000282, 0.000278
1530, 0.000456, 0.000268, 0.000263
1531, 0.000455, 0.000268, 0.000264
1532, 0.000454, 0.000284, 0.000280
1533, 0.000454, 0.000266, 0.000260
1534, 0.000456, 0.000287, 0.000282
1535, 0.000454, 0.000266, 0.000262
1536, 0.000452, 0.000274, 0.000268
1537, 0.000454, 0.000282, 0.000277
1538, 0.000454, 0.000260, 0.000256
1539, 0.000452, 0.000289, 0.000281
1540, 0.000456, 0.000264, 0.000261
1541, 0.000456, 0.000284, 0.000278
1542, 0.000454, 0.000265, 0.000259
1543, 0.000452, 0.000276, 0.000272
1544, 0.000450, 0.000271, 0.000266
1545, 0.000453, 0.000268, 0.000263
1546, 0.000454, 0.000274, 0.000271
1547, 0.000452, 0.000273, 0.000269
1548, 0.000453, 0.000266, 0.000261
1549, 0.000450, 0.000291, 0.000287
1550, 0.000455, 0.000258, 0.000254
1551, 0.000456, 0.000294, 0.000288
1552, 0.000456, 0.000265, 0.000261
1553, 0.000452, 0.000268, 0.000263
1554, 0.000450, 0.000289, 0.000283
1555, 0.000455, 0.000258, 0.000255
1556, 0.000456, 0.000308, 0.000301
1557, 0.000461, 0.000257, 0.000252
1558, 0.000454, 0.000281, 0.000275
1559, 0.000451, 0.000268, 0.000264
1560, 0.000450, 0.000268, 0.000263
1561, 0.000449, 0.000272, 0.000267
1562, 0.000450, 0.000269, 0.000264
1563, 0.000448, 0.000266, 0.000261
1564, 0.000447, 0.000275, 0.000269
1565, 0.000446, 0.000261, 0.000256
1566, 0.000448, 0.000281, 0.000275
1567, 0.000453, 0.000263, 0.000259
1568, 0.000450, 0.000279, 0.000273
1569, 0.000449, 0.000264, 0.000259
1570, 0.000450, 0.000287, 0.000281
1571, 0.000451, 0.000258, 0.000254
1572, 0.000451, 0.000289, 0.000283
1573, 0.000451, 0.000258, 0.000255
1574, 0.000451, 0.000283, 0.000277
1575, 0.000447, 0.000261, 0.000256
1576, 0.000448, 0.000272, 0.000267
1577, 0.000448, 0.000269, 0.000263
1578, 0.000444, 0.000259, 0.000253
1579, 0.000451, 0.000291, 0.000286
1580, 0.000453, 0.000254, 0.000249
1581, 0.000451, 0.000290, 0.000283
1582, 0.000450, 0.000259, 0.000256
1583, 0.000451, 0.000286, 0.000280
1584, 0.000449, 0.000263, 0.000257
1585, 0.000447, 0.000265, 0.000260
1586, 0.000445, 0.000281, 0.000274
1587, 0.000448, 0.000260, 0.000254
1588, 0.000446, 0.000266, 0.000261
1589, 0.000446, 0.000290, 0.000284
1590, 0.000450, 0.000252, 0.000247
1591, 0.000453, 0.000322, 0.000315
1592, 0.000461, 0.000249, 0.000245
1593, 0.000461, 0.000301, 0.000295
1594, 0.000451, 0.000260, 0.000255
1595, 0.000445, 0.000255, 0.000250
1596, 0.000444, 0.000299, 0.000292
1597, 0.000451, 0.000250, 0.000246
1598, 0.000456, 0.000304, 0.000296
1599, 0.000454, 0.000250, 0.000245
1600, 0.000446, 0.000271, 0.000265
1601, 0.000445, 0.000273, 0.000267
1602, 0.000442, 0.000252, 0.000248
1603, 0.000447, 0.000297, 0.000291
1604, 0.000449, 0.000250, 0.000245
1605, 0.000447, 0.000273, 0.000267
1606, 0.000444, 0.000269, 0.000263
1607, 0.000441, 0.000249, 0.000244
1608, 0.000443, 0.000292, 0.000285
1609, 0.000448, 0.000254, 0.000250
1610, 0.000447, 0.000270, 0.000263
1611, 0.000442, 0.000266, 0.000260
1612, 0.000442, 0.000263, 0.000258
1613, 0.000441, 0.000264, 0.000257
1614, 0.000443, 0.000271, 0.000264
1615, 0.000440, 0.000259, 0.000254
1616, 0.000444, 0.000275, 0.000267
1617, 0.000441, 0.000255, 0.000250
1618, 0.000443, 0.000273, 0.000267
1619, 0.000442, 0.000261, 0.000255
1620, 0.000441, 0.000255, 0.000249
1621, 0.000441, 0.000297, 0.000290
1622, 0.000446, 0.000246, 0.000241
1623, 0.000449, 0.000292, 0.000284
1624, 0.000445, 0.000254, 0.000250
1625, 0.000443, 0.000261, 0.000255
1626, 0.000438, 0.000285, 0.000278
1627, 0.000441, 0.000249, 0.000245
1628, 0.000448, 0.000299, 0.000291
1629, 0.000448, 0.000246, 0.000241
1630, 0.000443, 0.000271, 0.000266
1631, 0.000442, 0.000266, 0.000259
1632, 0.000440, 0.000249, 0.000243
1633, 0.000442, 0.000293, 0.000285
1634, 0.000444, 0.000246, 0.000241
1635, 0.000443, 0.000278, 0.000270
1636, 0.000443, 0.000254, 0.000248
1637, 0.000439, 0.000262, 0.000256
1638, 0.000436, 0.000271, 0.000264
1639, 0.000438, 0.000252, 0.000247
1640, 0.000437, 0.000273, 0.000267
1641, 0.000440, 0.000252, 0.000246
1642, 0.000438, 0.000264, 0.000258
1643, 0.000436, 0.000257, 0.000251
1644, 0.000436, 0.000261, 0.000255
1645, 0.000436, 0.000265, 0.000259
1646, 0.000437, 0.000256, 0.000251
1647, 0.000434, 0.000260, 0.000253
1648, 0.000437, 0.000265, 0.000259
1649, 0.000435, 0.000257, 0.000251
1650, 0.000437, 0.000266, 0.000258
1651, 0.000441, 0.000258, 0.000252
1652, 0.000435, 0.000270, 0.000263
1653, 0.000436, 0.000253, 0.000246
1654, 0.000437, 0.000270, 0.000264
1655, 0.000435, 0.000259, 0.000252
1656, 0.000430, 0.000252, 0.000245
1657, 0.000438, 0.000280, 0.000274
1658, 0.000439, 0.000248, 0.000241
1659, 0.000437, 0.000272, 0.000264
1660, 0.000436, 0.000260, 0.000255
1661, 0.000436, 0.000257, 0.000251
1662, 0.000434, 0.000273, 0.000266
1663, 0.000435, 0.000254, 0.000250
1664, 0.000438, 0.000272, 0.000264
1665, 0.000432, 0.000250, 0.000244
1666, 0.000435, 0.000271, 0.000266
1667, 0.000436, 0.000254, 0.000247
1668, 0.000432, 0.000255, 0.000248
1669, 0.000432, 0.000266, 0.000259
1670, 0.000433, 0.000247, 0.000241
1671, 0.000437, 0.000281, 0.000272
1672, 0.000438, 0.000244, 0.000238
1673, 0.000436, 0.000294, 0.000286
1674, 0.000441, 0.000242, 0.000237
1675, 0.000439, 0.000285, 0.000277
1676, 0.000434, 0.000256, 0.000249
1677, 0.000429, 0.000247, 0.000241
1678, 0.000432, 0.000285, 0.000277
1679, 0.000435, 0.000241, 0.000235
1680, 0.000438, 0.000291, 0.000283
1681, 0.000437, 0.000246, 0.000240
1682, 0.000433, 0.000257, 0.000251
1683, 0.000427, 0.000275, 0.000267
1684, 0.000433, 0.000239, 0.000233
1685, 0.000438, 0.000298, 0.000289
1686, 0.000439, 0.000242, 0.000236
1687, 0.000434, 0.000263, 0.000255
1688, 0.000429, 0.000266, 0.000259
1689, 0.000428, 0.000245, 0.000239
1690, 0.000430, 0.000283, 0.000275
1691, 0.000433, 0.000245, 0.000238
1692, 0.000429, 0.000260, 0.000252
1693, 0.000427, 0.000271, 0.000263
1694, 0.000429, 0.000244, 0.000237
1695, 0.000430, 0.000280, 0.000271
1696, 0.000430, 0.000241, 0.000235
1697, 0.000432, 0.000269, 0.000261
1698, 0.000428, 0.000250, 0.000242
1699, 0.000428, 0.000249, 0.000242
1700, 0.000428, 0.000273, 0.000265
1701, 0.000428, 0.000243, 0.000236
1702, 0.000429, 0.000273, 0.000265
1703, 0.000430, 0.000250, 0.000243
1704, 0.000428, 0.000252, 0.000244
1705, 0.000424, 0.000265, 0.000257
1706, 0.000425, 0.000245, 0.000239
1707, 0.000427, 0.000271, 0.000262
1708, 0.000427, 0.000246, 0.000239
1709, 0.000426, 0.000259, 0.000251
1710, 0.000424, 0.000255, 0.000247
1711, 0.000424, 0.000249, 0.000241
1712, 0.000424, 0.000259, 0.000252
1713, 0.000426, 0.000253, 0.000245
1714, 0.000424, 0.000256, 0.000249
1715, 0.000423, 0.000256, 0.000250
1716, 0.000425, 0.000257, 0.000250
1717, 0.000424, 0.000241, 0.000235
1718, 0.000426, 0.000280, 0.000272
1719, 0.000428, 0.000236, 0.000229
1720, 0.000432, 0.000286, 0.000278
1721, 0.000431, 0.000238, 0.000232
1722, 0.000425, 0.000257, 0.000249
1723, 0.000424, 0.000262, 0.000254
1724, 0.000423, 0.000241, 0.000234
1725, 0.000427, 0.000280, 0.000271
1726, 0.000427, 0.000239, 0.000232
1727, 0.000424, 0.000266, 0.000260
1728, 0.000425, 0.000247, 0.000239
1729, 0.000421, 0.000255, 0.000248
1730, 0.000418, 0.000261, 0.000254
1731, 0.000423, 0.000244, 0.000236
1732, 0.000424, 0.000276, 0.000268
1733, 0.000427, 0.000238, 0.000232
1734, 0.000426, 0.000276, 0.000267
1735, 0.000422, 0.000240, 0.000232
1736, 0.000421, 0.000255, 0.000248
1737, 0.000422, 0.000262, 0.000254
1738, 0.000421, 0.000237, 0.000229
1739, 0.000424, 0.000278, 0.000270
1740, 0.000424, 0.000238, 0.000231
1741, 0.000423, 0.000264, 0.000254
1742, 0.000421, 0.000244, 0.000238
1743, 0.000421, 0.000261, 0.000253
1744, 0.000419, 0.000252, 0.000243
1745, 0.000421, 0.000254, 0.000246
1746, 0.000420, 0.000260, 0.000252
1747, 0.000418, 0.000240, 0.000232
1748, 0.000423, 0.000275, 0.000267
1749, 0.000424, 0.000240, 0.000232
1750, 0.000420, 0.000267, 0.000257
1751, 0.000420, 0.000246, 0.000239
1752, 0.000419, 0.000255, 0.000247
1753, 0.000418, 0.000250, 0.000241
1754, 0.000417, 0.000244, 0.000236
1755, 0.000418, 0.000262, 0.000254
1756, 0.000417, 0.000240, 0.000233
1757, 0.000419, 0.000264, 0.000256
1758, 0.000419, 0.000243, 0.000235
1759, 0.000417, 0.000252, 0.000245
1760, 0.000416, 0.000256, 0.000247
1761, 0.000418, 0.000238, 0.000230
1762, 0.000417, 0.000268, 0.000260
1763, 0.000418, 0.000240, 0.000232
1764, 0.000418, 0.000261, 0.000252
1765, 0.000416, 0.000245, 0.000237
1766, 0.000417, 0.000253, 0.000244
1767, 0.000414, 0.000260, 0.000250
1768, 0.000418, 0.000234, 0.000227
1769, 0.000420, 0.000278, 0.000268
1770, 0.000420, 0.000231, 0.000223
1771, 0.000417, 0.000261, 0.000252
1772, 0.000415, 0.000249, 0.000241
1773, 0.000413, 0.000238, 0.000229
1774, 0.000415, 0.000269, 0.000259
1775, 0.000416, 0.000232, 0.000225
1776, 0.000418, 0.000280, 0.000269
1777, 0.000419, 0.000232, 0.000224
1778, 0.000417, 0.000264, 0.000255
1779, 0.000414, 0.000246, 0.000237
1780, 0.000412, 0.000245, 0.000238
1781, 0.000412, 0.000258, 0.000250
1782, 0.000415, 0.000234, 0.000226
1783, 0.000416, 0.000271, 0.000262
1784, 0.000416, 0.000232, 0.000225
1785, 0.000417, 0.000261, 0.000251
1786, 0.000417, 0.000242, 0.000233
1787, 0.000412, 0.000242, 0.000234
1788, 0.000413, 0.000261, 0.000250
1789, 0.000413, 0.000228, 0.000220
1790, 0.000415, 0.000276, 0.000266
1791, 0.000414, 0.000233, 0.000225
1792, 0.000412, 0.000244, 0.000235
1793, 0.000410, 0.000266, 0.000257
1794, 0.000411, 0.000227, 0.000219
1795, 0.000417, 0.000280, 0.000268
1796, 0.000417, 0.000227, 0.000219
1797, 0.000414, 0.000261, 0.000250
1798, 0.000410, 0.000246, 0.000236
1799, 0.000409, 0.000237, 0.000228
1800, 0.000411, 0.000274, 0.000263
1801, 0.000414, 0.000228, 0.000220
1802, 0.000412, 0.000263, 0.000253
1803, 0.000411, 0.000241, 0.000231
1804, 0.000410, 0.000242, 0.000233
1805, 0.000409, 0.000252, 0.000241
1806, 0.000409, 0.000238, 0.000229
1807, 0.000408, 0.000248, 0.000239
1808, 0.000408, 0.000245, 0.000235
1809, 0.000407, 0.000234, 0.000226
1810, 0.000407, 0.000254, 0.000245
1811, 0.000407, 0.000241, 0.000232
1812, 0.000406, 0.000238, 0.000228
1813, 0.000408, 0.000246, 0.000238
1814, 0.000407, 0.000244, 0.000235
1815, 0.000406, 0.000240, 0.000230
1816, 0.000407, 0.000256, 0.000247
1817, 0.000408, 0.000235, 0.000226
1818, 0.000408, 0.000254, 0.000243
1819, 0.000407, 0.000240, 0.000231
1820, 0.000404, 0.000240, 0.000230
1821, 0.000405, 0.000244, 0.000234
1822, 0.000405, 0.000238, 0.000229
1823, 0.000405, 0.000254, 0.000244
1824, 0.000405, 0.000236, 0.000226
1825, 0.000404, 0.000250, 0.000240
1826, 0.000403, 0.000243, 0.000233
1827, 0.000402, 0.000242, 0.000232
1828, 0.000402, 0.000251, 0.000240
1829, 0.000403, 0.000242, 0.000232
1830, 0.000406, 0.000243, 0.000232
1831, 0.000404, 0.000253, 0.000243
1832, 0.000406, 0.000228, 0.000219
1833, 0.000405, 0.000265, 0.000255
1834, 0.000406, 0.000228, 0.000219
1835, 0.000404, 0.000245, 0.000236
1836, 0.000402, 0.000254, 0.000245
1837, 0.000403, 0.000219, 0.000210
1838, 0.000412, 0.000298, 0.000286
1839, 0.000415, 0.000219, 0.000211
1840, 0.000413, 0.000278, 0.000266
1841, 0.000407, 0.000231, 0.000221
1842, 0.000403, 0.000237, 0.000228
1843, 0.000402, 0.000274, 0.000262
1844, 0.000405, 0.000221, 0.000212
1845, 0.000413, 0.000293, 0.000282
1846, 0.000416, 0.000216, 0.000208
1847, 0.000415, 0.000284, 0.000273
1848, 0.000411, 0.000225, 0.000216
1849, 0.000402, 0.000240, 0.000231
1850, 0.000402, 0.000261, 0.000251
1851, 0.000404, 0.000219, 0.000210
1852, 0.000409, 0.000294, 0.000282
1853, 0.000418, 0.000219, 0.000211
1854, 0.000412, 0.000265, 0.000254
1855, 0.000406, 0.000233, 0.000224
1856, 0.000401, 0.000230, 0.000221
1857, 0.000402, 0.000262, 0.000250
1858, 0.000403, 0.000223, 0.000213
1859, 0.000401, 0.000251, 0.000241
1860, 0.000401, 0.000238, 0.000227
1861, 0.000399, 0.000226, 0.000216
1862, 0.000400, 0.000263, 0.000253
1863, 0.000402, 0.000219, 0.000209
1864, 0.000402, 0.000254, 0.000243
1865, 0.000401, 0.000232, 0.000223
1866, 0.000399, 0.000230, 0.000220
1867, 0.000399, 0.000247, 0.000235
1868, 0.000399, 0.000227, 0.000218
1869, 0.000397, 0.000240, 0.000228
1870, 0.000398, 0.000233, 0.000222
1871, 0.000398, 0.000237, 0.000228
1872, 0.000399, 0.000235, 0.000224
1873, 0.000395, 0.000233, 0.000224
1874, 0.000395, 0.000241, 0.000231
1875, 0.000397, 0.000232, 0.000221
1876, 0.000396, 0.000235, 0.000224
1877, 0.000394, 0.000239, 0.000228
1878, 0.000396, 0.000222, 0.000212
1879, 0.000397, 0.000263, 0.000250
1880, 0.000400, 0.000216, 0.000207
1881, 0.000401, 0.000269, 0.000256
1882, 0.000399, 0.000219, 0.000209
1883, 0.000395, 0.000241, 0.000231
1884, 0.000394, 0.000234, 0.000223
1885, 0.000393, 0.000222, 0.000212
1886, 0.000395, 0.000253, 0.000242
1887, 0.000396, 0.000223, 0.000213
1888, 0.000393, 0.000232, 0.000221
1889, 0.000393, 0.000252, 0.000240
1890, 0.000394, 0.000219, 0.000208
1891, 0.000396, 0.000250, 0.000238
1892, 0.000393, 0.000225, 0.000215
1893, 0.000395, 0.000245, 0.000233
1894, 0.000394, 0.000223, 0.000213
1895, 0.000392, 0.000246, 0.000235
1896, 0.000395, 0.000222, 0.000211
1897, 0.000392, 0.000239, 0.000229
1898, 0.000392, 0.000232, 0.000221
1899, 0.000390, 0.000228, 0.000217
1900, 0.000390, 0.000242, 0.000231
1901, 0.000389, 0.000219, 0.000209
1902, 0.000392, 0.000257, 0.000244
1903, 0.000394, 0.000220, 0.000210
1904, 0.000392, 0.000242, 0.000230
1905, 0.000391, 0.000225, 0.000214
1906, 0.000388, 0.000235, 0.000224
1907, 0.000390, 0.000234, 0.000223
1908, 0.000387, 0.000223, 0.000212
1909, 0.000391, 0.000251, 0.000239
1910, 0.000391, 0.000217, 0.000207
1911, 0.000392, 0.000252, 0.000239
1912, 0.000391, 0.000223, 0.000211
1913, 0.000390, 0.000234, 0.000223
1914, 0.000388, 0.000240, 0.000227
1915, 0.000388, 0.000217, 0.000207
1916, 0.000389, 0.000251, 0.000238
1917, 0.000391, 0.000214, 0.000202
1918, 0.000390, 0.000246, 0.000234
1919, 0.000388, 0.000234, 0.000221
1920, 0.000388, 0.000217, 0.000206
1921, 0.000388, 0.000259, 0.000246
1922, 0.000391, 0.000211, 0.000201
1923, 0.000393, 0.000266, 0.000253
1924, 0.000393, 0.000212, 0.000202
1925, 0.000394, 0.000258, 0.000246
1926, 0.000391, 0.000219, 0.000208
1927, 0.000390, 0.000243, 0.000231
1928, 0.000385, 0.000220, 0.000208
1929, 0.000385, 0.000238, 0.000225
1930, 0.000385, 0.000225, 0.000213
1931, 0.000387, 0.000225, 0.000213
1932, 0.000386, 0.000247, 0.000234
1933, 0.000388, 0.000216, 0.000205
1934, 0.000388, 0.000241, 0.000229
1935, 0.000387, 0.000226, 0.000215
1936, 0.000384, 0.000223, 0.000212
1937, 0.000383, 0.000235, 0.000224
1938, 0.000384, 0.000221, 0.000210
1939, 0.000384, 0.000230, 0.000218
1940, 0.000384, 0.000228, 0.000216
1941, 0.000383, 0.000226, 0.000214
1942, 0.000382, 0.000237, 0.000224
1943, 0.000384, 0.000227, 0.000215
1944, 0.000381, 0.000223, 0.000211
1945, 0.000382, 0.000241, 0.000228
1946, 0.000386, 0.000215, 0.000205
1947, 0.000382, 0.000245, 0.000234
1948, 0.000382, 0.000220, 0.000209
1949, 0.000384, 0.000225, 0.000213
1950, 0.000382, 0.000245, 0.000234
1951, 0.000383, 0.000209, 0.000199
1952, 0.000388, 0.000270, 0.000256
1953, 0.000391, 0.000204, 0.000194
1954, 0.000394, 0.000272, 0.000259
1955, 0.000390, 0.000213, 0.000201
1956, 0.000382, 0.000227, 0.000215
1957, 0.000382, 0.000248, 0.000236
1958, 0.000383, 0.000206, 0.000196
1959, 0.000385, 0.000265, 0.000251
1960, 0.000387, 0.000207, 0.000196
1961, 0.000386, 0.000251, 0.000238
1962, 0.000381, 0.000216, 0.000204
1963, 0.000379, 0.000221, 0.000208
1964, 0.000380, 0.000249, 0.000235
1965, 0.000383, 0.000206, 0.000195
1966, 0.000385, 0.000252, 0.000239
1967, 0.000382, 0.000215, 0.000203
1968, 0.000379, 0.000220, 0.000208
1969, 0.000381, 0.000250, 0.000237
1970, 0.000383, 0.000205, 0.000194
1971, 0.000384, 0.000255, 0.000241
1972, 0.000381, 0.000218, 0.000206
1973, 0.000377, 0.000217, 0.000205
1974, 0.000378, 0.000248, 0.000234
1975, 0.000382, 0.000205, 0.000193
1976, 0.000384, 0.000263, 0.000249
1977, 0.000384, 0.000202, 0.000191
1978, 0.000382, 0.000248, 0.000236
1979, 0.000381, 0.000216, 0.000205
1980, 0.000376, 0.000216, 0.000204
1981, 0.000377, 0.000241, 0.000228
1982, 0.000380, 0.000209, 0.000197
1983, 0.000377, 0.000233, 0.000221
1984, 0.000377, 0.000218, 0.000205
1985, 0.000376, 0.000219, 0.000208
1986, 0.000376, 0.000229, 0.000217
1987, 0.000374, 0.000217, 0.000205
1988, 0.000376, 0.000231, 0.000220
1989, 0.000375, 0.000215, 0.000204
1990, 0.000377, 0.000230, 0.000218
1991, 0.000376, 0.000219, 0.000207
1992, 0.000373, 0.000226, 0.000212
1993, 0.000375, 0.000222, 0.000208
1994, 0.000375, 0.000229, 0.000216
1995, 0.000376, 0.000219, 0.000206
1996, 0.000376, 0.000225, 0.000212
1997, 0.000374, 0.000219, 0.000207
1998, 0.000373, 0.000228, 0.000215
1999, 0.000376, 0.000216, 0.000203
2000, 0.000373, 0.000224, 0.000211
2001, 0.000372, 0.000229, 0.000215
2002, 0.000372, 0.000213, 0.000200
2003, 0.000375, 0.000235, 0.000221
2004, 0.000373, 0.000214, 0.000201
2005, 0.000372, 0.000222, 0.000209
2006, 0.000371, 0.000225, 0.000212
2007, 0.000372, 0.000215, 0.000203
2008, 0.000371, 0.000232, 0.000219
2009, 0.000372, 0.000213, 0.000200
2010, 0.000374, 0.000231, 0.000218
2011, 0.000373, 0.000219, 0.000206
2012, 0.000372, 0.000219, 0.000206
2013, 0.000373, 0.000234, 0.000221
2014, 0.000373, 0.000210, 0.000196
2015, 0.000373, 0.000248, 0.000234
2016, 0.000373, 0.000207, 0.000195
2017, 0.000374, 0.000239, 0.000225
2018, 0.000372, 0.000218, 0.000205
2019, 0.000371, 0.000216, 0.000202
2020, 0.000369, 0.000238, 0.000224
2021, 0.000373, 0.000198, 0.000186
2022, 0.000377, 0.000272, 0.000257
2023, 0.000381, 0.000197, 0.000185
2024, 0.000381, 0.000254, 0.000239
2025, 0.000373, 0.000212, 0.000200
2026, 0.000371, 0.000223, 0.000210
2027, 0.000371, 0.000230, 0.000216
2028, 0.000369, 0.000198, 0.000187
2029, 0.000380, 0.000283, 0.000267
2030, 0.000385, 0.000194, 0.000183
2031, 0.000388, 0.000293, 0.000277
2032, 0.000387, 0.000194, 0.000182
2033, 0.000379, 0.000246, 0.000231
2034, 0.000370, 0.000212, 0.000200
2035, 0.000369, 0.000206, 0.000194
2036, 0.000368, 0.000249, 0.000236
2037, 0.000372, 0.000195, 0.000183
2038, 0.000377, 0.000272, 0.000256
2039, 0.000381, 0.000194, 0.000182
2040, 0.000379, 0.000245, 0.000230
2041, 0.000372, 0.000206, 0.000192
2042, 0.000368, 0.000210, 0.000197
2043, 0.000365, 0.000238, 0.000223
2044, 0.000370, 0.000196, 0.000184
2045, 0.000371, 0.000239, 0.000225
2046, 0.000368, 0.000206, 0.000194
2047, 0.000367, 0.000209, 0.000197
2048, 0.000367, 0.000242, 0.000228
2049, 0.000371, 0.000192, 0.000180
2050, 0.000372, 0.000257, 0.000241
2051, 0.000372, 0.000197, 0.000184
2052, 0.000368, 0.000220, 0.000205
2053, 0.000363, 0.000224, 0.000209
2054, 0.000366, 0.000203, 0.000190
2055, 0.000365, 0.000222, 0.000208
2056, 0.000364, 0.000212, 0.000198
2057, 0.000366, 0.000205, 0.000192
2058, 0.000364, 0.000238, 0.000223
2059, 0.000369, 0.000197, 0.000184
2060, 0.000368, 0.000237, 0.000222
2061, 0.000366, 0.000206, 0.000192
2062, 0.000363, 0.000211, 0.000197
2063, 0.000362, 0.000222, 0.000208
2064, 0.000362, 0.000201, 0.000188
2065, 0.000361, 0.000226, 0.000212
2066, 0.000361, 0.000207, 0.000194
2067, 0.000366, 0.000214, 0.000200
2068, 0.000364, 0.000220, 0.000206
2069, 0.000363, 0.000206, 0.000192
2070, 0.000360, 0.000214, 0.000200
2071, 0.000361, 0.000220, 0.000206
2072, 0.000364, 0.000205, 0.000191
2073, 0.000362, 0.000226, 0.000211
2074, 0.000362, 0.000210, 0.000198
2075, 0.000363, 0.000214, 0.000200
2076, 0.000361, 0.000223, 0.000208
2077, 0.000363, 0.000205, 0.000193
2078, 0.000364, 0.000220, 0.000205
2079, 0.000361, 0.000210, 0.000195
2080, 0.000360, 0.000211, 0.000197
2081, 0.000359, 0.000228, 0.000213
2082, 0.000359, 0.000198, 0.000184
2083, 0.000363, 0.000240, 0.000225
2084, 0.000365, 0.000201, 0.000187
2085, 0.000360, 0.000218, 0.000204
2086, 0.000360, 0.000223, 0.000209
2087, 0.000362, 0.000200, 0.000187
2088, 0.000359, 0.000225, 0.000212
2089, 0.000359, 0.000209, 0.000196
2090, 0.000357, 0.000213, 0.000199
2091, 0.000358, 0.000208, 0.000195
2092, 0.000357, 0.000212, 0.000198
2093, 0.000357, 0.000210, 0.000195
2094, 0.000356, 0.000210, 0.000197
2095, 0.000356, 0.000214, 0.000200
2096, 0.000356, 0.000209, 0.000195
2097, 0.000357, 0.000213, 0.000199
2098, 0.000356, 0.000211, 0.000197
2099, 0.000358, 0.000208, 0.000194
2100, 0.000358, 0.000221, 0.000207
2101, 0.000357, 0.000204, 0.000190
2102, 0.000357, 0.000234, 0.000220
2103, 0.000358, 0.000193, 0.000180
2104, 0.000361, 0.000246, 0.000229
2105, 0.000363, 0.000196, 0.000183
2106, 0.000360, 0.000231, 0.000216
2107, 0.000357, 0.000207, 0.000192
2108, 0.000355, 0.000205, 0.000191
2109, 0.000355, 0.000229, 0.000214
2110, 0.000359, 0.000200, 0.000186
2111, 0.000356, 0.000219, 0.000204
2112, 0.000355, 0.000211, 0.000196
2113, 0.000355, 0.000211, 0.000195
2114, 0.000355, 0.000217, 0.000202
2115, 0.000356, 0.000211, 0.000196
2116, 0.000354, 0.000217, 0.000201
2117, 0.000352, 0.000211, 0.000196
2118, 0.000355, 0.000214, 0.000199
2119, 0.000354, 0.000219, 0.000204
2120, 0.000354, 0.000203, 0.000188
2121, 0.000354, 0.000230, 0.000215
2122, 0.000352, 0.000200, 0.000186
2123, 0.000356, 0.000213, 0.000198
2124, 0.000354, 0.000211, 0.000196
2125, 0.000352, 0.000200, 0.000185
2126, 0.000354, 0.000229, 0.000213
2127, 0.000355, 0.000196, 0.000182
2128, 0.000354, 0.000236, 0.000221
2129, 0.000357, 0.000201, 0.000186
2130, 0.000353, 0.000228, 0.000211
2131, 0.000354, 0.000208, 0.000194
2132, 0.000355, 0.000212, 0.000197
2133, 0.000353, 0.000219, 0.000203
2134, 0.000352, 0.000202, 0.000189
2135, 0.000352, 0.000225, 0.000210
2136, 0.000351, 0.000198, 0.000183
2137, 0.000355, 0.000226, 0.000211
2138, 0.000352, 0.000198, 0.000183
2139, 0.000351, 0.000214, 0.000198
2140, 0.000350, 0.000232, 0.000216
2141, 0.000355, 0.000188, 0.000173
2142, 0.000359, 0.000275, 0.000257
2143, 0.000364, 0.000185, 0.000173
2144, 0.000368, 0.000277, 0.000260
2145, 0.000368, 0.000190, 0.000177
2146, 0.000361, 0.000234, 0.000220
2147, 0.000351, 0.000213, 0.000199
2148, 0.000352, 0.000195, 0.000181
2149, 0.000351, 0.000235, 0.000219
2150, 0.000352, 0.000192, 0.000178
2151, 0.000356, 0.000224, 0.000208
2152, 0.000349, 0.000207, 0.000192
2153, 0.000350, 0.000204, 0.000189
2154, 0.000350, 0.000220, 0.000205
2155, 0.000349, 0.000200, 0.000185
2156, 0.000348, 0.000213, 0.000198
2157, 0.000349, 0.000208, 0.000194
2158, 0.000348, 0.000199, 0.000185
2159, 0.000348, 0.000222, 0.000208
2160, 0.000348, 0.000194, 0.000180
2161, 0.000349, 0.000226, 0.000210
2162, 0.000352, 0.000193, 0.000179
2163, 0.000348, 0.000223, 0.000208
2164, 0.000349, 0.000205, 0.000189
2165, 0.000349, 0.000208, 0.000192
2166, 0.000345, 0.000210, 0.000195
2167, 0.000346, 0.000218, 0.000201
2168, 0.000350, 0.000197, 0.000182
2169, 0.000347, 0.000229, 0.000213
2170, 0.000349, 0.000194, 0.000179
2171, 0.000349, 0.000227, 0.000211
2172, 0.000348, 0.000194, 0.000181
2173, 0.000347, 0.000226, 0.000211
2174, 0.000347, 0.000196, 0.000181
2175, 0.000349, 0.000222, 0.000207
2176, 0.000347, 0.000198, 0.000184
2177, 0.000347, 0.000215, 0.000199
2178, 0.000343, 0.000204, 0.000189
2179, 0.000343, 0.000209, 0.000194
2180, 0.000346, 0.000207, 0.000191
2181, 0.000344, 0.000211, 0.000195
2182, 0.000345, 0.000203, 0.000188
2183, 0.000344, 0.000213, 0.000196
2184, 0.000344, 0.000195, 0.000179
2185, 0.000345, 0.000227, 0.000210
2186, 0.000345, 0.000194, 0.000179
2187, 0.000344, 0.000222, 0.000207
2188, 0.000343, 0.000203, 0.000188
2189, 0.000343, 0.000198, 0.000183
2190, 0.000343, 0.000226, 0.000210
2191, 0.000344, 0.000191, 0.000177
2192, 0.000346, 0.000232, 0.000215
2193, 0.000346, 0.000193, 0.000177
2194, 0.000348, 0.000219, 0.000203
2195, 0.000344, 0.000202, 0.000186
2196, 0.000343, 0.000210, 0.000194
2197, 0.000341, 0.000223, 0.000206
2198, 0.000344, 0.000186, 0.000172
2199, 0.000348, 0.000245, 0.000228
2200, 0.000348, 0.000183, 0.000168
2201, 0.000348, 0.000241, 0.000225
2202, 0.000350, 0.000188, 0.000173
2203, 0.000343, 0.000224, 0.000208
2204, 0.000341, 0.000202, 0.000188
2205, 0.000343, 0.000200, 0.000185
2206, 0.000341, 0.000234, 0.000217
2207, 0.000343, 0.000181, 0.000167
2208, 0.000349, 0.000271, 0.000252
2209, 0.000353, 0.000178, 0.000163
2210, 0.000351, 0.000246, 0.000228
2211, 0.000345, 0.000194, 0.000179
2212, 0.000343, 0.000196, 0.000180
2213, 0.000344, 0.000237, 0.000221
2214, 0.000344, 0.000179, 0.000165
2215, 0.000348, 0.000256, 0.000238
2216, 0.000351, 0.000177, 0.000163
2217, 0.000346, 0.000227, 0.000211
2218, 0.000342, 0.000208, 0.000192
2219, 0.000339, 0.000187, 0.000171
2220, 0.000343, 0.000250, 0.000232
2221, 0.000347, 0.000179, 0.000164
2222, 0.000347, 0.000237, 0.000219
2223, 0.000344, 0.000193, 0.000177
2224, 0.000342, 0.000209, 0.000193
2225, 0.000339, 0.000216, 0.000199
2226, 0.000338, 0.000187, 0.000172
2227, 0.000340, 0.000226, 0.000209
2228, 0.000340, 0.000186, 0.000170
2229, 0.000342, 0.000218, 0.000201
2230, 0.000338, 0.000193, 0.000178
2231, 0.000340, 0.000211, 0.000193
2232, 0.000337, 0.000200, 0.000183
2233, 0.000338, 0.000203, 0.000188
2234, 0.000338, 0.000207, 0.000190
2235, 0.000337, 0.000195, 0.000179
2236, 0.000338, 0.000221, 0.000205
2237, 0.000340, 0.000190, 0.000175
2238, 0.000337, 0.000220, 0.000203
2239, 0.000338, 0.000194, 0.000179
2240, 0.000340, 0.000206, 0.000190
2241, 0.000336, 0.000208, 0.000192
2242, 0.000335, 0.000192, 0.000177
2243, 0.000337, 0.000217, 0.000200
2244, 0.000336, 0.000196, 0.000181
2245, 0.000336, 0.000199, 0.000183
2246, 0.000336, 0.000223, 0.000206
2247, 0.000338, 0.000178, 0.000163
2248, 0.000341, 0.000253, 0.000235
2249, 0.000344, 0.000177, 0.000163
2250, 0.000343, 0.000228, 0.000211
2251, 0.000336, 0.000192, 0.000176
2252, 0.000338, 0.000211, 0.000196
2253, 0.000333, 0.000200, 0.000185
2254, 0.000333, 0.000198, 0.000182
2255, 0.000334, 0.000213, 0.000197
2256, 0.000333, 0.000190, 0.000175
2257, 0.000333, 0.000211, 0.000194
2258, 0.000332, 0.000201, 0.000185
2259, 0.000333, 0.000204, 0.000188
2260, 0.000333, 0.000200, 0.000184
2261, 0.000333, 0.000212, 0.000196
2262, 0.000331, 0.000194, 0.000178
2263, 0.000335, 0.000208, 0.000192
2264, 0.000331, 0.000188, 0.000172
2265, 0.000335, 0.000228, 0.000210
2266, 0.000334, 0.000190, 0.000174
2267, 0.000331, 0.000201, 0.000184
2268, 0.000331, 0.000211, 0.000194
2269, 0.000330, 0.000184, 0.000169
2270, 0.000334, 0.000230, 0.000213
2271, 0.000334, 0.000189, 0.000173
2272, 0.000331, 0.000215, 0.000198
2273, 0.000331, 0.000198, 0.000182
2274, 0.000331, 0.000197, 0.000181
2275, 0.000329, 0.000204, 0.000188
2276, 0.000331, 0.000200, 0.000183
2277, 0.000330, 0.000209, 0.000192
2278, 0.000330, 0.000202, 0.000185
2279, 0.000331, 0.000199, 0.000183
2280, 0.000329, 0.000204, 0.000187
2281, 0.000331, 0.000206, 0.000190
2282, 0.000328, 0.000191, 0.000175
2283, 0.000329, 0.000227, 0.000212
2284, 0.000331, 0.000185, 0.000170
2285, 0.000332, 0.000229, 0.000212
2286, 0.000333, 0.000185, 0.000170
2287, 0.000332, 0.000216, 0.000199
2288, 0.000329, 0.000201, 0.000183
2289, 0.000331, 0.000206, 0.000189
2290, 0.000329, 0.000208, 0.000191
2291, 0.000328, 0.000197, 0.000180
2292, 0.000329, 0.000208, 0.000191
2293, 0.000328, 0.000191, 0.000175
2294, 0.000328, 0.000217, 0.000200
2295, 0.000328, 0.000198, 0.000182
2296, 0.000330, 0.000205, 0.000188
2297, 0.000326, 0.000208, 0.000192
2298, 0.000331, 0.000195, 0.000180
2299, 0.000330, 0.000215, 0.000198
2300, 0.000328, 0.000191, 0.000175
2301, 0.000327, 0.000210, 0.000193
2302, 0.000328, 0.000204, 0.000186
2303, 0.000327, 0.000206, 0.000189
2304, 0.000327, 0.000196, 0.000179
2305, 0.000327, 0.000215, 0.000196
2306, 0.000327, 0.000209, 0.000192
2307, 0.000328, 0.000185, 0.000170
2308, 0.000329, 0.000260, 0.000242
2309, 0.000336, 0.000169, 0.000154
2310, 0.000339, 0.000281, 0.000263
2311, 0.000345, 0.000165, 0.000150
2312, 0.000344, 0.000275, 0.000256
2313, 0.000344, 0.000171, 0.000156
2314, 0.000335, 0.000232, 0.000214
2315, 0.000329, 0.000199, 0.000183
2316, 0.000326, 0.000184, 0.000168
2317, 0.000327, 0.000246, 0.000227
2318, 0.000334, 0.000168, 0.000153
2319, 0.000340, 0.000283, 0.000264
2320, 0.000346, 0.000168, 0.000153
2321, 0.000341, 0.000240, 0.000222
2322, 0.000331, 0.000189, 0.000174
2323, 0.000325, 0.000187, 0.000170
2324, 0.000327, 0.000230, 0.000211
2325, 0.000327, 0.000178, 0.000162
2326, 0.000328, 0.000223, 0.000203
2327, 0.000326, 0.000182, 0.000166
2328, 0.000325, 0.000210, 0.000193
2329, 0.000323, 0.000190, 0.000174
2330, 0.000323, 0.000195, 0.000179
2331, 0.000322, 0.000203, 0.000186
2332, 0.000324, 0.000181, 0.000165
2333, 0.000323, 0.000221, 0.000203
2334, 0.000326, 0.000182, 0.000166
2335, 0.000322, 0.000216, 0.000197
2336, 0.000325, 0.000185, 0.000169
2337, 0.000325, 0.000208, 0.000190
2338, 0.000324, 0.000192, 0.000175
2339, 0.000320, 0.000197, 0.000181
2340, 0.000321, 0.000203, 0.000187
2341, 0.000318, 0.000186, 0.000170
2342, 0.000323, 0.000221, 0.000204
2343, 0.000324, 0.000175, 0.000159
2344, 0.000325, 0.000234, 0.000215
2345, 0.000327, 0.000176, 0.000160
2346, 0.000323, 0.000209, 0.000191
2347, 0.000320, 0.000204, 0.000186
2348, 0.000320, 0.000181, 0.000164
2349, 0.000321, 0.000224, 0.000206
2350, 0.000323, 0.000176, 0.000160
2351, 0.000323, 0.000224, 0.000206
2352, 0.000324, 0.000176, 0.000160
2353, 0.000326, 0.000224, 0.000206
2354, 0.000323, 0.000178, 0.000162
2355, 0.000321, 0.000226, 0.000208
2356, 0.000324, 0.000179, 0.000162
2357, 0.000320, 0.000205, 0.000187
2358, 0.000317, 0.000196, 0.000179
2359, 0.000317, 0.000197, 0.000180
2360, 0.000319, 0.000195, 0.000178
2361, 0.000317, 0.000213, 0.000195
2362, 0.000319, 0.000176, 0.000160
2363, 0.000321, 0.000232, 0.000213
2364, 0.000322, 0.000176, 0.000159
2365, 0.000319, 0.000213, 0.000195
2366, 0.000319, 0.000188, 0.000171
2367, 0.000317, 0.000196, 0.000178
2368, 0.000316, 0.000201, 0.000183
2369, 0.000315, 0.000192, 0.000174
2370, 0.000318, 0.000202, 0.000184
2371, 0.000316, 0.000190, 0.000173
2372, 0.000317, 0.000203, 0.000185
2373, 0.000316, 0.000187, 0.000170
2374, 0.000317, 0.000212, 0.000194
2375, 0.000317, 0.000193, 0.000176
2376, 0.000316, 0.000194, 0.000176
2377, 0.000315, 0.000217, 0.000198
2378, 0.000316, 0.000180, 0.000163
2379, 0.000317, 0.000217, 0.000198
2380, 0.000317, 0.000183, 0.000166
2381, 0.000317, 0.000217, 0.000199
2382, 0.000313, 0.000192, 0.000175
2383, 0.000314, 0.000192, 0.000175
2384, 0.000316, 0.000216, 0.000198
2385, 0.000316, 0.000183, 0.000165
2386, 0.000315, 0.000224, 0.000204
2387, 0.000317, 0.000174, 0.000157
2388, 0.000321, 0.000225, 0.000206
2389, 0.000316, 0.000188, 0.000171
2390, 0.000316, 0.000198, 0.000181
2391, 0.000314, 0.000216, 0.000198
2392, 0.000315, 0.000178, 0.000162
2393, 0.000316, 0.000240, 0.000221
2394, 0.000321, 0.000176, 0.000159
2395, 0.000319, 0.000235, 0.000216
2396, 0.000318, 0.000175, 0.000159
2397, 0.000317, 0.000230, 0.000211
2398, 0.000318, 0.000176, 0.000161
2399, 0.000318, 0.000208, 0.000191
2400, 0.000312, 0.000210, 0.000192
2401, 0.000312, 0.000176, 0.000160
2402, 0.000315, 0.000227, 0.000209
2403, 0.000315, 0.000182, 0.000165
2404, 0.000317, 0.000214, 0.000197
2405, 0.000314, 0.000188, 0.000171
2406, 0.000311, 0.000212, 0.000195
2407, 0.000312, 0.000187, 0.000171
2408, 0.000312, 0.000210, 0.000193
2409, 0.000312, 0.000186, 0.000169
2410, 0.000309, 0.000203, 0.000186
2411, 0.000312, 0.000202, 0.000185
2412, 0.000311, 0.000183, 0.000167
2413, 0.000311, 0.000214, 0.000197
2414, 0.000314, 0.000187, 0.000171
2415, 0.000311, 0.000196, 0.000180
2416, 0.000310, 0.000210, 0.000193
2417, 0.000310, 0.000182, 0.000167
2418, 0.000311, 0.000222, 0.000205
2419, 0.000310, 0.000178, 0.000162
2420, 0.000309, 0.000210, 0.000192
2421, 0.000309, 0.000199, 0.000182
2422, 0.000308, 0.000180, 0.000163
2423, 0.000313, 0.000235, 0.000215
2424, 0.000314, 0.000174, 0.000157
2425, 0.000312, 0.000227, 0.000208
2426, 0.000312, 0.000175, 0.000159
2427, 0.000312, 0.000228, 0.000210
2428, 0.000313, 0.000179, 0.000163
2429, 0.000310, 0.000208, 0.000191
2430, 0.000305, 0.000201, 0.000185
2431, 0.000307, 0.000186, 0.000169
2432, 0.000308, 0.000223, 0.000205
2433, 0.000308, 0.000178, 0.000163
2434, 0.000311, 0.000217, 0.000199
2435, 0.000309, 0.000201, 0.000183
2436, 0.000307, 0.000186, 0.000170
2437, 0.000307, 0.000217, 0.000199
2438, 0.000308, 0.000183, 0.000166
2439, 0.000308, 0.000217, 0.000200
2440, 0.000309, 0.000175, 0.000159
2441, 0.000309, 0.000228, 0.000210
2442, 0.000310, 0.000181, 0.000164
2443, 0.000308, 0.000206, 0.000188
2444, 0.000307, 0.000198, 0.000179
2445, 0.000307, 0.000195, 0.000176
2446, 0.000304, 0.000207, 0.000189
2447, 0.000307, 0.000184, 0.000167
2448, 0.000304, 0.000215, 0.000196
2449, 0.000308, 0.000181, 0.000164
2450, 0.000306, 0.000220, 0.000202
2451, 0.000305, 0.000185, 0.000168
2452, 0.000307, 0.000208, 0.000192
2453, 0.000305, 0.000193, 0.000177
2454, 0.000303, 0.000192, 0.000175
2455, 0.000305, 0.000217, 0.000200
2456, 0.000305, 0.000172, 0.000156
2457, 0.000307, 0.000259, 0.000239
2458, 0.000314, 0.000157, 0.000141
2459, 0.000321, 0.000283, 0.000262
2460, 0.000322, 0.000157, 0.000141
2461, 0.000322, 0.000267, 0.000247
2462, 0.000316, 0.000169, 0.000153
2463, 0.000306, 0.000193, 0.000175
2464, 0.000303, 0.000234, 0.000214
2465, 0.000308, 0.000159, 0.000144
2466, 0.000318, 0.000299, 0.000277
2467, 0.000328, 0.000156, 0.000140
2468, 0.000333, 0.000288, 0.000268
2469, 0.000327, 0.000161, 0.000145
2470, 0.000313, 0.000210, 0.000193
2471, 0.000304, 0.000217, 0.000200
2472, 0.000304, 0.000157, 0.000141
2473, 0.000315, 0.000278, 0.000259
2474, 0.000323, 0.000158, 0.000142
2475, 0.000314, 0.000221, 0.000203
2476, 0.000306, 0.000200, 0.000182
2477, 0.000304, 0.000163, 0.000146
2478, 0.000307, 0.000246, 0.000226
2479, 0.000311, 0.000163, 0.000147
2480, 0.000308, 0.000210, 0.000191
2481, 0.000303, 0.000194, 0.000177
2482, 0.000302, 0.000167, 0.000151
2483, 0.000305, 0.000236, 0.000216
2484, 0.000307, 0.000165, 0.000149
2485, 0.000307, 0.000199, 0.000182
2486, 0.000300, 0.000204, 0.000186
2487, 0.000299, 0.000167, 0.000151
2488, 0.000302, 0.000216, 0.000199
2489, 0.000302, 0.000177, 0.000160
2490, 0.000299, 0.000178, 0.000161
2491, 0.000299, 0.000223, 0.000205
2492, 0.000303, 0.000166, 0.000150
2493, 0.000305, 0.000219, 0.000201
2494, 0.000300, 0.000180, 0.000163
2495, 0.000297, 0.000180, 0.000163
2496, 0.000300, 0.000201, 0.000183
2497, 0.000298, 0.000178, 0.000161
2498, 0.000296, 0.000187, 0.000170
2499, 0.000298, 0.000197, 0.000178
2500, 0.000296, 0.000175, 0.000159
2501, 0.000300, 0.000202, 0.000184
2502, 0.000298, 0.000178, 0.000161
2503, 0.000298, 0.000200, 0.000183
2504, 0.000298, 0.000184, 0.000169
2505, 0.000298, 0.000193, 0.000176
2506, 0.000298, 0.000184, 0.000167
2507, 0.000297, 0.000192, 0.000175
2508, 0.000295, 0.000181, 0.000164
2509, 0.000298, 0.000199, 0.000182
2510, 0.000295, 0.000181, 0.000164
2511, 0.000296, 0.000194, 0.000177
2512, 0.000293, 0.000186, 0.000168
2513, 0.000295, 0.000186, 0.000169
2514, 0.000297, 0.000197, 0.000179
2515, 0.000294, 0.000188, 0.000171
2516, 0.000294, 0.000187, 0.000171
2517, 0.000294, 0.000195, 0.000178
2518, 0.000293, 0.000180, 0.000163
2519, 0.000295, 0.000199, 0.000182
2520, 0.000293, 0.000178, 0.000161
2521, 0.000294, 0.000212, 0.000194
2522, 0.000295, 0.000179, 0.000163
2523, 0.000294, 0.000191, 0.000174
2524, 0.000294, 0.000216, 0.000197
2525, 0.000295, 0.000161, 0.000144
2526, 0.000298, 0.000235, 0.000216
2527, 0.000300, 0.000169, 0.000153
2528, 0.000295, 0.000195, 0.000177
2529, 0.000292, 0.000200, 0.000183
2530, 0.000293, 0.000173, 0.000157
2531, 0.000294, 0.000214, 0.000196
2532, 0.000293, 0.000176, 0.000160
2533, 0.000293, 0.000204, 0.000186
2534, 0.000292, 0.000179, 0.000162
2535, 0.000293, 0.000207, 0.000189
2536, 0.000294, 0.000173, 0.000157
2537, 0.000294, 0.000219, 0.000200
2538, 0.000292, 0.000173, 0.000157
2539, 0.000291, 0.000200, 0.000183
2540, 0.000292, 0.000195, 0.000177
2541, 0.000291, 0.000179, 0.000163
2542, 0.000291, 0.000225, 0.000206
2543, 0.000293, 0.000165, 0.000149
2544, 0.000295, 0.000222, 0.000204
2545, 0.000292, 0.000173, 0.000157
2546, 0.000289, 0.000186, 0.000169
2547, 0.000289, 0.000203, 0.000185
2548, 0.000288, 0.000177, 0.000160
2549, 0.000288, 0.000190, 0.000173
2550, 0.000289, 0.000208, 0.000191
2551, 0.000289, 0.000166, 0.000150
2552, 0.000294, 0.000248, 0.000228
2553, 0.000298, 0.000154, 0.000138
2554, 0.000302, 0.000254, 0.000235
2555, 0.000299, 0.000161, 0.000145
2556, 0.000294, 0.000206, 0.000188
2557, 0.000289, 0.000197, 0.000180
2558, 0.000286, 0.000166, 0.000150
2559, 0.000290, 0.000232, 0.000213
2560, 0.000292, 0.000163, 0.000147
2561, 0.000289, 0.000204, 0.000186
2562, 0.000287, 0.000193, 0.000176
2563, 0.000285, 0.000168, 0.000153
2564, 0.000289, 0.000234, 0.000216
2565, 0.000290, 0.000161, 0.000145
2566, 0.000290, 0.000222, 0.000205
2567, 0.000290, 0.000177, 0.000161
2568, 0.000286, 0.000180, 0.000164
2569, 0.000286, 0.000215, 0.000197
2570, 0.000289, 0.000161, 0.000144
2571, 0.000292, 0.000230, 0.000210
2572, 0.000289, 0.000174, 0.000157
2573, 0.000286, 0.000188, 0.000170
2574, 0.000283, 0.000217, 0.000198
2575, 0.000286, 0.000157, 0.000142
2576, 0.000290, 0.000239, 0.000221
2577, 0.000292, 0.000159, 0.000144
2578, 0.000289, 0.000214, 0.000196
2579, 0.000286, 0.000185, 0.000168
2580, 0.000282, 0.000179, 0.000162
2581, 0.000282, 0.000202, 0.000184
2582, 0.000283, 0.000173, 0.000156
2583, 0.000282, 0.000197, 0.000179
2584, 0.000281, 0.000185, 0.000168
2585, 0.000281, 0.000182, 0.000166
2586, 0.000279, 0.000186, 0.000170
2587, 0.000282, 0.000196, 0.000179
2588, 0.000283, 0.000174, 0.000159
2589, 0.000282, 0.000215, 0.000198
2590, 0.000286, 0.000160, 0.000145
2591, 0.000284, 0.000230, 0.000211
2592, 0.000287, 0.000165, 0.000148
2593, 0.000284, 0.000205, 0.000187
2594, 0.000282, 0.000191, 0.000173
2595, 0.000282, 0.000172, 0.000156
2596, 0.000283, 0.000220, 0.000202
2597, 0.000284, 0.000162, 0.000147
2598, 0.000282, 0.000206, 0.000189
2599, 0.000283, 0.000183, 0.000167
2600, 0.000278, 0.000182, 0.000166
2601, 0.000280, 0.000202, 0.000184
2602, 0.000278, 0.000173, 0.000156
2603, 0.000278, 0.000197, 0.000179
2604, 0.000278, 0.000183, 0.000165
2605, 0.000281, 0.000196, 0.000178
2606, 0.000276, 0.000187, 0.000170
2607, 0.000277, 0.000172, 0.000156
2608, 0.000277, 0.000209, 0.000192
2609, 0.000277, 0.000163, 0.000148
2610, 0.000280, 0.000210, 0.000193
2611, 0.000279, 0.000176, 0.000160
2612, 0.000278, 0.000179, 0.000163
2613, 0.000278, 0.000208, 0.000190
2614, 0.000277, 0.000168, 0.000152
2615, 0.000278, 0.000208, 0.000191
2616, 0.000278, 0.000180, 0.000163
2617, 0.000276, 0.000188, 0.000171
2618, 0.000276, 0.000188, 0.000171
2619, 0.000276, 0.000179, 0.000161
2620, 0.000276, 0.000197, 0.000178
2621, 0.000275, 0.000172, 0.000155
2622, 0.000275, 0.000208, 0.000188
2623, 0.000276, 0.000167, 0.000151
2624, 0.000276, 0.000212, 0.000195
2625, 0.000278, 0.000168, 0.000153
2626, 0.000277, 0.000206, 0.000190
2627, 0.000276, 0.000174, 0.000158
2628, 0.000276, 0.000205, 0.000188
2629, 0.000276, 0.000178, 0.000163
2630, 0.000273, 0.000179, 0.000163
2631, 0.000274, 0.000194, 0.000177
2632, 0.000274, 0.000172, 0.000156
2633, 0.000273, 0.000198, 0.000181
2634, 0.000275, 0.000180, 0.000163
2635, 0.000272, 0.000185, 0.000168
2636, 0.000272, 0.000196, 0.000179
2637, 0.000271, 0.000179, 0.000162
2638, 0.000273, 0.000195, 0.000178
2639, 0.000272, 0.000182, 0.000166
2640, 0.000272, 0.000196, 0.000179
2641, 0.000270, 0.000178, 0.000162
2642, 0.000269, 0.000187, 0.000171
2643, 0.000271, 0.000194, 0.000177
2644, 0.000269, 0.000171, 0.000156
2645, 0.000273, 0.000211, 0.000195
2646, 0.000273, 0.000161, 0.000146
2647, 0.000274, 0.000229, 0.000212
2648, 0.000274, 0.000161, 0.000146
2649, 0.000274, 0.000206, 0.000189
2650, 0.000271, 0.000195, 0.000178
2651, 0.000269, 0.000155, 0.000140
2652, 0.000276, 0.000281, 0.000260
2653, 0.000287, 0.000136, 0.000121
2654, 0.000301, 0.000335, 0.000312
2655, 0.000310, 0.000136, 0.000122
2656, 0.000307, 0.000284, 0.000263
2657, 0.000293, 0.000147, 0.000132
2658, 0.000277, 0.000198, 0.000181
2659, 0.000268, 0.000214, 0.000196
2660, 0.000270, 0.000142, 0.000128
2661, 0.000281, 0.000272, 0.000252
2662, 0.000287, 0.000143, 0.000129
2663, 0.000279, 0.000206, 0.000190
2664, 0.000270, 0.000195, 0.000179
2665, 0.000268, 0.000144, 0.000130
2666, 0.000275, 0.000250, 0.000231
2667, 0.000278, 0.000147, 0.000132
2668, 0.000275, 0.000209, 0.000191
2669, 0.000269, 0.000171, 0.000155
2670, 0.000264, 0.000163, 0.000147
2671, 0.000265, 0.000209, 0.000191
2672, 0.000268, 0.000151, 0.000136
2673, 0.000269, 0.000205, 0.000189
2674, 0.000269, 0.000170, 0.000154
2675, 0.000266, 0.000174, 0.000159
2676, 0.000265, 0.000201, 0.000185
2677, 0.000265, 0.000149, 0.000134
2678, 0.000271, 0.000215, 0.000198
2679, 0.000268, 0.000164, 0.000148
2680, 0.000263, 0.000163, 0.000146
2681, 0.000263, 0.000207, 0.000189
2682, 0.000269, 0.000150, 0.000135
2683, 0.000269, 0.000201, 0.000183
2684, 0.000265, 0.000173, 0.000158
2685, 0.000261, 0.000167, 0.000152
2686, 0.000263, 0.000198, 0.000182
2687, 0.000265, 0.000153, 0.000138
2688, 0.000266, 0.000200, 0.000184
2689, 0.000262, 0.000169, 0.000154
2690, 0.000262, 0.000164, 0.000148
2691, 0.000261, 0.000212, 0.000194
2692, 0.000264, 0.000148, 0.000133
2693, 0.000267, 0.000196, 0.000178
2694, 0.000264, 0.000172, 0.000155
2695, 0.000259, 0.000164, 0.000149
2696, 0.000260, 0.000208, 0.000190
2697, 0.000262, 0.000149, 0.000135
2698, 0.000266, 0.000224, 0.000206
2699, 0.000265, 0.000151, 0.000137
2700, 0.000263, 0.000184, 0.000167
2701, 0.000258, 0.000183, 0.000167
2702, 0.000257, 0.000159, 0.000144
2703, 0.000259, 0.000197, 0.000181
2704, 0.000260, 0.000163, 0.000148
2705, 0.000258, 0.000173, 0.000158
2706, 0.000258, 0.000188, 0.000173
2707, 0.000258, 0.000160, 0.000145
2708, 0.000258, 0.000186, 0.000170
2709, 0.000258, 0.000175, 0.000159
2710, 0.000259, 0.000163, 0.000147
2711, 0.000259, 0.000201, 0.000183
2712, 0.000259, 0.000151, 0.000136
2713, 0.000263, 0.000215, 0.000198
2714, 0.000262, 0.000150, 0.000136
2715, 0.000259, 0.000195, 0.000180
2716, 0.000255, 0.000182, 0.000166
2717, 0.000253, 0.000154, 0.000140
2718, 0.000258, 0.000213, 0.000197
2719, 0.000262, 0.000138, 0.000125
2720, 0.000266, 0.000241, 0.000222
2721, 0.000267, 0.000145, 0.000130
2722, 0.000260, 0.000201, 0.000183
2723, 0.000256, 0.000183, 0.000167
2724, 0.000254, 0.000149, 0.000135
2725, 0.000259, 0.000240, 0.000221
2726, 0.000266, 0.000137, 0.000124
2727, 0.000269, 0.000234, 0.000217
2728, 0.000266, 0.000148, 0.000133
2729, 0.000259, 0.000183, 0.000168
2730, 0.000254, 0.000197, 0.000180
2731, 0.000253, 0.000139, 0.000125
2732, 0.000262, 0.000248, 0.000231
2733, 0.000269, 0.000140, 0.000127
2734, 0.000259, 0.000192, 0.000177
2735, 0.000252, 0.000192, 0.000177
2736, 0.000253, 0.000139, 0.000125
2737, 0.000258, 0.000224, 0.000206
2738, 0.000258, 0.000145, 0.000131
2739, 0.000254, 0.000179, 0.000162
2740, 0.000251, 0.000191, 0.000173
2741, 0.000253, 0.000143, 0.000128
2742, 0.000256, 0.000221, 0.000202
2743, 0.000255, 0.000153, 0.000137
2744, 0.000253, 0.000176, 0.000160
2745, 0.000251, 0.000191, 0.000175
2746, 0.000250, 0.000143, 0.000129
2747, 0.000256, 0.000228, 0.000211
2748, 0.000259, 0.000138, 0.000124
2749, 0.000257, 0.000201, 0.000185
2750, 0.000252, 0.000165, 0.000150
2751, 0.000248, 0.000148, 0.000133
2752, 0.000252, 0.000233, 0.000215
2753, 0.000260, 0.000128, 0.000115
2754, 0.000260, 0.000223, 0.000205
2755, 0.000255, 0.000154, 0.000139
2756, 0.000246, 0.000155, 0.000140
2757, 0.000248, 0.000216, 0.000198
2758, 0.000253, 0.000131, 0.000117
2759, 0.000259, 0.000232, 0.000213
2760, 0.000256, 0.000147, 0.000133
2761, 0.000250, 0.000172, 0.000157
2762, 0.000245, 0.000184, 0.000169
2763, 0.000244, 0.000145, 0.000132
2764, 0.000247, 0.000188, 0.000172
2765, 0.000247, 0.000166, 0.000151
2766, 0.000246, 0.000150, 0.000136
2767, 0.000247, 0.000206, 0.000190
2768, 0.000250, 0.000137, 0.000124
2769, 0.000250, 0.000189, 0.000175
2770, 0.000245, 0.000164, 0.000149
2771, 0.000243, 0.000149, 0.000135
2772, 0.000245, 0.000200, 0.000184
2773, 0.000246, 0.000137, 0.000123
2774, 0.000247, 0.000203, 0.000186
2775, 0.000246, 0.000160, 0.000145
2776, 0.000241, 0.000143, 0.000129
2777, 0.000244, 0.000217, 0.000201
2778, 0.000249, 0.000135, 0.000122
2779, 0.000249, 0.000188, 0.000174
2780, 0.000243, 0.000172, 0.000158
2781, 0.000243, 0.000139, 0.000126
2782, 0.000244, 0.000228, 0.000211
2783, 0.000254, 0.000125, 0.000112
2784, 0.000257, 0.000218, 0.000202
2785, 0.000250, 0.000159, 0.000144
2786, 0.000240, 0.000141, 0.000127
2787, 0.000244, 0.000228, 0.000210
2788, 0.000251, 0.000127, 0.000114
2789, 0.000253, 0.000215, 0.000197
2790, 0.000247, 0.000145, 0.000131
2791, 0.000241, 0.000162, 0.000147
2792, 0.000239, 0.000193, 0.000178
2793, 0.000243, 0.000137, 0.000124
2794, 0.000243, 0.000195, 0.000181
2795, 0.000242, 0.000137, 0.000125
2796, 0.000241, 0.000184, 0.000170
2797, 0.000240, 0.000152, 0.000139
2798, 0.000238, 0.000159, 0.000146
2799, 0.000236, 0.000173, 0.000159
2800, 0.000237, 0.000144, 0.000131
2801, 0.000238, 0.000186, 0.000171
2802, 0.000238, 0.000147, 0.000133
2803, 0.000236, 0.000170, 0.000156
2804, 0.000235, 0.000159, 0.000145
2805, 0.000236, 0.000161, 0.000148
2806, 0.000236, 0.000167, 0.000154
2807, 0.000235, 0.000150, 0.000137
2808, 0.000235, 0.000189, 0.000175
2809, 0.000236, 0.000146, 0.000134
2810, 0.000234, 0.000163, 0.000150
2811, 0.000235, 0.000181, 0.000167
2812, 0.000234, 0.000129, 0.000117
2813, 0.000241, 0.000219, 0.000203
2814, 0.000242, 0.000135, 0.000122
2815, 0.000238, 0.000167, 0.000153
2816, 0.000235, 0.000184, 0.000170
2817, 0.000237, 0.000129, 0.000116
2818, 0.000240, 0.000219, 0.000204
2819, 0.000243, 0.000134, 0.000123
2820, 0.000237, 0.000167, 0.000154
2821, 0.000231, 0.000190, 0.000176
2822, 0.000234, 0.000130, 0.000118
2823, 0.000238, 0.000216, 0.000203
2824, 0.000240, 0.000135, 0.000123
2825, 0.000234, 0.000171, 0.000159
2826, 0.000230, 0.000187, 0.000174
2827, 0.000233, 0.000125, 0.000113
2828, 0.000238, 0.000218, 0.000203
2829, 0.000239, 0.000133, 0.000121
2830, 0.000236, 0.000171, 0.000156
2831, 0.000230, 0.000172, 0.000156
2832, 0.000231, 0.000136, 0.000124
2833, 0.000235, 0.000218, 0.000200
2834, 0.000239, 0.000128, 0.000116
2835, 0.000237, 0.000192, 0.000177
2836, 0.000232, 0.000157, 0.000144
2837, 0.000228, 0.000136, 0.000123
2838, 0.000230, 0.000205, 0.000192
2839, 0.000236, 0.000131, 0.000120
2840, 0.000231, 0.000165, 0.000152
2841, 0.000227, 0.000169, 0.000156
2842, 0.000229, 0.000136, 0.000124
2843, 0.000228, 0.000191, 0.000176
2844, 0.000231, 0.000145, 0.000133
2845, 0.000231, 0.000165, 0.000152
2846, 0.000226, 0.000161, 0.000147
2847, 0.000227, 0.000148, 0.000135
2848, 0.000226, 0.000183, 0.000168
2849, 0.000228, 0.000140, 0.000126
2850, 0.000229, 0.000173, 0.000160
2851, 0.000228, 0.000150, 0.000136
2852, 0.000224, 0.000156, 0.000142
2853, 0.000226, 0.000183, 0.000170
2854, 0.000230, 0.000128, 0.000116
2855, 0.000228, 0.000207, 0.000192
2856, 0.000233, 0.000135, 0.000125
2857, 0.000232, 0.000168, 0.000155
2858, 0.000224, 0.000173, 0.000160
2859, 0.000223, 0.000126, 0.000115
2860, 0.000232, 0.000213, 0.000198
2861, 0.000230, 0.000132, 0.000120
2862, 0.000228, 0.000163, 0.000151
2863, 0.000224, 0.000179, 0.000166
2864, 0.000223, 0.000127, 0.000115
2865, 0.000228, 0.000196, 0.000184
2866, 0.000230, 0.000131, 0.000120
2867, 0.000224, 0.000169, 0.000156
2868, 0.000222, 0.000154, 0.000141
2869, 0.000223, 0.000143, 0.000130
2870, 0.000220, 0.000173, 0.000158
2871, 0.000219, 0.000149, 0.000137
2872, 0.000221, 0.000146, 0.000133
2873, 0.000219, 0.000187, 0.000173
2874, 0.000223, 0.000124, 0.000114
2875, 0.000228, 0.000213, 0.000198
2876, 0.000227, 0.000124, 0.000113
2877, 0.000226, 0.000185, 0.000173
2878, 0.000222, 0.000150, 0.000138
2879, 0.000218, 0.000140, 0.000128
2880, 0.000220, 0.000176, 0.000164
2881, 0.000222, 0.000143, 0.000131
2882, 0.000218, 0.000153, 0.000140
2883, 0.000218, 0.000165, 0.000153
2884, 0.000219, 0.000146, 0.000133
2885, 0.000217, 0.000156, 0.000142
2886, 0.000217, 0.000165, 0.000153
2887, 0.000220, 0.000145, 0.000133
2888, 0.000216, 0.000164, 0.000151
2889, 0.000216, 0.000142, 0.000131
2890, 0.000218, 0.000169, 0.000156
2891, 0.000217, 0.000133, 0.000122
2892, 0.000217, 0.000172, 0.000159
2893, 0.000216, 0.000143, 0.000131
2894, 0.000214, 0.000150, 0.000137
2895, 0.000212, 0.000153, 0.000141
2896, 0.000211, 0.000153, 0.000141
2897, 0.000214, 0.000138, 0.000126
2898, 0.000215, 0.000177, 0.000165
2899, 0.000214, 0.000132, 0.000121
2900, 0.000214, 0.000173, 0.000160
2901, 0.000214, 0.000147, 0.000136
2902, 0.000213, 0.000146, 0.000135
2903, 0.000214, 0.000169, 0.000157
2904, 0.000215, 0.000137, 0.000126
2905, 0.000213, 0.000162, 0.000149
2906, 0.000213, 0.000143, 0.000132
2907, 0.000210, 0.000147, 0.000135
2908, 0.000210, 0.000160, 0.000148
2909, 0.000209, 0.000151, 0.000140
2910, 0.000211, 0.000151, 0.000141
2911, 0.000209, 0.000149, 0.000139
2912, 0.000208, 0.000155, 0.000144
2913, 0.000210, 0.000141, 0.000130
2914, 0.000212, 0.000169, 0.000157
2915, 0.000210, 0.000129, 0.000118
2916, 0.000210, 0.000172, 0.000161
2917, 0.000210, 0.000131, 0.000121
2918, 0.000210, 0.000170, 0.000158
2919, 0.000209, 0.000133, 0.000123
2920, 0.000210, 0.000160, 0.000147
2921, 0.000208, 0.000158, 0.000145
2922, 0.000206, 0.000134, 0.000123
2923, 0.000211, 0.000182, 0.000168
2924, 0.000210, 0.000130, 0.000119
2925, 0.000210, 0.000170, 0.000158
2926, 0.000207, 0.000147, 0.000136
2927, 0.000206, 0.000137, 0.000127
2928, 0.000206, 0.000190, 0.000178
2929, 0.000212, 0.000109, 0.000099
2930, 0.000220, 0.000256, 0.000242
2931, 0.000232, 0.000097, 0.000088
2932, 0.000242, 0.000293, 0.000277
2933, 0.000247, 0.000097, 0.000089
2934, 0.000241, 0.000246, 0.000232
2935, 0.000226, 0.000113, 0.000104
2936, 0.000214, 0.000151, 0.000140
2937, 0.000205, 0.000179, 0.000168
2938, 0.000208, 0.000106, 0.000097
2939, 0.000216, 0.000213, 0.000200
2940, 0.000218, 0.000116, 0.000106
2941, 0.000207, 0.000148, 0.000137
2942, 0.000204, 0.000174, 0.000162
2943, 0.000207, 0.000112, 0.000103
2944, 0.000209, 0.000179, 0.000168
2945, 0.000206, 0.000131, 0.000120
2946, 0.000205, 0.000131, 0.000121
2947, 0.000204, 0.000180, 0.000168
2948, 0.000209, 0.000104, 0.000094
2949, 0.000217, 0.000226, 0.000211
2950, 0.000223, 0.000101, 0.000092
2951, 0.000215, 0.000187, 0.000174
2952, 0.000209, 0.000130, 0.000120
2953, 0.000201, 0.000132, 0.000121
2954, 0.000201, 0.000179, 0.000166
2955, 0.000205, 0.000113, 0.000104
2956, 0.000206, 0.000157, 0.000145
2957, 0.000201, 0.000141, 0.000130
2958, 0.000200, 0.000123, 0.000113
2959, 0.000202, 0.000165, 0.000154
2960, 0.000201, 0.000127, 0.000116
2961, 0.000201, 0.000132, 0.000123
2962, 0.000199, 0.000175, 0.000163
2963, 0.000202, 0.000107, 0.000097
2964, 0.000208, 0.000191, 0.000179
2965, 0.000206, 0.000123, 0.000114
2966, 0.000198, 0.000122, 0.000111
2967, 0.000202, 0.000205, 0.000193
2968, 0.000212, 0.000095, 0.000086
2969, 0.000218, 0.000217, 0.000202
2970, 0.000215, 0.000116, 0.000107
2971, 0.000206, 0.000142, 0.000131
2972, 0.000197, 0.000167, 0.000155
2973, 0.000201, 0.000109, 0.000101
2974, 0.000209, 0.000189, 0.000177
2975, 0.000206, 0.000108, 0.000100
2976, 0.000199, 0.000150, 0.000141
2977, 0.000197, 0.000161, 0.000150
2978, 0.000198, 0.000100, 0.000092
2979, 0.000206, 0.000219, 0.000208
2980, 0.000212, 0.000104, 0.000095
2981, 0.000205, 0.000140, 0.000130
2982, 0.000194, 0.000187, 0.000175
2983, 0.000202, 0.000094, 0.000086
2984, 0.000215, 0.000215, 0.000202
2985, 0.000210, 0.000109, 0.000100
2986, 0.000197, 0.000122, 0.000111
2987, 0.000194, 0.000189, 0.000176
2988, 0.000202, 0.000100, 0.000090
2989, 0.000201, 0.000169, 0.000157
2990, 0.000198, 0.000125, 0.000115
2991, 0.000193, 0.000126, 0.000116
2992, 0.000192, 0.000149, 0.000138
2993, 0.000193, 0.000121, 0.000112
2994, 0.000193, 0.000143, 0.000132
2995, 0.000193, 0.000135, 0.000125
2996, 0.000192, 0.000122, 0.000113
2997, 0.000193, 0.000148, 0.000138
2998, 0.000192, 0.000128, 0.000117
2999, 0.000190, 0.000128, 0.000119
3000, 0.000191, 0.000150, 0.000139
3001, 0.000192, 0.000114, 0.000104
3002, 0.000194, 0.000149, 0.000138
3003, 0.000190, 0.000141, 0.000130
3004, 0.000189, 0.000110, 0.000101
3005, 0.000193, 0.000185, 0.000173
3006, 0.000198, 0.000102, 0.000093
3007, 0.000198, 0.000154, 0.000143
3008, 0.000192, 0.000135, 0.000125
3009, 0.000190, 0.000117, 0.000107
3010, 0.000190, 0.000154, 0.000143
3011, 0.000190, 0.000121, 0.000111
3012, 0.000188, 0.000127, 0.000117
3013, 0.000189, 0.000150, 0.000139
3014, 0.000189, 0.000116, 0.000107
3015, 0.000188, 0.000141, 0.000130
3016, 0.000188, 0.000143, 0.000131
3017, 0.000187, 0.000121, 0.000111
3018, 0.000187, 0.000139, 0.000128
3019, 0.000186, 0.000128, 0.000118
3020, 0.000186, 0.000135, 0.000124
3021, 0.000186, 0.000126, 0.000117
3022, 0.000185, 0.000140, 0.000131
3023, 0.000185, 0.000119, 0.000110
3024, 0.000186, 0.000135, 0.000126
3025, 0.000185, 0.000123, 0.000115
3026, 0.000186, 0.000147, 0.000138
3027, 0.000186, 0.000109, 0.000101
3028, 0.000186, 0.000155, 0.000145
3029, 0.000186, 0.000124, 0.000114
3030, 0.000185, 0.000132, 0.000123
3031, 0.000185, 0.000140, 0.000130
3032, 0.000182, 0.000119, 0.000109
3033, 0.000185, 0.000148, 0.000138
3034, 0.000187, 0.000119, 0.000109
3035, 0.000184, 0.000148, 0.000137
3036, 0.000185, 0.000115, 0.000106
3037, 0.000186, 0.000139, 0.000129
3038, 0.000185, 0.000131, 0.000121
3039, 0.000181, 0.000119, 0.000110
3040, 0.000185, 0.000155, 0.000145
3041, 0.000185, 0.000104, 0.000097
3042, 0.000187, 0.000169, 0.000161
3043, 0.000187, 0.000108, 0.000100
3044, 0.000183, 0.000134, 0.000126
3045, 0.000181, 0.000149, 0.000140
3046, 0.000181, 0.000098, 0.000090
3047, 0.000189, 0.000193, 0.000180
3048, 0.000190, 0.000096, 0.000088
3049, 0.000188, 0.000167, 0.000156
3050, 0.000183, 0.000120, 0.000112
3051, 0.000182, 0.000122, 0.000114
3052, 0.000180, 0.000159, 0.000149
3053, 0.000185, 0.000092, 0.000085
3054, 0.000189, 0.000208, 0.000197
3055, 0.000194, 0.000089, 0.000082
3056, 0.000191, 0.000170, 0.000160
3057, 0.000184, 0.000127, 0.000119
3058, 0.000177, 0.000100, 0.000093
3059, 0.000185, 0.000201, 0.000190
3060, 0.000193, 0.000084, 0.000078
3061, 0.000194, 0.000190, 0.000180
3062, 0.000189, 0.000106, 0.000097
3063, 0.000180, 0.000126, 0.000117
3064, 0.000177, 0.000156, 0.000146
3065, 0.000183, 0.000089, 0.000082
3066, 0.000190, 0.000197, 0.000187
3067, 0.000190, 0.000095, 0.000087
3068, 0.000184, 0.000129, 0.000120
3069, 0.000176, 0.000165, 0.000155
3070, 0.000181, 0.000092, 0.000084
3071, 0.000184, 0.000182, 0.000170
3072, 0.000186, 0.000093, 0.000085
3073, 0.000186, 0.000157, 0.000147
3074, 0.000178, 0.000114, 0.000106
3075, 0.000177, 0.000123, 0.000114
3076, 0.000176, 0.000143, 0.000133
3077, 0.000176, 0.000100, 0.000092
3078, 0.000180, 0.000154, 0.000144
3079, 0.000181, 0.000102, 0.000094
3080, 0.000178, 0.000140, 0.000130
3081, 0.000176, 0.000121, 0.000113
3082, 0.000174, 0.000109, 0.000101
3083, 0.000173, 0.000154, 0.000144
3084, 0.000177, 0.000100, 0.000093
3085, 0.000176, 0.000146, 0.000136
3086, 0.000176, 0.000113, 0.000105
3087, 0.000173, 0.000113, 0.000105
3088, 0.000173, 0.000153, 0.000143
3089, 0.000176, 0.000100, 0.000093
3090, 0.000175, 0.000155, 0.000146
3091, 0.000179, 0.000096, 0.000088
3092, 0.000178, 0.000160, 0.000151
3093, 0.000176, 0.000103, 0.000096
3094, 0.000173, 0.000130, 0.000122
3095, 0.000174, 0.000136, 0.000127
3096, 0.000173, 0.000097, 0.000090
3097, 0.000174, 0.000165, 0.000154
3098, 0.000177, 0.000094, 0.000086
3099, 0.000175, 0.000143, 0.000133
3100, 0.000173, 0.000117, 0.000109
3101, 0.000169, 0.000116, 0.000108
3102, 0.000170, 0.000136, 0.000128
3103, 0.000170, 0.000109, 0.000102
3104, 0.000170, 0.000138, 0.000130
3105, 0.000171, 0.000111, 0.000103
3106, 0.000171, 0.000141, 0.000133
3107, 0.000169, 0.000107, 0.000099
3108, 0.000171, 0.000135, 0.000126
3109, 0.000169, 0.000119, 0.000110
3110, 0.000168, 0.000115, 0.000107
3111, 0.000167, 0.000128, 0.000119
3112, 0.000171, 0.000106, 0.000098
3113, 0.000170, 0.000144, 0.000134
3114, 0.000170, 0.000108, 0.000099
3115, 0.000171, 0.000138, 0.000129
3116, 0.000170, 0.000106, 0.000098
3117, 0.000168, 0.000144, 0.000136
3118, 0.000170, 0.000098, 0.000092
3119, 0.000170, 0.000141, 0.000132
3120, 0.000169, 0.000110, 0.000102
3121, 0.000168, 0.000117, 0.000109
3122, 0.000169, 0.000135, 0.000126
3123, 0.000169, 0.000101, 0.000093
3124, 0.000169, 0.000151, 0.000140
3125, 0.000170, 0.000095, 0.000088
3126, 0.000169, 0.000143, 0.000134
3127, 0.000168, 0.000123, 0.000115
3128, 0.000166, 0.000110, 0.000103
3129, 0.000168, 0.000162, 0.000152
3130, 0.000173, 0.000084, 0.000078
3131, 0.000175, 0.000186, 0.000175
3132, 0.000176, 0.000087, 0.000080
3133, 0.000172, 0.000151, 0.000141
3134, 0.000170, 0.000112, 0.000105
3135, 0.000164, 0.000099, 0.000091
3136, 0.000164, 0.000155, 0.000147
3137, 0.000171, 0.000085, 0.000080
3138, 0.000172, 0.000171, 0.000163
3139, 0.000172, 0.000091, 0.000084
3140, 0.000170, 0.000145, 0.000136
3141, 0.000165, 0.000107, 0.000099
3142, 0.000163, 0.000119, 0.000110
3143, 0.000164, 0.000137, 0.000128
3144, 0.000163, 0.000092, 0.000085
3145, 0.000168, 0.000168, 0.000159
3146, 0.000170, 0.000081, 0.000076
3147, 0.000172, 0.000165, 0.000156
3148, 0.000168, 0.000095, 0.000088
3149, 0.000166, 0.000117, 0.000110
3150, 0.000162, 0.000139, 0.000130
3151, 0.000164, 0.000095, 0.000087
3152, 0.000166, 0.000146, 0.000136
3153, 0.000164, 0.000104, 0.000096
3154, 0.000163, 0.000133, 0.000125
3155, 0.000161, 0.000105, 0.000098
3156, 0.000161, 0.000120, 0.000113
3157, 0.000160, 0.000127, 0.000119
3158, 0.000163, 0.000104, 0.000097
3159, 0.000161, 0.000123, 0.000116
3160, 0.000162, 0.000111, 0.000104
3161, 0.000161, 0.000114, 0.000106
3162, 0.000161, 0.000109, 0.000102
3163, 0.000161, 0.000150, 0.000142
3164, 0.000163, 0.000082, 0.000076
3165, 0.000172, 0.000208, 0.000198
3166, 0.000182, 0.000069, 0.000064
3167, 0.000189, 0.000231, 0.000218
3168, 0.000190, 0.000071, 0.000066
3169, 0.000180, 0.000167, 0.000155
3170, 0.000169, 0.000099, 0.000091
3171, 0.000161, 0.000098, 0.000090
3172, 0.000159, 0.000151, 0.000142
3173, 0.000165, 0.000087, 0.000082
3174, 0.000166, 0.000140, 0.000133
3175, 0.000161, 0.000114, 0.000109
3176, 0.000158, 0.000089, 0.000085
3177, 0.000164, 0.000155, 0.000147
3178, 0.000165, 0.000086, 0.000080
3179, 0.000165, 0.000137, 0.000129
3180, 0.000162, 0.000102, 0.000094
3181, 0.000161, 0.000114, 0.000106
3182, 0.000159, 0.000117, 0.000109
3183, 0.000156, 0.000102, 0.000095
3184, 0.000159, 0.000131, 0.000124
3185, 0.000160, 0.000100, 0.000093
3186, 0.000158, 0.000128, 0.000119
3187, 0.000156, 0.000119, 0.000111
3188, 0.000158, 0.000089, 0.000083
3189, 0.000161, 0.000170, 0.000160
3190, 0.000165, 0.000077, 0.000072
3191, 0.000165, 0.000143, 0.000134
3192, 0.000159, 0.000106, 0.000099
3193, 0.000155, 0.000095, 0.000089
3194, 0.000158, 0.000136, 0.000129
3195, 0.000159, 0.000089, 0.000084
3196, 0.000159, 0.000138, 0.000130
3197, 0.000160, 0.000095, 0.000090
3198, 0.000157, 0.000123, 0.000116
3199, 0.000155, 0.000108, 0.000100
3200, 0.000156, 0.000109, 0.000103
3201, 0.000155, 0.000124, 0.000115
3202, 0.000154, 0.000087, 0.000081
3203, 0.000157, 0.000153, 0.000144
3204, 0.000160, 0.000081, 0.000075
3205, 0.000160, 0.000148, 0.000139
3206, 0.000160, 0.000093, 0.000086
3207, 0.000156, 0.000114, 0.000107
3208, 0.000155, 0.000131, 0.000125
3209, 0.000155, 0.000081, 0.000076
3210, 0.000159, 0.000163, 0.000156
3211, 0.000163, 0.000080, 0.000075
3212, 0.000161, 0.000138, 0.000130
3213, 0.000155, 0.000102, 0.000096
3214, 0.000153, 0.000096, 0.000090
3215, 0.000153, 0.000140, 0.000132
3216, 0.000155, 0.000084, 0.000078
3217, 0.000155, 0.000142, 0.000134
3218, 0.000156, 0.000095, 0.000089
3219, 0.000152, 0.000111, 0.000105
3220, 0.000152, 0.000124, 0.000117
3221, 0.000150, 0.000089, 0.000083
3222, 0.000154, 0.000146, 0.000139
3223, 0.000155, 0.000088, 0.000083
3224, 0.000153, 0.000117, 0.000111
3225, 0.000152, 0.000121, 0.000115
3226, 0.000152, 0.000093, 0.000086
3227, 0.000151, 0.000128, 0.000120
3228, 0.000151, 0.000100, 0.000094
3229, 0.000151, 0.000110, 0.000103
3230, 0.000151, 0.000108, 0.000101
3231, 0.000150, 0.000116, 0.000109
3232, 0.000149, 0.000102, 0.000096
3233, 0.000148, 0.000110, 0.000105
3234, 0.000149, 0.000116, 0.000111
3235, 0.000150, 0.000092, 0.000086
3236, 0.000150, 0.000136, 0.000129
3237, 0.000153, 0.000082, 0.000077
3238, 0.000154, 0.000143, 0.000135
3239, 0.000152, 0.000093, 0.000087
3240, 0.000149, 0.000111, 0.000105
3241, 0.000149, 0.000115, 0.000108
3242, 0.000148, 0.000104, 0.000098
3243, 0.000148, 0.000112, 0.000106
3244, 0.000149, 0.000102, 0.000095
3245, 0.000149, 0.000128, 0.000121
3246, 0.000150, 0.000083, 0.000077
3247, 0.000152, 0.000138, 0.000130
3248, 0.000151, 0.000087, 0.000081
3249, 0.000150, 0.000128, 0.000122
3250, 0.000149, 0.000107, 0.000101
3251, 0.000148, 0.000105, 0.000099
3252, 0.000146, 0.000116, 0.000109
3253, 0.000147, 0.000100, 0.000093
3254, 0.000148, 0.000111, 0.000103
3255, 0.000146, 0.000118, 0.000110
3256, 0.000147, 0.000090, 0.000084
3257, 0.000149, 0.000136, 0.000128
3258, 0.000150, 0.000082, 0.000077
3259, 0.000151, 0.000149, 0.000141
3260, 0.000151, 0.000078, 0.000073
3261, 0.000152, 0.000158, 0.000149
3262, 0.000154, 0.000075, 0.000070
3263, 0.000152, 0.000158, 0.000149
3264, 0.000153, 0.000079, 0.000073
3265, 0.000153, 0.000166, 0.000157
3266, 0.000157, 0.000071, 0.000066
3267, 0.000156, 0.000162, 0.000154
3268, 0.000155, 0.000075, 0.000069
3269, 0.000153, 0.000138, 0.000130
3270, 0.000149, 0.000096, 0.000090
3271, 0.000145, 0.000100, 0.000094
3272, 0.000145, 0.000133, 0.000126
3273, 0.000148, 0.000087, 0.000082
3274, 0.000146, 0.000120, 0.000113
3275, 0.000146, 0.000104, 0.000098
3276, 0.000147, 0.000097, 0.000091
3277, 0.000145, 0.000123, 0.000114
3278, 0.000145, 0.000099, 0.000092
3279, 0.000150, 0.000131, 0.000122
3280, 0.000148, 0.000084, 0.000079
3281, 0.000148, 0.000135, 0.000127
3282, 0.000147, 0.000087, 0.000081
3283, 0.000146, 0.000120, 0.000114
3284, 0.000147, 0.000102, 0.000095
3285, 0.000145, 0.000103, 0.000097
3286, 0.000143, 0.000117, 0.000110
3287, 0.000144, 0.000096, 0.000089
3288, 0.000146, 0.000118, 0.000112
3289, 0.000146, 0.000086, 0.000080
3290, 0.000144, 0.000128, 0.000120
3291, 0.000145, 0.000083, 0.000078
3292, 0.000148, 0.000140, 0.000131
3293, 0.000146, 0.000081, 0.000075
3294, 0.000145, 0.000129, 0.000121
3295, 0.000145, 0.000091, 0.000084
3296, 0.000145, 0.000137, 0.000129
3297, 0.000149, 0.000075, 0.000070
3298, 0.000150, 0.000164, 0.000155
3299, 0.000151, 0.000065, 0.000061
3300, 0.000155, 0.000159, 0.000151
3301, 0.000151, 0.000085, 0.000080
3302, 0.000142, 0.000093, 0.000087
3303, 0.000141, 0.000149, 0.000141
3304, 0.000150, 0.000067, 0.000062
3305, 0.000155, 0.000195, 0.000185
3306, 0.000161, 0.000060, 0.000056
3307, 0.000164, 0.000195, 0.000186
3308, 0.000161, 0.000067, 0.000062
3309, 0.000152, 0.000126, 0.000119
3310, 0.000143, 0.000120, 0.000113
3311, 0.000142, 0.000060, 0.000055
3312, 0.000157, 0.000232, 0.000221
3313, 0.000179, 0.000058, 0.000055
3314, 0.000187, 0.000251, 0.000239
3315, 0.000183, 0.000061, 0.000057
3316, 0.000162, 0.000129, 0.000122
3317, 0.000142, 0.000118, 0.000112
3318, 0.000141, 0.000063, 0.000059
3319, 0.000153, 0.000186, 0.000178
3320, 0.000158, 0.000068, 0.000064
3321, 0.000148, 0.000110, 0.000105
3322, 0.000141, 0.000115, 0.000107
3323, 0.000141, 0.000076, 0.000071
3324, 0.000143, 0.000133, 0.000124
3325, 0.000144, 0.000082, 0.000075
3326, 0.000140, 0.000103, 0.000096
3327, 0.000137, 0.000111, 0.000104
3328, 0.000139, 0.000075, 0.000070
3329, 0.000143, 0.000141, 0.000135
3330, 0.000146, 0.000067, 0.000063
3331, 0.000146, 0.000126, 0.000120
3332, 0.000141, 0.000097, 0.000092
3333, 0.000138, 0.000075, 0.000070
3334, 0.000143, 0.000140, 0.000132
3335, 0.000144, 0.000075, 0.000070
3336, 0.000141, 0.000102, 0.000095
3337, 0.000139, 0.000115, 0.000109
3338, 0.000138, 0.000067, 0.000063
3339, 0.000146, 0.000158, 0.000150
3340, 0.000146, 0.000073, 0.000069
3341, 0.000143, 0.000109, 0.000103
3342, 0.000138, 0.000095, 0.000090
3343, 0.000137, 0.000082, 0.000076
3344, 0.000136, 0.000120, 0.000112
3345, 0.000139, 0.000074, 0.000069
3346, 0.000140, 0.000113, 0.000107
3347, 0.000138, 0.000102, 0.000097
3348, 0.000136, 0.000080, 0.000076
3349, 0.000138, 0.000114, 0.000109
3350, 0.000138, 0.000089, 0.000084
3351, 0.000137, 0.000097, 0.000092
3352, 0.000136, 0.000106, 0.000099
3353, 0.000136, 0.000091, 0.000085
3354, 0.000135, 0.000095, 0.000089
3355, 0.000136, 0.000095, 0.000089
3356, 0.000137, 0.000093, 0.000087
3357, 0.000135, 0.000104, 0.000097
3358, 0.000136, 0.000090, 0.000083
3359, 0.000138, 0.000108, 0.000102
3360, 0.000136, 0.000088, 0.000082
3361, 0.000135, 0.000097, 0.000091
3362, 0.000137, 0.000094, 0.000088
3363, 0.000136, 0.000100, 0.000094
3364, 0.000135, 0.000091, 0.000086
3365, 0.000137, 0.000107, 0.000102
3366, 0.000137, 0.000081, 0.000076
3367, 0.000136, 0.000114, 0.000107
3368, 0.000136, 0.000096, 0.000090
3369, 0.000135, 0.000087, 0.000080
3370, 0.000135, 0.000118, 0.000111
3371, 0.000137, 0.000069, 0.000065
3372, 0.000139, 0.000130, 0.000125
3373, 0.000140, 0.000071, 0.000068
3374, 0.000137, 0.000112, 0.000107
3375, 0.000135, 0.000090, 0.000085
3376, 0.000134, 0.000095, 0.000089
3377, 0.000133, 0.000095, 0.000088
3378, 0.000133, 0.000101, 0.000094
3379, 0.000136, 0.000100, 0.000093
3380, 0.000133, 0.000089, 0.000083
3381, 0.000133, 0.000104, 0.000098
3382, 0.000135, 0.000088, 0.000083
3383, 0.000132, 0.000085, 0.000081
3384, 0.000134, 0.000114, 0.000107
3385, 0.000133, 0.000071, 0.000066
3386, 0.000137, 0.000127, 0.000119
3387, 0.000137, 0.000076, 0.000070
3388, 0.000135, 0.000124, 0.000117
3389, 0.000134, 0.000092, 0.000087
3390, 0.000133, 0.000081, 0.000077
3391, 0.000132, 0.000124, 0.000118
3392, 0.000136, 0.000069, 0.000064
3393, 0.000137, 0.000132, 0.000126
3394, 0.000139, 0.000077, 0.000072
3395, 0.000133, 0.000094, 0.000088
3396, 0.000131, 0.000118, 0.000112
3397, 0.000134, 0.000066, 0.000061
3398, 0.000140, 0.000152, 0.000145
3399, 0.000143, 0.000067, 0.000063
3400, 0.000143, 0.000136, 0.000129
3401, 0.000138, 0.000079, 0.000076
3402, 0.000135, 0.000103, 0.000098
3403, 0.000133, 0.000116, 0.000111
3404, 0.000134, 0.000057, 0.000055
3405, 0.000148, 0.000198, 0.000189
3406, 0.000162, 0.000057, 0.000055
3407, 0.000166, 0.000205, 0.000195
3408, 0.000164, 0.000057, 0.000054
3409, 0.000151, 0.000125, 0.000119
3410, 0.000136, 0.000097, 0.000091
3411, 0.000130, 0.000068, 0.000064
3412, 0.000134, 0.000130, 0.000123
3413, 0.000136, 0.000071, 0.000065
3414, 0.000133, 0.000102, 0.000095
3415, 0.000133, 0.000098, 0.000091
3416, 0.000130, 0.000072, 0.000067
3417, 0.000132, 0.000118, 0.000112
3418, 0.000134, 0.000079, 0.000073
3419, 0.000133, 0.000091, 0.000085
3420, 0.000128, 0.000105, 0.000098
3421, 0.000130, 0.000073, 0.000068
3422, 0.000131, 0.000095, 0.000089
3423, 0.000130, 0.000092, 0.000086
3424, 0.000129, 0.000085, 0.000080
3425, 0.000130, 0.000100, 0.000094
3426, 0.000130, 0.000087, 0.000082
3427, 0.000128, 0.000084, 0.000078
3428, 0.000128, 0.000110, 0.000104
3429, 0.000130, 0.000067, 0.000062
3430, 0.000133, 0.000132, 0.000125
3431, 0.000135, 0.000063, 0.000060
3432, 0.000134, 0.000120, 0.000114
3433, 0.000131, 0.000078, 0.000073
3434, 0.000130, 0.000083, 0.000078
3435, 0.000130, 0.000115, 0.000109
3436, 0.000132, 0.000062, 0.000058
3437, 0.000135, 0.000137, 0.000131
3438, 0.000137, 0.000066, 0.000063
3439, 0.000133, 0.000098, 0.000093
3440, 0.000131, 0.000106, 0.000101
3441, 0.000128, 0.000064, 0.000059
3442, 0.000134, 0.000147, 0.000136
3443, 0.000139, 0.000064, 0.000060
3444, 0.000134, 0.000106, 0.000098
3445, 0.000129, 0.000101, 0.000094
3446, 0.000127, 0.000066, 0.000062
3447, 0.000131, 0.000127, 0.000120
3448, 0.000134, 0.000066, 0.000063
3449, 0.000132, 0.000112, 0.000105
3450, 0.000129, 0.000081, 0.000076
3451, 0.000127, 0.000088, 0.000082
3452, 0.000126, 0.000097, 0.000090
3453, 0.000127, 0.000084, 0.000079
3454, 0.000126, 0.000086, 0.000081
3455, 0.000127, 0.000095, 0.000089
3456, 0.000126, 0.000076, 0.000072
3457, 0.000128, 0.000115, 0.000108
3458, 0.000130, 0.000069, 0.000064
3459, 0.000129, 0.000112, 0.000105
3460, 0.000130, 0.000078, 0.000072
3461, 0.000127, 0.000092, 0.000086
3462, 0.000127, 0.000100, 0.000094
3463, 0.000127, 0.000072, 0.000068
3464, 0.000129, 0.000118, 0.000112
3465, 0.000129, 0.000072, 0.000067
3466, 0.000126, 0.000097, 0.000091
3467, 0.000127, 0.000095, 0.000089
3468, 0.000127, 0.000070, 0.000064
3469, 0.000128, 0.000123, 0.000115
3470, 0.000130, 0.000070, 0.000066
3471, 0.000130, 0.000108, 0.000101
3472, 0.000129, 0.000084, 0.000078
3473, 0.000125, 0.000085, 0.000080
3474, 0.000125, 0.000108, 0.000101
3475, 0.000128, 0.000062, 0.000058
3476, 0.000129, 0.000121, 0.000113
3477, 0.000128, 0.000073, 0.000068
3478, 0.000126, 0.000093, 0.000086
3479, 0.000124, 0.000102, 0.000095
3480, 0.000125, 0.000065, 0.000060
3481, 0.000129, 0.000133, 0.000125
3482, 0.000131, 0.000060, 0.000056
3483, 0.000129, 0.000112, 0.000105
3484, 0.000127, 0.000088, 0.000082
3485, 0.000123, 0.000072, 0.000066
3486, 0.000125, 0.000124, 0.000117
3487, 0.000128, 0.000064, 0.000059
3488, 0.000131, 0.000117, 0.000109
3489, 0.000126, 0.000073, 0.000068
3490, 0.000125, 0.000088, 0.000082
3491, 0.000124, 0.000101, 0.000095
3492, 0.000125, 0.000069, 0.000064
3493, 0.000126, 0.000111, 0.000104
3494, 0.000124, 0.000078, 0.000073
3495, 0.000124, 0.000085, 0.000078
3496, 0.000125, 0.000116, 0.000109
3497, 0.000127, 0.000062, 0.000057
3498, 0.000130, 0.000138, 0.000130
3499, 0.000132, 0.000059, 0.000056
3500, 0.000135, 0.000137, 0.000129
3501, 0.000133, 0.000061, 0.000057
3502, 0.000131, 0.000113, 0.000106
3503, 0.000127, 0.000068, 0.000063
3504, 0.000125, 0.000107, 0.000101
3505, 0.000124, 0.000079, 0.000073
3506, 0.000122, 0.000082, 0.000076
3507, 0.000120, 0.000108, 0.000102
3508, 0.000128, 0.000072, 0.000067
3509, 0.000126, 0.000103, 0.000097
3510, 0.000123, 0.000072, 0.000067
3511, 0.000123, 0.000089, 0.000083
3512, 0.000121, 0.000085, 0.000079
3513, 0.000122, 0.000071, 0.000066
3514, 0.000124, 0.000116, 0.000109
3515, 0.000126, 0.000058, 0.000054
3516, 0.000129, 0.000135, 0.000127
3517, 0.000128, 0.000067, 0.000063
3518, 0.000125, 0.000098, 0.000090
3519, 0.000121, 0.000092, 0.000084
3520, 0.000122, 0.000072, 0.000067
3521, 0.000122, 0.000106, 0.000099
3522, 0.000123, 0.000066, 0.000061
3523, 0.000125, 0.000123, 0.000118
3524, 0.000129, 0.000058, 0.000054
3525, 0.000132, 0.000140, 0.000133
3526, 0.000132, 0.000060, 0.000056
3527, 0.000127, 0.000114, 0.000106
3528, 0.000125, 0.000078, 0.000073
3529, 0.000121, 0.000089, 0.000082
3530, 0.000121, 0.000090, 0.000083
3531, 0.000121, 0.000073, 0.000068
3532, 0.000120, 0.000098, 0.000092
3533, 0.000122, 0.000073, 0.000069
3534, 0.000121, 0.000088, 0.000082
3535, 0.000121, 0.000096, 0.000089
3536, 0.000120, 0.000076, 0.000070
3537, 0.000121, 0.000102, 0.000094
3538, 0.000121, 0.000071, 0.000065
3539, 0.000121, 0.000102, 0.000096
3540, 0.000122, 0.000069, 0.000066
3541, 0.000123, 0.000100, 0.000096
3542, 0.000121, 0.000071, 0.000069
3543, 0.000123, 0.000101, 0.000096
3544, 0.000120, 0.000080, 0.000076
3545, 0.000119, 0.000073, 0.000068
3546, 0.000120, 0.000115, 0.000107
3547, 0.000123, 0.000053, 0.000049
3548, 0.000131, 0.000153, 0.000144
3549, 0.000133, 0.000057, 0.000053
3550, 0.000128, 0.000110, 0.000103
3551, 0.000121, 0.000090, 0.000083
3552, 0.000118, 0.000066, 0.000061
3553, 0.000122, 0.000137, 0.000128
3554, 0.000127, 0.000052, 0.000049
3555, 0.000133, 0.000150, 0.000142
3556, 0.000132, 0.000054, 0.000050
3557, 0.000126, 0.000092, 0.000087
3558, 0.000119, 0.000086, 0.000081
3559, 0.000119, 0.000060, 0.000056
3560, 0.000121, 0.000132, 0.000127
3561, 0.000126, 0.000059, 0.000055
3562, 0.000127, 0.000129, 0.000123
3563, 0.000127, 0.000058, 0.000054
3564, 0.000125, 0.000103, 0.000097
3565, 0.000121, 0.000074, 0.000070
3566, 0.000119, 0.000075, 0.000070
3567, 0.000117, 0.000097, 0.000092
3568, 0.000120, 0.000068, 0.000063
3569, 0.000119, 0.000096, 0.000090
3570, 0.000118, 0.000071, 0.000066
3571, 0.000117, 0.000083, 0.000077
3572, 0.000118, 0.000090, 0.000085
3573, 0.000117, 0.000064, 0.000060
3574, 0.000119, 0.000099, 0.000093
3575, 0.000119, 0.000073, 0.000069
3576, 0.000117, 0.000081, 0.000076
3577, 0.000117, 0.000082, 0.000077
3578, 0.000117, 0.000071, 0.000066
3579, 0.000118, 0.000093, 0.000087
3580, 0.000119, 0.000068, 0.000064
3581, 0.000120, 0.000108, 0.000100
3582, 0.000122, 0.000062, 0.000058
3583, 0.000121, 0.000107, 0.000101
3584, 0.000119, 0.000066, 0.000062
3585, 0.000121, 0.000100, 0.000095
3586, 0.000120, 0.000061, 0.000056
3587, 0.000122, 0.000114, 0.000107
3588, 0.000122, 0.000057, 0.000053
3589, 0.000125, 0.000129, 0.000120
3590, 0.000127, 0.000057, 0.000053
3591, 0.000120, 0.000094, 0.000089
3592, 0.000117, 0.000091, 0.000087
3593, 0.000118, 0.000056, 0.000054
3594, 0.000125, 0.000152, 0.000146
3595, 0.000134, 0.000051, 0.000048
3596, 0.000141, 0.000174, 0.000167
3597, 0.000143, 0.000053, 0.000049
3598, 0.000136, 0.000125, 0.000117
3599, 0.000126, 0.000065, 0.000060
3600, 0.000118, 0.000074, 0.000067
3601, 0.000115, 0.000108, 0.000100
3602, 0.000121, 0.000054, 0.000050
3603, 0.000123, 0.000119, 0.000111
3604, 0.000123, 0.000057, 0.000053
3605, 0.000122, 0.000105, 0.000098
3606, 0.000121, 0.000066, 0.000062
3607, 0.000117, 0.000092, 0.000086
3608, 0.000116, 0.000069, 0.000063
3609, 0.000119, 0.000099, 0.000094
3610, 0.000121, 0.000071, 0.000064
3611, 0.000117, 0.000094, 0.000087
3612, 0.000116, 0.000067, 0.000063
3613, 0.000116, 0.000082, 0.000075
3614, 0.000116, 0.000082, 0.000078
3615, 0.000115, 0.000061, 0.000058
3616, 0.000116, 0.000109, 0.000103
3617, 0.000119, 0.000054, 0.000051
3618, 0.000123, 0.000109, 0.000102
3619, 0.000119, 0.000065, 0.000060
3620, 0.000115, 0.000073, 0.000068
3621, 0.000115, 0.000101, 0.000093
3622, 0.000117, 0.000056, 0.000052
3623, 0.000120, 0.000121, 0.000115
3624, 0.000122, 0.000054, 0.000050
3625, 0.000122, 0.000114, 0.000108
3626, 0.000120, 0.000062, 0.000058
3627, 0.000116, 0.000081, 0.000075
3628, 0.000114, 0.000078, 0.000072
3629, 0.000113, 0.000067, 0.000062
3630, 0.000113, 0.000081, 0.000076
3631, 0.000113, 0.000074, 0.000069
3632, 0.000113, 0.000073, 0.000068
3633, 0.000113, 0.000076, 0.000071
3634, 0.000115, 0.000072, 0.000068
3635, 0.000113, 0.000074, 0.000069
3636, 0.000112, 0.000075, 0.000070
3637, 0.000112, 0.000069, 0.000064
3638, 0.000115, 0.000092, 0.000086
3639, 0.000114, 0.000061, 0.000057
3640, 0.000114, 0.000085, 0.000080
3641, 0.000113, 0.000068, 0.000063
3642, 0.000112, 0.000086, 0.000080
3643, 0.000114, 0.000070, 0.000065
3644, 0.000113, 0.000077, 0.000073
3645, 0.000114, 0.000073, 0.000068
3646, 0.000113, 0.000070, 0.000067
3647, 0.000111, 0.000069, 0.000065
3648, 0.000112, 0.000089, 0.000083
3649, 0.000112, 0.000063, 0.000060
3650, 0.000113, 0.000093, 0.000087
3651, 0.000113, 0.000068, 0.000063
3652, 0.000112, 0.000079, 0.000075
3653, 0.000113, 0.000077, 0.000072
3654, 0.000112, 0.000073, 0.000069
3655, 0.000112, 0.000074, 0.000070
3656, 0.000112, 0.000073, 0.000069
3657, 0.000111, 0.000081, 0.000077
3658, 0.000112, 0.000066, 0.000061
3659, 0.000112, 0.000091, 0.000086
3660, 0.000112, 0.000067, 0.000062
3661, 0.000112, 0.000073, 0.000068
3662, 0.000112, 0.000096, 0.000091
3663, 0.000116, 0.000056, 0.000051
3664, 0.000119, 0.000124, 0.000117
3665, 0.000122, 0.000050, 0.000047
3666, 0.000127, 0.000147, 0.000137
3667, 0.000133, 0.000055, 0.000053
3668, 0.000138, 0.000161, 0.000151
3669, 0.000138, 0.000050, 0.000047
3670, 0.000133, 0.000127, 0.000122
3671, 0.000122, 0.000060, 0.000056
3672, 0.000118, 0.000078, 0.000074
3673, 0.000115, 0.000092, 0.000086
3674, 0.000115, 0.000054, 0.000050
3675, 0.000119, 0.000119, 0.000113
3676, 0.000124, 0.000054, 0.000050
3677, 0.000126, 0.000123, 0.000117
3678, 0.000122, 0.000056, 0.000052
3679, 0.000114, 0.000072, 0.000067
3680, 0.000110, 0.000108, 0.000103
3681, 0.000119, 0.000049, 0.000045
3682, 0.000130, 0.000159, 0.000153
3683, 0.000135, 0.000049, 0.000046
3684, 0.000126, 0.000097, 0.000092
3685, 0.000114, 0.000068, 0.000064
3686, 0.000112, 0.000063, 0.000059
3687, 0.000111, 0.000091, 0.000086
3688, 0.000111, 0.000057, 0.000053
3689, 0.000114, 0.000104, 0.000098
3690, 0.000117, 0.000054, 0.000050
3691, 0.000118, 0.000097, 0.000091
3692, 0.000114, 0.000062, 0.000059
3693, 0.000110, 0.000073, 0.000069
3694, 0.000110, 0.000070, 0.000066
3695, 0.000112, 0.000071, 0.000066
3696, 0.000109, 0.000070, 0.000065
3697, 0.000110, 0.000066, 0.000062
3698, 0.000113, 0.000090, 0.000084
3699, 0.000111, 0.000061, 0.000057
3700, 0.000110, 0.000076, 0.000072
3701, 0.000111, 0.000075, 0.000071
3702, 0.000109, 0.000064, 0.000062
3703, 0.000110, 0.000075, 0.000073
3704, 0.000110, 0.000065, 0.000063
3705, 0.000109, 0.000076, 0.000073
3706, 0.000108, 0.000064, 0.000060
3707, 0.000110, 0.000069, 0.000064
3708, 0.000109, 0.000081, 0.000075
3709, 0.000110, 0.000061, 0.000057
3710, 0.000110, 0.000091, 0.000085
3711, 0.000111, 0.000056, 0.000053
3712, 0.000113, 0.000096, 0.000091
3713, 0.000113, 0.000052, 0.000049
3714, 0.000117, 0.000112, 0.000106
3715, 0.000117, 0.000052, 0.000049
3716, 0.000114, 0.000093, 0.000088
3717, 0.000111, 0.000064, 0.000060
3718, 0.000108, 0.000061, 0.000058
3719, 0.000110, 0.000107, 0.000101
3720, 0.000114, 0.000050, 0.000048
3721, 0.000118, 0.000111, 0.000104
3722, 0.000116, 0.000060, 0.000056
3723, 0.000111, 0.000069, 0.000065
3724, 0.000108, 0.000094, 0.000089
3725, 0.000112, 0.000049, 0.000046
3726, 0.000118, 0.000118, 0.000113
3727, 0.000119, 0.000051, 0.000047
3728, 0.000117, 0.000088, 0.000084
3729, 0.000110, 0.000071, 0.000067
3730, 0.000107, 0.000058, 0.000054
3731, 0.000110, 0.000103, 0.000098
3732, 0.000116, 0.000055, 0.000050
3733, 0.000122, 0.000113, 0.000107
3734, 0.000118, 0.000055, 0.000051
3735, 0.000111, 0.000079, 0.000073
3736, 0.000110, 0.000085, 0.000081
3737, 0.000114, 0.000061, 0.000056
3738, 0.000113, 0.000101, 0.000094
3739, 0.000114, 0.000054, 0.000051
3740, 0.000117, 0.000122, 0.000114
3741, 0.000124, 0.000059, 0.000057
3742, 0.000127, 0.000110, 0.000104
3743, 0.000118, 0.000057, 0.000053
3744, 0.000108, 0.000064, 0.000061
3745, 0.000107, 0.000099, 0.000093
3746, 0.000115, 0.000050, 0.000048
3747, 0.000119, 0.000111, 0.000106
3748, 0.000116, 0.000055, 0.000052
3749, 0.000114, 0.000084, 0.000081
3750, 0.000111, 0.000072, 0.000068
3751, 0.000108, 0.000061, 0.000058
3752, 0.000107, 0.000086, 0.000080
3753, 0.000108, 0.000060, 0.000055
3754, 0.000109, 0.000082, 0.000077
3755, 0.000108, 0.000065, 0.000061
3756, 0.000105, 0.000062, 0.000058
3757, 0.000108, 0.000095, 0.000090
3758, 0.000112, 0.000050, 0.000047
3759, 0.000115, 0.000117, 0.000112
3760, 0.000120, 0.000051, 0.000048
3761, 0.000113, 0.000086, 0.000081
3762, 0.000108, 0.000068, 0.000064
3763, 0.000106, 0.000057, 0.000053
3764, 0.000108, 0.000100, 0.000093
3765, 0.000112, 0.000051, 0.000048
3766, 0.000114, 0.000103, 0.000096
3767, 0.000112, 0.000052, 0.000048
3768, 0.000114, 0.000088, 0.000083
3769, 0.000111, 0.000058, 0.000054
3770, 0.000108, 0.000072, 0.000068
3771, 0.000106, 0.000076, 0.000071
3772, 0.000107, 0.000056, 0.000051
3773, 0.000110, 0.000086, 0.000081
3774, 0.000109, 0.000058, 0.000053
3775, 0.000108, 0.000070, 0.000066
3776, 0.000105, 0.000075, 0.000071
3777, 0.000106, 0.000052, 0.000050
3778, 0.000107, 0.000090, 0.000084
3779, 0.000109, 0.000056, 0.000053
3780, 0.000108, 0.000077, 0.000071
3781, 0.000106, 0.000063, 0.000059
3782, 0.000105, 0.000066, 0.000062
3783, 0.000105, 0.000067, 0.000063
3784, 0.000105, 0.000071, 0.000066
3785, 0.000105, 0.000057, 0.000054
3786, 0.000106, 0.000079, 0.000075
3787, 0.000105, 0.000055, 0.000052
3788, 0.000105, 0.000071, 0.000068
3789, 0.000105, 0.000064, 0.000060
3790, 0.000104, 0.000062, 0.000058
3791, 0.000105, 0.000084, 0.000080
3792, 0.000108, 0.000051, 0.000048
3793, 0.000114, 0.000122, 0.000117
3794, 0.000120, 0.000048, 0.000046
3795, 0.000116, 0.000096, 0.000091
3796, 0.000110, 0.000058, 0.000055
3797, 0.000105, 0.000059, 0.000055
3798, 0.000105, 0.000079, 0.000075
3799, 0.000107, 0.000055, 0.000052
3800, 0.000106, 0.000076, 0.000072
3801, 0.000104, 0.000066, 0.000063
3802, 0.000103, 0.000057, 0.000054
3803, 0.000105, 0.000078, 0.000074
3804, 0.000104, 0.000057, 0.000055
3805, 0.000106, 0.000078, 0.000074
3806, 0.000106, 0.000060, 0.000057
3807, 0.000104, 0.000063, 0.000059
3808, 0.000104, 0.000072, 0.000068
3809, 0.000104, 0.000056, 0.000053
3810, 0.000105, 0.000086, 0.000081
3811, 0.000106, 0.000052, 0.000049
3812, 0.000109, 0.000102, 0.000097
3813, 0.000110, 0.000048, 0.000046
3814, 0.000114, 0.000099, 0.000094
3815, 0.000111, 0.000059, 0.000055
3816, 0.000104, 0.000058, 0.000054
3817, 0.000103, 0.000097, 0.000092
3818, 0.000110, 0.000051, 0.000048
3819, 0.000114, 0.000104, 0.000099
3820, 0.000113, 0.000047, 0.000045
3821, 0.000108, 0.000076, 0.000072
3822, 0.000104, 0.000068, 0.000065
3823, 0.000104, 0.000053, 0.000050
3824, 0.000105, 0.000093, 0.000087
3825, 0.000107, 0.000051, 0.000049
3826, 0.000110, 0.000096, 0.000089
3827, 0.000109, 0.000054, 0.000053
3828, 0.000114, 0.000096, 0.000091
3829, 0.000111, 0.000054, 0.000051
3830, 0.000105, 0.000067, 0.000064
3831, 0.000102, 0.000078, 0.000073
3832, 0.000103, 0.000051, 0.000048
3833, 0.000106, 0.000097, 0.000092
3834, 0.000110, 0.000050, 0.000047
3835, 0.000115, 0.000096, 0.000091
3836, 0.000111, 0.000052, 0.000049
3837, 0.000105, 0.000067, 0.000062
3838, 0.000102, 0.000068, 0.000064
3839, 0.000102, 0.000059, 0.000055
3840, 0.000103, 0.000081, 0.000075
3841, 0.000104, 0.000052, 0.000048
3842, 0.000105, 0.000085, 0.000079
3843, 0.000105, 0.000057, 0.000054
3844, 0.000102, 0.000063, 0.000060
3845, 0.000103, 0.000072, 0.000068
3846, 0.000102, 0.000058, 0.000056
3847, 0.000103, 0.000069, 0.000065
3848, 0.000102, 0.000060, 0.000057
3849, 0.000101, 0.000064, 0.000061
3850, 0.000102, 0.000069, 0.000066
3851, 0.000103, 0.000050, 0.000048
3852, 0.000105, 0.000092, 0.000087
3853, 0.000107, 0.000050, 0.000047
3854, 0.000108, 0.000080, 0.000075
3855, 0.000105, 0.000056, 0.000052
3856, 0.000102, 0.000068, 0.000063
3857, 0.000101, 0.000068, 0.000065
3858, 0.000101, 0.000055, 0.000052
3859, 0.000105, 0.000091, 0.000085
3860, 0.000107, 0.000050, 0.000047
3861, 0.000108, 0.000087, 0.000081
3862, 0.000105, 0.000055, 0.000052
3863, 0.000101, 0.000057, 0.000053
3864, 0.000101, 0.000085, 0.000080
3865, 0.000103, 0.000049, 0.000048
3866, 0.000108, 0.000097, 0.000090
3867, 0.000109, 0.000050, 0.000047
3868, 0.000103, 0.000066, 0.000061
3869, 0.000102, 0.000081, 0.000076
3870, 0.000104, 0.000049, 0.000048
3871, 0.000118, 0.000137, 0.000130
3872, 0.000127, 0.000052, 0.000050
3873, 0.000126, 0.000110, 0.000106
3874, 0.000117, 0.000051, 0.000047
3875, 0.000103, 0.000058, 0.000054
3876, 0.000099, 0.000094, 0.000089
3877, 0.000109, 0.000052, 0.000049
3878, 0.000118, 0.000123, 0.000116
3879, 0.000119, 0.000048, 0.000045
3880, 0.000107, 0.000069, 0.000063
3881, 0.000100, 0.000074, 0.000070
3882, 0.000103, 0.000049, 0.000046
3883, 0.000107, 0.000097, 0.000093
3884, 0.000110, 0.000049, 0.000048
3885, 0.000108, 0.000075, 0.000071
3886, 0.000101, 0.000073, 0.000070
3887, 0.000100, 0.000047, 0.000046
3888, 0.000109, 0.000112, 0.000106
3889, 0.000116, 0.000048, 0.000046
3890, 0.000110, 0.000078, 0.000073
3891, 0.000100, 0.000073, 0.000069
3892, 0.000101, 0.000047, 0.000046
3893, 0.000111, 0.000110, 0.000104
3894, 0.000115, 0.000048, 0.000047
3895, 0.000109, 0.000078, 0.000073
3896, 0.000101, 0.000062, 0.000058
3897, 0.000098, 0.000050, 0.000047
3898, 0.000100, 0.000076, 0.000071
3899, 0.000101, 0.000053, 0.000049
3900, 0.000099, 0.000058, 0.000055
3901, 0.000099, 0.000079, 0.000075
3902, 0.000101, 0.000049, 0.000046
3903, 0.000108, 0.000097, 0.000092
3904, 0.000109, 0.000049, 0.000046
3905, 0.000103, 0.000067, 0.000063
3906, 0.000098, 0.000071, 0.000067
3907, 0.000102, 0.000049, 0.000046
3908, 0.000106, 0.000094, 0.000088
3909, 0.000108, 0.000049, 0.000046
3910, 0.000103, 0.000063, 0.000058
3911, 0.000099, 0.000076, 0.000071
3912, 0.000101, 0.000049, 0.000046
3913, 0.000105, 0.000087, 0.000082
3914, 0.000103, 0.000056, 0.000054
3915, 0.000098, 0.000053, 0.000050
3916, 0.000098, 0.000075, 0.000071
3917, 0.000102, 0.000049, 0.000047
3918, 0.000103, 0.000069, 0.000065
3919, 0.000099, 0.000061, 0.000057
3920, 0.000098, 0.000054, 0.000050
3921, 0.000098, 0.000079, 0.000073
3922, 0.000101, 0.000049, 0.000046
3923, 0.000103, 0.000077, 0.000072
3924, 0.000101, 0.000052, 0.000048
3925, 0.000099, 0.000056, 0.000053
3926, 0.000097, 0.000066, 0.000061
3927, 0.000098, 0.000050, 0.000046
3928, 0.000099, 0.000071, 0.000067
3929, 0.000099, 0.000055, 0.000052
3930, 0.000098, 0.000059, 0.000055
3931, 0.000097, 0.000072, 0.000068
3932, 0.000099, 0.000049, 0.000045
3933, 0.000103, 0.000097, 0.000091
3934, 0.000109, 0.000047, 0.000045
3935, 0.000107, 0.000080, 0.000075
3936, 0.000102, 0.000054, 0.000051
3937, 0.000098, 0.000053, 0.000051
3938, 0.000100, 0.000083, 0.000079
3939, 0.000103, 0.000048, 0.000046
3940, 0.000107, 0.000091, 0.000087
3941, 0.000107, 0.000051, 0.000047
3942, 0.000103, 0.000067, 0.000063
3943, 0.000099, 0.000067, 0.000062
3944, 0.000097, 0.000050, 0.000046
3945, 0.000100, 0.000083, 0.000078
3946, 0.000103, 0.000052, 0.000048
3947, 0.000098, 0.000057, 0.000054
3948, 0.000095, 0.000070, 0.000067
3949, 0.000099, 0.000052, 0.000049
3950, 0.000099, 0.000065, 0.000061
3951, 0.000097, 0.000061, 0.000058
3952, 0.000097, 0.000053, 0.000049
3953, 0.000098, 0.000073, 0.000068
3954, 0.000100, 0.000048, 0.000045
3955, 0.000101, 0.000076, 0.000071
3956, 0.000099, 0.000057, 0.000054
3957, 0.000096, 0.000053, 0.000051
3958, 0.000097, 0.000072, 0.000068
3959, 0.000098, 0.000049, 0.000047
3960, 0.000098, 0.000063, 0.000059
3961, 0.000096, 0.000056, 0.000053
3962, 0.000095, 0.000057, 0.000053
3963, 0.000096, 0.000060, 0.000057
3964, 0.000096, 0.000057, 0.000054
3965, 0.000096, 0.000058, 0.000055
3966, 0.000095, 0.000064, 0.000059
3967, 0.000097, 0.000053, 0.000051
3968, 0.000097, 0.000074, 0.000068
3969, 0.000098, 0.000052, 0.000049
3970, 0.000098, 0.000063, 0.000060
3971, 0.000097, 0.000062, 0.000057
3972, 0.000097, 0.000052, 0.000049
3973, 0.000096, 0.000070, 0.000066
3974, 0.000096, 0.000054, 0.000050
3975, 0.000099, 0.000067, 0.000064
3976, 0.000099, 0.000058, 0.000055
3977, 0.000096, 0.000058, 0.000054
3978, 0.000095, 0.000074, 0.000071
3979, 0.000099, 0.000049, 0.000046
3980, 0.000102, 0.000087, 0.000082
3981, 0.000104, 0.000048, 0.000046
3982, 0.000099, 0.000067, 0.000063
3983, 0.000097, 0.000063, 0.000061
3984, 0.000098, 0.000048, 0.000045
3985, 0.000101, 0.000092, 0.000086
3986, 0.000103, 0.000050, 0.000049
3987, 0.000102, 0.000070, 0.000066
3988, 0.000099, 0.000059, 0.000055
3989, 0.000094, 0.000051, 0.000049
3990, 0.000097, 0.000083, 0.000078
3991, 0.000101, 0.000049, 0.000048
3992, 0.000101, 0.000069, 0.000066
3993, 0.000096, 0.000054, 0.000051
3994, 0.000096, 0.000057, 0.000055
3995, 0.000096, 0.000068, 0.000064
3996, 0.000095, 0.000051, 0.000049
3997, 0.000097, 0.000079, 0.000076
3998, 0.000098, 0.000049, 0.000047
3999, 0.000099, 0.000077, 0.000074
4000, 0.000100, 0.000048, 0.000046
4001, 0.000099, 0.000071, 0.000067
4002, 0.000095, 0.000052, 0.000049
4003, 0.000095, 0.000057, 0.000053
4004, 0.000095, 0.000064, 0.000060
4005, 0.000095, 0.000051, 0.000049
4006, 0.000096, 0.000081, 0.000077
4007, 0.000099, 0.000049, 0.000047
4008, 0.000097, 0.000065, 0.000063
4009, 0.000095, 0.000055, 0.000052
4010, 0.000094, 0.000057, 0.000054
4011, 0.000093, 0.000061, 0.000058
4012, 0.000094, 0.000050, 0.000047
4013, 0.000094, 0.000071, 0.000067
4014, 0.000095, 0.000049, 0.000047
4015, 0.000096, 0.000066, 0.000063
4016, 0.000095, 0.000055, 0.000053
4017, 0.000094, 0.000054, 0.000052
4018, 0.000094, 0.000071, 0.000068
4019, 0.000095, 0.000047, 0.000046
4020, 0.000100, 0.000084, 0.000080
4021, 0.000102, 0.000047, 0.000045
4022, 0.000101, 0.000078, 0.000074
4023, 0.000099, 0.000050, 0.000047
4024, 0.000096, 0.000060, 0.000057
4025, 0.000093, 0.000061, 0.000058
4026, 0.000093, 0.000054, 0.000051
4027, 0.000094, 0.000067, 0.000063
4028, 0.000094, 0.000052, 0.000049
4029, 0.000096, 0.000067, 0.000063
4030, 0.000095, 0.000051, 0.000049
4031, 0.000093, 0.000061, 0.000058
4032, 0.000092, 0.000053, 0.000050
4033, 0.000094, 0.000061, 0.000058
4034, 0.000094, 0.000054, 0.000051
4035, 0.000093, 0.000063, 0.000060
4036, 0.000093, 0.000050, 0.000048
4037, 0.000095, 0.000068, 0.000063
4038, 0.000094, 0.000052, 0.000049
4039, 0.000093, 0.000055, 0.000051
4040, 0.000092, 0.000060, 0.000055
4041, 0.000093, 0.000053, 0.000050
4042, 0.000092, 0.000055, 0.000051
4043, 0.000092, 0.000064, 0.000060
4044, 0.000093, 0.000048, 0.000046
4045, 0.000095, 0.000069, 0.000065
4046, 0.000095, 0.000049, 0.000047
4047, 0.000096, 0.000075, 0.000071
4048, 0.000096, 0.000050, 0.000046
4049, 0.000097, 0.000068, 0.000064
4050, 0.000094, 0.000055, 0.000052
4051, 0.000092, 0.000051, 0.000049
4052, 0.000094, 0.000071, 0.000068
4053, 0.000096, 0.000048, 0.000045
4054, 0.000103, 0.000100, 0.000094
4055, 0.000109, 0.000052, 0.000050
4056, 0.000111, 0.000098, 0.000091
4057, 0.000108, 0.000049, 0.000049
4058, 0.000104, 0.000082, 0.000076
4059, 0.000100, 0.000050, 0.000049
4060, 0.000093, 0.000050, 0.000047
4061, 0.000091, 0.000084, 0.000079
4062, 0.000101, 0.000052, 0.000051
4063, 0.000109, 0.000099, 0.000093
4064, 0.000109, 0.000048, 0.000046
4065, 0.000103, 0.000071, 0.000068
4066, 0.000096, 0.000054, 0.000051
4067, 0.000093, 0.000049, 0.000047
4068, 0.000092, 0.000078, 0.000074
4069, 0.000099, 0.000052, 0.000049
4070, 0.000103, 0.000083, 0.000078
4071, 0.000100, 0.000048, 0.000045
4072, 0.000093, 0.000055, 0.000052
4073, 0.000092, 0.000069, 0.000066
4074, 0.000097, 0.000047, 0.000045
4075, 0.000098, 0.000078, 0.000075
4076, 0.000099, 0.000048, 0.000046
4077, 0.000098, 0.000070, 0.000066
4078, 0.000095, 0.000051, 0.000049
4079, 0.000091, 0.000054, 0.000052
4080, 0.000091, 0.000060, 0.000056
4081, 0.000093, 0.000051, 0.000049
4082, 0.000092, 0.000056, 0.000053
4083, 0.000090, 0.000053, 0.000050
4084, 0.000090, 0.000055, 0.000054
4085, 0.000092, 0.000059, 0.000055
4086, 0.000093, 0.000054, 0.000051
4087, 0.000090, 0.000054, 0.000051
4088, 0.000090, 0.000052, 0.000049
4089, 0.000093, 0.000065, 0.000061
4090, 0.000093, 0.000048, 0.000045
4091, 0.000092, 0.000066, 0.000062
4092, 0.000092, 0.000049, 0.000047
4093, 0.000091, 0.000055, 0.000052
4094, 0.000089, 0.000057, 0.000053
4095, 0.000090, 0.000049, 0.000046
4096, 0.000090, 0.000055, 0.000053
4097, 0.000090, 0.000051, 0.000049
4098, 0.000090, 0.000054, 0.000052
4099, 0.000089, 0.000060, 0.000056
4100, 0.000090, 0.000049, 0.000047
4101, 0.000092, 0.000066, 0.000062
4102, 0.000092, 0.000049, 0.000046
4103, 0.000092, 0.000064, 0.000060
4104, 0.000091, 0.000050, 0.000047
4105, 0.000092, 0.000062, 0.000058
4106, 0.000091, 0.000047, 0.000046
4107, 0.000091, 0.000061, 0.000058
4108, 0.000091, 0.000049, 0.000047
4109, 0.000091, 0.000058, 0.000055
4110, 0.000089, 0.000051, 0.000047
4111, 0.000090, 0.000056, 0.000052
4112, 0.000091, 0.000052, 0.000049
4113, 0.000089, 0.000057, 0.000055
4114, 0.000090, 0.000054, 0.000052
4115, 0.000090, 0.000053, 0.000050
4116, 0.000090, 0.000055, 0.000052
4117, 0.000090, 0.000049, 0.000046
4118, 0.000090, 0.000055, 0.000052
4119, 0.000090, 0.000055, 0.000052
4120, 0.000090, 0.000051, 0.000048
4121, 0.000091, 0.000063, 0.000060
4122, 0.000090, 0.000047, 0.000045
4123, 0.000093, 0.000067, 0.000063
4124, 0.000092, 0.000049, 0.000047
4125, 0.000093, 0.000063, 0.000058
4126, 0.000091, 0.000055, 0.000052
4127, 0.000089, 0.000050, 0.000049
4128, 0.000092, 0.000066, 0.000063
4129, 0.000093, 0.000047, 0.000046
4130, 0.000093, 0.000073, 0.000071
4131, 0.000096, 0.000051, 0.000050
4132, 0.000095, 0.000069, 0.000065
4133, 0.000092, 0.000049, 0.000047
4134, 0.000090, 0.000057, 0.000053
4135, 0.000090, 0.000056, 0.000054
4136, 0.000090, 0.000046, 0.000045
4137, 0.000091, 0.000077, 0.000074
4138, 0.000097, 0.000049, 0.000048
4139, 0.000100, 0.000086, 0.000082
4140, 0.000101, 0.000048, 0.000047
4141, 0.000098, 0.000073, 0.000070
4142, 0.000094, 0.000050, 0.000047
4143, 0.000091, 0.000053, 0.000051
4144, 0.000089, 0.000059, 0.000056
4145, 0.000089, 0.000047, 0.000045
4146, 0.000094, 0.000076, 0.000073
4147, 0.000098, 0.000049, 0.000047
4148, 0.000098, 0.000082, 0.000077
4149, 0.000098, 0.000050, 0.000049
4150, 0.000094, 0.000060, 0.000056
4151, 0.000091, 0.000063, 0.000060
4152, 0.000089, 0.000048, 0.000047
4153, 0.000095, 0.000087, 0.000082
4154, 0.000102, 0.000050, 0.000049
4155, 0.000100, 0.000073, 0.000069
4156, 0.000094, 0.000047, 0.000046
4157, 0.000089, 0.000050, 0.000049
4158, 0.000089, 0.000068, 0.000065
4159, 0.000093, 0.000048, 0.000047
4160, 0.000095, 0.000077, 0.000074
4161, 0.000097, 0.000051, 0.000049
4162, 0.000097, 0.000063, 0.000060
4163, 0.000091, 0.000051, 0.000048
4164, 0.000087, 0.000049, 0.000047
4165, 0.000089, 0.000070, 0.000066
4166, 0.000094, 0.000049, 0.000047
4167, 0.000097, 0.000081, 0.000076
4168, 0.000097, 0.000049, 0.000047
4169, 0.000093, 0.000062, 0.000058
4170, 0.000089, 0.000052, 0.000050
4171, 0.000088, 0.000049, 0.000046
4172, 0.000091, 0.000078, 0.000074
4173, 0.000097, 0.000049, 0.000047
4174, 0.000100, 0.000076, 0.000071
4175, 0.000096, 0.000047, 0.000046
4176, 0.000091, 0.000052, 0.000050
4177, 0.000088, 0.000056, 0.000053
4178, 0.000087, 0.000045, 0.000044
4179, 0.000092, 0.000075, 0.000072
4180, 0.000097, 0.000050, 0.000049
4181, 0.000098, 0.000075, 0.000072
4182, 0.000096, 0.000048, 0.000046
4183, 0.000091, 0.000053, 0.000051
4184, 0.000087, 0.000052, 0.000049
4185, 0.000086, 0.000047, 0.000045
4186, 0.000088, 0.000057, 0.000054
4187, 0.000087, 0.000048, 0.000046
4188, 0.000087, 0.000052, 0.000050
4189, 0.000086, 0.000055, 0.000053
4190, 0.000087, 0.000047, 0.000046
4191, 0.000088, 0.000066, 0.000064
4192, 0.000093, 0.000049, 0.000047
4193, 0.000093, 0.000060, 0.000058
4194, 0.000089, 0.000048, 0.000047
4195, 0.000085, 0.000049, 0.000047
4196, 0.000088, 0.000063, 0.000061
4197, 0.000091, 0.000048, 0.000047
4198, 0.000091, 0.000060, 0.000058
4199, 0.000087, 0.000048, 0.000047
4200, 0.000087, 0.000048, 0.000046
4201, 0.000086, 0.000066, 0.000063
4202, 0.000090, 0.000048, 0.000047
4203, 0.000095, 0.000071, 0.000067
4204, 0.000095, 0.000049, 0.000047
4205, 0.000093, 0.000055, 0.000052
4206, 0.000088, 0.000055, 0.000051
4207, 0.000088, 0.000047, 0.000045
4208, 0.000088, 0.000063, 0.000060
4209, 0.000090, 0.000050, 0.000048
4210, 0.000089, 0.000057, 0.000054
4211, 0.000087, 0.000052, 0.000049
4212, 0.000085, 0.000047, 0.000045
4213, 0.000089, 0.000063, 0.000061
4214, 0.000091, 0.000049, 0.000047
4215, 0.000089, 0.000058, 0.000055
4216, 0.000087, 0.000050, 0.000049
4217, 0.000086, 0.000051, 0.000048
4218, 0.000086, 0.000056, 0.000053
4219, 0.000086, 0.000047, 0.000046
4220, 0.000088, 0.000061, 0.000058
4221, 0.000088, 0.000048, 0.000047
4222, 0.000088, 0.000050, 0.000048
4223, 0.000085, 0.000055, 0.000052
4224, 0.000086, 0.000047, 0.000046
4225, 0.000090, 0.000067, 0.000063
4226, 0.000092, 0.000048, 0.000047
4227, 0.000089, 0.000059, 0.000057
4228, 0.000086, 0.000051, 0.000049
4229, 0.000085, 0.000050, 0.000048
4230, 0.000085, 0.000055, 0.000051
4231, 0.000085, 0.000047, 0.000046
4232, 0.000086, 0.000050, 0.000048
4233, 0.000085, 0.000050, 0.000048
4234, 0.000085, 0.000051, 0.000050
4235, 0.000085, 0.000048, 0.000047
4236, 0.000083, 0.000047, 0.000045
4237, 0.000085, 0.000064, 0.000062
4238, 0.000090, 0.000050, 0.000049
4239, 0.000093, 0.000071, 0.000067
4240, 0.000090, 0.000048, 0.000047
4241, 0.000086, 0.000050, 0.000048
4242, 0.000086, 0.000063, 0.000060
4243, 0.000089, 0.000050, 0.000049
4244, 0.000096, 0.000083, 0.000079
4245, 0.000099, 0.000051, 0.000050
4246, 0.000095, 0.000064, 0.000062
4247, 0.000090, 0.000049, 0.000047
4248, 0.000086, 0.000047, 0.000046
4249, 0.000087, 0.000065, 0.000062
4250, 0.000090, 0.000048, 0.000047
4251, 0.000090, 0.000065, 0.000061
4252, 0.000090, 0.000052, 0.000050
4253, 0.000087, 0.000053, 0.000051
4254, 0.000085, 0.000051, 0.000050
4255, 0.000085, 0.000052, 0.000050
4256, 0.000085, 0.000052, 0.000050
4257, 0.000084, 0.000049, 0.000047
4258, 0.000084, 0.000055, 0.000052
4259, 0.000085, 0.000048, 0.000046
4260, 0.000085, 0.000057, 0.000054
4261, 0.000085, 0.000050, 0.000049
4262, 0.000085, 0.000050, 0.000050
4263, 0.000085, 0.000054, 0.000052
4264, 0.000084, 0.000049, 0.000047
4265, 0.000088, 0.000067, 0.000063
4266, 0.000092, 0.000050, 0.000047
4267, 0.000090, 0.000058, 0.000055
4268, 0.000086, 0.000050, 0.000049
4269, 0.000085, 0.000053, 0.000051
4270, 0.000087, 0.000053, 0.000052
4271, 0.000086, 0.000050, 0.000048
4272, 0.000084, 0.000052, 0.000049
4273, 0.000083, 0.000049, 0.000047
4274, 0.000085, 0.000052, 0.000049
4275, 0.000084, 0.000050, 0.000047
4276, 0.000082, 0.000050, 0.000048
4277, 0.000084, 0.000057, 0.000054
4278, 0.000084, 0.000048, 0.000047
4279, 0.000084, 0.000058, 0.000057
4280, 0.000085, 0.000049, 0.000048
4281, 0.000085, 0.000059, 0.000057
4282, 0.000086, 0.000048, 0.000046
4283, 0.000084, 0.000052, 0.000050
4284, 0.000083, 0.000048, 0.000047
4285, 0.000083, 0.000049, 0.000048
4286, 0.000083, 0.000052, 0.000050
4287, 0.000083, 0.000048, 0.000047
4288, 0.000083, 0.000054, 0.000052
4289, 0.000083, 0.000048, 0.000046
4290, 0.000084, 0.000052, 0.000049
4291, 0.000084, 0.000046, 0.000044
4292, 0.000083, 0.000050, 0.000048
4293, 0.000082, 0.000049, 0.000047
4294, 0.000083, 0.000050, 0.000048
4295, 0.000082, 0.000050, 0.000047
4296, 0.000083, 0.000056, 0.000053
4297, 0.000083, 0.000049, 0.000047
4298, 0.000083, 0.000052, 0.000049
4299, 0.000083, 0.000049, 0.000047
4300, 0.000083, 0.000053, 0.000050
4301, 0.000083, 0.000046, 0.000045
4302, 0.000084, 0.000059, 0.000056
4303, 0.000085, 0.000047, 0.000046
4304, 0.000089, 0.000066, 0.000063
4305, 0.000088, 0.000049, 0.000048
4306, 0.000088, 0.000068, 0.000064
4307, 0.000089, 0.000049, 0.000047
4308, 0.000087, 0.000063, 0.000059
4309, 0.000087, 0.000049, 0.000047
4310, 0.000085, 0.000054, 0.000053
4311, 0.000083, 0.000051, 0.000050
4312, 0.000083, 0.000046, 0.000046
4313, 0.000085, 0.000067, 0.000064
4314, 0.000090, 0.000053, 0.000052
4315, 0.000096, 0.000088, 0.000085
4316, 0.000106, 0.000069, 0.000068
4317, 0.000116, 0.000128, 0.000122
4318, 0.000128, 0.000081, 0.000082
4319, 0.000127, 0.000108, 0.000102
4320, 0.000113, 0.000050, 0.000050
4321, 0.000091, 0.000047, 0.000045
4322, 0.000082, 0.000082, 0.000076
4323, 0.000099, 0.000069, 0.000068
4324, 0.000113, 0.000096, 0.000090
4325, 0.000110, 0.000055, 0.000054
4326, 0.000093, 0.000053, 0.000052
4327, 0.000085, 0.000061, 0.000058
4328, 0.000085, 0.000055, 0.000054
4329, 0.000095, 0.000074, 0.000070
4330, 0.000097, 0.000050, 0.000048
4331, 0.000089, 0.000050, 0.000047
4332, 0.000082, 0.000055, 0.000054
4333, 0.000084, 0.000052, 0.000052
4334, 0.000092, 0.000076, 0.000072
4335, 0.000096, 0.000054, 0.000053
4336, 0.000092, 0.000060, 0.000056
4337, 0.000086, 0.000051, 0.000048
4338, 0.000083, 0.000049, 0.000048
4339, 0.000088, 0.000074, 0.000071
4340, 0.000093, 0.000048, 0.000047
4341, 0.000088, 0.000049, 0.000047
4342, 0.000081, 0.000053, 0.000051
4343, 0.000083, 0.000048, 0.000047
4344, 0.000087, 0.000063, 0.000059
4345, 0.000086, 0.000048, 0.000046
4346, 0.000084, 0.000048, 0.000046
4347, 0.000081, 0.000050, 0.000047
4348, 0.000082, 0.000048, 0.000046
4349, 0.000081, 0.000051, 0.000049
4350, 0.000083, 0.000049, 0.000047
4351, 0.000081, 0.000048, 0.000046
4352, 0.000080, 0.000046, 0.000044
4353, 0.000080, 0.000048, 0.000045
4354, 0.000082, 0.000046, 0.000045
4355, 0.000082, 0.000055, 0.000053
4356, 0.000083, 0.000049, 0.000048
4357, 0.000083, 0.000050, 0.000048
4358, 0.000081, 0.000052, 0.000050
4359, 0.000082, 0.000049, 0.000047
4360, 0.000083, 0.000053, 0.000052
4361, 0.000084, 0.000047, 0.000045
4362, 0.000083, 0.000052, 0.000050
4363, 0.000081, 0.000049, 0.000047
4364, 0.000081, 0.000047, 0.000045
4365, 0.000082, 0.000055, 0.000052
4366, 0.000082, 0.000047, 0.000047
4367, 0.000082, 0.000051, 0.000049
4368, 0.000082, 0.000047, 0.000046
4369, 0.000080, 0.000048, 0.000047
4370, 0.000080, 0.000051, 0.000049
4371, 0.000081, 0.000047, 0.000046
4372, 0.000080, 0.000049, 0.000047
4373, 0.000080, 0.000050, 0.000047
4374, 0.000082, 0.000051, 0.000049
4375, 0.000082, 0.000047, 0.000047
4376, 0.000081, 0.000051, 0.000049
4377, 0.000080, 0.000047, 0.000046
4378, 0.000080, 0.000047, 0.000047
4379, 0.000081, 0.000053, 0.000050
4380, 0.000081, 0.000047, 0.000045
4381, 0.000082, 0.000058, 0.000055
4382, 0.000084, 0.000047, 0.000046
4383, 0.000083, 0.000050, 0.000048
4384, 0.000080, 0.000050, 0.000049
4385, 0.000082, 0.000048, 0.000047
4386, 0.000081, 0.000055, 0.000052
4387, 0.000081, 0.000048, 0.000048
4388, 0.000082, 0.000049, 0.000047
4389, 0.000080, 0.000047, 0.000046
4390, 0.000080, 0.000046, 0.000046
4391, 0.000081, 0.000050, 0.000048
4392, 0.000080, 0.000047, 0.000045
4393, 0.000080, 0.000048, 0.000047
4394, 0.000079, 0.000048, 0.000046
4395, 0.000079, 0.000048, 0.000045
4396, 0.000079, 0.000050, 0.000048
4397, 0.000080, 0.000048, 0.000047
4398, 0.000081, 0.000048, 0.000047
4399, 0.000079, 0.000050, 0.000049
4400, 0.000081, 0.000051, 0.000050
4401, 0.000082, 0.000047, 0.000045
4402, 0.000080, 0.000048, 0.000046
4403, 0.000080, 0.000050, 0.000048
4404, 0.000082, 0.000051, 0.000049
4405, 0.000081, 0.000048, 0.000047
4406, 0.000078, 0.000050, 0.000048
4407, 0.000080, 0.000050, 0.000048
4408, 0.000080, 0.000051, 0.000049
4409, 0.000080, 0.000049, 0.000047
4410, 0.000079, 0.000052, 0.000050
4411, 0.000080, 0.000048, 0.000047
4412, 0.000080, 0.000049, 0.000048
4413, 0.000080, 0.000052, 0.000051
4414, 0.000080, 0.000047, 0.000046
4415, 0.000082, 0.000055, 0.000052
4416, 0.000083, 0.000048, 0.000048
4417, 0.000081, 0.000049, 0.000047
4418, 0.000079, 0.000058, 0.000055
4419, 0.000083, 0.000053, 0.000054
4420, 0.000089, 0.000074, 0.000071
4421, 0.000092, 0.000055, 0.000056
4422, 0.000090, 0.000058, 0.000057
4423, 0.000084, 0.000048, 0.000046
4424, 0.000079, 0.000051, 0.000049
4425, 0.000085, 0.000081, 0.000076
4426, 0.000103, 0.000074, 0.000073
4427, 0.000109, 0.000080, 0.000076
4428, 0.000098, 0.000048, 0.000048
4429, 0.000081, 0.000049, 0.000048
4430, 0.000082, 0.000074, 0.000071
4431, 0.000093, 0.000062, 0.000062
4432, 0.000098, 0.000070, 0.000065
4433, 0.000091, 0.000049, 0.000049
4434, 0.000081, 0.000047, 0.000046
4435, 0.000079, 0.000061, 0.000058
4436, 0.000086, 0.000057, 0.000057
4437, 0.000091, 0.000063, 0.000060
4438, 0.000089, 0.000049, 0.000047
4439, 0.000081, 0.000048, 0.000046
4440, 0.000078, 0.000054, 0.000051
4441, 0.000080, 0.000052, 0.000050
4442, 0.000086, 0.000064, 0.000061
4443, 0.000087, 0.000049, 0.000048
4444, 0.000082, 0.000049, 0.000047
4445, 0.000080, 0.000054, 0.000052
4446, 0.000081, 0.000053, 0.000052
4447, 0.000087, 0.000066, 0.000062
4448, 0.000090, 0.000051, 0.000051
4449, 0.000084, 0.000049, 0.000048
4450, 0.000078, 0.000051, 0.000050
4451, 0.000079, 0.000050, 0.000049
4452, 0.000082, 0.000055, 0.000052
4453, 0.000081, 0.000047, 0.000046
4454, 0.000078, 0.000049, 0.000047
4455, 0.000078, 0.000058, 0.000055
4456, 0.000082, 0.000050, 0.000050
4457, 0.000082, 0.000055, 0.000053
4458, 0.000080, 0.000047, 0.000047
4459, 0.000078, 0.000049, 0.000048
4460, 0.000078, 0.000056, 0.000053
4461, 0.000080, 0.000048, 0.000047
4462, 0.000079, 0.000049, 0.000047
4463, 0.000078, 0.000050, 0.000048
4464, 0.000078, 0.000046, 0.000047
4465, 0.000078, 0.000050, 0.000050
4466, 0.000079, 0.000049, 0.000049
4467, 0.000079, 0.000050, 0.000049
4468, 0.000078, 0.000047, 0.000045
4469, 0.000077, 0.000050, 0.000048
4470, 0.000079, 0.000047, 0.000046
4471, 0.000079, 0.000049, 0.000046
4472, 0.000078, 0.000047, 0.000045
4473, 0.000076, 0.000046, 0.000046
4474, 0.000079, 0.000051, 0.000049
4475, 0.000078, 0.000047, 0.000046
4476, 0.000079, 0.000053, 0.000051
4477, 0.000080, 0.000052, 0.000050
4478, 0.000081, 0.000053, 0.000051
4479, 0.000079, 0.000046, 0.000045
4480, 0.000077, 0.000049, 0.000047
4481, 0.000079, 0.000049, 0.000047
4482, 0.000078, 0.000047, 0.000046
4483, 0.000077, 0.000050, 0.000047
4484, 0.000078, 0.000048, 0.000047
4485, 0.000077, 0.000048, 0.000046
4486, 0.000077, 0.000052, 0.000050
4487, 0.000078, 0.000047, 0.000047
4488, 0.000078, 0.000048, 0.000046
4489, 0.000075, 0.000048, 0.000046
4490, 0.000076, 0.000047, 0.000046
4491, 0.000078, 0.000053, 0.000051
4492, 0.000078, 0.000047, 0.000047
4493, 0.000078, 0.000050, 0.000048
4494, 0.000077, 0.000049, 0.000047
4495, 0.000077, 0.000047, 0.000047
4496, 0.000078, 0.000053, 0.000051
4497, 0.000080, 0.000049, 0.000049
4498, 0.000081, 0.000052, 0.000051
4499, 0.000080, 0.000047, 0.000046
4500, 0.000077, 0.000047, 0.000045
4501, 0.000077, 0.000049, 0.000048
4502, 0.000078, 0.000049, 0.000048
4503, 0.000079, 0.000054, 0.000051
4504, 0.000080, 0.000048, 0.000046
4505, 0.000077, 0.000048, 0.000046
4506, 0.000076, 0.000049, 0.000046
4507, 0.000078, 0.000048, 0.000047
4508, 0.000078, 0.000056, 0.000054
4509, 0.000080, 0.000052, 0.000051
4510, 0.000083, 0.000059, 0.000055
4511, 0.000082, 0.000048, 0.000047
4512, 0.000078, 0.000048, 0.000046
4513, 0.000077, 0.000055, 0.000052
4514, 0.000080, 0.000051, 0.000050
4515, 0.000080, 0.000062, 0.000059
4516, 0.000084, 0.000054, 0.000053
4517, 0.000083, 0.000052, 0.000050
4518, 0.000079, 0.000047, 0.000045
4519, 0.000076, 0.000050, 0.000048
4520, 0.000077, 0.000051, 0.000049
4521, 0.000078, 0.000050, 0.000048
4522, 0.000079, 0.000055, 0.000053
4523, 0.000079, 0.000050, 0.000050
4524, 0.000080, 0.000052, 0.000050
4525, 0.000078, 0.000048, 0.000048
4526, 0.000076, 0.000047, 0.000047
4527, 0.000074, 0.000053, 0.000051
4528, 0.000077, 0.000049, 0.000049
4529, 0.000078, 0.000048, 0.000047
4530, 0.000076, 0.000049, 0.000048
4531, 0.000075, 0.000049, 0.000049
4532, 0.000079, 0.000058, 0.000056
4533, 0.000082, 0.000053, 0.000052
4534, 0.000080, 0.000053, 0.000052
4535, 0.000078, 0.000048, 0.000047
4536, 0.000075, 0.000047, 0.000046
4537, 0.000075, 0.000048, 0.000048
4538, 0.000077, 0.000048, 0.000048
4539, 0.000079, 0.000057, 0.000055
4540, 0.000081, 0.000053, 0.000054
4541, 0.000083, 0.000060, 0.000056
4542, 0.000080, 0.000048, 0.000047
4543, 0.000077, 0.000048, 0.000046
4544, 0.000076, 0.000052, 0.000050
4545, 0.000077, 0.000049, 0.000049
4546, 0.000078, 0.000050, 0.000049
4547, 0.000077, 0.000045, 0.000045
4548, 0.000075, 0.000046, 0.000045
4549, 0.000075, 0.000048, 0.000047
4550, 0.000074, 0.000049, 0.000047
4551, 0.000073, 0.000048, 0.000047
4552, 0.000075, 0.000050, 0.000049
4553, 0.000075, 0.000050, 0.000048
4554, 0.000076, 0.000047, 0.000048
4555, 0.000077, 0.000052, 0.000051
4556, 0.000077, 0.000047, 0.000046
4557, 0.000076, 0.000048, 0.000047
4558, 0.000074, 0.000048, 0.000047
4559, 0.000075, 0.000048, 0.000047
4560, 0.000075, 0.000051, 0.000050
4561, 0.000077, 0.000047, 0.000047
4562, 0.000075, 0.000050, 0.000048
4563, 0.000075, 0.000047, 0.000047
4564, 0.000075, 0.000046, 0.000045
4565, 0.000076, 0.000050, 0.000049
4566, 0.000075, 0.000047, 0.000047
4567, 0.000076, 0.000050, 0.000049
4568, 0.000076, 0.000051, 0.000049
4569, 0.000075, 0.000048, 0.000049
4570, 0.000077, 0.000056, 0.000053
4571, 0.000079, 0.000055, 0.000055
4572, 0.000083, 0.000063, 0.000062
4573, 0.000085, 0.000050, 0.000049
4574, 0.000078, 0.000050, 0.000048
4575, 0.000075, 0.000049, 0.000050
4576, 0.000076, 0.000050, 0.000049
4577, 0.000076, 0.000051, 0.000049
4578, 0.000076, 0.000049, 0.000049
4579, 0.000077, 0.000053, 0.000050
4580, 0.000077, 0.000048, 0.000046
4581, 0.000073, 0.000047, 0.000046
4582, 0.000075, 0.000050, 0.000048
4583, 0.000075, 0.000047, 0.000047
4584, 0.000076, 0.000050, 0.000049
4585, 0.000075, 0.000046, 0.000045
4586, 0.000073, 0.000047, 0.000046
4587, 0.000074, 0.000052, 0.000051
4588, 0.000075, 0.000049, 0.000049
4589, 0.000075, 0.000048, 0.000047
4590, 0.000074, 0.000050, 0.000049
4591, 0.000074, 0.000048, 0.000047
4592, 0.000075, 0.000052, 0.000051
4593, 0.000077, 0.000049, 0.000049
4594, 0.000077, 0.000049, 0.000048
4595, 0.000075, 0.000047, 0.000046
4596, 0.000073, 0.000047, 0.000047
4597, 0.000073, 0.000049, 0.000048
4598, 0.000074, 0.000049, 0.000047
4599, 0.000073, 0.000050, 0.000048
4600, 0.000073, 0.000047, 0.000047
4601, 0.000074, 0.000047, 0.000047
4602, 0.000075, 0.000050, 0.000050
4603, 0.000075, 0.000049, 0.000049
4604, 0.000077, 0.000057, 0.000056
4605, 0.000079, 0.000053, 0.000054
4606, 0.000080, 0.000055, 0.000053
4607, 0.000077, 0.000048, 0.000047
4608, 0.000073, 0.000047, 0.000047
4609, 0.000074, 0.000057, 0.000055
4610, 0.000078, 0.000056, 0.000056
4611, 0.000084, 0.000065, 0.000063
4612, 0.000088, 0.000057, 0.000057
4613, 0.000083, 0.000052, 0.000050
4614, 0.000073, 0.000051, 0.000050
4615, 0.000073, 0.000053, 0.000052
4616, 0.000078, 0.000059, 0.000056
4617, 0.000079, 0.000053, 0.000054
4618, 0.000081, 0.000052, 0.000050
4619, 0.000076, 0.000045, 0.000045
4620, 0.000071, 0.000047, 0.000047
4621, 0.000074, 0.000055, 0.000052
4622, 0.000077, 0.000052, 0.000051
4623, 0.000078, 0.000055, 0.000052
4624, 0.000076, 0.000048, 0.000047
4625, 0.000074, 0.000048, 0.000047
4626, 0.000072, 0.000050, 0.000050
4627, 0.000074, 0.000049, 0.000050
4628, 0.000075, 0.000054, 0.000052
4629, 0.000076, 0.000048, 0.000049
4630, 0.000076, 0.000052, 0.000049
4631, 0.000075, 0.000047, 0.000047
4632, 0.000073, 0.000047, 0.000047
4633, 0.000073, 0.000048, 0.000047
4634, 0.000072, 0.000047, 0.000047
4635, 0.000072, 0.000048, 0.000047
4636, 0.000072, 0.000047, 0.000046
4637, 0.000073, 0.000048, 0.000046
4638, 0.000072, 0.000047, 0.000046
4639, 0.000074, 0.000049, 0.000047
4640, 0.000073, 0.000048, 0.000047
4641, 0.000072, 0.000048, 0.000047
4642, 0.000072, 0.000050, 0.000048
4643, 0.000073, 0.000050, 0.000048
4644, 0.000073, 0.000048, 0.000047
4645, 0.000073, 0.000046, 0.000046
4646, 0.000073, 0.000048, 0.000048
4647, 0.000073, 0.000046, 0.000046
4648, 0.000073, 0.000047, 0.000046
4649, 0.000072, 0.000049, 0.000048
4650, 0.000072, 0.000048, 0.000048
4651, 0.000073, 0.000049, 0.000048
4652, 0.000072, 0.000048, 0.000048
4653, 0.000073, 0.000051, 0.000049
4654, 0.000074, 0.000047, 0.000047
4655, 0.000075, 0.000048, 0.000047
4656, 0.000073, 0.000046, 0.000046
4657, 0.000073, 0.000049, 0.000047
4658, 0.000071, 0.000047, 0.000047
4659, 0.000072, 0.000049, 0.000048
4660, 0.000072, 0.000049, 0.000047
4661, 0.000071, 0.000047, 0.000045
4662, 0.000072, 0.000046, 0.000045
4663, 0.000071, 0.000046, 0.000045
4664, 0.000072, 0.000049, 0.000048
4665, 0.000073, 0.000048, 0.000047
4666, 0.000071, 0.000047, 0.000047
4667, 0.000071, 0.000049, 0.000047
4668, 0.000072, 0.000048, 0.000047
4669, 0.000071, 0.000048, 0.000047
4670, 0.000071, 0.000048, 0.000047
4671, 0.000071, 0.000048, 0.000047
4672, 0.000071, 0.000048, 0.000047
4673, 0.000071, 0.000046, 0.000045
4674, 0.000072, 0.000046, 0.000045
4675, 0.000071, 0.000046, 0.000046
4676, 0.000071, 0.000046, 0.000046
4677, 0.000071, 0.000049, 0.000048
4678, 0.000072, 0.000047, 0.000047
