Epoch, Train Loss, Valid Loss, Test Loss
1, 0.497748, 0.542087, 0.543731
2, 0.428952, 0.475895, 0.478201
3, 0.376261, 0.417570, 0.420735
4, 0.336746, 0.369368, 0.373088
5, 0.306705, 0.331102, 0.335362
6, 0.283160, 0.306615, 0.310948
7, 0.267041, 0.286547, 0.290881
8, 0.252522, 0.269019, 0.273247
9, 0.238501, 0.251652, 0.255517
10, 0.223778, 0.234621, 0.238149
11, 0.208880, 0.218104, 0.221290
12, 0.193941, 0.202142, 0.204941
13, 0.179169, 0.187414, 0.189862
14, 0.165368, 0.173464, 0.175631
15, 0.152469, 0.159970, 0.161906
16, 0.140216, 0.147084, 0.148823
17, 0.128643, 0.134680, 0.136245
18, 0.117616, 0.122554, 0.123969
19, 0.106965, 0.110673, 0.111970
20, 0.096649, 0.099171, 0.100377
21, 0.086758, 0.088245, 0.089375
22, 0.077407, 0.078104, 0.079161
23, 0.068709, 0.068918, 0.069900
24, 0.060778, 0.060724, 0.061624
25, 0.053671, 0.053466, 0.054287
26, 0.047361, 0.047079, 0.047831
27, 0.041782, 0.041499, 0.042192
28, 0.036881, 0.036664, 0.037304
29, 0.032607, 0.032446, 0.033037
30, 0.028868, 0.028695, 0.029243
31, 0.025594, 0.025361, 0.025870
32, 0.022666, 0.022437, 0.022910
33, 0.020141, 0.019920, 0.020360
34, 0.017935, 0.017764, 0.018174
35, 0.016047, 0.015928, 0.016312
36, 0.014444, 0.014367, 0.014728
37, 0.013079, 0.013047, 0.013392
38, 0.011931, 0.011925, 0.012256
39, 0.010949, 0.010961, 0.011279
40, 0.010098, 0.010114, 0.010420
41, 0.009343, 0.009344, 0.009639
42, 0.008683, 0.008626, 0.008912
43, 0.008068, 0.007986, 0.008261
44, 0.007524, 0.007414, 0.007677
45, 0.007034, 0.006901, 0.007154
46, 0.006592, 0.006438, 0.006682
47, 0.006210, 0.006021, 0.006257
48, 0.005865, 0.005652, 0.005882
49, 0.005567, 0.005336, 0.005560
50, 0.005306, 0.005070, 0.005288
51, 0.005080, 0.004842, 0.005053
52, 0.004873, 0.004637, 0.004840
53, 0.004685, 0.004451, 0.004645
54, 0.004522, 0.004279, 0.004467
55, 0.004375, 0.004129, 0.004310
56, 0.004238, 0.003997, 0.004172
57, 0.004119, 0.003875, 0.004046
58, 0.004015, 0.003770, 0.003936
59, 0.003928, 0.003683, 0.003845
60, 0.003856, 0.003613, 0.003770
61, 0.003787, 0.003547, 0.003699
62, 0.003723, 0.003480, 0.003627
63, 0.003675, 0.003415, 0.003559
64, 0.003627, 0.003353, 0.003493
65, 0.003579, 0.003304, 0.003439
66, 0.003531, 0.003259, 0.003390
67, 0.003481, 0.003222, 0.003349
68, 0.003459, 0.003176, 0.003300
69, 0.003420, 0.003136, 0.003256
70, 0.003399, 0.003104, 0.003221
71, 0.003363, 0.003083, 0.003197
72, 0.003336, 0.003059, 0.003170
73, 0.003318, 0.003034, 0.003143
74, 0.003296, 0.003009, 0.003114
75, 0.003279, 0.002986, 0.003089
76, 0.003254, 0.002968, 0.003068
77, 0.003245, 0.002954, 0.003051
78, 0.003229, 0.002945, 0.003039
79, 0.003214, 0.002932, 0.003023
80, 0.003198, 0.002914, 0.003003
81, 0.003188, 0.002897, 0.002984
82, 0.003178, 0.002882, 0.002967
83, 0.003169, 0.002877, 0.002959
84, 0.003154, 0.002878, 0.002957
85, 0.003152, 0.002868, 0.002944
86, 0.003137, 0.002856, 0.002930
87, 0.003129, 0.002844, 0.002916
88, 0.003122, 0.002833, 0.002904
89, 0.003114, 0.002828, 0.002897
90, 0.003112, 0.002820, 0.002887
91, 0.003097, 0.002812, 0.002876
92, 0.003096, 0.002809, 0.002871
93, 0.003096, 0.002809, 0.002868
94, 0.003084, 0.002804, 0.002861
95, 0.003077, 0.002797, 0.002852
96, 0.003065, 0.002789, 0.002843
97, 0.003066, 0.002781, 0.002833
98, 0.003061, 0.002776, 0.002826
99, 0.003050, 0.002779, 0.002827
100, 0.003051, 0.002780, 0.002827
101, 0.003046, 0.002777, 0.002823
102, 0.003034, 0.002768, 0.002813
103, 0.003035, 0.002758, 0.002802
104, 0.003033, 0.002756, 0.002797
105, 0.003025, 0.002759, 0.002798
106, 0.003020, 0.002762, 0.002800
107, 0.003021, 0.002757, 0.002794
108, 0.003010, 0.002749, 0.002785
109, 0.003005, 0.002741, 0.002776
110, 0.003006, 0.002742, 0.002774
111, 0.003003, 0.002745, 0.002776
112, 0.003004, 0.002740, 0.002770
113, 0.002995, 0.002735, 0.002764
114, 0.002992, 0.002731, 0.002759
115, 0.002996, 0.002730, 0.002758
116, 0.002977, 0.002730, 0.002756
117, 0.002976, 0.002726, 0.002751
118, 0.002973, 0.002722, 0.002747
119, 0.002973, 0.002722, 0.002746
120, 0.002971, 0.002722, 0.002746
121, 0.002965, 0.002720, 0.002742
122, 0.002966, 0.002717, 0.002738
123, 0.002964, 0.002715, 0.002735
124, 0.002959, 0.002713, 0.002731
125, 0.002958, 0.002714, 0.002732
126, 0.002953, 0.002712, 0.002729
127, 0.002950, 0.002702, 0.002719
128, 0.002950, 0.002700, 0.002716
129, 0.002948, 0.002701, 0.002716
130, 0.002942, 0.002707, 0.002721
131, 0.002941, 0.002705, 0.002717
132, 0.002933, 0.002701, 0.002712
133, 0.002928, 0.002695, 0.002707
134, 0.002926, 0.002694, 0.002705
135, 0.002920, 0.002694, 0.002704
136, 0.002924, 0.002693, 0.002701
137, 0.002923, 0.002695, 0.002702
138, 0.002915, 0.002692, 0.002699
139, 0.002913, 0.002691, 0.002697
140, 0.002907, 0.002685, 0.002691
141, 0.002903, 0.002683, 0.002689
142, 0.002899, 0.002682, 0.002688
143, 0.002896, 0.002684, 0.002689
144, 0.002897, 0.002684, 0.002689
145, 0.002892, 0.002686, 0.002689
146, 0.002887, 0.002682, 0.002685
147, 0.002889, 0.002678, 0.002680
148, 0.002880, 0.002673, 0.002676
149, 0.002890, 0.002671, 0.002674
150, 0.002880, 0.002670, 0.002673
151, 0.002874, 0.002673, 0.002673
152, 0.002875, 0.002671, 0.002671
153, 0.002866, 0.002671, 0.002670
154, 0.002874, 0.002668, 0.002667
155, 0.002867, 0.002667, 0.002666
156, 0.002863, 0.002666, 0.002665
157, 0.002861, 0.002668, 0.002665
158, 0.002857, 0.002666, 0.002662
159, 0.002856, 0.002667, 0.002663
160, 0.002854, 0.002662, 0.002658
161, 0.002852, 0.002662, 0.002658
162, 0.002842, 0.002659, 0.002654
163, 0.002848, 0.002657, 0.002652
164, 0.002842, 0.002656, 0.002650
165, 0.002838, 0.002656, 0.002650
166, 0.002840, 0.002657, 0.002650
167, 0.002831, 0.002658, 0.002651
168, 0.002833, 0.002656, 0.002648
169, 0.002827, 0.002653, 0.002646
170, 0.002834, 0.002651, 0.002642
171, 0.002828, 0.002650, 0.002642
172, 0.002823, 0.002647, 0.002638
173, 0.002817, 0.002647, 0.002638
174, 0.002820, 0.002647, 0.002638
175, 0.002815, 0.002646, 0.002636
176, 0.002815, 0.002646, 0.002636
177, 0.002806, 0.002645, 0.002634
178, 0.002810, 0.002643, 0.002633
179, 0.002804, 0.002644, 0.002633
180, 0.002800, 0.002642, 0.002631
181, 0.002803, 0.002641, 0.002630
182, 0.002795, 0.002639, 0.002628
183, 0.002795, 0.002636, 0.002624
184, 0.002793, 0.002635, 0.002622
185, 0.002790, 0.002635, 0.002622
186, 0.002788, 0.002638, 0.002624
187, 0.002789, 0.002635, 0.002622
188, 0.002782, 0.002635, 0.002621
189, 0.002782, 0.002632, 0.002617
190, 0.002783, 0.002634, 0.002619
191, 0.002776, 0.002631, 0.002617
192, 0.002774, 0.002628, 0.002615
193, 0.002769, 0.002625, 0.002612
194, 0.002767, 0.002623, 0.002608
195, 0.002766, 0.002624, 0.002608
196, 0.002766, 0.002624, 0.002608
197, 0.002767, 0.002624, 0.002609
198, 0.002762, 0.002622, 0.002606
199, 0.002754, 0.002619, 0.002603
200, 0.002756, 0.002617, 0.002601
201, 0.002749, 0.002618, 0.002601
202, 0.002749, 0.002620, 0.002603
203, 0.002750, 0.002619, 0.002603
204, 0.002743, 0.002616, 0.002598
205, 0.002750, 0.002613, 0.002594
206, 0.002745, 0.002611, 0.002592
207, 0.002740, 0.002609, 0.002592
208, 0.002738, 0.002610, 0.002592
209, 0.002737, 0.002609, 0.002591
210, 0.002730, 0.002608, 0.002589
211, 0.002733, 0.002606, 0.002587
212, 0.002732, 0.002607, 0.002588
213, 0.002730, 0.002606, 0.002587
214, 0.002721, 0.002603, 0.002585
215, 0.002726, 0.002601, 0.002582
216, 0.002722, 0.002600, 0.002581
217, 0.002720, 0.002599, 0.002579
218, 0.002721, 0.002600, 0.002580
219, 0.002714, 0.002597, 0.002577
220, 0.002713, 0.002595, 0.002576
221, 0.002712, 0.002593, 0.002574
222, 0.002712, 0.002592, 0.002572
223, 0.002708, 0.002591, 0.002571
224, 0.002706, 0.002591, 0.002570
225, 0.002701, 0.002590, 0.002569
226, 0.002698, 0.002588, 0.002568
227, 0.002698, 0.002586, 0.002566
228, 0.002700, 0.002584, 0.002563
229, 0.002693, 0.002584, 0.002562
230, 0.002691, 0.002584, 0.002562
231, 0.002690, 0.002581, 0.002560
232, 0.002687, 0.002580, 0.002559
233, 0.002685, 0.002579, 0.002557
234, 0.002683, 0.002579, 0.002557
235, 0.002684, 0.002576, 0.002554
236, 0.002682, 0.002574, 0.002552
237, 0.002683, 0.002572, 0.002550
238, 0.002679, 0.002571, 0.002549
239, 0.002673, 0.002572, 0.002549
240, 0.002676, 0.002569, 0.002547
241, 0.002669, 0.002566, 0.002544
242, 0.002669, 0.002563, 0.002541
243, 0.002669, 0.002562, 0.002539
244, 0.002663, 0.002562, 0.002538
245, 0.002662, 0.002561, 0.002538
246, 0.002661, 0.002560, 0.002536
247, 0.002655, 0.002557, 0.002534
248, 0.002654, 0.002554, 0.002531
249, 0.002656, 0.002553, 0.002529
250, 0.002651, 0.002550, 0.002527
251, 0.002649, 0.002550, 0.002527
252, 0.002647, 0.002550, 0.002526
253, 0.002647, 0.002547, 0.002523
254, 0.002651, 0.002545, 0.002521
255, 0.002640, 0.002543, 0.002519
256, 0.002641, 0.002542, 0.002518
257, 0.002640, 0.002541, 0.002517
258, 0.002633, 0.002541, 0.002516
259, 0.002636, 0.002538, 0.002513
260, 0.002632, 0.002534, 0.002509
261, 0.002629, 0.002532, 0.002507
262, 0.002626, 0.002531, 0.002506
263, 0.002624, 0.002531, 0.002505
264, 0.002624, 0.002529, 0.002503
265, 0.002619, 0.002527, 0.002502
266, 0.002620, 0.002522, 0.002498
267, 0.002617, 0.002520, 0.002495
268, 0.002617, 0.002520, 0.002494
269, 0.002611, 0.002520, 0.002494
270, 0.002610, 0.002519, 0.002493
271, 0.002611, 0.002516, 0.002489
272, 0.002609, 0.002513, 0.002487
273, 0.002604, 0.002511, 0.002484
274, 0.002604, 0.002508, 0.002481
275, 0.002598, 0.002508, 0.002482
276, 0.002595, 0.002508, 0.002482
277, 0.002596, 0.002505, 0.002478
278, 0.002594, 0.002504, 0.002476
279, 0.002594, 0.002502, 0.002474
280, 0.002588, 0.002499, 0.002472
281, 0.002590, 0.002496, 0.002468
282, 0.002590, 0.002496, 0.002469
283, 0.002587, 0.002496, 0.002469
284, 0.002586, 0.002496, 0.002468
285, 0.002582, 0.002492, 0.002465
286, 0.002581, 0.002490, 0.002463
287, 0.002580, 0.002486, 0.002458
288, 0.002572, 0.002485, 0.002458
289, 0.002575, 0.002485, 0.002458
290, 0.002574, 0.002483, 0.002455
291, 0.002572, 0.002483, 0.002456
292, 0.002566, 0.002484, 0.002457
293, 0.002569, 0.002480, 0.002452
294, 0.002569, 0.002476, 0.002448
295, 0.002564, 0.002477, 0.002449
296, 0.002560, 0.002478, 0.002450
297, 0.002563, 0.002476, 0.002448
298, 0.002561, 0.002472, 0.002444
299, 0.002555, 0.002470, 0.002442
300, 0.002557, 0.002471, 0.002443
301, 0.002558, 0.002469, 0.002441
302, 0.002554, 0.002468, 0.002440
303, 0.002552, 0.002470, 0.002441
304, 0.002556, 0.002469, 0.002440
305, 0.002553, 0.002465, 0.002435
306, 0.002549, 0.002462, 0.002433
307, 0.002546, 0.002466, 0.002436
308, 0.002547, 0.002462, 0.002433
309, 0.002545, 0.002460, 0.002431
310, 0.002541, 0.002461, 0.002432
311, 0.002543, 0.002461, 0.002433
312, 0.002542, 0.002459, 0.002430
313, 0.002540, 0.002460, 0.002431
314, 0.002540, 0.002458, 0.002429
315, 0.002537, 0.002456, 0.002428
316, 0.002537, 0.002456, 0.002427
317, 0.002533, 0.002453, 0.002424
318, 0.002536, 0.002452, 0.002424
319, 0.002534, 0.002453, 0.002425
320, 0.002534, 0.002453, 0.002424
321, 0.002534, 0.002450, 0.002421
322, 0.002531, 0.002452, 0.002423
323, 0.002533, 0.002455, 0.002426
324, 0.002532, 0.002450, 0.002421
325, 0.002529, 0.002448, 0.002418
326, 0.002527, 0.002447, 0.002417
327, 0.002526, 0.002446, 0.002416
328, 0.002522, 0.002446, 0.002416
329, 0.002526, 0.002447, 0.002417
330, 0.002526, 0.002445, 0.002416
331, 0.002522, 0.002447, 0.002417
332, 0.002524, 0.002445, 0.002416
333, 0.002521, 0.002445, 0.002416
334, 0.002520, 0.002442, 0.002413
335, 0.002517, 0.002441, 0.002412
336, 0.002517, 0.002446, 0.002417
337, 0.002518, 0.002442, 0.002413
338, 0.002519, 0.002436, 0.002408
339, 0.002517, 0.002439, 0.002410
340, 0.002517, 0.002442, 0.002413
341, 0.002515, 0.002437, 0.002408
342, 0.002512, 0.002438, 0.002409
343, 0.002515, 0.002444, 0.002414
344, 0.002510, 0.002435, 0.002405
345, 0.002509, 0.002432, 0.002402
346, 0.002510, 0.002439, 0.002408
347, 0.002510, 0.002437, 0.002407
348, 0.002508, 0.002433, 0.002403
349, 0.002513, 0.002436, 0.002406
350, 0.002509, 0.002435, 0.002405
351, 0.002506, 0.002430, 0.002401
352, 0.002508, 0.002432, 0.002402
353, 0.002506, 0.002432, 0.002403
354, 0.002505, 0.002429, 0.002400
355, 0.002506, 0.002429, 0.002400
356, 0.002504, 0.002432, 0.002402
357, 0.002504, 0.002426, 0.002397
358, 0.002501, 0.002427, 0.002397
359, 0.002500, 0.002430, 0.002400
360, 0.002502, 0.002431, 0.002401
361, 0.002502, 0.002425, 0.002396
362, 0.002502, 0.002425, 0.002395
363, 0.002501, 0.002427, 0.002396
364, 0.002496, 0.002424, 0.002394
365, 0.002499, 0.002422, 0.002392
366, 0.002499, 0.002424, 0.002394
367, 0.002495, 0.002423, 0.002394
368, 0.002494, 0.002421, 0.002391
369, 0.002496, 0.002422, 0.002392
370, 0.002494, 0.002423, 0.002393
371, 0.002496, 0.002420, 0.002391
372, 0.002497, 0.002420, 0.002390
373, 0.002494, 0.002422, 0.002392
374, 0.002492, 0.002418, 0.002389
375, 0.002492, 0.002420, 0.002390
376, 0.002490, 0.002422, 0.002392
377, 0.002491, 0.002417, 0.002388
378, 0.002493, 0.002418, 0.002388
379, 0.002494, 0.002420, 0.002389
380, 0.002489, 0.002415, 0.002385
381, 0.002487, 0.002417, 0.002388
382, 0.002488, 0.002419, 0.002388
383, 0.002487, 0.002414, 0.002384
384, 0.002492, 0.002415, 0.002385
385, 0.002488, 0.002419, 0.002389
386, 0.002485, 0.002414, 0.002384
387, 0.002486, 0.002413, 0.002383
388, 0.002485, 0.002413, 0.002383
389, 0.002484, 0.002417, 0.002386
390, 0.002485, 0.002413, 0.002382
391, 0.002485, 0.002412, 0.002382
392, 0.002483, 0.002418, 0.002387
393, 0.002485, 0.002410, 0.002380
394, 0.002482, 0.002411, 0.002381
395, 0.002478, 0.002413, 0.002383
396, 0.002481, 0.002413, 0.002384
397, 0.002479, 0.002410, 0.002380
398, 0.002480, 0.002413, 0.002382
399, 0.002481, 0.002410, 0.002380
400, 0.002482, 0.002405, 0.002376
401, 0.002479, 0.002410, 0.002380
402, 0.002475, 0.002413, 0.002382
403, 0.002478, 0.002408, 0.002379
404, 0.002480, 0.002407, 0.002378
405, 0.002476, 0.002409, 0.002379
406, 0.002476, 0.002407, 0.002376
407, 0.002476, 0.002404, 0.002374
408, 0.002474, 0.002408, 0.002377
409, 0.002477, 0.002406, 0.002375
410, 0.002473, 0.002408, 0.002377
411, 0.002473, 0.002406, 0.002375
412, 0.002473, 0.002406, 0.002375
413, 0.002474, 0.002404, 0.002373
414, 0.002472, 0.002405, 0.002374
415, 0.002471, 0.002404, 0.002374
416, 0.002476, 0.002404, 0.002373
417, 0.002469, 0.002406, 0.002375
418, 0.002470, 0.002400, 0.002371
419, 0.002473, 0.002405, 0.002375
420, 0.002467, 0.002408, 0.002378
421, 0.002468, 0.002400, 0.002371
422, 0.002473, 0.002401, 0.002371
423, 0.002469, 0.002413, 0.002381
424, 0.002472, 0.002399, 0.002370
425, 0.002472, 0.002399, 0.002369
426, 0.002471, 0.002422, 0.002388
427, 0.002471, 0.002399, 0.002370
428, 0.002472, 0.002398, 0.002369
429, 0.002472, 0.002414, 0.002381
430, 0.002475, 0.002398, 0.002368
431, 0.002464, 0.002397, 0.002369
432, 0.002469, 0.002408, 0.002375
433, 0.002469, 0.002405, 0.002373
434, 0.002468, 0.002398, 0.002369
435, 0.002469, 0.002410, 0.002378
436, 0.002464, 0.002408, 0.002377
437, 0.002464, 0.002398, 0.002369
438, 0.002470, 0.002402, 0.002370
439, 0.002463, 0.002403, 0.002372
440, 0.002464, 0.002394, 0.002366
441, 0.002466, 0.002399, 0.002368
442, 0.002466, 0.002405, 0.002373
443, 0.002466, 0.002395, 0.002366
444, 0.002465, 0.002399, 0.002369
445, 0.002459, 0.002404, 0.002371
446, 0.002463, 0.002394, 0.002364
447, 0.002463, 0.002394, 0.002364
448, 0.002461, 0.002406, 0.002374
449, 0.002463, 0.002395, 0.002365
450, 0.002459, 0.002394, 0.002364
451, 0.002460, 0.002401, 0.002370
452, 0.002461, 0.002395, 0.002364
453, 0.002456, 0.002392, 0.002362
454, 0.002463, 0.002399, 0.002367
455, 0.002459, 0.002399, 0.002367
456, 0.002459, 0.002393, 0.002363
457, 0.002456, 0.002397, 0.002366
458, 0.002458, 0.002395, 0.002364
459, 0.002461, 0.002395, 0.002365
460, 0.002458, 0.002394, 0.002364
461, 0.002458, 0.002393, 0.002362
462, 0.002455, 0.002393, 0.002362
463, 0.002458, 0.002392, 0.002362
464, 0.002455, 0.002396, 0.002364
465, 0.002455, 0.002394, 0.002363
466, 0.002454, 0.002390, 0.002360
467, 0.002457, 0.002396, 0.002365
468, 0.002454, 0.002398, 0.002366
469, 0.002456, 0.002389, 0.002360
470, 0.002459, 0.002395, 0.002364
471, 0.002452, 0.002397, 0.002365
472, 0.002458, 0.002389, 0.002359
473, 0.002455, 0.002393, 0.002362
474, 0.002452, 0.002393, 0.002362
475, 0.002456, 0.002389, 0.002359
476, 0.002457, 0.002393, 0.002362
477, 0.002449, 0.002396, 0.002365
478, 0.002452, 0.002387, 0.002358
479, 0.002457, 0.002392, 0.002361
480, 0.002452, 0.002393, 0.002361
481, 0.002452, 0.002386, 0.002357
482, 0.002451, 0.002392, 0.002361
483, 0.002450, 0.002391, 0.002360
484, 0.002450, 0.002389, 0.002359
485, 0.002449, 0.002389, 0.002358
486, 0.002454, 0.002395, 0.002362
487, 0.002452, 0.002387, 0.002356
488, 0.002450, 0.002389, 0.002357
489, 0.002449, 0.002395, 0.002362
490, 0.002451, 0.002387, 0.002356
491, 0.002448, 0.002387, 0.002356
492, 0.002449, 0.002390, 0.002358
493, 0.002447, 0.002387, 0.002356
494, 0.002449, 0.002386, 0.002356
495, 0.002447, 0.002394, 0.002362
496, 0.002449, 0.002389, 0.002358
497, 0.002450, 0.002384, 0.002355
498, 0.002448, 0.002392, 0.002360
499, 0.002448, 0.002388, 0.002357
500, 0.002447, 0.002383, 0.002354
501, 0.002445, 0.002393, 0.002362
502, 0.002447, 0.002386, 0.002356
503, 0.002447, 0.002383, 0.002353
504, 0.002445, 0.002388, 0.002357
505, 0.002444, 0.002389, 0.002357
506, 0.002447, 0.002381, 0.002352
507, 0.002450, 0.002393, 0.002361
508, 0.002445, 0.002390, 0.002358
509, 0.002446, 0.002383, 0.002354
510, 0.002445, 0.002392, 0.002360
511, 0.002445, 0.002392, 0.002360
512, 0.002447, 0.002380, 0.002351
513, 0.002449, 0.002395, 0.002363
514, 0.002447, 0.002385, 0.002354
515, 0.002445, 0.002381, 0.002351
516, 0.002445, 0.002393, 0.002361
517, 0.002440, 0.002387, 0.002356
518, 0.002444, 0.002380, 0.002350
519, 0.002444, 0.002397, 0.002364
520, 0.002445, 0.002383, 0.002352
521, 0.002442, 0.002380, 0.002350
522, 0.002443, 0.002396, 0.002363
523, 0.002445, 0.002383, 0.002351
524, 0.002443, 0.002379, 0.002349
525, 0.002440, 0.002393, 0.002360
526, 0.002443, 0.002382, 0.002351
527, 0.002440, 0.002380, 0.002350
528, 0.002442, 0.002395, 0.002362
529, 0.002441, 0.002377, 0.002348
530, 0.002439, 0.002379, 0.002349
531, 0.002437, 0.002401, 0.002368
532, 0.002445, 0.002378, 0.002349
533, 0.002443, 0.002381, 0.002351
534, 0.002437, 0.002389, 0.002358
535, 0.002438, 0.002380, 0.002350
536, 0.002439, 0.002381, 0.002350
537, 0.002438, 0.002386, 0.002354
538, 0.002443, 0.002379, 0.002349
539, 0.002439, 0.002379, 0.002348
540, 0.002436, 0.002387, 0.002355
541, 0.002437, 0.002379, 0.002348
542, 0.002436, 0.002377, 0.002346
543, 0.002439, 0.002383, 0.002352
544, 0.002438, 0.002378, 0.002348
545, 0.002434, 0.002377, 0.002347
546, 0.002433, 0.002381, 0.002350
547, 0.002437, 0.002376, 0.002346
548, 0.002432, 0.002381, 0.002351
549, 0.002435, 0.002382, 0.002351
550, 0.002433, 0.002377, 0.002347
551, 0.002434, 0.002381, 0.002350
552, 0.002431, 0.002373, 0.002344
553, 0.002435, 0.002381, 0.002350
554, 0.002432, 0.002375, 0.002345
555, 0.002436, 0.002379, 0.002348
556, 0.002430, 0.002375, 0.002345
557, 0.002431, 0.002376, 0.002346
558, 0.002433, 0.002378, 0.002347
559, 0.002429, 0.002376, 0.002345
560, 0.002431, 0.002377, 0.002347
561, 0.002433, 0.002377, 0.002347
562, 0.002429, 0.002375, 0.002345
563, 0.002431, 0.002379, 0.002348
564, 0.002433, 0.002370, 0.002341
565, 0.002433, 0.002377, 0.002346
566, 0.002430, 0.002379, 0.002348
567, 0.002429, 0.002372, 0.002342
568, 0.002430, 0.002379, 0.002347
569, 0.002432, 0.002376, 0.002345
570, 0.002426, 0.002368, 0.002339
571, 0.002428, 0.002376, 0.002344
572, 0.002427, 0.002373, 0.002342
573, 0.002424, 0.002372, 0.002342
574, 0.002425, 0.002378, 0.002346
575, 0.002428, 0.002369, 0.002339
576, 0.002429, 0.002376, 0.002345
577, 0.002430, 0.002378, 0.002346
578, 0.002426, 0.002367, 0.002338
579, 0.002431, 0.002377, 0.002346
580, 0.002427, 0.002372, 0.002341
581, 0.002427, 0.002367, 0.002338
582, 0.002425, 0.002374, 0.002343
583, 0.002426, 0.002375, 0.002344
584, 0.002426, 0.002369, 0.002339
585, 0.002425, 0.002371, 0.002340
586, 0.002424, 0.002375, 0.002344
587, 0.002426, 0.002365, 0.002335
588, 0.002427, 0.002377, 0.002345
589, 0.002425, 0.002366, 0.002336
590, 0.002424, 0.002367, 0.002337
591, 0.002423, 0.002377, 0.002345
592, 0.002423, 0.002368, 0.002338
593, 0.002420, 0.002366, 0.002337
594, 0.002421, 0.002374, 0.002344
595, 0.002421, 0.002363, 0.002334
596, 0.002426, 0.002372, 0.002341
597, 0.002420, 0.002370, 0.002339
598, 0.002422, 0.002363, 0.002334
599, 0.002420, 0.002369, 0.002338
600, 0.002419, 0.002372, 0.002341
601, 0.002423, 0.002358, 0.002331
602, 0.002424, 0.002374, 0.002342
603, 0.002423, 0.002367, 0.002336
604, 0.002419, 0.002361, 0.002332
605, 0.002417, 0.002387, 0.002353
606, 0.002423, 0.002360, 0.002331
607, 0.002417, 0.002360, 0.002331
608, 0.002416, 0.002381, 0.002348
609, 0.002421, 0.002359, 0.002330
610, 0.002423, 0.002366, 0.002336
611, 0.002416, 0.002375, 0.002343
612, 0.002418, 0.002356, 0.002327
613, 0.002423, 0.002381, 0.002348
614, 0.002419, 0.002359, 0.002329
615, 0.002414, 0.002357, 0.002328
616, 0.002415, 0.002375, 0.002343
617, 0.002422, 0.002357, 0.002328
618, 0.002413, 0.002359, 0.002329
619, 0.002414, 0.002370, 0.002338
620, 0.002413, 0.002354, 0.002325
621, 0.002414, 0.002361, 0.002331
622, 0.002411, 0.002361, 0.002331
623, 0.002414, 0.002357, 0.002327
624, 0.002415, 0.002364, 0.002334
625, 0.002413, 0.002357, 0.002327
626, 0.002411, 0.002361, 0.002330
627, 0.002407, 0.002356, 0.002326
628, 0.002410, 0.002354, 0.002324
629, 0.002411, 0.002367, 0.002334
630, 0.002409, 0.002358, 0.002327
631, 0.002409, 0.002351, 0.002322
632, 0.002408, 0.002370, 0.002338
633, 0.002414, 0.002349, 0.002320
634, 0.002409, 0.002355, 0.002325
635, 0.002406, 0.002360, 0.002329
636, 0.002408, 0.002345, 0.002317
637, 0.002410, 0.002360, 0.002329
638, 0.002407, 0.002358, 0.002328
639, 0.002407, 0.002347, 0.002319
640, 0.002406, 0.002367, 0.002336
641, 0.002406, 0.002348, 0.002319
642, 0.002403, 0.002345, 0.002316
643, 0.002407, 0.002367, 0.002335
644, 0.002407, 0.002341, 0.002314
645, 0.002411, 0.002357, 0.002327
646, 0.002403, 0.002354, 0.002324
647, 0.002401, 0.002343, 0.002315
648, 0.002405, 0.002358, 0.002326
649, 0.002400, 0.002346, 0.002316
650, 0.002403, 0.002343, 0.002314
651, 0.002400, 0.002348, 0.002317
652, 0.002401, 0.002346, 0.002316
653, 0.002396, 0.002344, 0.002314
654, 0.002396, 0.002347, 0.002317
655, 0.002398, 0.002340, 0.002311
656, 0.002398, 0.002349, 0.002318
657, 0.002395, 0.002340, 0.002311
658, 0.002397, 0.002342, 0.002312
659, 0.002396, 0.002352, 0.002321
660, 0.002396, 0.002335, 0.002306
661, 0.002397, 0.002344, 0.002314
662, 0.002394, 0.002338, 0.002308
663, 0.002393, 0.002339, 0.002309
664, 0.002395, 0.002341, 0.002311
665, 0.002395, 0.002339, 0.002309
666, 0.002392, 0.002339, 0.002309
667, 0.002394, 0.002340, 0.002309
668, 0.002388, 0.002333, 0.002304
669, 0.002387, 0.002339, 0.002308
670, 0.002389, 0.002334, 0.002304
671, 0.002389, 0.002338, 0.002308
672, 0.002387, 0.002331, 0.002302
673, 0.002386, 0.002339, 0.002308
674, 0.002391, 0.002327, 0.002298
675, 0.002387, 0.002330, 0.002301
676, 0.002386, 0.002335, 0.002305
677, 0.002385, 0.002326, 0.002298
678, 0.002386, 0.002342, 0.002311
679, 0.002387, 0.002325, 0.002297
680, 0.002385, 0.002333, 0.002304
681, 0.002384, 0.002329, 0.002299
682, 0.002385, 0.002321, 0.002292
683, 0.002383, 0.002329, 0.002300
684, 0.002382, 0.002319, 0.002290
685, 0.002380, 0.002331, 0.002300
686, 0.002381, 0.002331, 0.002300
687, 0.002377, 0.002315, 0.002288
688, 0.002380, 0.002338, 0.002307
689, 0.002382, 0.002319, 0.002290
690, 0.002376, 0.002313, 0.002285
691, 0.002377, 0.002338, 0.002307
692, 0.002382, 0.002310, 0.002283
693, 0.002379, 0.002332, 0.002302
694, 0.002374, 0.002313, 0.002285
695, 0.002375, 0.002310, 0.002282
696, 0.002369, 0.002328, 0.002297
697, 0.002377, 0.002305, 0.002278
698, 0.002372, 0.002331, 0.002300
699, 0.002373, 0.002310, 0.002281
700, 0.002368, 0.002308, 0.002279
701, 0.002369, 0.002321, 0.002290
702, 0.002367, 0.002301, 0.002273
703, 0.002367, 0.002323, 0.002292
704, 0.002368, 0.002303, 0.002275
705, 0.002362, 0.002302, 0.002273
706, 0.002366, 0.002319, 0.002288
707, 0.002366, 0.002295, 0.002268
708, 0.002362, 0.002311, 0.002280
709, 0.002360, 0.002302, 0.002273
710, 0.002358, 0.002291, 0.002264
711, 0.002361, 0.002325, 0.002294
712, 0.002365, 0.002289, 0.002262
713, 0.002357, 0.002299, 0.002270
714, 0.002355, 0.002299, 0.002270
715, 0.002350, 0.002288, 0.002260
716, 0.002350, 0.002296, 0.002266
717, 0.002349, 0.002293, 0.002263
718, 0.002350, 0.002285, 0.002257
719, 0.002351, 0.002294, 0.002264
720, 0.002347, 0.002289, 0.002260
721, 0.002348, 0.002283, 0.002255
722, 0.002343, 0.002286, 0.002257
723, 0.002341, 0.002282, 0.002254
724, 0.002346, 0.002278, 0.002250
725, 0.002341, 0.002276, 0.002248
726, 0.002340, 0.002289, 0.002259
727, 0.002339, 0.002271, 0.002244
728, 0.002340, 0.002283, 0.002254
729, 0.002337, 0.002273, 0.002244
730, 0.002338, 0.002268, 0.002239
731, 0.002332, 0.002281, 0.002251
732, 0.002337, 0.002264, 0.002235
733, 0.002333, 0.002272, 0.002242
734, 0.002328, 0.002273, 0.002243
735, 0.002328, 0.002257, 0.002230
736, 0.002331, 0.002276, 0.002246
737, 0.002330, 0.002254, 0.002226
738, 0.002325, 0.002258, 0.002230
739, 0.002319, 0.002265, 0.002236
740, 0.002322, 0.002249, 0.002222
741, 0.002322, 0.002264, 0.002235
742, 0.002320, 0.002248, 0.002220
743, 0.002317, 0.002248, 0.002220
744, 0.002316, 0.002256, 0.002227
745, 0.002317, 0.002238, 0.002211
746, 0.002315, 0.002260, 0.002230
747, 0.002314, 0.002238, 0.002210
748, 0.002307, 0.002238, 0.002210
749, 0.002306, 0.002243, 0.002213
750, 0.002303, 0.002231, 0.002203
751, 0.002301, 0.002236, 0.002207
752, 0.002300, 0.002236, 0.002206
753, 0.002299, 0.002225, 0.002197
754, 0.002298, 0.002234, 0.002205
755, 0.002294, 0.002225, 0.002197
756, 0.002293, 0.002220, 0.002192
757, 0.002291, 0.002230, 0.002201
758, 0.002297, 0.002212, 0.002185
759, 0.002290, 0.002230, 0.002201
760, 0.002291, 0.002208, 0.002180
761, 0.002285, 0.002220, 0.002189
762, 0.002283, 0.002213, 0.002184
763, 0.002280, 0.002199, 0.002172
764, 0.002285, 0.002241, 0.002208
765, 0.002290, 0.002193, 0.002168
766, 0.002280, 0.002200, 0.002171
767, 0.002273, 0.002214, 0.002184
768, 0.002273, 0.002186, 0.002159
769, 0.002274, 0.002216, 0.002185
770, 0.002271, 0.002181, 0.002155
771, 0.002264, 0.002196, 0.002167
772, 0.002260, 0.002184, 0.002155
773, 0.002256, 0.002175, 0.002148
774, 0.002257, 0.002187, 0.002157
775, 0.002254, 0.002168, 0.002140
776, 0.002253, 0.002177, 0.002147
777, 0.002250, 0.002163, 0.002135
778, 0.002243, 0.002171, 0.002142
779, 0.002244, 0.002160, 0.002132
780, 0.002238, 0.002158, 0.002130
781, 0.002239, 0.002160, 0.002131
782, 0.002236, 0.002150, 0.002122
783, 0.002232, 0.002152, 0.002123
784, 0.002226, 0.002147, 0.002118
785, 0.002226, 0.002142, 0.002114
786, 0.002221, 0.002136, 0.002109
787, 0.002216, 0.002133, 0.002105
788, 0.002212, 0.002143, 0.002113
789, 0.002215, 0.002122, 0.002095
790, 0.002213, 0.002125, 0.002097
791, 0.002209, 0.002133, 0.002103
792, 0.002207, 0.002113, 0.002088
793, 0.002214, 0.002164, 0.002133
794, 0.002219, 0.002104, 0.002079
795, 0.002207, 0.002119, 0.002090
796, 0.002197, 0.002106, 0.002077
797, 0.002186, 0.002094, 0.002067
798, 0.002185, 0.002103, 0.002074
799, 0.002182, 0.002088, 0.002060
800, 0.002178, 0.002089, 0.002061
801, 0.002176, 0.002079, 0.002052
802, 0.002173, 0.002082, 0.002054
803, 0.002165, 0.002071, 0.002044
804, 0.002163, 0.002066, 0.002039
805, 0.002160, 0.002073, 0.002044
806, 0.002154, 0.002060, 0.002033
807, 0.002153, 0.002065, 0.002035
808, 0.002149, 0.002048, 0.002021
809, 0.002144, 0.002052, 0.002023
810, 0.002140, 0.002040, 0.002012
811, 0.002135, 0.002042, 0.002014
812, 0.002135, 0.002035, 0.002007
813, 0.002124, 0.002026, 0.002000
814, 0.002129, 0.002043, 0.002013
815, 0.002125, 0.002013, 0.001987
816, 0.002128, 0.002037, 0.002007
817, 0.002120, 0.002003, 0.001977
818, 0.002108, 0.002008, 0.001980
819, 0.002101, 0.002001, 0.001973
820, 0.002099, 0.001989, 0.001963
821, 0.002093, 0.002007, 0.001978
822, 0.002094, 0.001977, 0.001952
823, 0.002092, 0.002002, 0.001971
824, 0.002085, 0.001968, 0.001941
825, 0.002073, 0.001964, 0.001937
826, 0.002067, 0.001978, 0.001949
827, 0.002068, 0.001952, 0.001926
828, 0.002071, 0.001990, 0.001960
829, 0.002071, 0.001945, 0.001922
830, 0.002064, 0.001958, 0.001929
831, 0.002050, 0.001935, 0.001907
832, 0.002043, 0.001922, 0.001897
833, 0.002042, 0.001963, 0.001933
834, 0.002051, 0.001914, 0.001891
835, 0.002044, 0.001942, 0.001911
836, 0.002033, 0.001901, 0.001876
837, 0.002024, 0.001907, 0.001879
838, 0.002007, 0.001894, 0.001866
839, 0.002001, 0.001881, 0.001855
840, 0.001999, 0.001900, 0.001871
841, 0.001998, 0.001866, 0.001841
842, 0.001997, 0.001886, 0.001857
843, 0.001990, 0.001855, 0.001829
844, 0.001980, 0.001861, 0.001833
845, 0.001971, 0.001846, 0.001820
846, 0.001964, 0.001838, 0.001812
847, 0.001960, 0.001831, 0.001804
848, 0.001952, 0.001825, 0.001799
849, 0.001945, 0.001825, 0.001798
850, 0.001940, 0.001809, 0.001783
851, 0.001931, 0.001806, 0.001780
852, 0.001928, 0.001799, 0.001773
853, 0.001921, 0.001790, 0.001763
854, 0.001915, 0.001791, 0.001763
855, 0.001908, 0.001773, 0.001747
856, 0.001905, 0.001773, 0.001745
857, 0.001894, 0.001763, 0.001736
858, 0.001887, 0.001754, 0.001728
859, 0.001887, 0.001752, 0.001726
860, 0.001880, 0.001737, 0.001712
861, 0.001870, 0.001741, 0.001714
862, 0.001866, 0.001723, 0.001698
863, 0.001859, 0.001719, 0.001693
864, 0.001852, 0.001710, 0.001684
865, 0.001845, 0.001703, 0.001677
866, 0.001837, 0.001697, 0.001670
867, 0.001829, 0.001690, 0.001664
868, 0.001825, 0.001681, 0.001655
869, 0.001818, 0.001671, 0.001645
870, 0.001813, 0.001667, 0.001642
871, 0.001803, 0.001657, 0.001632
872, 0.001797, 0.001652, 0.001625
873, 0.001791, 0.001636, 0.001611
874, 0.001786, 0.001650, 0.001623
875, 0.001779, 0.001621, 0.001598
876, 0.001776, 0.001645, 0.001616
877, 0.001768, 0.001605, 0.001583
878, 0.001760, 0.001607, 0.001581
879, 0.001747, 0.001594, 0.001568
880, 0.001741, 0.001580, 0.001557
881, 0.001735, 0.001598, 0.001571
882, 0.001731, 0.001564, 0.001540
883, 0.001729, 0.001580, 0.001553
884, 0.001714, 0.001548, 0.001526
885, 0.001706, 0.001542, 0.001516
886, 0.001698, 0.001544, 0.001517
887, 0.001689, 0.001521, 0.001499
888, 0.001685, 0.001542, 0.001514
889, 0.001679, 0.001510, 0.001488
890, 0.001675, 0.001526, 0.001499
891, 0.001663, 0.001484, 0.001463
892, 0.001652, 0.001494, 0.001468
893, 0.001644, 0.001472, 0.001449
894, 0.001636, 0.001463, 0.001441
895, 0.001626, 0.001475, 0.001448
896, 0.001627, 0.001444, 0.001424
897, 0.001621, 0.001475, 0.001449
898, 0.001613, 0.001432, 0.001413
899, 0.001610, 0.001455, 0.001429
900, 0.001601, 0.001414, 0.001393
901, 0.001585, 0.001416, 0.001390
902, 0.001573, 0.001393, 0.001370
903, 0.001561, 0.001389, 0.001367
904, 0.001554, 0.001383, 0.001358
905, 0.001548, 0.001367, 0.001345
906, 0.001543, 0.001375, 0.001351
907, 0.001532, 0.001346, 0.001324
908, 0.001528, 0.001359, 0.001334
909, 0.001518, 0.001331, 0.001311
910, 0.001510, 0.001330, 0.001307
911, 0.001495, 0.001330, 0.001306
912, 0.001491, 0.001303, 0.001285
913, 0.001490, 0.001337, 0.001313
914, 0.001492, 0.001302, 0.001287
915, 0.001496, 0.001366, 0.001340
916, 0.001504, 0.001290, 0.001276
917, 0.001491, 0.001336, 0.001310
918, 0.001479, 0.001261, 0.001243
919, 0.001459, 0.001286, 0.001264
920, 0.001437, 0.001234, 0.001214
921, 0.001422, 0.001227, 0.001206
922, 0.001409, 0.001259, 0.001238
923, 0.001418, 0.001222, 0.001205
924, 0.001424, 0.001265, 0.001240
925, 0.001413, 0.001195, 0.001179
926, 0.001385, 0.001196, 0.001175
927, 0.001368, 0.001196, 0.001175
928, 0.001363, 0.001168, 0.001151
929, 0.001360, 0.001185, 0.001162
930, 0.001348, 0.001156, 0.001139
931, 0.001338, 0.001158, 0.001138
932, 0.001331, 0.001144, 0.001125
933, 0.001315, 0.001130, 0.001112
934, 0.001309, 0.001131, 0.001113
935, 0.001303, 0.001121, 0.001104
936, 0.001297, 0.001108, 0.001089
937, 0.001285, 0.001114, 0.001095
938, 0.001278, 0.001087, 0.001070
939, 0.001274, 0.001108, 0.001088
940, 0.001266, 0.001075, 0.001061
941, 0.001259, 0.001068, 0.001049
942, 0.001242, 0.001068, 0.001050
943, 0.001239, 0.001048, 0.001033
944, 0.001237, 0.001073, 0.001049
945, 0.001228, 0.001032, 0.001018
946, 0.001215, 0.001030, 0.001009
947, 0.001205, 0.001024, 0.001007
948, 0.001198, 0.001009, 0.000996
949, 0.001197, 0.001045, 0.001021
950, 0.001205, 0.001001, 0.000991
951, 0.001196, 0.001021, 0.000996
952, 0.001180, 0.000969, 0.000953
953, 0.001162, 0.000973, 0.000956
954, 0.001149, 0.000973, 0.000952
955, 0.001145, 0.000953, 0.000938
956, 0.001143, 0.000976, 0.000955
957, 0.001133, 0.000935, 0.000915
958, 0.001122, 0.000948, 0.000933
959, 0.001116, 0.000938, 0.000914
960, 0.001108, 0.000920, 0.000906
961, 0.001103, 0.000931, 0.000908
962, 0.001090, 0.000899, 0.000883
963, 0.001076, 0.000903, 0.000881
964, 0.001072, 0.000897, 0.000876
965, 0.001070, 0.000884, 0.000865
966, 0.001060, 0.000886, 0.000863
967, 0.001053, 0.000865, 0.000849
968, 0.001040, 0.000863, 0.000842
969, 0.001031, 0.000850, 0.000833
970, 0.001025, 0.000841, 0.000820
971, 0.001023, 0.000878, 0.000865
972, 0.001028, 0.000853, 0.000827
973, 0.001059, 0.001013, 0.001004
974, 0.001131, 0.000997, 0.000962
975, 0.001202, 0.001163, 0.001152
976, 0.001264, 0.000925, 0.000902
977, 0.001109, 0.000805, 0.000787
978, 0.001030, 0.000941, 0.000921
979, 0.001080, 0.000788, 0.000774
980, 0.001004, 0.000804, 0.000785
981, 0.001040, 0.000857, 0.000840
982, 0.001019, 0.000770, 0.000758
983, 0.000967, 0.000809, 0.000786
984, 0.001029, 0.000753, 0.000741
985, 0.000946, 0.000818, 0.000809
986, 0.000984, 0.000806, 0.000778
987, 0.001000, 0.000742, 0.000734
988, 0.000951, 0.000829, 0.000815
989, 0.000979, 0.000732, 0.000710
990, 0.000920, 0.000750, 0.000738
991, 0.000959, 0.000844, 0.000826
992, 0.000972, 0.000704, 0.000695
993, 0.000900, 0.000728, 0.000704
994, 0.000934, 0.000745, 0.000733
995, 0.000904, 0.000694, 0.000687
996, 0.000887, 0.000717, 0.000692
997, 0.000923, 0.000683, 0.000674
998, 0.000876, 0.000695, 0.000682
999, 0.000876, 0.000661, 0.000643
1000, 0.000875, 0.000652, 0.000642
1001, 0.000846, 0.000678, 0.000663
1002, 0.000857, 0.000650, 0.000638
1003, 0.000865, 0.000661, 0.000645
1004, 0.000855, 0.000669, 0.000662
1005, 0.000861, 0.000635, 0.000617
1006, 0.000835, 0.000614, 0.000602
1007, 0.000816, 0.000627, 0.000616
1008, 0.000819, 0.000627, 0.000611
1009, 0.000824, 0.000620, 0.000612
1010, 0.000829, 0.000651, 0.000635
1011, 0.000826, 0.000599, 0.000592
1012, 0.000805, 0.000587, 0.000574
1013, 0.000788, 0.000596, 0.000584
1014, 0.000791, 0.000580, 0.000573
1015, 0.000787, 0.000586, 0.000573
1016, 0.000785, 0.000575, 0.000568
1017, 0.000777, 0.000569, 0.000558
1018, 0.000769, 0.000556, 0.000545
1019, 0.000765, 0.000559, 0.000551
1020, 0.000761, 0.000558, 0.000546
1021, 0.000760, 0.000542, 0.000533
1022, 0.000755, 0.000548, 0.000537
1023, 0.000748, 0.000543, 0.000533
1024, 0.000746, 0.000530, 0.000521
1025, 0.000747, 0.000538, 0.000527
1026, 0.000740, 0.000528, 0.000520
1027, 0.000738, 0.000529, 0.000518
1028, 0.000739, 0.000527, 0.000518
1029, 0.000737, 0.000526, 0.000515
1030, 0.000732, 0.000513, 0.000506
1031, 0.000728, 0.000519, 0.000509
1032, 0.000720, 0.000506, 0.000498
1033, 0.000719, 0.000504, 0.000498
1034, 0.000718, 0.000518, 0.000506
1035, 0.000718, 0.000496, 0.000491
1036, 0.000717, 0.000511, 0.000499
1037, 0.000712, 0.000487, 0.000479
1038, 0.000703, 0.000481, 0.000474
1039, 0.000704, 0.000507, 0.000495
1040, 0.000706, 0.000478, 0.000473
1041, 0.000695, 0.000480, 0.000471
1042, 0.000692, 0.000484, 0.000474
1043, 0.000693, 0.000469, 0.000464
1044, 0.000694, 0.000487, 0.000477
1045, 0.000690, 0.000468, 0.000461
1046, 0.000685, 0.000462, 0.000454
1047, 0.000680, 0.000465, 0.000456
1048, 0.000679, 0.000465, 0.000458
1049, 0.000674, 0.000453, 0.000446
1050, 0.000672, 0.000454, 0.000444
1051, 0.000672, 0.000455, 0.000447
1052, 0.000667, 0.000447, 0.000440
1053, 0.000666, 0.000454, 0.000445
1054, 0.000667, 0.000448, 0.000443
1055, 0.000667, 0.000449, 0.000439
1056, 0.000659, 0.000435, 0.000428
1057, 0.000658, 0.000438, 0.000430
1058, 0.000656, 0.000438, 0.000430
1059, 0.000652, 0.000433, 0.000426
1060, 0.000653, 0.000444, 0.000435
1061, 0.000655, 0.000424, 0.000420
1062, 0.000654, 0.000437, 0.000428
1063, 0.000647, 0.000428, 0.000421
1064, 0.000646, 0.000415, 0.000409
1065, 0.000642, 0.000443, 0.000432
1066, 0.000649, 0.000417, 0.000412
1067, 0.000649, 0.000431, 0.000421
1068, 0.000638, 0.000414, 0.000406
1069, 0.000631, 0.000409, 0.000405
1070, 0.000638, 0.000443, 0.000433
1071, 0.000643, 0.000408, 0.000404
1072, 0.000642, 0.000417, 0.000410
1073, 0.000631, 0.000413, 0.000406
1074, 0.000626, 0.000397, 0.000392
1075, 0.000629, 0.000413, 0.000404
1076, 0.000627, 0.000399, 0.000393
1077, 0.000620, 0.000398, 0.000390
1078, 0.000617, 0.000398, 0.000391
1079, 0.000619, 0.000400, 0.000395
1080, 0.000619, 0.000397, 0.000390
1081, 0.000618, 0.000390, 0.000386
1082, 0.000614, 0.000397, 0.000392
1083, 0.000613, 0.000389, 0.000381
1084, 0.000615, 0.000386, 0.000380
1085, 0.000613, 0.000395, 0.000387
1086, 0.000609, 0.000377, 0.000371
1087, 0.000610, 0.000390, 0.000383
1088, 0.000610, 0.000378, 0.000372
1089, 0.000604, 0.000380, 0.000374
1090, 0.000602, 0.000387, 0.000382
1091, 0.000602, 0.000373, 0.000368
1092, 0.000601, 0.000381, 0.000373
1093, 0.000604, 0.000378, 0.000373
1094, 0.000598, 0.000379, 0.000372
1095, 0.000595, 0.000366, 0.000359
1096, 0.000596, 0.000371, 0.000365
1097, 0.000594, 0.000381, 0.000374
1098, 0.000594, 0.000362, 0.000358
1099, 0.000597, 0.000377, 0.000371
1100, 0.000592, 0.000373, 0.000368
1101, 0.000592, 0.000357, 0.000353
1102, 0.000593, 0.000386, 0.000380
1103, 0.000595, 0.000358, 0.000354
1104, 0.000594, 0.000374, 0.000366
1105, 0.000594, 0.000362, 0.000358
1106, 0.000586, 0.000364, 0.000357
1107, 0.000583, 0.000359, 0.000353
1108, 0.000586, 0.000362, 0.000358
1109, 0.000585, 0.000358, 0.000352
1110, 0.000580, 0.000355, 0.000350
1111, 0.000578, 0.000364, 0.000360
1112, 0.000582, 0.000352, 0.000347
1113, 0.000578, 0.000349, 0.000344
1114, 0.000575, 0.000362, 0.000357
1115, 0.000577, 0.000346, 0.000341
1116, 0.000575, 0.000355, 0.000348
1117, 0.000572, 0.000345, 0.000340
1118, 0.000573, 0.000351, 0.000345
1119, 0.000574, 0.000348, 0.000343
1120, 0.000572, 0.000352, 0.000346
1121, 0.000572, 0.000338, 0.000333
1122, 0.000573, 0.000348, 0.000342
1123, 0.000571, 0.000348, 0.000343
1124, 0.000567, 0.000338, 0.000336
1125, 0.000571, 0.000360, 0.000352
1126, 0.000572, 0.000337, 0.000334
1127, 0.000570, 0.000354, 0.000348
1128, 0.000564, 0.000336, 0.000329
1129, 0.000568, 0.000337, 0.000333
1130, 0.000564, 0.000356, 0.000351
1131, 0.000565, 0.000329, 0.000325
1132, 0.000569, 0.000359, 0.000353
1133, 0.000565, 0.000332, 0.000329
1134, 0.000562, 0.000334, 0.000327
1135, 0.000562, 0.000344, 0.000340
1136, 0.000558, 0.000329, 0.000325
1137, 0.000559, 0.000337, 0.000331
1138, 0.000561, 0.000348, 0.000345
1139, 0.000563, 0.000326, 0.000321
1140, 0.000555, 0.000335, 0.000329
1141, 0.000557, 0.000331, 0.000328
1142, 0.000560, 0.000326, 0.000321
1143, 0.000553, 0.000338, 0.000333
1144, 0.000555, 0.000328, 0.000327
1145, 0.000561, 0.000345, 0.000339
1146, 0.000559, 0.000323, 0.000321
1147, 0.000556, 0.000336, 0.000332
1148, 0.000552, 0.000323, 0.000318
1149, 0.000553, 0.000326, 0.000322
1150, 0.000549, 0.000332, 0.000327
1151, 0.000549, 0.000327, 0.000321
1152, 0.000552, 0.000324, 0.000321
1153, 0.000552, 0.000346, 0.000339
1154, 0.000552, 0.000315, 0.000310
1155, 0.000553, 0.000333, 0.000327
1156, 0.000548, 0.000327, 0.000322
1157, 0.000547, 0.000313, 0.000308
1158, 0.000549, 0.000341, 0.000336
1159, 0.000548, 0.000316, 0.000313
1160, 0.000547, 0.000327, 0.000321
1161, 0.000547, 0.000321, 0.000318
1162, 0.000544, 0.000314, 0.000310
1163, 0.000544, 0.000333, 0.000327
1164, 0.000548, 0.000317, 0.000316
1165, 0.000549, 0.000325, 0.000320
1166, 0.000546, 0.000321, 0.000316
1167, 0.000539, 0.000315, 0.000313
1168, 0.000547, 0.000337, 0.000331
1169, 0.000547, 0.000308, 0.000306
1170, 0.000546, 0.000337, 0.000333
1171, 0.000543, 0.000314, 0.000309
1172, 0.000540, 0.000308, 0.000304
1173, 0.000539, 0.000347, 0.000342
1174, 0.000546, 0.000307, 0.000304
1175, 0.000552, 0.000348, 0.000341
1176, 0.000546, 0.000310, 0.000308
1177, 0.000540, 0.000313, 0.000308
1178, 0.000537, 0.000327, 0.000322
1179, 0.000538, 0.000308, 0.000305
1180, 0.000539, 0.000329, 0.000322
1181, 0.000540, 0.000304, 0.000301
1182, 0.000538, 0.000320, 0.000315
1183, 0.000537, 0.000312, 0.000308
1184, 0.000536, 0.000304, 0.000301
1185, 0.000539, 0.000325, 0.000321
1186, 0.000537, 0.000305, 0.000303
1187, 0.000534, 0.000312, 0.000309
1188, 0.000532, 0.000319, 0.000315
1189, 0.000534, 0.000307, 0.000305
1190, 0.000531, 0.000311, 0.000307
1191, 0.000533, 0.000308, 0.000304
1192, 0.000531, 0.000317, 0.000314
1193, 0.000531, 0.000307, 0.000303
1194, 0.000533, 0.000308, 0.000304
1195, 0.000531, 0.000315, 0.000312
1196, 0.000529, 0.000309, 0.000305
1197, 0.000531, 0.000309, 0.000305
1198, 0.000532, 0.000314, 0.000310
1199, 0.000530, 0.000307, 0.000303
1200, 0.000526, 0.000309, 0.000307
1201, 0.000533, 0.000316, 0.000313
1202, 0.000530, 0.000299, 0.000296
1203, 0.000527, 0.000323, 0.000319
1204, 0.000533, 0.000300, 0.000297
1205, 0.000534, 0.000317, 0.000312
1206, 0.000527, 0.000301, 0.000298
1207, 0.000525, 0.000305, 0.000301
1208, 0.000526, 0.000311, 0.000306
1209, 0.000525, 0.000300, 0.000297
1210, 0.000527, 0.000309, 0.000305
1211, 0.000526, 0.000302, 0.000300
1212, 0.000523, 0.000299, 0.000296
1213, 0.000525, 0.000315, 0.000311
1214, 0.000527, 0.000298, 0.000297
1215, 0.000528, 0.000323, 0.000318
1216, 0.000528, 0.000303, 0.000300
1217, 0.000527, 0.000315, 0.000311
1218, 0.000527, 0.000300, 0.000296
1219, 0.000524, 0.000307, 0.000304
1220, 0.000528, 0.000321, 0.000317
1221, 0.000527, 0.000298, 0.000294
1222, 0.000524, 0.000310, 0.000305
1223, 0.000526, 0.000309, 0.000307
1224, 0.000529, 0.000303, 0.000298
1225, 0.000522, 0.000300, 0.000297
1226, 0.000521, 0.000307, 0.000304
1227, 0.000524, 0.000298, 0.000295
1228, 0.000522, 0.000308, 0.000305
1229, 0.000522, 0.000303, 0.000300
1230, 0.000525, 0.000296, 0.000292
1231, 0.000522, 0.000315, 0.000311
1232, 0.000520, 0.000293, 0.000291
1233, 0.000521, 0.000310, 0.000306
1234, 0.000522, 0.000299, 0.000297
1235, 0.000521, 0.000301, 0.000296
1236, 0.000518, 0.000301, 0.000297
1237, 0.000519, 0.000302, 0.000300
1238, 0.000520, 0.000310, 0.000304
1239, 0.000522, 0.000291, 0.000289
1240, 0.000523, 0.000335, 0.000330
1241, 0.000529, 0.000286, 0.000284
1242, 0.000532, 0.000339, 0.000336
1243, 0.000531, 0.000288, 0.000286
1244, 0.000524, 0.000301, 0.000297
1245, 0.000518, 0.000305, 0.000302
1246, 0.000515, 0.000293, 0.000290
1247, 0.000518, 0.000308, 0.000303
1248, 0.000517, 0.000293, 0.000291
1249, 0.000518, 0.000311, 0.000306
1250, 0.000519, 0.000291, 0.000289
1251, 0.000520, 0.000310, 0.000305
1252, 0.000517, 0.000290, 0.000287
1253, 0.000515, 0.000304, 0.000301
1254, 0.000518, 0.000299, 0.000295
1255, 0.000516, 0.000290, 0.000288
1256, 0.000517, 0.000309, 0.000305
1257, 0.000515, 0.000290, 0.000286
1258, 0.000515, 0.000299, 0.000296
1259, 0.000512, 0.000307, 0.000303
1260, 0.000515, 0.000286, 0.000284
1261, 0.000517, 0.000314, 0.000309
1262, 0.000516, 0.000292, 0.000290
1263, 0.000517, 0.000300, 0.000297
1264, 0.000513, 0.000301, 0.000297
1265, 0.000513, 0.000292, 0.000290
1266, 0.000515, 0.000309, 0.000305
1267, 0.000515, 0.000289, 0.000285
1268, 0.000514, 0.000307, 0.000305
1269, 0.000518, 0.000293, 0.000290
1270, 0.000511, 0.000293, 0.000289
1271, 0.000511, 0.000305, 0.000302
1272, 0.000515, 0.000287, 0.000283
1273, 0.000510, 0.000308, 0.000303
1274, 0.000512, 0.000292, 0.000291
1275, 0.000514, 0.000306, 0.000302
1276, 0.000512, 0.000290, 0.000288
1277, 0.000515, 0.000304, 0.000302
1278, 0.000516, 0.000292, 0.000289
1279, 0.000511, 0.000291, 0.000288
1280, 0.000510, 0.000309, 0.000306
1281, 0.000512, 0.000283, 0.000281
1282, 0.000512, 0.000307, 0.000302
1283, 0.000512, 0.000289, 0.000286
1284, 0.000508, 0.000289, 0.000285
1285, 0.000508, 0.000301, 0.000297
1286, 0.000510, 0.000283, 0.000281
1287, 0.000510, 0.000310, 0.000305
1288, 0.000512, 0.000287, 0.000285
1289, 0.000515, 0.000303, 0.000299
1290, 0.000510, 0.000287, 0.000284
1291, 0.000509, 0.000298, 0.000295
1292, 0.000507, 0.000296, 0.000293
1293, 0.000510, 0.000280, 0.000278
1294, 0.000511, 0.000315, 0.000311
1295, 0.000512, 0.000279, 0.000277
1296, 0.000512, 0.000315, 0.000310
1297, 0.000511, 0.000292, 0.000288
1298, 0.000509, 0.000293, 0.000289
1299, 0.000507, 0.000299, 0.000295
1300, 0.000506, 0.000289, 0.000285
1301, 0.000504, 0.000295, 0.000291
1302, 0.000506, 0.000296, 0.000292
1303, 0.000505, 0.000284, 0.000281
1304, 0.000509, 0.000300, 0.000296
1305, 0.000507, 0.000286, 0.000284
1306, 0.000507, 0.000297, 0.000293
1307, 0.000505, 0.000289, 0.000285
1308, 0.000505, 0.000287, 0.000284
1309, 0.000505, 0.000301, 0.000297
1310, 0.000505, 0.000285, 0.000282
1311, 0.000507, 0.000294, 0.000291
1312, 0.000502, 0.000288, 0.000285
1313, 0.000503, 0.000290, 0.000286
1314, 0.000504, 0.000299, 0.000295
1315, 0.000505, 0.000285, 0.000282
1316, 0.000501, 0.000300, 0.000296
1317, 0.000506, 0.000284, 0.000280
1318, 0.000505, 0.000304, 0.000300
1319, 0.000506, 0.000282, 0.000280
1320, 0.000509, 0.000318, 0.000314
1321, 0.000509, 0.000281, 0.000280
1322, 0.000511, 0.000321, 0.000316
1323, 0.000510, 0.000278, 0.000275
1324, 0.000504, 0.000299, 0.000295
1325, 0.000502, 0.000287, 0.000284
1326, 0.000503, 0.000291, 0.000287
1327, 0.000500, 0.000285, 0.000282
1328, 0.000504, 0.000294, 0.000291
1329, 0.000501, 0.000291, 0.000288
1330, 0.000500, 0.000286, 0.000283
1331, 0.000500, 0.000302, 0.000298
1332, 0.000504, 0.000282, 0.000279
1333, 0.000501, 0.000306, 0.000301
1334, 0.000503, 0.000281, 0.000279
1335, 0.000503, 0.000301, 0.000297
1336, 0.000501, 0.000282, 0.000279
1337, 0.000502, 0.000296, 0.000293
1338, 0.000504, 0.000286, 0.000283
1339, 0.000499, 0.000289, 0.000285
1340, 0.000500, 0.000294, 0.000290
1341, 0.000500, 0.000279, 0.000275
1342, 0.000504, 0.000303, 0.000298
1343, 0.000501, 0.000284, 0.000282
1344, 0.000503, 0.000294, 0.000289
1345, 0.000500, 0.000283, 0.000280
1346, 0.000499, 0.000294, 0.000292
1347, 0.000500, 0.000284, 0.000280
1348, 0.000499, 0.000291, 0.000288
1349, 0.000499, 0.000286, 0.000283
1350, 0.000498, 0.000290, 0.000286
1351, 0.000499, 0.000290, 0.000286
1352, 0.000499, 0.000286, 0.000284
1353, 0.000500, 0.000303, 0.000298
1354, 0.000504, 0.000277, 0.000275
1355, 0.000504, 0.000327, 0.000323
1356, 0.000510, 0.000274, 0.000272
1357, 0.000510, 0.000323, 0.000319
1358, 0.000507, 0.000273, 0.000271
1359, 0.000502, 0.000301, 0.000298
1360, 0.000499, 0.000285, 0.000283
1361, 0.000497, 0.000275, 0.000272
1362, 0.000499, 0.000317, 0.000312
1363, 0.000504, 0.000271, 0.000270
1364, 0.000509, 0.000330, 0.000324
1365, 0.000512, 0.000273, 0.000273
1366, 0.000507, 0.000314, 0.000309
1367, 0.000505, 0.000275, 0.000272
1368, 0.000500, 0.000291, 0.000289
1369, 0.000499, 0.000291, 0.000287
1370, 0.000498, 0.000275, 0.000272
1371, 0.000496, 0.000307, 0.000302
1372, 0.000500, 0.000277, 0.000273
1373, 0.000497, 0.000292, 0.000287
1374, 0.000496, 0.000287, 0.000283
1375, 0.000496, 0.000281, 0.000277
1376, 0.000495, 0.000295, 0.000291
1377, 0.000496, 0.000275, 0.000272
1378, 0.000498, 0.000298, 0.000294
1379, 0.000497, 0.000278, 0.000275
1380, 0.000495, 0.000279, 0.000276
1381, 0.000493, 0.000293, 0.000289
1382, 0.000494, 0.000277, 0.000274
1383, 0.000494, 0.000295, 0.000291
1384, 0.000496, 0.000276, 0.000274
1385, 0.000496, 0.000285, 0.000280
1386, 0.000493, 0.000285, 0.000282
1387, 0.000496, 0.000279, 0.000275
1388, 0.000494, 0.000299, 0.000294
1389, 0.000495, 0.000276, 0.000273
1390, 0.000495, 0.000302, 0.000297
1391, 0.000495, 0.000275, 0.000272
1392, 0.000495, 0.000292, 0.000288
1393, 0.000492, 0.000276, 0.000273
1394, 0.000490, 0.000285, 0.000281
1395, 0.000492, 0.000289, 0.000286
1396, 0.000490, 0.000277, 0.000275
1397, 0.000494, 0.000292, 0.000288
1398, 0.000492, 0.000278, 0.000274
1399, 0.000493, 0.000291, 0.000287
1400, 0.000492, 0.000281, 0.000277
1401, 0.000490, 0.000278, 0.000274
1402, 0.000492, 0.000297, 0.000293
1403, 0.000493, 0.000273, 0.000270
1404, 0.000492, 0.000302, 0.000297
1405, 0.000495, 0.000273, 0.000271
1406, 0.000493, 0.000291, 0.000287
1407, 0.000490, 0.000283, 0.000279
1408, 0.000488, 0.000279, 0.000278
1409, 0.000493, 0.000308, 0.000302
1410, 0.000497, 0.000268, 0.000266
1411, 0.000498, 0.000327, 0.000322
1412, 0.000500, 0.000267, 0.000264
1413, 0.000498, 0.000295, 0.000290
1414, 0.000489, 0.000285, 0.000282
1415, 0.000492, 0.000270, 0.000266
1416, 0.000492, 0.000309, 0.000304
1417, 0.000496, 0.000270, 0.000268
1418, 0.000497, 0.000313, 0.000307
1419, 0.000499, 0.000273, 0.000271
1420, 0.000495, 0.000293, 0.000289
1421, 0.000488, 0.000284, 0.000279
1422, 0.000490, 0.000273, 0.000270
1423, 0.000491, 0.000308, 0.000302
1424, 0.000494, 0.000267, 0.000262
1425, 0.000494, 0.000299, 0.000295
1426, 0.000490, 0.000278, 0.000275
1427, 0.000485, 0.000273, 0.000269
1428, 0.000488, 0.000302, 0.000298
1429, 0.000490, 0.000267, 0.000264
1430, 0.000495, 0.000314, 0.000308
1431, 0.000496, 0.000268, 0.000267
1432, 0.000492, 0.000290, 0.000285
1433, 0.000489, 0.000285, 0.000281
1434, 0.000487, 0.000271, 0.000268
1435, 0.000492, 0.000314, 0.000309
1436, 0.000494, 0.000264, 0.000262
1437, 0.000499, 0.000318, 0.000313
1438, 0.000496, 0.000267, 0.000264
1439, 0.000490, 0.000280, 0.000276
1440, 0.000488, 0.000298, 0.000293
1441, 0.000488, 0.000265, 0.000263
1442, 0.000494, 0.000314, 0.000308
1443, 0.000495, 0.000266, 0.000264
1444, 0.000494, 0.000289, 0.000284
1445, 0.000485, 0.000279, 0.000275
1446, 0.000483, 0.000267, 0.000264
1447, 0.000491, 0.000316, 0.000311
1448, 0.000494, 0.000264, 0.000261
1449, 0.000495, 0.000297, 0.000293
1450, 0.000485, 0.000281, 0.000277
1451, 0.000486, 0.000266, 0.000263
1452, 0.000490, 0.000322, 0.000317
1453, 0.000497, 0.000265, 0.000262
1454, 0.000494, 0.000297, 0.000290
1455, 0.000487, 0.000279, 0.000276
1456, 0.000485, 0.000267, 0.000263
1457, 0.000484, 0.000294, 0.000289
1458, 0.000488, 0.000269, 0.000267
1459, 0.000489, 0.000297, 0.000291
1460, 0.000488, 0.000270, 0.000265
1461, 0.000482, 0.000275, 0.000273
1462, 0.000482, 0.000289, 0.000283
1463, 0.000484, 0.000262, 0.000259
1464, 0.000488, 0.000297, 0.000293
1465, 0.000487, 0.000268, 0.000264
1466, 0.000484, 0.000272, 0.000268
1467, 0.000482, 0.000292, 0.000287
1468, 0.000487, 0.000263, 0.000259
1469, 0.000487, 0.000303, 0.000298
1470, 0.000492, 0.000267, 0.000264
1471, 0.000487, 0.000282, 0.000277
1472, 0.000482, 0.000282, 0.000278
1473, 0.000482, 0.000270, 0.000266
1474, 0.000483, 0.000300, 0.000295
1475, 0.000488, 0.000262, 0.000259
1476, 0.000490, 0.000310, 0.000303
1477, 0.000492, 0.000264, 0.000261
1478, 0.000484, 0.000282, 0.000278
1479, 0.000482, 0.000287, 0.000282
1480, 0.000484, 0.000262, 0.000260
1481, 0.000486, 0.000311, 0.000306
1482, 0.000489, 0.000264, 0.000260
1483, 0.000483, 0.000272, 0.000268
1484, 0.000478, 0.000297, 0.000293
1485, 0.000485, 0.000262, 0.000259
1486, 0.000484, 0.000294, 0.000288
1487, 0.000481, 0.000275, 0.000271
1488, 0.000481, 0.000270, 0.000266
1489, 0.000479, 0.000283, 0.000276
1490, 0.000484, 0.000273, 0.000270
1491, 0.000480, 0.000275, 0.000271
1492, 0.000477, 0.000276, 0.000271
1493, 0.000479, 0.000276, 0.000273
1494, 0.000477, 0.000273, 0.000270
1495, 0.000476, 0.000277, 0.000273
1496, 0.000477, 0.000269, 0.000267
1497, 0.000481, 0.000287, 0.000282
1498, 0.000479, 0.000263, 0.000258
1499, 0.000479, 0.000289, 0.000285
1500, 0.000478, 0.000271, 0.000266
1501, 0.000475, 0.000270, 0.000265
1502, 0.000477, 0.000287, 0.000282
1503, 0.000477, 0.000267, 0.000262
1504, 0.000477, 0.000272, 0.000267
1505, 0.000475, 0.000282, 0.000279
1506, 0.000479, 0.000268, 0.000264
1507, 0.000476, 0.000276, 0.000270
1508, 0.000474, 0.000280, 0.000277
1509, 0.000476, 0.000268, 0.000263
1510, 0.000474, 0.000279, 0.000272
1511, 0.000475, 0.000275, 0.000272
1512, 0.000476, 0.000270, 0.000265
1513, 0.000475, 0.000278, 0.000272
1514, 0.000477, 0.000272, 0.000269
1515, 0.000477, 0.000276, 0.000272
1516, 0.000473, 0.000275, 0.000270
1517, 0.000474, 0.000269, 0.000266
1518, 0.000475, 0.000284, 0.000279
1519, 0.000473, 0.000268, 0.000263
1520, 0.000475, 0.000281, 0.000277
1521, 0.000474, 0.000272, 0.000268
1522, 0.000473, 0.000271, 0.000266
1523, 0.000473, 0.000279, 0.000274
1524, 0.000478, 0.000270, 0.000265
1525, 0.000474, 0.000276, 0.000270
1526, 0.000473, 0.000269, 0.000265
1527, 0.000476, 0.000286, 0.000281
1528, 0.000476, 0.000261, 0.000257
1529, 0.000475, 0.000283, 0.000279
1530, 0.000474, 0.000268, 0.000263
1531, 0.000473, 0.000268, 0.000264
1532, 0.000472, 0.000285, 0.000282
1533, 0.000473, 0.000265, 0.000260
1534, 0.000474, 0.000286, 0.000282
1535, 0.000472, 0.000267, 0.000263
1536, 0.000470, 0.000274, 0.000268
1537, 0.000472, 0.000281, 0.000277
1538, 0.000471, 0.000262, 0.000258
1539, 0.000471, 0.000287, 0.000280
1540, 0.000474, 0.000264, 0.000261
1541, 0.000473, 0.000285, 0.000280
1542, 0.000473, 0.000265, 0.000260
1543, 0.000470, 0.000275, 0.000272
1544, 0.000468, 0.000272, 0.000268
1545, 0.000471, 0.000268, 0.000263
1546, 0.000472, 0.000275, 0.000272
1547, 0.000470, 0.000274, 0.000270
1548, 0.000471, 0.000266, 0.000261
1549, 0.000468, 0.000291, 0.000286
1550, 0.000473, 0.000259, 0.000256
1551, 0.000474, 0.000294, 0.000287
1552, 0.000474, 0.000265, 0.000262
1553, 0.000470, 0.000269, 0.000265
1554, 0.000469, 0.000289, 0.000283
1555, 0.000473, 0.000258, 0.000254
1556, 0.000474, 0.000309, 0.000303
1557, 0.000480, 0.000256, 0.000252
1558, 0.000473, 0.000282, 0.000277
1559, 0.000469, 0.000268, 0.000264
1560, 0.000469, 0.000269, 0.000265
1561, 0.000467, 0.000270, 0.000265
1562, 0.000468, 0.000271, 0.000266
1563, 0.000466, 0.000266, 0.000261
1564, 0.000465, 0.000274, 0.000269
1565, 0.000464, 0.000262, 0.000257
1566, 0.000466, 0.000279, 0.000273
1567, 0.000471, 0.000265, 0.000261
1568, 0.000467, 0.000278, 0.000272
1569, 0.000467, 0.000264, 0.000260
1570, 0.000469, 0.000288, 0.000282
1571, 0.000470, 0.000258, 0.000254
1572, 0.000470, 0.000289, 0.000284
1573, 0.000469, 0.000259, 0.000255
1574, 0.000469, 0.000283, 0.000277
1575, 0.000465, 0.000261, 0.000256
1576, 0.000466, 0.000272, 0.000267
1577, 0.000466, 0.000271, 0.000265
1578, 0.000462, 0.000258, 0.000253
1579, 0.000470, 0.000293, 0.000288
1580, 0.000471, 0.000254, 0.000250
1581, 0.000469, 0.000288, 0.000282
1582, 0.000468, 0.000261, 0.000257
1583, 0.000469, 0.000284, 0.000278
1584, 0.000466, 0.000264, 0.000259
1585, 0.000465, 0.000264, 0.000259
1586, 0.000463, 0.000281, 0.000275
1587, 0.000466, 0.000261, 0.000255
1588, 0.000464, 0.000266, 0.000261
1589, 0.000464, 0.000292, 0.000286
1590, 0.000468, 0.000252, 0.000248
1591, 0.000472, 0.000323, 0.000317
1592, 0.000480, 0.000249, 0.000245
1593, 0.000479, 0.000299, 0.000293
1594, 0.000468, 0.000262, 0.000257
1595, 0.000463, 0.000254, 0.000250
1596, 0.000463, 0.000302, 0.000295
1597, 0.000470, 0.000251, 0.000247
1598, 0.000475, 0.000302, 0.000295
1599, 0.000471, 0.000251, 0.000246
1600, 0.000463, 0.000268, 0.000263
1601, 0.000463, 0.000275, 0.000270
1602, 0.000460, 0.000252, 0.000248
1603, 0.000465, 0.000296, 0.000290
1604, 0.000467, 0.000251, 0.000246
1605, 0.000464, 0.000270, 0.000265
1606, 0.000461, 0.000272, 0.000266
1607, 0.000460, 0.000249, 0.000244
1608, 0.000461, 0.000292, 0.000285
1609, 0.000466, 0.000256, 0.000252
1610, 0.000465, 0.000268, 0.000261
1611, 0.000459, 0.000268, 0.000262
1612, 0.000460, 0.000262, 0.000258
1613, 0.000459, 0.000264, 0.000258
1614, 0.000461, 0.000271, 0.000264
1615, 0.000458, 0.000260, 0.000255
1616, 0.000462, 0.000275, 0.000269
1617, 0.000459, 0.000255, 0.000250
1618, 0.000462, 0.000273, 0.000268
1619, 0.000460, 0.000262, 0.000256
1620, 0.000459, 0.000255, 0.000249
1621, 0.000460, 0.000298, 0.000292
1622, 0.000464, 0.000246, 0.000242
1623, 0.000467, 0.000291, 0.000283
1624, 0.000463, 0.000256, 0.000251
1625, 0.000461, 0.000260, 0.000254
1626, 0.000457, 0.000287, 0.000280
1627, 0.000460, 0.000250, 0.000246
1628, 0.000467, 0.000298, 0.000290
1629, 0.000466, 0.000247, 0.000242
1630, 0.000461, 0.000270, 0.000264
1631, 0.000460, 0.000268, 0.000261
1632, 0.000458, 0.000249, 0.000243
1633, 0.000460, 0.000293, 0.000286
1634, 0.000463, 0.000247, 0.000242
1635, 0.000460, 0.000276, 0.000269
1636, 0.000460, 0.000255, 0.000249
1637, 0.000456, 0.000261, 0.000256
1638, 0.000454, 0.000272, 0.000266
1639, 0.000456, 0.000252, 0.000247
1640, 0.000455, 0.000274, 0.000269
1641, 0.000459, 0.000253, 0.000247
1642, 0.000456, 0.000263, 0.000257
1643, 0.000454, 0.000258, 0.000253
1644, 0.000454, 0.000260, 0.000254
1645, 0.000454, 0.000266, 0.000260
1646, 0.000455, 0.000256, 0.000251
1647, 0.000452, 0.000260, 0.000253
1648, 0.000455, 0.000265, 0.000259
1649, 0.000453, 0.000257, 0.000251
1650, 0.000455, 0.000266, 0.000258
1651, 0.000459, 0.000257, 0.000252
1652, 0.000452, 0.000272, 0.000265
1653, 0.000454, 0.000252, 0.000246
1654, 0.000455, 0.000270, 0.000264
1655, 0.000452, 0.000260, 0.000254
1656, 0.000447, 0.000251, 0.000244
1657, 0.000456, 0.000281, 0.000275
1658, 0.000456, 0.000248, 0.000242
1659, 0.000454, 0.000271, 0.000263
1660, 0.000454, 0.000261, 0.000256
1661, 0.000454, 0.000255, 0.000250
1662, 0.000452, 0.000275, 0.000268
1663, 0.000453, 0.000254, 0.000250
1664, 0.000456, 0.000271, 0.000264
1665, 0.000449, 0.000251, 0.000245
1666, 0.000452, 0.000269, 0.000263
1667, 0.000453, 0.000256, 0.000250
1668, 0.000449, 0.000253, 0.000246
1669, 0.000450, 0.000268, 0.000261
1670, 0.000451, 0.000248, 0.000242
1671, 0.000454, 0.000278, 0.000270
1672, 0.000455, 0.000245, 0.000239
1673, 0.000453, 0.000289, 0.000281
1674, 0.000457, 0.000244, 0.000238
1675, 0.000455, 0.000281, 0.000273
1676, 0.000450, 0.000258, 0.000252
1677, 0.000446, 0.000247, 0.000241
1678, 0.000450, 0.000284, 0.000275
1679, 0.000452, 0.000243, 0.000237
1680, 0.000454, 0.000288, 0.000280
1681, 0.000454, 0.000248, 0.000242
1682, 0.000450, 0.000257, 0.000251
1683, 0.000445, 0.000275, 0.000268
1684, 0.000450, 0.000239, 0.000234
1685, 0.000456, 0.000297, 0.000288
1686, 0.000456, 0.000243, 0.000237
1687, 0.000451, 0.000262, 0.000255
1688, 0.000446, 0.000265, 0.000259
1689, 0.000445, 0.000246, 0.000240
1690, 0.000447, 0.000283, 0.000275
1691, 0.000451, 0.000245, 0.000239
1692, 0.000447, 0.000261, 0.000254
1693, 0.000445, 0.000270, 0.000262
1694, 0.000446, 0.000244, 0.000238
1695, 0.000448, 0.000280, 0.000271
1696, 0.000447, 0.000241, 0.000235
1697, 0.000450, 0.000271, 0.000263
1698, 0.000446, 0.000249, 0.000242
1699, 0.000445, 0.000250, 0.000243
1700, 0.000445, 0.000273, 0.000265
1701, 0.000445, 0.000243, 0.000236
1702, 0.000446, 0.000274, 0.000266
1703, 0.000448, 0.000249, 0.000242
1704, 0.000445, 0.000253, 0.000246
1705, 0.000441, 0.000263, 0.000256
1706, 0.000442, 0.000246, 0.000240
1707, 0.000444, 0.000271, 0.000262
1708, 0.000444, 0.000246, 0.000239
1709, 0.000443, 0.000261, 0.000253
1710, 0.000442, 0.000254, 0.000246
1711, 0.000441, 0.000251, 0.000243
1712, 0.000441, 0.000257, 0.000250
1713, 0.000443, 0.000254, 0.000247
1714, 0.000441, 0.000256, 0.000249
1715, 0.000441, 0.000255, 0.000250
1716, 0.000442, 0.000259, 0.000252
1717, 0.000441, 0.000240, 0.000235
1718, 0.000445, 0.000284, 0.000277
1719, 0.000447, 0.000236, 0.000229
1720, 0.000451, 0.000290, 0.000281
1721, 0.000450, 0.000238, 0.000232
1722, 0.000443, 0.000257, 0.000249
1723, 0.000441, 0.000264, 0.000256
1724, 0.000440, 0.000240, 0.000234
1725, 0.000446, 0.000283, 0.000274
1726, 0.000445, 0.000238, 0.000232
1727, 0.000442, 0.000266, 0.000260
1728, 0.000442, 0.000248, 0.000240
1729, 0.000438, 0.000252, 0.000246
1730, 0.000435, 0.000264, 0.000257
1731, 0.000440, 0.000243, 0.000235
1732, 0.000442, 0.000277, 0.000269
1733, 0.000445, 0.000239, 0.000234
1734, 0.000443, 0.000273, 0.000264
1735, 0.000438, 0.000242, 0.000234
1736, 0.000438, 0.000252, 0.000246
1737, 0.000439, 0.000265, 0.000256
1738, 0.000438, 0.000236, 0.000229
1739, 0.000442, 0.000278, 0.000270
1740, 0.000441, 0.000239, 0.000232
1741, 0.000440, 0.000261, 0.000252
1742, 0.000438, 0.000246, 0.000239
1743, 0.000438, 0.000259, 0.000251
1744, 0.000435, 0.000253, 0.000244
1745, 0.000438, 0.000254, 0.000246
1746, 0.000437, 0.000259, 0.000251
1747, 0.000435, 0.000241, 0.000233
1748, 0.000440, 0.000272, 0.000264
1749, 0.000440, 0.000241, 0.000233
1750, 0.000436, 0.000265, 0.000255
1751, 0.000437, 0.000247, 0.000240
1752, 0.000435, 0.000255, 0.000247
1753, 0.000435, 0.000248, 0.000240
1754, 0.000434, 0.000246, 0.000238
1755, 0.000435, 0.000259, 0.000251
1756, 0.000434, 0.000241, 0.000234
1757, 0.000436, 0.000263, 0.000255
1758, 0.000436, 0.000242, 0.000235
1759, 0.000434, 0.000254, 0.000246
1760, 0.000434, 0.000254, 0.000246
1761, 0.000435, 0.000239, 0.000232
1762, 0.000434, 0.000266, 0.000259
1763, 0.000435, 0.000240, 0.000232
1764, 0.000435, 0.000262, 0.000253
1765, 0.000433, 0.000244, 0.000236
1766, 0.000434, 0.000255, 0.000246
1767, 0.000431, 0.000257, 0.000248
1768, 0.000434, 0.000235, 0.000228
1769, 0.000436, 0.000277, 0.000267
1770, 0.000437, 0.000231, 0.000223
1771, 0.000434, 0.000264, 0.000255
1772, 0.000433, 0.000247, 0.000239
1773, 0.000430, 0.000240, 0.000231
1774, 0.000432, 0.000266, 0.000257
1775, 0.000432, 0.000233, 0.000226
1776, 0.000435, 0.000281, 0.000270
1777, 0.000436, 0.000231, 0.000223
1778, 0.000435, 0.000268, 0.000260
1779, 0.000432, 0.000243, 0.000235
1780, 0.000430, 0.000247, 0.000240
1781, 0.000429, 0.000257, 0.000250
1782, 0.000432, 0.000234, 0.000226
1783, 0.000433, 0.000273, 0.000265
1784, 0.000434, 0.000232, 0.000225
1785, 0.000435, 0.000265, 0.000255
1786, 0.000435, 0.000240, 0.000231
1787, 0.000429, 0.000244, 0.000236
1788, 0.000429, 0.000260, 0.000250
1789, 0.000430, 0.000227, 0.000219
1790, 0.000432, 0.000278, 0.000269
1791, 0.000432, 0.000232, 0.000224
1792, 0.000430, 0.000246, 0.000237
1793, 0.000426, 0.000264, 0.000255
1794, 0.000428, 0.000228, 0.000220
1795, 0.000433, 0.000279, 0.000267
1796, 0.000434, 0.000227, 0.000220
1797, 0.000431, 0.000262, 0.000251
1798, 0.000427, 0.000245, 0.000235
1799, 0.000426, 0.000238, 0.000229
1800, 0.000427, 0.000273, 0.000262
1801, 0.000430, 0.000228, 0.000220
1802, 0.000429, 0.000264, 0.000253
1803, 0.000428, 0.000240, 0.000230
1804, 0.000427, 0.000242, 0.000233
1805, 0.000425, 0.000251, 0.000241
1806, 0.000425, 0.000238, 0.000228
1807, 0.000425, 0.000248, 0.000239
1808, 0.000425, 0.000245, 0.000235
1809, 0.000423, 0.000234, 0.000226
1810, 0.000424, 0.000254, 0.000245
1811, 0.000424, 0.000241, 0.000232
1812, 0.000422, 0.000239, 0.000229
1813, 0.000425, 0.000245, 0.000236
1814, 0.000424, 0.000244, 0.000236
1815, 0.000423, 0.000240, 0.000230
1816, 0.000424, 0.000255, 0.000246
1817, 0.000425, 0.000236, 0.000228
1818, 0.000424, 0.000253, 0.000242
1819, 0.000424, 0.000241, 0.000232
1820, 0.000420, 0.000240, 0.000230
1821, 0.000422, 0.000244, 0.000234
1822, 0.000421, 0.000238, 0.000229
1823, 0.000421, 0.000253, 0.000244
1824, 0.000422, 0.000236, 0.000226
1825, 0.000420, 0.000250, 0.000240
1826, 0.000419, 0.000243, 0.000233
1827, 0.000418, 0.000241, 0.000231
1828, 0.000419, 0.000252, 0.000241
1829, 0.000419, 0.000241, 0.000231
1830, 0.000423, 0.000244, 0.000234
1831, 0.000420, 0.000251, 0.000241
1832, 0.000423, 0.000229, 0.000221
1833, 0.000421, 0.000263, 0.000253
1834, 0.000422, 0.000229, 0.000220
1835, 0.000420, 0.000244, 0.000235
1836, 0.000418, 0.000255, 0.000245
1837, 0.000419, 0.000220, 0.000210
1838, 0.000429, 0.000296, 0.000283
1839, 0.000431, 0.000220, 0.000212
1840, 0.000429, 0.000274, 0.000262
1841, 0.000423, 0.000232, 0.000222
1842, 0.000419, 0.000236, 0.000227
1843, 0.000418, 0.000275, 0.000263
1844, 0.000422, 0.000222, 0.000213
1845, 0.000431, 0.000292, 0.000281
1846, 0.000433, 0.000216, 0.000208
1847, 0.000432, 0.000282, 0.000272
1848, 0.000427, 0.000226, 0.000217
1849, 0.000418, 0.000239, 0.000230
1850, 0.000419, 0.000262, 0.000252
1851, 0.000421, 0.000219, 0.000210
1852, 0.000426, 0.000293, 0.000281
1853, 0.000435, 0.000220, 0.000212
1854, 0.000429, 0.000263, 0.000253
1855, 0.000422, 0.000234, 0.000224
1856, 0.000417, 0.000230, 0.000222
1857, 0.000419, 0.000263, 0.000251
1858, 0.000419, 0.000223, 0.000213
1859, 0.000418, 0.000252, 0.000242
1860, 0.000418, 0.000238, 0.000227
1861, 0.000416, 0.000226, 0.000216
1862, 0.000416, 0.000264, 0.000254
1863, 0.000419, 0.000219, 0.000209
1864, 0.000419, 0.000254, 0.000243
1865, 0.000417, 0.000233, 0.000224
1866, 0.000415, 0.000230, 0.000220
1867, 0.000415, 0.000247, 0.000236
1868, 0.000415, 0.000227, 0.000219
1869, 0.000413, 0.000239, 0.000228
1870, 0.000414, 0.000233, 0.000223
1871, 0.000414, 0.000237, 0.000228
1872, 0.000415, 0.000235, 0.000224
1873, 0.000411, 0.000233, 0.000224
1874, 0.000411, 0.000242, 0.000232
1875, 0.000413, 0.000232, 0.000221
1876, 0.000412, 0.000235, 0.000225
1877, 0.000411, 0.000239, 0.000228
1878, 0.000412, 0.000222, 0.000212
1879, 0.000413, 0.000264, 0.000251
1880, 0.000417, 0.000216, 0.000207
1881, 0.000418, 0.000270, 0.000257
1882, 0.000415, 0.000218, 0.000208
1883, 0.000412, 0.000242, 0.000231
1884, 0.000410, 0.000234, 0.000223
1885, 0.000409, 0.000222, 0.000212
1886, 0.000411, 0.000253, 0.000243
1887, 0.000413, 0.000223, 0.000213
1888, 0.000409, 0.000232, 0.000221
1889, 0.000410, 0.000251, 0.000240
1890, 0.000410, 0.000219, 0.000209
1891, 0.000412, 0.000250, 0.000238
1892, 0.000409, 0.000226, 0.000216
1893, 0.000411, 0.000245, 0.000233
1894, 0.000410, 0.000224, 0.000213
1895, 0.000408, 0.000246, 0.000235
1896, 0.000411, 0.000222, 0.000212
1897, 0.000407, 0.000239, 0.000229
1898, 0.000409, 0.000231, 0.000221
1899, 0.000406, 0.000228, 0.000217
1900, 0.000406, 0.000241, 0.000230
1901, 0.000405, 0.000219, 0.000209
1902, 0.000409, 0.000256, 0.000244
1903, 0.000410, 0.000220, 0.000210
1904, 0.000408, 0.000241, 0.000230
1905, 0.000407, 0.000226, 0.000215
1906, 0.000404, 0.000235, 0.000224
1907, 0.000406, 0.000235, 0.000224
1908, 0.000403, 0.000223, 0.000212
1909, 0.000407, 0.000251, 0.000239
1910, 0.000407, 0.000218, 0.000208
1911, 0.000408, 0.000250, 0.000238
1912, 0.000406, 0.000223, 0.000212
1913, 0.000406, 0.000234, 0.000223
1914, 0.000404, 0.000239, 0.000227
1915, 0.000404, 0.000218, 0.000207
1916, 0.000405, 0.000250, 0.000237
1917, 0.000407, 0.000214, 0.000203
1918, 0.000406, 0.000245, 0.000233
1919, 0.000404, 0.000234, 0.000222
1920, 0.000404, 0.000217, 0.000206
1921, 0.000404, 0.000258, 0.000246
1922, 0.000407, 0.000212, 0.000202
1923, 0.000409, 0.000265, 0.000252
1924, 0.000409, 0.000212, 0.000202
1925, 0.000410, 0.000258, 0.000246
1926, 0.000407, 0.000219, 0.000208
1927, 0.000406, 0.000245, 0.000232
1928, 0.000401, 0.000219, 0.000208
1929, 0.000401, 0.000239, 0.000227
1930, 0.000402, 0.000224, 0.000212
1931, 0.000403, 0.000225, 0.000214
1932, 0.000402, 0.000247, 0.000234
1933, 0.000404, 0.000215, 0.000205
1934, 0.000404, 0.000243, 0.000231
1935, 0.000403, 0.000224, 0.000213
1936, 0.000400, 0.000224, 0.000213
1937, 0.000398, 0.000234, 0.000223
1938, 0.000399, 0.000221, 0.000210
1939, 0.000400, 0.000230, 0.000218
1940, 0.000400, 0.000228, 0.000216
1941, 0.000398, 0.000227, 0.000215
1942, 0.000398, 0.000235, 0.000223
1943, 0.000400, 0.000226, 0.000215
1944, 0.000397, 0.000223, 0.000211
1945, 0.000398, 0.000239, 0.000226
1946, 0.000402, 0.000217, 0.000206
1947, 0.000398, 0.000241, 0.000230
1948, 0.000397, 0.000222, 0.000211
1949, 0.000399, 0.000222, 0.000211
1950, 0.000398, 0.000247, 0.000236
1951, 0.000399, 0.000209, 0.000199
1952, 0.000403, 0.000267, 0.000254
1953, 0.000406, 0.000204, 0.000195
1954, 0.000409, 0.000269, 0.000256
1955, 0.000405, 0.000214, 0.000203
1956, 0.000397, 0.000226, 0.000213
1957, 0.000397, 0.000249, 0.000237
1958, 0.000399, 0.000206, 0.000196
1959, 0.000401, 0.000264, 0.000250
1960, 0.000403, 0.000208, 0.000197
1961, 0.000402, 0.000250, 0.000236
1962, 0.000397, 0.000217, 0.000205
1963, 0.000395, 0.000220, 0.000207
1964, 0.000396, 0.000249, 0.000235
1965, 0.000399, 0.000207, 0.000195
1966, 0.000401, 0.000252, 0.000239
1967, 0.000398, 0.000214, 0.000203
1968, 0.000395, 0.000220, 0.000209
1969, 0.000397, 0.000250, 0.000237
1970, 0.000399, 0.000205, 0.000195
1971, 0.000400, 0.000256, 0.000243
1972, 0.000398, 0.000217, 0.000205
1973, 0.000393, 0.000217, 0.000205
1974, 0.000394, 0.000247, 0.000234
1975, 0.000397, 0.000204, 0.000192
1976, 0.000400, 0.000264, 0.000251
1977, 0.000401, 0.000202, 0.000191
1978, 0.000399, 0.000250, 0.000237
1979, 0.000397, 0.000215, 0.000204
1980, 0.000392, 0.000216, 0.000204
1981, 0.000392, 0.000241, 0.000228
1982, 0.000395, 0.000208, 0.000197
1983, 0.000393, 0.000234, 0.000222
1984, 0.000393, 0.000216, 0.000204
1985, 0.000392, 0.000219, 0.000208
1986, 0.000391, 0.000228, 0.000217
1987, 0.000389, 0.000215, 0.000204
1988, 0.000392, 0.000233, 0.000222
1989, 0.000391, 0.000214, 0.000202
1990, 0.000393, 0.000230, 0.000218
1991, 0.000392, 0.000219, 0.000207
1992, 0.000388, 0.000225, 0.000211
1993, 0.000390, 0.000222, 0.000209
1994, 0.000390, 0.000228, 0.000215
1995, 0.000391, 0.000219, 0.000206
1996, 0.000392, 0.000224, 0.000211
1997, 0.000390, 0.000219, 0.000207
1998, 0.000389, 0.000226, 0.000214
1999, 0.000391, 0.000215, 0.000203
2000, 0.000388, 0.000223, 0.000210
2001, 0.000387, 0.000228, 0.000215
2002, 0.000388, 0.000212, 0.000200
2003, 0.000390, 0.000234, 0.000220
2004, 0.000388, 0.000213, 0.000200
2005, 0.000388, 0.000222, 0.000209
2006, 0.000387, 0.000223, 0.000211
2007, 0.000387, 0.000216, 0.000204
2008, 0.000387, 0.000230, 0.000218
2009, 0.000387, 0.000212, 0.000200
2010, 0.000390, 0.000231, 0.000218
2011, 0.000388, 0.000218, 0.000205
2012, 0.000387, 0.000219, 0.000206
2013, 0.000389, 0.000233, 0.000220
2014, 0.000388, 0.000209, 0.000196
2015, 0.000388, 0.000248, 0.000233
2016, 0.000388, 0.000206, 0.000194
2017, 0.000390, 0.000239, 0.000225
2018, 0.000388, 0.000217, 0.000204
2019, 0.000386, 0.000217, 0.000203
2020, 0.000384, 0.000235, 0.000222
2021, 0.000388, 0.000199, 0.000186
2022, 0.000392, 0.000267, 0.000252
2023, 0.000395, 0.000198, 0.000186
2024, 0.000396, 0.000249, 0.000235
2025, 0.000388, 0.000213, 0.000201
2026, 0.000385, 0.000220, 0.000207
2027, 0.000386, 0.000231, 0.000217
2028, 0.000385, 0.000197, 0.000187
2029, 0.000395, 0.000279, 0.000264
2030, 0.000400, 0.000194, 0.000183
2031, 0.000403, 0.000287, 0.000271
2032, 0.000401, 0.000195, 0.000183
2033, 0.000392, 0.000242, 0.000228
2034, 0.000385, 0.000212, 0.000200
2035, 0.000384, 0.000206, 0.000194
2036, 0.000383, 0.000247, 0.000233
2037, 0.000386, 0.000196, 0.000184
2038, 0.000392, 0.000269, 0.000254
2039, 0.000396, 0.000194, 0.000183
2040, 0.000395, 0.000248, 0.000232
2041, 0.000388, 0.000203, 0.000191
2042, 0.000383, 0.000213, 0.000200
2043, 0.000380, 0.000235, 0.000220
2044, 0.000385, 0.000197, 0.000185
2045, 0.000386, 0.000240, 0.000227
2046, 0.000384, 0.000204, 0.000192
2047, 0.000383, 0.000212, 0.000199
2048, 0.000381, 0.000239, 0.000226
2049, 0.000385, 0.000192, 0.000180
2050, 0.000387, 0.000260, 0.000244
2051, 0.000389, 0.000195, 0.000183
2052, 0.000385, 0.000225, 0.000210
2053, 0.000379, 0.000219, 0.000205
2054, 0.000381, 0.000204, 0.000191
2055, 0.000380, 0.000223, 0.000209
2056, 0.000379, 0.000209, 0.000195
2057, 0.000381, 0.000208, 0.000195
2058, 0.000379, 0.000233, 0.000218
2059, 0.000383, 0.000198, 0.000185
2060, 0.000383, 0.000239, 0.000224
2061, 0.000381, 0.000203, 0.000190
2062, 0.000379, 0.000215, 0.000202
2063, 0.000377, 0.000217, 0.000204
2064, 0.000377, 0.000202, 0.000189
2065, 0.000376, 0.000226, 0.000213
2066, 0.000377, 0.000205, 0.000191
2067, 0.000381, 0.000217, 0.000204
2068, 0.000379, 0.000217, 0.000203
2069, 0.000378, 0.000208, 0.000193
2070, 0.000375, 0.000214, 0.000200
2071, 0.000377, 0.000218, 0.000205
2072, 0.000379, 0.000206, 0.000192
2073, 0.000377, 0.000223, 0.000209
2074, 0.000377, 0.000212, 0.000200
2075, 0.000378, 0.000213, 0.000200
2076, 0.000376, 0.000222, 0.000208
2077, 0.000378, 0.000206, 0.000194
2078, 0.000380, 0.000219, 0.000205
2079, 0.000376, 0.000210, 0.000195
2080, 0.000375, 0.000211, 0.000198
2081, 0.000375, 0.000228, 0.000212
2082, 0.000374, 0.000198, 0.000184
2083, 0.000379, 0.000240, 0.000225
2084, 0.000380, 0.000200, 0.000187
2085, 0.000376, 0.000218, 0.000204
2086, 0.000375, 0.000222, 0.000209
2087, 0.000377, 0.000201, 0.000188
2088, 0.000374, 0.000225, 0.000211
2089, 0.000374, 0.000209, 0.000196
2090, 0.000372, 0.000213, 0.000200
2091, 0.000373, 0.000207, 0.000193
2092, 0.000372, 0.000214, 0.000200
2093, 0.000372, 0.000208, 0.000194
2094, 0.000371, 0.000212, 0.000198
2095, 0.000371, 0.000213, 0.000199
2096, 0.000371, 0.000209, 0.000195
2097, 0.000372, 0.000213, 0.000199
2098, 0.000371, 0.000212, 0.000198
2099, 0.000373, 0.000207, 0.000193
2100, 0.000373, 0.000222, 0.000208
2101, 0.000372, 0.000203, 0.000189
2102, 0.000372, 0.000235, 0.000220
2103, 0.000373, 0.000193, 0.000180
2104, 0.000376, 0.000245, 0.000228
2105, 0.000378, 0.000196, 0.000183
2106, 0.000375, 0.000230, 0.000216
2107, 0.000372, 0.000206, 0.000192
2108, 0.000370, 0.000205, 0.000191
2109, 0.000369, 0.000227, 0.000213
2110, 0.000373, 0.000200, 0.000186
2111, 0.000371, 0.000218, 0.000203
2112, 0.000370, 0.000211, 0.000197
2113, 0.000370, 0.000210, 0.000195
2114, 0.000370, 0.000218, 0.000202
2115, 0.000371, 0.000210, 0.000196
2116, 0.000369, 0.000217, 0.000202
2117, 0.000367, 0.000210, 0.000195
2118, 0.000370, 0.000214, 0.000200
2119, 0.000368, 0.000218, 0.000203
2120, 0.000368, 0.000203, 0.000188
2121, 0.000368, 0.000229, 0.000214
2122, 0.000366, 0.000200, 0.000186
2123, 0.000371, 0.000213, 0.000198
2124, 0.000368, 0.000210, 0.000196
2125, 0.000367, 0.000200, 0.000186
2126, 0.000369, 0.000226, 0.000211
2127, 0.000369, 0.000196, 0.000182
2128, 0.000369, 0.000235, 0.000220
2129, 0.000372, 0.000200, 0.000185
2130, 0.000368, 0.000229, 0.000212
2131, 0.000369, 0.000207, 0.000193
2132, 0.000370, 0.000214, 0.000198
2133, 0.000368, 0.000217, 0.000202
2134, 0.000367, 0.000203, 0.000190
2135, 0.000366, 0.000224, 0.000210
2136, 0.000366, 0.000197, 0.000183
2137, 0.000370, 0.000228, 0.000214
2138, 0.000367, 0.000195, 0.000181
2139, 0.000367, 0.000218, 0.000202
2140, 0.000365, 0.000226, 0.000211
2141, 0.000369, 0.000189, 0.000175
2142, 0.000373, 0.000271, 0.000253
2143, 0.000378, 0.000183, 0.000171
2144, 0.000380, 0.000272, 0.000256
2145, 0.000381, 0.000190, 0.000177
2146, 0.000375, 0.000233, 0.000219
2147, 0.000364, 0.000210, 0.000196
2148, 0.000365, 0.000196, 0.000182
2149, 0.000365, 0.000232, 0.000216
2150, 0.000366, 0.000192, 0.000178
2151, 0.000370, 0.000223, 0.000207
2152, 0.000364, 0.000205, 0.000190
2153, 0.000364, 0.000203, 0.000188
2154, 0.000363, 0.000218, 0.000202
2155, 0.000363, 0.000201, 0.000186
2156, 0.000362, 0.000210, 0.000195
2157, 0.000363, 0.000209, 0.000195
2158, 0.000363, 0.000198, 0.000184
2159, 0.000362, 0.000221, 0.000207
2160, 0.000362, 0.000195, 0.000181
2161, 0.000363, 0.000224, 0.000208
2162, 0.000366, 0.000194, 0.000180
2163, 0.000362, 0.000224, 0.000209
2164, 0.000364, 0.000203, 0.000187
2165, 0.000364, 0.000211, 0.000195
2166, 0.000360, 0.000206, 0.000191
2167, 0.000361, 0.000220, 0.000204
2168, 0.000365, 0.000195, 0.000180
2169, 0.000362, 0.000232, 0.000215
2170, 0.000364, 0.000192, 0.000178
2171, 0.000365, 0.000229, 0.000213
2172, 0.000363, 0.000194, 0.000180
2173, 0.000362, 0.000226, 0.000211
2174, 0.000362, 0.000195, 0.000180
2175, 0.000363, 0.000222, 0.000207
2176, 0.000361, 0.000198, 0.000184
2177, 0.000362, 0.000215, 0.000199
2178, 0.000357, 0.000203, 0.000188
2179, 0.000357, 0.000209, 0.000194
2180, 0.000361, 0.000205, 0.000190
2181, 0.000359, 0.000212, 0.000196
2182, 0.000359, 0.000201, 0.000186
2183, 0.000359, 0.000215, 0.000198
2184, 0.000359, 0.000193, 0.000178
2185, 0.000360, 0.000228, 0.000212
2186, 0.000359, 0.000193, 0.000179
2187, 0.000358, 0.000223, 0.000207
2188, 0.000357, 0.000203, 0.000188
2189, 0.000357, 0.000197, 0.000183
2190, 0.000358, 0.000227, 0.000212
2191, 0.000359, 0.000190, 0.000176
2192, 0.000360, 0.000232, 0.000216
2193, 0.000361, 0.000192, 0.000177
2194, 0.000362, 0.000218, 0.000202
2195, 0.000358, 0.000202, 0.000187
2196, 0.000357, 0.000208, 0.000192
2197, 0.000355, 0.000222, 0.000206
2198, 0.000358, 0.000186, 0.000172
2199, 0.000362, 0.000243, 0.000226
2200, 0.000363, 0.000183, 0.000169
2201, 0.000362, 0.000239, 0.000223
2202, 0.000364, 0.000188, 0.000173
2203, 0.000358, 0.000223, 0.000207
2204, 0.000355, 0.000202, 0.000188
2205, 0.000357, 0.000200, 0.000184
2206, 0.000356, 0.000233, 0.000216
2207, 0.000358, 0.000181, 0.000167
2208, 0.000364, 0.000272, 0.000253
2209, 0.000369, 0.000178, 0.000163
2210, 0.000366, 0.000247, 0.000229
2211, 0.000360, 0.000193, 0.000178
2212, 0.000358, 0.000196, 0.000180
2213, 0.000358, 0.000237, 0.000220
2214, 0.000359, 0.000178, 0.000165
2215, 0.000363, 0.000254, 0.000237
2216, 0.000365, 0.000177, 0.000163
2217, 0.000361, 0.000225, 0.000209
2218, 0.000356, 0.000207, 0.000192
2219, 0.000354, 0.000186, 0.000171
2220, 0.000357, 0.000250, 0.000232
2221, 0.000362, 0.000179, 0.000164
2222, 0.000362, 0.000237, 0.000218
2223, 0.000359, 0.000192, 0.000177
2224, 0.000357, 0.000209, 0.000193
2225, 0.000353, 0.000215, 0.000198
2226, 0.000352, 0.000187, 0.000172
2227, 0.000354, 0.000225, 0.000208
2228, 0.000354, 0.000186, 0.000170
2229, 0.000356, 0.000217, 0.000200
2230, 0.000352, 0.000193, 0.000178
2231, 0.000354, 0.000208, 0.000191
2232, 0.000351, 0.000200, 0.000184
2233, 0.000352, 0.000201, 0.000185
2234, 0.000352, 0.000206, 0.000190
2235, 0.000352, 0.000193, 0.000178
2236, 0.000353, 0.000221, 0.000206
2237, 0.000354, 0.000189, 0.000174
2238, 0.000352, 0.000219, 0.000203
2239, 0.000352, 0.000193, 0.000179
2240, 0.000354, 0.000204, 0.000188
2241, 0.000350, 0.000208, 0.000192
2242, 0.000349, 0.000189, 0.000175
2243, 0.000352, 0.000218, 0.000201
2244, 0.000351, 0.000194, 0.000179
2245, 0.000350, 0.000199, 0.000183
2246, 0.000350, 0.000222, 0.000205
2247, 0.000352, 0.000178, 0.000163
2248, 0.000355, 0.000252, 0.000234
2249, 0.000359, 0.000177, 0.000163
2250, 0.000358, 0.000227, 0.000210
2251, 0.000350, 0.000191, 0.000176
2252, 0.000352, 0.000209, 0.000194
2253, 0.000347, 0.000201, 0.000185
2254, 0.000348, 0.000196, 0.000180
2255, 0.000348, 0.000213, 0.000197
2256, 0.000347, 0.000189, 0.000174
2257, 0.000348, 0.000209, 0.000192
2258, 0.000346, 0.000202, 0.000186
2259, 0.000347, 0.000201, 0.000185
2260, 0.000347, 0.000201, 0.000185
2261, 0.000347, 0.000210, 0.000194
2262, 0.000345, 0.000194, 0.000178
2263, 0.000350, 0.000207, 0.000191
2264, 0.000345, 0.000187, 0.000172
2265, 0.000350, 0.000227, 0.000210
2266, 0.000348, 0.000188, 0.000173
2267, 0.000345, 0.000201, 0.000185
2268, 0.000345, 0.000208, 0.000191
2269, 0.000344, 0.000184, 0.000170
2270, 0.000347, 0.000226, 0.000209
2271, 0.000348, 0.000190, 0.000174
2272, 0.000344, 0.000211, 0.000194
2273, 0.000345, 0.000199, 0.000183
2274, 0.000345, 0.000196, 0.000179
2275, 0.000343, 0.000202, 0.000185
2276, 0.000345, 0.000201, 0.000184
2277, 0.000344, 0.000204, 0.000188
2278, 0.000344, 0.000205, 0.000189
2279, 0.000345, 0.000194, 0.000178
2280, 0.000343, 0.000206, 0.000190
2281, 0.000345, 0.000202, 0.000187
2282, 0.000342, 0.000191, 0.000176
2283, 0.000343, 0.000225, 0.000209
2284, 0.000345, 0.000184, 0.000170
2285, 0.000347, 0.000229, 0.000212
2286, 0.000347, 0.000184, 0.000169
2287, 0.000347, 0.000217, 0.000200
2288, 0.000343, 0.000198, 0.000181
2289, 0.000345, 0.000207, 0.000190
2290, 0.000343, 0.000205, 0.000188
2291, 0.000342, 0.000197, 0.000180
2292, 0.000343, 0.000206, 0.000189
2293, 0.000343, 0.000190, 0.000174
2294, 0.000342, 0.000217, 0.000200
2295, 0.000342, 0.000195, 0.000180
2296, 0.000344, 0.000205, 0.000189
2297, 0.000340, 0.000205, 0.000189
2298, 0.000344, 0.000195, 0.000180
2299, 0.000343, 0.000213, 0.000196
2300, 0.000341, 0.000190, 0.000174
2301, 0.000341, 0.000209, 0.000193
2302, 0.000342, 0.000202, 0.000185
2303, 0.000341, 0.000205, 0.000188
2304, 0.000341, 0.000194, 0.000177
2305, 0.000340, 0.000213, 0.000195
2306, 0.000341, 0.000208, 0.000191
2307, 0.000342, 0.000185, 0.000169
2308, 0.000343, 0.000257, 0.000239
2309, 0.000350, 0.000169, 0.000155
2310, 0.000353, 0.000278, 0.000259
2311, 0.000359, 0.000166, 0.000151
2312, 0.000358, 0.000269, 0.000251
2313, 0.000358, 0.000172, 0.000157
2314, 0.000349, 0.000228, 0.000210
2315, 0.000343, 0.000200, 0.000184
2316, 0.000340, 0.000182, 0.000167
2317, 0.000342, 0.000244, 0.000227
2318, 0.000348, 0.000167, 0.000153
2319, 0.000355, 0.000279, 0.000261
2320, 0.000360, 0.000168, 0.000153
2321, 0.000355, 0.000238, 0.000221
2322, 0.000345, 0.000189, 0.000173
2323, 0.000338, 0.000187, 0.000170
2324, 0.000341, 0.000228, 0.000209
2325, 0.000341, 0.000178, 0.000162
2326, 0.000342, 0.000221, 0.000202
2327, 0.000340, 0.000182, 0.000166
2328, 0.000339, 0.000210, 0.000193
2329, 0.000337, 0.000188, 0.000172
2330, 0.000337, 0.000196, 0.000180
2331, 0.000336, 0.000201, 0.000185
2332, 0.000338, 0.000180, 0.000165
2333, 0.000337, 0.000221, 0.000204
2334, 0.000340, 0.000180, 0.000164
2335, 0.000337, 0.000218, 0.000199
2336, 0.000339, 0.000184, 0.000167
2337, 0.000339, 0.000207, 0.000189
2338, 0.000338, 0.000192, 0.000175
2339, 0.000333, 0.000195, 0.000178
2340, 0.000334, 0.000204, 0.000187
2341, 0.000332, 0.000184, 0.000168
2342, 0.000336, 0.000220, 0.000203
2343, 0.000338, 0.000175, 0.000159
2344, 0.000338, 0.000230, 0.000212
2345, 0.000341, 0.000176, 0.000161
2346, 0.000336, 0.000206, 0.000188
2347, 0.000334, 0.000203, 0.000185
2348, 0.000334, 0.000180, 0.000164
2349, 0.000334, 0.000221, 0.000203
2350, 0.000336, 0.000177, 0.000161
2351, 0.000336, 0.000219, 0.000201
2352, 0.000337, 0.000178, 0.000162
2353, 0.000338, 0.000218, 0.000200
2354, 0.000336, 0.000178, 0.000162
2355, 0.000334, 0.000224, 0.000206
2356, 0.000337, 0.000177, 0.000160
2357, 0.000334, 0.000207, 0.000189
2358, 0.000331, 0.000192, 0.000175
2359, 0.000331, 0.000198, 0.000181
2360, 0.000333, 0.000193, 0.000176
2361, 0.000331, 0.000211, 0.000193
2362, 0.000332, 0.000177, 0.000161
2363, 0.000334, 0.000228, 0.000210
2364, 0.000335, 0.000176, 0.000160
2365, 0.000332, 0.000210, 0.000192
2366, 0.000333, 0.000187, 0.000170
2367, 0.000331, 0.000195, 0.000177
2368, 0.000330, 0.000200, 0.000182
2369, 0.000329, 0.000191, 0.000174
2370, 0.000332, 0.000200, 0.000182
2371, 0.000330, 0.000188, 0.000171
2372, 0.000331, 0.000204, 0.000186
2373, 0.000330, 0.000184, 0.000167
2374, 0.000330, 0.000213, 0.000195
2375, 0.000331, 0.000191, 0.000175
2376, 0.000330, 0.000192, 0.000175
2377, 0.000328, 0.000217, 0.000199
2378, 0.000330, 0.000178, 0.000162
2379, 0.000331, 0.000217, 0.000199
2380, 0.000331, 0.000181, 0.000165
2381, 0.000331, 0.000215, 0.000197
2382, 0.000327, 0.000192, 0.000176
2383, 0.000328, 0.000189, 0.000172
2384, 0.000330, 0.000218, 0.000199
2385, 0.000330, 0.000181, 0.000163
2386, 0.000330, 0.000225, 0.000206
2387, 0.000331, 0.000172, 0.000157
2388, 0.000335, 0.000222, 0.000204
2389, 0.000329, 0.000188, 0.000172
2390, 0.000329, 0.000193, 0.000177
2391, 0.000328, 0.000219, 0.000201
2392, 0.000329, 0.000174, 0.000159
2393, 0.000331, 0.000242, 0.000224
2394, 0.000336, 0.000174, 0.000158
2395, 0.000334, 0.000233, 0.000215
2396, 0.000332, 0.000176, 0.000160
2397, 0.000330, 0.000221, 0.000203
2398, 0.000331, 0.000179, 0.000164
2399, 0.000331, 0.000200, 0.000183
2400, 0.000325, 0.000213, 0.000196
2401, 0.000326, 0.000173, 0.000158
2402, 0.000330, 0.000226, 0.000208
2403, 0.000329, 0.000182, 0.000165
2404, 0.000331, 0.000209, 0.000192
2405, 0.000327, 0.000190, 0.000174
2406, 0.000324, 0.000205, 0.000187
2407, 0.000325, 0.000190, 0.000174
2408, 0.000325, 0.000204, 0.000188
2409, 0.000325, 0.000186, 0.000169
2410, 0.000322, 0.000201, 0.000184
2411, 0.000325, 0.000199, 0.000183
2412, 0.000325, 0.000184, 0.000168
2413, 0.000324, 0.000208, 0.000191
2414, 0.000327, 0.000189, 0.000173
2415, 0.000325, 0.000191, 0.000176
2416, 0.000324, 0.000211, 0.000195
2417, 0.000323, 0.000180, 0.000165
2418, 0.000325, 0.000220, 0.000203
2419, 0.000323, 0.000178, 0.000163
2420, 0.000322, 0.000205, 0.000188
2421, 0.000322, 0.000200, 0.000183
2422, 0.000322, 0.000178, 0.000161
2423, 0.000327, 0.000232, 0.000213
2424, 0.000328, 0.000173, 0.000157
2425, 0.000325, 0.000221, 0.000203
2426, 0.000325, 0.000176, 0.000160
2427, 0.000325, 0.000220, 0.000203
2428, 0.000325, 0.000180, 0.000165
2429, 0.000322, 0.000205, 0.000188
2430, 0.000319, 0.000200, 0.000184
2431, 0.000321, 0.000186, 0.000170
2432, 0.000321, 0.000217, 0.000200
2433, 0.000321, 0.000180, 0.000164
2434, 0.000323, 0.000211, 0.000194
2435, 0.000322, 0.000201, 0.000184
2436, 0.000320, 0.000185, 0.000169
2437, 0.000320, 0.000213, 0.000195
2438, 0.000321, 0.000184, 0.000167
2439, 0.000321, 0.000211, 0.000194
2440, 0.000321, 0.000176, 0.000161
2441, 0.000322, 0.000223, 0.000205
2442, 0.000323, 0.000181, 0.000165
2443, 0.000321, 0.000204, 0.000187
2444, 0.000320, 0.000196, 0.000177
2445, 0.000320, 0.000194, 0.000176
2446, 0.000317, 0.000203, 0.000185
2447, 0.000320, 0.000185, 0.000168
2448, 0.000317, 0.000211, 0.000193
2449, 0.000320, 0.000181, 0.000165
2450, 0.000319, 0.000217, 0.000199
2451, 0.000318, 0.000184, 0.000167
2452, 0.000320, 0.000207, 0.000191
2453, 0.000319, 0.000191, 0.000175
2454, 0.000317, 0.000192, 0.000175
2455, 0.000318, 0.000214, 0.000197
2456, 0.000318, 0.000171, 0.000156
2457, 0.000320, 0.000257, 0.000237
2458, 0.000328, 0.000157, 0.000141
2459, 0.000335, 0.000284, 0.000264
2460, 0.000338, 0.000156, 0.000140
2461, 0.000338, 0.000272, 0.000251
2462, 0.000332, 0.000165, 0.000149
2463, 0.000321, 0.000196, 0.000178
2464, 0.000316, 0.000226, 0.000207
2465, 0.000320, 0.000160, 0.000145
2466, 0.000330, 0.000294, 0.000273
2467, 0.000342, 0.000156, 0.000140
2468, 0.000350, 0.000292, 0.000272
2469, 0.000344, 0.000158, 0.000143
2470, 0.000328, 0.000212, 0.000195
2471, 0.000318, 0.000214, 0.000197
2472, 0.000317, 0.000156, 0.000141
2473, 0.000330, 0.000279, 0.000260
2474, 0.000339, 0.000156, 0.000141
2475, 0.000329, 0.000220, 0.000202
2476, 0.000319, 0.000199, 0.000182
2477, 0.000318, 0.000161, 0.000144
2478, 0.000321, 0.000246, 0.000227
2479, 0.000325, 0.000163, 0.000147
2480, 0.000322, 0.000206, 0.000187
2481, 0.000316, 0.000195, 0.000178
2482, 0.000315, 0.000165, 0.000149
2483, 0.000319, 0.000235, 0.000215
2484, 0.000321, 0.000164, 0.000148
2485, 0.000320, 0.000195, 0.000178
2486, 0.000313, 0.000205, 0.000187
2487, 0.000312, 0.000164, 0.000148
2488, 0.000316, 0.000214, 0.000197
2489, 0.000316, 0.000176, 0.000159
2490, 0.000312, 0.000174, 0.000158
2491, 0.000312, 0.000223, 0.000206
2492, 0.000317, 0.000164, 0.000148
2493, 0.000319, 0.000214, 0.000196
2494, 0.000313, 0.000181, 0.000165
2495, 0.000309, 0.000174, 0.000158
2496, 0.000313, 0.000201, 0.000183
2497, 0.000312, 0.000176, 0.000160
2498, 0.000309, 0.000181, 0.000165
2499, 0.000311, 0.000199, 0.000181
2500, 0.000310, 0.000171, 0.000155
2501, 0.000314, 0.000201, 0.000183
2502, 0.000311, 0.000177, 0.000160
2503, 0.000310, 0.000193, 0.000177
2504, 0.000310, 0.000187, 0.000171
2505, 0.000311, 0.000187, 0.000170
2506, 0.000311, 0.000183, 0.000167
2507, 0.000310, 0.000191, 0.000174
2508, 0.000308, 0.000176, 0.000159
2509, 0.000311, 0.000199, 0.000183
2510, 0.000309, 0.000178, 0.000161
2511, 0.000309, 0.000197, 0.000180
2512, 0.000307, 0.000180, 0.000164
2513, 0.000310, 0.000188, 0.000172
2514, 0.000311, 0.000193, 0.000176
2515, 0.000308, 0.000185, 0.000169
2516, 0.000307, 0.000188, 0.000172
2517, 0.000307, 0.000189, 0.000172
2518, 0.000306, 0.000180, 0.000164
2519, 0.000307, 0.000194, 0.000178
2520, 0.000306, 0.000176, 0.000160
2521, 0.000307, 0.000209, 0.000192
2522, 0.000308, 0.000176, 0.000160
2523, 0.000307, 0.000189, 0.000172
2524, 0.000307, 0.000214, 0.000195
2525, 0.000308, 0.000158, 0.000142
2526, 0.000311, 0.000230, 0.000211
2527, 0.000313, 0.000171, 0.000154
2528, 0.000307, 0.000186, 0.000169
2529, 0.000304, 0.000204, 0.000187
2530, 0.000306, 0.000169, 0.000153
2531, 0.000308, 0.000210, 0.000192
2532, 0.000305, 0.000177, 0.000161
2533, 0.000305, 0.000194, 0.000176
2534, 0.000303, 0.000182, 0.000165
2535, 0.000304, 0.000198, 0.000180
2536, 0.000306, 0.000173, 0.000157
2537, 0.000306, 0.000215, 0.000196
2538, 0.000304, 0.000171, 0.000155
2539, 0.000304, 0.000200, 0.000183
2540, 0.000305, 0.000190, 0.000172
2541, 0.000304, 0.000179, 0.000163
2542, 0.000303, 0.000220, 0.000202
2543, 0.000305, 0.000163, 0.000147
2544, 0.000308, 0.000219, 0.000201
2545, 0.000305, 0.000172, 0.000156
2546, 0.000301, 0.000183, 0.000166
2547, 0.000302, 0.000201, 0.000183
2548, 0.000300, 0.000174, 0.000158
2549, 0.000301, 0.000189, 0.000172
2550, 0.000302, 0.000205, 0.000188
2551, 0.000301, 0.000164, 0.000149
2552, 0.000306, 0.000241, 0.000223
2553, 0.000311, 0.000154, 0.000138
2554, 0.000313, 0.000244, 0.000225
2555, 0.000310, 0.000163, 0.000147
2556, 0.000305, 0.000198, 0.000181
2557, 0.000301, 0.000198, 0.000181
2558, 0.000299, 0.000164, 0.000148
2559, 0.000303, 0.000225, 0.000206
2560, 0.000304, 0.000165, 0.000150
2561, 0.000300, 0.000194, 0.000177
2562, 0.000298, 0.000197, 0.000180
2563, 0.000298, 0.000164, 0.000148
2564, 0.000303, 0.000233, 0.000215
2565, 0.000303, 0.000161, 0.000146
2566, 0.000302, 0.000212, 0.000195
2567, 0.000302, 0.000183, 0.000167
2568, 0.000298, 0.000171, 0.000155
2569, 0.000299, 0.000219, 0.000202
2570, 0.000303, 0.000159, 0.000143
2571, 0.000306, 0.000222, 0.000203
2572, 0.000301, 0.000178, 0.000161
2573, 0.000297, 0.000178, 0.000160
2574, 0.000296, 0.000224, 0.000205
2575, 0.000301, 0.000153, 0.000139
2576, 0.000306, 0.000239, 0.000221
2577, 0.000306, 0.000159, 0.000144
2578, 0.000301, 0.000205, 0.000188
2579, 0.000299, 0.000190, 0.000173
2580, 0.000295, 0.000172, 0.000156
2581, 0.000295, 0.000203, 0.000186
2582, 0.000296, 0.000172, 0.000155
2583, 0.000294, 0.000190, 0.000172
2584, 0.000293, 0.000189, 0.000172
2585, 0.000294, 0.000175, 0.000159
2586, 0.000292, 0.000189, 0.000172
2587, 0.000295, 0.000192, 0.000176
2588, 0.000296, 0.000171, 0.000156
2589, 0.000295, 0.000218, 0.000201
2590, 0.000300, 0.000156, 0.000141
2591, 0.000299, 0.000231, 0.000212
2592, 0.000301, 0.000164, 0.000147
2593, 0.000297, 0.000199, 0.000182
2594, 0.000294, 0.000193, 0.000176
2595, 0.000295, 0.000166, 0.000150
2596, 0.000297, 0.000223, 0.000205
2597, 0.000298, 0.000160, 0.000145
2598, 0.000295, 0.000201, 0.000185
2599, 0.000296, 0.000187, 0.000171
2600, 0.000291, 0.000173, 0.000157
2601, 0.000294, 0.000207, 0.000189
2602, 0.000292, 0.000168, 0.000151
2603, 0.000291, 0.000194, 0.000176
2604, 0.000291, 0.000185, 0.000168
2605, 0.000294, 0.000185, 0.000168
2606, 0.000288, 0.000193, 0.000177
2607, 0.000290, 0.000165, 0.000149
2608, 0.000291, 0.000210, 0.000193
2609, 0.000290, 0.000162, 0.000147
2610, 0.000293, 0.000199, 0.000182
2611, 0.000291, 0.000183, 0.000168
2612, 0.000290, 0.000166, 0.000151
2613, 0.000291, 0.000218, 0.000200
2614, 0.000292, 0.000161, 0.000146
2615, 0.000292, 0.000205, 0.000188
2616, 0.000290, 0.000183, 0.000166
2617, 0.000288, 0.000176, 0.000159
2618, 0.000289, 0.000197, 0.000179
2619, 0.000289, 0.000168, 0.000151
2620, 0.000289, 0.000199, 0.000180
2621, 0.000287, 0.000170, 0.000153
2622, 0.000287, 0.000197, 0.000178
2623, 0.000287, 0.000173, 0.000157
2624, 0.000287, 0.000193, 0.000176
2625, 0.000288, 0.000177, 0.000161
2626, 0.000288, 0.000189, 0.000174
2627, 0.000287, 0.000178, 0.000163
2628, 0.000287, 0.000197, 0.000181
2629, 0.000288, 0.000176, 0.000161
2630, 0.000285, 0.000180, 0.000165
2631, 0.000286, 0.000185, 0.000169
2632, 0.000285, 0.000176, 0.000160
2633, 0.000284, 0.000188, 0.000172
2634, 0.000286, 0.000181, 0.000165
2635, 0.000284, 0.000179, 0.000163
2636, 0.000284, 0.000194, 0.000177
2637, 0.000284, 0.000178, 0.000161
2638, 0.000285, 0.000188, 0.000171
2639, 0.000284, 0.000185, 0.000168
2640, 0.000284, 0.000187, 0.000170
2641, 0.000282, 0.000181, 0.000165
2642, 0.000280, 0.000179, 0.000164
2643, 0.000283, 0.000194, 0.000178
2644, 0.000282, 0.000167, 0.000152
2645, 0.000285, 0.000207, 0.000191
2646, 0.000285, 0.000161, 0.000146
2647, 0.000285, 0.000219, 0.000201
2648, 0.000284, 0.000165, 0.000150
2649, 0.000284, 0.000193, 0.000176
2650, 0.000282, 0.000204, 0.000186
2651, 0.000283, 0.000149, 0.000134
2652, 0.000292, 0.000287, 0.000266
2653, 0.000304, 0.000135, 0.000121
2654, 0.000315, 0.000316, 0.000295
2655, 0.000318, 0.000137, 0.000122
2656, 0.000310, 0.000247, 0.000227
2657, 0.000295, 0.000159, 0.000143
2658, 0.000282, 0.000176, 0.000160
2659, 0.000279, 0.000229, 0.000210
2660, 0.000286, 0.000140, 0.000126
2661, 0.000296, 0.000261, 0.000242
2662, 0.000297, 0.000147, 0.000133
2663, 0.000286, 0.000189, 0.000173
2664, 0.000280, 0.000206, 0.000189
2665, 0.000282, 0.000141, 0.000127
2666, 0.000290, 0.000248, 0.000229
2667, 0.000290, 0.000149, 0.000134
2668, 0.000285, 0.000198, 0.000180
2669, 0.000279, 0.000175, 0.000159
2670, 0.000276, 0.000159, 0.000143
2671, 0.000278, 0.000205, 0.000188
2672, 0.000279, 0.000152, 0.000138
2673, 0.000280, 0.000198, 0.000182
2674, 0.000280, 0.000171, 0.000155
2675, 0.000277, 0.000172, 0.000158
2676, 0.000276, 0.000196, 0.000180
2677, 0.000276, 0.000149, 0.000135
2678, 0.000282, 0.000212, 0.000195
2679, 0.000280, 0.000161, 0.000146
2680, 0.000275, 0.000164, 0.000148
2681, 0.000274, 0.000199, 0.000182
2682, 0.000279, 0.000151, 0.000135
2683, 0.000280, 0.000200, 0.000183
2684, 0.000276, 0.000168, 0.000153
2685, 0.000273, 0.000172, 0.000157
2686, 0.000274, 0.000189, 0.000174
2687, 0.000276, 0.000154, 0.000139
2688, 0.000277, 0.000201, 0.000186
2689, 0.000274, 0.000162, 0.000147
2690, 0.000274, 0.000170, 0.000154
2691, 0.000272, 0.000199, 0.000183
2692, 0.000274, 0.000149, 0.000134
2693, 0.000278, 0.000197, 0.000180
2694, 0.000276, 0.000163, 0.000147
2695, 0.000271, 0.000172, 0.000156
2696, 0.000270, 0.000195, 0.000178
2697, 0.000272, 0.000151, 0.000136
2698, 0.000276, 0.000228, 0.000210
2699, 0.000278, 0.000144, 0.000130
2700, 0.000278, 0.000198, 0.000182
2701, 0.000272, 0.000169, 0.000153
2702, 0.000269, 0.000164, 0.000149
2703, 0.000270, 0.000195, 0.000179
2704, 0.000271, 0.000156, 0.000141
2705, 0.000271, 0.000184, 0.000168
2706, 0.000269, 0.000173, 0.000158
2707, 0.000269, 0.000168, 0.000153
2708, 0.000269, 0.000179, 0.000164
2709, 0.000269, 0.000171, 0.000156
2710, 0.000271, 0.000170, 0.000154
2711, 0.000270, 0.000185, 0.000169
2712, 0.000269, 0.000157, 0.000142
2713, 0.000272, 0.000207, 0.000190
2714, 0.000273, 0.000147, 0.000134
2715, 0.000271, 0.000202, 0.000187
2716, 0.000267, 0.000168, 0.000154
2717, 0.000265, 0.000162, 0.000148
2718, 0.000268, 0.000201, 0.000186
2719, 0.000271, 0.000138, 0.000125
2720, 0.000277, 0.000246, 0.000228
2721, 0.000281, 0.000138, 0.000124
2722, 0.000276, 0.000218, 0.000200
2723, 0.000271, 0.000167, 0.000152
2724, 0.000265, 0.000156, 0.000141
2725, 0.000268, 0.000230, 0.000212
2726, 0.000276, 0.000134, 0.000122
2727, 0.000283, 0.000252, 0.000234
2728, 0.000284, 0.000137, 0.000123
2729, 0.000277, 0.000201, 0.000185
2730, 0.000268, 0.000181, 0.000166
2731, 0.000263, 0.000139, 0.000125
2732, 0.000272, 0.000254, 0.000236
2733, 0.000284, 0.000134, 0.000120
2734, 0.000276, 0.000208, 0.000192
2735, 0.000267, 0.000175, 0.000161
2736, 0.000264, 0.000143, 0.000129
2737, 0.000267, 0.000221, 0.000203
2738, 0.000269, 0.000139, 0.000125
2739, 0.000268, 0.000187, 0.000171
2740, 0.000264, 0.000178, 0.000161
2741, 0.000263, 0.000145, 0.000130
2742, 0.000266, 0.000218, 0.000200
2743, 0.000267, 0.000148, 0.000133
2744, 0.000266, 0.000181, 0.000165
2745, 0.000263, 0.000181, 0.000165
2746, 0.000260, 0.000144, 0.000129
2747, 0.000266, 0.000224, 0.000207
2748, 0.000271, 0.000135, 0.000122
2749, 0.000268, 0.000201, 0.000185
2750, 0.000263, 0.000161, 0.000146
2751, 0.000259, 0.000146, 0.000132
2752, 0.000263, 0.000229, 0.000211
2753, 0.000271, 0.000127, 0.000114
2754, 0.000272, 0.000217, 0.000200
2755, 0.000266, 0.000153, 0.000139
2756, 0.000256, 0.000152, 0.000137
2757, 0.000260, 0.000212, 0.000194
2758, 0.000264, 0.000131, 0.000117
2759, 0.000269, 0.000224, 0.000206
2760, 0.000265, 0.000147, 0.000133
2761, 0.000260, 0.000168, 0.000154
2762, 0.000256, 0.000180, 0.000165
2763, 0.000255, 0.000145, 0.000132
2764, 0.000257, 0.000181, 0.000166
2765, 0.000257, 0.000166, 0.000152
2766, 0.000257, 0.000147, 0.000133
2767, 0.000258, 0.000202, 0.000186
2768, 0.000260, 0.000136, 0.000124
2769, 0.000260, 0.000183, 0.000169
2770, 0.000256, 0.000163, 0.000149
2771, 0.000253, 0.000147, 0.000133
2772, 0.000256, 0.000196, 0.000180
2773, 0.000257, 0.000137, 0.000123
2774, 0.000258, 0.000196, 0.000180
2775, 0.000256, 0.000159, 0.000144
2776, 0.000251, 0.000141, 0.000128
2777, 0.000254, 0.000210, 0.000194
2778, 0.000259, 0.000135, 0.000123
2779, 0.000259, 0.000181, 0.000167
2780, 0.000253, 0.000171, 0.000157
2781, 0.000253, 0.000137, 0.000124
2782, 0.000255, 0.000221, 0.000205
2783, 0.000264, 0.000124, 0.000112
2784, 0.000266, 0.000211, 0.000195
2785, 0.000260, 0.000158, 0.000144
2786, 0.000250, 0.000138, 0.000125
2787, 0.000255, 0.000224, 0.000207
2788, 0.000262, 0.000125, 0.000113
2789, 0.000264, 0.000210, 0.000193
2790, 0.000257, 0.000143, 0.000130
2791, 0.000252, 0.000161, 0.000146
2792, 0.000250, 0.000189, 0.000173
2793, 0.000253, 0.000136, 0.000123
2794, 0.000253, 0.000191, 0.000177
2795, 0.000252, 0.000135, 0.000123
2796, 0.000251, 0.000182, 0.000168
2797, 0.000250, 0.000148, 0.000136
2798, 0.000248, 0.000158, 0.000145
2799, 0.000246, 0.000169, 0.000156
2800, 0.000247, 0.000142, 0.000129
2801, 0.000248, 0.000184, 0.000169
2802, 0.000248, 0.000144, 0.000131
2803, 0.000247, 0.000170, 0.000156
2804, 0.000246, 0.000155, 0.000141
2805, 0.000246, 0.000159, 0.000147
2806, 0.000246, 0.000165, 0.000152
2807, 0.000245, 0.000147, 0.000134
2808, 0.000245, 0.000188, 0.000174
2809, 0.000247, 0.000143, 0.000131
2810, 0.000244, 0.000162, 0.000149
2811, 0.000245, 0.000178, 0.000164
2812, 0.000244, 0.000127, 0.000115
2813, 0.000252, 0.000217, 0.000202
2814, 0.000253, 0.000132, 0.000119
2815, 0.000249, 0.000166, 0.000152
2816, 0.000245, 0.000179, 0.000165
2817, 0.000247, 0.000127, 0.000115
2818, 0.000250, 0.000217, 0.000201
2819, 0.000254, 0.000132, 0.000120
2820, 0.000248, 0.000167, 0.000154
2821, 0.000241, 0.000185, 0.000172
2822, 0.000244, 0.000128, 0.000117
2823, 0.000249, 0.000215, 0.000201
2824, 0.000251, 0.000131, 0.000120
2825, 0.000245, 0.000172, 0.000160
2826, 0.000240, 0.000180, 0.000167
2827, 0.000243, 0.000125, 0.000113
2828, 0.000247, 0.000214, 0.000198
2829, 0.000249, 0.000131, 0.000119
2830, 0.000246, 0.000171, 0.000156
2831, 0.000240, 0.000166, 0.000151
2832, 0.000241, 0.000136, 0.000123
2833, 0.000245, 0.000214, 0.000197
2834, 0.000249, 0.000126, 0.000113
2835, 0.000248, 0.000192, 0.000178
2836, 0.000243, 0.000152, 0.000139
2837, 0.000238, 0.000135, 0.000123
2838, 0.000240, 0.000201, 0.000187
2839, 0.000245, 0.000129, 0.000118
2840, 0.000241, 0.000164, 0.000151
2841, 0.000237, 0.000165, 0.000152
2842, 0.000239, 0.000135, 0.000123
2843, 0.000238, 0.000188, 0.000173
2844, 0.000241, 0.000142, 0.000130
2845, 0.000241, 0.000165, 0.000151
2846, 0.000236, 0.000157, 0.000144
2847, 0.000237, 0.000146, 0.000134
2848, 0.000237, 0.000181, 0.000167
2849, 0.000238, 0.000137, 0.000124
2850, 0.000239, 0.000172, 0.000159
2851, 0.000238, 0.000148, 0.000134
2852, 0.000234, 0.000153, 0.000139
2853, 0.000236, 0.000181, 0.000169
2854, 0.000240, 0.000127, 0.000115
2855, 0.000239, 0.000203, 0.000188
2856, 0.000243, 0.000134, 0.000124
2857, 0.000243, 0.000166, 0.000153
2858, 0.000234, 0.000170, 0.000157
2859, 0.000232, 0.000125, 0.000114
2860, 0.000242, 0.000209, 0.000194
2861, 0.000240, 0.000130, 0.000119
2862, 0.000238, 0.000161, 0.000149
2863, 0.000234, 0.000176, 0.000163
2864, 0.000232, 0.000126, 0.000115
2865, 0.000238, 0.000192, 0.000180
2866, 0.000240, 0.000131, 0.000119
2867, 0.000233, 0.000167, 0.000154
2868, 0.000232, 0.000151, 0.000138
2869, 0.000233, 0.000143, 0.000130
2870, 0.000229, 0.000168, 0.000154
2871, 0.000229, 0.000148, 0.000135
2872, 0.000231, 0.000144, 0.000131
2873, 0.000228, 0.000183, 0.000169
2874, 0.000232, 0.000123, 0.000113
2875, 0.000238, 0.000207, 0.000193
2876, 0.000237, 0.000123, 0.000112
2877, 0.000235, 0.000183, 0.000170
2878, 0.000232, 0.000147, 0.000135
2879, 0.000228, 0.000139, 0.000127
2880, 0.000229, 0.000171, 0.000159
2881, 0.000232, 0.000142, 0.000130
2882, 0.000227, 0.000150, 0.000138
2883, 0.000228, 0.000162, 0.000150
2884, 0.000228, 0.000145, 0.000133
2885, 0.000227, 0.000151, 0.000138
2886, 0.000226, 0.000164, 0.000152
2887, 0.000229, 0.000143, 0.000131
2888, 0.000225, 0.000159, 0.000146
2889, 0.000225, 0.000142, 0.000132
2890, 0.000227, 0.000163, 0.000150
2891, 0.000226, 0.000133, 0.000121
2892, 0.000226, 0.000169, 0.000156
2893, 0.000225, 0.000139, 0.000127
2894, 0.000224, 0.000150, 0.000138
2895, 0.000222, 0.000148, 0.000136
2896, 0.000220, 0.000153, 0.000142
2897, 0.000223, 0.000134, 0.000123
2898, 0.000225, 0.000175, 0.000164
2899, 0.000223, 0.000130, 0.000120
2900, 0.000223, 0.000167, 0.000154
2901, 0.000223, 0.000148, 0.000137
2902, 0.000222, 0.000141, 0.000130
2903, 0.000224, 0.000171, 0.000158
2904, 0.000224, 0.000133, 0.000122
2905, 0.000222, 0.000160, 0.000148
2906, 0.000222, 0.000141, 0.000129
2907, 0.000219, 0.000144, 0.000133
2908, 0.000220, 0.000159, 0.000147
2909, 0.000218, 0.000146, 0.000135
2910, 0.000220, 0.000152, 0.000142
2911, 0.000218, 0.000144, 0.000134
2912, 0.000217, 0.000154, 0.000143
2913, 0.000219, 0.000138, 0.000127
2914, 0.000221, 0.000167, 0.000155
2915, 0.000219, 0.000127, 0.000117
2916, 0.000219, 0.000169, 0.000158
2917, 0.000219, 0.000129, 0.000119
2918, 0.000219, 0.000167, 0.000156
2919, 0.000218, 0.000131, 0.000121
2920, 0.000220, 0.000158, 0.000146
2921, 0.000217, 0.000155, 0.000142
2922, 0.000215, 0.000133, 0.000122
2923, 0.000220, 0.000177, 0.000164
2924, 0.000219, 0.000128, 0.000117
2925, 0.000219, 0.000168, 0.000157
2926, 0.000217, 0.000142, 0.000131
2927, 0.000215, 0.000138, 0.000128
2928, 0.000215, 0.000183, 0.000171
2929, 0.000220, 0.000108, 0.000098
2930, 0.000228, 0.000250, 0.000236
2931, 0.000241, 0.000096, 0.000087
2932, 0.000254, 0.000298, 0.000282
2933, 0.000261, 0.000096, 0.000087
2934, 0.000257, 0.000260, 0.000245
2935, 0.000242, 0.000107, 0.000098
2936, 0.000228, 0.000156, 0.000145
2937, 0.000215, 0.000172, 0.000161
2938, 0.000216, 0.000104, 0.000095
2939, 0.000226, 0.000217, 0.000204
2940, 0.000230, 0.000110, 0.000101
2941, 0.000218, 0.000150, 0.000139
2942, 0.000213, 0.000168, 0.000156
2943, 0.000216, 0.000110, 0.000101
2944, 0.000219, 0.000178, 0.000167
2945, 0.000216, 0.000127, 0.000116
2946, 0.000214, 0.000129, 0.000119
2947, 0.000213, 0.000177, 0.000164
2948, 0.000218, 0.000102, 0.000092
2949, 0.000227, 0.000221, 0.000207
2950, 0.000233, 0.000100, 0.000091
2951, 0.000223, 0.000177, 0.000164
2952, 0.000217, 0.000132, 0.000122
2953, 0.000209, 0.000126, 0.000116
2954, 0.000210, 0.000177, 0.000164
2955, 0.000214, 0.000112, 0.000103
2956, 0.000215, 0.000149, 0.000137
2957, 0.000209, 0.000144, 0.000132
2958, 0.000209, 0.000118, 0.000108
2959, 0.000212, 0.000163, 0.000152
2960, 0.000210, 0.000125, 0.000115
2961, 0.000209, 0.000126, 0.000117
2962, 0.000209, 0.000176, 0.000165
2963, 0.000212, 0.000104, 0.000094
2964, 0.000218, 0.000185, 0.000174
2965, 0.000215, 0.000124, 0.000115
2966, 0.000206, 0.000114, 0.000105
2967, 0.000212, 0.000208, 0.000196
2968, 0.000224, 0.000093, 0.000084
2969, 0.000228, 0.000204, 0.000190
2970, 0.000221, 0.000120, 0.000111
2971, 0.000213, 0.000129, 0.000118
2972, 0.000206, 0.000171, 0.000159
2973, 0.000211, 0.000107, 0.000099
2974, 0.000218, 0.000176, 0.000164
2975, 0.000213, 0.000113, 0.000104
2976, 0.000205, 0.000136, 0.000127
2977, 0.000205, 0.000166, 0.000155
2978, 0.000208, 0.000098, 0.000089
2979, 0.000216, 0.000207, 0.000195
2980, 0.000218, 0.000107, 0.000098
2981, 0.000210, 0.000126, 0.000116
2982, 0.000203, 0.000195, 0.000182
2983, 0.000214, 0.000092, 0.000084
2984, 0.000224, 0.000197, 0.000185
2985, 0.000215, 0.000115, 0.000105
2986, 0.000203, 0.000112, 0.000102
2987, 0.000204, 0.000190, 0.000177
2988, 0.000212, 0.000100, 0.000090
2989, 0.000208, 0.000155, 0.000143
2990, 0.000205, 0.000131, 0.000121
2991, 0.000200, 0.000117, 0.000108
2992, 0.000201, 0.000147, 0.000136
2993, 0.000202, 0.000123, 0.000114
2994, 0.000201, 0.000132, 0.000122
2995, 0.000201, 0.000140, 0.000129
2996, 0.000201, 0.000116, 0.000108
2997, 0.000202, 0.000145, 0.000134
2998, 0.000200, 0.000129, 0.000119
2999, 0.000198, 0.000120, 0.000111
3000, 0.000200, 0.000154, 0.000142
3001, 0.000202, 0.000109, 0.000099
3002, 0.000203, 0.000146, 0.000135
3003, 0.000198, 0.000141, 0.000130
3004, 0.000197, 0.000104, 0.000095
3005, 0.000202, 0.000188, 0.000177
3006, 0.000208, 0.000099, 0.000091
3007, 0.000208, 0.000150, 0.000139
3008, 0.000201, 0.000135, 0.000125
3009, 0.000198, 0.000112, 0.000102
3010, 0.000199, 0.000154, 0.000143
3011, 0.000199, 0.000117, 0.000108
3012, 0.000196, 0.000124, 0.000114
3013, 0.000197, 0.000148, 0.000138
3014, 0.000197, 0.000112, 0.000103
3015, 0.000197, 0.000140, 0.000129
3016, 0.000196, 0.000138, 0.000127
3017, 0.000196, 0.000118, 0.000108
3018, 0.000195, 0.000137, 0.000126
3019, 0.000195, 0.000123, 0.000113
3020, 0.000194, 0.000135, 0.000124
3021, 0.000194, 0.000122, 0.000113
3022, 0.000193, 0.000138, 0.000128
3023, 0.000193, 0.000117, 0.000108
3024, 0.000195, 0.000130, 0.000122
3025, 0.000193, 0.000122, 0.000114
3026, 0.000193, 0.000142, 0.000133
3027, 0.000194, 0.000108, 0.000100
3028, 0.000194, 0.000151, 0.000141
3029, 0.000194, 0.000121, 0.000112
3030, 0.000193, 0.000130, 0.000122
3031, 0.000193, 0.000135, 0.000125
3032, 0.000191, 0.000118, 0.000108
3033, 0.000192, 0.000142, 0.000133
3034, 0.000195, 0.000119, 0.000109
3035, 0.000192, 0.000143, 0.000133
3036, 0.000192, 0.000114, 0.000105
3037, 0.000194, 0.000137, 0.000127
3038, 0.000193, 0.000127, 0.000117
3039, 0.000189, 0.000118, 0.000110
3040, 0.000192, 0.000149, 0.000139
3041, 0.000193, 0.000104, 0.000097
3042, 0.000194, 0.000162, 0.000153
3043, 0.000194, 0.000107, 0.000100
3044, 0.000191, 0.000131, 0.000122
3045, 0.000189, 0.000145, 0.000136
3046, 0.000189, 0.000098, 0.000089
3047, 0.000197, 0.000186, 0.000175
3048, 0.000198, 0.000095, 0.000087
3049, 0.000196, 0.000164, 0.000153
3050, 0.000192, 0.000117, 0.000109
3051, 0.000190, 0.000120, 0.000112
3052, 0.000188, 0.000155, 0.000146
3053, 0.000193, 0.000091, 0.000084
3054, 0.000197, 0.000204, 0.000192
3055, 0.000202, 0.000087, 0.000080
3056, 0.000199, 0.000167, 0.000157
3057, 0.000192, 0.000124, 0.000115
3058, 0.000184, 0.000099, 0.000092
3059, 0.000192, 0.000194, 0.000183
3060, 0.000200, 0.000084, 0.000077
3061, 0.000201, 0.000187, 0.000176
3062, 0.000198, 0.000103, 0.000095
3063, 0.000188, 0.000126, 0.000117
3064, 0.000184, 0.000150, 0.000140
3065, 0.000191, 0.000089, 0.000081
3066, 0.000198, 0.000195, 0.000184
3067, 0.000198, 0.000092, 0.000085
3068, 0.000193, 0.000131, 0.000121
3069, 0.000184, 0.000158, 0.000148
3070, 0.000189, 0.000092, 0.000084
3071, 0.000191, 0.000177, 0.000165
3072, 0.000194, 0.000091, 0.000084
3073, 0.000194, 0.000158, 0.000148
3074, 0.000186, 0.000110, 0.000101
3075, 0.000185, 0.000123, 0.000114
3076, 0.000184, 0.000140, 0.000130
3077, 0.000184, 0.000098, 0.000090
3078, 0.000188, 0.000154, 0.000144
3079, 0.000189, 0.000098, 0.000090
3080, 0.000186, 0.000142, 0.000132
3081, 0.000184, 0.000116, 0.000108
3082, 0.000182, 0.000107, 0.000100
3083, 0.000181, 0.000152, 0.000142
3084, 0.000185, 0.000097, 0.000090
3085, 0.000185, 0.000147, 0.000137
3086, 0.000184, 0.000109, 0.000101
3087, 0.000180, 0.000112, 0.000104
3088, 0.000180, 0.000150, 0.000140
3089, 0.000184, 0.000098, 0.000091
3090, 0.000184, 0.000157, 0.000147
3091, 0.000187, 0.000092, 0.000085
3092, 0.000187, 0.000161, 0.000152
3093, 0.000185, 0.000100, 0.000093
3094, 0.000181, 0.000128, 0.000120
3095, 0.000181, 0.000135, 0.000127
3096, 0.000181, 0.000094, 0.000087
3097, 0.000182, 0.000164, 0.000154
3098, 0.000185, 0.000091, 0.000084
3099, 0.000183, 0.000140, 0.000131
3100, 0.000181, 0.000116, 0.000108
3101, 0.000177, 0.000113, 0.000105
3102, 0.000178, 0.000134, 0.000126
3103, 0.000177, 0.000106, 0.000100
3104, 0.000178, 0.000137, 0.000128
3105, 0.000179, 0.000108, 0.000101
3106, 0.000179, 0.000137, 0.000129
3107, 0.000177, 0.000107, 0.000099
3108, 0.000178, 0.000130, 0.000121
3109, 0.000176, 0.000118, 0.000110
3110, 0.000175, 0.000112, 0.000104
3111, 0.000175, 0.000124, 0.000115
3112, 0.000178, 0.000105, 0.000097
3113, 0.000177, 0.000140, 0.000130
3114, 0.000177, 0.000107, 0.000099
3115, 0.000178, 0.000135, 0.000127
3116, 0.000177, 0.000104, 0.000096
3117, 0.000176, 0.000143, 0.000135
3118, 0.000178, 0.000095, 0.000089
3119, 0.000178, 0.000140, 0.000132
3120, 0.000177, 0.000106, 0.000099
3121, 0.000176, 0.000117, 0.000108
3122, 0.000177, 0.000133, 0.000124
3123, 0.000177, 0.000097, 0.000090
3124, 0.000177, 0.000153, 0.000142
3125, 0.000178, 0.000091, 0.000084
3126, 0.000178, 0.000145, 0.000136
3127, 0.000176, 0.000118, 0.000110
3128, 0.000173, 0.000111, 0.000103
3129, 0.000175, 0.000156, 0.000147
3130, 0.000179, 0.000083, 0.000077
3131, 0.000183, 0.000185, 0.000174
3132, 0.000184, 0.000084, 0.000078
3133, 0.000180, 0.000150, 0.000140
3134, 0.000177, 0.000110, 0.000103
3135, 0.000172, 0.000097, 0.000089
3136, 0.000171, 0.000153, 0.000144
3137, 0.000178, 0.000084, 0.000078
3138, 0.000180, 0.000168, 0.000159
