Epoch, Train Loss, Valid Loss, Test Loss
1, 0.486008, 0.542096, 0.543740
2, 0.417907, 0.475906, 0.478213
3, 0.365968, 0.417425, 0.420617
4, 0.327351, 0.369348, 0.373126
5, 0.297976, 0.331295, 0.335597
6, 0.275092, 0.307058, 0.311431
7, 0.259606, 0.287305, 0.291677
8, 0.245800, 0.270042, 0.274302
9, 0.232545, 0.252856, 0.256761
10, 0.218625, 0.235923, 0.239505
11, 0.204494, 0.219395, 0.222638
12, 0.190239, 0.203339, 0.206193
13, 0.176072, 0.188485, 0.190987
14, 0.162810, 0.174394, 0.176616
15, 0.150363, 0.160803, 0.162793
16, 0.138504, 0.147871, 0.149658
17, 0.127273, 0.135480, 0.137084
18, 0.116565, 0.123412, 0.124860
19, 0.106211, 0.111598, 0.112924
20, 0.096155, 0.100141, 0.101372
21, 0.086470, 0.089217, 0.090366
22, 0.077266, 0.079038, 0.080109
23, 0.068670, 0.069783, 0.070775
24, 0.060801, 0.061496, 0.062404
25, 0.053719, 0.054136, 0.054964
26, 0.047411, 0.047647, 0.048404
27, 0.041821, 0.041969, 0.042666
28, 0.036904, 0.037046, 0.037688
29, 0.032615, 0.032743, 0.033336
30, 0.028858, 0.028919, 0.029469
31, 0.025565, 0.025530, 0.026040
32, 0.022623, 0.022566, 0.023040
33, 0.020090, 0.020014, 0.020454
34, 0.017874, 0.017826, 0.018235
35, 0.015977, 0.015961, 0.016344
36, 0.014365, 0.014378, 0.014739
37, 0.012995, 0.013044, 0.013387
38, 0.011844, 0.011913, 0.012242
39, 0.010861, 0.010944, 0.011259
40, 0.010012, 0.010092, 0.010395
41, 0.009259, 0.009318, 0.009610
42, 0.008602, 0.008599, 0.008882
43, 0.007990, 0.007961, 0.008232
44, 0.007451, 0.007387, 0.007647
45, 0.006964, 0.006871, 0.007121
46, 0.006526, 0.006406, 0.006647
47, 0.006147, 0.005988, 0.006222
48, 0.005806, 0.005622, 0.005850
49, 0.005511, 0.005309, 0.005531
50, 0.005254, 0.005047, 0.005263
51, 0.005032, 0.004821, 0.005029
52, 0.004829, 0.004617, 0.004817
53, 0.004645, 0.004433, 0.004625
54, 0.004486, 0.004264, 0.004450
55, 0.004342, 0.004117, 0.004296
56, 0.004209, 0.003986, 0.004160
57, 0.004093, 0.003865, 0.004035
58, 0.003991, 0.003761, 0.003925
59, 0.003906, 0.003677, 0.003837
60, 0.003836, 0.003609, 0.003764
61, 0.003768, 0.003544, 0.003695
62, 0.003706, 0.003477, 0.003624
63, 0.003659, 0.003413, 0.003556
64, 0.003612, 0.003351, 0.003489
65, 0.003565, 0.003302, 0.003436
66, 0.003517, 0.003258, 0.003388
67, 0.003468, 0.003219, 0.003346
68, 0.003446, 0.003174, 0.003297
69, 0.003407, 0.003133, 0.003254
70, 0.003387, 0.003102, 0.003219
71, 0.003351, 0.003081, 0.003195
72, 0.003325, 0.003058, 0.003169
73, 0.003308, 0.003033, 0.003141
74, 0.003286, 0.003008, 0.003113
75, 0.003269, 0.002985, 0.003087
76, 0.003245, 0.002967, 0.003067
77, 0.003236, 0.002954, 0.003051
78, 0.003221, 0.002945, 0.003039
79, 0.003206, 0.002932, 0.003023
80, 0.003189, 0.002914, 0.003003
81, 0.003180, 0.002897, 0.002984
82, 0.003169, 0.002882, 0.002967
83, 0.003161, 0.002877, 0.002959
84, 0.003146, 0.002879, 0.002957
85, 0.003145, 0.002868, 0.002944
86, 0.003130, 0.002857, 0.002930
87, 0.003121, 0.002844, 0.002916
88, 0.003115, 0.002834, 0.002904
89, 0.003107, 0.002828, 0.002897
90, 0.003105, 0.002821, 0.002887
91, 0.003090, 0.002812, 0.002877
92, 0.003089, 0.002809, 0.002871
93, 0.003089, 0.002809, 0.002868
94, 0.003077, 0.002805, 0.002861
95, 0.003070, 0.002798, 0.002853
96, 0.003058, 0.002790, 0.002844
97, 0.003060, 0.002782, 0.002834
98, 0.003054, 0.002777, 0.002827
99, 0.003044, 0.002779, 0.002827
100, 0.003045, 0.002781, 0.002828
101, 0.003040, 0.002778, 0.002824
102, 0.003029, 0.002769, 0.002813
103, 0.003029, 0.002759, 0.002803
104, 0.003028, 0.002756, 0.002798
105, 0.003019, 0.002759, 0.002799
106, 0.003014, 0.002763, 0.002801
107, 0.003015, 0.002758, 0.002795
108, 0.003005, 0.002750, 0.002786
109, 0.003000, 0.002742, 0.002777
110, 0.003000, 0.002742, 0.002775
111, 0.002998, 0.002746, 0.002777
112, 0.002999, 0.002741, 0.002771
113, 0.002990, 0.002736, 0.002765
114, 0.002986, 0.002732, 0.002761
115, 0.002990, 0.002731, 0.002759
116, 0.002972, 0.002730, 0.002757
117, 0.002971, 0.002726, 0.002752
118, 0.002968, 0.002723, 0.002748
119, 0.002968, 0.002724, 0.002748
120, 0.002967, 0.002723, 0.002747
121, 0.002960, 0.002721, 0.002743
122, 0.002961, 0.002718, 0.002740
123, 0.002959, 0.002716, 0.002736
124, 0.002955, 0.002714, 0.002732
125, 0.002953, 0.002715, 0.002733
126, 0.002948, 0.002713, 0.002730
127, 0.002945, 0.002704, 0.002721
128, 0.002946, 0.002701, 0.002718
129, 0.002944, 0.002702, 0.002717
130, 0.002938, 0.002708, 0.002722
131, 0.002937, 0.002706, 0.002719
132, 0.002929, 0.002702, 0.002714
133, 0.002924, 0.002697, 0.002709
134, 0.002922, 0.002695, 0.002706
135, 0.002916, 0.002695, 0.002705
136, 0.002920, 0.002694, 0.002703
137, 0.002919, 0.002696, 0.002704
138, 0.002911, 0.002693, 0.002701
139, 0.002909, 0.002692, 0.002699
140, 0.002903, 0.002686, 0.002693
141, 0.002899, 0.002685, 0.002691
142, 0.002896, 0.002684, 0.002689
143, 0.002892, 0.002685, 0.002690
144, 0.002893, 0.002685, 0.002690
145, 0.002889, 0.002687, 0.002691
146, 0.002884, 0.002684, 0.002686
147, 0.002885, 0.002679, 0.002681
148, 0.002877, 0.002675, 0.002677
149, 0.002887, 0.002672, 0.002675
150, 0.002877, 0.002672, 0.002674
151, 0.002871, 0.002674, 0.002675
152, 0.002872, 0.002673, 0.002673
153, 0.002863, 0.002673, 0.002672
154, 0.002871, 0.002670, 0.002669
155, 0.002864, 0.002668, 0.002667
156, 0.002860, 0.002668, 0.002667
157, 0.002859, 0.002669, 0.002667
158, 0.002854, 0.002667, 0.002664
159, 0.002853, 0.002669, 0.002665
160, 0.002851, 0.002664, 0.002660
161, 0.002849, 0.002664, 0.002661
162, 0.002840, 0.002661, 0.002656
163, 0.002846, 0.002659, 0.002654
164, 0.002840, 0.002658, 0.002652
165, 0.002835, 0.002658, 0.002652
166, 0.002837, 0.002659, 0.002652
167, 0.002829, 0.002660, 0.002653
168, 0.002831, 0.002658, 0.002651
169, 0.002825, 0.002655, 0.002648
170, 0.002832, 0.002653, 0.002644
171, 0.002826, 0.002652, 0.002644
172, 0.002821, 0.002650, 0.002641
173, 0.002815, 0.002649, 0.002640
174, 0.002818, 0.002649, 0.002640
175, 0.002813, 0.002648, 0.002638
176, 0.002813, 0.002648, 0.002638
177, 0.002804, 0.002647, 0.002637
178, 0.002808, 0.002646, 0.002635
179, 0.002802, 0.002646, 0.002635
180, 0.002799, 0.002644, 0.002633
181, 0.002801, 0.002643, 0.002633
182, 0.002793, 0.002641, 0.002630
183, 0.002793, 0.002638, 0.002627
184, 0.002791, 0.002637, 0.002624
185, 0.002788, 0.002638, 0.002624
186, 0.002787, 0.002640, 0.002627
187, 0.002787, 0.002638, 0.002625
188, 0.002780, 0.002637, 0.002624
189, 0.002781, 0.002634, 0.002620
190, 0.002781, 0.002636, 0.002621
191, 0.002775, 0.002634, 0.002619
192, 0.002773, 0.002631, 0.002618
193, 0.002768, 0.002628, 0.002615
194, 0.002766, 0.002626, 0.002611
195, 0.002765, 0.002626, 0.002611
196, 0.002765, 0.002626, 0.002611
197, 0.002766, 0.002627, 0.002612
198, 0.002761, 0.002624, 0.002609
199, 0.002753, 0.002621, 0.002605
200, 0.002755, 0.002620, 0.002604
201, 0.002749, 0.002620, 0.002604
202, 0.002748, 0.002623, 0.002606
203, 0.002749, 0.002623, 0.002606
204, 0.002743, 0.002619, 0.002601
205, 0.002749, 0.002616, 0.002597
206, 0.002744, 0.002614, 0.002595
207, 0.002740, 0.002612, 0.002595
208, 0.002738, 0.002613, 0.002596
209, 0.002737, 0.002612, 0.002594
210, 0.002729, 0.002611, 0.002592
211, 0.002733, 0.002609, 0.002590
212, 0.002731, 0.002610, 0.002591
213, 0.002729, 0.002609, 0.002590
214, 0.002721, 0.002606, 0.002588
215, 0.002726, 0.002604, 0.002586
216, 0.002722, 0.002603, 0.002585
217, 0.002720, 0.002603, 0.002583
218, 0.002721, 0.002603, 0.002583
219, 0.002714, 0.002600, 0.002580
220, 0.002713, 0.002599, 0.002579
221, 0.002713, 0.002596, 0.002577
222, 0.002712, 0.002595, 0.002576
223, 0.002708, 0.002595, 0.002575
224, 0.002706, 0.002595, 0.002574
225, 0.002702, 0.002594, 0.002573
226, 0.002698, 0.002592, 0.002572
227, 0.002699, 0.002590, 0.002570
228, 0.002700, 0.002588, 0.002567
229, 0.002693, 0.002588, 0.002566
230, 0.002691, 0.002588, 0.002565
231, 0.002691, 0.002585, 0.002564
232, 0.002688, 0.002583, 0.002563
233, 0.002686, 0.002582, 0.002561
234, 0.002684, 0.002583, 0.002561
235, 0.002685, 0.002580, 0.002557
236, 0.002683, 0.002578, 0.002556
237, 0.002683, 0.002576, 0.002555
238, 0.002680, 0.002575, 0.002554
239, 0.002674, 0.002576, 0.002553
240, 0.002677, 0.002573, 0.002551
241, 0.002670, 0.002570, 0.002548
242, 0.002670, 0.002567, 0.002545
243, 0.002670, 0.002566, 0.002543
244, 0.002664, 0.002566, 0.002542
245, 0.002663, 0.002565, 0.002542
246, 0.002662, 0.002564, 0.002541
247, 0.002657, 0.002562, 0.002538
248, 0.002655, 0.002559, 0.002535
249, 0.002658, 0.002556, 0.002533
250, 0.002652, 0.002555, 0.002532
251, 0.002651, 0.002555, 0.002532
252, 0.002649, 0.002554, 0.002531
253, 0.002648, 0.002552, 0.002528
254, 0.002652, 0.002550, 0.002526
255, 0.002642, 0.002548, 0.002524
256, 0.002643, 0.002546, 0.002522
257, 0.002641, 0.002546, 0.002522
258, 0.002635, 0.002545, 0.002521
259, 0.002638, 0.002543, 0.002519
260, 0.002633, 0.002539, 0.002515
261, 0.002630, 0.002537, 0.002512
262, 0.002628, 0.002536, 0.002511
263, 0.002627, 0.002535, 0.002510
264, 0.002626, 0.002535, 0.002509
265, 0.002621, 0.002531, 0.002506
266, 0.002622, 0.002528, 0.002503
267, 0.002619, 0.002525, 0.002500
268, 0.002619, 0.002525, 0.002499
269, 0.002613, 0.002526, 0.002500
270, 0.002613, 0.002524, 0.002498
271, 0.002613, 0.002521, 0.002495
272, 0.002611, 0.002519, 0.002493
273, 0.002607, 0.002516, 0.002490
274, 0.002607, 0.002514, 0.002487
275, 0.002601, 0.002513, 0.002487
276, 0.002597, 0.002514, 0.002488
277, 0.002599, 0.002511, 0.002484
278, 0.002597, 0.002509, 0.002482
279, 0.002596, 0.002507, 0.002479
280, 0.002592, 0.002505, 0.002478
281, 0.002594, 0.002502, 0.002475
282, 0.002593, 0.002501, 0.002474
283, 0.002591, 0.002501, 0.002473
284, 0.002590, 0.002501, 0.002474
285, 0.002585, 0.002498, 0.002471
286, 0.002584, 0.002495, 0.002468
287, 0.002583, 0.002491, 0.002463
288, 0.002576, 0.002490, 0.002463
289, 0.002578, 0.002491, 0.002463
290, 0.002578, 0.002487, 0.002459
291, 0.002575, 0.002488, 0.002460
292, 0.002569, 0.002489, 0.002462
293, 0.002572, 0.002486, 0.002458
294, 0.002572, 0.002481, 0.002452
295, 0.002568, 0.002480, 0.002452
296, 0.002564, 0.002482, 0.002455
297, 0.002567, 0.002481, 0.002453
298, 0.002564, 0.002476, 0.002448
299, 0.002559, 0.002474, 0.002445
300, 0.002560, 0.002475, 0.002447
301, 0.002562, 0.002474, 0.002445
302, 0.002557, 0.002472, 0.002443
303, 0.002556, 0.002473, 0.002444
304, 0.002559, 0.002473, 0.002444
305, 0.002556, 0.002468, 0.002439
306, 0.002553, 0.002465, 0.002436
307, 0.002550, 0.002468, 0.002439
308, 0.002551, 0.002466, 0.002437
309, 0.002549, 0.002463, 0.002434
310, 0.002545, 0.002463, 0.002434
311, 0.002547, 0.002465, 0.002436
312, 0.002545, 0.002462, 0.002433
313, 0.002544, 0.002461, 0.002432
314, 0.002543, 0.002460, 0.002432
315, 0.002541, 0.002460, 0.002431
316, 0.002541, 0.002458, 0.002429
317, 0.002537, 0.002455, 0.002426
318, 0.002540, 0.002455, 0.002426
319, 0.002538, 0.002456, 0.002427
320, 0.002538, 0.002455, 0.002426
321, 0.002538, 0.002452, 0.002423
322, 0.002534, 0.002455, 0.002425
323, 0.002537, 0.002456, 0.002427
324, 0.002536, 0.002452, 0.002423
325, 0.002533, 0.002450, 0.002420
326, 0.002531, 0.002448, 0.002419
327, 0.002530, 0.002448, 0.002418
328, 0.002527, 0.002448, 0.002418
329, 0.002530, 0.002448, 0.002419
330, 0.002530, 0.002447, 0.002417
331, 0.002526, 0.002449, 0.002419
332, 0.002528, 0.002447, 0.002417
333, 0.002525, 0.002447, 0.002417
334, 0.002524, 0.002444, 0.002415
335, 0.002521, 0.002443, 0.002414
336, 0.002522, 0.002447, 0.002418
337, 0.002523, 0.002444, 0.002415
338, 0.002523, 0.002438, 0.002410
339, 0.002521, 0.002440, 0.002411
340, 0.002521, 0.002444, 0.002415
341, 0.002519, 0.002439, 0.002411
342, 0.002516, 0.002440, 0.002411
343, 0.002519, 0.002445, 0.002415
344, 0.002514, 0.002437, 0.002408
345, 0.002513, 0.002433, 0.002404
346, 0.002515, 0.002439, 0.002409
347, 0.002514, 0.002440, 0.002410
348, 0.002513, 0.002435, 0.002406
349, 0.002517, 0.002436, 0.002406
350, 0.002513, 0.002438, 0.002408
351, 0.002511, 0.002433, 0.002403
352, 0.002513, 0.002432, 0.002403
353, 0.002510, 0.002434, 0.002405
354, 0.002510, 0.002432, 0.002403
355, 0.002510, 0.002430, 0.002401
356, 0.002509, 0.002433, 0.002403
357, 0.002509, 0.002430, 0.002400
358, 0.002506, 0.002428, 0.002399
359, 0.002505, 0.002430, 0.002400
360, 0.002507, 0.002435, 0.002405
361, 0.002507, 0.002427, 0.002398
362, 0.002507, 0.002425, 0.002396
363, 0.002506, 0.002428, 0.002398
364, 0.002501, 0.002427, 0.002397
365, 0.002504, 0.002423, 0.002393
366, 0.002504, 0.002425, 0.002395
367, 0.002500, 0.002427, 0.002397
368, 0.002499, 0.002423, 0.002393
369, 0.002501, 0.002423, 0.002393
370, 0.002499, 0.002426, 0.002395
371, 0.002501, 0.002423, 0.002393
372, 0.002502, 0.002421, 0.002391
373, 0.002499, 0.002423, 0.002393
374, 0.002497, 0.002421, 0.002391
375, 0.002497, 0.002420, 0.002391
376, 0.002495, 0.002423, 0.002393
377, 0.002496, 0.002420, 0.002390
378, 0.002497, 0.002419, 0.002389
379, 0.002499, 0.002421, 0.002390
380, 0.002494, 0.002417, 0.002388
381, 0.002492, 0.002419, 0.002389
382, 0.002493, 0.002419, 0.002389
383, 0.002492, 0.002416, 0.002386
384, 0.002497, 0.002417, 0.002387
385, 0.002493, 0.002419, 0.002389
386, 0.002491, 0.002416, 0.002386
387, 0.002492, 0.002415, 0.002385
388, 0.002490, 0.002413, 0.002384
389, 0.002490, 0.002418, 0.002387
390, 0.002491, 0.002415, 0.002384
391, 0.002490, 0.002413, 0.002383
392, 0.002489, 0.002418, 0.002387
393, 0.002490, 0.002412, 0.002382
394, 0.002487, 0.002412, 0.002381
395, 0.002483, 0.002414, 0.002383
396, 0.002487, 0.002416, 0.002386
397, 0.002485, 0.002411, 0.002381
398, 0.002486, 0.002413, 0.002382
399, 0.002486, 0.002413, 0.002382
400, 0.002488, 0.002407, 0.002377
401, 0.002484, 0.002409, 0.002379
402, 0.002480, 0.002416, 0.002385
403, 0.002484, 0.002409, 0.002380
404, 0.002485, 0.002408, 0.002379
405, 0.002482, 0.002411, 0.002380
406, 0.002481, 0.002409, 0.002378
407, 0.002482, 0.002405, 0.002375
408, 0.002480, 0.002408, 0.002377
409, 0.002482, 0.002408, 0.002377
410, 0.002478, 0.002408, 0.002377
411, 0.002478, 0.002406, 0.002376
412, 0.002478, 0.002408, 0.002377
413, 0.002480, 0.002405, 0.002374
414, 0.002477, 0.002405, 0.002374
415, 0.002476, 0.002406, 0.002376
416, 0.002481, 0.002405, 0.002375
417, 0.002475, 0.002406, 0.002375
418, 0.002474, 0.002401, 0.002372
419, 0.002478, 0.002405, 0.002376
420, 0.002472, 0.002408, 0.002377
421, 0.002473, 0.002401, 0.002372
422, 0.002477, 0.002402, 0.002372
423, 0.002474, 0.002412, 0.002380
424, 0.002477, 0.002401, 0.002371
425, 0.002476, 0.002400, 0.002370
426, 0.002477, 0.002418, 0.002385
427, 0.002474, 0.002401, 0.002371
428, 0.002476, 0.002399, 0.002370
429, 0.002478, 0.002410, 0.002378
430, 0.002478, 0.002402, 0.002371
431, 0.002470, 0.002398, 0.002369
432, 0.002474, 0.002403, 0.002371
433, 0.002472, 0.002409, 0.002376
434, 0.002474, 0.002399, 0.002369
435, 0.002472, 0.002405, 0.002374
436, 0.002467, 0.002412, 0.002380
437, 0.002471, 0.002398, 0.002369
438, 0.002472, 0.002398, 0.002367
439, 0.002467, 0.002405, 0.002373
440, 0.002470, 0.002396, 0.002366
441, 0.002468, 0.002396, 0.002366
442, 0.002471, 0.002404, 0.002373
443, 0.002471, 0.002398, 0.002368
444, 0.002468, 0.002398, 0.002368
445, 0.002464, 0.002401, 0.002369
446, 0.002467, 0.002398, 0.002367
447, 0.002467, 0.002394, 0.002365
448, 0.002467, 0.002402, 0.002370
449, 0.002466, 0.002399, 0.002368
450, 0.002464, 0.002394, 0.002365
451, 0.002465, 0.002397, 0.002366
452, 0.002465, 0.002398, 0.002367
453, 0.002462, 0.002393, 0.002363
454, 0.002467, 0.002395, 0.002364
455, 0.002464, 0.002401, 0.002369
456, 0.002464, 0.002395, 0.002364
457, 0.002460, 0.002395, 0.002364
458, 0.002463, 0.002396, 0.002365
459, 0.002466, 0.002399, 0.002368
460, 0.002463, 0.002392, 0.002363
461, 0.002463, 0.002393, 0.002362
462, 0.002460, 0.002396, 0.002365
463, 0.002463, 0.002392, 0.002361
464, 0.002460, 0.002395, 0.002364
465, 0.002460, 0.002398, 0.002366
466, 0.002460, 0.002390, 0.002360
467, 0.002463, 0.002394, 0.002363
468, 0.002459, 0.002402, 0.002370
469, 0.002463, 0.002390, 0.002360
470, 0.002464, 0.002393, 0.002362
471, 0.002457, 0.002400, 0.002368
472, 0.002464, 0.002390, 0.002360
473, 0.002459, 0.002390, 0.002360
474, 0.002457, 0.002396, 0.002364
475, 0.002462, 0.002390, 0.002360
476, 0.002461, 0.002390, 0.002360
477, 0.002454, 0.002398, 0.002366
478, 0.002458, 0.002389, 0.002359
479, 0.002460, 0.002389, 0.002358
480, 0.002456, 0.002393, 0.002362
481, 0.002457, 0.002388, 0.002358
482, 0.002455, 0.002390, 0.002359
483, 0.002455, 0.002391, 0.002360
484, 0.002455, 0.002392, 0.002361
485, 0.002454, 0.002388, 0.002357
486, 0.002460, 0.002394, 0.002361
487, 0.002456, 0.002389, 0.002358
488, 0.002455, 0.002387, 0.002356
489, 0.002455, 0.002394, 0.002361
490, 0.002456, 0.002390, 0.002358
491, 0.002452, 0.002386, 0.002355
492, 0.002454, 0.002389, 0.002357
493, 0.002452, 0.002390, 0.002358
494, 0.002454, 0.002386, 0.002355
495, 0.002453, 0.002392, 0.002360
496, 0.002454, 0.002393, 0.002361
497, 0.002455, 0.002384, 0.002355
498, 0.002454, 0.002389, 0.002358
499, 0.002452, 0.002391, 0.002360
500, 0.002453, 0.002383, 0.002354
501, 0.002450, 0.002390, 0.002359
502, 0.002451, 0.002389, 0.002358
503, 0.002452, 0.002383, 0.002353
504, 0.002450, 0.002385, 0.002355
505, 0.002449, 0.002393, 0.002361
506, 0.002453, 0.002381, 0.002352
507, 0.002454, 0.002388, 0.002357
508, 0.002449, 0.002394, 0.002362
509, 0.002452, 0.002383, 0.002354
510, 0.002450, 0.002387, 0.002356
511, 0.002449, 0.002397, 0.002364
512, 0.002454, 0.002380, 0.002351
513, 0.002453, 0.002388, 0.002357
514, 0.002450, 0.002388, 0.002357
515, 0.002450, 0.002381, 0.002351
516, 0.002449, 0.002386, 0.002355
517, 0.002444, 0.002392, 0.002360
518, 0.002450, 0.002380, 0.002351
519, 0.002449, 0.002389, 0.002357
520, 0.002448, 0.002387, 0.002355
521, 0.002447, 0.002380, 0.002350
522, 0.002447, 0.002389, 0.002356
523, 0.002447, 0.002387, 0.002354
524, 0.002448, 0.002379, 0.002349
525, 0.002445, 0.002386, 0.002354
526, 0.002446, 0.002386, 0.002354
527, 0.002445, 0.002380, 0.002350
528, 0.002446, 0.002387, 0.002355
529, 0.002443, 0.002379, 0.002348
530, 0.002442, 0.002378, 0.002348
531, 0.002442, 0.002393, 0.002361
532, 0.002446, 0.002379, 0.002349
533, 0.002445, 0.002380, 0.002350
534, 0.002442, 0.002385, 0.002355
535, 0.002442, 0.002382, 0.002352
536, 0.002443, 0.002379, 0.002349
537, 0.002443, 0.002383, 0.002352
538, 0.002447, 0.002382, 0.002351
539, 0.002444, 0.002377, 0.002347
540, 0.002442, 0.002384, 0.002352
541, 0.002441, 0.002382, 0.002350
542, 0.002440, 0.002375, 0.002345
543, 0.002444, 0.002381, 0.002350
544, 0.002443, 0.002381, 0.002350
545, 0.002439, 0.002376, 0.002346
546, 0.002438, 0.002379, 0.002349
547, 0.002441, 0.002377, 0.002347
548, 0.002436, 0.002379, 0.002348
549, 0.002439, 0.002381, 0.002350
550, 0.002437, 0.002379, 0.002348
551, 0.002439, 0.002378, 0.002347
552, 0.002435, 0.002373, 0.002343
553, 0.002439, 0.002383, 0.002351
554, 0.002437, 0.002373, 0.002343
555, 0.002441, 0.002379, 0.002348
556, 0.002435, 0.002376, 0.002345
557, 0.002436, 0.002374, 0.002344
558, 0.002437, 0.002377, 0.002346
559, 0.002433, 0.002376, 0.002345
560, 0.002436, 0.002375, 0.002345
561, 0.002437, 0.002378, 0.002347
562, 0.002433, 0.002375, 0.002345
563, 0.002436, 0.002376, 0.002346
564, 0.002437, 0.002370, 0.002341
565, 0.002437, 0.002376, 0.002345
566, 0.002434, 0.002377, 0.002346
567, 0.002433, 0.002372, 0.002342
568, 0.002434, 0.002377, 0.002346
569, 0.002436, 0.002374, 0.002343
570, 0.002431, 0.002368, 0.002338
571, 0.002432, 0.002374, 0.002342
572, 0.002431, 0.002372, 0.002341
573, 0.002429, 0.002372, 0.002341
574, 0.002429, 0.002375, 0.002344
575, 0.002432, 0.002369, 0.002339
576, 0.002433, 0.002375, 0.002344
577, 0.002434, 0.002376, 0.002345
578, 0.002430, 0.002366, 0.002337
579, 0.002435, 0.002375, 0.002344
580, 0.002431, 0.002371, 0.002340
581, 0.002431, 0.002367, 0.002337
582, 0.002429, 0.002372, 0.002341
583, 0.002430, 0.002374, 0.002342
584, 0.002430, 0.002368, 0.002338
585, 0.002429, 0.002369, 0.002338
586, 0.002428, 0.002374, 0.002343
587, 0.002430, 0.002364, 0.002334
588, 0.002431, 0.002375, 0.002343
589, 0.002429, 0.002366, 0.002335
590, 0.002427, 0.002365, 0.002335
591, 0.002427, 0.002375, 0.002343
592, 0.002427, 0.002368, 0.002337
593, 0.002424, 0.002364, 0.002334
594, 0.002425, 0.002373, 0.002343
595, 0.002425, 0.002362, 0.002333
596, 0.002429, 0.002368, 0.002338
597, 0.002424, 0.002370, 0.002340
598, 0.002426, 0.002361, 0.002332
599, 0.002424, 0.002366, 0.002335
600, 0.002423, 0.002374, 0.002342
601, 0.002428, 0.002357, 0.002329
602, 0.002428, 0.002371, 0.002339
603, 0.002426, 0.002368, 0.002337
604, 0.002423, 0.002359, 0.002330
605, 0.002423, 0.002384, 0.002350
606, 0.002426, 0.002360, 0.002330
607, 0.002420, 0.002357, 0.002328
608, 0.002421, 0.002381, 0.002348
609, 0.002425, 0.002358, 0.002328
610, 0.002425, 0.002360, 0.002330
611, 0.002420, 0.002377, 0.002345
612, 0.002424, 0.002354, 0.002325
613, 0.002425, 0.002371, 0.002338
614, 0.002419, 0.002362, 0.002331
615, 0.002417, 0.002355, 0.002326
616, 0.002419, 0.002368, 0.002336
617, 0.002424, 0.002359, 0.002328
618, 0.002416, 0.002354, 0.002324
619, 0.002418, 0.002367, 0.002335
620, 0.002417, 0.002354, 0.002324
621, 0.002416, 0.002354, 0.002325
622, 0.002415, 0.002360, 0.002330
623, 0.002417, 0.002356, 0.002326
624, 0.002418, 0.002357, 0.002327
625, 0.002415, 0.002358, 0.002328
626, 0.002414, 0.002357, 0.002327
627, 0.002410, 0.002351, 0.002322
628, 0.002413, 0.002354, 0.002324
629, 0.002414, 0.002360, 0.002328
630, 0.002411, 0.002355, 0.002324
631, 0.002412, 0.002349, 0.002320
632, 0.002411, 0.002362, 0.002330
633, 0.002416, 0.002347, 0.002318
634, 0.002411, 0.002353, 0.002322
635, 0.002409, 0.002354, 0.002323
636, 0.002410, 0.002343, 0.002314
637, 0.002411, 0.002354, 0.002323
638, 0.002409, 0.002356, 0.002325
639, 0.002409, 0.002344, 0.002316
640, 0.002408, 0.002359, 0.002328
641, 0.002407, 0.002346, 0.002317
642, 0.002406, 0.002341, 0.002313
643, 0.002409, 0.002361, 0.002329
644, 0.002408, 0.002338, 0.002311
645, 0.002411, 0.002350, 0.002320
646, 0.002405, 0.002352, 0.002321
647, 0.002403, 0.002339, 0.002311
648, 0.002406, 0.002349, 0.002318
649, 0.002401, 0.002345, 0.002314
650, 0.002405, 0.002338, 0.002309
651, 0.002402, 0.002342, 0.002312
652, 0.002403, 0.002345, 0.002314
653, 0.002398, 0.002338, 0.002308
654, 0.002398, 0.002343, 0.002312
655, 0.002400, 0.002337, 0.002307
656, 0.002400, 0.002341, 0.002311
657, 0.002396, 0.002337, 0.002307
658, 0.002398, 0.002338, 0.002308
659, 0.002398, 0.002345, 0.002314
660, 0.002397, 0.002331, 0.002302
661, 0.002398, 0.002338, 0.002307
662, 0.002395, 0.002333, 0.002303
663, 0.002394, 0.002335, 0.002305
664, 0.002397, 0.002334, 0.002304
665, 0.002396, 0.002335, 0.002304
666, 0.002393, 0.002333, 0.002303
667, 0.002395, 0.002333, 0.002303
668, 0.002389, 0.002329, 0.002300
669, 0.002387, 0.002332, 0.002301
670, 0.002390, 0.002328, 0.002298
671, 0.002389, 0.002333, 0.002302
672, 0.002388, 0.002324, 0.002295
673, 0.002387, 0.002335, 0.002303
674, 0.002392, 0.002321, 0.002292
675, 0.002387, 0.002323, 0.002295
676, 0.002387, 0.002329, 0.002299
677, 0.002385, 0.002320, 0.002292
678, 0.002387, 0.002335, 0.002304
679, 0.002387, 0.002319, 0.002291
680, 0.002385, 0.002325, 0.002295
681, 0.002384, 0.002323, 0.002293
682, 0.002386, 0.002314, 0.002285
683, 0.002383, 0.002321, 0.002291
684, 0.002382, 0.002313, 0.002284
685, 0.002379, 0.002322, 0.002291
686, 0.002381, 0.002324, 0.002293
687, 0.002376, 0.002308, 0.002281
688, 0.002379, 0.002327, 0.002296
689, 0.002380, 0.002314, 0.002284
690, 0.002375, 0.002304, 0.002277
691, 0.002376, 0.002329, 0.002298
692, 0.002381, 0.002302, 0.002275
693, 0.002376, 0.002318, 0.002288
694, 0.002371, 0.002307, 0.002279
695, 0.002373, 0.002301, 0.002273
696, 0.002368, 0.002317, 0.002286
697, 0.002375, 0.002297, 0.002269
698, 0.002368, 0.002317, 0.002286
699, 0.002370, 0.002302, 0.002273
700, 0.002366, 0.002299, 0.002270
701, 0.002367, 0.002309, 0.002278
702, 0.002364, 0.002292, 0.002264
703, 0.002364, 0.002310, 0.002280
704, 0.002364, 0.002294, 0.002265
705, 0.002360, 0.002292, 0.002263
706, 0.002364, 0.002306, 0.002275
707, 0.002362, 0.002285, 0.002258
708, 0.002358, 0.002298, 0.002267
709, 0.002356, 0.002292, 0.002262
710, 0.002354, 0.002280, 0.002253
711, 0.002358, 0.002312, 0.002280
712, 0.002361, 0.002278, 0.002251
713, 0.002353, 0.002286, 0.002257
714, 0.002352, 0.002287, 0.002258
715, 0.002347, 0.002277, 0.002248
716, 0.002346, 0.002281, 0.002252
717, 0.002345, 0.002282, 0.002252
718, 0.002346, 0.002272, 0.002243
719, 0.002347, 0.002281, 0.002251
720, 0.002342, 0.002277, 0.002248
721, 0.002343, 0.002269, 0.002241
722, 0.002338, 0.002273, 0.002244
723, 0.002336, 0.002269, 0.002240
724, 0.002340, 0.002264, 0.002235
725, 0.002335, 0.002262, 0.002234
726, 0.002334, 0.002273, 0.002243
727, 0.002332, 0.002256, 0.002229
728, 0.002333, 0.002268, 0.002239
729, 0.002330, 0.002258, 0.002229
730, 0.002332, 0.002252, 0.002224
731, 0.002325, 0.002265, 0.002234
732, 0.002330, 0.002248, 0.002220
733, 0.002326, 0.002256, 0.002226
734, 0.002321, 0.002255, 0.002225
735, 0.002320, 0.002241, 0.002213
736, 0.002323, 0.002258, 0.002228
737, 0.002321, 0.002237, 0.002209
738, 0.002316, 0.002240, 0.002211
739, 0.002310, 0.002248, 0.002219
740, 0.002313, 0.002231, 0.002204
741, 0.002313, 0.002244, 0.002215
742, 0.002311, 0.002229, 0.002201
743, 0.002307, 0.002228, 0.002200
744, 0.002307, 0.002238, 0.002208
745, 0.002307, 0.002218, 0.002192
746, 0.002305, 0.002240, 0.002210
747, 0.002304, 0.002218, 0.002190
748, 0.002296, 0.002217, 0.002188
749, 0.002295, 0.002222, 0.002193
750, 0.002292, 0.002209, 0.002181
751, 0.002290, 0.002214, 0.002185
752, 0.002288, 0.002214, 0.002184
753, 0.002287, 0.002202, 0.002174
754, 0.002286, 0.002211, 0.002182
755, 0.002281, 0.002202, 0.002174
756, 0.002280, 0.002196, 0.002168
757, 0.002278, 0.002206, 0.002177
758, 0.002283, 0.002187, 0.002161
759, 0.002277, 0.002204, 0.002175
760, 0.002276, 0.002183, 0.002156
761, 0.002270, 0.002191, 0.002161
762, 0.002267, 0.002189, 0.002159
763, 0.002265, 0.002172, 0.002146
764, 0.002269, 0.002211, 0.002179
765, 0.002273, 0.002165, 0.002139
766, 0.002262, 0.002169, 0.002141
767, 0.002256, 0.002190, 0.002160
768, 0.002257, 0.002157, 0.002131
769, 0.002257, 0.002183, 0.002154
770, 0.002252, 0.002152, 0.002126
771, 0.002244, 0.002161, 0.002132
772, 0.002240, 0.002156, 0.002127
773, 0.002237, 0.002144, 0.002116
774, 0.002238, 0.002152, 0.002123
775, 0.002234, 0.002139, 0.002110
776, 0.002231, 0.002141, 0.002112
777, 0.002228, 0.002132, 0.002104
778, 0.002222, 0.002138, 0.002108
779, 0.002223, 0.002126, 0.002098
780, 0.002217, 0.002126, 0.002098
781, 0.002217, 0.002121, 0.002093
782, 0.002213, 0.002117, 0.002089
783, 0.002209, 0.002116, 0.002087
784, 0.002203, 0.002109, 0.002081
785, 0.002202, 0.002108, 0.002080
786, 0.002197, 0.002097, 0.002070
787, 0.002192, 0.002098, 0.002069
788, 0.002187, 0.002101, 0.002072
789, 0.002189, 0.002084, 0.002057
790, 0.002187, 0.002086, 0.002058
791, 0.002183, 0.002091, 0.002061
792, 0.002179, 0.002072, 0.002046
793, 0.002184, 0.002116, 0.002086
794, 0.002187, 0.002062, 0.002038
795, 0.002177, 0.002076, 0.002046
796, 0.002168, 0.002062, 0.002034
797, 0.002157, 0.002051, 0.002024
798, 0.002155, 0.002058, 0.002028
799, 0.002151, 0.002043, 0.002016
800, 0.002147, 0.002045, 0.002016
801, 0.002145, 0.002033, 0.002006
802, 0.002141, 0.002036, 0.002008
803, 0.002133, 0.002024, 0.001997
804, 0.002130, 0.002019, 0.001992
805, 0.002127, 0.002026, 0.001997
806, 0.002121, 0.002011, 0.001984
807, 0.002119, 0.002017, 0.001987
808, 0.002116, 0.001997, 0.001970
809, 0.002109, 0.002003, 0.001975
810, 0.002105, 0.001989, 0.001962
811, 0.002099, 0.001989, 0.001962
812, 0.002098, 0.001986, 0.001958
813, 0.002090, 0.001972, 0.001946
814, 0.002091, 0.001991, 0.001961
815, 0.002089, 0.001960, 0.001934
816, 0.002088, 0.001982, 0.001953
817, 0.002080, 0.001948, 0.001923
818, 0.002071, 0.001952, 0.001925
819, 0.002060, 0.001945, 0.001917
820, 0.002059, 0.001931, 0.001905
821, 0.002051, 0.001949, 0.001920
822, 0.002051, 0.001921, 0.001896
823, 0.002051, 0.001944, 0.001914
824, 0.002043, 0.001908, 0.001882
825, 0.002033, 0.001908, 0.001881
826, 0.002024, 0.001914, 0.001885
827, 0.002023, 0.001890, 0.001865
828, 0.002026, 0.001931, 0.001901
829, 0.002026, 0.001887, 0.001865
830, 0.002023, 0.001904, 0.001874
831, 0.002009, 0.001868, 0.001840
832, 0.001996, 0.001863, 0.001838
833, 0.001997, 0.001900, 0.001870
834, 0.002005, 0.001853, 0.001830
835, 0.002001, 0.001887, 0.001857
836, 0.001990, 0.001833, 0.001809
837, 0.001976, 0.001840, 0.001812
838, 0.001959, 0.001831, 0.001803
839, 0.001953, 0.001813, 0.001788
840, 0.001952, 0.001837, 0.001808
841, 0.001952, 0.001797, 0.001773
842, 0.001945, 0.001813, 0.001785
843, 0.001936, 0.001786, 0.001760
844, 0.001925, 0.001784, 0.001757
845, 0.001916, 0.001781, 0.001754
846, 0.001911, 0.001765, 0.001738
847, 0.001907, 0.001757, 0.001731
848, 0.001898, 0.001757, 0.001731
849, 0.001890, 0.001747, 0.001720
850, 0.001883, 0.001736, 0.001710
851, 0.001875, 0.001731, 0.001706
852, 0.001872, 0.001724, 0.001698
853, 0.001864, 0.001714, 0.001688
854, 0.001858, 0.001713, 0.001687
855, 0.001850, 0.001698, 0.001672
856, 0.001846, 0.001692, 0.001665
857, 0.001836, 0.001688, 0.001662
858, 0.001828, 0.001674, 0.001650
859, 0.001827, 0.001674, 0.001647
860, 0.001821, 0.001659, 0.001634
861, 0.001809, 0.001658, 0.001632
862, 0.001804, 0.001643, 0.001618
863, 0.001796, 0.001636, 0.001611
864, 0.001790, 0.001630, 0.001605
865, 0.001782, 0.001620, 0.001595
866, 0.001774, 0.001615, 0.001590
867, 0.001765, 0.001608, 0.001583
868, 0.001761, 0.001595, 0.001571
869, 0.001753, 0.001590, 0.001564
870, 0.001749, 0.001581, 0.001557
871, 0.001738, 0.001573, 0.001549
872, 0.001730, 0.001566, 0.001539
873, 0.001724, 0.001551, 0.001527
874, 0.001719, 0.001563, 0.001538
875, 0.001712, 0.001536, 0.001513
876, 0.001709, 0.001560, 0.001532
877, 0.001701, 0.001519, 0.001499
878, 0.001693, 0.001522, 0.001496
879, 0.001679, 0.001507, 0.001481
880, 0.001672, 0.001494, 0.001473
881, 0.001665, 0.001509, 0.001483
882, 0.001660, 0.001476, 0.001454
883, 0.001658, 0.001491, 0.001465
884, 0.001642, 0.001461, 0.001439
885, 0.001634, 0.001452, 0.001428
886, 0.001627, 0.001458, 0.001433
887, 0.001619, 0.001433, 0.001413
888, 0.001614, 0.001457, 0.001430
889, 0.001608, 0.001421, 0.001402
890, 0.001603, 0.001442, 0.001417
891, 0.001593, 0.001397, 0.001377
892, 0.001579, 0.001406, 0.001381
893, 0.001569, 0.001384, 0.001363
894, 0.001562, 0.001376, 0.001356
895, 0.001552, 0.001386, 0.001360
896, 0.001551, 0.001356, 0.001339
897, 0.001545, 0.001390, 0.001366
898, 0.001538, 0.001342, 0.001324
899, 0.001532, 0.001365, 0.001341
900, 0.001521, 0.001326, 0.001309
901, 0.001506, 0.001324, 0.001301
902, 0.001494, 0.001308, 0.001288
903, 0.001481, 0.001298, 0.001279
904, 0.001473, 0.001300, 0.001277
905, 0.001469, 0.001283, 0.001265
906, 0.001466, 0.001296, 0.001274
907, 0.001454, 0.001261, 0.001243
908, 0.001448, 0.001279, 0.001256
909, 0.001436, 0.001248, 0.001230
910, 0.001429, 0.001250, 0.001230
911, 0.001413, 0.001245, 0.001224
912, 0.001406, 0.001221, 0.001207
913, 0.001407, 0.001264, 0.001241
914, 0.001410, 0.001220, 0.001208
915, 0.001413, 0.001289, 0.001264
916, 0.001418, 0.001208, 0.001197
917, 0.001401, 0.001238, 0.001214
918, 0.001382, 0.001172, 0.001156
919, 0.001355, 0.001178, 0.001159
920, 0.001335, 0.001161, 0.001140
921, 0.001331, 0.001145, 0.001130
922, 0.001324, 0.001187, 0.001167
923, 0.001332, 0.001139, 0.001121
924, 0.001330, 0.001168, 0.001150
925, 0.001312, 0.001116, 0.001095
926, 0.001287, 0.001103, 0.001086
927, 0.001278, 0.001133, 0.001112
928, 0.001278, 0.001087, 0.001068
929, 0.001273, 0.001096, 0.001076
930, 0.001252, 0.001072, 0.001051
931, 0.001239, 0.001059, 0.001040
932, 0.001236, 0.001076, 0.001056
933, 0.001227, 0.001043, 0.001023
934, 0.001222, 0.001049, 0.001031
935, 0.001210, 0.001040, 0.001017
936, 0.001204, 0.001024, 0.001007
937, 0.001201, 0.001060, 0.001036
938, 0.001200, 0.001006, 0.000991
939, 0.001194, 0.001033, 0.001011
940, 0.001176, 0.000988, 0.000971
941, 0.001160, 0.000976, 0.000959
942, 0.001149, 0.001018, 0.000993
943, 0.001160, 0.000979, 0.000965
944, 0.001162, 0.001010, 0.000982
945, 0.001143, 0.000957, 0.000943
946, 0.001122, 0.000950, 0.000925
947, 0.001126, 0.001024, 0.001009
948, 0.001152, 0.000969, 0.000944
949, 0.001157, 0.001026, 0.001012
950, 0.001149, 0.000928, 0.000899
951, 0.001108, 0.000936, 0.000923
952, 0.001090, 0.000955, 0.000924
953, 0.001105, 0.000929, 0.000917
954, 0.001101, 0.000949, 0.000921
955, 0.001100, 0.000904, 0.000888
956, 0.001065, 0.000861, 0.000839
957, 0.001049, 0.000903, 0.000883
958, 0.001047, 0.000854, 0.000838
959, 0.001041, 0.000862, 0.000841
960, 0.001030, 0.000879, 0.000863
961, 0.001028, 0.000866, 0.000843
962, 0.001064, 0.000961, 0.000949
963, 0.001078, 0.000852, 0.000825
964, 0.001038, 0.000821, 0.000810
965, 0.001000, 0.000855, 0.000834
966, 0.000997, 0.000781, 0.000765
967, 0.000977, 0.000799, 0.000786
968, 0.000968, 0.000840, 0.000819
969, 0.000998, 0.000807, 0.000798
970, 0.000989, 0.000795, 0.000773
971, 0.000972, 0.000813, 0.000805
972, 0.000964, 0.000752, 0.000733
973, 0.000949, 0.000761, 0.000748
974, 0.000924, 0.000750, 0.000733
975, 0.000924, 0.000749, 0.000733
976, 0.000929, 0.000735, 0.000722
977, 0.000910, 0.000732, 0.000716
978, 0.000898, 0.000705, 0.000690
979, 0.000902, 0.000745, 0.000737
980, 0.000908, 0.000742, 0.000719
981, 0.000928, 0.000785, 0.000786
982, 0.000963, 0.000780, 0.000754
983, 0.000947, 0.000713, 0.000704
984, 0.000888, 0.000672, 0.000660
985, 0.000869, 0.000708, 0.000687
986, 0.000871, 0.000668, 0.000659
987, 0.000858, 0.000660, 0.000644
988, 0.000861, 0.000706, 0.000693
989, 0.000876, 0.000657, 0.000645
990, 0.000864, 0.000651, 0.000637
991, 0.000838, 0.000642, 0.000632
992, 0.000821, 0.000617, 0.000605
993, 0.000815, 0.000634, 0.000621
994, 0.000818, 0.000644, 0.000632
995, 0.000830, 0.000641, 0.000630
996, 0.000830, 0.000614, 0.000599
997, 0.000806, 0.000619, 0.000612
998, 0.000801, 0.000602, 0.000586
999, 0.000796, 0.000592, 0.000584
1000, 0.000784, 0.000594, 0.000584
1001, 0.000776, 0.000579, 0.000565
1002, 0.000781, 0.000593, 0.000586
1003, 0.000784, 0.000589, 0.000574
1004, 0.000783, 0.000574, 0.000565
1005, 0.000775, 0.000566, 0.000554
1006, 0.000761, 0.000571, 0.000557
1007, 0.000759, 0.000555, 0.000548
1008, 0.000762, 0.000568, 0.000554
1009, 0.000761, 0.000580, 0.000572
1010, 0.000765, 0.000546, 0.000534
1011, 0.000756, 0.000563, 0.000553
1012, 0.000745, 0.000535, 0.000527
1013, 0.000731, 0.000532, 0.000519
1014, 0.000742, 0.000566, 0.000558
1015, 0.000746, 0.000528, 0.000517
1016, 0.000731, 0.000525, 0.000516
1017, 0.000722, 0.000530, 0.000518
1018, 0.000718, 0.000508, 0.000499
1019, 0.000717, 0.000526, 0.000517
1020, 0.000720, 0.000520, 0.000507
1021, 0.000720, 0.000507, 0.000501
1022, 0.000713, 0.000504, 0.000492
1023, 0.000702, 0.000500, 0.000491
1024, 0.000700, 0.000495, 0.000487
1025, 0.000705, 0.000502, 0.000488
1026, 0.000700, 0.000489, 0.000482
1027, 0.000692, 0.000481, 0.000471
1028, 0.000687, 0.000481, 0.000471
1029, 0.000683, 0.000473, 0.000466
1030, 0.000680, 0.000476, 0.000468
1031, 0.000679, 0.000471, 0.000462
1032, 0.000675, 0.000467, 0.000459
1033, 0.000675, 0.000467, 0.000459
1034, 0.000672, 0.000465, 0.000456
1035, 0.000669, 0.000457, 0.000450
1036, 0.000667, 0.000463, 0.000454
1037, 0.000665, 0.000452, 0.000443
1038, 0.000662, 0.000448, 0.000441
1039, 0.000663, 0.000460, 0.000450
1040, 0.000661, 0.000445, 0.000438
1041, 0.000652, 0.000443, 0.000438
1042, 0.000655, 0.000456, 0.000447
1043, 0.000659, 0.000438, 0.000433
1044, 0.000653, 0.000441, 0.000433
1045, 0.000647, 0.000445, 0.000436
1046, 0.000648, 0.000433, 0.000427
1047, 0.000648, 0.000434, 0.000425
1048, 0.000643, 0.000438, 0.000430
1049, 0.000639, 0.000426, 0.000421
1050, 0.000644, 0.000432, 0.000421
1051, 0.000645, 0.000434, 0.000428
1052, 0.000637, 0.000415, 0.000409
1053, 0.000634, 0.000430, 0.000420
1054, 0.000636, 0.000436, 0.000432
1055, 0.000643, 0.000419, 0.000410
1056, 0.000633, 0.000418, 0.000412
1057, 0.000627, 0.000409, 0.000403
1058, 0.000624, 0.000412, 0.000402
1059, 0.000625, 0.000427, 0.000422
1060, 0.000629, 0.000412, 0.000404
1061, 0.000624, 0.000398, 0.000393
1062, 0.000621, 0.000420, 0.000413
1063, 0.000620, 0.000405, 0.000396
1064, 0.000620, 0.000396, 0.000391
1065, 0.000614, 0.000414, 0.000405
1066, 0.000616, 0.000390, 0.000384
1067, 0.000617, 0.000407, 0.000399
1068, 0.000612, 0.000401, 0.000393
1069, 0.000607, 0.000385, 0.000381
1070, 0.000612, 0.000415, 0.000406
1071, 0.000610, 0.000382, 0.000376
1072, 0.000604, 0.000382, 0.000377
1073, 0.000601, 0.000410, 0.000402
1074, 0.000606, 0.000377, 0.000373
1075, 0.000604, 0.000383, 0.000375
1076, 0.000597, 0.000394, 0.000385
1077, 0.000598, 0.000380, 0.000376
1078, 0.000601, 0.000387, 0.000378
1079, 0.000599, 0.000389, 0.000384
1080, 0.000595, 0.000369, 0.000363
1081, 0.000593, 0.000382, 0.000376
1082, 0.000591, 0.000375, 0.000372
1083, 0.000590, 0.000369, 0.000361
1084, 0.000589, 0.000373, 0.000366
1085, 0.000586, 0.000367, 0.000362
1086, 0.000585, 0.000371, 0.000362
1087, 0.000589, 0.000371, 0.000366
1088, 0.000588, 0.000361, 0.000355
1089, 0.000583, 0.000372, 0.000365
1090, 0.000581, 0.000369, 0.000365
1091, 0.000582, 0.000361, 0.000355
1092, 0.000580, 0.000362, 0.000355
1093, 0.000580, 0.000367, 0.000363
1094, 0.000579, 0.000367, 0.000359
1095, 0.000578, 0.000352, 0.000346
1096, 0.000576, 0.000360, 0.000354
1097, 0.000573, 0.000364, 0.000356
1098, 0.000574, 0.000351, 0.000348
1099, 0.000577, 0.000365, 0.000360
1100, 0.000573, 0.000359, 0.000353
1101, 0.000573, 0.000346, 0.000343
1102, 0.000573, 0.000374, 0.000368
1103, 0.000575, 0.000342, 0.000337
1104, 0.000572, 0.000354, 0.000348
1105, 0.000570, 0.000357, 0.000351
1106, 0.000565, 0.000344, 0.000338
1107, 0.000566, 0.000353, 0.000348
1108, 0.000567, 0.000351, 0.000347
1109, 0.000564, 0.000338, 0.000332
1110, 0.000564, 0.000362, 0.000357
1111, 0.000564, 0.000344, 0.000341
1112, 0.000563, 0.000339, 0.000333
1113, 0.000561, 0.000353, 0.000349
1114, 0.000560, 0.000338, 0.000333
1115, 0.000558, 0.000341, 0.000335
1116, 0.000558, 0.000351, 0.000346
1117, 0.000558, 0.000331, 0.000325
1118, 0.000558, 0.000347, 0.000340
1119, 0.000558, 0.000342, 0.000339
1120, 0.000559, 0.000341, 0.000334
1121, 0.000557, 0.000331, 0.000326
1122, 0.000556, 0.000336, 0.000331
1123, 0.000554, 0.000342, 0.000337
1124, 0.000554, 0.000333, 0.000331
1125, 0.000559, 0.000349, 0.000342
1126, 0.000555, 0.000327, 0.000323
1127, 0.000551, 0.000340, 0.000337
1128, 0.000550, 0.000339, 0.000331
1129, 0.000556, 0.000326, 0.000323
1130, 0.000550, 0.000345, 0.000340
1131, 0.000549, 0.000325, 0.000320
1132, 0.000551, 0.000337, 0.000333
1133, 0.000546, 0.000330, 0.000325
1134, 0.000545, 0.000322, 0.000316
1135, 0.000548, 0.000340, 0.000337
1136, 0.000546, 0.000322, 0.000317
1137, 0.000544, 0.000322, 0.000317
1138, 0.000544, 0.000354, 0.000350
1139, 0.000553, 0.000315, 0.000310
1140, 0.000547, 0.000336, 0.000331
1141, 0.000544, 0.000323, 0.000320
1142, 0.000544, 0.000314, 0.000309
1143, 0.000544, 0.000354, 0.000349
1144, 0.000549, 0.000316, 0.000315
1145, 0.000549, 0.000335, 0.000328
1146, 0.000545, 0.000332, 0.000330
1147, 0.000543, 0.000313, 0.000310
1148, 0.000539, 0.000332, 0.000326
1149, 0.000542, 0.000323, 0.000321
1150, 0.000540, 0.000318, 0.000313
1151, 0.000535, 0.000334, 0.000326
1152, 0.000542, 0.000325, 0.000324
1153, 0.000551, 0.000348, 0.000339
1154, 0.000545, 0.000309, 0.000304
1155, 0.000538, 0.000323, 0.000320
1156, 0.000537, 0.000335, 0.000328
1157, 0.000541, 0.000307, 0.000304
1158, 0.000544, 0.000347, 0.000342
1159, 0.000540, 0.000310, 0.000304
1160, 0.000533, 0.000309, 0.000305
1161, 0.000534, 0.000342, 0.000337
1162, 0.000539, 0.000303, 0.000299
1163, 0.000542, 0.000334, 0.000329
1164, 0.000536, 0.000317, 0.000314
1165, 0.000533, 0.000302, 0.000299
1166, 0.000540, 0.000355, 0.000349
1167, 0.000541, 0.000309, 0.000308
1168, 0.000545, 0.000325, 0.000318
1169, 0.000535, 0.000317, 0.000313
1170, 0.000529, 0.000307, 0.000305
1171, 0.000533, 0.000342, 0.000335
1172, 0.000541, 0.000304, 0.000301
1173, 0.000534, 0.000327, 0.000322
1174, 0.000529, 0.000307, 0.000301
1175, 0.000528, 0.000307, 0.000304
1176, 0.000527, 0.000332, 0.000326
1177, 0.000530, 0.000300, 0.000296
1178, 0.000530, 0.000321, 0.000318
1179, 0.000527, 0.000320, 0.000314
1180, 0.000526, 0.000299, 0.000296
1181, 0.000530, 0.000323, 0.000319
1182, 0.000527, 0.000305, 0.000301
1183, 0.000527, 0.000304, 0.000301
1184, 0.000527, 0.000317, 0.000313
1185, 0.000528, 0.000301, 0.000297
1186, 0.000527, 0.000316, 0.000313
1187, 0.000524, 0.000305, 0.000303
1188, 0.000522, 0.000306, 0.000302
1189, 0.000524, 0.000320, 0.000316
1190, 0.000523, 0.000296, 0.000293
1191, 0.000525, 0.000315, 0.000310
1192, 0.000523, 0.000314, 0.000311
1193, 0.000523, 0.000297, 0.000294
1194, 0.000524, 0.000317, 0.000311
1195, 0.000522, 0.000304, 0.000302
1196, 0.000523, 0.000310, 0.000305
1197, 0.000522, 0.000307, 0.000303
1198, 0.000520, 0.000299, 0.000297
1199, 0.000520, 0.000319, 0.000314
1200, 0.000520, 0.000300, 0.000298
1201, 0.000524, 0.000309, 0.000306
1202, 0.000518, 0.000302, 0.000298
1203, 0.000516, 0.000305, 0.000302
1204, 0.000520, 0.000303, 0.000299
1205, 0.000520, 0.000303, 0.000299
1206, 0.000516, 0.000300, 0.000297
1207, 0.000515, 0.000303, 0.000299
1208, 0.000515, 0.000300, 0.000296
1209, 0.000515, 0.000304, 0.000300
1210, 0.000517, 0.000297, 0.000294
1211, 0.000516, 0.000302, 0.000299
1212, 0.000513, 0.000297, 0.000294
1213, 0.000516, 0.000304, 0.000301
1214, 0.000515, 0.000300, 0.000297
1215, 0.000515, 0.000307, 0.000303
1216, 0.000517, 0.000306, 0.000302
1217, 0.000515, 0.000305, 0.000301
1218, 0.000515, 0.000298, 0.000293
1219, 0.000515, 0.000308, 0.000304
1220, 0.000518, 0.000309, 0.000306
1221, 0.000514, 0.000300, 0.000295
1222, 0.000515, 0.000305, 0.000300
1223, 0.000516, 0.000304, 0.000302
1224, 0.000516, 0.000299, 0.000294
1225, 0.000513, 0.000299, 0.000296
1226, 0.000513, 0.000303, 0.000300
1227, 0.000513, 0.000293, 0.000289
1228, 0.000513, 0.000311, 0.000308
1229, 0.000515, 0.000298, 0.000295
1230, 0.000514, 0.000292, 0.000287
1231, 0.000512, 0.000317, 0.000314
1232, 0.000513, 0.000289, 0.000287
1233, 0.000512, 0.000306, 0.000301
1234, 0.000512, 0.000303, 0.000300
1235, 0.000512, 0.000292, 0.000287
1236, 0.000510, 0.000307, 0.000303
1237, 0.000511, 0.000299, 0.000297
1238, 0.000513, 0.000307, 0.000300
1239, 0.000515, 0.000295, 0.000293
1240, 0.000511, 0.000309, 0.000305
1241, 0.000512, 0.000289, 0.000285
1242, 0.000512, 0.000312, 0.000310
1243, 0.000515, 0.000296, 0.000292
1244, 0.000511, 0.000293, 0.000289
1245, 0.000509, 0.000304, 0.000302
1246, 0.000509, 0.000301, 0.000296
1247, 0.000511, 0.000294, 0.000290
1248, 0.000507, 0.000302, 0.000299
1249, 0.000509, 0.000301, 0.000296
1250, 0.000511, 0.000293, 0.000291
1251, 0.000510, 0.000306, 0.000302
1252, 0.000508, 0.000289, 0.000286
1253, 0.000509, 0.000308, 0.000305
1254, 0.000511, 0.000292, 0.000288
1255, 0.000507, 0.000293, 0.000290
1256, 0.000508, 0.000304, 0.000301
1257, 0.000506, 0.000289, 0.000285
1258, 0.000506, 0.000299, 0.000295
1259, 0.000504, 0.000305, 0.000301
1260, 0.000506, 0.000285, 0.000282
1261, 0.000507, 0.000308, 0.000304
1262, 0.000506, 0.000295, 0.000292
1263, 0.000507, 0.000291, 0.000288
1264, 0.000505, 0.000310, 0.000306
1265, 0.000508, 0.000289, 0.000287
1266, 0.000508, 0.000305, 0.000301
1267, 0.000506, 0.000295, 0.000291
1268, 0.000505, 0.000298, 0.000295
1269, 0.000509, 0.000300, 0.000296
1270, 0.000504, 0.000290, 0.000287
1271, 0.000504, 0.000306, 0.000303
1272, 0.000507, 0.000286, 0.000282
1273, 0.000503, 0.000304, 0.000300
1274, 0.000503, 0.000295, 0.000293
1275, 0.000503, 0.000295, 0.000291
1276, 0.000503, 0.000300, 0.000297
1277, 0.000507, 0.000296, 0.000294
1278, 0.000506, 0.000293, 0.000289
1279, 0.000504, 0.000297, 0.000294
1280, 0.000503, 0.000298, 0.000295
1281, 0.000502, 0.000288, 0.000284
1282, 0.000502, 0.000299, 0.000295
1283, 0.000503, 0.000295, 0.000290
1284, 0.000500, 0.000284, 0.000281
1285, 0.000502, 0.000305, 0.000301
1286, 0.000503, 0.000283, 0.000280
1287, 0.000500, 0.000299, 0.000294
1288, 0.000502, 0.000296, 0.000293
1289, 0.000505, 0.000289, 0.000284
1290, 0.000501, 0.000298, 0.000293
1291, 0.000501, 0.000292, 0.000290
1292, 0.000500, 0.000299, 0.000294
1293, 0.000503, 0.000282, 0.000280
1294, 0.000502, 0.000304, 0.000300
1295, 0.000501, 0.000283, 0.000279
1296, 0.000499, 0.000300, 0.000296
1297, 0.000500, 0.000300, 0.000296
1298, 0.000501, 0.000287, 0.000283
1299, 0.000500, 0.000302, 0.000298
1300, 0.000500, 0.000293, 0.000288
1301, 0.000496, 0.000287, 0.000283
1302, 0.000499, 0.000308, 0.000304
1303, 0.000500, 0.000280, 0.000277
1304, 0.000505, 0.000307, 0.000303
1305, 0.000501, 0.000286, 0.000283
1306, 0.000500, 0.000293, 0.000289
1307, 0.000497, 0.000296, 0.000291
1308, 0.000498, 0.000283, 0.000281
1309, 0.000500, 0.000310, 0.000305
1310, 0.000500, 0.000283, 0.000280
1311, 0.000500, 0.000295, 0.000292
1312, 0.000496, 0.000290, 0.000286
1313, 0.000495, 0.000287, 0.000283
1314, 0.000498, 0.000306, 0.000302
1315, 0.000499, 0.000281, 0.000278
1316, 0.000495, 0.000306, 0.000301
1317, 0.000499, 0.000283, 0.000279
1318, 0.000498, 0.000301, 0.000297
1319, 0.000498, 0.000285, 0.000283
1320, 0.000500, 0.000307, 0.000303
1321, 0.000497, 0.000282, 0.000281
1322, 0.000497, 0.000302, 0.000299
1323, 0.000496, 0.000285, 0.000282
1324, 0.000493, 0.000287, 0.000284
1325, 0.000494, 0.000295, 0.000291
1326, 0.000496, 0.000289, 0.000285
1327, 0.000493, 0.000285, 0.000282
1328, 0.000497, 0.000299, 0.000296
1329, 0.000494, 0.000286, 0.000283
1330, 0.000494, 0.000292, 0.000289
1331, 0.000492, 0.000295, 0.000291
1332, 0.000496, 0.000284, 0.000280
1333, 0.000492, 0.000304, 0.000299
1334, 0.000494, 0.000280, 0.000278
1335, 0.000495, 0.000301, 0.000296
1336, 0.000494, 0.000283, 0.000280
1337, 0.000494, 0.000293, 0.000290
1338, 0.000496, 0.000288, 0.000284
1339, 0.000492, 0.000288, 0.000284
1340, 0.000493, 0.000295, 0.000291
1341, 0.000493, 0.000279, 0.000274
1342, 0.000498, 0.000305, 0.000300
1343, 0.000494, 0.000284, 0.000281
1344, 0.000495, 0.000291, 0.000287
1345, 0.000493, 0.000288, 0.000285
1346, 0.000492, 0.000290, 0.000287
1347, 0.000493, 0.000288, 0.000283
1348, 0.000492, 0.000291, 0.000288
1349, 0.000493, 0.000286, 0.000283
1350, 0.000491, 0.000291, 0.000287
1351, 0.000491, 0.000289, 0.000285
1352, 0.000491, 0.000288, 0.000285
1353, 0.000492, 0.000298, 0.000292
1354, 0.000495, 0.000279, 0.000277
1355, 0.000494, 0.000317, 0.000313
1356, 0.000498, 0.000275, 0.000272
1357, 0.000497, 0.000313, 0.000309
1358, 0.000496, 0.000276, 0.000273
1359, 0.000492, 0.000295, 0.000292
1360, 0.000490, 0.000291, 0.000288
1361, 0.000491, 0.000274, 0.000271
1362, 0.000494, 0.000319, 0.000315
1363, 0.000496, 0.000271, 0.000269
1364, 0.000498, 0.000319, 0.000314
1365, 0.000499, 0.000276, 0.000275
1366, 0.000495, 0.000304, 0.000299
1367, 0.000493, 0.000278, 0.000276
1368, 0.000492, 0.000291, 0.000289
1369, 0.000493, 0.000292, 0.000288
1370, 0.000492, 0.000277, 0.000274
1371, 0.000488, 0.000301, 0.000297
1372, 0.000490, 0.000281, 0.000276
1373, 0.000488, 0.000289, 0.000284
1374, 0.000489, 0.000291, 0.000286
1375, 0.000489, 0.000281, 0.000277
1376, 0.000488, 0.000293, 0.000289
1377, 0.000488, 0.000277, 0.000275
1378, 0.000489, 0.000293, 0.000289
1379, 0.000489, 0.000284, 0.000281
1380, 0.000488, 0.000277, 0.000274
1381, 0.000486, 0.000297, 0.000292
1382, 0.000488, 0.000278, 0.000275
1383, 0.000487, 0.000295, 0.000291
1384, 0.000489, 0.000278, 0.000275
1385, 0.000488, 0.000283, 0.000279
1386, 0.000486, 0.000289, 0.000285
1387, 0.000489, 0.000278, 0.000273
1388, 0.000488, 0.000305, 0.000299
1389, 0.000489, 0.000275, 0.000272
1390, 0.000488, 0.000304, 0.000299
1391, 0.000488, 0.000276, 0.000273
1392, 0.000488, 0.000294, 0.000290
1393, 0.000485, 0.000276, 0.000272
1394, 0.000484, 0.000289, 0.000285
1395, 0.000485, 0.000288, 0.000284
1396, 0.000483, 0.000280, 0.000276
1397, 0.000486, 0.000292, 0.000288
1398, 0.000485, 0.000279, 0.000275
1399, 0.000486, 0.000293, 0.000288
1400, 0.000485, 0.000281, 0.000276
1401, 0.000483, 0.000282, 0.000277
1402, 0.000485, 0.000294, 0.000290
1403, 0.000486, 0.000276, 0.000273
1404, 0.000484, 0.000298, 0.000293
1405, 0.000486, 0.000275, 0.000273
1406, 0.000485, 0.000290, 0.000285
1407, 0.000483, 0.000285, 0.000281
1408, 0.000481, 0.000281, 0.000279
1409, 0.000486, 0.000306, 0.000300
1410, 0.000489, 0.000269, 0.000266
1411, 0.000488, 0.000324, 0.000319
1412, 0.000492, 0.000268, 0.000264
1413, 0.000491, 0.000298, 0.000293
1414, 0.000482, 0.000284, 0.000281
1415, 0.000485, 0.000272, 0.000268
1416, 0.000485, 0.000309, 0.000304
1417, 0.000487, 0.000269, 0.000267
1418, 0.000489, 0.000313, 0.000307
1419, 0.000491, 0.000276, 0.000273
1420, 0.000489, 0.000296, 0.000291
1421, 0.000481, 0.000283, 0.000278
1422, 0.000483, 0.000276, 0.000274
1423, 0.000485, 0.000305, 0.000299
1424, 0.000485, 0.000267, 0.000263
1425, 0.000486, 0.000303, 0.000299
1426, 0.000484, 0.000276, 0.000272
1427, 0.000478, 0.000277, 0.000272
1428, 0.000480, 0.000301, 0.000297
1429, 0.000483, 0.000267, 0.000263
1430, 0.000487, 0.000317, 0.000310
1431, 0.000489, 0.000269, 0.000268
1432, 0.000488, 0.000298, 0.000292
1433, 0.000484, 0.000281, 0.000277
1434, 0.000480, 0.000274, 0.000271
1435, 0.000484, 0.000310, 0.000305
1436, 0.000485, 0.000264, 0.000262
1437, 0.000492, 0.000330, 0.000324
1438, 0.000492, 0.000264, 0.000261
1439, 0.000488, 0.000291, 0.000286
1440, 0.000482, 0.000291, 0.000286
1441, 0.000479, 0.000265, 0.000262
1442, 0.000485, 0.000317, 0.000311
1443, 0.000488, 0.000265, 0.000263
1444, 0.000490, 0.000300, 0.000295
1445, 0.000482, 0.000274, 0.000270
1446, 0.000476, 0.000270, 0.000266
1447, 0.000481, 0.000312, 0.000307
1448, 0.000485, 0.000264, 0.000261
1449, 0.000488, 0.000306, 0.000301
1450, 0.000481, 0.000275, 0.000272
1451, 0.000479, 0.000268, 0.000265
1452, 0.000480, 0.000318, 0.000313
1453, 0.000487, 0.000264, 0.000261
1454, 0.000488, 0.000306, 0.000299
1455, 0.000482, 0.000274, 0.000271
1456, 0.000479, 0.000270, 0.000265
1457, 0.000477, 0.000293, 0.000288
1458, 0.000479, 0.000268, 0.000266
1459, 0.000483, 0.000303, 0.000297
1460, 0.000483, 0.000268, 0.000264
1461, 0.000476, 0.000278, 0.000275
1462, 0.000475, 0.000288, 0.000282
1463, 0.000477, 0.000263, 0.000259
1464, 0.000482, 0.000303, 0.000298
1465, 0.000481, 0.000267, 0.000262
1466, 0.000480, 0.000277, 0.000273
1467, 0.000476, 0.000291, 0.000286
1468, 0.000479, 0.000263, 0.000259
1469, 0.000482, 0.000310, 0.000305
1470, 0.000487, 0.000265, 0.000261
1471, 0.000481, 0.000285, 0.000280
1472, 0.000476, 0.000283, 0.000279
1473, 0.000476, 0.000270, 0.000265
1474, 0.000476, 0.000302, 0.000296
1475, 0.000482, 0.000263, 0.000260
1476, 0.000484, 0.000313, 0.000305
1477, 0.000485, 0.000264, 0.000260
1478, 0.000477, 0.000281, 0.000277
1479, 0.000476, 0.000290, 0.000284
1480, 0.000478, 0.000262, 0.000259
1481, 0.000479, 0.000310, 0.000305
1482, 0.000481, 0.000266, 0.000261
1483, 0.000476, 0.000271, 0.000267
1484, 0.000471, 0.000300, 0.000296
1485, 0.000479, 0.000262, 0.000258
1486, 0.000478, 0.000293, 0.000287
1487, 0.000473, 0.000277, 0.000273
1488, 0.000474, 0.000266, 0.000262
1489, 0.000473, 0.000286, 0.000279
1490, 0.000476, 0.000273, 0.000270
1491, 0.000473, 0.000272, 0.000267
1492, 0.000470, 0.000280, 0.000275
1493, 0.000471, 0.000274, 0.000271
1494, 0.000471, 0.000274, 0.000270
1495, 0.000470, 0.000279, 0.000275
1496, 0.000470, 0.000268, 0.000265
1497, 0.000475, 0.000292, 0.000287
1498, 0.000474, 0.000262, 0.000258
1499, 0.000472, 0.000289, 0.000284
1500, 0.000472, 0.000274, 0.000267
1501, 0.000470, 0.000270, 0.000265
1502, 0.000470, 0.000287, 0.000282
1503, 0.000470, 0.000268, 0.000262
1504, 0.000472, 0.000272, 0.000267
1505, 0.000468, 0.000284, 0.000280
1506, 0.000472, 0.000268, 0.000263
1507, 0.000470, 0.000277, 0.000272
1508, 0.000466, 0.000279, 0.000275
1509, 0.000469, 0.000268, 0.000263
1510, 0.000469, 0.000282, 0.000276
1511, 0.000468, 0.000272, 0.000268
1512, 0.000469, 0.000270, 0.000265
1513, 0.000468, 0.000279, 0.000273
1514, 0.000469, 0.000269, 0.000266
1515, 0.000470, 0.000278, 0.000272
1516, 0.000466, 0.000274, 0.000269
1517, 0.000467, 0.000270, 0.000266
1518, 0.000467, 0.000281, 0.000277
1519, 0.000466, 0.000269, 0.000264
1520, 0.000469, 0.000281, 0.000276
1521, 0.000467, 0.000270, 0.000266
1522, 0.000466, 0.000273, 0.000267
1523, 0.000466, 0.000277, 0.000272
1524, 0.000470, 0.000270, 0.000265
1525, 0.000467, 0.000277, 0.000271
1526, 0.000466, 0.000268, 0.000264
1527, 0.000469, 0.000287, 0.000281
1528, 0.000470, 0.000261, 0.000257
1529, 0.000468, 0.000282, 0.000277
1530, 0.000467, 0.000270, 0.000265
1531, 0.000467, 0.000267, 0.000264
1532, 0.000466, 0.000286, 0.000282
1533, 0.000466, 0.000266, 0.000261
1534, 0.000468, 0.000287, 0.000283
1535, 0.000466, 0.000268, 0.000263
1536, 0.000463, 0.000273, 0.000267
1537, 0.000466, 0.000286, 0.000281
1538, 0.000466, 0.000260, 0.000255
1539, 0.000464, 0.000290, 0.000282
1540, 0.000468, 0.000265, 0.000262
1541, 0.000468, 0.000282, 0.000276
1542, 0.000466, 0.000267, 0.000261
1543, 0.000463, 0.000275, 0.000271
1544, 0.000462, 0.000273, 0.000268
1545, 0.000465, 0.000268, 0.000263
1546, 0.000465, 0.000275, 0.000272
1547, 0.000464, 0.000275, 0.000271
1548, 0.000465, 0.000265, 0.000260
1549, 0.000462, 0.000294, 0.000290
1550, 0.000467, 0.000258, 0.000254
1551, 0.000468, 0.000294, 0.000288
1552, 0.000467, 0.000267, 0.000263
1553, 0.000463, 0.000266, 0.000261
1554, 0.000463, 0.000295, 0.000288
1555, 0.000467, 0.000257, 0.000254
1556, 0.000469, 0.000308, 0.000301
1557, 0.000473, 0.000259, 0.000254
1558, 0.000465, 0.000276, 0.000271
1559, 0.000461, 0.000273, 0.000268
1560, 0.000462, 0.000265, 0.000260
1561, 0.000461, 0.000275, 0.000269
1562, 0.000462, 0.000269, 0.000264
1563, 0.000459, 0.000266, 0.000261
1564, 0.000458, 0.000278, 0.000272
1565, 0.000458, 0.000260, 0.000254
1566, 0.000461, 0.000285, 0.000278
1567, 0.000466, 0.000263, 0.000258
1568, 0.000461, 0.000279, 0.000273
1569, 0.000461, 0.000265, 0.000260
1570, 0.000462, 0.000286, 0.000280
1571, 0.000462, 0.000259, 0.000255
1572, 0.000463, 0.000287, 0.000282
1573, 0.000462, 0.000259, 0.000256
1574, 0.000462, 0.000280, 0.000275
1575, 0.000458, 0.000263, 0.000258
1576, 0.000459, 0.000270, 0.000265
1577, 0.000459, 0.000271, 0.000265
1578, 0.000456, 0.000259, 0.000253
1579, 0.000463, 0.000291, 0.000285
1580, 0.000464, 0.000255, 0.000250
1581, 0.000463, 0.000287, 0.000280
1582, 0.000460, 0.000261, 0.000257
1583, 0.000462, 0.000282, 0.000276
1584, 0.000460, 0.000266, 0.000261
1585, 0.000458, 0.000263, 0.000258
1586, 0.000457, 0.000283, 0.000276
1587, 0.000460, 0.000262, 0.000256
1588, 0.000457, 0.000265, 0.000260
1589, 0.000458, 0.000296, 0.000289
1590, 0.000463, 0.000252, 0.000248
1591, 0.000468, 0.000327, 0.000320
1592, 0.000474, 0.000248, 0.000244
1593, 0.000473, 0.000297, 0.000291
1594, 0.000461, 0.000266, 0.000260
1595, 0.000456, 0.000252, 0.000247
1596, 0.000458, 0.000311, 0.000303
1597, 0.000466, 0.000249, 0.000245
1598, 0.000470, 0.000303, 0.000295
1599, 0.000465, 0.000253, 0.000247
1600, 0.000456, 0.000263, 0.000257
1601, 0.000456, 0.000284, 0.000278
1602, 0.000456, 0.000251, 0.000247
1603, 0.000462, 0.000299, 0.000292
1604, 0.000461, 0.000252, 0.000247
1605, 0.000456, 0.000265, 0.000260
1606, 0.000455, 0.000280, 0.000274
1607, 0.000455, 0.000247, 0.000242
1608, 0.000458, 0.000295, 0.000288
1609, 0.000460, 0.000256, 0.000252
1610, 0.000457, 0.000261, 0.000254
1611, 0.000453, 0.000279, 0.000272
1612, 0.000455, 0.000257, 0.000252
1613, 0.000454, 0.000266, 0.000260
1614, 0.000455, 0.000274, 0.000267
1615, 0.000452, 0.000255, 0.000251
1616, 0.000457, 0.000284, 0.000276
1617, 0.000455, 0.000252, 0.000247
1618, 0.000457, 0.000275, 0.000269
1619, 0.000454, 0.000263, 0.000257
1620, 0.000453, 0.000252, 0.000247
1621, 0.000455, 0.000306, 0.000298
1622, 0.000461, 0.000245, 0.000241
1623, 0.000463, 0.000290, 0.000282
1624, 0.000456, 0.000258, 0.000253
1625, 0.000453, 0.000253, 0.000248
1626, 0.000452, 0.000299, 0.000291
1627, 0.000457, 0.000248, 0.000244
1628, 0.000463, 0.000295, 0.000287
1629, 0.000459, 0.000250, 0.000244
1630, 0.000451, 0.000258, 0.000253
1631, 0.000453, 0.000281, 0.000273
1632, 0.000455, 0.000247, 0.000241
1633, 0.000456, 0.000288, 0.000281
1634, 0.000455, 0.000251, 0.000245
1635, 0.000450, 0.000261, 0.000254
1636, 0.000451, 0.000266, 0.000259
1637, 0.000450, 0.000254, 0.000248
1638, 0.000449, 0.000272, 0.000266
1639, 0.000449, 0.000257, 0.000251
1640, 0.000447, 0.000259, 0.000254
1641, 0.000450, 0.000265, 0.000258
1642, 0.000449, 0.000255, 0.000249
1643, 0.000447, 0.000259, 0.000253
1644, 0.000447, 0.000265, 0.000258
1645, 0.000448, 0.000257, 0.000251
1646, 0.000448, 0.000265, 0.000259
1647, 0.000446, 0.000252, 0.000246
1648, 0.000449, 0.000268, 0.000262
1649, 0.000447, 0.000259, 0.000253
1650, 0.000448, 0.000258, 0.000251
1651, 0.000453, 0.000267, 0.000261
1652, 0.000446, 0.000261, 0.000254
1653, 0.000447, 0.000258, 0.000251
1654, 0.000448, 0.000269, 0.000263
1655, 0.000447, 0.000256, 0.000250
1656, 0.000441, 0.000256, 0.000249
1657, 0.000449, 0.000273, 0.000267
1658, 0.000449, 0.000252, 0.000245
1659, 0.000447, 0.000267, 0.000259
1660, 0.000446, 0.000262, 0.000257
1661, 0.000448, 0.000257, 0.000251
1662, 0.000446, 0.000270, 0.000263
1663, 0.000446, 0.000257, 0.000252
1664, 0.000449, 0.000267, 0.000260
1665, 0.000443, 0.000253, 0.000247
1666, 0.000445, 0.000269, 0.000264
1667, 0.000447, 0.000255, 0.000248
1668, 0.000444, 0.000257, 0.000250
1669, 0.000444, 0.000263, 0.000256
1670, 0.000444, 0.000249, 0.000242
1671, 0.000447, 0.000277, 0.000268
1672, 0.000448, 0.000245, 0.000239
1673, 0.000446, 0.000291, 0.000282
1674, 0.000451, 0.000243, 0.000238
1675, 0.000449, 0.000283, 0.000275
1676, 0.000444, 0.000258, 0.000251
1677, 0.000440, 0.000246, 0.000240
1678, 0.000444, 0.000286, 0.000278
1679, 0.000446, 0.000241, 0.000236
1680, 0.000448, 0.000285, 0.000277
1681, 0.000446, 0.000250, 0.000243
1682, 0.000443, 0.000254, 0.000247
1683, 0.000439, 0.000279, 0.000271
1684, 0.000445, 0.000239, 0.000233
1685, 0.000449, 0.000294, 0.000285
1686, 0.000448, 0.000245, 0.000238
1687, 0.000443, 0.000257, 0.000250
1688, 0.000440, 0.000272, 0.000265
1689, 0.000441, 0.000244, 0.000238
1690, 0.000442, 0.000284, 0.000275
1691, 0.000444, 0.000247, 0.000241
1692, 0.000440, 0.000255, 0.000248
1693, 0.000439, 0.000279, 0.000270
1694, 0.000442, 0.000242, 0.000236
1695, 0.000443, 0.000281, 0.000271
1696, 0.000441, 0.000244, 0.000237
1697, 0.000442, 0.000262, 0.000254
1698, 0.000438, 0.000256, 0.000248
1699, 0.000439, 0.000246, 0.000240
1700, 0.000440, 0.000275, 0.000267
1701, 0.000440, 0.000244, 0.000237
1702, 0.000439, 0.000268, 0.000260
1703, 0.000440, 0.000255, 0.000248
1704, 0.000438, 0.000248, 0.000240
1705, 0.000436, 0.000270, 0.000261
1706, 0.000437, 0.000245, 0.000239
1707, 0.000438, 0.000268, 0.000259
1708, 0.000437, 0.000251, 0.000244
1709, 0.000436, 0.000253, 0.000246
1710, 0.000435, 0.000261, 0.000252
1711, 0.000435, 0.000248, 0.000241
1712, 0.000435, 0.000258, 0.000251
1713, 0.000437, 0.000257, 0.000249
1714, 0.000435, 0.000252, 0.000245
1715, 0.000434, 0.000261, 0.000255
1716, 0.000436, 0.000254, 0.000247
1717, 0.000435, 0.000243, 0.000237
1718, 0.000437, 0.000281, 0.000273
1719, 0.000439, 0.000236, 0.000229
1720, 0.000443, 0.000290, 0.000281
1721, 0.000443, 0.000238, 0.000232
1722, 0.000437, 0.000257, 0.000249
1723, 0.000435, 0.000264, 0.000256
1724, 0.000434, 0.000240, 0.000233
1725, 0.000439, 0.000282, 0.000273
1726, 0.000438, 0.000239, 0.000232
1727, 0.000435, 0.000265, 0.000258
1728, 0.000435, 0.000249, 0.000241
1729, 0.000432, 0.000253, 0.000246
1730, 0.000429, 0.000264, 0.000257
1731, 0.000434, 0.000243, 0.000236
1732, 0.000436, 0.000277, 0.000269
1733, 0.000438, 0.000239, 0.000232
1734, 0.000436, 0.000273, 0.000264
1735, 0.000432, 0.000243, 0.000235
1736, 0.000431, 0.000251, 0.000245
1737, 0.000433, 0.000266, 0.000257
1738, 0.000433, 0.000237, 0.000230
1739, 0.000435, 0.000275, 0.000267
1740, 0.000434, 0.000241, 0.000234
1741, 0.000433, 0.000258, 0.000249
1742, 0.000431, 0.000249, 0.000241
1743, 0.000432, 0.000257, 0.000249
1744, 0.000429, 0.000254, 0.000245
1745, 0.000432, 0.000255, 0.000248
1746, 0.000432, 0.000257, 0.000249
1747, 0.000428, 0.000243, 0.000235
1748, 0.000433, 0.000272, 0.000264
1749, 0.000434, 0.000242, 0.000233
1750, 0.000430, 0.000267, 0.000256
1751, 0.000431, 0.000248, 0.000241
1752, 0.000430, 0.000257, 0.000248
1753, 0.000430, 0.000250, 0.000242
1754, 0.000428, 0.000246, 0.000238
1755, 0.000429, 0.000261, 0.000252
1756, 0.000429, 0.000243, 0.000235
1757, 0.000430, 0.000263, 0.000254
1758, 0.000429, 0.000245, 0.000236
1759, 0.000429, 0.000253, 0.000246
1760, 0.000428, 0.000256, 0.000248
1761, 0.000429, 0.000240, 0.000232
1762, 0.000428, 0.000266, 0.000258
1763, 0.000428, 0.000242, 0.000233
1764, 0.000428, 0.000261, 0.000251
1765, 0.000426, 0.000246, 0.000238
1766, 0.000428, 0.000254, 0.000244
1767, 0.000426, 0.000260, 0.000251
1768, 0.000428, 0.000235, 0.000228
1769, 0.000431, 0.000278, 0.000268
1770, 0.000431, 0.000232, 0.000224
1771, 0.000427, 0.000259, 0.000251
1772, 0.000426, 0.000252, 0.000243
1773, 0.000424, 0.000237, 0.000229
1774, 0.000426, 0.000271, 0.000261
1775, 0.000428, 0.000232, 0.000224
1776, 0.000429, 0.000280, 0.000269
1777, 0.000429, 0.000233, 0.000225
1778, 0.000427, 0.000262, 0.000253
1779, 0.000425, 0.000250, 0.000241
1780, 0.000423, 0.000245, 0.000238
1781, 0.000424, 0.000259, 0.000251
1782, 0.000425, 0.000236, 0.000228
1783, 0.000427, 0.000270, 0.000261
1784, 0.000426, 0.000233, 0.000226
1785, 0.000426, 0.000260, 0.000249
1786, 0.000427, 0.000244, 0.000236
1787, 0.000423, 0.000242, 0.000233
1788, 0.000423, 0.000261, 0.000250
1789, 0.000424, 0.000229, 0.000221
1790, 0.000425, 0.000273, 0.000263
1791, 0.000424, 0.000236, 0.000228
1792, 0.000422, 0.000243, 0.000234
1793, 0.000421, 0.000269, 0.000260
1794, 0.000423, 0.000227, 0.000219
1795, 0.000428, 0.000280, 0.000269
1796, 0.000428, 0.000228, 0.000220
1797, 0.000425, 0.000259, 0.000249
1798, 0.000420, 0.000249, 0.000239
1799, 0.000420, 0.000236, 0.000227
1800, 0.000422, 0.000278, 0.000266
1801, 0.000425, 0.000228, 0.000220
1802, 0.000423, 0.000263, 0.000253
1803, 0.000421, 0.000243, 0.000233
1804, 0.000421, 0.000241, 0.000232
1805, 0.000419, 0.000255, 0.000244
1806, 0.000419, 0.000238, 0.000229
1807, 0.000419, 0.000248, 0.000239
1808, 0.000419, 0.000247, 0.000237
1809, 0.000418, 0.000234, 0.000226
1810, 0.000418, 0.000257, 0.000247
1811, 0.000418, 0.000241, 0.000232
1812, 0.000417, 0.000239, 0.000229
1813, 0.000419, 0.000247, 0.000239
1814, 0.000418, 0.000244, 0.000235
1815, 0.000417, 0.000240, 0.000231
1816, 0.000418, 0.000257, 0.000248
1817, 0.000419, 0.000235, 0.000226
1818, 0.000418, 0.000253, 0.000243
1819, 0.000417, 0.000242, 0.000234
1820, 0.000415, 0.000239, 0.000229
1821, 0.000416, 0.000246, 0.000236
1822, 0.000415, 0.000239, 0.000230
1823, 0.000415, 0.000252, 0.000242
1824, 0.000415, 0.000239, 0.000229
1825, 0.000414, 0.000248, 0.000238
1826, 0.000414, 0.000245, 0.000235
1827, 0.000412, 0.000242, 0.000232
1828, 0.000413, 0.000252, 0.000241
1829, 0.000414, 0.000243, 0.000233
1830, 0.000417, 0.000242, 0.000232
1831, 0.000414, 0.000257, 0.000247
1832, 0.000417, 0.000227, 0.000218
1833, 0.000416, 0.000269, 0.000259
1834, 0.000418, 0.000228, 0.000219
1835, 0.000414, 0.000245, 0.000236
1836, 0.000412, 0.000256, 0.000247
1837, 0.000414, 0.000219, 0.000209
1838, 0.000424, 0.000303, 0.000290
1839, 0.000427, 0.000219, 0.000211
1840, 0.000424, 0.000278, 0.000265
1841, 0.000417, 0.000232, 0.000222
1842, 0.000413, 0.000234, 0.000225
1843, 0.000413, 0.000283, 0.000271
1844, 0.000419, 0.000220, 0.000212
1845, 0.000427, 0.000300, 0.000288
1846, 0.000429, 0.000215, 0.000207
1847, 0.000426, 0.000278, 0.000268
1848, 0.000419, 0.000230, 0.000220
1849, 0.000411, 0.000233, 0.000224
1850, 0.000413, 0.000272, 0.000261
1851, 0.000417, 0.000218, 0.000209
1852, 0.000422, 0.000294, 0.000282
1853, 0.000429, 0.000220, 0.000212
1854, 0.000420, 0.000254, 0.000244
1855, 0.000414, 0.000242, 0.000232
1856, 0.000411, 0.000225, 0.000217
1857, 0.000414, 0.000269, 0.000256
1858, 0.000415, 0.000224, 0.000214
1859, 0.000412, 0.000244, 0.000234
1860, 0.000410, 0.000247, 0.000236
1861, 0.000411, 0.000223, 0.000213
1862, 0.000413, 0.000268, 0.000258
1863, 0.000414, 0.000220, 0.000210
1864, 0.000414, 0.000249, 0.000238
1865, 0.000410, 0.000238, 0.000229
1866, 0.000409, 0.000226, 0.000215
1867, 0.000412, 0.000254, 0.000243
1868, 0.000410, 0.000226, 0.000216
1869, 0.000407, 0.000238, 0.000226
1870, 0.000409, 0.000240, 0.000229
1871, 0.000408, 0.000231, 0.000222
1872, 0.000410, 0.000241, 0.000229
1873, 0.000406, 0.000233, 0.000223
1874, 0.000406, 0.000238, 0.000229
1875, 0.000407, 0.000238, 0.000226
1876, 0.000406, 0.000230, 0.000220
1877, 0.000406, 0.000245, 0.000233
1878, 0.000407, 0.000221, 0.000210
1879, 0.000408, 0.000262, 0.000249
1880, 0.000410, 0.000218, 0.000209
1881, 0.000408, 0.000257, 0.000244
1882, 0.000405, 0.000226, 0.000215
1883, 0.000403, 0.000233, 0.000223
1884, 0.000403, 0.000239, 0.000227
1885, 0.000404, 0.000223, 0.000213
1886, 0.000405, 0.000247, 0.000236
1887, 0.000406, 0.000230, 0.000219
1888, 0.000403, 0.000225, 0.000215
1889, 0.000405, 0.000260, 0.000249
1890, 0.000406, 0.000218, 0.000207
1891, 0.000407, 0.000248, 0.000236
1892, 0.000403, 0.000230, 0.000219
1893, 0.000404, 0.000236, 0.000224
1894, 0.000404, 0.000231, 0.000220
1895, 0.000401, 0.000239, 0.000229
1896, 0.000404, 0.000225, 0.000214
1897, 0.000401, 0.000241, 0.000230
1898, 0.000403, 0.000229, 0.000218
1899, 0.000400, 0.000233, 0.000222
1900, 0.000400, 0.000236, 0.000226
1901, 0.000399, 0.000222, 0.000212
1902, 0.000401, 0.000252, 0.000240
1903, 0.000403, 0.000222, 0.000212
1904, 0.000402, 0.000242, 0.000230
1905, 0.000401, 0.000225, 0.000214
1906, 0.000399, 0.000238, 0.000227
1907, 0.000400, 0.000232, 0.000221
1908, 0.000397, 0.000225, 0.000214
1909, 0.000400, 0.000251, 0.000239
1910, 0.000401, 0.000218, 0.000207
1911, 0.000402, 0.000253, 0.000240
1912, 0.000401, 0.000223, 0.000212
1913, 0.000401, 0.000234, 0.000222
1914, 0.000398, 0.000242, 0.000230
1915, 0.000398, 0.000218, 0.000207
1916, 0.000400, 0.000252, 0.000239
1917, 0.000401, 0.000215, 0.000203
1918, 0.000400, 0.000246, 0.000233
1919, 0.000398, 0.000236, 0.000224
1920, 0.000398, 0.000217, 0.000206
1921, 0.000399, 0.000261, 0.000248
1922, 0.000402, 0.000212, 0.000202
1923, 0.000403, 0.000264, 0.000251
1924, 0.000402, 0.000214, 0.000204
1925, 0.000403, 0.000254, 0.000242
1926, 0.000400, 0.000223, 0.000212
1927, 0.000399, 0.000240, 0.000229
1928, 0.000394, 0.000222, 0.000210
1929, 0.000395, 0.000239, 0.000226
1930, 0.000396, 0.000225, 0.000214
1931, 0.000397, 0.000226, 0.000215
1932, 0.000396, 0.000247, 0.000234
1933, 0.000398, 0.000219, 0.000208
1934, 0.000398, 0.000240, 0.000228
1935, 0.000397, 0.000228, 0.000217
1936, 0.000394, 0.000224, 0.000214
1937, 0.000393, 0.000236, 0.000224
1938, 0.000394, 0.000224, 0.000212
1939, 0.000395, 0.000230, 0.000219
1940, 0.000394, 0.000230, 0.000218
1941, 0.000393, 0.000228, 0.000216
1942, 0.000392, 0.000236, 0.000224
1943, 0.000394, 0.000229, 0.000217
1944, 0.000392, 0.000221, 0.000209
1945, 0.000393, 0.000246, 0.000233
1946, 0.000397, 0.000214, 0.000203
1947, 0.000393, 0.000248, 0.000237
1948, 0.000392, 0.000221, 0.000210
1949, 0.000394, 0.000225, 0.000214
1950, 0.000393, 0.000249, 0.000238
1951, 0.000394, 0.000208, 0.000198
1952, 0.000398, 0.000274, 0.000260
1953, 0.000402, 0.000204, 0.000194
1954, 0.000405, 0.000272, 0.000259
1955, 0.000399, 0.000215, 0.000203
1956, 0.000392, 0.000225, 0.000213
1957, 0.000392, 0.000255, 0.000242
1958, 0.000394, 0.000205, 0.000194
1959, 0.000397, 0.000270, 0.000256
1960, 0.000398, 0.000207, 0.000196
1961, 0.000396, 0.000249, 0.000235
1962, 0.000390, 0.000220, 0.000208
1963, 0.000389, 0.000217, 0.000204
1964, 0.000391, 0.000257, 0.000242
1965, 0.000395, 0.000206, 0.000194
1966, 0.000397, 0.000252, 0.000238
1967, 0.000392, 0.000218, 0.000206
1968, 0.000389, 0.000216, 0.000204
1969, 0.000393, 0.000260, 0.000247
1970, 0.000395, 0.000203, 0.000193
1971, 0.000396, 0.000257, 0.000244
1972, 0.000392, 0.000221, 0.000209
1973, 0.000387, 0.000212, 0.000200
1974, 0.000390, 0.000260, 0.000246
1975, 0.000395, 0.000202, 0.000190
1976, 0.000397, 0.000266, 0.000253
1977, 0.000396, 0.000204, 0.000192
1978, 0.000391, 0.000239, 0.000226
1979, 0.000389, 0.000226, 0.000214
1980, 0.000386, 0.000209, 0.000197
1981, 0.000389, 0.000251, 0.000238
1982, 0.000392, 0.000207, 0.000196
1983, 0.000388, 0.000230, 0.000217
1984, 0.000387, 0.000226, 0.000214
1985, 0.000386, 0.000211, 0.000200
1986, 0.000387, 0.000240, 0.000227
1987, 0.000385, 0.000213, 0.000202
1988, 0.000387, 0.000230, 0.000219
1989, 0.000385, 0.000221, 0.000209
1990, 0.000387, 0.000221, 0.000209
1991, 0.000386, 0.000229, 0.000217
1992, 0.000383, 0.000218, 0.000205
1993, 0.000385, 0.000226, 0.000212
1994, 0.000385, 0.000230, 0.000216
1995, 0.000386, 0.000214, 0.000202
1996, 0.000386, 0.000233, 0.000219
1997, 0.000385, 0.000213, 0.000201
1998, 0.000384, 0.000232, 0.000219
1999, 0.000386, 0.000215, 0.000202
2000, 0.000383, 0.000220, 0.000208
2001, 0.000381, 0.000234, 0.000220
2002, 0.000383, 0.000208, 0.000196
2003, 0.000386, 0.000240, 0.000225
2004, 0.000384, 0.000213, 0.000200
2005, 0.000382, 0.000219, 0.000206
2006, 0.000381, 0.000230, 0.000217
2007, 0.000382, 0.000211, 0.000199
2008, 0.000382, 0.000236, 0.000223
2009, 0.000382, 0.000211, 0.000199
2010, 0.000385, 0.000229, 0.000216
2011, 0.000383, 0.000223, 0.000210
2012, 0.000382, 0.000214, 0.000201
2013, 0.000384, 0.000241, 0.000227
2014, 0.000383, 0.000207, 0.000193
2015, 0.000384, 0.000247, 0.000233
2016, 0.000382, 0.000211, 0.000198
2017, 0.000383, 0.000228, 0.000214
2018, 0.000381, 0.000230, 0.000217
2019, 0.000381, 0.000206, 0.000193
2020, 0.000381, 0.000250, 0.000235
2021, 0.000386, 0.000196, 0.000184
2022, 0.000388, 0.000266, 0.000250
2023, 0.000388, 0.000201, 0.000189
2024, 0.000386, 0.000229, 0.000216
2025, 0.000378, 0.000232, 0.000220
2026, 0.000379, 0.000204, 0.000192
2027, 0.000383, 0.000252, 0.000238
2028, 0.000385, 0.000195, 0.000184
2029, 0.000394, 0.000275, 0.000260
2030, 0.000392, 0.000197, 0.000186
2031, 0.000388, 0.000250, 0.000236
2032, 0.000382, 0.000211, 0.000197
2033, 0.000377, 0.000214, 0.000201
2034, 0.000376, 0.000233, 0.000220
2035, 0.000380, 0.000202, 0.000190
2036, 0.000379, 0.000241, 0.000227
2037, 0.000379, 0.000204, 0.000192
2038, 0.000379, 0.000239, 0.000225
2039, 0.000380, 0.000205, 0.000192
2040, 0.000380, 0.000229, 0.000214
2041, 0.000378, 0.000209, 0.000196
2042, 0.000377, 0.000218, 0.000204
2043, 0.000374, 0.000223, 0.000208
2044, 0.000377, 0.000209, 0.000196
2045, 0.000376, 0.000225, 0.000211
2046, 0.000374, 0.000213, 0.000200
2047, 0.000376, 0.000214, 0.000201
2048, 0.000376, 0.000231, 0.000218
2049, 0.000377, 0.000198, 0.000186
2050, 0.000375, 0.000245, 0.000230
2051, 0.000377, 0.000199, 0.000187
2052, 0.000377, 0.000230, 0.000215
2053, 0.000373, 0.000213, 0.000199
2054, 0.000375, 0.000218, 0.000204
2055, 0.000373, 0.000212, 0.000198
2056, 0.000373, 0.000221, 0.000206
2057, 0.000376, 0.000209, 0.000195
2058, 0.000374, 0.000232, 0.000217
2059, 0.000377, 0.000205, 0.000191
2060, 0.000376, 0.000233, 0.000218
2061, 0.000374, 0.000208, 0.000194
2062, 0.000373, 0.000219, 0.000205
2063, 0.000372, 0.000216, 0.000202
2064, 0.000371, 0.000210, 0.000196
2065, 0.000370, 0.000223, 0.000209
2066, 0.000370, 0.000210, 0.000196
2067, 0.000375, 0.000223, 0.000209
2068, 0.000374, 0.000214, 0.000200
2069, 0.000372, 0.000219, 0.000203
2070, 0.000370, 0.000210, 0.000196
2071, 0.000372, 0.000227, 0.000213
2072, 0.000374, 0.000208, 0.000194
2073, 0.000372, 0.000226, 0.000212
2074, 0.000371, 0.000215, 0.000203
2075, 0.000372, 0.000215, 0.000201
2076, 0.000372, 0.000228, 0.000214
2077, 0.000373, 0.000206, 0.000193
2078, 0.000374, 0.000225, 0.000210
2079, 0.000371, 0.000212, 0.000197
2080, 0.000369, 0.000212, 0.000198
2081, 0.000368, 0.000234, 0.000218
2082, 0.000370, 0.000198, 0.000184
2083, 0.000373, 0.000249, 0.000233
2084, 0.000376, 0.000199, 0.000185
2085, 0.000373, 0.000230, 0.000216
2086, 0.000371, 0.000216, 0.000203
2087, 0.000370, 0.000206, 0.000193
2088, 0.000368, 0.000227, 0.000214
2089, 0.000369, 0.000208, 0.000194
2090, 0.000367, 0.000224, 0.000210
2091, 0.000368, 0.000203, 0.000190
2092, 0.000368, 0.000225, 0.000210
2093, 0.000367, 0.000204, 0.000190
2094, 0.000367, 0.000219, 0.000205
2095, 0.000366, 0.000214, 0.000199
2096, 0.000366, 0.000210, 0.000195
2097, 0.000367, 0.000222, 0.000208
2098, 0.000366, 0.000206, 0.000192
2099, 0.000368, 0.000218, 0.000203
2100, 0.000367, 0.000217, 0.000203
2101, 0.000366, 0.000209, 0.000194
2102, 0.000367, 0.000238, 0.000223
2103, 0.000368, 0.000191, 0.000178
2104, 0.000372, 0.000263, 0.000245
2105, 0.000377, 0.000191, 0.000179
2106, 0.000375, 0.000252, 0.000236
2107, 0.000370, 0.000197, 0.000183
2108, 0.000367, 0.000218, 0.000203
2109, 0.000364, 0.000223, 0.000208
2110, 0.000367, 0.000201, 0.000187
2111, 0.000366, 0.000227, 0.000212
2112, 0.000366, 0.000203, 0.000188
2113, 0.000366, 0.000225, 0.000209
2114, 0.000365, 0.000208, 0.000193
2115, 0.000366, 0.000221, 0.000205
2116, 0.000364, 0.000214, 0.000199
2117, 0.000361, 0.000212, 0.000198
2118, 0.000365, 0.000218, 0.000203
2119, 0.000363, 0.000214, 0.000199
2120, 0.000363, 0.000210, 0.000195
2121, 0.000362, 0.000222, 0.000207
2122, 0.000360, 0.000206, 0.000191
2123, 0.000365, 0.000210, 0.000196
2124, 0.000362, 0.000211, 0.000197
2125, 0.000361, 0.000202, 0.000187
2126, 0.000363, 0.000225, 0.000209
2127, 0.000363, 0.000199, 0.000185
2128, 0.000362, 0.000232, 0.000217
2129, 0.000365, 0.000204, 0.000188
2130, 0.000362, 0.000228, 0.000211
2131, 0.000363, 0.000207, 0.000193
2132, 0.000364, 0.000217, 0.000202
2133, 0.000363, 0.000214, 0.000199
2134, 0.000360, 0.000208, 0.000194
2135, 0.000360, 0.000219, 0.000204
2136, 0.000359, 0.000202, 0.000187
2137, 0.000362, 0.000224, 0.000209
2138, 0.000361, 0.000200, 0.000185
2139, 0.000361, 0.000217, 0.000201
2140, 0.000359, 0.000228, 0.000213
2141, 0.000364, 0.000191, 0.000176
2142, 0.000366, 0.000270, 0.000252
2143, 0.000370, 0.000184, 0.000171
2144, 0.000372, 0.000272, 0.000255
2145, 0.000373, 0.000190, 0.000177
2146, 0.000369, 0.000240, 0.000225
2147, 0.000360, 0.000205, 0.000190
2148, 0.000359, 0.000204, 0.000190
2149, 0.000358, 0.000223, 0.000208
2150, 0.000358, 0.000197, 0.000183
2151, 0.000362, 0.000223, 0.000207
2152, 0.000358, 0.000204, 0.000189
2153, 0.000358, 0.000210, 0.000194
2154, 0.000358, 0.000213, 0.000198
2155, 0.000357, 0.000208, 0.000193
2156, 0.000355, 0.000208, 0.000193
2157, 0.000357, 0.000213, 0.000199
2158, 0.000358, 0.000200, 0.000186
2159, 0.000357, 0.000221, 0.000206
2160, 0.000357, 0.000200, 0.000185
2161, 0.000357, 0.000224, 0.000208
2162, 0.000360, 0.000196, 0.000182
2163, 0.000357, 0.000227, 0.000211
2164, 0.000358, 0.000204, 0.000188
2165, 0.000359, 0.000217, 0.000202
2166, 0.000355, 0.000203, 0.000188
2167, 0.000355, 0.000229, 0.000213
2168, 0.000361, 0.000194, 0.000180
2169, 0.000359, 0.000238, 0.000221
2170, 0.000359, 0.000194, 0.000179
2171, 0.000361, 0.000234, 0.000219
2172, 0.000358, 0.000194, 0.000180
2173, 0.000358, 0.000234, 0.000218
2174, 0.000358, 0.000193, 0.000179
2175, 0.000357, 0.000226, 0.000211
2176, 0.000356, 0.000198, 0.000184
2177, 0.000357, 0.000220, 0.000204
2178, 0.000352, 0.000201, 0.000186
2179, 0.000352, 0.000213, 0.000198
2180, 0.000355, 0.000206, 0.000190
2181, 0.000353, 0.000214, 0.000198
2182, 0.000355, 0.000204, 0.000188
2183, 0.000352, 0.000215, 0.000198
2184, 0.000354, 0.000197, 0.000182
2185, 0.000354, 0.000226, 0.000210
2186, 0.000353, 0.000196, 0.000181
2187, 0.000353, 0.000225, 0.000210
2188, 0.000353, 0.000202, 0.000187
2189, 0.000352, 0.000203, 0.000188
2190, 0.000352, 0.000222, 0.000207
2191, 0.000352, 0.000194, 0.000179
2192, 0.000353, 0.000232, 0.000215
2193, 0.000355, 0.000192, 0.000177
2194, 0.000356, 0.000222, 0.000206
2195, 0.000353, 0.000200, 0.000184
2196, 0.000352, 0.000215, 0.000199
2197, 0.000349, 0.000218, 0.000202
2198, 0.000352, 0.000190, 0.000175
2199, 0.000355, 0.000241, 0.000224
2200, 0.000356, 0.000184, 0.000169
2201, 0.000357, 0.000247, 0.000230
2202, 0.000359, 0.000185, 0.000170
2203, 0.000355, 0.000240, 0.000224
2204, 0.000353, 0.000192, 0.000178
2205, 0.000353, 0.000216, 0.000200
2206, 0.000351, 0.000218, 0.000202
2207, 0.000349, 0.000186, 0.000171
2208, 0.000354, 0.000266, 0.000248
2209, 0.000360, 0.000176, 0.000162
2210, 0.000362, 0.000263, 0.000245
2211, 0.000359, 0.000183, 0.000168
2212, 0.000355, 0.000214, 0.000197
2213, 0.000352, 0.000217, 0.000201
2214, 0.000349, 0.000185, 0.000171
2215, 0.000352, 0.000250, 0.000232
2216, 0.000357, 0.000175, 0.000161
2217, 0.000357, 0.000243, 0.000226
2218, 0.000354, 0.000195, 0.000180
2219, 0.000349, 0.000200, 0.000184
2220, 0.000348, 0.000231, 0.000214
2221, 0.000350, 0.000183, 0.000167
2222, 0.000353, 0.000241, 0.000223
2223, 0.000354, 0.000187, 0.000172
2224, 0.000353, 0.000228, 0.000211
2225, 0.000350, 0.000200, 0.000185
2226, 0.000347, 0.000197, 0.000182
2227, 0.000347, 0.000220, 0.000203
2228, 0.000348, 0.000186, 0.000170
2229, 0.000351, 0.000230, 0.000212
2230, 0.000349, 0.000185, 0.000169
2231, 0.000350, 0.000226, 0.000207
2232, 0.000348, 0.000192, 0.000177
2233, 0.000348, 0.000209, 0.000193
2234, 0.000346, 0.000207, 0.000190
2235, 0.000347, 0.000192, 0.000177
2236, 0.000348, 0.000231, 0.000215
2237, 0.000348, 0.000183, 0.000168
2238, 0.000350, 0.000238, 0.000221
2239, 0.000351, 0.000185, 0.000170
2240, 0.000350, 0.000215, 0.000198
2241, 0.000346, 0.000207, 0.000191
2242, 0.000343, 0.000188, 0.000173
2243, 0.000346, 0.000230, 0.000212
2244, 0.000347, 0.000188, 0.000173
2245, 0.000347, 0.000209, 0.000193
2246, 0.000344, 0.000215, 0.000199
2247, 0.000345, 0.000180, 0.000164
2248, 0.000348, 0.000255, 0.000237
2249, 0.000353, 0.000175, 0.000161
2250, 0.000354, 0.000239, 0.000222
2251, 0.000347, 0.000185, 0.000170
2252, 0.000348, 0.000220, 0.000204
2253, 0.000343, 0.000196, 0.000181
2254, 0.000343, 0.000199, 0.000183
2255, 0.000342, 0.000215, 0.000200
2256, 0.000342, 0.000187, 0.000172
2257, 0.000343, 0.000218, 0.000201
2258, 0.000341, 0.000197, 0.000181
2259, 0.000342, 0.000207, 0.000191
2260, 0.000342, 0.000200, 0.000184
2261, 0.000342, 0.000209, 0.000193
2262, 0.000340, 0.000198, 0.000182
2263, 0.000344, 0.000204, 0.000187
2264, 0.000340, 0.000191, 0.000176
2265, 0.000343, 0.000224, 0.000207
2266, 0.000342, 0.000191, 0.000175
2267, 0.000339, 0.000201, 0.000185
2268, 0.000340, 0.000209, 0.000192
2269, 0.000339, 0.000187, 0.000172
2270, 0.000342, 0.000224, 0.000206
2271, 0.000342, 0.000194, 0.000177
2272, 0.000339, 0.000211, 0.000194
2273, 0.000339, 0.000199, 0.000183
2274, 0.000339, 0.000199, 0.000182
2275, 0.000338, 0.000202, 0.000185
2276, 0.000340, 0.000204, 0.000187
2277, 0.000339, 0.000207, 0.000189
2278, 0.000339, 0.000205, 0.000189
2279, 0.000340, 0.000197, 0.000181
2280, 0.000338, 0.000206, 0.000190
2281, 0.000339, 0.000205, 0.000189
2282, 0.000337, 0.000190, 0.000175
2283, 0.000338, 0.000230, 0.000214
2284, 0.000340, 0.000185, 0.000170
2285, 0.000341, 0.000232, 0.000214
2286, 0.000342, 0.000185, 0.000170
2287, 0.000342, 0.000218, 0.000201
2288, 0.000338, 0.000200, 0.000183
2289, 0.000340, 0.000207, 0.000190
2290, 0.000338, 0.000209, 0.000191
2291, 0.000336, 0.000197, 0.000180
2292, 0.000337, 0.000209, 0.000192
2293, 0.000337, 0.000192, 0.000175
2294, 0.000337, 0.000216, 0.000199
2295, 0.000336, 0.000199, 0.000184
2296, 0.000338, 0.000203, 0.000187
2297, 0.000335, 0.000211, 0.000194
2298, 0.000339, 0.000194, 0.000178
2299, 0.000338, 0.000217, 0.000200
2300, 0.000336, 0.000190, 0.000174
2301, 0.000336, 0.000211, 0.000194
2302, 0.000336, 0.000204, 0.000187
2303, 0.000336, 0.000206, 0.000189
2304, 0.000336, 0.000196, 0.000179
2305, 0.000335, 0.000215, 0.000197
2306, 0.000337, 0.000211, 0.000195
2307, 0.000338, 0.000185, 0.000169
2308, 0.000338, 0.000264, 0.000245
2309, 0.000346, 0.000169, 0.000155
2310, 0.000350, 0.000280, 0.000262
2311, 0.000353, 0.000167, 0.000151
2312, 0.000352, 0.000269, 0.000251
2313, 0.000352, 0.000173, 0.000158
2314, 0.000342, 0.000227, 0.000209
2315, 0.000336, 0.000203, 0.000187
2316, 0.000335, 0.000182, 0.000167
2317, 0.000336, 0.000246, 0.000227
2318, 0.000342, 0.000168, 0.000154
2319, 0.000347, 0.000275, 0.000257
2320, 0.000351, 0.000170, 0.000155
2321, 0.000347, 0.000235, 0.000218
2322, 0.000338, 0.000190, 0.000174
2323, 0.000332, 0.000189, 0.000172
2324, 0.000336, 0.000227, 0.000209
2325, 0.000335, 0.000181, 0.000165
2326, 0.000334, 0.000218, 0.000198
2327, 0.000333, 0.000186, 0.000170
2328, 0.000334, 0.000210, 0.000193
2329, 0.000331, 0.000189, 0.000173
2330, 0.000332, 0.000200, 0.000184
2331, 0.000331, 0.000198, 0.000182
2332, 0.000332, 0.000185, 0.000169
2333, 0.000331, 0.000220, 0.000202
2334, 0.000334, 0.000182, 0.000166
2335, 0.000330, 0.000221, 0.000202
2336, 0.000333, 0.000184, 0.000167
2337, 0.000334, 0.000213, 0.000195
2338, 0.000334, 0.000191, 0.000174
2339, 0.000328, 0.000200, 0.000184
2340, 0.000329, 0.000202, 0.000186
2341, 0.000326, 0.000187, 0.000171
2342, 0.000331, 0.000224, 0.000207
2343, 0.000333, 0.000174, 0.000158
2344, 0.000334, 0.000241, 0.000221
2345, 0.000336, 0.000174, 0.000158
2346, 0.000333, 0.000214, 0.000196
2347, 0.000329, 0.000202, 0.000184
2348, 0.000328, 0.000183, 0.000165
2349, 0.000329, 0.000225, 0.000207
2350, 0.000331, 0.000176, 0.000159
2351, 0.000332, 0.000230, 0.000211
2352, 0.000333, 0.000174, 0.000159
2353, 0.000335, 0.000230, 0.000212
2354, 0.000332, 0.000176, 0.000160
2355, 0.000330, 0.000231, 0.000213
2356, 0.000333, 0.000178, 0.000161
2357, 0.000329, 0.000206, 0.000188
2358, 0.000326, 0.000198, 0.000180
2359, 0.000325, 0.000197, 0.000179
2360, 0.000328, 0.000196, 0.000179
2361, 0.000325, 0.000213, 0.000195
2362, 0.000327, 0.000178, 0.000162
2363, 0.000329, 0.000231, 0.000212
2364, 0.000330, 0.000176, 0.000160
2365, 0.000327, 0.000214, 0.000196
2366, 0.000327, 0.000187, 0.000170
2367, 0.000326, 0.000199, 0.000181
2368, 0.000324, 0.000199, 0.000181
2369, 0.000323, 0.000194, 0.000177
2370, 0.000326, 0.000202, 0.000183
2371, 0.000325, 0.000190, 0.000173
2372, 0.000325, 0.000204, 0.000187
2373, 0.000325, 0.000187, 0.000169
2374, 0.000325, 0.000214, 0.000196
2375, 0.000325, 0.000193, 0.000176
2376, 0.000325, 0.000195, 0.000178
2377, 0.000323, 0.000216, 0.000198
2378, 0.000324, 0.000181, 0.000164
2379, 0.000325, 0.000217, 0.000198
2380, 0.000325, 0.000182, 0.000165
2381, 0.000326, 0.000221, 0.000203
2382, 0.000321, 0.000189, 0.000172
2383, 0.000323, 0.000195, 0.000178
2384, 0.000324, 0.000214, 0.000195
2385, 0.000323, 0.000184, 0.000166
2386, 0.000323, 0.000225, 0.000205
2387, 0.000326, 0.000173, 0.000156
2388, 0.000329, 0.000228, 0.000209
2389, 0.000324, 0.000186, 0.000169
2390, 0.000325, 0.000202, 0.000184
2391, 0.000322, 0.000213, 0.000195
2392, 0.000322, 0.000180, 0.000165
2393, 0.000324, 0.000238, 0.000219
2394, 0.000328, 0.000177, 0.000160
2395, 0.000327, 0.000237, 0.000219
2396, 0.000328, 0.000175, 0.000159
2397, 0.000325, 0.000230, 0.000211
2398, 0.000326, 0.000178, 0.000163
2399, 0.000328, 0.000211, 0.000193
2400, 0.000321, 0.000210, 0.000192
2401, 0.000319, 0.000177, 0.000161
2402, 0.000324, 0.000229, 0.000210
2403, 0.000323, 0.000183, 0.000166
2404, 0.000325, 0.000214, 0.000198
2405, 0.000323, 0.000189, 0.000172
2406, 0.000319, 0.000214, 0.000197
2407, 0.000320, 0.000185, 0.000169
2408, 0.000320, 0.000213, 0.000196
2409, 0.000321, 0.000185, 0.000168
2410, 0.000317, 0.000204, 0.000187
2411, 0.000319, 0.000202, 0.000185
2412, 0.000319, 0.000182, 0.000166
2413, 0.000319, 0.000219, 0.000202
2414, 0.000322, 0.000184, 0.000168
2415, 0.000320, 0.000201, 0.000185
2416, 0.000318, 0.000208, 0.000191
2417, 0.000317, 0.000183, 0.000168
2418, 0.000319, 0.000225, 0.000208
2419, 0.000318, 0.000176, 0.000160
2420, 0.000317, 0.000214, 0.000197
2421, 0.000317, 0.000198, 0.000180
2422, 0.000316, 0.000182, 0.000164
2423, 0.000320, 0.000233, 0.000213
2424, 0.000322, 0.000174, 0.000158
2425, 0.000321, 0.000235, 0.000215
2426, 0.000322, 0.000172, 0.000156
2427, 0.000322, 0.000238, 0.000220
2428, 0.000323, 0.000177, 0.000161
2429, 0.000319, 0.000213, 0.000195
2430, 0.000314, 0.000201, 0.000184
2431, 0.000316, 0.000187, 0.000170
2432, 0.000317, 0.000226, 0.000208
2433, 0.000316, 0.000176, 0.000161
2434, 0.000321, 0.000224, 0.000205
2435, 0.000318, 0.000198, 0.000180
2436, 0.000314, 0.000187, 0.000171
2437, 0.000315, 0.000219, 0.000200
2438, 0.000317, 0.000180, 0.000164
2439, 0.000316, 0.000221, 0.000203
2440, 0.000318, 0.000174, 0.000158
2441, 0.000318, 0.000229, 0.000211
2442, 0.000318, 0.000181, 0.000165
2443, 0.000316, 0.000203, 0.000185
2444, 0.000314, 0.000201, 0.000183
2445, 0.000315, 0.000190, 0.000172
2446, 0.000312, 0.000211, 0.000193
2447, 0.000315, 0.000182, 0.000165
2448, 0.000312, 0.000216, 0.000198
2449, 0.000316, 0.000181, 0.000164
2450, 0.000313, 0.000216, 0.000198
2451, 0.000313, 0.000190, 0.000172
2452, 0.000314, 0.000200, 0.000183
2453, 0.000312, 0.000201, 0.000184
2454, 0.000311, 0.000186, 0.000169
2455, 0.000313, 0.000224, 0.000206
2456, 0.000314, 0.000170, 0.000154
2457, 0.000315, 0.000256, 0.000237
2458, 0.000321, 0.000159, 0.000144
2459, 0.000325, 0.000261, 0.000241
2460, 0.000323, 0.000164, 0.000147
2461, 0.000321, 0.000240, 0.000220
2462, 0.000315, 0.000181, 0.000164
2463, 0.000311, 0.000184, 0.000166
2464, 0.000312, 0.000242, 0.000222
2465, 0.000317, 0.000160, 0.000145
2466, 0.000325, 0.000292, 0.000270
2467, 0.000333, 0.000157, 0.000142
2468, 0.000337, 0.000283, 0.000263
2469, 0.000332, 0.000162, 0.000146
2470, 0.000321, 0.000219, 0.000201
2471, 0.000313, 0.000207, 0.000190
2472, 0.000310, 0.000162, 0.000146
2473, 0.000318, 0.000272, 0.000253
2474, 0.000327, 0.000158, 0.000142
2475, 0.000323, 0.000238, 0.000219
2476, 0.000316, 0.000187, 0.000170
2477, 0.000312, 0.000170, 0.000154
2478, 0.000313, 0.000250, 0.000230
2479, 0.000320, 0.000161, 0.000145
2480, 0.000322, 0.000238, 0.000218
2481, 0.000317, 0.000180, 0.000163
2482, 0.000311, 0.000178, 0.000161
2483, 0.000311, 0.000238, 0.000219
2484, 0.000315, 0.000161, 0.000145
2485, 0.000320, 0.000224, 0.000205
2486, 0.000312, 0.000189, 0.000172
2487, 0.000306, 0.000175, 0.000159
2488, 0.000309, 0.000223, 0.000205
2489, 0.000311, 0.000170, 0.000154
2490, 0.000309, 0.000195, 0.000178
2491, 0.000307, 0.000210, 0.000192
2492, 0.000306, 0.000170, 0.000154
2493, 0.000312, 0.000229, 0.000210
2494, 0.000311, 0.000171, 0.000154
2495, 0.000306, 0.000197, 0.000179
2496, 0.000309, 0.000191, 0.000173
2497, 0.000306, 0.000182, 0.000165
2498, 0.000303, 0.000195, 0.000177
2499, 0.000306, 0.000187, 0.000169
2500, 0.000303, 0.000187, 0.000170
2501, 0.000306, 0.000195, 0.000178
2502, 0.000305, 0.000180, 0.000163
2503, 0.000305, 0.000208, 0.000191
2504, 0.000306, 0.000177, 0.000161
2505, 0.000306, 0.000208, 0.000189
2506, 0.000307, 0.000177, 0.000161
2507, 0.000307, 0.000197, 0.000179
2508, 0.000303, 0.000185, 0.000167
2509, 0.000305, 0.000193, 0.000177
2510, 0.000304, 0.000190, 0.000173
2511, 0.000303, 0.000197, 0.000179
2512, 0.000302, 0.000183, 0.000166
2513, 0.000306, 0.000199, 0.000181
2514, 0.000305, 0.000189, 0.000171
2515, 0.000304, 0.000199, 0.000182
2516, 0.000302, 0.000185, 0.000168
2517, 0.000302, 0.000195, 0.000178
2518, 0.000301, 0.000185, 0.000169
2519, 0.000302, 0.000192, 0.000176
2520, 0.000300, 0.000185, 0.000168
2521, 0.000302, 0.000210, 0.000192
2522, 0.000303, 0.000179, 0.000162
2523, 0.000301, 0.000198, 0.000180
2524, 0.000301, 0.000209, 0.000190
2525, 0.000301, 0.000163, 0.000147
2526, 0.000303, 0.000235, 0.000215
2527, 0.000306, 0.000169, 0.000153
2528, 0.000303, 0.000199, 0.000182
2529, 0.000299, 0.000197, 0.000180
2530, 0.000299, 0.000177, 0.000160
2531, 0.000301, 0.000213, 0.000195
2532, 0.000299, 0.000177, 0.000160
2533, 0.000301, 0.000209, 0.000190
2534, 0.000299, 0.000175, 0.000158
2535, 0.000300, 0.000213, 0.000194
2536, 0.000301, 0.000172, 0.000155
2537, 0.000301, 0.000220, 0.000202
2538, 0.000299, 0.000177, 0.000160
2539, 0.000298, 0.000198, 0.000180
2540, 0.000299, 0.000199, 0.000181
2541, 0.000298, 0.000178, 0.000161
2542, 0.000298, 0.000229, 0.000211
2543, 0.000301, 0.000165, 0.000148
2544, 0.000302, 0.000224, 0.000205
2545, 0.000300, 0.000175, 0.000158
2546, 0.000296, 0.000186, 0.000168
2547, 0.000296, 0.000206, 0.000188
2548, 0.000295, 0.000177, 0.000160
2549, 0.000295, 0.000192, 0.000175
2550, 0.000296, 0.000210, 0.000192
2551, 0.000296, 0.000166, 0.000150
2552, 0.000301, 0.000251, 0.000232
2553, 0.000306, 0.000154, 0.000138
2554, 0.000310, 0.000260, 0.000240
2555, 0.000307, 0.000160, 0.000144
2556, 0.000302, 0.000210, 0.000192
2557, 0.000296, 0.000197, 0.000180
2558, 0.000293, 0.000167, 0.000151
2559, 0.000298, 0.000235, 0.000216
2560, 0.000300, 0.000162, 0.000146
2561, 0.000297, 0.000211, 0.000192
2562, 0.000294, 0.000190, 0.000173
2563, 0.000292, 0.000171, 0.000155
2564, 0.000296, 0.000235, 0.000216
2565, 0.000297, 0.000161, 0.000145
2566, 0.000298, 0.000227, 0.000210
2567, 0.000299, 0.000176, 0.000160
2568, 0.000294, 0.000184, 0.000167
2569, 0.000293, 0.000214, 0.000196
2570, 0.000295, 0.000164, 0.000147
2571, 0.000301, 0.000233, 0.000212
2572, 0.000297, 0.000173, 0.000155
2573, 0.000293, 0.000194, 0.000175
2574, 0.000291, 0.000215, 0.000196
2575, 0.000293, 0.000159, 0.000143
2576, 0.000297, 0.000239, 0.000220
2577, 0.000299, 0.000159, 0.000144
2578, 0.000296, 0.000215, 0.000198
2579, 0.000294, 0.000187, 0.000170
2580, 0.000290, 0.000180, 0.000163
2581, 0.000289, 0.000202, 0.000185
2582, 0.000290, 0.000175, 0.000158
2583, 0.000289, 0.000199, 0.000181
2584, 0.000288, 0.000184, 0.000167
2585, 0.000288, 0.000186, 0.000169
2586, 0.000287, 0.000186, 0.000170
2587, 0.000289, 0.000197, 0.000180
2588, 0.000290, 0.000177, 0.000160
2589, 0.000290, 0.000215, 0.000197
2590, 0.000293, 0.000162, 0.000146
2591, 0.000291, 0.000232, 0.000212
2592, 0.000294, 0.000165, 0.000148
2593, 0.000291, 0.000207, 0.000189
2594, 0.000289, 0.000192, 0.000174
2595, 0.000290, 0.000174, 0.000158
2596, 0.000291, 0.000225, 0.000206
2597, 0.000292, 0.000165, 0.000149
2598, 0.000291, 0.000208, 0.000192
2599, 0.000293, 0.000186, 0.000169
2600, 0.000286, 0.000184, 0.000167
2601, 0.000288, 0.000205, 0.000187
2602, 0.000287, 0.000174, 0.000156
2603, 0.000286, 0.000200, 0.000181
2604, 0.000285, 0.000183, 0.000166
2605, 0.000289, 0.000196, 0.000178
2606, 0.000283, 0.000190, 0.000173
2607, 0.000284, 0.000172, 0.000157
2608, 0.000285, 0.000214, 0.000196
2609, 0.000284, 0.000164, 0.000148
2610, 0.000287, 0.000210, 0.000193
2611, 0.000286, 0.000178, 0.000162
2612, 0.000285, 0.000178, 0.000162
2613, 0.000284, 0.000210, 0.000192
2614, 0.000284, 0.000169, 0.000153
2615, 0.000285, 0.000209, 0.000191
2616, 0.000284, 0.000182, 0.000165
2617, 0.000282, 0.000187, 0.000169
2618, 0.000284, 0.000191, 0.000173
2619, 0.000282, 0.000176, 0.000158
2620, 0.000282, 0.000200, 0.000180
2621, 0.000282, 0.000173, 0.000155
2622, 0.000281, 0.000207, 0.000188
2623, 0.000282, 0.000169, 0.000153
2624, 0.000283, 0.000211, 0.000193
2625, 0.000285, 0.000169, 0.000154
2626, 0.000283, 0.000204, 0.000188
2627, 0.000283, 0.000176, 0.000161
2628, 0.000283, 0.000203, 0.000187
2629, 0.000282, 0.000180, 0.000164
2630, 0.000280, 0.000180, 0.000165
2631, 0.000280, 0.000191, 0.000174
2632, 0.000280, 0.000176, 0.000160
2633, 0.000280, 0.000195, 0.000178
2634, 0.000281, 0.000184, 0.000168
2635, 0.000279, 0.000182, 0.000166
2636, 0.000279, 0.000201, 0.000184
2637, 0.000278, 0.000177, 0.000161
2638, 0.000280, 0.000197, 0.000179
2639, 0.000279, 0.000183, 0.000167
2640, 0.000278, 0.000195, 0.000178
2641, 0.000277, 0.000182, 0.000166
2642, 0.000275, 0.000184, 0.000168
2643, 0.000277, 0.000200, 0.000183
2644, 0.000276, 0.000168, 0.000153
2645, 0.000281, 0.000216, 0.000199
2646, 0.000281, 0.000160, 0.000145
2647, 0.000281, 0.000229, 0.000211
2648, 0.000280, 0.000165, 0.000149
2649, 0.000279, 0.000200, 0.000183
2650, 0.000277, 0.000204, 0.000186
2651, 0.000277, 0.000151, 0.000135
2652, 0.000286, 0.000297, 0.000275
2653, 0.000300, 0.000136, 0.000121
2654, 0.000314, 0.000343, 0.000319
2655, 0.000319, 0.000136, 0.000122
2656, 0.000312, 0.000270, 0.000249
2657, 0.000295, 0.000155, 0.000140
2658, 0.000279, 0.000181, 0.000164
2659, 0.000274, 0.000235, 0.000216
2660, 0.000282, 0.000139, 0.000125
2661, 0.000294, 0.000276, 0.000257
2662, 0.000295, 0.000146, 0.000132
2663, 0.000284, 0.000193, 0.000177
2664, 0.000275, 0.000211, 0.000194
2665, 0.000277, 0.000141, 0.000127
2666, 0.000286, 0.000252, 0.000234
2667, 0.000285, 0.000152, 0.000137
2668, 0.000279, 0.000193, 0.000175
2669, 0.000273, 0.000186, 0.000170
2670, 0.000271, 0.000155, 0.000139
2671, 0.000275, 0.000214, 0.000196
2672, 0.000275, 0.000155, 0.000140
2673, 0.000274, 0.000190, 0.000174
2674, 0.000273, 0.000184, 0.000168
2675, 0.000271, 0.000164, 0.000149
2676, 0.000273, 0.000207, 0.000190
2677, 0.000272, 0.000152, 0.000138
2678, 0.000276, 0.000198, 0.000182
2679, 0.000272, 0.000179, 0.000162
2680, 0.000269, 0.000154, 0.000139
2681, 0.000271, 0.000212, 0.000194
2682, 0.000276, 0.000156, 0.000139
2683, 0.000274, 0.000187, 0.000170
2684, 0.000269, 0.000188, 0.000172
2685, 0.000268, 0.000160, 0.000145
2686, 0.000271, 0.000202, 0.000185
2687, 0.000272, 0.000156, 0.000141
2688, 0.000271, 0.000189, 0.000173
2689, 0.000266, 0.000181, 0.000165
2690, 0.000268, 0.000157, 0.000142
2691, 0.000269, 0.000218, 0.000200
2692, 0.000271, 0.000151, 0.000136
2693, 0.000273, 0.000187, 0.000169
2694, 0.000269, 0.000184, 0.000167
2695, 0.000266, 0.000157, 0.000142
2696, 0.000267, 0.000215, 0.000197
2697, 0.000270, 0.000150, 0.000136
2698, 0.000272, 0.000216, 0.000198
2699, 0.000269, 0.000158, 0.000144
2700, 0.000268, 0.000177, 0.000161
2701, 0.000264, 0.000188, 0.000172
2702, 0.000264, 0.000160, 0.000145
2703, 0.000266, 0.000193, 0.000176
2704, 0.000265, 0.000170, 0.000155
2705, 0.000264, 0.000167, 0.000152
2706, 0.000265, 0.000196, 0.000179
2707, 0.000265, 0.000159, 0.000144
2708, 0.000265, 0.000185, 0.000169
2709, 0.000264, 0.000180, 0.000163
2710, 0.000265, 0.000160, 0.000144
2711, 0.000266, 0.000206, 0.000189
2712, 0.000267, 0.000150, 0.000136
2713, 0.000268, 0.000213, 0.000196
2714, 0.000268, 0.000154, 0.000141
2715, 0.000266, 0.000191, 0.000175
2716, 0.000260, 0.000186, 0.000170
2717, 0.000260, 0.000155, 0.000141
2718, 0.000266, 0.000215, 0.000198
2719, 0.000269, 0.000140, 0.000126
2720, 0.000271, 0.000237, 0.000219
2721, 0.000273, 0.000148, 0.000133
2722, 0.000266, 0.000197, 0.000179
2723, 0.000261, 0.000187, 0.000171
2724, 0.000261, 0.000151, 0.000136
2725, 0.000266, 0.000238, 0.000220
2726, 0.000271, 0.000139, 0.000126
2727, 0.000275, 0.000232, 0.000214
2728, 0.000272, 0.000150, 0.000136
2729, 0.000264, 0.000180, 0.000165
2730, 0.000261, 0.000202, 0.000185
2731, 0.000261, 0.000137, 0.000123
2732, 0.000268, 0.000246, 0.000229
2733, 0.000274, 0.000144, 0.000130
2734, 0.000265, 0.000188, 0.000174
2735, 0.000258, 0.000196, 0.000181
2736, 0.000260, 0.000141, 0.000127
2737, 0.000267, 0.000225, 0.000208
2738, 0.000265, 0.000147, 0.000132
2739, 0.000260, 0.000178, 0.000161
2740, 0.000257, 0.000192, 0.000174
2741, 0.000259, 0.000144, 0.000128
2742, 0.000262, 0.000220, 0.000202
2743, 0.000261, 0.000154, 0.000138
2744, 0.000258, 0.000173, 0.000157
2745, 0.000257, 0.000196, 0.000179
2746, 0.000256, 0.000141, 0.000127
2747, 0.000262, 0.000230, 0.000212
2748, 0.000265, 0.000140, 0.000126
2749, 0.000263, 0.000201, 0.000185
2750, 0.000258, 0.000166, 0.000152
2751, 0.000254, 0.000150, 0.000135
2752, 0.000259, 0.000232, 0.000215
2753, 0.000266, 0.000129, 0.000116
2754, 0.000266, 0.000222, 0.000204
2755, 0.000261, 0.000153, 0.000138
2756, 0.000252, 0.000159, 0.000143
2757, 0.000255, 0.000213, 0.000194
2758, 0.000258, 0.000132, 0.000118
2759, 0.000264, 0.000231, 0.000213
2760, 0.000261, 0.000148, 0.000133
2761, 0.000256, 0.000175, 0.000160
2762, 0.000251, 0.000182, 0.000167
2763, 0.000250, 0.000147, 0.000133
2764, 0.000253, 0.000187, 0.000172
2765, 0.000253, 0.000166, 0.000151
2766, 0.000252, 0.000153, 0.000139
2767, 0.000253, 0.000203, 0.000187
2768, 0.000255, 0.000137, 0.000125
2769, 0.000256, 0.000193, 0.000178
2770, 0.000252, 0.000161, 0.000147
2771, 0.000248, 0.000151, 0.000137
2772, 0.000251, 0.000202, 0.000185
2773, 0.000253, 0.000136, 0.000122
2774, 0.000254, 0.000210, 0.000192
2775, 0.000253, 0.000158, 0.000143
2776, 0.000247, 0.000144, 0.000131
2777, 0.000250, 0.000220, 0.000204
2778, 0.000256, 0.000133, 0.000121
2779, 0.000256, 0.000195, 0.000180
2780, 0.000250, 0.000169, 0.000155
2781, 0.000249, 0.000140, 0.000126
2782, 0.000250, 0.000232, 0.000215
2783, 0.000261, 0.000124, 0.000111
2784, 0.000264, 0.000224, 0.000207
2785, 0.000258, 0.000157, 0.000143
2786, 0.000246, 0.000141, 0.000127
2787, 0.000251, 0.000231, 0.000214
2788, 0.000258, 0.000126, 0.000113
2789, 0.000260, 0.000215, 0.000198
2790, 0.000253, 0.000147, 0.000133
2791, 0.000247, 0.000161, 0.000146
2792, 0.000245, 0.000196, 0.000180
2793, 0.000249, 0.000137, 0.000124
2794, 0.000249, 0.000194, 0.000180
2795, 0.000247, 0.000138, 0.000125
2796, 0.000246, 0.000184, 0.000170
2797, 0.000246, 0.000153, 0.000140
2798, 0.000244, 0.000159, 0.000145
2799, 0.000242, 0.000174, 0.000161
2800, 0.000243, 0.000144, 0.000131
2801, 0.000244, 0.000186, 0.000171
2802, 0.000244, 0.000148, 0.000135
2803, 0.000242, 0.000169, 0.000155
2804, 0.000241, 0.000161, 0.000147
2805, 0.000241, 0.000162, 0.000149
2806, 0.000242, 0.000168, 0.000155
2807, 0.000241, 0.000150, 0.000138
2808, 0.000241, 0.000190, 0.000176
2809, 0.000243, 0.000145, 0.000133
2810, 0.000240, 0.000165, 0.000152
2811, 0.000241, 0.000181, 0.000166
2812, 0.000240, 0.000131, 0.000118
2813, 0.000247, 0.000219, 0.000203
2814, 0.000248, 0.000136, 0.000123
2815, 0.000245, 0.000167, 0.000153
2816, 0.000241, 0.000185, 0.000171
2817, 0.000243, 0.000129, 0.000117
2818, 0.000247, 0.000220, 0.000205
2819, 0.000249, 0.000135, 0.000123
2820, 0.000243, 0.000167, 0.000154
2821, 0.000237, 0.000192, 0.000178
2822, 0.000240, 0.000130, 0.000118
2823, 0.000245, 0.000218, 0.000204
2824, 0.000246, 0.000135, 0.000124
2825, 0.000240, 0.000171, 0.000159
2826, 0.000236, 0.000188, 0.000175
2827, 0.000239, 0.000124, 0.000113
2828, 0.000244, 0.000221, 0.000206
2829, 0.000246, 0.000133, 0.000121
2830, 0.000243, 0.000173, 0.000158
2831, 0.000235, 0.000172, 0.000156
2832, 0.000237, 0.000137, 0.000124
2833, 0.000242, 0.000219, 0.000202
2834, 0.000245, 0.000128, 0.000116
2835, 0.000243, 0.000191, 0.000177
2836, 0.000238, 0.000160, 0.000147
2837, 0.000234, 0.000134, 0.000122
2838, 0.000236, 0.000207, 0.000194
2839, 0.000242, 0.000133, 0.000121
2840, 0.000237, 0.000162, 0.000150
2841, 0.000232, 0.000171, 0.000159
2842, 0.000235, 0.000136, 0.000124
2843, 0.000234, 0.000191, 0.000177
2844, 0.000236, 0.000146, 0.000133
2845, 0.000236, 0.000164, 0.000150
2846, 0.000231, 0.000163, 0.000150
2847, 0.000233, 0.000147, 0.000134
2848, 0.000232, 0.000184, 0.000169
2849, 0.000233, 0.000139, 0.000126
2850, 0.000233, 0.000170, 0.000156
2851, 0.000232, 0.000154, 0.000140
2852, 0.000229, 0.000153, 0.000139
2853, 0.000230, 0.000181, 0.000168
2854, 0.000233, 0.000131, 0.000119
2855, 0.000234, 0.000201, 0.000187
2856, 0.000236, 0.000135, 0.000124
2857, 0.000235, 0.000169, 0.000156
2858, 0.000231, 0.000171, 0.000158
2859, 0.000228, 0.000127, 0.000116
2860, 0.000235, 0.000208, 0.000194
2861, 0.000234, 0.000134, 0.000122
2862, 0.000231, 0.000159, 0.000146
2863, 0.000228, 0.000183, 0.000170
2864, 0.000229, 0.000125, 0.000114
2865, 0.000232, 0.000192, 0.000179
2866, 0.000232, 0.000135, 0.000123
2867, 0.000228, 0.000163, 0.000151
2868, 0.000227, 0.000158, 0.000145
2869, 0.000227, 0.000142, 0.000129
2870, 0.000226, 0.000171, 0.000157
2871, 0.000224, 0.000152, 0.000139
2872, 0.000225, 0.000144, 0.000132
2873, 0.000224, 0.000190, 0.000177
2874, 0.000228, 0.000123, 0.000113
2875, 0.000232, 0.000215, 0.000201
2876, 0.000233, 0.000123, 0.000112
2877, 0.000231, 0.000187, 0.000174
2878, 0.000226, 0.000152, 0.000139
2879, 0.000223, 0.000136, 0.000124
2880, 0.000225, 0.000180, 0.000167
2881, 0.000226, 0.000141, 0.000129
2882, 0.000224, 0.000155, 0.000142
2883, 0.000223, 0.000164, 0.000151
2884, 0.000222, 0.000148, 0.000135
2885, 0.000223, 0.000154, 0.000141
2886, 0.000221, 0.000165, 0.000152
2887, 0.000222, 0.000147, 0.000134
2888, 0.000221, 0.000164, 0.000151
2889, 0.000221, 0.000142, 0.000130
2890, 0.000221, 0.000170, 0.000157
2891, 0.000223, 0.000133, 0.000122
2892, 0.000223, 0.000177, 0.000162
2893, 0.000221, 0.000142, 0.000130
2894, 0.000220, 0.000153, 0.000141
2895, 0.000218, 0.000155, 0.000142
2896, 0.000217, 0.000155, 0.000144
2897, 0.000220, 0.000140, 0.000129
2898, 0.000220, 0.000176, 0.000164
2899, 0.000219, 0.000135, 0.000125
2900, 0.000221, 0.000177, 0.000164
2901, 0.000221, 0.000148, 0.000137
2902, 0.000218, 0.000151, 0.000141
2903, 0.000222, 0.000171, 0.000158
2904, 0.000222, 0.000140, 0.000129
2905, 0.000219, 0.000165, 0.000153
2906, 0.000219, 0.000144, 0.000132
2907, 0.000217, 0.000152, 0.000141
2908, 0.000218, 0.000159, 0.000148
2909, 0.000214, 0.000155, 0.000144
2910, 0.000216, 0.000152, 0.000143
2911, 0.000215, 0.000153, 0.000143
2912, 0.000213, 0.000153, 0.000143
2913, 0.000215, 0.000145, 0.000135
2914, 0.000217, 0.000168, 0.000157
2915, 0.000215, 0.000132, 0.000122
2916, 0.000215, 0.000173, 0.000161
2917, 0.000215, 0.000133, 0.000123
2918, 0.000216, 0.000172, 0.000161
2919, 0.000214, 0.000135, 0.000124
2920, 0.000215, 0.000165, 0.000152
2921, 0.000214, 0.000157, 0.000145
2922, 0.000211, 0.000138, 0.000126
2923, 0.000215, 0.000183, 0.000169
2924, 0.000215, 0.000131, 0.000121
2925, 0.000217, 0.000177, 0.000165
2926, 0.000212, 0.000143, 0.000132
2927, 0.000211, 0.000147, 0.000137
2928, 0.000213, 0.000184, 0.000172
2929, 0.000216, 0.000112, 0.000103
2930, 0.000223, 0.000254, 0.000240
2931, 0.000235, 0.000101, 0.000091
2932, 0.000250, 0.000307, 0.000292
2933, 0.000260, 0.000101, 0.000092
2934, 0.000255, 0.000272, 0.000257
2935, 0.000240, 0.000113, 0.000104
2936, 0.000230, 0.000172, 0.000159
2937, 0.000218, 0.000175, 0.000164
2938, 0.000214, 0.000111, 0.000101
2939, 0.000220, 0.000222, 0.000208
2940, 0.000228, 0.000123, 0.000115
2941, 0.000226, 0.000167, 0.000155
2942, 0.000212, 0.000167, 0.000155
2943, 0.000212, 0.000123, 0.000116
2944, 0.000221, 0.000184, 0.000172
2945, 0.000214, 0.000128, 0.000118
2946, 0.000210, 0.000141, 0.000131
2947, 0.000211, 0.000174, 0.000162
2948, 0.000214, 0.000107, 0.000097
2949, 0.000218, 0.000220, 0.000207
2950, 0.000227, 0.000108, 0.000098
2951, 0.000222, 0.000185, 0.000172
2952, 0.000213, 0.000132, 0.000123
2953, 0.000206, 0.000135, 0.000124
2954, 0.000207, 0.000176, 0.000165
2955, 0.000209, 0.000117, 0.000108
2956, 0.000210, 0.000156, 0.000144
2957, 0.000206, 0.000145, 0.000135
2958, 0.000204, 0.000123, 0.000113
2959, 0.000207, 0.000168, 0.000156
2960, 0.000206, 0.000128, 0.000118
2961, 0.000204, 0.000132, 0.000122
2962, 0.000204, 0.000179, 0.000168
2963, 0.000208, 0.000106, 0.000097
2964, 0.000212, 0.000189, 0.000177
2965, 0.000209, 0.000131, 0.000122
2966, 0.000202, 0.000116, 0.000107
2967, 0.000207, 0.000214, 0.000201
2968, 0.000218, 0.000097, 0.000088
2969, 0.000223, 0.000209, 0.000194
2970, 0.000216, 0.000123, 0.000113
2971, 0.000205, 0.000130, 0.000119
2972, 0.000202, 0.000180, 0.000168
2973, 0.000208, 0.000108, 0.000099
2974, 0.000212, 0.000182, 0.000170
2975, 0.000208, 0.000118, 0.000109
2976, 0.000202, 0.000139, 0.000130
2977, 0.000200, 0.000172, 0.000161
2978, 0.000203, 0.000103, 0.000094
2979, 0.000211, 0.000209, 0.000197
2980, 0.000212, 0.000110, 0.000101
2981, 0.000205, 0.000135, 0.000125
2982, 0.000199, 0.000193, 0.000180
2983, 0.000208, 0.000096, 0.000087
2984, 0.000217, 0.000205, 0.000193
2985, 0.000211, 0.000118, 0.000108
2986, 0.000201, 0.000119, 0.000109
2987, 0.000200, 0.000192, 0.000179
2988, 0.000207, 0.000105, 0.000095
2989, 0.000205, 0.000166, 0.000154
2990, 0.000201, 0.000131, 0.000121
2991, 0.000197, 0.000128, 0.000118
2992, 0.000197, 0.000150, 0.000140
2993, 0.000198, 0.000126, 0.000117
2994, 0.000198, 0.000144, 0.000133
2995, 0.000198, 0.000138, 0.000128
2996, 0.000197, 0.000126, 0.000117
2997, 0.000197, 0.000149, 0.000139
2998, 0.000197, 0.000131, 0.000121
2999, 0.000194, 0.000130, 0.000121
3000, 0.000196, 0.000154, 0.000143
3001, 0.000197, 0.000116, 0.000106
3002, 0.000198, 0.000153, 0.000142
3003, 0.000194, 0.000143, 0.000132
3004, 0.000194, 0.000113, 0.000104
3005, 0.000197, 0.000187, 0.000175
3006, 0.000202, 0.000104, 0.000095
3007, 0.000203, 0.000163, 0.000152
3008, 0.000198, 0.000133, 0.000123
3009, 0.000195, 0.000123, 0.000113
3010, 0.000195, 0.000156, 0.000145
3011, 0.000195, 0.000120, 0.000111
3012, 0.000193, 0.000134, 0.000124
3013, 0.000193, 0.000147, 0.000137
3014, 0.000193, 0.000122, 0.000113
3015, 0.000193, 0.000144, 0.000133
3016, 0.000192, 0.000141, 0.000130
3017, 0.000192, 0.000130, 0.000120
3018, 0.000191, 0.000134, 0.000124
3019, 0.000191, 0.000135, 0.000125
3020, 0.000191, 0.000138, 0.000128
3021, 0.000192, 0.000127, 0.000118
3022, 0.000192, 0.000151, 0.000141
3023, 0.000191, 0.000117, 0.000109
3024, 0.000192, 0.000144, 0.000136
3025, 0.000192, 0.000125, 0.000117
3026, 0.000191, 0.000149, 0.000140
3027, 0.000191, 0.000115, 0.000108
3028, 0.000191, 0.000155, 0.000145
3029, 0.000191, 0.000128, 0.000119
3030, 0.000190, 0.000136, 0.000126
3031, 0.000190, 0.000141, 0.000131
3032, 0.000188, 0.000124, 0.000114
3033, 0.000188, 0.000147, 0.000137
3034, 0.000191, 0.000125, 0.000115
3035, 0.000190, 0.000151, 0.000141
3036, 0.000190, 0.000117, 0.000108
3037, 0.000191, 0.000144, 0.000135
3038, 0.000190, 0.000132, 0.000122
3039, 0.000186, 0.000123, 0.000114
3040, 0.000188, 0.000159, 0.000149
3041, 0.000189, 0.000104, 0.000097
3042, 0.000192, 0.000180, 0.000171
3043, 0.000192, 0.000104, 0.000097
3044, 0.000190, 0.000146, 0.000137
3045, 0.000186, 0.000144, 0.000134
3046, 0.000185, 0.000102, 0.000094
3047, 0.000192, 0.000197, 0.000185
3048, 0.000195, 0.000096, 0.000088
3049, 0.000195, 0.000182, 0.000171
3050, 0.000191, 0.000115, 0.000107
3051, 0.000188, 0.000134, 0.000126
3052, 0.000185, 0.000153, 0.000144
3053, 0.000188, 0.000096, 0.000088
3054, 0.000193, 0.000216, 0.000204
3055, 0.000200, 0.000088, 0.000081
3056, 0.000199, 0.000186, 0.000176
3057, 0.000192, 0.000121, 0.000113
3058, 0.000183, 0.000108, 0.000101
3059, 0.000187, 0.000200, 0.000189
3060, 0.000196, 0.000086, 0.000079
3061, 0.000202, 0.000208, 0.000196
3062, 0.000199, 0.000100, 0.000093
3063, 0.000187, 0.000137, 0.000129
3064, 0.000182, 0.000153, 0.000143
3065, 0.000187, 0.000091, 0.000084
3066, 0.000194, 0.000203, 0.000193
3067, 0.000195, 0.000094, 0.000087
3068, 0.000190, 0.000135, 0.000126
3069, 0.000180, 0.000161, 0.000151
3070, 0.000184, 0.000095, 0.000087
3071, 0.000188, 0.000188, 0.000177
3072, 0.000192, 0.000092, 0.000084
3073, 0.000192, 0.000167, 0.000157
3074, 0.000184, 0.000113, 0.000105
3075, 0.000182, 0.000126, 0.000117
3076, 0.000181, 0.000149, 0.000140
3077, 0.000182, 0.000100, 0.000092
3078, 0.000186, 0.000162, 0.000152
3079, 0.000186, 0.000103, 0.000096
3080, 0.000183, 0.000141, 0.000132
3081, 0.000181, 0.000128, 0.000121
3082, 0.000179, 0.000107, 0.000099
3083, 0.000179, 0.000163, 0.000153
3084, 0.000183, 0.000100, 0.000093
3085, 0.000182, 0.000150, 0.000140
3086, 0.000181, 0.000117, 0.000109
3087, 0.000177, 0.000111, 0.000104
3088, 0.000178, 0.000163, 0.000153
3089, 0.000183, 0.000100, 0.000094
3090, 0.000184, 0.000165, 0.000155
3091, 0.000185, 0.000097, 0.000090
3092, 0.000183, 0.000160, 0.000152
3093, 0.000181, 0.000110, 0.000103
3094, 0.000178, 0.000126, 0.000119
3095, 0.000178, 0.000143, 0.000135
3096, 0.000178, 0.000099, 0.000092
3097, 0.000179, 0.000163, 0.000154
3098, 0.000182, 0.000100, 0.000093
3099, 0.000179, 0.000136, 0.000127
3100, 0.000176, 0.000128, 0.000119
3101, 0.000174, 0.000113, 0.000105
3102, 0.000176, 0.000142, 0.000133
3103, 0.000175, 0.000113, 0.000106
3104, 0.000174, 0.000134, 0.000125
3105, 0.000175, 0.000121, 0.000114
3106, 0.000175, 0.000133, 0.000125
3107, 0.000173, 0.000114, 0.000106
3108, 0.000174, 0.000138, 0.000129
3109, 0.000174, 0.000117, 0.000108
3110, 0.000173, 0.000124, 0.000116
3111, 0.000172, 0.000121, 0.000113
3112, 0.000175, 0.000114, 0.000106
3113, 0.000173, 0.000140, 0.000131
3114, 0.000174, 0.000112, 0.000104
3115, 0.000175, 0.000142, 0.000133
3116, 0.000174, 0.000104, 0.000097
3117, 0.000173, 0.000154, 0.000146
3118, 0.000176, 0.000097, 0.000091
3119, 0.000176, 0.000147, 0.000139
3120, 0.000174, 0.000111, 0.000104
3121, 0.000172, 0.000116, 0.000108
3122, 0.000173, 0.000144, 0.000135
3123, 0.000174, 0.000097, 0.000090
3124, 0.000176, 0.000162, 0.000152
3125, 0.000176, 0.000095, 0.000088
3126, 0.000174, 0.000143, 0.000134
3127, 0.000172, 0.000132, 0.000123
3128, 0.000170, 0.000104, 0.000097
3129, 0.000174, 0.000176, 0.000166
3130, 0.000181, 0.000082, 0.000076
3131, 0.000183, 0.000189, 0.000178
3132, 0.000181, 0.000092, 0.000085
3133, 0.000175, 0.000138, 0.000129
3134, 0.000172, 0.000129, 0.000121
3135, 0.000169, 0.000090, 0.000083
3136, 0.000172, 0.000170, 0.000161
3137, 0.000178, 0.000086, 0.000081
3138, 0.000176, 0.000161, 0.000153
3139, 0.000174, 0.000103, 0.000096
3140, 0.000170, 0.000124, 0.000116
3141, 0.000167, 0.000127, 0.000119
3142, 0.000167, 0.000106, 0.000098
3143, 0.000169, 0.000147, 0.000139
3144, 0.000169, 0.000095, 0.000088
3145, 0.000171, 0.000154, 0.000146
3146, 0.000171, 0.000094, 0.000088
3147, 0.000170, 0.000139, 0.000132
3148, 0.000166, 0.000114, 0.000107
3149, 0.000167, 0.000105, 0.000098
3150, 0.000167, 0.000151, 0.000142
3151, 0.000169, 0.000098, 0.000091
3152, 0.000169, 0.000134, 0.000125
3153, 0.000167, 0.000123, 0.000115
3154, 0.000165, 0.000114, 0.000106
3155, 0.000164, 0.000124, 0.000117
3156, 0.000165, 0.000111, 0.000104
3157, 0.000165, 0.000132, 0.000125
3158, 0.000167, 0.000112, 0.000104
3159, 0.000165, 0.000113, 0.000106
3160, 0.000166, 0.000130, 0.000123
3161, 0.000165, 0.000102, 0.000095
3162, 0.000166, 0.000123, 0.000116
3163, 0.000164, 0.000143, 0.000136
3164, 0.000166, 0.000084, 0.000078
3165, 0.000176, 0.000218, 0.000209
3166, 0.000189, 0.000070, 0.000064
3167, 0.000200, 0.000254, 0.000241
3168, 0.000203, 0.000070, 0.000065
3169, 0.000192, 0.000180, 0.000168
3170, 0.000178, 0.000105, 0.000099
3171, 0.000171, 0.000104, 0.000095
3172, 0.000166, 0.000157, 0.000147
3173, 0.000169, 0.000088, 0.000084
3174, 0.000173, 0.000145, 0.000138
3175, 0.000168, 0.000118, 0.000113
3176, 0.000163, 0.000088, 0.000083
3177, 0.000167, 0.000162, 0.000153
3178, 0.000171, 0.000089, 0.000084
3179, 0.000174, 0.000141, 0.000132
3180, 0.000166, 0.000105, 0.000097
3181, 0.000164, 0.000112, 0.000106
3182, 0.000165, 0.000127, 0.000119
3183, 0.000163, 0.000097, 0.000092
3184, 0.000164, 0.000141, 0.000133
3185, 0.000164, 0.000101, 0.000094
3186, 0.000164, 0.000129, 0.000121
3187, 0.000163, 0.000129, 0.000119
3188, 0.000163, 0.000085, 0.000079
3189, 0.000168, 0.000185, 0.000175
3190, 0.000175, 0.000081, 0.000075
3191, 0.000172, 0.000135, 0.000127
3192, 0.000162, 0.000121, 0.000114
3193, 0.000159, 0.000088, 0.000082
3194, 0.000167, 0.000157, 0.000150
3195, 0.000169, 0.000089, 0.000083
3196, 0.000164, 0.000129, 0.000122
3197, 0.000163, 0.000114, 0.000108
3198, 0.000162, 0.000107, 0.000100
3199, 0.000161, 0.000126, 0.000119
3200, 0.000161, 0.000101, 0.000095
3201, 0.000161, 0.000130, 0.000121
3202, 0.000163, 0.000098, 0.000092
3203, 0.000164, 0.000135, 0.000127
3204, 0.000160, 0.000097, 0.000089
3205, 0.000160, 0.000128, 0.000121
3206, 0.000163, 0.000109, 0.000102
3207, 0.000159, 0.000105, 0.000098
3208, 0.000159, 0.000137, 0.000130
3209, 0.000161, 0.000087, 0.000082
3210, 0.000163, 0.000144, 0.000138
3211, 0.000162, 0.000094, 0.000089
3212, 0.000159, 0.000116, 0.000108
3213, 0.000158, 0.000123, 0.000117
3214, 0.000160, 0.000089, 0.000084
3215, 0.000160, 0.000140, 0.000133
3216, 0.000159, 0.000094, 0.000089
3217, 0.000158, 0.000121, 0.000114
3218, 0.000158, 0.000118, 0.000112
3219, 0.000155, 0.000094, 0.000089
3220, 0.000157, 0.000141, 0.000133
3221, 0.000157, 0.000088, 0.000083
3222, 0.000158, 0.000135, 0.000128
3223, 0.000156, 0.000104, 0.000098
3224, 0.000155, 0.000097, 0.000092
3225, 0.000156, 0.000146, 0.000139
3226, 0.000158, 0.000081, 0.000076
3227, 0.000157, 0.000135, 0.000128
3228, 0.000156, 0.000107, 0.000100
3229, 0.000155, 0.000096, 0.000090
3230, 0.000155, 0.000133, 0.000126
3231, 0.000155, 0.000097, 0.000091
3232, 0.000154, 0.000120, 0.000115
3233, 0.000152, 0.000104, 0.000098
3234, 0.000154, 0.000118, 0.000113
3235, 0.000154, 0.000099, 0.000094
3236, 0.000153, 0.000121, 0.000114
3237, 0.000154, 0.000097, 0.000091
3238, 0.000155, 0.000122, 0.000115
3239, 0.000153, 0.000108, 0.000102
3240, 0.000152, 0.000103, 0.000097
3241, 0.000153, 0.000121, 0.000115
3242, 0.000152, 0.000106, 0.000100
3243, 0.000151, 0.000107, 0.000101
3244, 0.000154, 0.000118, 0.000110
3245, 0.000154, 0.000113, 0.000107
3246, 0.000153, 0.000096, 0.000090
3247, 0.000153, 0.000123, 0.000117
3248, 0.000153, 0.000095, 0.000090
3249, 0.000152, 0.000123, 0.000117
3250, 0.000153, 0.000110, 0.000105
3251, 0.000152, 0.000106, 0.000101
3252, 0.000151, 0.000117, 0.000110
3253, 0.000151, 0.000104, 0.000098
3254, 0.000152, 0.000112, 0.000105
3255, 0.000150, 0.000120, 0.000112
3256, 0.000151, 0.000093, 0.000088
3257, 0.000153, 0.000135, 0.000128
3258, 0.000154, 0.000087, 0.000082
3259, 0.000155, 0.000144, 0.000137
3260, 0.000153, 0.000085, 0.000079
3261, 0.000153, 0.000143, 0.000136
3262, 0.000154, 0.000085, 0.000079
3263, 0.000151, 0.000141, 0.000133
3264, 0.000153, 0.000090, 0.000084
3265, 0.000153, 0.000150, 0.000141
3266, 0.000156, 0.000078, 0.000073
3267, 0.000156, 0.000157, 0.000149
3268, 0.000157, 0.000077, 0.000072
3269, 0.000156, 0.000143, 0.000136
3270, 0.000153, 0.000093, 0.000087
3271, 0.000149, 0.000110, 0.000104
3272, 0.000149, 0.000126, 0.000120
3273, 0.000151, 0.000096, 0.000091
3274, 0.000148, 0.000115, 0.000109
3275, 0.000149, 0.000108, 0.000103
3276, 0.000151, 0.000100, 0.000094
3277, 0.000149, 0.000120, 0.000112
3278, 0.000147, 0.000107, 0.000100
3279, 0.000152, 0.000121, 0.000113
3280, 0.000151, 0.000097, 0.000092
3281, 0.000150, 0.000124, 0.000117
3282, 0.000149, 0.000098, 0.000092
3283, 0.000147, 0.000113, 0.000107
3284, 0.000149, 0.000111, 0.000104
3285, 0.000150, 0.000104, 0.000098
3286, 0.000148, 0.000119, 0.000112
3287, 0.000148, 0.000100, 0.000093
3288, 0.000148, 0.000117, 0.000111
3289, 0.000149, 0.000093, 0.000086
3290, 0.000148, 0.000124, 0.000117
3291, 0.000148, 0.000088, 0.000082
3292, 0.000150, 0.000139, 0.000131
3293, 0.000149, 0.000083, 0.000078
3294, 0.000149, 0.000138, 0.000130
3295, 0.000150, 0.000086, 0.000080
3296, 0.000150, 0.000156, 0.000147
3297, 0.000155, 0.000070, 0.000065
3298, 0.000160, 0.000195, 0.000186
3299, 0.000165, 0.000060, 0.000056
3300, 0.000169, 0.000192, 0.000183
3301, 0.000163, 0.000075, 0.000071
3302, 0.000150, 0.000111, 0.000104
3303, 0.000145, 0.000135, 0.000127
3304, 0.000149, 0.000071, 0.000067
3305, 0.000154, 0.000190, 0.000180
3306, 0.000164, 0.000065, 0.000062
3307, 0.000173, 0.000214, 0.000204
3308, 0.000172, 0.000064, 0.000060
3309, 0.000162, 0.000145, 0.000138
3310, 0.000150, 0.000109, 0.000103
3311, 0.000144, 0.000064, 0.000060
3312, 0.000157, 0.000221, 0.000211
3313, 0.000178, 0.000058, 0.000054
3314, 0.000186, 0.000243, 0.000232
3315, 0.000183, 0.000065, 0.000060
3316, 0.000163, 0.000125, 0.000119
3317, 0.000145, 0.000123, 0.000118
3318, 0.000146, 0.000063, 0.000060
3319, 0.000157, 0.000185, 0.000179
3320, 0.000161, 0.000071, 0.000066
3321, 0.000150, 0.000107, 0.000102
3322, 0.000144, 0.000120, 0.000112
3323, 0.000145, 0.000076, 0.000071
3324, 0.000147, 0.000135, 0.000126
3325, 0.000148, 0.000085, 0.000079
3326, 0.000144, 0.000101, 0.000094
3327, 0.000141, 0.000117, 0.000110
3328, 0.000144, 0.000075, 0.000070
3329, 0.000147, 0.000145, 0.000138
3330, 0.000149, 0.000069, 0.000065
3331, 0.000150, 0.000126, 0.000120
3332, 0.000144, 0.000101, 0.000096
3333, 0.000142, 0.000075, 0.000071
3334, 0.000147, 0.000143, 0.000135
3335, 0.000148, 0.000078, 0.000074
3336, 0.000144, 0.000097, 0.000091
3337, 0.000142, 0.000123, 0.000117
3338, 0.000142, 0.000067, 0.000063
3339, 0.000151, 0.000158, 0.000151
3340, 0.000149, 0.000076, 0.000072
3341, 0.000145, 0.000104, 0.000099
3342, 0.000141, 0.000101, 0.000095
3343, 0.000141, 0.000081, 0.000076
3344, 0.000139, 0.000120, 0.000113
3345, 0.000143, 0.000077, 0.000071
3346, 0.000143, 0.000111, 0.000105
3347, 0.000141, 0.000107, 0.000102
3348, 0.000140, 0.000081, 0.000077
3349, 0.000142, 0.000113, 0.000108
3350, 0.000141, 0.000093, 0.000089
3351, 0.000140, 0.000095, 0.000089
3352, 0.000140, 0.000111, 0.000105
3353, 0.000140, 0.000091, 0.000085
3354, 0.000138, 0.000096, 0.000090
3355, 0.000140, 0.000098, 0.000092
3356, 0.000140, 0.000090, 0.000085
3357, 0.000138, 0.000108, 0.000102
3358, 0.000139, 0.000089, 0.000083
3359, 0.000141, 0.000110, 0.000103
3360, 0.000139, 0.000090, 0.000084
3361, 0.000138, 0.000096, 0.000090
3362, 0.000140, 0.000097, 0.000092
3363, 0.000140, 0.000100, 0.000094
3364, 0.000139, 0.000095, 0.000090
3365, 0.000140, 0.000106, 0.000101
3366, 0.000140, 0.000083, 0.000078
3367, 0.000139, 0.000115, 0.000108
3368, 0.000140, 0.000098, 0.000092
3369, 0.000138, 0.000087, 0.000081
3370, 0.000138, 0.000119, 0.000113
3371, 0.000141, 0.000069, 0.000066
3372, 0.000142, 0.000131, 0.000127
3373, 0.000143, 0.000073, 0.000070
3374, 0.000140, 0.000110, 0.000105
3375, 0.000138, 0.000095, 0.000091
3376, 0.000138, 0.000094, 0.000089
3377, 0.000136, 0.000098, 0.000092
3378, 0.000137, 0.000103, 0.000096
3379, 0.000140, 0.000099, 0.000092
3380, 0.000136, 0.000092, 0.000087
3381, 0.000137, 0.000102, 0.000097
3382, 0.000138, 0.000091, 0.000087
3383, 0.000135, 0.000084, 0.000080
3384, 0.000137, 0.000117, 0.000111
3385, 0.000137, 0.000072, 0.000067
3386, 0.000141, 0.000128, 0.000120
3387, 0.000140, 0.000078, 0.000073
3388, 0.000137, 0.000121, 0.000114
3389, 0.000136, 0.000098, 0.000092
3390, 0.000136, 0.000079, 0.000075
3391, 0.000136, 0.000132, 0.000125
3392, 0.000140, 0.000068, 0.000064
3393, 0.000141, 0.000135, 0.000129
3394, 0.000143, 0.000081, 0.000076
3395, 0.000136, 0.000089, 0.000083
3396, 0.000134, 0.000129, 0.000124
3397, 0.000140, 0.000063, 0.000059
3398, 0.000148, 0.000164, 0.000158
3399, 0.000150, 0.000067, 0.000063
3400, 0.000148, 0.000138, 0.000132
3401, 0.000141, 0.000084, 0.000081
3402, 0.000141, 0.000103, 0.000098
3403, 0.000139, 0.000126, 0.000121
3404, 0.000140, 0.000057, 0.000055
3405, 0.000154, 0.000205, 0.000196
3406, 0.000169, 0.000068, 0.000067
3407, 0.000179, 0.000203, 0.000193
3408, 0.000170, 0.000068, 0.000066
3409, 0.000156, 0.000112, 0.000107
3410, 0.000136, 0.000116, 0.000109
3411, 0.000137, 0.000068, 0.000065
3412, 0.000145, 0.000132, 0.000125
3413, 0.000140, 0.000079, 0.000074
3414, 0.000135, 0.000090, 0.000086
3415, 0.000140, 0.000117, 0.000110
3416, 0.000138, 0.000066, 0.000062
3417, 0.000138, 0.000122, 0.000115
3418, 0.000138, 0.000089, 0.000083
3419, 0.000137, 0.000081, 0.000076
3420, 0.000134, 0.000122, 0.000115
3421, 0.000136, 0.000071, 0.000066
3422, 0.000136, 0.000096, 0.000091
3423, 0.000135, 0.000100, 0.000094
3424, 0.000133, 0.000080, 0.000075
3425, 0.000134, 0.000108, 0.000102
3426, 0.000134, 0.000087, 0.000081
3427, 0.000132, 0.000083, 0.000079
3428, 0.000132, 0.000114, 0.000109
3429, 0.000134, 0.000067, 0.000062
3430, 0.000138, 0.000136, 0.000130
3431, 0.000140, 0.000066, 0.000062
3432, 0.000137, 0.000113, 0.000107
3433, 0.000133, 0.000087, 0.000082
3434, 0.000133, 0.000076, 0.000071
3435, 0.000135, 0.000126, 0.000121
3436, 0.000138, 0.000061, 0.000058
3437, 0.000139, 0.000131, 0.000125
3438, 0.000138, 0.000076, 0.000073
3439, 0.000135, 0.000082, 0.000078
3440, 0.000134, 0.000130, 0.000124
3441, 0.000136, 0.000060, 0.000056
3442, 0.000144, 0.000148, 0.000138
3443, 0.000142, 0.000071, 0.000067
3444, 0.000132, 0.000081, 0.000076
3445, 0.000132, 0.000138, 0.000131
3446, 0.000138, 0.000056, 0.000053
3447, 0.000143, 0.000140, 0.000134
3448, 0.000141, 0.000072, 0.000067
3449, 0.000132, 0.000086, 0.000081
3450, 0.000130, 0.000113, 0.000107
3451, 0.000132, 0.000067, 0.000063
3452, 0.000133, 0.000116, 0.000110
3453, 0.000132, 0.000083, 0.000078
3454, 0.000129, 0.000075, 0.000070
3455, 0.000131, 0.000120, 0.000114
3456, 0.000134, 0.000063, 0.000059
3457, 0.000138, 0.000137, 0.000130
3458, 0.000139, 0.000067, 0.000062
3459, 0.000133, 0.000100, 0.000093
3460, 0.000132, 0.000097, 0.000091
3461, 0.000130, 0.000069, 0.000064
3462, 0.000133, 0.000129, 0.000123
3463, 0.000136, 0.000065, 0.000061
3464, 0.000135, 0.000109, 0.000104
3465, 0.000130, 0.000091, 0.000087
3466, 0.000127, 0.000069, 0.000064
3467, 0.000133, 0.000134, 0.000127
3468, 0.000138, 0.000058, 0.000054
3469, 0.000138, 0.000124, 0.000117
3470, 0.000134, 0.000084, 0.000080
3471, 0.000130, 0.000074, 0.000069
3472, 0.000132, 0.000128, 0.000120
3473, 0.000134, 0.000062, 0.000059
3474, 0.000137, 0.000127, 0.000119
3475, 0.000136, 0.000066, 0.000062
3476, 0.000130, 0.000084, 0.000078
3477, 0.000127, 0.000116, 0.000108
3478, 0.000130, 0.000059, 0.000055
3479, 0.000137, 0.000144, 0.000136
3480, 0.000139, 0.000059, 0.000055
3481, 0.000135, 0.000104, 0.000099
3482, 0.000128, 0.000091, 0.000086
3483, 0.000126, 0.000060, 0.000056
3484, 0.000135, 0.000161, 0.000152
3485, 0.000144, 0.000054, 0.000050
3486, 0.000144, 0.000127, 0.000120
3487, 0.000133, 0.000085, 0.000079
3488, 0.000128, 0.000061, 0.000057
3489, 0.000131, 0.000155, 0.000148
3490, 0.000144, 0.000053, 0.000050
3491, 0.000144, 0.000129, 0.000123
3492, 0.000135, 0.000077, 0.000072
3493, 0.000126, 0.000063, 0.000058
3494, 0.000130, 0.000161, 0.000152
3495, 0.000146, 0.000055, 0.000051
3496, 0.000152, 0.000151, 0.000142
3497, 0.000141, 0.000069, 0.000065
3498, 0.000128, 0.000069, 0.000064
3499, 0.000128, 0.000141, 0.000133
3500, 0.000139, 0.000057, 0.000053
3501, 0.000136, 0.000105, 0.000098
3502, 0.000129, 0.000087, 0.000082
3503, 0.000127, 0.000059, 0.000054
3504, 0.000134, 0.000153, 0.000144
3505, 0.000141, 0.000057, 0.000053
3506, 0.000133, 0.000093, 0.000086
3507, 0.000125, 0.000113, 0.000107
3508, 0.000133, 0.000057, 0.000054
3509, 0.000134, 0.000119, 0.000112
3510, 0.000132, 0.000069, 0.000065
3511, 0.000128, 0.000072, 0.000066
3512, 0.000124, 0.000110, 0.000104
3513, 0.000130, 0.000057, 0.000054
3514, 0.000135, 0.000119, 0.000111
3515, 0.000132, 0.000068, 0.000064
3516, 0.000128, 0.000079, 0.000074
3517, 0.000124, 0.000121, 0.000113
3518, 0.000129, 0.000058, 0.000054
3519, 0.000135, 0.000120, 0.000111
3520, 0.000132, 0.000074, 0.000069
3521, 0.000123, 0.000066, 0.000062
3522, 0.000127, 0.000118, 0.000112
3523, 0.000131, 0.000063, 0.000061
3524, 0.000129, 0.000082, 0.000077
3525, 0.000124, 0.000105, 0.000100
3526, 0.000127, 0.000063, 0.000060
3527, 0.000129, 0.000109, 0.000102
3528, 0.000129, 0.000077, 0.000072
3529, 0.000123, 0.000079, 0.000073
3530, 0.000124, 0.000093, 0.000087
3531, 0.000126, 0.000069, 0.000065
3532, 0.000124, 0.000085, 0.000081
3533, 0.000124, 0.000086, 0.000081
3534, 0.000125, 0.000068, 0.000064
3535, 0.000126, 0.000113, 0.000105
3536, 0.000127, 0.000071, 0.000065
3537, 0.000126, 0.000089, 0.000083
3538, 0.000125, 0.000090, 0.000083
3539, 0.000124, 0.000071, 0.000067
3540, 0.000125, 0.000094, 0.000090
3541, 0.000126, 0.000076, 0.000073
3542, 0.000126, 0.000081, 0.000079
3543, 0.000127, 0.000094, 0.000090
3544, 0.000122, 0.000075, 0.000070
3545, 0.000122, 0.000079, 0.000075
3546, 0.000125, 0.000095, 0.000089
3547, 0.000123, 0.000059, 0.000055
3548, 0.000125, 0.000105, 0.000099
3549, 0.000125, 0.000083, 0.000077
3550, 0.000122, 0.000064, 0.000059
3551, 0.000126, 0.000139, 0.000131
3552, 0.000133, 0.000057, 0.000053
3553, 0.000132, 0.000112, 0.000105
3554, 0.000125, 0.000078, 0.000073
3555, 0.000121, 0.000064, 0.000060
3556, 0.000123, 0.000123, 0.000117
3557, 0.000131, 0.000051, 0.000048
3558, 0.000136, 0.000119, 0.000113
3559, 0.000130, 0.000066, 0.000063
3560, 0.000122, 0.000071, 0.000066
3561, 0.000122, 0.000129, 0.000123
3562, 0.000129, 0.000055, 0.000053
3563, 0.000131, 0.000109, 0.000103
3564, 0.000127, 0.000072, 0.000068
3565, 0.000122, 0.000067, 0.000063
3566, 0.000123, 0.000108, 0.000102
3567, 0.000125, 0.000058, 0.000056
3568, 0.000128, 0.000109, 0.000102
3569, 0.000125, 0.000068, 0.000064
3570, 0.000120, 0.000073, 0.000069
3571, 0.000120, 0.000094, 0.000088
3572, 0.000122, 0.000066, 0.000063
3573, 0.000121, 0.000087, 0.000082
3574, 0.000121, 0.000072, 0.000068
3575, 0.000121, 0.000086, 0.000082
3576, 0.000120, 0.000076, 0.000072
3577, 0.000120, 0.000072, 0.000068
3578, 0.000119, 0.000084, 0.000079
3579, 0.000121, 0.000071, 0.000066
3580, 0.000121, 0.000079, 0.000075
3581, 0.000120, 0.000086, 0.000080
3582, 0.000120, 0.000068, 0.000063
3583, 0.000120, 0.000093, 0.000088
3584, 0.000120, 0.000072, 0.000068
3585, 0.000120, 0.000082, 0.000077
3586, 0.000119, 0.000070, 0.000066
3587, 0.000121, 0.000091, 0.000084
3588, 0.000120, 0.000065, 0.000061
3589, 0.000120, 0.000096, 0.000090
3590, 0.000121, 0.000071, 0.000066
3591, 0.000117, 0.000069, 0.000066
3592, 0.000120, 0.000112, 0.000107
3593, 0.000125, 0.000051, 0.000049
3594, 0.000131, 0.000130, 0.000125
3595, 0.000129, 0.000058, 0.000055
3596, 0.000123, 0.000088, 0.000084
3597, 0.000119, 0.000091, 0.000085
3598, 0.000120, 0.000060, 0.000055
3599, 0.000123, 0.000109, 0.000103
3600, 0.000124, 0.000060, 0.000055
3601, 0.000120, 0.000089, 0.000082
3602, 0.000120, 0.000080, 0.000075
3603, 0.000118, 0.000061, 0.000057
3604, 0.000120, 0.000102, 0.000096
3605, 0.000122, 0.000064, 0.000060
3606, 0.000120, 0.000079, 0.000074
3607, 0.000117, 0.000101, 0.000095
3608, 0.000121, 0.000056, 0.000051
3609, 0.000131, 0.000142, 0.000135
3610, 0.000135, 0.000053, 0.000050
3611, 0.000129, 0.000111, 0.000103
3612, 0.000123, 0.000069, 0.000066
3613, 0.000118, 0.000063, 0.000059
3614, 0.000119, 0.000114, 0.000108
3615, 0.000124, 0.000050, 0.000048
3616, 0.000129, 0.000123, 0.000117
3617, 0.000127, 0.000057, 0.000054
3618, 0.000123, 0.000078, 0.000073
3619, 0.000117, 0.000099, 0.000092
3620, 0.000120, 0.000053, 0.000050
3621, 0.000128, 0.000133, 0.000124
3622, 0.000130, 0.000055, 0.000051
3623, 0.000124, 0.000090, 0.000084
3624, 0.000117, 0.000081, 0.000076
3625, 0.000116, 0.000061, 0.000058
3626, 0.000119, 0.000104, 0.000098
3627, 0.000121, 0.000059, 0.000055
3628, 0.000120, 0.000081, 0.000075
3629, 0.000116, 0.000082, 0.000077
3630, 0.000116, 0.000055, 0.000052
3631, 0.000120, 0.000117, 0.000110
3632, 0.000124, 0.000054, 0.000051
3633, 0.000122, 0.000085, 0.000080
3634, 0.000118, 0.000080, 0.000076
3635, 0.000116, 0.000055, 0.000052
3636, 0.000119, 0.000108, 0.000102
3637, 0.000122, 0.000054, 0.000051
3638, 0.000124, 0.000100, 0.000093
3639, 0.000119, 0.000067, 0.000063
3640, 0.000115, 0.000061, 0.000057
3641, 0.000116, 0.000099, 0.000093
3642, 0.000118, 0.000060, 0.000056
3643, 0.000119, 0.000085, 0.000080
3644, 0.000116, 0.000071, 0.000068
3645, 0.000116, 0.000063, 0.000060
3646, 0.000116, 0.000086, 0.000082
3647, 0.000116, 0.000055, 0.000053
3648, 0.000120, 0.000105, 0.000098
3649, 0.000119, 0.000059, 0.000056
3650, 0.000117, 0.000079, 0.000074
3651, 0.000115, 0.000086, 0.000081
3652, 0.000115, 0.000058, 0.000055
3653, 0.000119, 0.000102, 0.000096
3654, 0.000119, 0.000059, 0.000056
3655, 0.000116, 0.000073, 0.000069
3656, 0.000114, 0.000083, 0.000078
3657, 0.000114, 0.000061, 0.000057
3658, 0.000116, 0.000086, 0.000081
3659, 0.000114, 0.000067, 0.000062
3660, 0.000114, 0.000078, 0.000073
3661, 0.000115, 0.000064, 0.000060
3662, 0.000115, 0.000088, 0.000083
3663, 0.000117, 0.000063, 0.000058
3664, 0.000116, 0.000080, 0.000075
3665, 0.000114, 0.000069, 0.000065
3666, 0.000114, 0.000078, 0.000071
3667, 0.000116, 0.000071, 0.000067
3668, 0.000115, 0.000080, 0.000074
3669, 0.000114, 0.000064, 0.000060
3670, 0.000114, 0.000080, 0.000076
3671, 0.000113, 0.000070, 0.000066
3672, 0.000115, 0.000069, 0.000065
3673, 0.000115, 0.000080, 0.000075
3674, 0.000115, 0.000064, 0.000060
3675, 0.000116, 0.000081, 0.000076
3676, 0.000115, 0.000063, 0.000059
3677, 0.000114, 0.000083, 0.000079
3678, 0.000113, 0.000069, 0.000066
3679, 0.000113, 0.000063, 0.000059
3680, 0.000114, 0.000103, 0.000098
3681, 0.000119, 0.000049, 0.000047
3682, 0.000124, 0.000122, 0.000117
3683, 0.000123, 0.000055, 0.000052
3684, 0.000117, 0.000078, 0.000075
3685, 0.000114, 0.000077, 0.000073
3686, 0.000116, 0.000064, 0.000062
3687, 0.000114, 0.000081, 0.000077
3688, 0.000111, 0.000066, 0.000062
3689, 0.000114, 0.000089, 0.000085
3690, 0.000116, 0.000058, 0.000054
3691, 0.000118, 0.000095, 0.000090
3692, 0.000116, 0.000059, 0.000056
3693, 0.000114, 0.000088, 0.000084
3694, 0.000116, 0.000060, 0.000058
3695, 0.000120, 0.000095, 0.000090
3696, 0.000116, 0.000058, 0.000054
3697, 0.000114, 0.000077, 0.000072
3698, 0.000115, 0.000088, 0.000082
3699, 0.000114, 0.000058, 0.000055
3700, 0.000114, 0.000093, 0.000088
3701, 0.000116, 0.000060, 0.000058
3702, 0.000114, 0.000082, 0.000080
3703, 0.000114, 0.000063, 0.000061
3704, 0.000114, 0.000072, 0.000070
3705, 0.000112, 0.000077, 0.000075
3706, 0.000111, 0.000060, 0.000056
3707, 0.000114, 0.000083, 0.000079
3708, 0.000114, 0.000067, 0.000062
3709, 0.000113, 0.000075, 0.000070
3710, 0.000111, 0.000076, 0.000072
3711, 0.000111, 0.000062, 0.000058
3712, 0.000113, 0.000094, 0.000089
3713, 0.000115, 0.000051, 0.000048
3714, 0.000123, 0.000136, 0.000129
3715, 0.000128, 0.000048, 0.000046
3716, 0.000128, 0.000121, 0.000115
3717, 0.000122, 0.000053, 0.000051
3718, 0.000115, 0.000071, 0.000068
3719, 0.000111, 0.000098, 0.000093
3720, 0.000115, 0.000050, 0.000048
3721, 0.000122, 0.000126, 0.000118
3722, 0.000124, 0.000054, 0.000051
3723, 0.000118, 0.000081, 0.000078
3724, 0.000112, 0.000081, 0.000076
3725, 0.000112, 0.000051, 0.000048
3726, 0.000118, 0.000115, 0.000110
3727, 0.000121, 0.000051, 0.000048
3728, 0.000121, 0.000093, 0.000089
3729, 0.000113, 0.000068, 0.000063
3730, 0.000109, 0.000061, 0.000056
3731, 0.000112, 0.000101, 0.000096
3732, 0.000119, 0.000056, 0.000051
3733, 0.000124, 0.000110, 0.000104
3734, 0.000120, 0.000055, 0.000052
3735, 0.000113, 0.000076, 0.000071
3736, 0.000113, 0.000087, 0.000084
3737, 0.000118, 0.000062, 0.000056
3738, 0.000116, 0.000097, 0.000090
3739, 0.000115, 0.000056, 0.000053
3740, 0.000119, 0.000113, 0.000105
3741, 0.000124, 0.000063, 0.000063
3742, 0.000130, 0.000106, 0.000099
3743, 0.000120, 0.000058, 0.000055
3744, 0.000110, 0.000065, 0.000062
3745, 0.000111, 0.000096, 0.000090
3746, 0.000117, 0.000052, 0.000050
3747, 0.000119, 0.000102, 0.000097
3748, 0.000115, 0.000058, 0.000055
3749, 0.000115, 0.000080, 0.000077
3750, 0.000114, 0.000074, 0.000070
3751, 0.000111, 0.000061, 0.000058
3752, 0.000110, 0.000084, 0.000079
3753, 0.000110, 0.000062, 0.000057
3754, 0.000111, 0.000076, 0.000072
3755, 0.000110, 0.000068, 0.000064
3756, 0.000108, 0.000060, 0.000057
3757, 0.000110, 0.000093, 0.000088
3758, 0.000114, 0.000050, 0.000048
3759, 0.000115, 0.000106, 0.000101
3760, 0.000118, 0.000053, 0.000050
3761, 0.000113, 0.000079, 0.000074
3762, 0.000109, 0.000071, 0.000067
3763, 0.000108, 0.000056, 0.000052
3764, 0.000110, 0.000096, 0.000090
3765, 0.000113, 0.000053, 0.000050
3766, 0.000115, 0.000096, 0.000090
3767, 0.000113, 0.000053, 0.000049
3768, 0.000115, 0.000086, 0.000081
3769, 0.000113, 0.000057, 0.000053
3770, 0.000111, 0.000077, 0.000072
3771, 0.000108, 0.000070, 0.000066
3772, 0.000109, 0.000059, 0.000055
3773, 0.000112, 0.000081, 0.000076
3774, 0.000110, 0.000057, 0.000054
3775, 0.000110, 0.000071, 0.000067
3776, 0.000107, 0.000072, 0.000069
3777, 0.000107, 0.000053, 0.000051
3778, 0.000107, 0.000084, 0.000079
3779, 0.000110, 0.000057, 0.000054
3780, 0.000110, 0.000076, 0.000070
3781, 0.000108, 0.000062, 0.000058
3782, 0.000107, 0.000068, 0.000064
3783, 0.000107, 0.000064, 0.000059
3784, 0.000107, 0.000074, 0.000070
3785, 0.000108, 0.000054, 0.000052
3786, 0.000109, 0.000081, 0.000077
3787, 0.000108, 0.000054, 0.000051
3788, 0.000108, 0.000070, 0.000067
3789, 0.000107, 0.000064, 0.000061
3790, 0.000106, 0.000059, 0.000056
3791, 0.000107, 0.000088, 0.000084
3792, 0.000112, 0.000050, 0.000048
3793, 0.000119, 0.000125, 0.000120
3794, 0.000124, 0.000048, 0.000046
3795, 0.000119, 0.000091, 0.000086
3796, 0.000111, 0.000061, 0.000058
3797, 0.000106, 0.000054, 0.000051
3798, 0.000108, 0.000087, 0.000082
3799, 0.000111, 0.000053, 0.000050
3800, 0.000110, 0.000078, 0.000074
3801, 0.000107, 0.000065, 0.000062
3802, 0.000106, 0.000055, 0.000052
3803, 0.000108, 0.000082, 0.000078
3804, 0.000107, 0.000054, 0.000052
3805, 0.000110, 0.000082, 0.000079
3806, 0.000110, 0.000058, 0.000055
3807, 0.000106, 0.000060, 0.000057
3808, 0.000106, 0.000075, 0.000071
3809, 0.000107, 0.000052, 0.000050
3810, 0.000109, 0.000093, 0.000088
3811, 0.000111, 0.000050, 0.000048
3812, 0.000114, 0.000107, 0.000101
3813, 0.000115, 0.000048, 0.000046
3814, 0.000115, 0.000090, 0.000086
3815, 0.000112, 0.000064, 0.000060
3816, 0.000105, 0.000052, 0.000049
3817, 0.000108, 0.000109, 0.000103
3818, 0.000117, 0.000049, 0.000047
3819, 0.000119, 0.000101, 0.000096
3820, 0.000115, 0.000049, 0.000046
3821, 0.000107, 0.000063, 0.000060
3822, 0.000104, 0.000084, 0.000082
3823, 0.000114, 0.000060, 0.000056
3824, 0.000115, 0.000090, 0.000086
3825, 0.000109, 0.000058, 0.000055
3826, 0.000111, 0.000081, 0.000075
3827, 0.000110, 0.000064, 0.000062
3828, 0.000112, 0.000073, 0.000068
3829, 0.000107, 0.000063, 0.000059
3830, 0.000107, 0.000063, 0.000061
3831, 0.000109, 0.000077, 0.000072
3832, 0.000106, 0.000055, 0.000052
3833, 0.000107, 0.000082, 0.000078
3834, 0.000109, 0.000053, 0.000050
3835, 0.000111, 0.000079, 0.000075
3836, 0.000108, 0.000059, 0.000056
3837, 0.000107, 0.000068, 0.000063
3838, 0.000105, 0.000063, 0.000059
3839, 0.000105, 0.000067, 0.000062
3840, 0.000105, 0.000068, 0.000062
3841, 0.000103, 0.000056, 0.000052
3842, 0.000104, 0.000077, 0.000073
3843, 0.000106, 0.000057, 0.000054
3844, 0.000104, 0.000065, 0.000062
3845, 0.000106, 0.000066, 0.000063
3846, 0.000105, 0.000064, 0.000061
3847, 0.000104, 0.000060, 0.000057
3848, 0.000103, 0.000065, 0.000062
3849, 0.000104, 0.000061, 0.000059
3850, 0.000104, 0.000066, 0.000063
3851, 0.000104, 0.000051, 0.000049
3852, 0.000105, 0.000085, 0.000080
3853, 0.000107, 0.000052, 0.000049
3854, 0.000107, 0.000072, 0.000068
3855, 0.000105, 0.000058, 0.000054
3856, 0.000103, 0.000065, 0.000061
3857, 0.000103, 0.000068, 0.000065
3858, 0.000104, 0.000055, 0.000052
3859, 0.000107, 0.000085, 0.000079
3860, 0.000107, 0.000051, 0.000049
3861, 0.000109, 0.000084, 0.000078
3862, 0.000107, 0.000054, 0.000051
3863, 0.000102, 0.000057, 0.000054
3864, 0.000103, 0.000081, 0.000076
3865, 0.000105, 0.000051, 0.000051
3866, 0.000112, 0.000097, 0.000090
3867, 0.000112, 0.000049, 0.000047
3868, 0.000106, 0.000070, 0.000065
3869, 0.000105, 0.000074, 0.000069
3870, 0.000105, 0.000048, 0.000047
3871, 0.000116, 0.000130, 0.000124
3872, 0.000127, 0.000053, 0.000052
3873, 0.000130, 0.000114, 0.000109
3874, 0.000122, 0.000048, 0.000046
3875, 0.000107, 0.000062, 0.000058
3876, 0.000102, 0.000088, 0.000083
3877, 0.000110, 0.000052, 0.000049
3878, 0.000118, 0.000120, 0.000112
3879, 0.000121, 0.000048, 0.000047
3880, 0.000112, 0.000073, 0.000067
3881, 0.000104, 0.000067, 0.000063
3882, 0.000103, 0.000049, 0.000046
3883, 0.000106, 0.000092, 0.000088
3884, 0.000112, 0.000050, 0.000049
3885, 0.000111, 0.000079, 0.000074
3886, 0.000104, 0.000066, 0.000062
3887, 0.000100, 0.000049, 0.000047
3888, 0.000107, 0.000102, 0.000096
3889, 0.000115, 0.000048, 0.000046
3890, 0.000114, 0.000088, 0.000082
3891, 0.000105, 0.000062, 0.000059
3892, 0.000101, 0.000048, 0.000046
3893, 0.000108, 0.000100, 0.000094
3894, 0.000114, 0.000049, 0.000048
3895, 0.000113, 0.000089, 0.000083
3896, 0.000107, 0.000053, 0.000050
3897, 0.000102, 0.000055, 0.000052
3898, 0.000100, 0.000067, 0.000063
3899, 0.000102, 0.000051, 0.000048
3900, 0.000102, 0.000065, 0.000061
3901, 0.000101, 0.000065, 0.000062
3902, 0.000100, 0.000050, 0.000047
3903, 0.000106, 0.000091, 0.000086
3904, 0.000109, 0.000049, 0.000046
3905, 0.000106, 0.000076, 0.000072
3906, 0.000103, 0.000059, 0.000057
3907, 0.000102, 0.000049, 0.000047
3908, 0.000103, 0.000088, 0.000082
3909, 0.000108, 0.000049, 0.000047
3910, 0.000108, 0.000071, 0.000065
3911, 0.000102, 0.000063, 0.000059
3912, 0.000100, 0.000050, 0.000048
3913, 0.000103, 0.000081, 0.000076
3914, 0.000104, 0.000053, 0.000052
3915, 0.000101, 0.000056, 0.000054
3916, 0.000098, 0.000063, 0.000060
3917, 0.000101, 0.000051, 0.000049
3918, 0.000102, 0.000065, 0.000062
3919, 0.000100, 0.000057, 0.000054
3920, 0.000100, 0.000057, 0.000054
3921, 0.000099, 0.000068, 0.000063
3922, 0.000100, 0.000049, 0.000047
3923, 0.000103, 0.000076, 0.000071
3924, 0.000103, 0.000049, 0.000046
3925, 0.000102, 0.000064, 0.000060
3926, 0.000100, 0.000056, 0.000052
3927, 0.000098, 0.000053, 0.000049
3928, 0.000099, 0.000069, 0.000064
3929, 0.000100, 0.000052, 0.000049
3930, 0.000101, 0.000066, 0.000062
3931, 0.000100, 0.000061, 0.000058
3932, 0.000099, 0.000050, 0.000047
3933, 0.000101, 0.000093, 0.000087
3934, 0.000109, 0.000048, 0.000047
3935, 0.000113, 0.000096, 0.000090
3936, 0.000110, 0.000049, 0.000046
3937, 0.000104, 0.000061, 0.000059
3938, 0.000101, 0.000072, 0.000069
3939, 0.000102, 0.000049, 0.000047
3940, 0.000109, 0.000104, 0.000100
3941, 0.000115, 0.000051, 0.000048
3942, 0.000114, 0.000084, 0.000080
3943, 0.000107, 0.000056, 0.000052
3944, 0.000099, 0.000052, 0.000048
3945, 0.000100, 0.000087, 0.000082
3946, 0.000107, 0.000049, 0.000046
3947, 0.000104, 0.000068, 0.000064
3948, 0.000099, 0.000058, 0.000056
3949, 0.000100, 0.000054, 0.000052
3950, 0.000099, 0.000063, 0.000060
3951, 0.000098, 0.000057, 0.000054
3952, 0.000099, 0.000057, 0.000052
3953, 0.000099, 0.000063, 0.000058
3954, 0.000098, 0.000049, 0.000046
3955, 0.000100, 0.000072, 0.000068
3956, 0.000100, 0.000055, 0.000052
3957, 0.000098, 0.000055, 0.000053
3958, 0.000098, 0.000063, 0.000060
3959, 0.000098, 0.000051, 0.000050
3960, 0.000099, 0.000058, 0.000055
3961, 0.000097, 0.000056, 0.000053
3962, 0.000097, 0.000057, 0.000054
3963, 0.000098, 0.000057, 0.000054
3964, 0.000098, 0.000058, 0.000055
3965, 0.000098, 0.000055, 0.000052
3966, 0.000097, 0.000064, 0.000060
3967, 0.000099, 0.000053, 0.000051
3968, 0.000099, 0.000069, 0.000064
3969, 0.000099, 0.000053, 0.000050
3970, 0.000100, 0.000062, 0.000058
3971, 0.000100, 0.000059, 0.000055
3972, 0.000098, 0.000052, 0.000050
3973, 0.000098, 0.000067, 0.000064
3974, 0.000098, 0.000053, 0.000051
3975, 0.000101, 0.000064, 0.000062
3976, 0.000100, 0.000056, 0.000054
3977, 0.000098, 0.000058, 0.000055
3978, 0.000097, 0.000071, 0.000068
3979, 0.000100, 0.000048, 0.000046
3980, 0.000103, 0.000087, 0.000081
3981, 0.000106, 0.000049, 0.000048
3982, 0.000103, 0.000068, 0.000064
3983, 0.000099, 0.000059, 0.000057
3984, 0.000098, 0.000048, 0.000046
3985, 0.000102, 0.000085, 0.000080
3986, 0.000104, 0.000050, 0.000049
3987, 0.000102, 0.000067, 0.000063
3988, 0.000099, 0.000057, 0.000053
3989, 0.000095, 0.000052, 0.000050
3990, 0.000099, 0.000076, 0.000071
3991, 0.000100, 0.000047, 0.000046
3992, 0.000100, 0.000068, 0.000065
3993, 0.000098, 0.000051, 0.000049
3994, 0.000098, 0.000059, 0.000056
3995, 0.000097, 0.000062, 0.000059
3996, 0.000096, 0.000052, 0.000049
3997, 0.000098, 0.000079, 0.000075
3998, 0.000101, 0.000048, 0.000047
3999, 0.000102, 0.000084, 0.000080
4000, 0.000105, 0.000047, 0.000046
4001, 0.000104, 0.000077, 0.000073
4002, 0.000100, 0.000049, 0.000046
4003, 0.000098, 0.000057, 0.000054
4004, 0.000097, 0.000064, 0.000060
4005, 0.000097, 0.000049, 0.000048
4006, 0.000099, 0.000083, 0.000080
4007, 0.000102, 0.000048, 0.000047
4008, 0.000100, 0.000066, 0.000064
4009, 0.000097, 0.000053, 0.000050
4010, 0.000096, 0.000056, 0.000053
4011, 0.000095, 0.000061, 0.000057
4012, 0.000096, 0.000049, 0.000046
4013, 0.000097, 0.000071, 0.000067
4014, 0.000097, 0.000048, 0.000047
4015, 0.000099, 0.000066, 0.000063
4016, 0.000097, 0.000054, 0.000053
4017, 0.000096, 0.000053, 0.000051
4018, 0.000095, 0.000069, 0.000065
4019, 0.000097, 0.000047, 0.000045
4020, 0.000101, 0.000081, 0.000076
4021, 0.000103, 0.000047, 0.000045
4022, 0.000103, 0.000073, 0.000069
4023, 0.000099, 0.000050, 0.000047
4024, 0.000097, 0.000057, 0.000054
4025, 0.000094, 0.000060, 0.000058
4026, 0.000096, 0.000054, 0.000051
4027, 0.000095, 0.000063, 0.000059
4028, 0.000095, 0.000053, 0.000051
4029, 0.000097, 0.000062, 0.000058
4030, 0.000096, 0.000052, 0.000049
4031, 0.000095, 0.000059, 0.000056
4032, 0.000094, 0.000052, 0.000049
4033, 0.000095, 0.000061, 0.000058
4034, 0.000095, 0.000053, 0.000050
4035, 0.000094, 0.000063, 0.000059
4036, 0.000095, 0.000050, 0.000048
4037, 0.000096, 0.000064, 0.000060
4038, 0.000095, 0.000051, 0.000049
4039, 0.000094, 0.000054, 0.000050
4040, 0.000094, 0.000059, 0.000055
4041, 0.000095, 0.000052, 0.000049
4042, 0.000094, 0.000054, 0.000051
4043, 0.000094, 0.000063, 0.000059
4044, 0.000094, 0.000048, 0.000046
4045, 0.000097, 0.000067, 0.000064
4046, 0.000097, 0.000049, 0.000048
4047, 0.000098, 0.000073, 0.000070
4048, 0.000098, 0.000050, 0.000047
4049, 0.000099, 0.000067, 0.000064
4050, 0.000096, 0.000054, 0.000051
4051, 0.000093, 0.000051, 0.000048
4052, 0.000095, 0.000069, 0.000066
4053, 0.000098, 0.000049, 0.000046
4054, 0.000105, 0.000096, 0.000090
4055, 0.000110, 0.000052, 0.000051
4056, 0.000112, 0.000096, 0.000089
4057, 0.000110, 0.000050, 0.000050
4058, 0.000106, 0.000078, 0.000073
4059, 0.000101, 0.000049, 0.000048
4060, 0.000093, 0.000048, 0.000047
4061, 0.000094, 0.000084, 0.000079
4062, 0.000104, 0.000052, 0.000051
4063, 0.000110, 0.000096, 0.000090
4064, 0.000110, 0.000049, 0.000047
4065, 0.000104, 0.000068, 0.000065
4066, 0.000097, 0.000053, 0.000051
4067, 0.000094, 0.000049, 0.000047
4068, 0.000095, 0.000077, 0.000074
4069, 0.000102, 0.000052, 0.000050
4070, 0.000104, 0.000078, 0.000073
4071, 0.000100, 0.000049, 0.000047
4072, 0.000094, 0.000054, 0.000051
4073, 0.000094, 0.000071, 0.000068
4074, 0.000099, 0.000047, 0.000046
4075, 0.000101, 0.000081, 0.000078
4076, 0.000103, 0.000048, 0.000048
4077, 0.000101, 0.000066, 0.000062
4078, 0.000095, 0.000052, 0.000050
4079, 0.000092, 0.000051, 0.000050
4080, 0.000094, 0.000060, 0.000057
4081, 0.000095, 0.000049, 0.000047
4082, 0.000093, 0.000053, 0.000051
4083, 0.000091, 0.000054, 0.000051
4084, 0.000092, 0.000053, 0.000051
4085, 0.000093, 0.000057, 0.000054
4086, 0.000093, 0.000052, 0.000050
4087, 0.000091, 0.000053, 0.000050
4088, 0.000092, 0.000051, 0.000049
4089, 0.000093, 0.000059, 0.000056
4090, 0.000093, 0.000048, 0.000046
4091, 0.000093, 0.000061, 0.000058
4092, 0.000093, 0.000049, 0.000047
4093, 0.000092, 0.000053, 0.000050
4094, 0.000090, 0.000054, 0.000051
4095, 0.000091, 0.000050, 0.000048
4096, 0.000091, 0.000052, 0.000050
4097, 0.000091, 0.000053, 0.000050
4098, 0.000091, 0.000052, 0.000050
4099, 0.000091, 0.000059, 0.000055
4100, 0.000091, 0.000049, 0.000047
4101, 0.000093, 0.000060, 0.000057
4102, 0.000092, 0.000050, 0.000047
4103, 0.000092, 0.000058, 0.000055
4104, 0.000091, 0.000051, 0.000048
4105, 0.000092, 0.000059, 0.000055
4106, 0.000092, 0.000047, 0.000045
4107, 0.000093, 0.000062, 0.000059
4108, 0.000093, 0.000047, 0.000046
4109, 0.000093, 0.000060, 0.000057
4110, 0.000092, 0.000049, 0.000046
4111, 0.000092, 0.000054, 0.000051
4112, 0.000092, 0.000051, 0.000048
4113, 0.000090, 0.000054, 0.000052
4114, 0.000091, 0.000055, 0.000053
4115, 0.000092, 0.000049, 0.000047
4116, 0.000092, 0.000056, 0.000054
4117, 0.000092, 0.000048, 0.000045
4118, 0.000091, 0.000055, 0.000052
4119, 0.000092, 0.000054, 0.000052
4120, 0.000092, 0.000048, 0.000046
4121, 0.000092, 0.000064, 0.000062
4122, 0.000093, 0.000046, 0.000045
4123, 0.000096, 0.000070, 0.000066
4124, 0.000095, 0.000048, 0.000047
4125, 0.000095, 0.000064, 0.000060
4126, 0.000093, 0.000053, 0.000050
4127, 0.000091, 0.000050, 0.000049
4128, 0.000093, 0.000064, 0.000060
4129, 0.000094, 0.000047, 0.000047
4130, 0.000095, 0.000072, 0.000070
4131, 0.000098, 0.000051, 0.000050
4132, 0.000097, 0.000069, 0.000066
4133, 0.000095, 0.000048, 0.000047
4134, 0.000093, 0.000057, 0.000054
4135, 0.000092, 0.000054, 0.000051
4136, 0.000090, 0.000046, 0.000045
4137, 0.000092, 0.000075, 0.000072
4138, 0.000099, 0.000049, 0.000049
4139, 0.000101, 0.000081, 0.000078
4140, 0.000101, 0.000048, 0.000047
4141, 0.000098, 0.000066, 0.000063
4142, 0.000093, 0.000050, 0.000048
4143, 0.000091, 0.000049, 0.000047
4144, 0.000090, 0.000062, 0.000060
4145, 0.000093, 0.000048, 0.000047
4146, 0.000098, 0.000075, 0.000071
4147, 0.000100, 0.000048, 0.000047
4148, 0.000098, 0.000074, 0.000069
4149, 0.000097, 0.000051, 0.000049
4150, 0.000093, 0.000053, 0.000050
4151, 0.000092, 0.000069, 0.000065
4152, 0.000094, 0.000050, 0.000049
4153, 0.000100, 0.000085, 0.000080
4154, 0.000104, 0.000048, 0.000047
4155, 0.000098, 0.000061, 0.000058
4156, 0.000091, 0.000051, 0.000049
4157, 0.000089, 0.000047, 0.000047
4158, 0.000093, 0.000072, 0.000070
4159, 0.000097, 0.000049, 0.000048
4160, 0.000098, 0.000075, 0.000071
4161, 0.000099, 0.000050, 0.000048
4162, 0.000095, 0.000055, 0.000053
4163, 0.000089, 0.000054, 0.000051
4164, 0.000088, 0.000048, 0.000047
4165, 0.000093, 0.000072, 0.000069
4166, 0.000097, 0.000049, 0.000048
4167, 0.000098, 0.000073, 0.000069
4168, 0.000096, 0.000048, 0.000046
4169, 0.000092, 0.000055, 0.000052
4170, 0.000089, 0.000055, 0.000052
4171, 0.000090, 0.000049, 0.000047
4172, 0.000094, 0.000076, 0.000071
4173, 0.000098, 0.000048, 0.000047
4174, 0.000099, 0.000068, 0.000064
4175, 0.000094, 0.000047, 0.000046
4176, 0.000090, 0.000050, 0.000048
4177, 0.000089, 0.000055, 0.000053
4178, 0.000089, 0.000045, 0.000044
4179, 0.000093, 0.000071, 0.000067
4180, 0.000097, 0.000050, 0.000049
4181, 0.000098, 0.000070, 0.000067
4182, 0.000096, 0.000048, 0.000047
4183, 0.000092, 0.000052, 0.000050
4184, 0.000089, 0.000052, 0.000049
4185, 0.000088, 0.000047, 0.000045
4186, 0.000089, 0.000055, 0.000052
4187, 0.000088, 0.000048, 0.000046
4188, 0.000088, 0.000050, 0.000049
4189, 0.000088, 0.000054, 0.000052
4190, 0.000088, 0.000047, 0.000047
4191, 0.000090, 0.000063, 0.000062
4192, 0.000094, 0.000049, 0.000048
4193, 0.000094, 0.000058, 0.000056
4194, 0.000090, 0.000049, 0.000047
4195, 0.000087, 0.000049, 0.000048
4196, 0.000089, 0.000061, 0.000059
4197, 0.000092, 0.000048, 0.000047
4198, 0.000092, 0.000059, 0.000057
4199, 0.000089, 0.000048, 0.000047
4200, 0.000088, 0.000047, 0.000046
4201, 0.000088, 0.000066, 0.000063
4202, 0.000092, 0.000048, 0.000048
4203, 0.000097, 0.000070, 0.000066
4204, 0.000096, 0.000050, 0.000048
4205, 0.000095, 0.000054, 0.000052
4206, 0.000090, 0.000053, 0.000050
4207, 0.000089, 0.000048, 0.000046
4208, 0.000089, 0.000060, 0.000057
4209, 0.000090, 0.000051, 0.000048
4210, 0.000090, 0.000054, 0.000052
4211, 0.000088, 0.000051, 0.000049
4212, 0.000087, 0.000048, 0.000046
4213, 0.000091, 0.000063, 0.000061
4214, 0.000094, 0.000049, 0.000047
4215, 0.000091, 0.000059, 0.000055
4216, 0.000089, 0.000050, 0.000049
4217, 0.000088, 0.000051, 0.000048
4218, 0.000087, 0.000054, 0.000052
4219, 0.000088, 0.000048, 0.000047
4220, 0.000090, 0.000059, 0.000057
4221, 0.000089, 0.000048, 0.000047
4222, 0.000089, 0.000049, 0.000047
4223, 0.000086, 0.000055, 0.000052
4224, 0.000088, 0.000048, 0.000047
4225, 0.000092, 0.000066, 0.000063
4226, 0.000093, 0.000048, 0.000048
4227, 0.000090, 0.000059, 0.000056
4228, 0.000089, 0.000051, 0.000049
4229, 0.000087, 0.000048, 0.000047
4230, 0.000085, 0.000054, 0.000051
4231, 0.000086, 0.000047, 0.000046
4232, 0.000087, 0.000050, 0.000048
4233, 0.000086, 0.000049, 0.000047
4234, 0.000086, 0.000050, 0.000049
4235, 0.000086, 0.000048, 0.000047
4236, 0.000085, 0.000046, 0.000045
4237, 0.000087, 0.000064, 0.000062
4238, 0.000092, 0.000050, 0.000049
4239, 0.000093, 0.000066, 0.000063
4240, 0.000090, 0.000048, 0.000048
4241, 0.000087, 0.000048, 0.000047
4242, 0.000087, 0.000065, 0.000062
4243, 0.000092, 0.000052, 0.000051
4244, 0.000098, 0.000080, 0.000076
4245, 0.000099, 0.000050, 0.000050
4246, 0.000095, 0.000058, 0.000056
4247, 0.000090, 0.000049, 0.000048
4248, 0.000087, 0.000046, 0.000046
4249, 0.000090, 0.000068, 0.000065
4250, 0.000093, 0.000049, 0.000048
4251, 0.000092, 0.000062, 0.000059
4252, 0.000091, 0.000053, 0.000051
4253, 0.000087, 0.000050, 0.000049
4254, 0.000086, 0.000054, 0.000052
4255, 0.000087, 0.000050, 0.000049
4256, 0.000088, 0.000053, 0.000051
4257, 0.000086, 0.000048, 0.000046
4258, 0.000086, 0.000053, 0.000051
4259, 0.000086, 0.000048, 0.000047
4260, 0.000085, 0.000052, 0.000050
4261, 0.000086, 0.000051, 0.000050
4262, 0.000086, 0.000047, 0.000048
4263, 0.000086, 0.000056, 0.000055
4264, 0.000087, 0.000049, 0.000049
4265, 0.000091, 0.000064, 0.000061
4266, 0.000092, 0.000050, 0.000047
4267, 0.000089, 0.000054, 0.000051
4268, 0.000085, 0.000052, 0.000050
4269, 0.000086, 0.000051, 0.000050
4270, 0.000089, 0.000054, 0.000053
4271, 0.000088, 0.000048, 0.000047
4272, 0.000086, 0.000052, 0.000050
4273, 0.000084, 0.000048, 0.000047
4274, 0.000086, 0.000051, 0.000048
4275, 0.000085, 0.000050, 0.000048
4276, 0.000083, 0.000049, 0.000049
4277, 0.000086, 0.000057, 0.000054
4278, 0.000086, 0.000048, 0.000048
4279, 0.000086, 0.000059, 0.000058
4280, 0.000088, 0.000049, 0.000048
4281, 0.000087, 0.000059, 0.000056
4282, 0.000087, 0.000048, 0.000047
4283, 0.000085, 0.000050, 0.000048
4284, 0.000084, 0.000050, 0.000048
4285, 0.000085, 0.000047, 0.000047
4286, 0.000085, 0.000053, 0.000051
4287, 0.000084, 0.000047, 0.000046
4288, 0.000084, 0.000055, 0.000053
4289, 0.000085, 0.000048, 0.000046
4290, 0.000085, 0.000051, 0.000048
4291, 0.000085, 0.000046, 0.000045
4292, 0.000084, 0.000047, 0.000046
4293, 0.000083, 0.000050, 0.000048
4294, 0.000085, 0.000048, 0.000047
4295, 0.000084, 0.000051, 0.000048
4296, 0.000084, 0.000053, 0.000050
4297, 0.000084, 0.000049, 0.000048
4298, 0.000084, 0.000050, 0.000048
4299, 0.000084, 0.000050, 0.000047
4300, 0.000084, 0.000052, 0.000050
4301, 0.000085, 0.000046, 0.000046
4302, 0.000085, 0.000057, 0.000055
4303, 0.000087, 0.000048, 0.000048
4304, 0.000090, 0.000061, 0.000059
4305, 0.000088, 0.000049, 0.000048
4306, 0.000087, 0.000060, 0.000058
4307, 0.000087, 0.000048, 0.000046
4308, 0.000085, 0.000055, 0.000052
4309, 0.000085, 0.000050, 0.000049
4310, 0.000084, 0.000050, 0.000049
4311, 0.000083, 0.000053, 0.000052
4312, 0.000085, 0.000048, 0.000049
4313, 0.000088, 0.000065, 0.000062
4314, 0.000091, 0.000052, 0.000051
4315, 0.000095, 0.000076, 0.000073
4316, 0.000101, 0.000061, 0.000061
4317, 0.000106, 0.000103, 0.000097
4318, 0.000114, 0.000071, 0.000073
4319, 0.000116, 0.000097, 0.000091
4320, 0.000109, 0.000051, 0.000051
4321, 0.000092, 0.000048, 0.000046
4322, 0.000082, 0.000067, 0.000062
4323, 0.000092, 0.000059, 0.000059
4324, 0.000102, 0.000086, 0.000081
4325, 0.000105, 0.000058, 0.000058
4326, 0.000098, 0.000059, 0.000058
4327, 0.000088, 0.000050, 0.000048
4328, 0.000082, 0.000049, 0.000048
4329, 0.000087, 0.000067, 0.000063
4330, 0.000094, 0.000054, 0.000053
4331, 0.000094, 0.000062, 0.000059
4332, 0.000089, 0.000047, 0.000046
4333, 0.000083, 0.000048, 0.000048
4334, 0.000084, 0.000067, 0.000064
4335, 0.000092, 0.000061, 0.000062
4336, 0.000101, 0.000084, 0.000079
4337, 0.000102, 0.000051, 0.000051
4338, 0.000091, 0.000048, 0.000047
4339, 0.000083, 0.000064, 0.000061
4340, 0.000088, 0.000054, 0.000055
4341, 0.000096, 0.000069, 0.000067
4342, 0.000093, 0.000047, 0.000046
4343, 0.000086, 0.000047, 0.000046
4344, 0.000083, 0.000060, 0.000056
4345, 0.000085, 0.000052, 0.000051
4346, 0.000092, 0.000063, 0.000059
4347, 0.000090, 0.000048, 0.000047
4348, 0.000086, 0.000051, 0.000049
4349, 0.000082, 0.000050, 0.000049
4350, 0.000084, 0.000049, 0.000049
4351, 0.000086, 0.000059, 0.000057
4352, 0.000087, 0.000047, 0.000046
4353, 0.000085, 0.000049, 0.000047
4354, 0.000083, 0.000047, 0.000046
4355, 0.000082, 0.000049, 0.000048
4356, 0.000082, 0.000052, 0.000050
4357, 0.000083, 0.000048, 0.000048
4358, 0.000083, 0.000053, 0.000051
4359, 0.000084, 0.000049, 0.000047
4360, 0.000083, 0.000048, 0.000047
4361, 0.000083, 0.000047, 0.000046
4362, 0.000082, 0.000050, 0.000048
4363, 0.000082, 0.000048, 0.000047
4364, 0.000082, 0.000046, 0.000045
4365, 0.000082, 0.000051, 0.000049
4366, 0.000081, 0.000047, 0.000047
4367, 0.000081, 0.000049, 0.000048
4368, 0.000083, 0.000048, 0.000047
4369, 0.000082, 0.000049, 0.000049
4370, 0.000082, 0.000049, 0.000048
4371, 0.000082, 0.000048, 0.000047
4372, 0.000081, 0.000047, 0.000046
4373, 0.000081, 0.000049, 0.000047
4374, 0.000083, 0.000052, 0.000050
4375, 0.000083, 0.000048, 0.000048
4376, 0.000084, 0.000053, 0.000051
4377, 0.000082, 0.000046, 0.000046
4378, 0.000081, 0.000047, 0.000047
4379, 0.000082, 0.000053, 0.000051
4380, 0.000082, 0.000048, 0.000047
4381, 0.000085, 0.000061, 0.000058
4382, 0.000088, 0.000049, 0.000049
4383, 0.000086, 0.000051, 0.000049
4384, 0.000081, 0.000050, 0.000049
4385, 0.000083, 0.000048, 0.000048
4386, 0.000084, 0.000060, 0.000057
4387, 0.000085, 0.000050, 0.000051
4388, 0.000086, 0.000050, 0.000048
4389, 0.000082, 0.000047, 0.000046
4390, 0.000081, 0.000046, 0.000047
4391, 0.000083, 0.000052, 0.000051
4392, 0.000082, 0.000047, 0.000046
4393, 0.000082, 0.000050, 0.000048
4394, 0.000081, 0.000047, 0.000046
4395, 0.000080, 0.000048, 0.000046
4396, 0.000081, 0.000050, 0.000049
4397, 0.000081, 0.000047, 0.000046
4398, 0.000081, 0.000049, 0.000048
4399, 0.000080, 0.000050, 0.000050
4400, 0.000083, 0.000049, 0.000049
4401, 0.000082, 0.000047, 0.000045
4402, 0.000080, 0.000048, 0.000046
4403, 0.000081, 0.000049, 0.000048
4404, 0.000082, 0.000050, 0.000048
4405, 0.000081, 0.000048, 0.000047
4406, 0.000079, 0.000050, 0.000048
4407, 0.000081, 0.000050, 0.000049
4408, 0.000081, 0.000051, 0.000050
4409, 0.000081, 0.000048, 0.000047
4410, 0.000080, 0.000051, 0.000049
4411, 0.000081, 0.000048, 0.000047
4412, 0.000081, 0.000048, 0.000047
4413, 0.000080, 0.000051, 0.000050
4414, 0.000081, 0.000047, 0.000047
4415, 0.000082, 0.000052, 0.000051
4416, 0.000083, 0.000048, 0.000048
4417, 0.000081, 0.000049, 0.000047
4418, 0.000080, 0.000058, 0.000055
4419, 0.000084, 0.000054, 0.000055
4420, 0.000089, 0.000069, 0.000066
4421, 0.000090, 0.000054, 0.000055
4422, 0.000089, 0.000055, 0.000054
4423, 0.000084, 0.000048, 0.000046
4424, 0.000080, 0.000052, 0.000051
4425, 0.000086, 0.000076, 0.000073
4426, 0.000102, 0.000071, 0.000071
4427, 0.000105, 0.000073, 0.000069
4428, 0.000095, 0.000048, 0.000049
4429, 0.000081, 0.000049, 0.000049
4430, 0.000082, 0.000070, 0.000067
4431, 0.000092, 0.000061, 0.000061
4432, 0.000096, 0.000064, 0.000061
4433, 0.000089, 0.000049, 0.000048
4434, 0.000081, 0.000047, 0.000047
4435, 0.000080, 0.000059, 0.000057
4436, 0.000087, 0.000057, 0.000058
4437, 0.000091, 0.000062, 0.000060
4438, 0.000090, 0.000049, 0.000048
4439, 0.000082, 0.000048, 0.000046
4440, 0.000079, 0.000052, 0.000050
4441, 0.000081, 0.000051, 0.000050
4442, 0.000085, 0.000062, 0.000058
4443, 0.000088, 0.000050, 0.000050
4444, 0.000083, 0.000049, 0.000047
4445, 0.000080, 0.000052, 0.000050
4446, 0.000081, 0.000053, 0.000053
4447, 0.000088, 0.000065, 0.000061
4448, 0.000091, 0.000053, 0.000054
4449, 0.000086, 0.000051, 0.000050
4450, 0.000080, 0.000049, 0.000048
4451, 0.000079, 0.000050, 0.000050
4452, 0.000083, 0.000055, 0.000053
4453, 0.000083, 0.000047, 0.000047
4454, 0.000080, 0.000049, 0.000047
4455, 0.000079, 0.000055, 0.000053
4456, 0.000081, 0.000050, 0.000050
4457, 0.000082, 0.000056, 0.000054
4458, 0.000082, 0.000048, 0.000049
4459, 0.000079, 0.000049, 0.000048
4460, 0.000078, 0.000054, 0.000051
4461, 0.000080, 0.000049, 0.000048
4462, 0.000080, 0.000050, 0.000048
4463, 0.000080, 0.000049, 0.000048
4464, 0.000079, 0.000047, 0.000047
4465, 0.000079, 0.000049, 0.000049
4466, 0.000079, 0.000050, 0.000050
4467, 0.000080, 0.000052, 0.000051
4468, 0.000080, 0.000048, 0.000047
4469, 0.000080, 0.000052, 0.000049
4470, 0.000080, 0.000047, 0.000047
4471, 0.000080, 0.000049, 0.000047
4472, 0.000079, 0.000048, 0.000046
4473, 0.000077, 0.000046, 0.000047
4474, 0.000081, 0.000051, 0.000049
4475, 0.000080, 0.000048, 0.000047
4476, 0.000080, 0.000051, 0.000050
4477, 0.000080, 0.000052, 0.000050
4478, 0.000080, 0.000052, 0.000050
4479, 0.000079, 0.000047, 0.000046
4480, 0.000078, 0.000050, 0.000048
4481, 0.000079, 0.000048, 0.000047
4482, 0.000078, 0.000048, 0.000046
4483, 0.000078, 0.000049, 0.000048
4484, 0.000079, 0.000048, 0.000047
4485, 0.000078, 0.000048, 0.000047
4486, 0.000078, 0.000052, 0.000051
4487, 0.000079, 0.000048, 0.000048
4488, 0.000079, 0.000048, 0.000047
4489, 0.000076, 0.000048, 0.000047
4490, 0.000077, 0.000047, 0.000047
4491, 0.000079, 0.000053, 0.000051
4492, 0.000079, 0.000048, 0.000048
4493, 0.000079, 0.000050, 0.000048
4494, 0.000078, 0.000049, 0.000048
4495, 0.000078, 0.000048, 0.000048
4496, 0.000078, 0.000052, 0.000050
4497, 0.000080, 0.000050, 0.000050
4498, 0.000082, 0.000052, 0.000051
4499, 0.000081, 0.000048, 0.000047
4500, 0.000079, 0.000047, 0.000046
4501, 0.000078, 0.000049, 0.000047
4502, 0.000078, 0.000050, 0.000049
4503, 0.000080, 0.000054, 0.000051
4504, 0.000081, 0.000048, 0.000048
4505, 0.000079, 0.000049, 0.000047
4506, 0.000077, 0.000048, 0.000046
4507, 0.000079, 0.000049, 0.000048
4508, 0.000079, 0.000058, 0.000055
4509, 0.000082, 0.000054, 0.000054
4510, 0.000085, 0.000059, 0.000056
4511, 0.000083, 0.000049, 0.000048
4512, 0.000079, 0.000048, 0.000047
4513, 0.000078, 0.000056, 0.000054
4514, 0.000081, 0.000052, 0.000053
4515, 0.000082, 0.000062, 0.000059
4516, 0.000087, 0.000056, 0.000055
4517, 0.000085, 0.000051, 0.000050
4518, 0.000080, 0.000047, 0.000046
4519, 0.000077, 0.000051, 0.000049
4520, 0.000078, 0.000051, 0.000050
4521, 0.000079, 0.000051, 0.000050
4522, 0.000080, 0.000055, 0.000052
4523, 0.000079, 0.000050, 0.000051
4524, 0.000080, 0.000051, 0.000050
4525, 0.000078, 0.000047, 0.000048
4526, 0.000076, 0.000047, 0.000047
4527, 0.000075, 0.000053, 0.000051
4528, 0.000077, 0.000048, 0.000049
4529, 0.000078, 0.000047, 0.000047
4530, 0.000076, 0.000050, 0.000049
4531, 0.000076, 0.000050, 0.000050
4532, 0.000080, 0.000057, 0.000056
4533, 0.000084, 0.000053, 0.000053
4534, 0.000080, 0.000051, 0.000050
4535, 0.000077, 0.000047, 0.000047
4536, 0.000075, 0.000048, 0.000048
4537, 0.000077, 0.000050, 0.000049
4538, 0.000079, 0.000050, 0.000050
4539, 0.000080, 0.000057, 0.000055
4540, 0.000081, 0.000052, 0.000054
4541, 0.000083, 0.000057, 0.000053
4542, 0.000079, 0.000047, 0.000046
4543, 0.000076, 0.000047, 0.000047
4544, 0.000077, 0.000053, 0.000051
4545, 0.000079, 0.000050, 0.000050
4546, 0.000079, 0.000049, 0.000048
4547, 0.000077, 0.000046, 0.000046
4548, 0.000075, 0.000046, 0.000046
4549, 0.000076, 0.000049, 0.000048
4550, 0.000075, 0.000049, 0.000048
4551, 0.000074, 0.000048, 0.000048
4552, 0.000076, 0.000051, 0.000050
4553, 0.000076, 0.000048, 0.000047
4554, 0.000076, 0.000047, 0.000047
4555, 0.000077, 0.000051, 0.000049
4556, 0.000077, 0.000047, 0.000047
4557, 0.000076, 0.000048, 0.000048
4558, 0.000075, 0.000048, 0.000047
4559, 0.000075, 0.000047, 0.000047
4560, 0.000075, 0.000050, 0.000049
4561, 0.000077, 0.000047, 0.000047
4562, 0.000075, 0.000049, 0.000048
4563, 0.000076, 0.000048, 0.000049
4564, 0.000076, 0.000046, 0.000046
4565, 0.000076, 0.000049, 0.000048
4566, 0.000076, 0.000048, 0.000048
4567, 0.000076, 0.000049, 0.000048
4568, 0.000076, 0.000051, 0.000050
4569, 0.000075, 0.000049, 0.000050
4570, 0.000077, 0.000054, 0.000052
4571, 0.000079, 0.000054, 0.000054
4572, 0.000082, 0.000059, 0.000058
4573, 0.000083, 0.000050, 0.000049
4574, 0.000077, 0.000049, 0.000048
4575, 0.000075, 0.000049, 0.000050
4576, 0.000077, 0.000050, 0.000050
4577, 0.000077, 0.000051, 0.000049
4578, 0.000077, 0.000049, 0.000050
4579, 0.000077, 0.000052, 0.000050
4580, 0.000077, 0.000048, 0.000047
4581, 0.000074, 0.000047, 0.000047
4582, 0.000075, 0.000050, 0.000048
4583, 0.000076, 0.000048, 0.000048
4584, 0.000077, 0.000050, 0.000049
4585, 0.000076, 0.000046, 0.000046
4586, 0.000074, 0.000047, 0.000047
4587, 0.000074, 0.000051, 0.000051
4588, 0.000076, 0.000049, 0.000049
4589, 0.000076, 0.000048, 0.000047
4590, 0.000075, 0.000051, 0.000051
4591, 0.000075, 0.000049, 0.000049
4592, 0.000075, 0.000052, 0.000051
4593, 0.000078, 0.000049, 0.000050
4594, 0.000077, 0.000048, 0.000048
4595, 0.000075, 0.000047, 0.000047
4596, 0.000073, 0.000047, 0.000047
4597, 0.000074, 0.000049, 0.000048
4598, 0.000075, 0.000049, 0.000049
4599, 0.000074, 0.000050, 0.000049
4600, 0.000074, 0.000048, 0.000047
4601, 0.000075, 0.000048, 0.000048
4602, 0.000075, 0.000050, 0.000050
4603, 0.000076, 0.000050, 0.000051
4604, 0.000078, 0.000057, 0.000056
4605, 0.000080, 0.000055, 0.000057
4606, 0.000081, 0.000056, 0.000054
4607, 0.000079, 0.000049, 0.000048
4608, 0.000074, 0.000047, 0.000048
4609, 0.000074, 0.000055, 0.000053
4610, 0.000078, 0.000057, 0.000058
4611, 0.000085, 0.000065, 0.000063
4612, 0.000089, 0.000060, 0.000061
4613, 0.000085, 0.000054, 0.000052
4614, 0.000076, 0.000050, 0.000050
4615, 0.000074, 0.000053, 0.000052
4616, 0.000077, 0.000056, 0.000054
4617, 0.000079, 0.000054, 0.000055
4618, 0.000081, 0.000052, 0.000051
4619, 0.000077, 0.000046, 0.000046
4620, 0.000072, 0.000047, 0.000048
4621, 0.000074, 0.000053, 0.000051
4622, 0.000076, 0.000051, 0.000051
4623, 0.000078, 0.000054, 0.000051
4624, 0.000077, 0.000048, 0.000048
4625, 0.000075, 0.000048, 0.000048
4626, 0.000073, 0.000049, 0.000049
4627, 0.000074, 0.000049, 0.000050
4628, 0.000075, 0.000053, 0.000052
4629, 0.000077, 0.000049, 0.000050
4630, 0.000077, 0.000052, 0.000050
4631, 0.000076, 0.000049, 0.000049
4632, 0.000074, 0.000048, 0.000047
4633, 0.000074, 0.000047, 0.000047
4634, 0.000073, 0.000047, 0.000047
4635, 0.000073, 0.000048, 0.000048
4636, 0.000073, 0.000048, 0.000048
4637, 0.000075, 0.000050, 0.000049
4638, 0.000074, 0.000049, 0.000050
4639, 0.000076, 0.000050, 0.000048
4640, 0.000074, 0.000048, 0.000047
4641, 0.000073, 0.000048, 0.000048
4642, 0.000073, 0.000050, 0.000048
4643, 0.000074, 0.000051, 0.000050
4644, 0.000074, 0.000049, 0.000049
4645, 0.000075, 0.000047, 0.000048
4646, 0.000074, 0.000050, 0.000049
4647, 0.000075, 0.000047, 0.000047
4648, 0.000074, 0.000047, 0.000046
4649, 0.000072, 0.000050, 0.000049
4650, 0.000072, 0.000048, 0.000048
4651, 0.000074, 0.000051, 0.000049
4652, 0.000073, 0.000050, 0.000050
4653, 0.000074, 0.000052, 0.000051
4654, 0.000075, 0.000048, 0.000048
4655, 0.000076, 0.000048, 0.000047
4656, 0.000073, 0.000046, 0.000046
4657, 0.000073, 0.000048, 0.000047
4658, 0.000071, 0.000048, 0.000048
4659, 0.000072, 0.000049, 0.000048
4660, 0.000072, 0.000049, 0.000048
4661, 0.000072, 0.000048, 0.000046
4662, 0.000073, 0.000046, 0.000045
4663, 0.000072, 0.000046, 0.000046
4664, 0.000072, 0.000049, 0.000048
4665, 0.000073, 0.000048, 0.000048
4666, 0.000072, 0.000048, 0.000048
4667, 0.000072, 0.000049, 0.000048
4668, 0.000072, 0.000048, 0.000047
4669, 0.000072, 0.000048, 0.000047
4670, 0.000071, 0.000049, 0.000048
4671, 0.000072, 0.000049, 0.000049
4672, 0.000073, 0.000049, 0.000049
4673, 0.000072, 0.000046, 0.000047
4674, 0.000073, 0.000046, 0.000046
4675, 0.000072, 0.000047, 0.000047
4676, 0.000072, 0.000046, 0.000047
4677, 0.000071, 0.000049, 0.000048
4678, 0.000073, 0.000047, 0.000048
